t (s),Raw RPM,Filtered RPM,Revolutions,Torque,Power (W),N_Re,N_Po
0.0,0.0,0.0,0,0.0,0.0,0.0,0.0
0.01,0.0,0.0,0,0.0,0.0,0.0,0.0
0.02,0.0,0.0,0,0.0,0.0,0.0,0.0
0.03,0.0,0.0,0,0.0,0.0,0.0,0.0
0.04,0.0,0.0,0,0.0,0.0,0.0,0.0
0.05,0.0,0.0,0,0.0,0.0,0.0,0.0
0.06,0.0,0.0,0,0.0,0.0,0.0,0.0
0.07,0.0,0.0,0,0.0,0.0,0.0,0.0
0.08,0.0,0.0,0,0.0,0.0,0.0,0.0
0.09,0.0,0.0,0,0.0,0.0,0.0,0.0
0.1,0.0,0.0,0,0.0,0.0,0.0,0.0
0.11,0.0,0.0,0,0.0,0.0,0.0,0.0
0.12,0.0,0.0,0,0.0,0.0,0.0,0.0
0.13,0.0,0.0,0,0.0,0.0,0.0,0.0
0.14,0.0,0.0,0,0.0,0.0,0.0,0.0
0.15,0.0,0.0,0,0.0,0.0,0.0,0.0
0.16,0.0,0.0,0,0.0,0.0,0.0,0.0
0.17,0.0,0.0,0,0.0,0.0,0.0,0.0
0.18,0.0,0.0,0,0.0,0.0,0.0,0.0
0.19,0.0,0.0,0,0.0,0.0,0.0,0.0
0.2,0.0,0.0,0,0.0,0.0,0.0,0.0
0.21,0.0,0.0,0,0.0,0.0,0.0,0.0
0.22,0.0,0.0,0,0.0,0.0,0.0,0.0
0.23,0.0,0.0,0,0.0,0.0,0.0,0.0
0.24,0.0,0.0,0,0.0,0.0,0.0,0.0
0.25,0.0,0.0,0,0.0,0.0,0.0,0.0
0.26,0.0,0.0,0,0.0,0.0,0.0,0.0
0.27,0.0,0.0,0,0.0,0.0,0.0,0.0
0.28,0.0,0.0,0,0.0,0.0,0.0,0.0
0.29,0.0,0.0,0,0.0,0.0,0.0,0.0
0.3,0.0,0.0,0,0.0,0.0,0.0,0.0
0.31,0.0,0.0,0,0.0,0.0,0.0,0.0
0.32,0.0,0.0,0,0.0,0.0,0.0,0.0
0.33,0.0,0.0,0,0.0,0.0,0.0,0.0
0.34,0.0,0.0,0,0.0,0.0,0.0,0.0
0.35000000000000003,0.0,0.0,0,0.0,0.0,0.0,0.0
0.36,0.0,0.0,0,0.0,0.0,0.0,0.0
0.37,0.0,0.0,0,0.0,0.0,0.0,0.0
0.38,0.0,0.0,0,0.0,0.0,0.0,0.0
0.39,0.0,0.0,0,0.0,0.0,0.0,0.0
0.4,0.0,0.0,0,0.0,0.0,0.0,0.0
0.41000000000000003,0.0,0.0,0,0.0,0.0,0.0,0.0
0.42,0.0,0.0,0,0.0,0.0,0.0,0.0
0.43,0.0,0.0,0,0.0,0.0,0.0,0.0
0.44,0.0,0.0,0,0.0,0.0,0.0,0.0
0.45,0.0,0.0,0,0.0,0.0,0.0,0.0
0.46,0.0,0.0,0,0.0,0.0,0.0,0.0
0.47000000000000003,0.0,0.0,0,0.0,0.0,0.0,0.0
0.48,0.0,0.0,0,0.0,0.0,0.0,0.0
0.49,0.0,0.0,0,0.0,0.0,0.0,0.0
0.5,0.0,0.0,0,0.0,0.0,0.0,0.0
0.51,0.0,0.0,0,0.0,0.0,0.0,0.0
0.52,0.0,0.0,0,0.0,0.0,0.0,0.0
0.53,0.0,0.0,0,0.0,0.0,0.0,0.0
0.54,0.0,0.0,0,0.0,0.0,0.0,0.0
0.55,0.0,0.0,0,0.0,0.0,0.0,0.0
0.56,0.0,0.0,0,0.0,0.0,0.0,0.0
0.5700000000000001,0.0,0.0,0,0.0,0.0,0.0,0.0
0.58,0.0,0.0,0,0.0,0.0,0.0,0.0
0.59,0.0,0.0,0,0.0,0.0,0.0,0.0
0.6,0.0,0.0,0,0.0,0.0,0.0,0.0
0.61,0.0,0.0,0,0.0,0.0,0.0,0.0
0.62,0.0,0.0,0,0.0,0.0,0.0,0.0
0.63,0.0,0.0,0,0.0,0.0,0.0,0.0
0.64,0.0,0.0,0,0.0,0.0,0.0,0.0
0.65,0.0,0.0,0,0.0,0.0,0.0,0.0
0.66,0.0,0.0,0,0.0,0.0,0.0,0.0
0.67,0.0,0.0,0,0.0,0.0,0.0,0.0
0.68,0.0,0.0,0,0.0,0.0,0.0,0.0
0.6900000000000001,0.0,0.0,0,0.0,0.0,0.0,0.0
0.7000000000000001,0.0,0.0,0,0.0,0.0,0.0,0.0
0.71,0.0,0.0,0,0.0,0.0,0.0,0.0
0.72,0.0,0.0,0,0.0,0.0,0.0,0.0
0.73,0.0,0.0,0,0.0,0.0,0.0,0.0
0.74,0.0,0.0,0,0.0,0.0,0.0,0.0
0.75,0.0,0.0,0,0.0,0.0,0.0,0.0
0.76,0.0,0.0,0,0.0,0.0,0.0,0.0
0.77,0.0,0.0,0,0.0,0.0,0.0,0.0
0.78,0.0,0.0,0,0.0,0.0,0.0,0.0
0.79,0.0,0.0,0,0.0,0.0,0.0,0.0
0.8,0.0,0.0,0,0.0,0.0,0.0,0.0
0.81,0.0,0.0,0,0.0,0.0,0.0,0.0
0.8200000000000001,0.0,0.0,0,0.0,0.0,0.0,0.0
0.8300000000000001,0.0,0.0,0,0.0,0.0,0.0,0.0
0.84,0.0,0.0,0,0.0,0.0,0.0,0.0
0.85,0.0,0.0,0,0.0,0.0,0.0,0.0
0.86,0.0,0.0,0,0.0,0.0,0.0,0.0
0.87,0.0,0.0,0,0.0,0.0,0.0,0.0
0.88,0.0,0.0,0,0.0,0.0,0.0,0.0
0.89,0.0,0.0,0,0.0,0.0,0.0,0.0
0.9,0.0,0.0,0,0.0,0.0,0.0,0.0
0.91,0.0,0.0,0,0.0,0.0,0.0,0.0
0.92,0.0,0.0,0,0.0,0.0,0.0,0.0
0.93,0.0,0.0,0,0.0,0.0,0.0,0.0
0.9400000000000001,0.0,0.0,0,0.0,0.0,0.0,0.0
0.9500000000000001,0.0,0.0,0,0.0,0.0,0.0,0.0
0.96,0.0,0.0,0,0.0,0.0,0.0,0.0
0.97,0.0,0.0,0,0.0,0.0,0.0,0.0
0.98,0.0,0.0,0,0.0,0.0,0.0,0.0
0.99,0.0,0.0,0,0.0,0.0,0.0,0.0
1.0,0.0,0.0,0,0.0,0.0,0.0,0.0
1.01,0.0,0.0,0,0.0,0.0,0.0,0.0
1.02,0.0,0.0,0,0.0,0.0,0.0,0.0
1.03,0.0,0.0,0,0.0,0.0,0.0,0.0
1.04,0.0,0.0,0,0.0,0.0,0.0,0.0
1.05,0.0,0.0,0,0.0,0.0,0.0,0.0
1.06,0.0,0.0,0,0.0,0.0,0.0,0.0
1.07,0.0,0.0,0,0.0,0.0,0.0,0.0
1.08,0.0,0.0,0,0.0,0.0,0.0,0.0
1.09,0.0,0.0,0,0.0,0.0,0.0,0.0
1.1,0.0,0.0,0,0.0,0.0,0.0,0.0
1.11,0.0,0.0,0,0.0,0.0,0.0,0.0
1.12,0.0,0.0,0,0.0,0.0,0.0,0.0
1.1300000000000001,0.0,0.0,0,0.0,0.0,0.0,0.0
1.1400000000000001,0.0,0.0,0,0.0,0.0,0.0,0.0
1.1500000000000001,0.0,0.0,0,0.0,0.0,0.0,0.0
1.16,0.0,0.0,0,0.0,0.0,0.0,0.0
1.17,0.0,0.0,0,0.0,0.0,0.0,0.0
1.18,0.0,0.0,0,0.0,0.0,0.0,0.0
1.19,0.0,0.0,0,0.0,0.0,0.0,0.0
1.2,0.0,0.0,0,0.0,0.0,0.0,0.0
1.21,0.0,0.0,0,0.0,0.0,0.0,0.0
1.22,0.0,0.0,0,0.0,0.0,0.0,0.0
1.23,0.0,0.0,0,0.0,0.0,0.0,0.0
1.24,0.0,0.0,0,0.0,0.0,0.0,0.0
1.25,0.0,0.0,0,0.0,0.0,0.0,0.0
1.26,0.0,0.0,0,0.0,0.0,0.0,0.0
1.27,0.0,0.0,0,0.0,0.0,0.0,0.0
1.28,0.0,0.0,0,0.0,0.0,0.0,0.0
1.29,0.0,0.0,0,0.0,0.0,0.0,0.0
1.3,0.0,0.0,0,0.0,0.0,0.0,0.0
1.31,0.0,0.0,0,0.0,0.0,0.0,0.0
1.32,0.0,0.0,0,0.0,0.0,0.0,0.0
1.33,0.0,0.0,0,0.0,0.0,0.0,0.0
1.34,0.0,0.0,0,0.0,0.0,0.0,0.0
1.35,0.0,0.0,0,0.0,0.0,0.0,0.0
1.36,0.0,0.0,0,0.0,0.0,0.0,0.0
1.37,0.0,0.0,0,0.0,0.0,0.0,0.0
1.3800000000000001,0.0,0.0,0,0.0,0.0,0.0,0.0
1.3900000000000001,0.0,0.0,0,0.0,0.0,0.0,0.0
1.4000000000000001,0.0,0.0,0,0.0,0.0,0.0,0.0
1.41,0.0,0.0,0,0.0,0.0,0.0,0.0
1.42,0.0,0.0,0,0.0,0.0,0.0,0.0
1.43,0.0,0.0,0,0.0,0.0,0.0,0.0
1.44,0.0,0.0,0,0.0,0.0,0.0,0.0
1.45,0.0,0.0,0,0.0,0.0,0.0,0.0
1.46,0.0,0.0,0,0.0,0.0,0.0,0.0
1.47,0.0,0.0,0,0.0,0.0,0.0,0.0
1.48,0.0,0.0,0,0.0,0.0,0.0,0.0
1.49,0.0,0.0,0,0.0,0.0,0.0,0.0
1.5,0.0,0.0,0,0.0,0.0,0.0,0.0
1.51,0.0,0.0,0,0.0,0.0,0.0,0.0
1.52,0.0,0.0,0,0.0,0.0,0.0,0.0
1.53,0.0,0.0,0,0.0,0.0,0.0,0.0
1.54,0.0,0.0,0,0.0,0.0,0.0,0.0
1.55,0.0,0.0,0,0.0,0.0,0.0,0.0
1.56,0.0,0.0,0,0.0,0.0,0.0,0.0
1.57,0.0,0.0,0,0.0,0.0,0.0,0.0
1.58,0.0,0.0,0,0.0,0.0,0.0,0.0
1.59,0.0,0.0,0,0.0,0.0,0.0,0.0
1.6,0.0,0.0,0,0.0,0.0,0.0,0.0
1.61,0.0,0.0,0,0.0,0.0,0.0,0.0
1.62,0.0,0.0,0,0.0,0.0,0.0,0.0
1.6300000000000001,0.0,0.0,0,0.0,0.0,0.0,0.0
1.6400000000000001,0.0,0.0,0,0.0,0.0,0.0,0.0
1.6500000000000001,0.0,0.0,0,0.0,0.0,0.0,0.0
1.6600000000000001,0.0,0.0,0,0.0,0.0,0.0,0.0
1.67,0.0,0.0,0,0.0,0.0,0.0,0.0
1.68,0.0,0.0,0,0.0,0.0,0.0,0.0
1.69,0.0,0.0,0,0.0,0.0,0.0,0.0
1.7,0.0,0.0,0,0.0,0.0,0.0,0.0
1.71,0.0,0.0,0,0.0,0.0,0.0,0.0
1.72,0.0,0.0,0,0.0,0.0,0.0,0.0
1.73,0.0,0.0,0,0.0,0.0,0.0,0.0
1.74,0.0,0.0,0,0.0,0.0,0.0,0.0
1.75,0.0,0.0,0,0.0,0.0,0.0,0.0
1.76,0.0,0.0,0,0.0,0.0,0.0,0.0
1.77,0.0,0.0,0,0.0,0.0,0.0,0.0
1.78,0.0,0.0,0,0.0,0.0,0.0,0.0
1.79,0.0,0.0,0,0.0,0.0,0.0,0.0
1.8,0.0,0.0,0,0.0,0.0,0.0,0.0
1.81,0.0,0.0,0,0.0,0.0,0.0,0.0
1.82,0.0,0.0,0,0.0,0.0,0.0,0.0
1.83,0.0,0.0,0,0.0,0.0,0.0,0.0
1.84,0.0,0.0,0,0.0,0.0,0.0,0.0
1.85,0.0,0.0,0,0.0,0.0,0.0,0.0
1.86,0.0,0.0,0,0.0,0.0,0.0,0.0
1.87,0.0,0.0,0,0.0,0.0,0.0,0.0
1.8800000000000001,0.0,0.0,0,0.0,0.0,0.0,0.0
1.8900000000000001,0.0,0.0,0,0.0,0.0,0.0,0.0
1.9000000000000001,0.0,0.0,0,0.0,0.0,0.0,0.0
1.9100000000000001,0.0,0.0,0,0.0,0.0,0.0,0.0
1.92,0.0,0.0,0,0.0,0.0,0.0,0.0
1.93,0.0,0.0,0,0.0,0.0,0.0,0.0
1.94,0.0,0.0,0,0.0,0.0,0.0,0.0
1.95,0.0,0.0,0,0.0,0.0,0.0,0.0
1.96,0.0,0.0,0,0.0,0.0,0.0,0.0
1.97,0.0,0.0,0,0.0,0.0,0.0,0.0
1.98,0.0,0.0,0,0.0,0.0,0.0,0.0
1.99,0.0,0.0,0,0.0,0.0,0.0,0.0
2.0,0.0,0.0,0,0.0,0.0,0.0,0.0
2.0100000000000002,0.0,0.0,0,0.0,0.0,0.0,0.0
2.02,0.0,0.0,0,0.0,0.0,0.0,0.0
2.0300000000000002,0.0,0.0,0,0.0,0.0,0.0,0.0
2.04,0.0,0.0,0,0.0,0.0,0.0,0.0
2.05,0.0,0.0,0,0.0,0.0,0.0,0.0
2.06,0.0,0.0,0,0.0,0.0,0.0,0.0
2.07,0.0,0.0,0,0.0,0.0,0.0,0.0
2.08,0.0,0.0,0,0.0,0.0,0.0,0.0
2.09,0.0,0.0,0,0.0,0.0,0.0,0.0
2.1,0.0,0.0,0,0.0,0.0,0.0,0.0
2.11,0.0,0.0,0,0.0,0.0,0.0,0.0
2.12,0.0,0.0,0,0.0,0.0,0.0,0.0
2.13,0.0,0.0,0,0.0,0.0,0.0,0.0
2.14,0.0,0.0,0,0.0,0.0,0.0,0.0
2.15,0.0,0.0,0,0.0,0.0,0.0,0.0
2.16,0.0,0.0,0,0.0,0.0,0.0,0.0
2.17,0.0,0.0,0,0.0,0.0,0.0,0.0
2.18,0.0,0.0,0,0.0,0.0,0.0,0.0
2.19,0.0,0.0,0,0.0,0.0,0.0,0.0
2.2,0.0,0.0,0,0.0,0.0,0.0,0.0
2.21,0.0,0.0,0,0.0,0.0,0.0,0.0
2.22,0.0,0.0,0,0.0,0.0,0.0,0.0
2.23,0.0,0.0,0,0.0,0.0,0.0,0.0
2.24,0.0,0.0,0,0.0,0.0,0.0,0.0
2.25,0.0,0.0,0,0.0,0.0,0.0,0.0
2.2600000000000002,0.0,0.0,0,0.0,0.0,0.0,0.0
2.27,0.0,0.0,0,0.0,0.0,0.0,0.0
2.2800000000000002,0.0,0.0,0,0.0,0.0,0.0,0.0
2.29,0.0,0.0,0,0.0,0.0,0.0,0.0
2.3000000000000003,0.0,0.0,0,0.0,0.0,0.0,0.0
2.31,0.0,0.0,0,0.0,0.0,0.0,0.0
2.32,0.0,0.0,0,0.0,0.0,0.0,0.0
2.33,0.0,0.0,0,0.0,0.0,0.0,0.0
2.34,0.0,0.0,0,0.0,0.0,0.0,0.0
2.35,0.0,0.0,0,0.0,0.0,0.0,0.0
2.36,0.0,0.0,0,0.0,0.0,0.0,0.0
2.37,0.0,0.0,0,0.0,0.0,0.0,0.0
2.38,0.0,0.0,0,0.0,0.0,0.0,0.0
2.39,0.0,0.0,0,0.0,0.0,0.0,0.0
2.4,0.0,0.0,0,0.0,0.0,0.0,0.0
2.41,0.0,0.0,0,0.0,0.0,0.0,0.0
2.42,0.0,0.0,0,0.0,0.0,0.0,0.0
2.43,0.0,0.0,0,0.0,0.0,0.0,0.0
2.44,0.0,0.0,0,0.0,0.0,0.0,0.0
2.45,0.0,0.0,0,0.0,0.0,0.0,0.0
2.46,0.0,0.0,0,0.0,0.0,0.0,0.0
2.47,0.0,0.0,0,0.0,0.0,0.0,0.0
2.48,0.0,0.0,0,0.0,0.0,0.0,0.0
2.49,0.0,0.0,0,0.0,0.0,0.0,0.0
2.5,0.0,0.0,0,0.0,0.0,0.0,0.0
2.5100000000000002,0.0,0.0,0,0.0,0.0,0.0,0.0
2.52,0.0,0.0,0,0.0,0.0,0.0,0.0
2.5300000000000002,0.0,0.0,0,0.0,0.0,0.0,0.0
2.54,0.0,0.0,0,0.0,0.0,0.0,0.0
2.5500000000000003,0.0,0.0,0,0.0,0.0,0.0,0.0
2.56,0.0,0.0,0,0.0,0.0,0.0,0.0
2.57,0.0,0.0,0,0.0,0.0,0.0,0.0
2.58,0.0,0.0,0,0.0,0.0,0.0,0.0
2.59,0.0,0.0,0,0.0,0.0,0.0,0.0
2.6,0.0,0.0,0,0.0,0.0,0.0,0.0
2.61,0.0,0.0,0,0.0,0.0,0.0,0.0
2.62,0.0,0.0,0,0.0,0.0,0.0,0.0
2.63,0.0,0.0,0,0.0,0.0,0.0,0.0
2.64,0.0,0.0,0,0.0,0.0,0.0,0.0
2.65,0.0,0.0,0,0.0,0.0,0.0,0.0
2.66,0.0,0.0,0,0.0,0.0,0.0,0.0
2.67,0.0,0.0,0,0.0,0.0,0.0,0.0
2.68,0.0,0.0,0,0.0,0.0,0.0,0.0
2.69,0.0,0.0,0,0.0,0.0,0.0,0.0
2.7,0.0,0.0,0,0.0,0.0,0.0,0.0
2.71,0.0,0.0,0,0.0,0.0,0.0,0.0
2.72,0.0,0.0,0,0.0,0.0,0.0,0.0
2.73,0.0,0.0,0,0.0,0.0,0.0,0.0
2.74,0.0,0.0,0,0.0,0.0,0.0,0.0
2.75,0.0,0.0,0,0.0,0.0,0.0,0.0
2.7600000000000002,0.0,0.0,0,0.0,0.0,0.0,0.0
2.77,0.0,0.0,0,0.0,0.0,0.0,0.0
2.7800000000000002,0.0,0.0,0,0.0,0.0,0.0,0.0
2.79,0.0,0.0,0,0.0,0.0,0.0,0.0
2.8000000000000003,0.0,0.0,0,0.0,0.0,0.0,0.0
2.81,0.0,0.0,0,0.0,0.0,0.0,0.0
2.82,0.0,0.0,0,0.0,0.0,0.0,0.0
2.83,0.0,0.0,0,0.0,0.0,0.0,0.0
2.84,0.0,0.0,0,0.0,0.0,0.0,0.0
2.85,0.0,0.0,0,0.0,0.0,0.0,0.0
2.86,0.0,0.0,0,0.0,0.0,0.0,0.0
2.87,0.0,0.0,0,0.0,0.0,0.0,0.0
2.88,0.0,0.0,0,0.0,0.0,0.0,0.0
2.89,0.0,0.0,0,0.0,0.0,0.0,0.0
2.9,0.0,0.0,0,0.0,0.0,0.0,0.0
2.91,0.0,0.0,0,0.0,0.0,0.0,0.0
2.92,0.0,0.0,0,0.0,0.0,0.0,0.0
2.93,0.0,0.0,0,0.0,0.0,0.0,0.0
2.94,0.0,0.0,0,0.0,0.0,0.0,0.0
2.95,0.0,0.0,0,0.0,0.0,0.0,0.0
2.96,0.0,0.0,0,0.0,0.0,0.0,0.0
2.97,0.0,0.0,0,0.0,0.0,0.0,0.0
2.98,0.0,0.0,0,0.0,0.0,0.0,0.0
2.99,0.0,0.0,0,0.0,0.0,0.0,0.0
3.0,0.0,0.0,0,0.0,0.0,0.0,0.0
3.0100000000000002,0.0,0.0,0,0.0,0.0,0.0,0.0
3.02,0.0,0.0,0,0.0,0.0,0.0,0.0
3.0300000000000002,0.0,0.0,0,0.0,0.0,0.0,0.0
3.04,0.0,0.0,0,0.0,0.0,0.0,0.0
3.0500000000000003,0.0,0.0,0,0.0,0.0,0.0,0.0
3.06,0.0,0.0,0,0.0,0.0,0.0,0.0
3.0700000000000003,0.0,0.0,0,0.0,0.0,0.0,0.0
3.08,0.0,0.0,0,0.0,0.0,0.0,0.0
3.09,0.0,0.0,0,0.0,0.0,0.0,0.0
3.1,0.0,0.0,0,0.0,0.0,0.0,0.0
3.11,0.0,0.0,0,0.0,0.0,0.0,0.0
3.12,0.0,0.0,0,0.0,0.0,0.0,0.0
3.13,0.0,0.0,0,0.0,0.0,0.0,0.0
3.14,0.0,0.0,0,0.0,0.0,0.0,0.0
3.15,0.0,0.0,0,0.0,0.0,0.0,0.0
3.16,0.0,0.0,0,0.0,0.0,0.0,0.0
3.17,0.0,0.0,0,0.0,0.0,0.0,0.0
3.18,0.0,0.0,0,0.0,0.0,0.0,0.0
3.19,0.0,0.0,0,0.0,0.0,0.0,0.0
3.2,0.0,0.0,0,0.0,0.0,0.0,0.0
3.21,0.0,0.0,0,0.0,0.0,0.0,0.0
3.22,0.0,0.0,0,0.0,0.0,0.0,0.0
3.23,0.0,0.0,0,0.0,0.0,0.0,0.0
3.24,0.0,0.0,0,0.0,0.0,0.0,0.0
3.25,0.0,0.0,0,0.0,0.0,0.0,0.0
3.2600000000000002,0.0,0.0,0,0.0,0.0,0.0,0.0
3.27,0.0,0.0,0,0.0,0.0,0.0,0.0
3.2800000000000002,0.0,0.0,0,0.0,0.0,0.0,0.0
3.29,0.0,0.0,0,0.0,0.0,0.0,0.0
3.3000000000000003,0.0,0.0,0,0.0,0.0,0.0,0.0
3.31,0.0,0.0,0,0.0,0.0,0.0,0.0
3.3200000000000003,0.0,0.0,0,0.0,0.0,0.0,0.0
3.33,0.0,0.0,0,0.0,0.0,0.0,0.0
3.34,0.0,0.0,0,0.0,0.0,0.0,0.0
3.35,0.0,0.0,0,0.0,0.0,0.0,0.0
3.36,0.0,0.0,0,0.0,0.0,0.0,0.0
3.37,0.0,0.0,0,0.0,0.0,0.0,0.0
3.38,0.0,0.0,0,0.0,0.0,0.0,0.0
3.39,0.0,0.0,0,0.0,0.0,0.0,0.0
3.4,0.0,0.0,0,0.0,0.0,0.0,0.0
3.41,0.0,0.0,0,0.0,0.0,0.0,0.0
3.42,0.0,0.0,0,0.0,0.0,0.0,0.0
3.43,0.0,0.0,0,0.0,0.0,0.0,0.0
3.44,0.0,0.0,0,0.0,0.0,0.0,0.0
3.45,0.0,0.0,0,0.0,0.0,0.0,0.0
3.46,0.0,0.0,0,0.0,0.0,0.0,0.0
3.47,0.0,0.0,0,0.0,0.0,0.0,0.0
3.48,0.0,0.0,0,0.0,0.0,0.0,0.0
3.49,0.0,0.0,0,0.0,0.0,0.0,0.0
3.5,0.0,0.0,0,0.0,0.0,0.0,0.0
3.5100000000000002,0.0,0.0,0,0.0,0.0,0.0,0.0
3.52,0.0,0.0,0,0.0,0.0,0.0,0.0
3.5300000000000002,0.0,0.0,0,0.0,0.0,0.0,0.0
3.54,0.0,0.0,0,0.0,0.0,0.0,0.0
3.5500000000000003,0.0,0.0,0,0.0,0.0,0.0,0.0
3.56,0.0,0.0,0,0.0,0.0,0.0,0.0
3.5700000000000003,0.0,0.0,0,0.0,0.0,0.0,0.0
3.58,0.0,0.0,0,0.0,0.0,0.0,0.0
3.59,0.0,0.0,0,0.0,0.0,0.0,0.0
3.6,0.0,0.0,0,0.0,0.0,0.0,0.0
3.61,0.0,0.0,0,0.0,0.0,0.0,0.0
3.62,0.0,0.0,0,0.0,0.0,0.0,0.0
3.63,0.0,0.0,0,0.0,0.0,0.0,0.0
3.64,0.0,0.0,0,0.0,0.0,0.0,0.0
3.65,0.0,0.0,0,0.0,0.0,0.0,0.0
3.66,0.0,0.0,0,0.0,0.0,0.0,0.0
3.67,0.0,0.0,0,0.0,0.0,0.0,0.0
3.68,0.0,0.0,0,0.0,0.0,0.0,0.0
3.69,0.0,0.0,0,0.0,0.0,0.0,0.0
3.7,0.0,0.0,0,0.0,0.0,0.0,0.0
3.71,0.0,0.0,0,0.0,0.0,0.0,0.0
3.72,0.0,0.0,0,0.0,0.0,0.0,0.0
3.73,0.0,0.0,0,0.0,0.0,0.0,0.0
3.74,0.0,0.0,0,0.0,0.0,0.0,0.0
3.75,0.0,0.0,0,0.0,0.0,0.0,0.0
3.7600000000000002,0.0,0.0,0,0.0,0.0,0.0,0.0
3.77,0.0,0.0,0,0.0,0.0,0.0,0.0
3.7800000000000002,0.0,0.0,0,0.0,0.0,0.0,0.0
3.79,0.0,0.0,0,0.0,0.0,0.0,0.0
3.8000000000000003,0.0,0.0,0,0.0,0.0,0.0,0.0
3.81,0.0,0.0,0,0.0,0.0,0.0,0.0
3.8200000000000003,0.0,0.0,0,0.0,0.0,0.0,0.0
3.83,0.0,0.0,0,0.0,0.0,0.0,0.0
3.84,0.0,0.0,0,0.0,0.0,0.0,0.0
3.85,0.0,0.0,0,0.0,0.0,0.0,0.0
3.86,0.0,0.0,0,0.0,0.0,0.0,0.0
3.87,0.0,0.0,0,0.0,0.0,0.0,0.0
3.88,0.0,0.0,0,0.0,0.0,0.0,0.0
3.89,0.0,0.0,0,0.0,0.0,0.0,0.0
3.9,0.0,0.0,0,0.0,0.0,0.0,0.0
3.91,0.0,0.0,0,0.0,0.0,0.0,0.0
3.92,0.0,0.0,0,0.0,0.0,0.0,0.0
3.93,0.0,0.0,0,0.0,0.0,0.0,0.0
3.94,0.0,0.0,0,0.0,0.0,0.0,0.0
3.95,0.0,0.0,0,0.0,0.0,0.0,0.0
3.96,0.0,0.0,0,0.0,0.0,0.0,0.0
3.97,0.0,0.0,0,0.0,0.0,0.0,0.0
3.98,0.0,0.0,0,0.0,0.0,0.0,0.0
3.99,0.0,0.0,0,0.0,0.0,0.0,0.0
4.0,0.0,0.0,0,0.0,0.0,0.0,0.0
4.01,0.0,0.0,0,0.0,0.0,0.0,0.0
4.0200000000000005,0.0,0.0,0,0.0,0.0,0.0,0.0
4.03,0.0,0.0,0,0.0,0.0,0.0,0.0
4.04,0.0,0.0,0,0.0,0.0,0.0,0.0
4.05,0.0,0.0,0,0.0,0.0,0.0,0.0
4.0600000000000005,0.0,0.0,0,0.0,0.0,0.0,0.0
4.07,0.0,0.0,0,0.0,0.0,0.0,0.0
4.08,0.0,0.0,0,0.0,0.0,0.0,0.0
4.09,0.0,0.0,0,0.0,0.0,0.0,0.0
4.1,0.0,0.0,0,0.0,0.0,0.0,0.0
4.11,0.0,0.0,0,0.0,0.0,0.0,0.0
4.12,0.0,0.0,0,0.0,0.0,0.0,0.0
4.13,0.0,0.0,0,0.0,0.0,0.0,0.0
4.14,0.0,0.0,0,0.0,0.0,0.0,0.0
4.15,0.0,0.0,0,0.0,0.0,0.0,0.0
4.16,0.0,0.0,0,0.0,0.0,0.0,0.0
4.17,0.0,0.0,0,0.0,0.0,0.0,0.0
4.18,0.0,0.0,0,0.0,0.0,0.0,0.0
4.19,0.0,0.0,0,0.0,0.0,0.0,0.0
4.2,0.0,0.0,0,0.0,0.0,0.0,0.0
4.21,0.0,0.0,0,0.0,0.0,0.0,0.0
4.22,0.0,0.0,0,0.0,0.0,0.0,0.0
4.23,0.0,0.0,0,0.0,0.0,0.0,0.0
4.24,0.0,0.0,0,0.0,0.0,0.0,0.0
4.25,0.0,0.0,0,0.0,0.0,0.0,0.0
4.26,0.0,0.0,0,0.0,0.0,0.0,0.0
4.2700000000000005,0.0,0.0,0,0.0,0.0,0.0,0.0
4.28,0.0,0.0,0,0.0,0.0,0.0,0.0
4.29,0.0,0.0,0,0.0,0.0,0.0,0.0
4.3,0.0,0.0,0,0.0,0.0,0.0,0.0
4.3100000000000005,0.0,0.0,0,0.0,0.0,0.0,0.0
4.32,0.0,0.0,0,0.0,0.0,0.0,0.0
4.33,0.0,0.0,0,0.0,0.0,0.0,0.0
4.34,0.0,0.0,0,0.0,0.0,0.0,0.0
4.3500000000000005,0.0,0.0,0,0.0,0.0,0.0,0.0
4.36,0.0,0.0,0,0.0,0.0,0.0,0.0
4.37,0.0,0.0,0,0.0,0.0,0.0,0.0
4.38,0.0,0.0,0,0.0,0.0,0.0,0.0
4.39,0.0,0.0,0,0.0,0.0,0.0,0.0
4.4,0.0,0.0,0,0.0,0.0,0.0,0.0
4.41,0.0,0.0,0,0.0,0.0,0.0,0.0
4.42,0.0,0.0,0,0.0,0.0,0.0,0.0
4.43,0.0,0.0,0,0.0,0.0,0.0,0.0
4.44,0.0,0.0,0,0.0,0.0,0.0,0.0
4.45,0.0,0.0,0,0.0,0.0,0.0,0.0
4.46,0.0,0.0,0,0.0,0.0,0.0,0.0
4.47,0.0,0.0,0,0.0,0.0,0.0,0.0
4.48,0.0,0.0,0,0.0,0.0,0.0,0.0
4.49,0.0,0.0,0,0.0,0.0,0.0,0.0
4.5,0.0,0.0,0,0.0,0.0,0.0,0.0
4.51,0.0,0.0,0,0.0,0.0,0.0,0.0
4.5200000000000005,0.0,0.0,0,0.0,0.0,0.0,0.0
4.53,0.0,0.0,0,0.0,0.0,0.0,0.0
4.54,0.0,0.0,0,0.0,0.0,0.0,0.0
4.55,0.0,0.0,0,0.0,0.0,0.0,0.0
4.5600000000000005,0.0,0.0,0,0.0,0.0,0.0,0.0
4.57,0.0,0.0,0,0.0,0.0,0.0,0.0
4.58,0.0,0.0,0,0.0,0.0,0.0,0.0
4.59,0.0,0.0,0,0.0,0.0,0.0,0.0
4.6000000000000005,0.0,0.0,0,0.0,0.0,0.0,0.0
4.61,0.0,0.0,0,0.0,0.0,0.0,0.0
4.62,0.0,0.0,0,0.0,0.0,0.0,0.0
4.63,0.0,0.0,0,0.0,0.0,0.0,0.0
4.64,0.0,0.0,0,0.0,0.0,0.0,0.0
4.65,0.0,0.0,0,0.0,0.0,0.0,0.0
4.66,0.0,0.0,0,0.0,0.0,0.0,0.0
4.67,0.0,0.0,0,0.0,0.0,0.0,0.0
4.68,0.0,0.0,0,0.0,0.0,0.0,0.0
4.69,0.0,0.0,0,0.0,0.0,0.0,0.0
4.7,0.0,0.0,0,0.0,0.0,0.0,0.0
4.71,0.0,0.0,0,0.0,0.0,0.0,0.0
4.72,0.0,0.0,0,0.0,0.0,0.0,0.0
4.73,0.0,0.0,0,0.0,0.0,0.0,0.0
4.74,0.0,0.0,0,0.0,0.0,0.0,0.0
4.75,0.0,0.0,0,0.0,0.0,0.0,0.0
4.76,0.0,0.0,0,0.0,0.0,0.0,0.0
4.7700000000000005,0.0,0.0,0,0.0,0.0,0.0,0.0
4.78,0.0,0.0,0,0.0,0.0,0.0,0.0
4.79,0.0,0.0,0,0.0,0.0,0.0,0.0
4.8,0.0,0.0,0,0.0,0.0,0.0,0.0
4.8100000000000005,0.0,0.0,0,0.0,0.0,0.0,0.0
4.82,0.0,0.0,0,0.0,0.0,0.0,0.0
4.83,0.0,0.0,0,0.0,0.0,0.0,0.0
4.84,0.0,0.0,0,0.0,0.0,0.0,0.0
4.8500000000000005,0.0,0.0,0,0.0,0.0,0.0,0.0
4.86,0.0,0.0,0,0.0,0.0,0.0,0.0
4.87,0.0,0.0,0,0.0,0.0,0.0,0.0
4.88,0.0,0.0,0,0.0,0.0,0.0,0.0
4.89,0.0,0.0,0,0.0,0.0,0.0,0.0
4.9,0.0,0.0,0,0.0,0.0,0.0,0.0
4.91,0.0,0.0,0,0.0,0.0,0.0,0.0
4.92,0.0,0.0,0,0.0,0.0,0.0,0.0
4.93,0.0,0.0,0,0.0,0.0,0.0,0.0
4.94,0.0,0.0,0,0.0,0.0,0.0,0.0
4.95,0.0,0.0,0,0.0,0.0,0.0,0.0
4.96,0.0,0.0,0,0.0,0.0,0.0,0.0
4.97,0.0,0.0,0,0.0,0.0,0.0,0.0
4.98,0.0,0.0,0,0.0,0.0,0.0,0.0
4.99,0.0,0.0,0,0.0,0.0,0.0,0.0
5.0,0.0,0.0,0,0.0,0.0,0.0,0.0
5.01,0.0,0.0,0,0.0,0.0,0.0,0.0
5.0200000000000005,0.0,0.0,0,0.0,0.0,0.0,0.0
5.03,0.0,0.0,0,0.0,0.0,0.0,0.0
5.04,0.0,0.0,0,0.0,0.0,0.0,0.0
5.05,0.0,0.0,0,0.0,0.0,0.0,0.0
5.0600000000000005,0.0,0.0,0,0.0,0.0,0.0,0.0
5.07,0.0,0.0,0,0.0,0.0,0.0,0.0
5.08,0.0,0.0,0,0.0,0.0,0.0,0.0
5.09,0.0,0.0,0,0.0,0.0,0.0,0.0
5.1000000000000005,0.0,0.0,0,0.0,0.0,0.0,0.0
5.11,0.0,0.0,0,0.0,0.0,0.0,0.0
5.12,0.0,0.0,0,0.0,0.0,0.0,0.0
5.13,0.0,0.0,0,0.0,0.0,0.0,0.0
5.14,0.0,0.0,0,0.0,0.0,0.0,0.0
5.15,0.0,0.0,0,0.0,0.0,0.0,0.0
5.16,0.0,0.0,0,0.0,0.0,0.0,0.0
5.17,0.0,0.0,0,0.0,0.0,0.0,0.0
5.18,0.0,0.0,0,0.0,0.0,0.0,0.0
5.19,0.0,0.0,0,0.0,0.0,0.0,0.0
5.2,0.0,0.0,0,0.0,0.0,0.0,0.0
5.21,0.0,0.0,0,0.0,0.0,0.0,0.0
5.22,0.0,0.0,0,0.0,0.0,0.0,0.0
5.23,0.0,0.0,0,0.0,0.0,0.0,0.0
5.24,0.0,0.0,0,0.0,0.0,0.0,0.0
5.25,0.0,0.0,0,0.0,0.0,0.0,0.0
5.26,0.0,0.0,0,0.0,0.0,0.0,0.0
5.2700000000000005,0.0,0.0,0,0.0,0.0,0.0,0.0
5.28,0.0,0.0,0,0.0,0.0,0.0,0.0
5.29,0.0,0.0,0,0.0,0.0,0.0,0.0
5.3,0.0,0.0,0,0.0,0.0,0.0,0.0
5.3100000000000005,0.0,0.0,0,0.0,0.0,0.0,0.0
5.32,0.0,0.0,0,0.0,0.0,0.0,0.0
5.33,0.0,0.0,0,0.0,0.0,0.0,0.0
5.34,0.0,0.0,0,0.0,0.0,0.0,0.0
5.3500000000000005,0.0,0.0,0,0.0,0.0,0.0,0.0
5.36,0.0,0.0,0,0.0,0.0,0.0,0.0
5.37,0.0,0.0,0,0.0,0.0,0.0,0.0
5.38,0.0,0.0,0,0.0,0.0,0.0,0.0
5.39,0.0,0.0,0,0.0,0.0,0.0,0.0
5.4,0.0,0.0,0,0.0,0.0,0.0,0.0
5.41,0.0,0.0,0,0.0,0.0,0.0,0.0
5.42,0.0,0.0,0,0.0,0.0,0.0,0.0
5.43,0.0,0.0,0,0.0,0.0,0.0,0.0
5.44,0.0,0.0,0,0.0,0.0,0.0,0.0
5.45,0.0,0.0,0,0.0,0.0,0.0,0.0
5.46,0.0,0.0,0,0.0,0.0,0.0,0.0
5.47,0.0,0.0,0,0.0,0.0,0.0,0.0
5.48,0.0,0.0,0,0.0,0.0,0.0,0.0
5.49,0.0,0.0,0,0.0,0.0,0.0,0.0
5.5,0.0,0.0,0,0.0,0.0,0.0,0.0
5.51,0.0,0.0,0,0.0,0.0,0.0,0.0
5.5200000000000005,0.0,0.0,0,0.0,0.0,0.0,0.0
5.53,0.0,0.0,0,0.0,0.0,0.0,0.0
5.54,0.0,0.0,0,0.0,0.0,0.0,0.0
5.55,0.0,0.0,0,0.0,0.0,0.0,0.0
5.5600000000000005,0.0,0.0,0,0.0,0.0,0.0,0.0
5.57,0.0,0.0,0,0.0,0.0,0.0,0.0
5.58,0.0,0.0,0,0.0,0.0,0.0,0.0
5.59,0.0,0.0,0,0.0,0.0,0.0,0.0
5.6000000000000005,0.0,0.0,0,0.0,0.0,0.0,0.0
5.61,0.0,0.0,0,0.0,0.0,0.0,0.0
5.62,0.0,0.0,0,0.0,0.0,0.0,0.0
5.63,0.0,0.0,0,0.0,0.0,0.0,0.0
5.64,0.0,0.0,0,0.0,0.0,0.0,0.0
5.65,0.0,0.0,0,0.0,0.0,0.0,0.0
5.66,0.0,0.0,0,0.0,0.0,0.0,0.0
5.67,0.0,0.0,0,0.0,0.0,0.0,0.0
5.68,0.0,0.0,0,0.0,0.0,0.0,0.0
5.69,0.0,0.0,0,0.0,0.0,0.0,0.0
5.7,0.0,0.0,0,0.0,0.0,0.0,0.0
5.71,0.0,0.0,0,0.0,0.0,0.0,0.0
5.72,0.0,0.0,0,0.0,0.0,0.0,0.0
5.73,0.0,0.0,0,0.0,0.0,0.0,0.0
5.74,0.0,0.0,0,0.0,0.0,0.0,0.0
5.75,0.0,0.0,0,0.0,0.0,0.0,0.0
5.76,0.0,0.0,0,0.0,0.0,0.0,0.0
5.7700000000000005,0.0,0.0,0,0.0,0.0,0.0,0.0
5.78,0.0,0.0,0,0.0,0.0,0.0,0.0
5.79,0.0,0.0,0,0.0,0.0,0.0,0.0
5.8,0.0,0.0,0,0.0,0.0,0.0,0.0
5.8100000000000005,0.0,0.0,0,0.0,0.0,0.0,0.0
5.82,0.0,0.0,0,0.0,0.0,0.0,0.0
5.83,0.0,0.0,0,0.0,0.0,0.0,0.0
5.84,0.0,0.0,0,0.0,0.0,0.0,0.0
5.8500000000000005,0.0,0.0,0,0.0,0.0,0.0,0.0
5.86,0.0,0.0,0,0.0,0.0,0.0,0.0
5.87,0.0,0.0,0,0.0,0.0,0.0,0.0
5.88,0.0,0.0,0,0.0,0.0,0.0,0.0
5.89,0.0,0.0,0,0.0,0.0,0.0,0.0
5.9,0.0,0.0,0,0.0,0.0,0.0,0.0
5.91,0.0,0.0,0,0.0,0.0,0.0,0.0
5.92,0.0,0.0,0,0.0,0.0,0.0,0.0
5.93,0.0,0.0,0,0.0,0.0,0.0,0.0
5.94,0.0,0.0,0,0.0,0.0,0.0,0.0
5.95,0.0,0.0,0,0.0,0.0,0.0,0.0
5.96,0.0,0.0,0,0.0,0.0,0.0,0.0
5.97,0.0,0.0,0,0.0,0.0,0.0,0.0
5.98,0.0,0.0,0,0.0,0.0,0.0,0.0
5.99,0.0,0.0,0,0.0,0.0,0.0,0.0
6.0,0.0,0.0,0,0.0,0.0,0.0,0.0
6.01,0.0,0.0,0,0.0,0.0,0.0,0.0
6.0200000000000005,0.0,0.0,0,0.0,0.0,0.0,0.0
6.03,0.0,0.0,0,0.0,0.0,0.0,0.0
6.04,0.0,0.0,0,0.0,0.0,0.0,0.0
6.05,0.0,0.0,0,0.0,0.0,0.0,0.0
6.0600000000000005,0.0,0.0,0,0.0,0.0,0.0,0.0
6.07,0.0,0.0,0,0.0,0.0,0.0,0.0
6.08,0.0,0.0,0,0.0,0.0,0.0,0.0
6.09,0.0,0.0,0,0.0,0.0,0.0,0.0
6.1000000000000005,0.0,0.0,0,0.0,0.0,0.0,0.0
6.11,0.0,0.0,0,0.0,0.0,0.0,0.0
6.12,0.0,0.0,0,0.0,0.0,0.0,0.0
6.13,0.0,0.0,0,0.0,0.0,0.0,0.0
6.140000000000001,0.0,0.0,0,0.0,0.0,0.0,0.0
6.15,0.0,0.0,0,0.0,0.0,0.0,0.0
6.16,0.0,0.0,0,0.0,0.0,0.0,0.0
6.17,0.0,0.0,0,0.0,0.0,0.0,0.0
6.18,0.0,0.0,0,0.0,0.0,0.0,0.0
6.19,0.0,0.0,0,0.0,0.0,0.0,0.0
6.2,0.0,0.0,0,0.0,0.0,0.0,0.0
6.21,0.0,0.0,0,0.0,0.0,0.0,0.0
6.22,0.0,0.0,0,0.0,0.0,0.0,0.0
6.23,0.0,0.0,0,0.0,0.0,0.0,0.0
6.24,0.0,0.0,0,0.0,0.0,0.0,0.0
6.25,0.0,0.0,0,0.0,0.0,0.0,0.0
6.26,0.0,0.0,0,0.0,0.0,0.0,0.0
6.2700000000000005,0.0,0.0,0,0.0,0.0,0.0,0.0
6.28,0.0,0.0,0,0.0,0.0,0.0,0.0
6.29,0.0,0.0,0,0.0,0.0,0.0,0.0
6.3,0.0,0.0,0,0.0,0.0,0.0,0.0
6.3100000000000005,0.0,0.0,0,0.0,0.0,0.0,0.0
6.32,0.0,0.0,0,0.0,0.0,0.0,0.0
6.33,0.0,0.0,0,0.0,0.0,0.0,0.0
6.34,0.0,0.0,0,0.0,0.0,0.0,0.0
6.3500000000000005,0.0,0.0,0,0.0,0.0,0.0,0.0
6.36,0.0,0.0,0,0.0,0.0,0.0,0.0
6.37,0.0,0.0,0,0.0,0.0,0.0,0.0
6.38,0.0,0.0,0,0.0,0.0,0.0,0.0
6.390000000000001,0.0,0.0,0,0.0,0.0,0.0,0.0
6.4,0.0,0.0,0,0.0,0.0,0.0,0.0
6.41,0.0,0.0,0,0.0,0.0,0.0,0.0
6.42,0.0,0.0,0,0.0,0.0,0.0,0.0
6.43,0.0,0.0,0,0.0,0.0,0.0,0.0
6.44,0.0,0.0,0,0.0,0.0,0.0,0.0
6.45,0.0,0.0,0,0.0,0.0,0.0,0.0
6.46,0.0,0.0,0,0.0,0.0,0.0,0.0
6.47,0.0,0.0,0,0.0,0.0,0.0,0.0
6.48,0.0,0.0,0,0.0,0.0,0.0,0.0
6.49,0.0,0.0,0,0.0,0.0,0.0,0.0
6.5,0.0,0.0,0,0.0,0.0,0.0,0.0
6.51,0.0,0.0,0,0.0,0.0,0.0,0.0
6.5200000000000005,0.0,0.0,0,0.0,0.0,0.0,0.0
6.53,0.0,0.0,0,0.0,0.0,0.0,0.0
6.54,0.0,0.0,0,0.0,0.0,0.0,0.0
6.55,0.0,0.0,0,0.0,0.0,0.0,0.0
6.5600000000000005,0.0,0.0,0,0.0,0.0,0.0,0.0
6.57,0.0,0.0,0,0.0,0.0,0.0,0.0
6.58,0.0,0.0,0,0.0,0.0,0.0,0.0
6.59,0.0,0.0,0,0.0,0.0,0.0,0.0
6.6000000000000005,0.0,0.0,0,0.0,0.0,0.0,0.0
6.61,0.0,0.0,0,0.0,0.0,0.0,0.0
6.62,0.0,0.0,0,0.0,0.0,0.0,0.0
6.63,0.0,0.0,0,0.0,0.0,0.0,0.0
6.640000000000001,0.0,0.0,0,0.0,0.0,0.0,0.0
6.65,0.0,0.0,0,0.0,0.0,0.0,0.0
6.66,0.0,0.0,0,0.0,0.0,0.0,0.0
6.67,0.0,0.0,0,0.0,0.0,0.0,0.0
6.68,0.0,0.0,0,0.0,0.0,0.0,0.0
6.69,0.0,0.0,0,0.0,0.0,0.0,0.0
6.7,0.0,0.0,0,0.0,0.0,0.0,0.0
6.71,0.0,0.0,0,0.0,0.0,0.0,0.0
6.72,0.0,0.0,0,0.0,0.0,0.0,0.0
6.73,0.0,0.0,0,0.0,0.0,0.0,0.0
6.74,0.0,0.0,0,0.0,0.0,0.0,0.0
6.75,0.0,0.0,0,0.0,0.0,0.0,0.0
6.76,0.0,0.0,0,0.0,0.0,0.0,0.0
6.7700000000000005,0.0,0.0,0,0.0,0.0,0.0,0.0
6.78,0.0,0.0,0,0.0,0.0,0.0,0.0
6.79,0.0,0.0,0,0.0,0.0,0.0,0.0
6.8,0.0,0.0,0,0.0,0.0,0.0,0.0
6.8100000000000005,0.0,0.0,0,0.0,0.0,0.0,0.0
6.82,0.0,0.0,0,0.0,0.0,0.0,0.0
6.83,0.0,0.0,0,0.0,0.0,0.0,0.0
6.84,0.0,0.0,0,0.0,0.0,0.0,0.0
6.8500000000000005,0.0,0.0,0,0.0,0.0,0.0,0.0
6.86,0.0,0.0,0,0.0,0.0,0.0,0.0
6.87,0.0,0.0,0,0.0,0.0,0.0,0.0
6.88,0.0,0.0,0,0.0,0.0,0.0,0.0
6.890000000000001,0.0,0.0,0,0.0,0.0,0.0,0.0
6.9,0.0,0.0,0,0.0,0.0,0.0,0.0
6.91,0.0,0.0,0,0.0,0.0,0.0,0.0
6.92,0.0,0.0,0,0.0,0.0,0.0,0.0
6.93,0.0,0.0,0,0.0,0.0,0.0,0.0
6.94,0.0,0.0,0,0.0,0.0,0.0,0.0
6.95,0.0,0.0,0,0.0,0.0,0.0,0.0
6.96,0.0,0.0,0,0.0,0.0,0.0,0.0
6.97,0.0,0.0,0,0.0,0.0,0.0,0.0
6.98,0.0,0.0,0,0.0,0.0,0.0,0.0
6.99,0.0,0.0,0,0.0,0.0,0.0,0.0
7.0,0.0,0.0,0,0.0,0.0,0.0,0.0
7.01,0.0,0.0,0,0.0,0.0,0.0,0.0
7.0200000000000005,0.0,0.0,0,0.0,0.0,0.0,0.0
7.03,0.0,0.0,0,0.0,0.0,0.0,0.0
7.04,0.0,0.0,0,0.0,0.0,0.0,0.0
7.05,0.0,0.0,0,0.0,0.0,0.0,0.0
7.0600000000000005,0.0,0.0,0,0.0,0.0,0.0,0.0
7.07,0.0,0.0,0,0.0,0.0,0.0,0.0
7.08,0.0,0.0,0,0.0,0.0,0.0,0.0
7.09,0.0,0.0,0,0.0,0.0,0.0,0.0
7.1000000000000005,0.0,0.0,0,0.0,0.0,0.0,0.0
7.11,0.0,0.0,0,0.0,0.0,0.0,0.0
7.12,0.0,0.0,0,0.0,0.0,0.0,0.0
7.13,0.0,0.0,0,0.0,0.0,0.0,0.0
7.140000000000001,0.0,0.0,0,0.0,0.0,0.0,0.0
7.15,0.0,0.0,0,0.0,0.0,0.0,0.0
7.16,0.0,0.0,0,0.0,0.0,0.0,0.0
7.17,0.0,0.0,0,0.0,0.0,0.0,0.0
7.18,0.0,0.0,0,0.0,0.0,0.0,0.0
7.19,0.0,0.0,0,0.0,0.0,0.0,0.0
7.2,0.0,0.0,0,0.0,0.0,0.0,0.0
7.21,0.0,0.0,0,0.0,0.0,0.0,0.0
7.22,0.0,0.0,0,0.0,0.0,0.0,0.0
7.23,0.0,0.0,0,0.0,0.0,0.0,0.0
7.24,0.0,0.0,0,0.0,0.0,0.0,0.0
7.25,0.0,0.0,0,0.0,0.0,0.0,0.0
7.26,0.0,0.0,0,0.0,0.0,0.0,0.0
7.2700000000000005,0.0,0.0,0,0.0,0.0,0.0,0.0
7.28,0.0,0.0,0,0.0,0.0,0.0,0.0
7.29,0.0,0.0,0,0.0,0.0,0.0,0.0
7.3,0.0,0.0,0,0.0,0.0,0.0,0.0
7.3100000000000005,0.0,0.0,0,0.0,0.0,0.0,0.0
7.32,0.0,0.0,0,0.0,0.0,0.0,0.0
7.33,0.0,0.0,0,0.0,0.0,0.0,0.0
7.34,0.0,0.0,0,0.0,0.0,0.0,0.0
7.3500000000000005,0.0,0.0,0,0.0,0.0,0.0,0.0
7.36,0.0,0.0,0,0.0,0.0,0.0,0.0
7.37,0.0,0.0,0,0.0,0.0,0.0,0.0
7.38,0.0,0.0,0,0.0,0.0,0.0,0.0
7.390000000000001,0.0,0.0,0,0.0,0.0,0.0,0.0
7.4,0.0,0.0,0,0.0,0.0,0.0,0.0
7.41,0.0,0.0,0,0.0,0.0,0.0,0.0
7.42,0.0,0.0,0,0.0,0.0,0.0,0.0
7.43,0.0,0.0,0,0.0,0.0,0.0,0.0
7.44,0.0,0.0,0,0.0,0.0,0.0,0.0
7.45,0.0,0.0,0,0.0,0.0,0.0,0.0
7.46,0.0,0.0,0,0.0,0.0,0.0,0.0
7.47,0.0,0.0,0,0.0,0.0,0.0,0.0
7.48,0.0,0.0,0,0.0,0.0,0.0,0.0
7.49,0.0,0.0,0,0.0,0.0,0.0,0.0
7.5,0.0,0.0,0,0.0,0.0,0.0,0.0
7.51,0.0,0.0,0,0.0,0.0,0.0,0.0
7.5200000000000005,0.0,0.0,0,0.0,0.0,0.0,0.0
7.53,0.0,0.0,0,0.0,0.0,0.0,0.0
7.54,0.0,0.0,0,0.0,0.0,0.0,0.0
7.55,0.0,0.0,0,0.0,0.0,0.0,0.0
7.5600000000000005,0.0,0.0,0,0.0,0.0,0.0,0.0
7.57,0.0,0.0,0,0.0,0.0,0.0,0.0
7.58,0.0,0.0,0,0.0,0.0,0.0,0.0
7.59,0.0,0.0,0,0.0,0.0,0.0,0.0
7.6000000000000005,0.0,0.0,0,0.0,0.0,0.0,0.0
7.61,0.0,0.0,0,0.0,0.0,0.0,0.0
7.62,0.0,0.0,0,0.0,0.0,0.0,0.0
7.63,0.0,0.0,0,0.0,0.0,0.0,0.0
7.640000000000001,0.0,0.0,0,0.0,0.0,0.0,0.0
7.65,0.0,0.0,0,0.0,0.0,0.0,0.0
7.66,0.0,0.0,0,0.0,0.0,0.0,0.0
7.67,0.0,0.0,0,0.0,0.0,0.0,0.0
7.68,0.0,0.0,0,0.0,0.0,0.0,0.0
7.69,0.0,0.0,0,0.0,0.0,0.0,0.0
7.7,0.0,0.0,0,0.0,0.0,0.0,0.0
7.71,0.0,0.0,0,0.0,0.0,0.0,0.0
7.72,0.0,0.0,0,0.0,0.0,0.0,0.0
7.73,0.0,0.0,0,0.0,0.0,0.0,0.0
7.74,0.0,0.0,0,0.0,0.0,0.0,0.0
7.75,0.0,0.0,0,0.0,0.0,0.0,0.0
7.76,0.0,0.0,0,0.0,0.0,0.0,0.0
7.7700000000000005,0.0,0.0,0,0.0,0.0,0.0,0.0
7.78,0.0,0.0,0,0.0,0.0,0.0,0.0
7.79,0.0,0.0,0,0.0,0.0,0.0,0.0
7.8,0.0,0.0,0,0.0,0.0,0.0,0.0
7.8100000000000005,0.0,0.0,0,0.0,0.0,0.0,0.0
7.82,0.0,0.0,0,0.0,0.0,0.0,0.0
7.83,0.0,0.0,0,0.0,0.0,0.0,0.0
7.84,0.0,0.0,0,0.0,0.0,0.0,0.0
7.8500000000000005,0.0,0.0,0,0.0,0.0,0.0,0.0
7.86,0.0,0.0,0,0.0,0.0,0.0,0.0
7.87,0.0,0.0,0,0.0,0.0,0.0,0.0
7.88,0.0,0.0,0,0.0,0.0,0.0,0.0
7.890000000000001,0.0,0.0,0,0.0,0.0,0.0,0.0
7.9,0.0,0.0,0,0.0,0.0,0.0,0.0
7.91,0.0,0.0,0,0.0,0.0,0.0,0.0
7.92,0.0,0.0,0,0.0,0.0,0.0,0.0
7.930000000000001,0.0,0.0,0,0.0,0.0,0.0,0.0
7.94,0.0,0.0,0,0.0,0.0,0.0,0.0
7.95,0.0,0.0,0,0.0,0.0,0.0,0.0
7.96,0.0,0.0,0,0.0,0.0,0.0,0.0
7.97,0.0,0.0,0,0.0,0.0,0.0,0.0
7.98,0.0,0.0,0,0.0,0.0,0.0,0.0
7.99,0.0,0.0,0,0.0,0.0,0.0,0.0
8.0,0.0,0.0,0,0.0,0.0,0.0,0.0
8.01,0.0,0.0,0,0.0,0.0,0.0,0.0
8.02,0.0,0.0,0,0.0,0.0,0.0,0.0
8.03,0.0,0.0,0,0.0,0.0,0.0,0.0
8.040000000000001,0.0,0.0,0,0.0,0.0,0.0,0.0
8.05,0.0,0.0,0,0.0,0.0,0.0,0.0
8.06,0.0,0.0,0,0.0,0.0,0.0,0.0
8.07,0.0,0.0,0,0.0,0.0,0.0,0.0
8.08,0.0,0.0,0,0.0,0.0,0.0,0.0
8.09,0.0,0.0,0,0.0,0.0,0.0,0.0
8.1,0.0,0.0,0,0.0,0.0,0.0,0.0
8.11,0.0,0.0,0,0.0,0.0,0.0,0.0
8.120000000000001,0.0,0.0,0,0.0,0.0,0.0,0.0
8.13,0.0,0.0,0,0.0,0.0,0.0,0.0
8.14,0.0,0.0,0,0.0,0.0,0.0,0.0
8.15,0.0,0.0,0,0.0,0.0,0.0,0.0
8.16,0.0,0.0,0,0.0,0.0,0.0,0.0
8.17,0.0,0.0,0,0.0,0.0,0.0,0.0
8.18,0.0,0.0,0,0.0,0.0,0.0,0.0
8.19,0.0,0.0,0,0.0,0.0,0.0,0.0
8.2,0.0,0.0,0,0.0,0.0,0.0,0.0
8.21,0.0,0.0,0,0.0,0.0,0.0,0.0
8.22,0.0,0.0,0,0.0,0.0,0.0,0.0
8.23,0.0,0.0,0,0.0,0.0,0.0,0.0
8.24,0.0,0.0,0,0.0,0.0,0.0,0.0
8.25,0.0,0.0,0,0.0,0.0,0.0,0.0
8.26,0.0,0.0,0,0.0,0.0,0.0,0.0
8.27,0.0,0.0,0,0.0,0.0,0.0,0.0
8.28,0.0,0.0,0,0.0,0.0,0.0,0.0
8.290000000000001,0.0,0.0,0,0.0,0.0,0.0,0.0
8.3,0.0,0.0,0,0.0,0.0,0.0,0.0
8.31,0.0,0.0,0,0.0,0.0,0.0,0.0
8.32,0.0,0.0,0,0.0,0.0,0.0,0.0
8.33,0.0,0.0,0,0.0,0.0,0.0,0.0
8.34,0.0,0.0,0,0.0,0.0,0.0,0.0
8.35,0.0,0.0,0,0.0,0.0,0.0,0.0
8.36,0.0,0.0,0,0.0,0.0,0.0,0.0
8.370000000000001,0.0,0.0,0,0.0,0.0,0.0,0.0
8.38,0.0,0.0,0,0.0,0.0,0.0,0.0
8.39,0.0,0.0,0,0.0,0.0,0.0,0.0
8.4,0.0,0.0,0,0.0,0.0,0.0,0.0
8.41,0.0,0.0,0,0.0,0.0,0.0,0.0
8.42,0.0,0.0,0,0.0,0.0,0.0,0.0
8.43,0.0,0.0,0,0.0,0.0,0.0,0.0
8.44,0.0,0.0,0,0.0,0.0,0.0,0.0
8.45,0.0,0.0,0,0.0,0.0,0.0,0.0
8.46,0.0,0.0,0,0.0,0.0,0.0,0.0
8.47,0.0,0.0,0,0.0,0.0,0.0,0.0
8.48,0.0,0.0,0,0.0,0.0,0.0,0.0
8.49,0.0,0.0,0,0.0,0.0,0.0,0.0
8.5,0.0,0.0,0,0.0,0.0,0.0,0.0
8.51,0.0,0.0,0,0.0,0.0,0.0,0.0
8.52,0.0,0.0,0,0.0,0.0,0.0,0.0
8.53,0.0,0.0,0,0.0,0.0,0.0,0.0
8.540000000000001,0.0,0.0,0,0.0,0.0,0.0,0.0
8.55,0.0,0.0,0,0.0,0.0,0.0,0.0
8.56,0.0,0.0,0,0.0,0.0,0.0,0.0
8.57,0.0,0.0,0,0.0,0.0,0.0,0.0
8.58,0.0,0.0,0,0.0,0.0,0.0,0.0
8.59,0.0,0.0,0,0.0,0.0,0.0,0.0
8.6,0.0,0.0,0,0.0,0.0,0.0,0.0
8.61,0.0,0.0,0,0.0,0.0,0.0,0.0
8.620000000000001,0.0,0.0,0,0.0,0.0,0.0,0.0
8.63,0.0,0.0,0,0.0,0.0,0.0,0.0
8.64,0.0,0.0,0,0.0,0.0,0.0,0.0
8.65,0.0,0.0,0,0.0,0.0,0.0,0.0
8.66,0.0,0.0,0,0.0,0.0,0.0,0.0
8.67,0.0,0.0,0,0.0,0.0,0.0,0.0
8.68,0.0,0.0,0,0.0,0.0,0.0,0.0
8.69,0.0,0.0,0,0.0,0.0,0.0,0.0
8.700000000000001,0.0,0.0,0,0.0,0.0,0.0,0.0
8.71,0.0,0.0,0,0.0,0.0,0.0,0.0
8.72,0.0,0.0,0,0.0,0.0,0.0,0.0
8.73,0.0,0.0,0,0.0,0.0,0.0,0.0
8.74,0.0,0.0,0,0.0,0.0,0.0,0.0
8.75,0.0,0.0,0,0.0,0.0,0.0,0.0
8.76,0.0,0.0,0,0.0,0.0,0.0,0.0
8.77,0.0,0.0,0,0.0,0.0,0.0,0.0
8.78,0.0,0.0,0,0.0,0.0,0.0,0.0
8.790000000000001,0.0,0.0,0,0.0,0.0,0.0,0.0
8.8,0.0,0.0,0,0.0,0.0,0.0,0.0
8.81,0.0,0.0,0,0.0,0.0,0.0,0.0
8.82,0.0,0.0,0,0.0,0.0,0.0,0.0
8.83,0.0,0.0,0,0.0,0.0,0.0,0.0
8.84,0.0,0.0,0,0.0,0.0,0.0,0.0
8.85,0.0,0.0,0,0.0,0.0,0.0,0.0
8.86,0.0,0.0,0,0.0,0.0,0.0,0.0
8.870000000000001,0.0,0.0,0,0.0,0.0,0.0,0.0
8.88,0.0,0.0,0,0.0,0.0,0.0,0.0
8.89,0.0,0.0,0,0.0,0.0,0.0,0.0
8.9,0.0,0.0,0,0.0,0.0,0.0,0.0
8.91,0.0,0.0,0,0.0,0.0,0.0,0.0
8.92,0.0,0.0,0,0.0,0.0,0.0,0.0
8.93,0.0,0.0,0,0.0,0.0,0.0,0.0
8.94,0.0,0.0,0,0.0,0.0,0.0,0.0
8.950000000000001,0.0,0.0,0,0.0,0.0,0.0,0.0
8.96,0.0,0.0,0,0.0,0.0,0.0,0.0
8.97,0.0,0.0,0,0.0,0.0,0.0,0.0
8.98,0.0,0.0,0,0.0,0.0,0.0,0.0
8.99,0.0,0.0,0,0.0,0.0,0.0,0.0
9.0,0.0,0.0,0,0.0,0.0,0.0,0.0
9.01,0.0,0.0,0,0.0,0.0,0.0,0.0
9.02,0.0,0.0,0,0.0,0.0,0.0,0.0
9.03,0.0,0.0,0,0.0,0.0,0.0,0.0
9.040000000000001,0.0,0.0,0,0.0,0.0,0.0,0.0
9.05,0.0,0.0,0,0.0,0.0,0.0,0.0
9.06,0.0,0.0,0,0.0,0.0,0.0,0.0
9.07,0.0,0.0,0,0.0,0.0,0.0,0.0
9.08,0.0,0.0,0,0.0,0.0,0.0,0.0
9.09,0.0,0.0,0,0.0,0.0,0.0,0.0
9.1,0.0,0.0,0,0.0,0.0,0.0,0.0
9.11,0.0,0.0,0,0.0,0.0,0.0,0.0
9.120000000000001,0.0,0.0,0,0.0,0.0,0.0,0.0
9.13,0.0,0.0,0,0.0,0.0,0.0,0.0
9.14,0.0,0.0,0,0.0,0.0,0.0,0.0
9.15,0.0,0.0,0,0.0,0.0,0.0,0.0
9.16,0.0,0.0,0,0.0,0.0,0.0,0.0
9.17,0.0,0.0,0,0.0,0.0,0.0,0.0
9.18,0.0,0.0,0,0.0,0.0,0.0,0.0
9.19,0.0,0.0,0,0.0,0.0,0.0,0.0
9.200000000000001,0.0,0.0,0,0.0,0.0,0.0,0.0
9.21,0.0,0.0,0,0.0,0.0,0.0,0.0
9.22,0.0,0.0,0,0.0,0.0,0.0,0.0
9.23,0.0,0.0,0,0.0,0.0,0.0,0.0
9.24,0.0,0.0,0,0.0,0.0,0.0,0.0
9.25,0.0,0.0,0,0.0,0.0,0.0,0.0
9.26,0.0,0.0,0,0.0,0.0,0.0,0.0
9.27,0.0,0.0,0,0.0,0.0,0.0,0.0
9.28,0.0,0.0,0,0.0,0.0,0.0,0.0
9.290000000000001,0.0,0.0,0,0.0,0.0,0.0,0.0
9.3,0.0,0.0,0,0.0,0.0,0.0,0.0
9.31,0.0,0.0,0,0.0,0.0,0.0,0.0
9.32,0.0,0.0,0,0.0,0.0,0.0,0.0
9.33,0.0,0.0,0,0.0,0.0,0.0,0.0
9.34,0.0,0.0,0,0.0,0.0,0.0,0.0
9.35,0.0,0.0,0,0.0,0.0,0.0,0.0
9.36,0.0,0.0,0,0.0,0.0,0.0,0.0
9.370000000000001,0.0,0.0,0,0.0,0.0,0.0,0.0
9.38,0.0,0.0,0,0.0,0.0,0.0,0.0
9.39,0.0,0.0,0,0.0,0.0,0.0,0.0
9.4,0.0,0.0,0,0.0,0.0,0.0,0.0
9.41,0.0,0.0,0,0.0,0.0,0.0,0.0
9.42,0.0,0.0,0,0.0,0.0,0.0,0.0
9.43,0.0,0.0,0,0.0,0.0,0.0,0.0
9.44,0.0,0.0,0,0.0,0.0,0.0,0.0
9.450000000000001,0.0,0.0,0,0.0,0.0,0.0,0.0
9.46,0.0,0.0,0,0.0,0.0,0.0,0.0
9.47,0.0,0.0,0,0.0,0.0,0.0,0.0
9.48,0.0,0.0,0,0.0,0.0,0.0,0.0
9.49,0.0,0.0,0,0.0,0.0,0.0,0.0
9.5,0.0,0.0,0,0.0,0.0,0.0,0.0
9.51,0.0,0.0,0,0.0,0.0,0.0,0.0
9.52,0.0,0.0,0,0.0,0.0,0.0,0.0
9.53,0.0,0.0,0,0.0,0.0,0.0,0.0
9.540000000000001,0.0,0.0,0,0.0,0.0,0.0,0.0
9.55,0.0,0.0,0,0.0,0.0,0.0,0.0
9.56,0.0,0.0,0,0.0,0.0,0.0,0.0
9.57,0.0,0.0,0,0.0,0.0,0.0,0.0
9.58,0.0,0.0,0,0.0,0.0,0.0,0.0
9.59,0.0,0.0,0,0.0,0.0,0.0,0.0
9.6,0.0,0.0,0,0.0,0.0,0.0,0.0
9.61,0.0,0.0,0,0.0,0.0,0.0,0.0
9.620000000000001,0.0,0.0,0,0.0,0.0,0.0,0.0
9.63,0.0,0.0,0,0.0,0.0,0.0,0.0
9.64,0.0,0.0,0,0.0,0.0,0.0,0.0
9.65,0.0,0.0,0,0.0,0.0,0.0,0.0
9.66,0.0,0.0,0,0.0,0.0,0.0,0.0
9.67,0.0,0.0,0,0.0,0.0,0.0,0.0
9.68,0.0,0.0,0,0.0,0.0,0.0,0.0
9.69,0.0,0.0,0,0.0,0.0,0.0,0.0
9.700000000000001,0.0,0.0,0,0.0,0.0,0.0,0.0
9.71,0.0,0.0,0,0.0,0.0,0.0,0.0
9.72,0.0,0.0,0,0.0,0.0,0.0,0.0
9.73,0.0,0.0,0,0.0,0.0,0.0,0.0
9.74,0.0,0.0,0,0.0,0.0,0.0,0.0
9.75,0.0,0.0,0,0.0,0.0,0.0,0.0
9.76,0.0,0.0,0,0.0,0.0,0.0,0.0
9.77,0.0,0.0,0,0.0,0.0,0.0,0.0
9.78,0.0,0.0,0,0.0,0.0,0.0,0.0
9.790000000000001,0.0,0.0,0,0.0,0.0,0.0,0.0
9.8,0.0,0.0,0,0.0,0.0,0.0,0.0
9.81,0.0,0.0,0,0.0,0.0,0.0,0.0
9.82,0.0,0.0,0,0.0,0.0,0.0,0.0
9.83,0.0,0.0,0,0.0,0.0,0.0,0.0
9.84,0.0,0.0,0,0.0,0.0,0.0,0.0
9.85,0.0,0.0,0,0.0,0.0,0.0,0.0
9.86,0.0,0.0,0,0.0,0.0,0.0,0.0
9.870000000000001,0.0,0.0,0,0.0,0.0,0.0,0.0
9.88,0.0,0.0,0,0.0,0.0,0.0,0.0
9.89,0.0,0.0,0,0.0,0.0,0.0,0.0
9.9,0.0,0.0,0,0.0,0.0,0.0,0.0
9.91,0.0,0.0,0,0.0,0.0,0.0,0.0
9.92,0.0,0.0,0,0.0,0.0,0.0,0.0
9.93,0.0,0.0,0,0.0,0.0,0.0,0.0
9.94,0.0,0.0,0,0.0,0.0,0.0,0.0
9.950000000000001,0.0,0.0,0,0.0,0.0,0.0,0.0
9.96,0.0,0.0,0,0.0,0.0,0.0,0.0
9.97,0.0,0.0,0,0.0,0.0,0.0,0.0
9.98,0.0,0.0,0,0.0,0.0,0.0,0.0
9.99,0.0,0.0,0,0.0,0.0,0.0,0.0
10.0,0.0,0.0,0,0.0,0.0,0.0,0.0
10.01,0.0,0.0,0,0.0,0.0,0.0,0.0
10.02,0.0,0.0,0,0.0,0.0,0.0,0.0
10.03,0.0,0.0,0,0.0,0.0,0.0,0.0
10.040000000000001,0.0,0.0,0,0.0,0.0,0.0,0.0
10.05,0.0,0.0,0,0.0,0.0,0.0,0.0
10.06,0.0,0.0,0,0.0,0.0,0.0,0.0
10.07,0.0,0.0,0,0.0,0.0,0.0,0.0
10.08,0.0,0.0,0,0.0,0.0,0.0,0.0
10.09,0.0,0.0,0,0.0,0.0,0.0,0.0
10.1,0.0,0.0,0,0.0,0.0,0.0,0.0
10.11,0.0,0.0,0,0.0,0.0,0.0,0.0
10.120000000000001,0.0,0.0,0,0.0,0.0,0.0,0.0
10.13,0.0,0.0,0,0.0,0.0,0.0,0.0
10.14,0.0,0.0,0,0.0,0.0,0.0,0.0
10.15,0.0,0.0,0,0.0,0.0,0.0,0.0
10.16,0.0,0.0,0,0.0,0.0,0.0,0.0
10.17,0.0,0.0,0,0.0,0.0,0.0,0.0
10.18,0.0,0.0,0,0.0,0.0,0.0,0.0
10.19,0.0,0.0,0,0.0,0.0,0.0,0.0
10.200000000000001,0.0,0.0,0,0.0,0.0,0.0,0.0
10.21,0.0,0.0,0,0.0,0.0,0.0,0.0
10.22,0.0,0.0,0,0.0,0.0,0.0,0.0
10.23,0.0,0.0,0,0.0,0.0,0.0,0.0
10.24,0.0,0.0,0,0.0,0.0,0.0,0.0
10.25,0.0,0.0,0,0.0,0.0,0.0,0.0
10.26,0.0,0.0,0,0.0,0.0,0.0,0.0
10.27,0.0,0.0,0,0.0,0.0,0.0,0.0
10.28,0.0,0.0,0,0.0,0.0,0.0,0.0
10.290000000000001,0.0,0.0,0,0.0,0.0,0.0,0.0
10.3,0.0,0.0,0,0.0,0.0,0.0,0.0
10.31,0.0,0.0,0,0.0,0.0,0.0,0.0
10.32,0.0,0.0,0,0.0,0.0,0.0,0.0
10.33,0.0,0.0,0,0.0,0.0,0.0,0.0
10.34,0.0,0.0,0,0.0,0.0,0.0,0.0
10.35,0.0,0.0,0,0.0,0.0,0.0,0.0
10.36,0.0,0.0,0,0.0,0.0,0.0,0.0
10.370000000000001,0.0,0.0,0,0.0,0.0,0.0,0.0
10.38,0.0,0.0,0,0.0,0.0,0.0,0.0
10.39,0.0,0.0,0,0.0,0.0,0.0,0.0
10.4,0.0,0.0,0,0.0,0.0,0.0,0.0
10.41,0.0,0.0,0,0.0,0.0,0.0,0.0
10.42,0.0,0.0,0,0.0,0.0,0.0,0.0
10.43,0.0,0.0,0,0.0,0.0,0.0,0.0
10.44,0.0,0.0,0,0.0,0.0,0.0,0.0
10.450000000000001,0.0,0.0,0,0.0,0.0,0.0,0.0
10.46,0.0,0.0,0,0.0,0.0,0.0,0.0
10.47,0.0,0.0,0,0.0,0.0,0.0,0.0
10.48,0.0,0.0,0,0.0,0.0,0.0,0.0
10.49,0.0,0.0,0,0.0,0.0,0.0,0.0
10.5,0.0,0.0,0,0.0,0.0,0.0,0.0
10.51,0.0,0.0,0,0.0,0.0,0.0,0.0
10.52,0.0,0.0,0,0.0,0.0,0.0,0.0
10.53,0.0,0.0,0,0.0,0.0,0.0,0.0
10.540000000000001,0.0,0.0,0,0.0,0.0,0.0,0.0
10.55,0.0,0.0,0,0.0,0.0,0.0,0.0
10.56,0.0,0.0,0,0.0,0.0,0.0,0.0
10.57,0.0,0.0,0,0.0,0.0,0.0,0.0
10.58,0.0,0.0,0,0.0,0.0,0.0,0.0
10.59,0.0,0.0,0,0.0,0.0,0.0,0.0
10.6,0.0,0.0,0,0.0,0.0,0.0,0.0
10.61,0.0,0.0,0,0.0,0.0,0.0,0.0
10.620000000000001,0.0,0.0,0,0.0,0.0,0.0,0.0
10.63,0.0,0.0,0,0.0,0.0,0.0,0.0
10.64,0.0,0.0,0,0.0,0.0,0.0,0.0
10.65,0.0,0.0,0,0.0,0.0,0.0,0.0
10.66,0.0,0.0,0,0.0,0.0,0.0,0.0
10.67,0.0,0.0,0,0.0,0.0,0.0,0.0
10.68,0.0,0.0,0,0.0,0.0,0.0,0.0
10.69,0.0,0.0,0,0.0,0.0,0.0,0.0
10.700000000000001,0.0,0.0,0,0.0,0.0,0.0,0.0
10.71,0.0,0.0,0,0.0,0.0,0.0,0.0
10.72,0.0,0.0,0,0.0,0.0,0.0,0.0
10.73,0.0,0.0,0,0.0,0.0,0.0,0.0
10.74,0.0,0.0,0,0.0,0.0,0.0,0.0
10.75,0.0,0.0,0,0.0,0.0,0.0,0.0
10.76,0.0,0.0,0,0.0,0.0,0.0,0.0
10.77,0.0,0.0,0,0.0,0.0,0.0,0.0
10.78,0.0,0.0,0,0.0,0.0,0.0,0.0
10.790000000000001,0.0,0.0,0,0.0,0.0,0.0,0.0
10.8,0.0,0.0,0,0.0,0.0,0.0,0.0
10.81,0.0,0.0,0,0.0,0.0,0.0,0.0
10.82,0.0,0.0,0,0.0,0.0,0.0,0.0
10.83,0.0,0.0,0,0.0,0.0,0.0,0.0
10.84,0.0,0.0,0,0.0,0.0,0.0,0.0
10.85,0.0,0.0,0,0.0,0.0,0.0,0.0
10.86,0.0,0.0,0,0.0,0.0,0.0,0.0
10.870000000000001,0.0,0.0,0,0.0,0.0,0.0,0.0
10.88,0.0,0.0,0,0.0,0.0,0.0,0.0
10.89,0.0,0.0,0,0.0,0.0,0.0,0.0
10.9,0.0,0.0,0,0.0,0.0,0.0,0.0
10.91,0.0,0.0,0,0.0,0.0,0.0,0.0
10.92,0.0,0.0,0,0.0,0.0,0.0,0.0
10.93,0.0,0.0,0,0.0,0.0,0.0,0.0
10.94,0.0,0.0,0,0.0,0.0,0.0,0.0
10.950000000000001,0.0,0.0,0,0.0,0.0,0.0,0.0
10.96,0.0,0.0,0,0.0,0.0,0.0,0.0
10.97,0.0,0.0,0,0.0,0.0,0.0,0.0
10.98,0.0,0.0,0,0.0,0.0,0.0,0.0
10.99,0.0,0.0,0,0.0,0.0,0.0,0.0
11.0,0.0,0.0,0,0.0,0.0,0.0,0.0
11.01,0.0,0.0,0,0.0,0.0,0.0,0.0
11.02,0.0,0.0,0,0.0,0.0,0.0,0.0
11.03,0.0,0.0,0,0.0,0.0,0.0,0.0
11.040000000000001,0.0,0.0,0,0.0,0.0,0.0,0.0
11.05,0.0,0.0,0,0.0,0.0,0.0,0.0
11.06,0.0,0.0,0,0.0,0.0,0.0,0.0
11.07,0.0,0.0,0,0.0,0.0,0.0,0.0
11.08,0.0,0.0,0,0.0,0.0,0.0,0.0
11.09,0.0,0.0,0,0.0,0.0,0.0,0.0
11.1,0.0,0.0,0,0.0,0.0,0.0,0.0
11.11,0.0,0.0,0,0.0,0.0,0.0,0.0
11.120000000000001,0.0,0.0,0,0.0,0.0,0.0,0.0
11.13,0.0,0.0,0,0.0,0.0,0.0,0.0
11.14,0.0,0.0,0,0.0,0.0,0.0,0.0
11.15,0.0,0.0,0,0.0,0.0,0.0,0.0
11.16,0.0,0.0,0,0.0,0.0,0.0,0.0
11.17,0.0,0.0,0,0.0,0.0,0.0,0.0
11.18,0.0,0.0,0,0.0,0.0,0.0,0.0
11.19,0.0,0.0,0,0.0,0.0,0.0,0.0
11.200000000000001,0.0,0.0,0,0.0,0.0,0.0,0.0
11.21,0.0,0.0,0,0.0,0.0,0.0,0.0
11.22,0.0,0.0,0,0.0,0.0,0.0,0.0
11.23,0.0,0.0,0,0.0,0.0,0.0,0.0
11.24,0.0,0.0,0,0.0,0.0,0.0,0.0
11.25,0.0,0.0,0,0.0,0.0,0.0,0.0
11.26,0.0,0.0,0,0.0,0.0,0.0,0.0
11.27,0.0,0.0,0,0.0,0.0,0.0,0.0
11.28,0.0,0.0,0,0.0,0.0,0.0,0.0
11.290000000000001,0.0,0.0,0,0.0,0.0,0.0,0.0
11.3,0.0,0.0,0,0.0,0.0,0.0,0.0
11.31,0.0,0.0,0,0.0,0.0,0.0,0.0
11.32,0.0,0.0,0,0.0,0.0,0.0,0.0
11.33,0.0,0.0,0,0.0,0.0,0.0,0.0
11.34,0.0,0.0,0,0.0,0.0,0.0,0.0
11.35,0.0,0.0,0,0.0,0.0,0.0,0.0
11.36,0.0,0.0,0,0.0,0.0,0.0,0.0
11.370000000000001,0.0,0.0,0,0.0,0.0,0.0,0.0
11.38,0.0,0.0,0,0.0,0.0,0.0,0.0
11.39,0.0,0.0,0,0.0,0.0,0.0,0.0
11.4,0.0,0.0,0,0.0,0.0,0.0,0.0
11.41,0.0,0.0,0,0.0,0.0,0.0,0.0
11.42,0.0,0.0,0,0.0,0.0,0.0,0.0
11.43,0.0,0.0,0,0.0,0.0,0.0,0.0
11.44,0.0,0.0,0,0.0,0.0,0.0,0.0
11.450000000000001,0.0,0.0,0,0.0,0.0,0.0,0.0
11.46,0.0,0.0,0,0.0,0.0,0.0,0.0
11.47,0.0,0.0,0,0.0,0.0,0.0,0.0
11.48,0.0,0.0,0,0.0,0.0,0.0,0.0
11.49,0.0,0.0,0,0.0,0.0,0.0,0.0
11.5,0.0,0.0,0,0.0,0.0,0.0,0.0
11.51,0.0,0.0,0,0.0,0.0,0.0,0.0
11.52,0.0,0.0,0,0.0,0.0,0.0,0.0
11.53,0.0,0.0,0,0.0,0.0,0.0,0.0
11.540000000000001,0.0,0.0,0,0.0,0.0,0.0,0.0
11.55,0.0,0.0,0,0.0,0.0,0.0,0.0
11.56,0.0,0.0,0,0.0,0.0,0.0,0.0
11.57,0.0,0.0,0,0.0,0.0,0.0,0.0
11.58,0.0,0.0,0,0.0,0.0,0.0,0.0
11.59,0.0,0.0,0,0.0,0.0,0.0,0.0
11.6,0.0,0.0,0,0.0,0.0,0.0,0.0
11.61,0.0,0.0,0,0.0,0.0,0.0,0.0
11.620000000000001,0.0,0.0,0,0.0,0.0,0.0,0.0
11.63,0.0,0.0,0,0.0,0.0,0.0,0.0
11.64,0.0,0.0,0,0.0,0.0,0.0,0.0
11.65,0.0,0.0,0,0.0,0.0,0.0,0.0
11.66,0.0,0.0,0,0.0,0.0,0.0,0.0
11.67,0.0,0.0,0,0.0,0.0,0.0,0.0
11.68,0.0,0.0,0,0.0,0.0,0.0,0.0
11.69,0.0,0.0,0,0.0,0.0,0.0,0.0
11.700000000000001,0.0,0.0,0,0.0,0.0,0.0,0.0
11.71,0.0,0.0,0,0.0,0.0,0.0,0.0
11.72,0.0,0.0,0,0.0,0.0,0.0,0.0
11.73,0.0,0.0,0,0.0,0.0,0.0,0.0
11.74,0.0,0.0,0,0.0,0.0,0.0,0.0
11.75,37.949245,5.692387,0,0.0,0.0,424.18527931660014,0.0
11.76,37.949245,10.530915,0,0.0,0.0,784.742695943613,0.0
11.77,37.949245,14.643665,1,0.0,0.0,1091.2165894981706,0.0
11.78,156.270258,35.887654,1,0.0,0.0,2674.2761052626083,0.0
11.790000000000001,156.270258,53.945044,1,0.0,0.0,4019.8766452256823,0.0
11.8,216.383226,78.310772,1,0.0,0.0,5835.5618994841,0.0
11.81,216.383226,99.02164,1,0.0,0.0,7378.894305989356,0.0
11.82,216.383226,116.625878,1,0.0,0.0,8690.726866422423,0.0
11.83,216.383226,131.58948,1,0.0,0.0,9805.78452043513,0.0
11.84,216.383226,144.308542,1,0.0,0.0,10753.583548701332,0.0
11.85,224.335386,156.312569,1,0.0,0.0,11648.099600740485,0.0
11.86,224.335386,166.515991,1,0.0,0.0,12408.438174181672,0.0
11.870000000000001,224.335386,175.1889,1,0.0,0.0,13054.725983962075,0.0
11.88,229.170272,183.286106,1,0.0,0.0,13658.113559120626,0.0
11.89,229.170272,190.168731,1,0.0,0.0,14170.992990553596,0.0
11.9,220.833399,194.768431,1,0.0,0.0,14513.753422912208,0.0
11.91,220.833399,198.678177,1,0.0,0.0,14805.099864935033,0.0
11.92,220.833399,202.00146,1,0.0,0.0,15052.744258684634,0.0
11.93,220.833399,204.826251,1,0.0,0.0,15263.242026904894,0.0
11.94,220.833399,207.227323,1,0.0,0.0,15442.165103810812,0.0
11.950000000000001,220.833399,209.268235,1,0.0,0.0,15594.249778795243,0.0
11.96,225.808107,211.749215,1,0.0,0.0,15779.127439832504,0.0
11.97,225.808107,213.858049,1,0.0,0.0,15936.27352623217,0.0
11.98,218.708478,214.585613,1,0.0,0.0,15990.490138447873,0.0
11.99,218.708478,215.204043,1,0.0,0.0,16036.574303542018,0.0
12.0,231.074457,217.584605,2,0.0,0.0,16213.969016322524,0.0
12.01,231.074457,219.608083,2,0.0,0.0,16364.754544541353,0.0
12.02,231.074457,221.328039,2,0.0,0.0,16492.922221171953,0.0
12.030000000000001,231.074457,222.790002,2,0.0,0.0,16601.86477611517,0.0
12.040000000000001,231.074457,224.03267,2,0.0,0.0,16694.465906832003,0.0
12.05,231.074457,225.088938,2,0.0,0.0,16773.176882844913,0.0
12.06,231.074457,225.986766,2,0.0,0.0,16840.081227359486,0.0
12.07,231.074457,226.74992,2,0.0,0.0,16896.949935100467,0.0
12.08,231.989592,227.53587,2,0.0,0.0,16955.517355108786,0.0
12.09,231.989592,228.203929,2,0.0,0.0,17005.29977389285,0.0
12.1,232.511822,228.850113,2,0.0,0.0,17053.45211148513,0.0
12.11,232.511822,229.399369,2,0.0,0.0,17094.381568631372,0.0
12.120000000000001,232.511822,229.866237,2,0.0,0.0,17129.171637012878,0.0
12.13,232.511822,230.263075,2,0.0,0.0,17158.743210040753,0.0
12.14,232.511822,230.600387,2,0.0,0.0,17183.87902475905,0.0
12.15,232.511822,230.887102,2,0.0,0.0,17205.244452366,0.0
12.16,215.977907,228.650723,2,0.0,0.0,17038.593967995777,0.0
12.17,215.977907,226.7498,2,0.0,0.0,16896.94099294079,0.0
12.18,215.977907,225.134016,2,0.0,0.0,16776.536005128943,0.0
12.19,218.811121,224.185582,2,0.0,0.0,16705.860602841054,0.0
12.200000000000001,230.360462,225.111814,2,0.0,0.0,16774.88155655203,0.0
12.21,230.360462,225.899111,2,0.0,0.0,16833.54935230276,0.0
12.22,230.360462,226.568314,2,0.0,0.0,16883.41701967578,0.0
12.23,230.360462,227.137136,2,0.0,0.0,16925.804495957953,0.0
12.24,230.360462,227.620635,2,0.0,0.0,16961.83387315319,0.0
12.25,230.360462,228.031609,2,0.0,0.0,16992.458832591452,0.0
12.26,234.469459,228.997287,2,0.0,0.0,17064.41922322545,0.0
12.27,234.469459,229.818113,2,0.0,0.0,17125.585532908954,0.0
12.280000000000001,234.469459,230.515815,2,0.0,0.0,17177.576888688123,0.0
12.290000000000001,218.894521,228.772621,2,0.0,0.0,17047.677562835364,0.0
12.3,232.82258,229.380114,3,0.0,0.0,17092.946724592617,0.0
12.31,232.82258,229.896484,3,0.0,0.0,17131.42558287838,0.0
12.32,232.82258,230.335399,3,0.0,0.0,17164.132649680276,0.0
12.33,232.82258,230.708476,3,0.0,0.0,17191.933600573386,0.0
12.34,232.82258,231.025591,3,0.0,0.0,17215.564375299437,0.0
12.35,232.82258,231.29514,3,0.0,0.0,17235.650626964074,0.0
12.36,241.740033,232.861874,3,0.0,0.0,17352.400507006456,0.0
12.370000000000001,241.740033,234.193598,3,0.0,0.0,17451.637912494283,0.0
12.38,218.655847,231.862935,3,0.0,0.0,17277.961573262975,0.0
12.39,218.655847,229.881872,3,0.0,0.0,17130.336725901263,0.0
12.4,224.343642,229.051137,3,0.0,0.0,17068.43201738214,0.0
12.41,224.343642,228.345013,3,0.0,0.0,17015.813071029374,0.0
12.42,224.343642,227.744807,3,0.0,0.0,16971.08692191873,0.0
12.43,224.343642,227.234633,3,0.0,0.0,16933.06977714448,0.0
12.44,224.343642,226.800984,3,0.0,0.0,16900.755122116567,0.0
12.450000000000001,224.343642,226.432383,3,0.0,0.0,16873.28771377954,0.0
12.46,219.886122,225.450444,3,0.0,0.0,16800.11558599082,0.0
12.47,219.886122,224.615796,3,0.0,0.0,16737.919288548106,0.0
12.48,219.886122,223.906345,3,0.0,0.0,16685.0524208182,0.0
12.49,229.168431,224.695658,3,0.0,0.0,16743.870444851567,0.0
12.5,225.410702,224.802914,3,0.0,0.0,16751.862947174122,0.0
12.51,225.410702,224.894082,3,0.0,0.0,16758.65660395549,0.0
12.52,225.410702,224.971575,3,0.0,0.0,16764.431227123256,0.0
12.530000000000001,225.410702,225.037444,3,0.0,0.0,16769.339653089955,0.0
12.540000000000001,225.410702,225.093433,3,0.0,0.0,16773.51184124295,0.0
12.55,225.410702,225.141023,3,0.0,0.0,16777.058152736296,0.0
12.56,230.738325,225.980619,3,0.0,0.0,16839.62316522984,0.0
12.57,230.738325,226.694275,4,0.0,0.0,16892.803381138558,0.0
12.58,230.738325,227.300882,4,0.0,0.0,16938.006519950166,0.0
12.59,239.579117,229.142617,4,0.0,0.0,17075.248923778676,0.0
12.6,234.439799,229.937195,4,0.0,0.0,17134.459285068035,0.0
12.61,234.439799,230.612585,4,0.0,0.0,17184.787995290586,0.0
12.620000000000001,234.439799,231.186667,4,0.0,0.0,17227.567436238758,0.0
12.63,234.439799,231.674637,4,0.0,0.0,17263.929983400103,0.0
12.64,234.439799,232.089411,4,0.0,0.0,17294.838111228248,0.0
12.65,218.630759,230.070614,4,0.0,0.0,17144.40140175496,0.0
12.66,218.630759,228.354635,4,0.0,0.0,17016.53008319977,0.0
12.67,218.630759,226.896054,4,0.0,0.0,16907.839548123553,0.0
12.68,218.749789,225.674114,4,0.0,0.0,16816.783026455556,0.0
12.69,218.749789,224.635465,4,0.0,0.0,16739.38498303776,0.0
12.700000000000001,224.761854,224.654423,4,0.0,0.0,16740.797695231307,0.0
12.71,224.761854,224.670538,4,0.0,0.0,16741.998552758418,0.0
12.72,224.761854,224.684235,4,0.0,0.0,16743.019225767963,0.0
12.73,224.761854,224.695878,4,0.0,0.0,16743.88683881098,0.0
12.74,224.761854,224.705774,4,0.0,0.0,16744.624268912645,0.0
12.75,224.761854,224.714186,4,0.0,0.0,16745.251114306255,0.0
12.76,229.694539,225.461239,4,0.0,0.0,16800.920007772093,0.0
12.77,229.694539,226.096234,4,0.0,0.0,16848.238563492152,0.0
12.780000000000001,229.694539,226.63598,4,0.0,0.0,16888.4593544837,0.0
12.790000000000001,218.833281,225.465575,4,0.0,0.0,16801.24311780855,0.0
12.8,232.483727,226.518298,5,0.0,0.0,16879.689927520893,0.0
12.81,232.483727,227.413112,5,0.0,0.0,16946.369674791484,0.0
12.82,232.483727,228.173705,5,0.0,0.0,17003.047541941287,0.0
12.83,232.483727,228.820208,5,0.0,0.0,17051.22365077472,0.0
12.84,232.483727,229.369736,5,0.0,0.0,17092.173376816238,0.0
12.85,232.483727,229.836835,5,0.0,0.0,17126.980658855126,0.0
12.86,242.231538,231.69604,5,0.0,0.0,17265.52489209714,0.0
12.870000000000001,242.231538,233.276365,5,0.0,0.0,17383.287546241354,0.0
12.88,242.231538,234.619641,5,0.0,0.0,17483.385783634432,0.0
12.89,229.169356,233.802098,5,0.0,0.0,17422.464116536197,0.0
12.9,225.277635,232.523428,5,0.0,0.0,17327.180188879178,0.0
12.91,225.277635,231.436559,5,0.0,0.0,17246.18888762971,0.0
12.92,225.277635,230.512721,5,0.0,0.0,17177.346330004362,0.0
12.93,225.277635,229.727458,5,0.0,0.0,17118.830103860215,0.0
12.94,225.277635,229.059984,5,0.0,0.0,17069.09127810459,0.0
12.950000000000001,225.277635,228.492632,5,0.0,0.0,17026.81334327851,0.0
12.96,220.425809,227.282608,5,0.0,0.0,16936.644778066802,0.0
12.97,220.425809,226.254089,5,0.0,0.0,16860.00160196204,0.0
12.98,218.735487,225.126298,5,0.0,0.0,16775.960875225483,0.0
12.99,218.735487,224.167677,5,0.0,0.0,16704.526358098705,0.0
13.0,232.302849,225.387952,5,0.0,0.0,16795.458807301133,0.0
13.01,232.302849,226.425187,5,0.0,0.0,16872.751482270694,0.0
13.02,232.302849,227.306836,5,0.0,0.0,16938.450200106323,0.0
13.030000000000001,232.302849,228.056238,5,0.0,0.0,16994.294136347904,0.0
13.040000000000001,232.302849,228.69323,5,0.0,0.0,17041.76150450865,0.0
13.05,232.302849,229.234672,5,0.0,0.0,17082.108678023687,0.0
13.06,232.302849,229.694899,5,0.0,0.0,17116.403872384864,0.0
13.07,232.302849,230.086091,5,0.0,0.0,17145.554716799772,0.0
13.08,227.489266,229.696568,5,0.0,0.0,17116.528242922424,0.0
13.09,227.489266,229.365472,6,0.0,0.0,17091.855632075585,0.0
13.1,235.085975,230.223548,6,0.0,0.0,17155.797737159948,0.0
13.11,235.085975,230.952912,6,0.0,0.0,17210.148481770862,0.0
13.120000000000001,235.085975,231.572871,6,0.0,0.0,17256.346584882933,0.0
13.13,235.085975,232.099837,6,0.0,0.0,17295.6150358685,0.0
13.14,235.085975,232.547757,6,0.0,0.0,17328.993137236426,0.0
13.15,235.085975,232.92849,6,0.0,0.0,17357.364597917167,0.0
13.16,217.823679,230.662768,6,0.0,0.0,17188.527531951033,0.0
13.17,217.823679,228.736905,6,0.0,0.0,17045.016078042416,0.0
13.18,234.358361,229.580123,6,0.0,0.0,17107.850994722325,0.0
13.19,234.358361,230.296859,6,0.0,0.0,17161.260726062843,0.0
13.200000000000001,221.694209,229.006461,6,0.0,0.0,17065.10285133304,0.0
13.21,221.694209,227.909624,6,0.0,0.0,16983.368754686097,0.0
13.22,221.694209,226.977312,6,0.0,0.0,16913.894731551303,0.0
13.23,221.694209,226.184846,6,0.0,0.0,16854.84175227232,0.0
13.24,221.694209,225.511251,6,0.0,0.0,16804.64680185499,0.0
13.25,221.694209,224.938695,6,0.0,0.0,16761.981075370757,0.0
13.26,221.694209,224.452022,6,0.0,0.0,16725.715178051963,0.0
13.27,235.282532,226.076598,6,0.0,0.0,16846.775328096406,0.0
13.280000000000001,235.282532,227.457488,6,0.0,0.0,16949.67648544139,0.0
13.290000000000001,218.749661,226.151314,6,0.0,0.0,16852.343014785565,0.0
13.3,231.659311,226.977514,6,0.0,0.0,16913.909784186762,0.0
13.31,231.659311,227.679783,6,0.0,0.0,16966.24146365978,0.0
13.32,231.659311,228.276713,6,0.0,0.0,17010.723491811146,0.0
13.33,231.659311,228.784102,6,0.0,0.0,17048.533103962807,0.0
13.34,231.659311,229.215384,6,0.0,0.0,17080.67137489102,0.0
13.35,231.659311,229.581973,7,0.0,0.0,17107.9888530174,0.0
13.36,231.659311,229.893574,7,0.0,0.0,17131.208735506123,0.0
13.370000000000001,228.183145,229.637009,7,0.0,0.0,17112.09002551893,0.0
13.38,228.183145,229.41893,7,0.0,0.0,17095.83921517731,0.0
13.39,249.9922,232.50492,7,0.0,0.0,17325.801009784434,0.0
13.4,227.341252,231.73037,7,0.0,0.0,17268.083094945774,0.0
13.41,227.341252,231.072002,7,0.0,0.0,17219.02283007392,0.0
13.42,227.341252,230.51239,7,0.0,0.0,17177.321664547242,0.0
13.43,227.341252,230.036719,7,0.0,0.0,17141.875614235163,0.0
13.44,227.341252,229.632399,7,0.0,0.0,17111.746497551198,0.0
13.450000000000001,227.341252,229.288727,7,0.0,0.0,17086.136748369827,0.0
13.46,227.341252,228.996605,7,0.0,0.0,17064.368401951262,0.0
13.47,213.84294,226.723556,7,0.0,0.0,16894.98534261863,0.0
13.48,213.84294,224.791463,7,0.0,0.0,16751.009641586592,0.0
13.49,234.316058,226.220153,7,0.0,0.0,16857.47275920436,0.0
13.5,224.999264,226.037019,7,0.0,0.0,16843.825980279744,0.0
13.51,224.999264,225.881356,7,0.0,0.0,16832.226285260014,0.0
13.52,224.999264,225.749042,7,0.0,0.0,16822.36651096015,0.0
13.530000000000001,224.999264,225.636575,7,0.0,0.0,16813.98569535346,0.0
13.540000000000001,224.999264,225.540979,7,0.0,0.0,16806.862072879874,0.0
13.55,224.999264,225.459722,7,0.0,0.0,16800.806963970128,0.0
13.56,224.999264,225.390653,7,0.0,0.0,16795.660080411944,0.0
13.57,229.427366,225.99616,7,0.0,0.0,16840.78124942648,0.0
13.58,229.427366,226.510841,7,0.0,0.0,16879.134246814738,0.0
13.59,234.328416,227.683477,7,0.0,0.0,16966.516733141954,0.0
13.6,231.36817,228.236181,8,0.0,0.0,17007.703128343015,0.0
13.61,231.36817,228.705979,8,0.0,0.0,17042.71153445672,0.0
13.620000000000001,231.36817,229.105308,8,0.0,0.0,17072.46873181597,0.0
13.63,231.36817,229.444737,8,0.0,0.0,17097.762301134633,0.0
13.64,231.36817,229.733252,8,0.0,0.0,17119.261861136798,0.0
13.65,231.36817,229.97849,8,0.0,0.0,17137.53650576813,0.0
13.66,231.36817,230.186942,8,0.0,0.0,17153.069931349368,0.0
13.67,239.774791,231.625119,8,0.0,0.0,17260.240001207887,0.0
13.68,239.774791,232.84757,8,0.0,0.0,17351.334601572522,0.0
13.69,239.774791,233.886653,8,0.0,0.0,17428.764985801165,0.0
13.700000000000001,225.078084,232.565368,8,0.0,0.0,17330.30547368756,0.0
13.71,225.078084,231.442275,8,0.0,0.0,17246.614832502495,0.0
13.72,225.078084,230.487646,8,0.0,0.0,17175.477791221096,0.0
13.73,225.078084,229.676212,8,0.0,0.0,17115.011354568596,0.0
13.74,225.078084,228.986493,8,0.0,0.0,17063.61487596218,0.0
13.75,225.078084,228.400231,8,0.0,0.0,17019.927805806423,0.0
13.76,225.078084,227.901909,8,0.0,0.0,16982.79384833663,0.0
13.77,224.798093,227.436337,8,0.0,0.0,16948.100355279676,0.0
13.780000000000001,224.798093,227.0406,8,0.0,0.0,16918.61082656687,0.0
13.790000000000001,218.386452,225.742478,8,0.0,0.0,16821.877374825617,0.0
13.8,234.118577,226.998893,8,0.0,0.0,16915.502904451863,0.0
13.81,234.118577,228.066845,8,0.0,0.0,16995.084548745675,0.0
13.82,234.118577,228.974605,8,0.0,0.0,17062.729006009813,0.0
13.83,234.118577,229.746201,8,0.0,0.0,17120.226794684335,0.0
13.84,234.118577,230.402057,8,0.0,0.0,17169.099870346876,0.0
13.85,234.118577,230.959535,8,0.0,0.0,17210.642014467234,0.0
13.86,234.118577,231.433392,8,0.0,0.0,17245.95288913214,0.0
13.870000000000001,223.964936,230.313123,8,0.0,0.0,17162.472686771558,0.0
13.88,223.964936,229.360895,9,0.0,0.0,17091.514563201763,0.0
13.89,234.372973,230.112707,9,0.0,0.0,17147.538087816934,0.0
13.9,235.474481,230.916973,9,0.0,0.0,17207.47037946451,0.0
13.91,235.474481,231.600599,9,0.0,0.0,17258.41281991314,0.0
13.92,235.474481,232.181682,9,0.0,0.0,17301.713961360678,0.0
13.93,235.474481,232.675602,9,0.0,0.0,17338.519890606192,0.0
13.94,235.474481,233.095434,9,0.0,0.0,17369.80493046487,0.0
13.950000000000001,235.474481,233.452291,9,0.0,0.0,17396.39719944115,0.0
13.96,235.474481,233.755619,9,0.0,0.0,17419.000594537894,0.0
13.97,221.905136,231.978047,9,0.0,0.0,17286.539488972623,0.0
13.98,221.905136,230.46711,9,0.0,0.0,17173.947489627746,0.0
13.99,221.905136,229.182814,9,0.0,0.0,17078.244323717703,0.0
14.0,226.912696,228.842296,9,0.0,0.0,17052.869604299936,0.0
14.01,226.912696,228.552856,9,0.0,0.0,17031.301115150232,0.0
14.02,226.912696,228.306832,9,0.0,0.0,17012.96789937299,0.0
14.030000000000001,226.912696,228.097712,9,0.0,0.0,16997.38469576953,0.0
14.040000000000001,226.912696,227.91996,9,0.0,0.0,16984.138972706587,0.0
14.05,226.912696,227.76887,9,0.0,0.0,16972.880048488692,0.0
14.06,226.912696,227.640444,9,0.0,0.0,16963.310000162477,0.0
14.07,226.912696,227.531282,9,0.0,0.0,16955.175466536995,0.0
14.08,226.912696,227.438494,9,0.0,0.0,16948.26109059993,0.0
14.09,226.912696,227.359624,9,0.0,0.0,16942.383856149834,0.0
14.1,224.089915,226.869168,10,0.0,0.0,16905.836057247107,0.0
14.11,224.089915,226.45228,10,0.0,0.0,16874.77039837259,0.0
14.120000000000001,224.089915,226.097925,10,0.0,0.0,16848.36457342565,0.0
14.13,224.089915,225.796723,10,0.0,0.0,16825.919603591254,0.0
14.14,224.089915,225.540702,10,0.0,0.0,16806.841431394612,0.0
14.15,224.089915,225.323084,10,0.0,0.0,16790.624973849768,0.0
14.16,249.697491,228.979245,10,0.0,0.0,17063.07476951747,0.0
14.17,249.697491,232.086982,10,0.0,0.0,17294.65710701271,0.0
14.18,234.371684,232.429687,10,0.0,0.0,17320.194797290653,0.0
14.19,234.371684,232.720987,10,0.0,0.0,17341.901889915403,0.0
14.200000000000001,231.365321,232.517637,10,0.0,0.0,17326.74865515659,0.0
14.21,231.365321,232.344789,10,0.0,0.0,17313.868368352596,0.0
14.22,231.365321,232.197869,10,0.0,0.0,17302.9201841836,0.0
14.23,231.365321,232.072987,10,0.0,0.0,17293.614227639955,0.0
14.24,231.365321,231.966837,10,0.0,0.0,17285.704142222457,0.0
14.25,231.365321,231.87661,10,0.0,0.0,17278.980606876583,0.0
14.26,217.968287,229.790361,10,0.0,0.0,17123.517509446807,0.0
14.27,217.968287,228.01705,10,0.0,0.0,16991.3739250682,0.0
14.280000000000001,217.968287,226.509736,10,0.0,0.0,16879.05190442768,0.0
14.290000000000001,229.166315,226.908223,10,0.0,0.0,16908.74635763317,0.0
14.3,226.187406,226.8001,10,0.0,0.0,16900.689248206923,0.0
14.31,226.187406,226.708196,10,0.0,0.0,16893.84074617951,0.0
14.32,226.187406,226.630078,10,0.0,0.0,16888.01954926341,0.0
14.33,226.187406,226.563677,10,0.0,0.0,16883.071479722123,0.0
14.34,226.187406,226.507236,10,0.0,0.0,16878.865609434335,0.0
14.35,226.187406,226.459262,10,0.0,0.0,16875.29068303001,0.0
14.36,229.84443,226.967037,10,0.0,0.0,16913.129059128645,0.0
14.370000000000001,229.84443,227.398646,10,0.0,0.0,16945.291697441986,0.0
14.38,234.373195,228.444828,10,0.0,0.0,17023.251084933734,0.0
14.39,234.373195,229.334083,10,0.0,0.0,17089.51658665712,0.0
14.4,230.889352,229.567374,11,0.0,0.0,17106.90096477425,0.0
14.41,230.889352,229.76567,11,0.0,0.0,17121.677585574518,0.0
14.42,230.889352,229.934222,11,0.0,0.0,17134.237743061945,0.0
14.43,230.889352,230.077492,11,0.0,0.0,17144.91393654065,0.0
14.44,230.889352,230.199271,11,0.0,0.0,17153.98866373856,0.0
14.450000000000001,230.889352,230.302783,11,0.0,0.0,17161.702170679077,0.0
14.46,240.651562,231.8551,11,0.0,0.0,17277.377724753827,0.0
14.47,240.651562,233.174569,11,0.0,0.0,17375.701912184264,0.0
14.48,240.651562,234.296118,11,0.0,0.0,17459.27749758144,0.0
14.49,218.748454,231.963968,11,0.0,0.0,17285.490350088094,0.0
14.5,226.304195,231.115002,11,0.0,0.0,17222.22710395948,0.0
14.51,226.304195,230.393381,11,0.0,0.0,17168.453352201966,0.0
14.52,226.304195,229.780003,11,0.0,0.0,17122.745652030375,0.0
14.530000000000001,226.304195,229.258632,11,0.0,0.0,17083.894129239925,0.0
14.540000000000001,226.304195,228.815466,11,0.0,0.0,17050.870286431338,0.0
14.55,226.304195,228.438776,11,0.0,0.0,17022.80010201384,0.0
14.56,218.735581,226.983296,11,0.0,0.0,16914.340647247373,0.0
14.57,218.735581,225.746139,11,0.0,0.0,16822.15018521387,0.0
14.58,218.735581,224.694555,11,0.0,0.0,16743.7882515005,0.0
14.59,239.583413,226.927884,11,0.0,0.0,16910.211455978842,0.0
14.6,226.38486,226.84643,11,0.0,0.0,16904.14166702362,0.0
14.61,226.38486,226.777195,11,0.0,0.0,16898.98241347788,0.0
14.620000000000001,226.38486,226.718344,11,0.0,0.0,16894.5969548165,0.0
14.63,226.38486,226.668322,11,0.0,0.0,16890.86941555363,0.0
14.64,226.38486,226.625802,11,0.0,0.0,16887.700910306787,0.0
14.65,226.38486,226.589661,11,0.0,0.0,16885.00775536497,0.0
14.66,229.549163,227.033586,12,0.0,0.0,16918.088157333535,0.0
14.67,229.549163,227.410923,12,0.0,0.0,16946.20655489531,0.0
14.68,229.549163,227.731659,12,0.0,0.0,16970.107159289724,0.0
14.69,239.584891,229.509644,12,0.0,0.0,17102.599040787893,0.0
14.700000000000001,226.244622,229.019891,12,0.0,0.0,17066.103628037294,0.0
14.71,226.244622,228.6036,12,0.0,0.0,17035.082456407188,0.0
14.72,226.244622,228.249754,12,0.0,0.0,17008.714561120894,0.0
14.73,226.244622,227.948984,12,0.0,0.0,16986.301783061343,0.0
14.74,226.244622,227.69333,12,0.0,0.0,16967.25095896973,0.0
14.75,226.244622,227.476024,12,0.0,0.0,16951.057751040054,0.0
14.76,229.746969,227.816665,12,0.0,0.0,16976.441636171494,0.0
14.77,229.746969,228.106211,12,0.0,0.0,16998.01802422891,0.0
14.780000000000001,218.747506,226.702405,12,0.0,0.0,16893.40921245692,0.0
14.790000000000001,218.747506,225.50917,12,0.0,0.0,16804.49172990253,0.0
14.8,224.901105,225.417961,12,0.0,0.0,16797.695017883267,0.0
14.81,224.901105,225.340432,12,0.0,0.0,16791.9177120676,0.0
14.82,224.901105,225.274533,12,0.0,0.0,16787.00705056098,0.0
14.83,224.901105,225.218519,12,0.0,0.0,16782.832999458053,0.0
14.84,224.901105,225.170907,12,0.0,0.0,16779.285048568767,0.0
14.85,224.901105,225.130436,12,0.0,0.0,16776.269230698468,0.0
14.86,229.566018,225.795774,12,0.0,0.0,16825.848886011776,0.0
14.870000000000001,229.566018,226.36131,12,0.0,0.0,16867.991496154697,0.0
14.88,234.371543,227.562845,12,0.0,0.0,16957.527478087,0.0
14.89,234.371543,228.58415,12,0.0,0.0,17033.63308135895,0.0
14.9,230.338013,228.847229,13,0.0,0.0,17053.237201580807,0.0
14.91,230.338013,229.070847,13,0.0,0.0,17069.900767109684,0.0
14.92,230.338013,229.260922,13,0.0,0.0,17084.064775453826,0.0
14.93,230.338013,229.422485,13,0.0,0.0,17096.104126657854,0.0
14.94,230.338013,229.559814,13,0.0,0.0,17106.337608714373,0.0
14.950000000000001,230.338013,229.676544,13,0.0,0.0,17115.036094543717,0.0
14.96,241.69392,231.479151,13,0.0,0.0,17249.362758172356,0.0
14.97,241.69392,233.011366,13,0.0,0.0,17363.540351464606,0.0
14.98,234.374801,233.215881,13,0.0,0.0,17378.78039969032,0.0
14.99,234.374801,233.389719,13,0.0,0.0,17391.73445931168,0.0
15.0,222.209045,231.712618,13,0.0,0.0,17266.760251457017,0.0
15.01,222.209045,230.287082,13,0.0,0.0,17160.53216360286,0.0
15.02,222.209045,229.075376,13,0.0,0.0,17070.23825911963,0.0
15.030000000000001,222.209045,228.045427,13,0.0,0.0,16993.488522278676,0.0
15.040000000000001,222.209045,227.169969,13,0.0,0.0,16928.251145364575,0.0
15.05,222.209045,226.425831,13,0.0,0.0,16872.799471860977,0.0
15.06,222.209045,225.793313,13,0.0,0.0,16825.665497220332,0.0
15.07,222.209045,225.255673,13,0.0,0.0,16785.601641131172,0.0
15.08,235.342814,226.768744,13,0.0,0.0,16898.35266188237,0.0
15.09,235.342814,228.054854,13,0.0,0.0,16994.191003439588,0.0
15.1,224.582745,227.534038,13,0.0,0.0,16955.380838137662,0.0
15.11,224.582745,227.091344,13,0.0,0.0,16922.39216782382,0.0
15.120000000000001,224.582745,226.715054,13,0.0,0.0,16894.351790605262,0.0
15.13,224.582745,226.395208,13,0.0,0.0,16870.517507228476,0.0
15.14,224.582745,226.123338,13,0.0,0.0,16850.258299292014,0.0
15.15,224.582745,225.892249,13,0.0,0.0,16833.038009805026,0.0
15.16,230.139182,226.529289,13,0.0,0.0,16880.508954829646,0.0
15.17,230.139182,227.070773,13,0.0,0.0,16920.85925810057,0.0
15.18,234.36893,228.165496,13,0.0,0.0,17002.435823701133,0.0
15.19,234.36893,229.096011,14,0.0,0.0,17071.775937994713,0.0
15.200000000000001,236.634247,230.226747,14,0.0,0.0,17156.036120233435,0.0
15.21,236.634247,231.187872,14,0.0,0.0,17227.65723042555,0.0
15.22,236.634247,232.004828,14,0.0,0.0,17288.53515545935,0.0
15.23,236.634247,232.699241,14,0.0,0.0,17340.281421545278,0.0
15.24,236.634247,233.289492,14,0.0,0.0,17384.265743992415,0.0
15.25,236.634247,233.791205,14,0.0,0.0,17421.65239199119,0.0
15.26,230.291302,233.26622,14,0.0,0.0,17382.531561158354,0.0
15.27,230.291302,232.819982,14,0.0,0.0,17349.278799061947,0.0
15.280000000000001,230.291302,232.44068,14,0.0,0.0,17321.0139736354,0.0
15.290000000000001,229.170074,231.950089,14,0.0,0.0,17284.45611480303,0.0
15.3,218.416883,229.920108,14,0.0,0.0,17133.18599604751,0.0
15.31,218.416883,228.194624,14,0.0,0.0,17004.60638392761,0.0
15.32,218.416883,226.727963,14,0.0,0.0,16895.313743432904,0.0
15.33,218.416883,225.481301,14,0.0,0.0,16802.414987834698,0.0
15.34,218.416883,224.421638,14,0.0,0.0,16723.451023220827,0.0
15.35,218.416883,223.520925,14,0.0,0.0,16656.331694283934,0.0
15.36,230.181787,224.520054,14,0.0,0.0,16730.784786446908,0.0
15.370000000000001,230.181787,225.369314,14,0.0,0.0,16794.069940866735,0.0
15.38,230.181787,226.091185,14,0.0,0.0,16847.862322123587,0.0
15.39,229.173901,226.553592,14,0.0,0.0,16882.319965718965,0.0
15.4,226.934301,226.610699,14,0.0,0.0,16886.57546499298,0.0
15.41,226.934301,226.659239,14,0.0,0.0,16890.1925685838,0.0
15.42,226.934301,226.700498,14,0.0,0.0,16893.267106635998,0.0
15.43,226.934301,226.735569,14,0.0,0.0,16895.88052732066,0.0
15.44,226.934301,226.765378,14,0.0,0.0,16898.101834303325,0.0
15.450000000000001,226.934301,226.790717,15,0.0,0.0,16899.99004583789,0.0
15.46,239.649411,228.719521,15,0.0,0.0,17043.72065717668,0.0
15.47,239.649411,230.359005,15,0.0,0.0,17165.891721525455,0.0
15.48,239.649411,231.752566,15,0.0,0.0,17269.73709641471,0.0
15.49,239.585418,232.927493,15,0.0,0.0,17357.29030347382,0.0
15.5,227.249204,232.07575,15,0.0,0.0,17293.820120866603,0.0
15.51,227.249204,231.351768,15,0.0,0.0,17239.87043211737,0.0
15.52,227.249204,230.736383,15,0.0,0.0,17194.01317432512,0.0
15.530000000000001,227.249204,230.213306,15,0.0,0.0,17155.034523831207,0.0
15.540000000000001,227.249204,229.768691,15,0.0,0.0,17121.902704444477,0.0
15.55,227.249204,229.390768,15,0.0,0.0,17093.74063933626,0.0
15.56,217.41269,227.594056,15,0.0,0.0,16959.85325930193,0.0
15.57,217.41269,226.066851,15,0.0,0.0,16846.049001176347,0.0
15.58,217.41269,224.768727,15,0.0,0.0,16749.315400399104,0.0
15.59,229.1763,225.429863,15,0.0,0.0,16798.581931087592,0.0
15.6,234.052525,226.723262,15,0.0,0.0,16894.963434327412,0.0
15.610000000000001,234.052525,227.822652,15,0.0,0.0,16976.88777542156,0.0
15.620000000000001,234.052525,228.757133,15,0.0,0.0,17046.523428092587,0.0
15.63,234.052525,229.551441,15,0.0,0.0,17105.713669522655,0.0
15.64,234.052525,230.226604,15,0.0,0.0,17156.025464159815,0.0
15.65,234.052525,230.800492,15,0.0,0.0,17198.790448616503,0.0
15.66,218.457552,228.949051,15,0.0,0.0,17060.82477310582,0.0
15.67,218.457552,227.375326,15,0.0,0.0,16943.553937744047,0.0
15.68,234.365672,228.423878,15,0.0,0.0,17021.689932889487,0.0
15.69,234.365672,229.315147,15,0.0,0.0,17088.105513859515,0.0
15.700000000000001,230.951302,229.56057,16,0.0,0.0,17106.393944320364,0.0
15.71,230.951302,229.76918,16,0.0,0.0,17121.93914374518,0.0
15.72,230.951302,229.946498,16,0.0,0.0,17135.152525997273,0.0
15.73,230.951302,230.097219,16,0.0,0.0,17146.383953074153,0.0
15.74,230.951302,230.225331,16,0.0,0.0,17155.930602749206,0.0
15.75,230.951302,230.334227,16,0.0,0.0,17164.045314587394,0.0
15.76,240.443238,231.850579,16,0.0,0.0,17277.04082888786,0.0
15.77,240.443238,233.139478,16,0.0,0.0,17373.087001139655,0.0
15.780000000000001,240.443238,234.235042,16,0.0,0.0,17454.726236375984,0.0
15.790000000000001,229.254708,233.487992,16,0.0,0.0,17399.05756646414,0.0
15.8,218.888695,231.298097,16,0.0,0.0,17235.870976682207,0.0
15.81,218.888695,229.436687,16,0.0,0.0,17097.162431256053,0.0
15.82,218.888695,227.854488,16,0.0,0.0,16979.260130384835,0.0
15.83,218.888695,226.509619,16,0.0,0.0,16879.043185821993,0.0
15.84,218.888695,225.36648,16,0.0,0.0,16793.858756862275,0.0
15.85,218.888695,224.394812,16,0.0,0.0,16721.45200342422,0.0
15.860000000000001,229.478679,225.157392,16,0.0,0.0,16778.277937834733,0.0
15.870000000000001,229.478679,225.805585,16,0.0,0.0,16826.579982083666,0.0
15.88,218.73307,224.744708,16,0.0,0.0,16747.525552621028,0.0
15.89,218.73307,223.842962,16,0.0,0.0,16680.329246592883,0.0
15.9,230.913785,224.903586,16,0.0,0.0,16759.364823002197,0.0
15.91,230.913785,225.805116,16,0.0,0.0,16826.545033142913,0.0
15.92,230.913785,226.571416,16,0.0,0.0,16883.648174503527,0.0
15.93,230.913785,227.222771,16,0.0,0.0,16932.185844660045,0.0
15.94,230.913785,227.776423,16,0.0,0.0,16973.44288292259,0.0
15.950000000000001,230.913785,228.247027,16,0.0,0.0,17008.51135054215,0.0
15.96,229.671612,228.460715,16,0.0,0.0,17024.434952357453,0.0
15.97,229.671612,228.64235,17,0.0,0.0,17037.97002880406,0.0
15.98,234.333207,229.495978,17,0.0,0.0,17101.580677836264,0.0
15.99,234.333207,230.221563,17,0.0,0.0,17155.64981893523,0.0
16.0,233.952582,230.781215,17,0.0,0.0,17197.353965181803,0.0
16.01,233.952582,231.25692,17,0.0,0.0,17232.802549105792,0.0
16.02,233.952582,231.66127,17,0.0,0.0,17262.933901329678,0.0
16.03,233.952582,232.004966,17,0.0,0.0,17288.545438942983,0.0
16.04,233.952582,232.297109,17,0.0,0.0,17310.315350239493,0.0
16.05,233.952582,232.54543,17,0.0,0.0,17328.81973385662,0.0
16.06,233.952582,232.756502,17,0.0,0.0,17344.54839659089,0.0
16.07,233.952582,232.935914,17,0.0,0.0,17357.91781952941,0.0
16.080000000000002,221.231232,231.180212,17,0.0,0.0,17227.086422565935,0.0
16.09,221.231232,229.687865,17,0.0,0.0,17115.879712791586,0.0
16.1,224.49051,228.908262,17,0.0,0.0,17057.78525851238,0.0
16.11,224.49051,228.245599,17,0.0,0.0,17008.40493884195,0.0
16.12,224.49051,227.682336,17,0.0,0.0,16966.43170810699,0.0
16.13,224.49051,227.203562,17,0.0,0.0,16930.754428449167,0.0
16.14,224.49051,226.796604,17,0.0,0.0,16900.428733288227,0.0
16.15,224.49051,226.45069,17,0.0,0.0,16874.65191475682,0.0
16.16,230.267432,227.023201,17,0.0,0.0,16917.31428793117,0.0
16.17,230.267432,227.509836,17,0.0,0.0,16953.577353566066,0.0
16.18,230.267432,227.923475,17,0.0,0.0,16984.40090346723,0.0
16.19,229.212456,228.116822,17,0.0,0.0,16998.808734698676,0.0
16.2,234.495491,229.073623,18,0.0,0.0,17070.107629070295,0.0
16.21,234.495491,229.886903,18,0.0,0.0,17130.711625945878,0.0
16.22,234.495491,230.578191,18,0.0,0.0,17182.225023290124,0.0
16.23,234.495491,231.165786,18,0.0,0.0,17226.011425936325,0.0
16.240000000000002,234.495491,231.665242,18,0.0,0.0,17263.229886815105,0.0
16.25,234.495491,232.089779,18,0.0,0.0,17294.865533851265,0.0
16.26,228.687684,231.579465,18,0.0,0.0,17256.837956557385,0.0
16.27,228.687684,231.145698,18,0.0,0.0,17224.51450840579,0.0
16.28,228.687684,230.776996,18,0.0,0.0,17197.039573751033,0.0
16.29,239.652809,232.108368,18,0.0,0.0,17296.250748903796,0.0
16.3,226.333588,231.242151,18,0.0,0.0,17231.701992803097,0.0
16.31,226.333588,230.505866,18,0.0,0.0,17176.835509132605,0.0
16.32,226.333588,229.880025,18,0.0,0.0,17130.19909116018,0.0
16.330000000000002,226.333588,229.348059,18,0.0,0.0,17090.558050187927,0.0
16.34,226.333588,228.895889,18,0.0,0.0,17056.86324733131,0.0
16.35,226.333588,228.511544,18,0.0,0.0,17028.22262764418,0.0
16.36,218.687387,227.03792,18,0.0,0.0,16918.411118334003,0.0
16.37,218.687387,225.78534,18,0.0,0.0,16825.071365227544,0.0
16.38,234.35317,227.070514,18,0.0,0.0,16920.839957939254,0.0
16.39,234.35317,228.162913,18,0.0,0.0,17002.243343714006,0.0
16.4,230.952627,228.58137,18,0.0,0.0,17033.425921326347,0.0
16.41,230.952627,228.937058,18,0.0,0.0,17059.93107876374,0.0
16.42,230.952627,229.239394,18,0.0,0.0,17082.46055200712,0.0
16.43,230.952627,229.496379,18,0.0,0.0,17101.61055955319,0.0
16.44,230.952627,229.714816,18,0.0,0.0,17117.888047337863,0.0
16.45,230.952627,229.900488,18,0.0,0.0,17131.72395293972,0.0
16.46,218.68327,228.217905,18,0.0,0.0,17006.341237423654,0.0
16.47,218.68327,226.78771,18,0.0,0.0,16899.765970219898,0.0
16.48,234.28658,227.91254,18,0.0,0.0,16983.586049166337,0.0
16.490000000000002,234.28658,228.868646,18,0.0,0.0,17054.83315352981,0.0
16.5,237.369669,230.1438,19,0.0,0.0,17149.855075908185,0.0
16.51,237.369669,231.22768,19,0.0,0.0,17230.623642863608,0.0
16.52,237.369669,232.148979,19,0.0,0.0,17299.276999293714,0.0
16.53,237.369669,232.932082,19,0.0,0.0,17357.632266563607,0.0
16.54,237.369669,233.59772,19,0.0,0.0,17407.23427727612,0.0
16.55,237.369669,234.163513,19,0.0,0.0,17449.396038544346,0.0
16.56,239.983675,235.036537,19,0.0,0.0,17514.45203865293,0.0
16.57,239.983675,235.778608,19,0.0,0.0,17569.749683456022,0.0
16.580000000000002,218.702487,233.21719,19,0.0,0.0,17378.877943748834,0.0
16.59,218.702487,231.039984,19,0.0,0.0,17216.636912835133,0.0
16.6,219.305778,229.279853,19,0.0,0.0,17085.475475661442,0.0
16.61,219.305778,227.783742,19,0.0,0.0,16973.98828014511,0.0
16.62,219.305778,226.512047,19,0.0,0.0,16879.22411551953,0.0
16.63,219.305778,225.431107,19,0.0,0.0,16798.674631476282,0.0
16.64,219.305778,224.512308,19,0.0,0.0,16730.20757003952,0.0
16.65,219.305778,223.731328,19,0.0,0.0,16672.010504477978,0.0
16.66,228.677349,224.473231,19,0.0,0.0,16727.295630257522,0.0
16.67,228.677349,225.103849,19,0.0,0.0,16774.28802070323,0.0
16.68,234.373137,226.494242,19,0.0,0.0,16877.89732257692,0.0
16.69,234.373137,227.676076,19,0.0,0.0,16965.965225443648,0.0
16.7,225.266748,227.314677,19,0.0,0.0,16939.034495723452,0.0
16.71,225.266748,227.007488,19,0.0,0.0,16916.14338663899,0.0
16.72,225.266748,226.746377,19,0.0,0.0,16896.685917835897,0.0
16.73,225.266748,226.524433,19,0.0,0.0,16880.147095434564,0.0
16.740000000000002,225.266748,226.33578,19,0.0,0.0,16866.089051682637,0.0
16.75,225.266748,226.175425,19,0.0,0.0,16854.139718219398,0.0
16.76,228.875131,226.580381,20,0.0,0.0,16884.316228349668,0.0
16.77,228.875131,226.924594,20,0.0,0.0,16909.9662917676,0.0
16.78,249.9994,230.385814,20,0.0,0.0,17167.889474516105,0.0
16.79,249.9994,233.327852,20,0.0,0.0,17387.12425437033,0.0
16.8,230.660505,232.92775,20,0.0,0.0,17357.309454599137,0.0
16.81,230.660505,232.587664,20,0.0,0.0,17331.96692695622,0.0
16.82,230.660505,232.29859,20,0.0,0.0,17310.42571139355,0.0
16.830000000000002,230.660505,232.052877,20,0.0,0.0,17292.115670713476,0.0
16.84,230.660505,231.844021,20,0.0,0.0,17276.552139861313,0.0
16.85,230.660505,231.666494,20,0.0,0.0,17263.323183347773,0.0
16.86,219.160936,229.79066,20,0.0,0.0,17123.539790328014,0.0
16.87,219.160936,228.196202,20,0.0,0.0,17004.723973327415,0.0
16.88,234.358888,229.120604,20,0.0,0.0,17073.608559103264,0.0
16.89,234.358888,229.906347,20,0.0,0.0,17132.16055388613,0.0
16.9,224.646489,229.117368,20,0.0,0.0,17073.367418863876,0.0
16.91,224.646489,228.446737,20,0.0,0.0,17023.393339790655,0.0
16.92,224.646489,227.876699,20,0.0,0.0,16980.91524962372,0.0
16.93,224.646489,227.392168,20,0.0,0.0,16944.80896985522,0.0
16.94,224.646489,226.980316,20,0.0,0.0,16914.1185836153,0.0
16.95,224.646489,226.630242,20,0.0,0.0,16888.031770214973,0.0
16.96,230.041624,227.141949,20,0.0,0.0,16926.163151079145,0.0
16.97,230.041624,227.576901,20,0.0,0.0,16958.574903057586,0.0
16.98,234.340001,228.591366,20,0.0,0.0,17034.170803227746,0.0
16.990000000000002,234.340001,229.453661,20,0.0,0.0,17098.42729974288,0.0
17.0,230.132678,229.555514,21,0.0,0.0,17106.017181325817,0.0
17.01,230.132678,229.642088,21,0.0,0.0,17112.468502427415,0.0
17.02,230.132678,229.715677,21,0.0,0.0,17117.952207333565,0.0
17.03,230.132678,229.778227,21,0.0,0.0,17122.6133080671,0.0
17.04,230.132678,229.831394,21,0.0,0.0,17126.575206431604,0.0
17.05,230.132678,229.876587,21,0.0,0.0,17129.94289828533,0.0
17.06,230.132678,229.915001,21,0.0,0.0,17132.805432635098,0.0
17.07,230.132678,229.947652,21,0.0,0.0,17135.2385197662,0.0
17.080000000000002,250.097685,232.970157,21,0.0,0.0,17360.469539312275,0.0
17.09,250.097685,235.539286,21,0.0,0.0,17551.91588729694,0.0
17.1,221.374183,233.414521,21,0.0,0.0,17393.58265468167,0.0
17.11,221.374183,231.60847,21,0.0,0.0,17258.999351070197,0.0
17.12,221.374183,230.073327,21,0.0,0.0,17144.60356908174,0.0
17.13,221.374183,228.768456,21,0.0,0.0,17047.367195376446,0.0
17.14,221.374183,227.659315,21,0.0,0.0,16964.716229290254,0.0
17.150000000000002,221.374183,226.716545,21,0.0,0.0,16894.46289693929,0.0
17.16,225.076958,226.470607,21,0.0,0.0,16876.136089709817,0.0
17.17,225.076958,226.26156,21,0.0,0.0,16860.558325920163,0.0
17.18,225.076958,226.08387,21,0.0,0.0,16847.317222973055,0.0
17.19,229.183527,226.548818,21,0.0,0.0,16881.964216799668,0.0
17.2,225.495007,226.390746,21,0.0,0.0,16870.185007924356,0.0
17.21,225.495007,226.256385,21,0.0,0.0,16860.172695283934,0.0
17.22,225.495007,226.142179,21,0.0,0.0,16851.66229287988,0.0
17.23,225.495007,226.045103,21,0.0,0.0,16844.42838377023,0.0
17.240000000000002,225.495007,225.962588,21,0.0,0.0,16838.279531219832,0.0
17.25,225.495007,225.892451,21,0.0,0.0,16833.053062440486,0.0
17.26,230.854835,226.636809,21,0.0,0.0,16888.521129903493,0.0
17.27,230.854835,227.269513,21,0.0,0.0,16935.66896489165,0.0
17.28,234.369305,228.334481,22,0.0,0.0,17015.028247481405,0.0
17.29,234.369305,229.239705,22,0.0,0.0,17082.483727104292,0.0
17.3,236.932343,230.393601,22,0.0,0.0,17168.469746161376,0.0
17.31,236.932343,231.374412,22,0.0,0.0,17241.557817649104,0.0
17.32,236.932343,232.208102,22,0.0,0.0,17303.68272685037,0.0
17.330000000000002,236.932343,232.916738,22,0.0,0.0,17356.488862412443,0.0
17.34,236.932343,233.519079,22,0.0,0.0,17401.374107447406,0.0
17.35,236.932343,234.031068,22,0.0,0.0,17439.526502386827,0.0
17.36,229.75017,233.388934,22,0.0,0.0,17391.675962683767,0.0
17.37,229.75017,232.843119,22,0.0,0.0,17351.002921966367,0.0
17.38,229.75017,232.379177,22,0.0,0.0,17316.430893245077,0.0
17.39,229.207443,231.903417,22,0.0,0.0,17280.97821083124,0.0
17.400000000000002,219.89758,230.102541,22,0.0,0.0,17146.78053785599,0.0
17.41,219.89758,228.571797,22,0.0,0.0,17032.712560537824,0.0
17.42,219.89758,227.270664,22,0.0,0.0,16935.754735106588,0.0
17.43,219.89758,226.164702,22,0.0,0.0,16853.340661733935,0.0
17.44,219.89758,225.224634,22,0.0,0.0,16783.28867701178,0.0
17.45,219.89758,224.425576,22,0.0,0.0,16723.744475094347,0.0
17.46,227.953042,224.954696,22,0.0,0.0,16763.17343784618,0.0
17.47,227.953042,225.404447,22,0.0,0.0,16796.687981667234,0.0
17.48,227.953042,225.786737,22,0.0,0.0,16825.17546686983,0.0
17.490000000000002,229.172908,226.294662,22,0.0,0.0,16863.025020668065,0.0
17.5,234.64042,227.546526,22,0.0,0.0,16956.311418888425,0.0
17.51,234.64042,228.61061,22,0.0,0.0,17035.604827568535,0.0
17.52,234.64042,229.515082,22,0.0,0.0,17103.00426965742,0.0
17.53,234.64042,230.283882,22,0.0,0.0,17160.29370601138,0.0
17.54,234.64042,230.937363,23,0.0,0.0,17208.98980143024,0.0
17.55,234.64042,231.492821,23,0.0,0.0,17250.381419195975,0.0
17.56,228.555734,231.052258,23,0.0,0.0,17217.551546734467,0.0
17.57,228.555734,230.67778,23,0.0,0.0,17189.646196127083,0.0
17.580000000000002,234.369516,231.23154,23,0.0,0.0,17230.911282333334,0.0
17.59,234.369516,231.702237,23,0.0,0.0,17265.98668012665,0.0
17.6,231.520854,231.675029,23,0.0,0.0,17263.95919445506,0.0
17.61,231.520854,231.651903,23,0.0,0.0,17262.235891248605,0.0
17.62,231.520854,231.632245,23,0.0,0.0,17260.77101645692,0.0
17.63,231.520854,231.615537,23,0.0,0.0,17259.525969757386,0.0
17.64,231.520854,231.601334,23,0.0,0.0,17258.467590641187,0.0
17.650000000000002,231.520854,231.589262,23,0.0,0.0,17257.56800937731,0.0
17.66,228.588614,231.139165,23,0.0,0.0,17224.027682329175,0.0
17.67,228.588614,230.756582,23,0.0,0.0,17195.518363353363,0.0
17.68,228.588614,230.431387,23,0.0,0.0,17171.285483208816,0.0
17.69,218.732873,228.67661,23,0.0,0.0,17040.523015392882,0.0
17.7,226.685368,228.377924,23,0.0,0.0,17018.265532839792,0.0
17.71,226.685368,228.12404,23,0.0,0.0,16999.346605603463,0.0
17.72,226.685368,227.908239,23,0.0,0.0,16983.265547259783,0.0
17.73,226.685368,227.724809,23,0.0,0.0,16969.596711007955,0.0
17.740000000000002,226.685368,227.568892,23,0.0,0.0,16957.978088416905,0.0
17.75,226.685368,227.436364,23,0.0,0.0,16948.102367265605,0.0
17.76,240.045044,229.327666,23,0.0,0.0,17089.038404668197,0.0
17.77,240.045044,230.935272,23,0.0,0.0,17208.833984297806,0.0
17.78,218.729702,229.104437,23,0.0,0.0,17072.403826640286,0.0
17.79,218.729702,227.548227,23,0.0,0.0,16956.438174001898,0.0
17.8,231.057898,228.074677,24,0.0,0.0,16995.668173700833,0.0
17.81,231.057898,228.52216,24,0.0,0.0,17029.01371070393,0.0
17.82,231.057898,228.902521,24,0.0,0.0,17057.357450689655,0.0
17.830000000000002,231.057898,229.225828,24,0.0,0.0,17081.449640855226,0.0
17.84,231.057898,229.500638,24,0.0,0.0,17101.92793170386,0.0
17.85,231.057898,229.734227,24,0.0,0.0,17119.3345161842,0.0
17.86,240.343194,231.325572,24,0.0,0.0,17237.918358659084,0.0
17.87,240.343194,232.678215,24,0.0,0.0,17338.714606133235,0.0
17.88,240.343194,233.827962,24,0.0,0.0,17424.391450019364,0.0
17.89,229.157141,233.127339,24,0.0,0.0,17372.18242716996,0.0
17.900000000000002,226.973293,232.204232,24,0.0,0.0,17303.394342200667,0.0
17.91,226.973293,231.419591,24,0.0,0.0,17244.924466250868,0.0
17.92,226.973293,230.752647,24,0.0,0.0,17195.225135033834,0.0
17.93,226.973293,230.185744,24,0.0,0.0,17152.980658788558,0.0
17.94,226.973293,229.703876,24,0.0,0.0,17117.072820446974,0.0
17.95,226.973293,229.294289,24,0.0,0.0,17086.551217471027,0.0
17.96,217.805521,227.570973,24,0.0,0.0,16958.133160369365,0.0
17.97,217.805521,226.106156,24,0.0,0.0,16848.977931061745,0.0
17.98,217.805521,224.86106,24,0.0,0.0,16756.195870647374,0.0
17.990000000000002,229.137902,225.502587,24,0.0,0.0,16804.001177926053,0.0
18.0,232.186807,226.50522,24,0.0,0.0,16878.7153811517,0.0
18.01,232.186807,227.357458,24,0.0,0.0,16942.222450167603,0.0
18.02,232.186807,228.08186,24,0.0,0.0,16996.203436475716,0.0
18.03,232.186807,228.697602,24,0.0,0.0,17042.087297193015,0.0
18.04,232.186807,229.220983,24,0.0,0.0,17081.08860115812,0.0
18.05,232.186807,229.665856,24,0.0,0.0,17114.239646188158,0.0
18.06,232.186807,230.043999,24,0.0,0.0,17142.41810525579,0.0
18.07,232.186807,230.36542,25,0.0,0.0,17166.36975447838,0.0
18.080000000000002,234.149792,230.933076,25,0.0,0.0,17208.670342775647,0.0
18.09,234.149792,231.415583,25,0.0,0.0,17244.625798117533,0.0
18.1,236.667415,232.203358,25,0.0,0.0,17303.329213470995,0.0
18.11,236.667415,232.872967,25,0.0,0.0,17353.22713515093,0.0
18.12,236.667415,233.442134,25,0.0,0.0,17395.640320142185,0.0
18.13,236.667415,233.925926,25,0.0,0.0,17431.69153111065,0.0
18.14,236.667415,234.337149,25,0.0,0.0,17462.335045530242,0.0
18.150000000000002,236.667415,234.686689,25,0.0,0.0,17488.382066319995,0.0
18.16,219.271533,232.374416,25,0.0,0.0,17316.07611305975,0.0
18.17,219.271533,230.408983,25,0.0,0.0,17169.615981996445,0.0
18.18,219.271533,228.738366,25,0.0,0.0,17045.12494883653,0.0
18.19,218.684074,227.230222,25,0.0,0.0,16932.74107825822,0.0
18.2,234.029608,228.25013,25,0.0,0.0,17008.742579887894,0.0
18.21,234.029608,229.117052,25,0.0,0.0,17073.343871176712,0.0
18.22,234.029608,229.853935,25,0.0,0.0,17128.254916609618,0.0
18.23,234.029608,230.480286,25,0.0,0.0,17174.92933876068,0.0
18.240000000000002,234.029608,231.012684,25,0.0,0.0,17214.602571507785,0.0
18.25,234.029608,231.465223,25,0.0,0.0,17248.324871505425,0.0
18.26,218.457201,229.51402,25,0.0,0.0,17102.925131544245,0.0
18.27,218.457201,227.855497,25,0.0,0.0,16979.335319044145,0.0
18.28,218.457201,226.445752,25,0.0,0.0,16874.283944885963,0.0
18.29,229.266826,226.868913,25,0.0,0.0,16905.817055157786,0.0
18.3,234.066261,227.948516,26,0.0,0.0,16986.266908638594,0.0
18.31,234.066261,228.866177,26,0.0,0.0,17054.64916859438,0.0
18.32,234.066261,229.64619,26,0.0,0.0,17112.774175252496,0.0
18.330000000000002,234.066261,230.309201,26,0.0,0.0,17162.180427186,0.0
18.34,234.066261,230.87276,26,0.0,0.0,17204.175715248173,0.0
18.35,234.066261,231.351785,26,0.0,0.0,17239.87169892332,0.0
18.36,240.283629,232.691561,26,0.0,0.0,17339.709123325716,0.0
18.37,240.283629,233.830372,26,0.0,0.0,17424.571038392947,0.0
18.38,240.283629,234.79836,26,0.0,0.0,17496.7035656008,0.0
18.39,239.584763,235.516321,26,0.0,0.0,17550.20458148806,0.0
18.400000000000002,219.710749,233.145485,26,0.0,0.0,17373.534630749673,0.0
18.41,219.710749,231.130274,26,0.0,0.0,17223.365142814837,0.0
18.42,219.710749,229.417346,26,0.0,0.0,17095.721178669526,0.0
18.43,219.710749,227.961356,26,0.0,0.0,16987.22371972442,0.0
18.44,219.710749,226.723765,26,0.0,0.0,16895.00091688007,0.0
18.45,219.710749,225.671813,26,0.0,0.0,16816.611560543683,0.0
18.46,228.239292,226.056935,26,0.0,0.0,16845.31008071474,0.0
18.47,228.239292,226.384288,26,0.0,0.0,16869.70377069754,0.0
18.48,228.239292,226.662539,26,0.0,0.0,16890.43847797502,0.0
18.490000000000002,229.166476,227.038129,26,0.0,0.0,16918.426692595443,0.0
18.5,226.95915,227.026282,26,0.0,0.0,16917.543877880977,0.0
18.51,226.95915,227.016212,26,0.0,0.0,16916.793481647772,0.0
18.52,226.95915,227.007653,26,0.0,0.0,16916.155682108554,0.0
18.53,226.95915,227.000377,26,0.0,0.0,16915.613489159914,0.0
18.54,226.95915,226.994193,26,0.0,0.0,16915.152669864372,0.0
18.55,226.95915,226.988937,26,0.0,0.0,16914.76100327036,0.0
18.56,228.714687,227.247799,26,0.0,0.0,16934.05088109744,0.0
18.57,228.714687,227.467832,26,0.0,0.0,16950.447299605858,0.0
18.580000000000002,228.714687,227.654861,26,0.0,0.0,16964.384326130108,0.0
18.59,229.166483,227.881604,27,0.0,0.0,16981.280760400667,0.0
18.6,240.97411,229.84548,27,0.0,0.0,17127.62486694212,0.0
18.61,240.97411,231.514774,27,0.0,0.0,17252.01731279155,0.0
18.62,240.97411,232.933675,27,0.0,0.0,17357.750973733368,0.0
18.63,240.97411,234.13974,27,0.0,0.0,17447.624522193615,0.0
18.64,240.97411,235.164896,27,0.0,0.0,17524.017094273324,0.0
18.650000000000002,240.97411,236.036278,27,0.0,0.0,17588.950735830276,0.0
18.66,230.247073,235.167897,27,0.0,0.0,17524.240722783336,0.0
18.67,230.247073,234.429773,27,0.0,0.0,17469.237200515738,0.0
18.68,218.698584,232.070095,27,0.0,0.0,17293.398721591653,0.0
18.69,218.698584,230.064368,27,0.0,0.0,17143.93596234358,0.0
18.7,224.836359,229.280167,27,0.0,0.0,17085.498874312612,0.0
18.71,224.836359,228.613596,27,0.0,0.0,17035.827338308583,0.0
18.72,224.836359,228.04701,27,0.0,0.0,16993.60648426847,0.0
18.73,224.836359,227.565412,27,0.0,0.0,16957.718765786165,0.0
18.740000000000002,224.836359,227.156054,27,0.0,0.0,16927.214227431607,0.0
18.75,224.836359,226.8081,27,0.0,0.0,16901.28539218563,0.0
18.76,218.76394,225.601476,27,0.0,0.0,16811.37018816487,0.0
18.77,218.76394,224.575845,27,0.0,0.0,16734.942220036424,0.0
18.78,234.357447,226.043086,27,0.0,0.0,16844.278080969594,0.0
18.79,234.357447,227.29024,27,0.0,0.0,16937.21349942249,0.0
18.8,230.445613,227.763546,27,0.0,0.0,16972.48331467086,0.0
18.81,230.445613,228.165856,27,0.0,0.0,17002.462650180176,0.0
18.82,230.445613,228.507819,27,0.0,0.0,17027.945048104095,0.0
18.830000000000002,230.445613,228.798488,27,0.0,0.0,17049.60511987252,0.0
18.84,230.445613,229.045557,27,0.0,0.0,17068.016206956985,0.0
18.85,230.445613,229.255565,28,0.0,0.0,17083.665582542082,0.0
18.86,241.508194,231.09346,28,0.0,0.0,17220.62183726081,0.0
18.87,241.508194,232.65567,28,0.0,0.0,17337.034597883234,0.0
18.88,234.37466,232.913518,28,0.0,0.0,17356.24891446101,0.0
18.89,234.37466,233.13269,28,0.0,0.0,17372.58117297372,0.0
18.900000000000002,230.61726,232.755375,28,0.0,0.0,17344.464414807884,0.0
18.91,230.61726,232.434658,28,0.0,0.0,17320.56522625542,0.0
18.92,230.61726,232.162048,28,0.0,0.0,17300.250875000933,0.0
18.93,230.61726,231.93033,28,0.0,0.0,17282.98371369361,0.0
18.94,230.61726,231.73337,28,0.0,0.0,17268.306648937796,0.0
18.95,230.61726,231.565953,28,0.0,0.0,17255.83106937735,0.0
18.96,219.235706,229.716416,28,0.0,0.0,17118.0072761336,0.0
18.97,219.235706,228.14431,28,0.0,0.0,17000.857085409512,0.0
18.98,219.235706,226.808019,28,0.0,0.0,16901.27935622785,0.0
18.990000000000002,229.1674,227.161926,28,0.0,0.0,16927.65179711198,0.0
19.0,225.90086,226.972766,28,0.0,0.0,16913.555972735398,0.0
19.01,225.90086,226.81198,28,0.0,0.0,16901.574522015308,0.0
19.02,225.90086,226.675312,28,0.0,0.0,16891.390296355024,0.0
19.03,225.90086,226.559144,28,0.0,0.0,16882.733689640187,0.0
19.04,225.90086,226.460402,28,0.0,0.0,16875.375633546973,0.0
19.05,225.90086,226.376471,28,0.0,0.0,16869.121263512345,0.0
19.06,225.90086,226.305129,28,0.0,0.0,16863.805000546206,0.0
19.07,225.90086,226.244489,28,0.0,0.0,16859.286229187594,0.0
19.080000000000002,239.998956,228.307659,28,0.0,0.0,17013.02952575679,0.0
19.09,239.998956,230.061353,28,0.0,0.0,17143.711290581603,0.0
19.1,232.942087,230.493463,29,0.0,0.0,17175.911262411613,0.0
19.11,232.942087,230.860757,29,0.0,0.0,17203.281275726116,0.0
19.12,232.942087,231.172956,29,0.0,0.0,17226.545719977246,0.0
19.13,232.942087,231.438326,29,0.0,0.0,17246.320560931006,0.0
19.14,232.942087,231.66389,29,0.0,0.0,17263.129138482702,0.0
19.150000000000002,232.942087,231.85562,29,0.0,0.0,17277.416474112444,0.0
19.16,238.285469,232.820097,29,0.0,0.0,17349.287368631638,0.0
19.17,238.285469,233.639903,29,0.0,0.0,17410.377669957856,0.0
19.18,234.368813,233.749239,29,0.0,0.0,17418.52516971487,0.0
19.19,234.368813,233.842175,29,0.0,0.0,17425.45057431554,0.0
19.2,220.765815,231.880721,29,0.0,0.0,17279.28695036364,0.0
19.21,220.765815,230.213485,29,0.0,0.0,17155.04786255273,0.0
19.22,220.765815,228.796335,29,0.0,0.0,17049.444682624253,0.0
19.23,220.765815,227.591757,29,0.0,0.0,16959.68194242605,0.0
19.240000000000002,220.765815,226.567865,29,0.0,0.0,16883.38356109498,0.0
19.25,220.765815,225.697558,29,0.0,0.0,16818.530026385164,0.0
19.26,220.765815,224.957796,29,0.0,0.0,16763.404443637926,0.0
19.27,226.050874,225.121758,29,0.0,0.0,16775.622563517565,0.0
19.28,226.050874,225.261125,29,0.0,0.0,16786.007913252663,0.0
19.29,226.050874,225.379588,29,0.0,0.0,16794.835538771393,0.0
19.3,232.72121,226.480831,29,0.0,0.0,16876.897961714607,0.0
19.31,232.72121,227.416888,29,0.0,0.0,16946.65105474944,0.0
19.32,232.72121,228.212536,29,0.0,0.0,17005.94115029594,0.0
19.330000000000002,232.72121,228.888837,29,0.0,0.0,17056.337746414072,0.0
19.34,232.72121,229.463693,29,0.0,0.0,17099.174864292185,0.0
19.35,232.72121,229.952321,29,0.0,0.0,17135.586444295775,0.0
19.36,232.72121,230.367654,29,0.0,0.0,17166.53622768443,0.0
19.37,227.099888,229.877489,30,0.0,0.0,17130.01011351893,0.0
19.38,227.099888,229.460849,30,0.0,0.0,17098.962935107753,0.0
19.39,234.290491,230.185295,30,0.0,0.0,17152.947200207753,0.0
19.400000000000002,233.681171,230.709677,30,0.0,0.0,17192.023096688194,0.0
19.41,233.681171,231.155401,30,0.0,0.0,17225.237556533968,0.0
19.42,233.681171,231.534267,30,0.0,0.0,17253.469892113673,0.0
19.43,233.681171,231.856302,30,0.0,0.0,17277.467295386632,0.0
19.44,233.681171,232.130033,30,0.0,0.0,17297.865181316134,0.0
19.45,233.681171,232.362703,30,0.0,0.0,17315.203283756924,0.0
19.46,233.681171,232.560474,30,0.0,0.0,17329.940782608584,0.0
19.47,222.845374,231.103209,30,0.0,0.0,17221.34831321687,0.0
19.48,222.845374,229.864533,30,0.0,0.0,17129.044658345414,0.0
19.490000000000002,222.845374,228.811659,30,0.0,0.0,17050.58659641547,0.0
19.5,224.450533,228.157491,30,0.0,0.0,17001.83930713244,0.0
19.51,224.450533,227.601447,30,0.0,0.0,16960.404021820264,0.0
19.52,224.450533,227.12881,30,0.0,0.0,16925.18405911211,0.0
19.53,224.450533,226.727068,30,0.0,0.0,16895.247049825284,0.0
19.54,224.450533,226.385588,30,0.0,0.0,16869.80064409408,0.0
19.55,224.450533,226.09533,30,0.0,0.0,16848.171199222557,0.0
19.56,224.450533,225.84861,30,0.0,0.0,16829.786118919164,0.0
19.57,237.888865,227.654649,30,0.0,0.0,16964.368528314673,0.0
19.580000000000002,237.888865,229.189781,30,0.0,0.0,17078.763490605157,0.0
19.59,237.888865,230.494644,30,0.0,0.0,17175.999268166466,0.0
19.6,230.180994,230.447596,31,0.0,0.0,17172.49334542768,0.0
19.61,230.180994,230.407606,31,0.0,0.0,17169.513370714107,0.0
19.62,230.180994,230.373614,31,0.0,0.0,17166.98035494857,0.0
19.63,230.180994,230.344721,31,0.0,0.0,17164.827306451465,0.0
19.64,230.180994,230.320162,31,0.0,0.0,17162.997218954824,0.0
19.650000000000002,230.180994,230.299287,31,0.0,0.0,17161.44165576038,0.0
19.66,230.180994,230.281543,31,0.0,0.0,17160.119408415605,0.0
19.67,233.593941,230.778402,31,0.0,0.0,17197.14434605529,0.0
19.68,233.593941,231.200733,31,0.0,0.0,17228.615606389325,0.0
19.69,233.593941,231.559714,31,0.0,0.0,17255.366151591956,0.0
19.7,228.077667,231.037407,31,0.0,0.0,17216.44487995599,0.0
19.71,228.077667,230.593446,31,0.0,0.0,17183.361795339522,0.0
19.72,228.077667,230.216079,31,0.0,0.0,17155.241162237828,0.0
19.73,228.077667,229.895317,31,0.0,0.0,17131.338620375485,0.0
19.740000000000002,228.077667,229.62267,31,0.0,0.0,17111.021511955092,0.0
19.75,228.077667,229.390919,31,0.0,0.0,17093.75189155386,0.0
19.76,228.077667,229.193932,31,0.0,0.0,17079.072814812112,0.0
19.77,228.831435,229.139557,31,0.0,0.0,17075.02089870682,0.0
19.78,228.831435,229.093339,31,0.0,0.0,17071.57682590582,0.0
19.79,228.831435,229.054053,31,0.0,0.0,17068.64931186238,0.0
19.8,223.384744,228.203657,31,0.0,0.0,17005.279504997572,0.0
19.81,223.384744,227.48082,31,0.0,0.0,16951.415139355293,0.0
19.82,223.384744,226.866408,31,0.0,0.0,16905.630387574452,0.0
19.830000000000002,223.384744,226.344159,31,0.0,0.0,16866.713437982333,0.0
19.84,223.384744,225.900246,31,0.0,0.0,16833.633930229742,0.0
19.85,223.384744,225.522921,31,0.0,0.0,16805.516426883933,0.0
19.86,241.731754,227.954246,31,0.0,0.0,16986.69389676334,0.0
19.87,241.731754,230.020872,31,0.0,0.0,17140.69472753134,0.0
19.88,218.740025,228.328745,31,0.0,0.0,17014.60081224867,0.0
19.89,218.740025,226.890437,31,0.0,0.0,16907.4209805325,0.0
19.900000000000002,236.838862,228.382701,32,0.0,0.0,17018.621505313076,0.0
19.91,236.838862,229.651125,32,0.0,0.0,17113.141921569364,0.0
19.92,236.838862,230.729286,32,0.0,0.0,17193.484320098007,0.0
19.93,236.838862,231.645722,32,0.0,0.0,17261.775295507054,0.0
19.94,236.838862,232.424693,32,0.0,0.0,17319.822654411942,0.0
19.95,236.838862,233.086818,32,0.0,0.0,17369.162883399804,0.0
19.96,229.92541,232.612607,32,0.0,0.0,17333.82562936384,0.0
19.97,229.92541,232.209527,32,0.0,0.0,17303.788914996574,0.0
19.98,234.277119,232.519666,32,0.0,0.0,17326.89985217319,0.0
19.990000000000002,234.277119,232.783284,32,0.0,0.0,17346.544137595614,0.0
20.0,221.097246,231.030378,32,0.0,0.0,17215.921092952696,0.0
20.01,221.097246,229.540408,32,0.0,0.0,17104.89151245802,0.0
20.02,221.097246,228.273934,32,0.0,0.0,17010.51640629654,0.0
20.03,221.097246,227.197431,32,0.0,0.0,16930.297558607486,0.0
20.04,221.097246,226.282403,32,0.0,0.0,16862.11150453869,0.0
20.05,221.097246,225.504629,32,0.0,0.0,16804.153343676615,0.0
20.06,221.097246,224.843522,32,0.0,0.0,16754.88897401005,0.0
20.07,221.097246,224.28158,32,0.0,0.0,16713.014181549566,0.0
20.080000000000002,239.922039,226.627649,32,0.0,0.0,16887.83854504787,0.0
20.09,239.922039,228.621808,32,0.0,0.0,17036.439280102728,0.0
20.1,228.851425,228.65625,32,0.0,0.0,17039.005828967067,0.0
20.11,228.851425,228.685527,32,0.0,0.0,17041.187492375153,0.0
20.12,228.851425,228.710411,32,0.0,0.0,17043.041798220926,0.0
20.13,228.851425,228.731564,32,0.0,0.0,17044.61807741863,0.0
20.14,228.851425,228.749543,32,0.0,0.0,17045.957836492784,0.0
20.150000000000002,228.851425,228.764825,32,0.0,0.0,17047.09662052811,0.0
20.16,233.461,229.469251,33,0.0,0.0,17099.589035321394,0.0
20.17,233.461,230.068014,33,0.0,0.0,17144.20765496188,0.0
20.18,233.461,230.576962,33,0.0,0.0,17182.133440671394,0.0
20.19,229.16465,230.365115,33,0.0,0.0,17166.347026489195,0.0
20.2,241.315769,232.007713,33,0.0,0.0,17288.75013988167,0.0
20.21,241.315769,233.403922,33,0.0,0.0,17392.792838427882,0.0
20.22,241.315769,234.590699,33,0.0,0.0,17481.22908375546,0.0
20.23,241.315769,235.599459,33,0.0,0.0,17556.3998587508,0.0
20.240000000000002,241.315769,236.456906,33,0.0,0.0,17620.29509201484,0.0
20.25,241.315769,237.185735,33,0.0,0.0,17674.605969497177,0.0
20.26,218.766214,234.422807,33,0.0,0.0,17468.718108146277,0.0
20.27,218.766214,232.074318,33,0.0,0.0,17293.71341109441,0.0
20.28,218.766214,230.078103,33,0.0,0.0,17144.959467037028,0.0
20.29,229.16507,229.941148,33,0.0,0.0,17134.75385471151,0.0
20.3,226.193807,229.379047,33,0.0,0.0,17092.867213889458,0.0
20.31,226.193807,228.901261,33,0.0,0.0,17057.263558013008,0.0
20.32,226.193807,228.495143,33,0.0,0.0,17027.00045796983,0.0
20.330000000000002,226.193807,228.149942,33,0.0,0.0,17001.276770770528,0.0
20.34,226.193807,227.856522,33,0.0,0.0,16979.41169999142,0.0
20.35,226.193807,227.607115,33,0.0,0.0,16960.826389829177,0.0
20.36,229.908405,227.952309,33,0.0,0.0,16986.549555402496,0.0
20.37,229.908405,228.245723,33,0.0,0.0,17008.41417907362,0.0
20.38,234.374742,229.165076,33,0.0,0.0,17076.92252348091,0.0
20.39,234.374742,229.946526,33,0.0,0.0,17135.1546125012,0.0
20.400000000000002,228.977278,229.801139,34,0.0,0.0,17124.320664422125,0.0
20.41,228.977278,229.67756,34,0.0,0.0,17115.111804829008,0.0
20.42,228.977278,229.572517,34,0.0,0.0,17107.284210834565,0.0
20.43,228.977278,229.483231,34,0.0,0.0,17100.630796924186,0.0
20.44,228.977278,229.407338,34,0.0,0.0,17094.975402552165,0.0
20.45,228.977278,229.342829,34,0.0,0.0,17090.168321061843,0.0
20.46,244.32273,231.589814,34,0.0,0.0,17257.60914331184,0.0
20.47,244.32273,233.499752,34,0.0,0.0,17399.933898112842,0.0
20.48,234.282974,233.617235,34,0.0,0.0,17408.688495994178,0.0
20.490000000000002,234.282974,233.717096,34,0.0,0.0,17416.12993772642,0.0
20.5,224.513491,232.336555,34,0.0,0.0,17313.25478716251,0.0
20.51,224.513491,231.163095,34,0.0,0.0,17225.810898005493,0.0
20.52,224.513491,230.165655,34,0.0,0.0,17151.48366674002,0.0
20.53,224.513491,229.31783,34,0.0,0.0,17088.305445646376,0.0
20.54,224.513491,228.597179,34,0.0,0.0,17034.603976346276,0.0
20.55,224.513491,227.984626,34,0.0,0.0,16988.95775352249,0.0
20.56,219.358619,226.690725,34,0.0,0.0,16892.538842248006,0.0
20.57,219.358619,225.590909,34,0.0,0.0,16810.582756486994,0.0
20.580000000000002,219.358619,224.656066,34,0.0,0.0,16740.920128300935,0.0
20.59,229.169875,225.333137,34,0.0,0.0,16791.374103277012,0.0
20.6,226.762257,225.547505,34,0.0,0.0,16807.34837733051,0.0
20.61,226.762257,225.729718,34,0.0,0.0,16820.926525179577,0.0
20.62,226.762257,225.884599,34,0.0,0.0,16832.467947125388,0.0
20.63,226.762257,226.016247,34,0.0,0.0,16842.278092439024,0.0
20.64,226.762257,226.128149,34,0.0,0.0,16850.616805377216,0.0
20.650000000000002,226.762257,226.223265,34,0.0,0.0,16857.704659212075,0.0
20.66,228.989462,226.638194,34,0.0,0.0,16888.62433732981,0.0
20.67,228.989462,226.990885,34,0.0,0.0,16914.906164329175,0.0
20.68,228.989462,227.290671,35,0.0,0.0,16937.245616679345,0.0
20.69,239.594235,229.136206,35,0.0,0.0,17074.77118889774,0.0
20.7,242.224262,231.099414,35,0.0,0.0,17221.06551741697,0.0
20.71,242.224262,232.768141,35,0.0,0.0,17345.415711561913,0.0
20.72,242.224262,234.18656,35,0.0,0.0,17451.113454829007,0.0
20.73,242.224262,235.392215,35,0.0,0.0,17540.956450910347,0.0
20.740000000000002,242.224262,236.417022,35,0.0,0.0,17617.323016208986,0.0
20.75,242.224262,237.288108,35,0.0,0.0,17682.234600438722,0.0
20.76,217.648887,234.342225,35,0.0,0.0,17462.713298884733,0.0
20.77,217.648887,231.838224,35,0.0,0.0,17276.12015903074,0.0
20.78,234.366282,232.217433,35,0.0,0.0,17304.378054283534,0.0
20.79,234.366282,232.53976,35,0.0,0.0,17328.39721681171,0.0
20.8,219.419743,230.571758,35,0.0,0.0,17181.74564901324,0.0
20.81,219.419743,228.898955,35,0.0,0.0,17057.091719511143,0.0
20.82,219.419743,227.477074,35,0.0,0.0,16951.135994937264,0.0
20.830000000000002,219.419743,226.268474,35,0.0,0.0,16861.073543353763,0.0
20.84,219.419743,225.241165,35,0.0,0.0,16784.52053402578,0.0
20.85,219.419743,224.367951,35,0.0,0.0,16719.450375497705,0.0
20.86,239.317985,226.610456,35,0.0,0.0,16886.55735711963,0.0
20.87,239.317985,228.516586,35,0.0,0.0,17028.598347386764,0.0
20.88,218.746183,227.051025,35,0.0,0.0,16919.387676689123,0.0
20.89,218.746183,225.805299,35,0.0,0.0,16826.55866993643,0.0
20.900000000000002,231.596666,226.674004,35,0.0,0.0,16891.292826814504,0.0
20.91,231.596666,227.412403,35,0.0,0.0,16946.316841531374,0.0
20.92,231.596666,228.040043,35,0.0,0.0,16993.087317381007,0.0
20.93,231.596666,228.573536,35,0.0,0.0,17032.8421473352,0.0
20.94,231.596666,229.027006,36,0.0,0.0,17066.63382358836,0.0
20.95,231.596666,229.412455,36,0.0,0.0,17095.356711144545,0.0
20.96,228.455243,229.268873,36,0.0,0.0,17084.65726805067,0.0
20.97,228.455243,229.146828,36,0.0,0.0,17075.56271906547,0.0
20.98,234.363961,229.929398,36,0.0,0.0,17133.87826824278,0.0
20.990000000000002,234.363961,230.594583,36,0.0,0.0,17183.446522302496,0.0
21.0,229.866812,230.485417,36,0.0,0.0,17175.311690605027,0.0
21.01,229.866812,230.392627,36,0.0,0.0,17168.39716563197,0.0
21.02,229.866812,230.313754,36,0.0,0.0,17162.51970762788,0.0
21.03,229.866812,230.246713,36,0.0,0.0,17157.5239465683,0.0
21.04,229.866812,230.189728,36,0.0,0.0,17153.277538489954,0.0
21.05,229.866812,230.141291,36,0.0,0.0,17149.66811025286,0.0
21.06,229.866812,230.100119,36,0.0,0.0,17146.600055266437,0.0
21.07,229.866812,230.065123,36,0.0,0.0,17143.992223431575,0.0
21.080000000000002,221.6359,228.80074,36,0.0,0.0,17049.77293440253,0.0
21.09,221.6359,227.726014,36,0.0,0.0,16969.686505194746,0.0
21.1,231.690649,228.320709,36,0.0,0.0,17014.001985622057,0.0
21.11,231.690649,228.8262,36,0.0,0.0,17051.670162614773,0.0
21.12,231.690649,229.255867,36,0.0,0.0,17083.68808697728,0.0
21.13,231.690649,229.621085,36,0.0,0.0,17110.90340092931,0.0
21.14,231.690649,229.931519,36,0.0,0.0,17134.036320915136,0.0
21.150000000000002,231.690649,230.195389,36,0.0,0.0,17153.69938487289,0.0
21.16,228.293768,229.910146,36,0.0,0.0,17132.44364775802,0.0
21.17,228.293768,229.667689,36,0.0,0.0,17114.37623767728,0.0
21.18,228.293768,229.461601,36,0.0,0.0,17099.018972641752,0.0
21.19,229.162878,229.416792,36,0.0,0.0,17095.679895699002,0.0
21.2,234.538564,230.185058,37,0.0,0.0,17152.929539442386,0.0
21.21,234.538564,230.838084,37,0.0,0.0,17201.591729172458,0.0
21.22,234.538564,231.393156,37,0.0,0.0,17242.95458299122,0.0
21.23,234.538564,231.864967,37,0.0,0.0,17278.11299383357,0.0
21.240000000000002,234.538564,232.266007,37,0.0,0.0,17307.99769148626,0.0
21.25,234.538564,232.60689,37,0.0,0.0,17333.399609973054,0.0
21.26,239.5914,233.654567,37,0.0,0.0,17411.470401870825,0.0
21.27,239.5914,234.545092,37,0.0,0.0,17477.830541450836,0.0
21.28,234.369609,234.51877,37,0.0,0.0,17475.86907872488,0.0
21.29,234.369609,234.496396,37,0.0,0.0,17474.201813052434,0.0
21.3,219.341532,232.223166,37,0.0,0.0,17304.805265962277,0.0
21.31,219.341532,230.290921,37,0.0,0.0,17160.818238194646,0.0
21.32,219.341532,228.648513,37,0.0,0.0,17038.42928322166,0.0
21.330000000000002,219.341532,227.252466,37,0.0,0.0,16934.39865659102,0.0
21.34,219.341532,226.065826,37,0.0,0.0,16845.972620229077,0.0
21.35,219.341532,225.057182,37,0.0,0.0,16770.810489321426,0.0
21.36,228.581098,225.585769,37,0.0,0.0,16810.199733980673,0.0
21.37,228.581098,226.035068,37,0.0,0.0,16843.680595666934,0.0
21.38,218.738483,224.940581,37,0.0,0.0,16762.12161631374,0.0
21.39,218.738483,224.010266,37,0.0,0.0,16692.796405619625,0.0
21.400000000000002,230.40948,224.970148,37,0.0,0.0,16764.324889941054,0.0
21.41,230.40948,225.786048,37,0.0,0.0,16825.124123969657,0.0
21.42,230.40948,226.479563,37,0.0,0.0,16876.803472893982,0.0
21.43,230.40948,227.06905,37,0.0,0.0,16920.73086359115,0.0
21.44,230.40948,227.570115,37,0.0,0.0,16958.069223927647,0.0
21.45,230.40948,227.99602,37,0.0,0.0,16989.806811584163,0.0
21.46,230.581117,228.383784,38,0.0,0.0,17018.70220830419,0.0
21.47,230.581117,228.713384,38,0.0,0.0,17043.263340227015,0.0
21.48,234.156684,229.529879,38,0.0,0.0,17104.106912464038,0.0
21.490000000000002,234.156684,230.2239,38,0.0,0.0,17155.82396749501,0.0
21.5,236.620671,231.183416,38,0.0,0.0,17227.32517822941,0.0
21.51,236.620671,231.999004,38,0.0,0.0,17288.101162642848,0.0
21.52,236.620671,232.692254,38,0.0,0.0,17339.760764297873,0.0
21.53,236.620671,233.281517,38,0.0,0.0,17383.671462963644,0.0
21.54,236.620671,233.78239,38,0.0,0.0,17420.995515844646,0.0
21.55,236.620671,234.208132,38,0.0,0.0,17452.7209570676,0.0
21.56,230.469691,233.647366,38,0.0,0.0,17410.933797771995,0.0
21.57,230.469691,233.170715,38,0.0,0.0,17375.414719822526,0.0
21.580000000000002,218.709921,231.001596,38,0.0,0.0,17213.776315953295,0.0
21.59,218.709921,229.157845,38,0.0,0.0,17076.38368384215,0.0
21.6,225.443715,228.600725,38,0.0,0.0,17034.86821716484,0.0
21.61,225.443715,228.127174,38,0.0,0.0,16999.58014500712,0.0
21.62,225.443715,227.724655,38,0.0,0.0,16969.585235236365,0.0
21.63,225.443715,227.382514,38,0.0,0.0,16944.089573108915,0.0
21.64,225.443715,227.091694,38,0.0,0.0,16922.41824912289,0.0
21.650000000000002,225.443715,226.844497,38,0.0,0.0,16903.997623734766,0.0
21.66,228.587284,227.105915,38,0.0,0.0,16923.477969563042,0.0
21.67,228.587284,227.328121,38,0.0,0.0,16940.036315679674,0.0
21.68,228.587284,227.516995,38,0.0,0.0,16954.11082790902,0.0
21.69,229.16727,227.764536,38,0.0,0.0,16972.557087488225,0.0
21.7,234.916494,228.83733,39,0.0,0.0,17052.499547925152,0.0
21.71,234.916494,229.749205,39,0.0,0.0,17120.450646748337,0.0
21.72,234.916494,230.524298,39,0.0,0.0,17178.20902485955,0.0
21.73,234.916494,231.183127,39,0.0,0.0,17227.30364252818,0.0
21.740000000000002,234.916494,231.743132,39,0.0,0.0,17269.03409362781,0.0
21.75,234.916494,232.219137,39,0.0,0.0,17304.505032950998,0.0
21.76,271.550679,238.118868,39,0.0,0.0,17744.141171907784,0.0
21.77,271.550679,243.13364,39,0.0,0.0,18117.831938457755,0.0
21.78,271.550679,247.396196,39,0.0,0.0,18435.46907512163,0.0
21.79,406.356926,271.240305,39,0.0,0.0,20212.28432612625,0.0
21.8,473.194854,301.533488,39,0.0,0.0,22469.67165629967,0.0
21.81,473.194854,327.282693,39,0.0,0.0,24388.45084596218,0.0
21.82,473.194854,349.169517,39,0.0,0.0,26019.41313854581,0.0
21.830000000000002,473.194854,367.773317,39,0.0,0.0,27405.731057434703,0.0
21.84,473.194854,383.586548,39,0.0,0.0,28584.101363008256,0.0
21.85,473.194854,397.027794,39,0.0,0.0,29585.716096664473,0.0
21.86,473.251374,408.461331,39,0.0,0.0,30437.7203764019,0.0
21.87,473.251374,418.179838,40,0.0,0.0,31161.924055163614,0.0
21.88,473.251374,426.440568,40,0.0,0.0,31777.497111318964,0.0
21.89,499.927094,437.463547,40,0.0,0.0,32598.90743110503,0.0
21.900000000000002,495.160523,446.118093,40,0.0,0.0,33243.82686690031,0.0
21.91,495.160523,453.474458,40,0.0,0.0,33792.00845439248,0.0
21.92,495.160523,459.727368,40,0.0,0.0,34257.96278513134,0.0
21.93,495.160523,465.042341,40,0.0,0.0,34654.023929000374,0.0
21.94,495.160523,469.560068,40,0.0,0.0,34990.675897563146,0.0
21.95,495.160523,473.400137,40,0.0,0.0,35276.8301490854,0.0
21.96,485.124906,475.158852,40,0.0,0.0,35407.88606877485,0.0
21.97,485.124906,476.65376,40,0.0,0.0,35519.28361914039,0.0
21.98,485.124906,477.924432,40,0.0,0.0,35613.9715518547,0.0
21.990000000000002,500.010417,481.23733,41,0.0,0.0,35860.84207620193,0.0
22.0,496.054466,483.4599,41,0.0,0.0,36026.46354154692,0.0
22.01,496.054466,485.349085,41,0.0,0.0,36167.24182434914,0.0
22.02,496.054466,486.954892,41,0.0,0.0,36286.90334610153,0.0
22.03,496.054466,488.319828,41,0.0,0.0,36388.61564331697,0.0
22.04,496.054466,489.480024,41,0.0,0.0,36475.07112575729,0.0
22.05,496.054466,490.46619,41,0.0,0.0,36548.558241120765,0.0
22.06,496.054466,491.304431,41,0.0,0.0,36611.02228172792,0.0
22.07,496.054466,492.016937,41,0.0,0.0,36664.116801939694,0.0
22.080000000000002,498.10101,492.929548,41,0.0,0.0,36732.12274600892,0.0
22.09,498.10101,493.705267,41,0.0,0.0,36789.92777238646,0.0
22.1,498.239254,494.385365,42,0.0,0.0,36840.607313340486,0.0
22.11,498.239254,494.963448,42,0.0,0.0,36883.68490079601,0.0
22.12,498.239254,495.454819,42,0.0,0.0,36920.30088366631,0.0
22.13,498.239254,495.872484,42,0.0,0.0,36951.424443024756,0.0
22.14,498.239254,496.2275,42,0.0,0.0,36977.879524367934,0.0
22.150000000000002,498.239254,496.529263,42,0.0,0.0,37000.36629879884,0.0
22.16,492.104268,495.865513,42,0.0,0.0,36950.904978065315,0.0
22.17,492.104268,495.301327,42,0.0,0.0,36908.8629672188,0.0
22.18,484.095943,493.620519,42,0.0,0.0,36783.612521148,0.0
22.19,484.095943,492.191833,42,0.0,0.0,36677.14970160223,0.0
22.2,486.06576,491.272922,42,0.0,0.0,36608.67429414977,0.0
22.21,486.06576,490.491847,42,0.0,0.0,36550.47014937848,0.0
22.22,486.06576,489.827934,42,0.0,0.0,36500.996682211386,0.0
22.23,486.06576,489.263608,43,0.0,0.0,36458.944238845244,0.0
22.240000000000002,486.06576,488.783931,43,0.0,0.0,36423.19966943584,0.0
22.25,486.06576,488.376205,43,0.0,0.0,36392.81674445293,0.0
22.26,503.812404,490.691635,43,0.0,0.0,36565.357951030775,0.0
22.27,503.812404,492.65975,43,0.0,0.0,36712.017939362944,0.0
22.28,499.99515,493.76006,43,0.0,0.0,36794.01083701465,0.0
22.29,499.99515,494.695324,43,0.0,0.0,36863.70483727758,0.0
22.3,486.154826,493.414249,43,0.0,0.0,36768.241693836964,0.0
22.31,486.154826,492.325336,43,0.0,0.0,36687.09807780093,0.0
22.32,486.154826,491.399759,43,0.0,0.0,36618.125933378215,0.0
22.330000000000002,486.154826,490.613019,43,0.0,0.0,36559.499644152005,0.0
22.34,486.154826,489.94429,43,0.0,0.0,36509.66729830972,0.0
22.35,486.154826,489.375871,43,0.0,0.0,36467.309852780476,0.0
22.36,513.941667,493.06074,44,0.0,0.0,36741.89891111578,0.0
22.37,513.941667,496.192879,44,0.0,0.0,36975.299636782074,0.0
22.38,513.941667,498.855197,44,0.0,0.0,37173.69024242073,0.0
22.39,489.621344,497.470119,44,0.0,0.0,37070.477003702894,0.0
22.400000000000002,488.302707,496.095008,44,0.0,0.0,36968.00648586455,0.0
22.41,488.302707,494.926162,44,0.0,0.0,36880.90642274725,0.0
22.42,488.302707,493.932644,44,0.0,0.0,36806.87145106734,0.0
22.43,488.302707,493.088154,44,0.0,0.0,36743.94174749481,0.0
22.44,488.302707,492.370337,44,0.0,0.0,36690.45146219918,0.0
22.45,488.302707,491.760192,44,0.0,0.0,36644.98467871298,0.0
22.46,506.089052,493.909521,44,0.0,0.0,36805.14837141488,0.0
22.47,506.089052,495.736451,44,0.0,0.0,36941.28753629279,0.0
22.48,506.089052,497.289341,45,0.0,0.0,37057.00578918001,0.0
22.490000000000002,489.619516,496.138867,45,0.0,0.0,36971.274770709824,0.0
22.5,488.398607,494.977828,45,0.0,0.0,36884.756469597734,0.0
22.51,488.398607,493.990945,45,0.0,0.0,36811.215924830176,0.0
22.52,488.398607,493.152094,45,0.0,0.0,36748.706428244644,0.0
22.53,488.398607,492.439071,45,0.0,0.0,36695.57338222825,0.0
22.54,488.398607,491.833001,45,0.0,0.0,36650.41025958121,0.0
22.55,488.398607,491.317842,45,0.0,0.0,36612.02164259022,0.0
22.56,494.981896,491.86745,45,0.0,0.0,36652.97733007153,0.0
22.57,494.981896,492.334617,45,0.0,0.0,36687.78967933424,0.0
22.580000000000002,484.369406,491.139835,45,0.0,0.0,36598.75691743796,0.0
22.59,484.369406,490.124271,45,0.0,0.0,36523.07912198873,0.0
22.6,503.7771,492.172195,46,0.0,0.0,36675.68631717049,0.0
22.61,503.7771,493.912931,46,0.0,0.0,36805.4024777858,0.0
22.62,503.7771,495.392556,46,0.0,0.0,36915.661169598,0.0
22.63,503.7771,496.650238,46,0.0,0.0,37009.38111352688,0.0
22.64,503.7771,497.719267,46,0.0,0.0,37089.043013703835,0.0
22.650000000000002,503.7771,498.627942,46,0.0,0.0,37156.75565493553,0.0
22.66,482.225653,496.167599,46,0.0,0.0,36973.41582180935,0.0
22.67,482.225653,494.076307,46,0.0,0.0,36817.576930118994,0.0
22.68,482.225653,492.298709,46,0.0,0.0,36685.1138870858,0.0
22.69,489.585373,491.891709,46,0.0,0.0,36654.785062168965,0.0
22.7,505.110756,493.874566,47,0.0,0.0,36802.5435948179,0.0
22.71,505.110756,495.559994,47,0.0,0.0,36928.13831403639,0.0
22.72,505.110756,496.992608,47,0.0,0.0,37034.89384027573,0.0
22.73,505.110756,498.210331,47,0.0,0.0,37125.63611954894,0.0
22.740000000000002,505.110756,499.245394,47,0.0,0.0,37202.76694142828,0.0
22.75,505.110756,500.125199,47,0.0,0.0,37268.32824807681,0.0
22.76,492.373662,498.962468,47,0.0,0.0,37181.683862513244,0.0
22.77,492.373662,497.974147,47,0.0,0.0,37108.03616086551,0.0
22.78,484.089218,495.891408,47,0.0,0.0,36952.834621606395,0.0
22.79,484.089218,494.121079,47,0.0,0.0,36820.91324989585,0.0
22.8,495.503209,494.328399,47,0.0,0.0,36836.3623211041,0.0
22.81,495.503209,494.50462,47,0.0,0.0,36849.49395711311,0.0
22.82,495.503209,494.654409,47,0.0,0.0,36860.65593341646,0.0
22.830000000000002,495.503209,494.781729,47,0.0,0.0,36870.14356483762,0.0
22.84,495.503209,494.889951,47,0.0,0.0,36878.208051545604,0.0
22.85,495.503209,494.98194,48,0.0,0.0,36885.06288760279,0.0
22.86,486.528589,493.713937,48,0.0,0.0,36790.57384342339,0.0
22.87,486.528589,492.636135,48,0.0,0.0,36710.2581968558,0.0
22.88,486.528589,491.720003,48,0.0,0.0,36641.989874917934,0.0
22.89,500.001933,492.962293,48,0.0,0.0,36734.56283783177,0.0
22.900000000000002,497.427702,493.632104,48,0.0,0.0,36784.47581214718,0.0
22.91,497.427702,494.201444,48,0.0,0.0,36826.90188875196,0.0
22.92,497.427702,494.685382,48,0.0,0.0,36862.963979348046,0.0
22.93,497.427702,495.09673,48,0.0,0.0,36893.6168085173,0.0
22.94,497.427702,495.446376,48,0.0,0.0,36919.67172821477,0.0
22.95,497.427702,495.743575,48,0.0,0.0,36941.81840250582,0.0
22.96,492.781889,495.299322,48,0.0,0.0,36908.71355863414,0.0
22.97,492.781889,494.921707,49,0.0,0.0,36880.574445069105,0.0
22.98,492.781889,494.600734,49,0.0,0.0,36856.65617990932,0.0
22.990000000000002,489.575549,493.846956,49,0.0,0.0,36800.48615291138,0.0
23.0,496.402262,494.230252,49,0.0,0.0,36829.0486032193,0.0
23.01,496.402262,494.556054,49,0.0,0.0,36853.32671578824,0.0
23.02,496.402262,494.832985,49,0.0,0.0,36873.963059309215,0.0
23.03,496.402262,495.068377,49,0.0,0.0,36891.50399973875,0.0
23.04,496.402262,495.26846,49,0.0,0.0,36906.41378420027,0.0
23.05,496.402262,495.43853,49,0.0,0.0,36919.08706000766,0.0
23.06,496.402262,495.58309,49,0.0,0.0,36929.85938170293,0.0
23.07,496.402262,495.705966,49,0.0,0.0,36939.015855143916,0.0
23.080000000000002,496.980026,495.897075,49,0.0,0.0,36953.256915097314,0.0
23.09,496.980026,496.059518,50,0.0,0.0,36965.36184213899,0.0
23.1,495.976724,496.047099,50,0.0,0.0,36964.43640313004,0.0
23.11,495.976724,496.036542,50,0.0,0.0,36963.64971663214,0.0
23.12,495.976724,496.02757,50,0.0,0.0,36962.981141160024,0.0
23.13,495.976724,496.019943,50,0.0,0.0,36962.412792394316,0.0
23.14,495.976724,496.01346,50,0.0,0.0,36961.92969221756,0.0
23.150000000000002,495.976724,496.00795,50,0.0,0.0,36961.51909805224,0.0
23.16,485.285816,494.39963,50,0.0,0.0,36841.670312572525,0.0
23.17,485.285816,493.032558,50,0.0,0.0,36739.798844914774,0.0
23.18,499.985125,494.075443,50,0.0,0.0,36817.5125465693,0.0
23.19,499.985125,494.961895,50,0.0,0.0,36883.56917434616,0.0
23.2,491.788239,494.485847,51,0.0,0.0,36848.09503074908,0.0
23.21,491.788239,494.081206,51,0.0,0.0,36817.94199378796,0.0
23.22,491.788239,493.737261,51,0.0,0.0,36792.311901193316,0.0
23.23,491.788239,493.444907,51,0.0,0.0,36770.52626659937,0.0
23.240000000000002,491.788239,493.196407,51,0.0,0.0,36752.008544260716,0.0
23.25,491.788239,492.985182,51,0.0,0.0,36736.26848027286,0.0
23.26,503.868289,494.617648,51,0.0,0.0,36857.916577316304,0.0
23.27,503.868289,496.005244,51,0.0,0.0,36961.31745235144,0.0
23.28,503.868289,497.184701,51,0.0,0.0,37049.2082259385,0.0
23.29,489.583725,496.044554,51,0.0,0.0,36964.24675482682,0.0
23.3,489.39645,495.047339,52,0.0,0.0,36889.936290110745,0.0
23.31,489.39645,494.199706,52,0.0,0.0,36826.772376472596,0.0
23.32,489.39645,493.479217,52,0.0,0.0,36773.08297908806,0.0
23.330000000000002,489.39645,492.866802,52,0.0,0.0,36727.447039747916,0.0
23.34,489.39645,492.346249,52,0.0,0.0,36688.65647267928,0.0
23.35,489.39645,491.90378,52,0.0,0.0,36655.68456891485,0.0
23.36,504.480382,493.79027,52,0.0,0.0,36796.26202571424,0.0
23.37,504.480382,495.393787,52,0.0,0.0,36915.75290125272,0.0
23.38,504.480382,496.756776,52,0.0,0.0,37017.32011192735,0.0
23.39,489.579776,495.680226,52,0.0,0.0,36937.09776189242,0.0
23.400000000000002,488.389189,494.586571,52,0.0,0.0,36855.600781513014,0.0
23.41,488.389189,493.656963,52,0.0,0.0,36786.328255043016,0.0
23.42,488.389189,492.866797,52,0.0,0.0,36727.44666715792,0.0
23.43,488.389189,492.195156,52,0.0,0.0,36677.3973249074,0.0
23.44,488.389189,491.624261,52,0.0,0.0,36634.85537281674,0.0
23.45,488.389189,491.139,53,0.0,0.0,36598.69469491019,0.0
23.46,505.996507,493.367626,53,0.0,0.0,36764.76744124704,0.0
23.47,505.996507,495.261958,53,0.0,0.0,36905.92926818157,0.0
23.48,499.940207,495.963696,53,0.0,0.0,36958.221378598006,0.0
23.490000000000002,499.940207,496.560172,53,0.0,0.0,37002.669575578584,0.0
23.5,484.90144,494.811362,53,0.0,0.0,36872.35175665276,0.0
23.51,484.90144,493.324874,53,0.0,0.0,36761.58164782482,0.0
23.52,484.90144,492.061359,53,0.0,0.0,36667.42704041747,0.0
23.53,484.90144,490.987371,53,0.0,0.0,36587.39560549172,0.0
23.54,484.90144,490.074481,53,0.0,0.0,36519.368870901235,0.0
23.55,484.90144,489.298525,53,0.0,0.0,36461.54618375832,0.0
23.56,494.448604,490.071037,53,0.0,0.0,36519.1122309184,0.0
23.57,494.448604,490.727672,54,0.0,0.0,36568.04335610087,0.0
23.580000000000002,494.448604,491.285812,54,0.0,0.0,36609.63483113547,0.0
23.59,489.58583,491.030814,54,0.0,0.0,36590.63289085011,0.0
23.6,504.786813,493.094214,54,0.0,0.0,36744.3933265587,0.0
23.61,504.786813,494.848104,54,0.0,0.0,36875.089696910974,0.0
23.62,504.786813,496.338911,54,0.0,0.0,36986.18164896943,0.0
23.63,504.786813,497.606096,54,0.0,0.0,37080.60973742702,0.0
23.64,504.786813,498.683204,54,0.0,0.0,37160.873668504464,0.0
23.650000000000002,504.786813,499.598745,54,0.0,0.0,37229.0979503059,0.0
23.66,482.068625,496.969227,54,0.0,0.0,37033.151534979945,0.0
23.67,482.068625,494.734137,54,0.0,0.0,36866.597104308275,0.0
23.68,482.068625,492.83431,54,0.0,0.0,36725.02580097838,0.0
23.69,489.596406,492.348624,54,0.0,0.0,36688.83345292295,0.0
23.7,503.900557,494.081414,55,0.0,0.0,36817.95749353141,0.0
23.71,503.900557,495.554286,55,0.0,0.0,36927.71296530758,0.0
23.72,503.900557,496.806226,55,0.0,0.0,37021.00502689574,0.0
23.73,503.900557,497.870376,55,0.0,0.0,37100.30335376367,0.0
23.740000000000002,503.900557,498.774903,55,0.0,0.0,37167.70689434242,0.0
23.75,503.900557,499.543751,55,0.0,0.0,37224.999907560246,0.0
23.76,483.319841,497.110165,55,0.0,0.0,37043.653952488865,0.0
23.77,483.319841,495.041616,55,0.0,0.0,36889.50982361198,0.0
23.78,499.965677,495.780226,55,0.0,0.0,36944.549561626285,0.0
23.79,499.965677,496.408043,55,0.0,0.0,36991.33322716145,0.0
23.8,496.214312,496.378984,56,0.0,0.0,36989.167808676786,0.0
23.81,496.214312,496.354283,56,0.0,0.0,36987.32713962452,0.0
23.82,496.214312,496.333287,56,0.0,0.0,36985.762559752395,0.0
23.830000000000002,496.214312,496.315441,56,0.0,0.0,36984.43271157189,0.0
23.84,496.214312,496.300272,56,0.0,0.0,36983.30234807026,0.0
23.85,496.214312,496.287378,56,0.0,0.0,36982.34151301258,0.0
23.86,484.06624,494.454207,56,0.0,0.0,36845.73728131327,0.0
23.87,484.06624,492.896012,56,0.0,0.0,36729.62371045016,0.0
23.88,484.06624,491.571546,56,0.0,0.0,36630.92715658702,0.0
23.89,489.58206,491.273123,56,0.0,0.0,36608.689272267235,0.0
23.900000000000002,504.628799,493.276475,56,0.0,0.0,36757.97505127162,0.0
23.91,504.628799,494.979323,56,0.0,0.0,36884.867874003765,0.0
23.92,504.628799,496.426745,56,0.0,0.0,36992.72686274767,0.0
23.93,504.628799,497.657053,56,0.0,0.0,37084.4069510174,0.0
23.94,504.628799,498.702815,57,0.0,0.0,37162.335040950275,0.0
23.95,504.628799,499.591712,57,0.0,0.0,37228.57386523061,0.0
23.96,482.304595,496.998645,57,0.0,0.0,37035.34370542565,0.0
23.97,482.304595,494.794537,57,0.0,0.0,36871.097991347546,0.0
23.98,482.304595,492.921046,57,0.0,0.0,36731.48919399555,0.0
23.990000000000002,499.999317,493.982787,57,0.0,0.0,36810.60800700789,0.0
24.0,491.990809,493.68399,58,0.0,0.0,36788.342252957096,0.0
24.01,491.990809,493.430013,58,0.0,0.0,36769.41639554701,0.0
24.02,491.990809,493.214132,58,0.0,0.0,36753.32937576355,0.0
24.03,491.990809,493.030633,58,0.0,0.0,36739.6553977699,0.0
24.04,491.990809,492.87466,58,0.0,0.0,36728.03260217099,0.0
24.05,491.990809,492.742082,58,0.0,0.0,36718.15315511983,0.0
24.060000000000002,491.990809,492.629391,58,0.0,0.0,36709.75564748174,0.0
24.07,491.990809,492.533604,58,0.0,0.0,36702.61779207066,0.0
24.080000000000002,511.638734,495.399373,58,0.0,0.0,36916.16915878586,0.0
24.09,511.638734,497.835277,58,0.0,0.0,37097.68784657509,0.0
24.1,490.478336,496.731736,58,0.0,0.0,37015.45418127399,0.0
24.11,490.478336,495.793726,58,0.0,0.0,36945.55555459035,0.0
24.12,490.478336,494.996417,58,0.0,0.0,36886.141684650276,0.0
24.13,490.478336,494.318705,58,0.0,0.0,36835.63994363789,0.0
24.14,490.478336,493.74265,58,0.0,0.0,36792.71347868098,0.0
24.150000000000002,490.478336,493.253003,58,0.0,0.0,36756.225964838086,0.0
24.16,495.285708,493.557908,58,0.0,0.0,36778.94687481664,0.0
24.17,495.285708,493.817078,58,0.0,0.0,36798.259704186894,0.0
24.18,495.285708,494.037373,59,0.0,0.0,36814.675646410615,0.0
24.19,489.59869,493.37157,59,0.0,0.0,36765.061340228545,0.0
24.2,489.736627,492.826329,59,0.0,0.0,36724.431072841624,0.0
24.21,489.736627,492.362874,59,0.0,0.0,36689.89533438504,0.0
24.22,489.736627,491.968937,59,0.0,0.0,36660.539938067435,0.0
24.23,489.736627,491.63409,59,0.0,0.0,36635.587810212586,0.0
24.240000000000002,489.736627,491.349471,59,0.0,0.0,36614.378572328045,0.0
24.25,489.736627,491.107544,59,0.0,0.0,36596.35065678589,0.0
24.26,503.972831,493.037337,59,0.0,0.0,36740.15496642406,0.0
24.27,503.972831,494.677661,59,0.0,0.0,36862.388625890584,0.0
24.28,503.972831,496.071937,59,0.0,0.0,36966.28728114794,0.0
24.29,489.58175,495.098409,59,0.0,0.0,36893.74192423483,0.0
24.3,497.766254,495.498586,60,0.0,0.0,36923.56231285583,0.0
24.310000000000002,497.766254,495.838736,60,0.0,0.0,36948.90960965057,0.0
24.32,497.766254,496.127864,60,0.0,0.0,36970.454849185095,0.0
24.330000000000002,497.766254,496.373622,60,0.0,0.0,36988.76824317505,0.0
24.34,497.766254,496.582517,60,0.0,0.0,37004.33468022911,0.0
24.35,497.766254,496.760078,60,0.0,0.0,37017.56617035456,0.0
24.36,492.305023,496.091819,60,0.0,0.0,36967.76884797103,0.0
24.37,492.305023,495.5238,60,0.0,0.0,36925.441209640725,0.0
24.38,499.99915,496.195103,60,0.0,0.0,36975.46536480815,0.0
24.39,499.99915,496.76571,60,0.0,0.0,37017.98585571557,0.0
24.400000000000002,489.288548,495.644135,61,0.0,0.0,36934.40833285048,0.0
24.41,489.288548,494.690797,61,0.0,0.0,36863.36749430363,0.0
24.42,489.288548,493.88046,61,0.0,0.0,36802.98280389422,0.0
24.43,489.288548,493.191673,61,0.0,0.0,36751.655776061314,0.0
24.44,489.288548,492.606204,61,0.0,0.0,36708.02779867744,0.0
24.45,489.288548,492.108556,61,0.0,0.0,36670.944066337855,0.0
24.46,508.546428,494.574237,61,0.0,0.0,36854.681676533844,0.0
24.47,508.546428,496.670065,61,0.0,0.0,37010.85858186012,0.0
24.48,508.546428,498.45152,61,0.0,0.0,37143.60904080905,0.0
24.490000000000002,479.041509,495.540018,61,0.0,0.0,36926.649742521564,0.0
24.5,496.849289,495.736409,61,0.0,0.0,36941.28440653689,0.0
24.51,496.849289,495.903341,61,0.0,0.0,36953.72384486863,0.0
24.52,496.849289,496.045233,61,0.0,0.0,36964.297352547015,0.0
24.53,496.849289,496.165841,61,0.0,0.0,36973.284819170025,0.0
24.54,496.849289,496.268359,61,0.0,0.0,36980.924255221194,0.0
24.55,496.849289,496.355498,62,0.0,0.0,36987.41767899129,0.0
24.560000000000002,493.7562,495.965603,62,0.0,0.0,36958.36348441893,0.0
24.57,493.7562,495.634193,62,0.0,0.0,36933.667474920934,0.0
24.580000000000002,493.7562,495.352494,62,0.0,0.0,36912.67582958863,0.0
24.59,489.58206,494.486929,62,0.0,0.0,36848.175659222194,0.0
24.6,499.646662,495.260889,62,0.0,0.0,36905.84960844242,0.0
24.61,499.646662,495.918755,62,0.0,0.0,36954.872465279615,0.0
24.62,499.646662,496.477941,62,0.0,0.0,36996.541886139414,0.0
24.63,499.646662,496.953249,62,0.0,0.0,37031.96088641847,0.0
24.64,499.646662,497.357261,62,0.0,0.0,37062.06705155925,0.0
24.650000000000002,499.646662,497.700671,62,0.0,0.0,37087.657277025326,0.0
24.66,478.749127,494.85794,62,0.0,0.0,36875.8226559328,0.0
24.67,478.749127,492.441618,63,0.0,0.0,36695.76317956747,0.0
24.68,499.99315,493.574348,63,0.0,0.0,36780.17195069288,0.0
24.69,499.99315,494.537168,63,0.0,0.0,36851.919368890485,0.0
24.7,490.497569,493.931228,63,0.0,0.0,36806.7659335831,0.0
24.71,490.497569,493.416179,63,0.0,0.0,36768.385513571826,0.0
24.72,490.497569,492.978388,63,0.0,0.0,36735.762204998944,0.0
24.73,490.497569,492.606265,63,0.0,0.0,36708.032344275285,0.0
24.740000000000002,490.497569,492.289961,63,0.0,0.0,36684.46200364508,0.0
24.75,490.497569,492.021102,63,0.0,0.0,36664.42716939861,0.0
24.76,511.15431,494.891083,63,0.0,0.0,36878.29240591859,0.0
24.77,511.15431,497.330567,63,0.0,0.0,37060.077868138294,0.0
24.78,499.936183,497.72141,63,0.0,0.0,37089.20270577213,0.0
24.79,499.936183,498.053626,64,0.0,0.0,37113.95877677598,0.0
24.8,495.033956,497.600675,64,0.0,0.0,37080.20577536344,0.0
24.810000000000002,495.033956,497.215667,64,0.0,0.0,37051.51575024408,0.0
24.82,495.033956,496.888411,64,0.0,0.0,37027.12928850702,0.0
24.830000000000002,495.033956,496.610243,64,0.0,0.0,37006.40076622333,0.0
24.84,495.033956,496.3738,64,0.0,0.0,36988.78150737858,0.0
24.85,495.033956,496.172823,64,0.0,0.0,36973.80510382745,0.0
24.86,495.033956,496.001993,64,0.0,0.0,36961.07519434209,0.0
24.87,487.82111,494.774861,64,0.0,0.0,36869.63177523191,0.0
24.88,487.82111,493.731798,64,0.0,0.0,36791.90480937387,0.0
24.89,484.369866,492.327508,64,0.0,0.0,36687.25993089115,0.0
24.900000000000002,499.352912,493.381319,65,0.0,0.0,36765.7878161846,0.0
24.91,499.352912,494.277058,65,0.0,0.0,36832.53649260273,0.0
24.92,499.352912,495.038436,65,0.0,0.0,36889.27285638044,0.0
24.93,499.352912,495.685607,65,0.0,0.0,36937.498743236094,0.0
24.94,499.352912,496.235703,65,0.0,0.0,36978.49079550011,0.0
24.95,499.352912,496.703284,65,0.0,0.0,37013.33399521371,0.0
24.96,499.352912,497.100729,65,0.0,0.0,37042.950800665974,0.0
24.97,501.380504,497.742695,65,0.0,0.0,37090.78882134548,0.0
24.98,501.380504,498.288366,65,0.0,0.0,37131.45113147126,0.0
24.990000000000002,501.380504,498.752187,65,0.0,0.0,37166.01414351487,0.0
25.0,493.498231,497.964093,66,0.0,0.0,37107.28695692027,0.0
25.01,493.498231,497.294214,66,0.0,0.0,37057.36891538105,0.0
25.02,493.498231,496.724816,66,0.0,0.0,37014.9385167324,0.0
25.03,493.498231,496.240829,66,0.0,0.0,36978.87277475447,0.0
25.04,493.498231,495.829439,66,0.0,0.0,36948.21681582932,0.0
25.05,493.498231,495.479758,66,0.0,0.0,36922.15928800193,0.0
25.060000000000002,493.498231,495.182529,66,0.0,0.0,36900.01037817096,0.0
25.07,493.498231,494.929884,66,0.0,0.0,36881.18377873334,0.0
25.080000000000002,493.498231,494.715136,66,0.0,0.0,36865.18118784086,0.0
25.09,493.498231,494.5326,66,0.0,0.0,36851.578970678645,0.0
25.1,492.762087,494.267023,66,0.0,0.0,36831.788704499435,0.0
25.11,492.762087,494.041283,66,0.0,0.0,36814.96701178021,0.0
25.12,492.762087,493.849403,66,0.0,0.0,36800.668498450876,0.0
25.13,492.762087,493.686306,66,0.0,0.0,36788.51483663893,0.0
25.14,492.762087,493.547673,66,0.0,0.0,36778.18418311387,0.0
25.150000000000002,492.762087,493.429835,67,0.0,0.0,36769.40313134348,0.0
25.16,492.762087,493.329673,67,0.0,0.0,36761.93925969405,0.0
25.17,496.807216,493.851304,67,0.0,0.0,36800.81015716381,0.0
25.18,496.807216,494.294691,67,0.0,0.0,36833.8504684498,0.0
25.19,496.807216,494.67157,67,0.0,0.0,36861.9347367688,0.0
25.2,487.719824,493.628808,67,0.0,0.0,36784.23020082795,0.0
25.21,487.719824,492.742461,67,0.0,0.0,36718.18139744082,0.0
25.22,487.719824,491.989065,67,0.0,0.0,36662.03983631787,0.0
25.23,487.719824,491.348679,67,0.0,0.0,36614.31955407415,0.0
25.240000000000002,487.719824,490.804351,67,0.0,0.0,36573.757321618796,0.0
25.25,487.719824,490.341672,67,0.0,0.0,36539.27940912815,0.0
25.26,504.578431,492.477186,67,0.0,0.0,36698.413635696816,0.0
25.27,504.578431,494.292372,68,0.0,0.0,36833.67766121398,0.0
25.28,499.999325,495.148415,68,0.0,0.0,36897.46827120975,0.0
25.29,499.999325,495.876052,68,0.0,0.0,36951.69032323926,0.0
25.3,491.384537,495.202325,68,0.0,0.0,36901.48553644628,0.0
25.310000000000002,491.384537,494.629656,68,0.0,0.0,36858.811389428345,0.0
25.32,491.384537,494.142888,68,0.0,0.0,36822.5384128998,0.0
25.330000000000002,491.384537,493.729136,68,0.0,0.0,36791.706442464936,0.0
25.34,491.384537,493.377446,68,0.0,0.0,36765.49920798091,0.0
25.35,491.384537,493.078509,68,0.0,0.0,36743.22302141048,0.0
25.36,493.644301,493.163378,68,0.0,0.0,36749.54728932661,0.0
25.37,493.644301,493.235517,68,0.0,0.0,36754.92294313663,0.0
25.38,499.9984,494.249949,68,0.0,0.0,36830.516384212875,0.0
25.39,499.9984,495.112217,68,0.0,0.0,36894.77086874209,0.0
25.400000000000002,490.611598,494.437124,69,0.0,0.0,36844.46429036474,0.0
25.41,490.611598,493.863295,69,0.0,0.0,36801.70370246989,0.0
25.42,490.611598,493.375541,69,0.0,0.0,36765.35725119597,0.0
25.43,490.611598,492.960949,69,0.0,0.0,36734.46268564335,0.0
25.44,490.611598,492.608547,69,0.0,0.0,36708.202394345215,0.0
25.45,490.611598,492.309004,69,0.0,0.0,36685.881049868396,0.0
25.46,506.04861,494.369945,69,0.0,0.0,36839.45824582153,0.0
25.47,506.04861,496.121745,69,0.0,0.0,36969.99887355938,0.0
25.48,484.37299,494.359432,69,0.0,0.0,36838.67483811551,0.0
25.490000000000002,484.37299,492.861465,69,0.0,0.0,36727.049337196106,0.0
25.5,491.40663,492.64324,70,0.0,0.0,36710.78764722688,0.0
25.51,491.40663,492.457749,70,0.0,0.0,36696.965229382535,0.0
25.52,491.40663,492.300081,70,0.0,0.0,36685.21612577815,0.0
25.53,491.40663,492.166063,70,0.0,0.0,36675.22937281082,0.0
25.54,491.40663,492.052148,70,0.0,0.0,36666.740655143985,0.0
25.55,491.40663,491.955321,70,0.0,0.0,36659.525301015674,0.0
25.560000000000002,493.598419,492.201785,70,0.0,0.0,36677.891304711746,0.0
25.57,493.598419,492.41128,70,0.0,0.0,36693.50245256421,0.0
25.580000000000002,484.373886,491.205671,70,0.0,0.0,36603.66288431075,0.0
25.59,484.373886,490.180903,70,0.0,0.0,36527.299225214,0.0
25.6,503.932392,492.243627,70,0.0,0.0,36681.009286756394,0.0
25.61,503.932392,493.996942,70,0.0,0.0,36811.66280926022,0.0
25.62,503.932392,495.487259,70,0.0,0.0,36922.71824749997,0.0
25.63,503.932392,496.754029,70,0.0,0.0,37017.115410988656,0.0
25.64,503.932392,497.830784,71,0.0,0.0,37097.35303721304,0.0
25.650000000000002,503.932392,498.746025,71,0.0,0.0,37165.55496361527,0.0
25.66,481.935312,496.224418,71,0.0,0.0,36977.649859900135,0.0
25.67,481.935312,494.081052,71,0.0,0.0,36817.93051801637,0.0
25.68,481.935312,492.259191,71,0.0,0.0,36682.16908486697,0.0
25.69,500.016751,493.422825,71,0.0,0.0,36768.88076018214,0.0
25.7,496.821092,493.932565,71,0.0,0.0,36806.86556414554,0.0
25.71,496.821092,494.365844,71,0.0,0.0,36839.15264751444,0.0
25.72,496.821092,494.734131,71,0.0,0.0,36866.596657200294,0.0
25.73,496.821092,495.047175,71,0.0,0.0,36889.924069159184,0.0
25.740000000000002,496.821092,495.313263,71,0.0,0.0,36909.75241403503,0.0
25.75,496.821092,495.539437,71,0.0,0.0,36926.606447565115,0.0
25.76,482.693575,493.612558,72,0.0,0.0,36783.0192833712,0.0
25.77,482.693575,491.97471,72,0.0,0.0,36660.97013046607,0.0
25.78,499.974776,493.17472,72,0.0,0.0,36750.39247245244,0.0
25.79,499.974776,494.194729,72,0.0,0.0,36826.40150039984,0.0
25.8,491.472532,493.786399,72,0.0,0.0,36795.97356654654,0.0
25.810000000000002,491.472532,493.439319,72,0.0,0.0,36770.10986003025,0.0
25.82,491.472532,493.144301,72,0.0,0.0,36748.12570949138,0.0
25.830000000000002,491.472532,492.893535,72,0.0,0.0,36729.43912937077,0.0
25.84,491.472532,492.680385,72,0.0,0.0,36713.555618238024,0.0
25.85,491.472532,492.499207,72,0.0,0.0,36700.0545965162,0.0
25.86,504.46082,494.293449,72,0.0,0.0,36833.75791709711,0.0
25.87,504.46082,495.818555,72,0.0,0.0,36947.40576194628,0.0
25.88,504.46082,497.114894,73,0.0,0.0,37044.00634809827,0.0
25.89,489.588719,495.985968,73,0.0,0.0,36959.88104343473,0.0
25.900000000000002,497.602197,496.228402,73,0.0,0.0,36977.946739601546,0.0
25.91,497.602197,496.434471,73,0.0,0.0,36993.30258879511,0.0
25.92,497.602197,496.60963,73,0.0,0.0,37006.35508669095,0.0
25.93,497.602197,496.758515,73,0.0,0.0,37017.449698724726,0.0
25.94,497.602197,496.885067,73,0.0,0.0,37026.88010032393,0.0
25.95,497.602197,496.992637,73,0.0,0.0,37034.89600129764,0.0
25.96,492.533663,496.323791,73,0.0,0.0,36985.054936849665,0.0
25.97,492.533663,495.755271,73,0.0,0.0,36942.6899650027,0.0
25.98,492.533663,495.27203,73,0.0,0.0,36906.67981345077,0.0
25.990000000000002,500.000867,495.981356,73,0.0,0.0,36959.537366431,0.0
26.0,491.539198,495.315032,74,0.0,0.0,36909.88423637232,0.0
26.01,491.539198,494.748657,74,0.0,0.0,36867.679105629635,0.0
26.02,491.539198,494.267238,74,0.0,0.0,36831.804725868875,0.0
26.03,491.539198,493.858032,74,0.0,0.0,36801.31151424991,0.0
26.04,491.539198,493.510207,74,0.0,0.0,36775.39229182558,0.0
26.05,491.539198,493.214556,74,0.0,0.0,36753.36097139442,0.0
26.060000000000002,491.539198,492.963252,74,0.0,0.0,36734.63430059122,0.0
26.07,491.539198,492.749644,74,0.0,0.0,36718.71666021571,0.0
26.080000000000002,498.128799,493.556517,74,0.0,0.0,36778.84322028234,0.0
26.09,498.128799,494.242359,74,0.0,0.0,36829.95079261308,0.0
26.1,491.863217,493.885488,75,0.0,0.0,36803.35748038484,0.0
26.11,491.863217,493.582147,75,0.0,0.0,36780.75311655413,0.0
26.12,491.863217,493.324308,75,0.0,0.0,36761.53947063832,0.0
26.13,491.863217,493.105144,75,0.0,0.0,36745.207808269595,0.0
26.14,491.863217,492.918855,75,0.0,0.0,36731.32592506338,0.0
26.150000000000002,491.863217,492.76051,75,0.0,0.0,36719.52637277478,0.0
26.16,503.724566,494.405118,75,0.0,0.0,36842.07926734193,0.0
26.17,503.724566,495.803035,75,0.0,0.0,36946.249242627586,0.0
26.18,499.9944,496.43174,75,0.0,0.0,36993.099080144384,0.0
26.19,499.9944,496.966139,75,0.0,0.0,37032.921423404165,0.0
26.2,485.651013,495.26887,75,0.0,0.0,36906.444336579174,0.0
26.21,485.651013,493.826192,75,0.0,0.0,36798.93886121465,0.0
26.22,485.651013,492.599915,75,0.0,0.0,36707.55915499219,0.0
26.23,485.651013,491.55758,75,0.0,0.0,36629.8864382362,0.0
26.240000000000002,485.651013,490.671595,76,0.0,0.0,36563.864610364115,0.0
26.25,485.651013,489.918508,76,0.0,0.0,36507.74607530233,0.0
26.26,493.030642,490.385328,76,0.0,0.0,36542.53256681996,0.0
26.27,493.030642,490.782125,76,0.0,0.0,36572.10108460995,0.0
26.28,493.030642,491.119402,76,0.0,0.0,36597.23429119834,0.0
26.29,489.583268,490.888982,76,0.0,0.0,36580.06385425156,0.0
26.3,497.43328,491.870627,76,0.0,0.0,36653.21407374907,0.0
26.310000000000002,497.43328,492.705025,76,0.0,0.0,36715.39174169245,0.0
26.32,497.43328,493.414263,76,0.0,0.0,36768.242737088935,0.0
26.330000000000002,497.43328,494.017116,76,0.0,0.0,36813.16613533853,0.0
26.34,497.43328,494.529541,76,0.0,0.0,36851.35102012479,0.0
26.35,497.43328,494.965102,76,0.0,0.0,36883.80815356361,0.0
26.36,492.777882,494.637019,76,0.0,0.0,36859.36006544276,0.0
26.37,492.777882,494.358148,77,0.0,0.0,36838.57915700692,0.0
26.38,492.777882,494.121108,77,0.0,0.0,36820.91541091777,0.0
26.39,500.003017,495.003395,77,0.0,0.0,36886.661671235706,0.0
26.400000000000002,495.061661,495.012135,77,0.0,0.0,36887.31295853244,0.0
26.41,495.061661,495.019563,77,0.0,0.0,36887.866478216674,0.0
26.42,495.061661,495.025878,77,0.0,0.0,36888.33705936986,0.0
26.43,495.061661,495.031246,77,0.0,0.0,36888.73707197957,0.0
26.44,495.061661,495.035808,77,0.0,0.0,36889.07702308344,0.0
26.45,495.061661,495.039686,77,0.0,0.0,36889.36600387711,0.0
26.46,485.197164,493.563308,77,0.0,0.0,36779.34927200227,0.0
26.47,485.197164,492.308386,77,0.0,0.0,36685.834997746046,0.0
26.48,499.993925,493.461217,77,0.0,0.0,36771.741655135964,0.0
26.490000000000002,499.993925,494.441123,78,0.0,0.0,36844.76228783611,0.0
26.5,490.283705,493.81751,78,0.0,0.0,36798.29189596175,0.0
26.51,490.283705,493.28744,78,0.0,0.0,36758.792141112455,0.0
26.52,490.283705,492.836879,78,0.0,0.0,36725.21723771355,0.0
26.53,490.283705,492.453903,78,0.0,0.0,36696.67863316478,0.0
26.54,490.283705,492.128374,78,0.0,0.0,36672.42086400912,0.0
26.55,490.283705,491.851673,78,0.0,0.0,36651.80165962751,0.0
26.560000000000002,506.680713,494.076029,78,0.0,0.0,36817.55621411574,0.0
26.57,506.680713,495.966732,78,0.0,0.0,36958.44761523793,0.0
26.580000000000002,484.330103,494.221237,78,0.0,0.0,36828.376823473285,0.0
26.59,484.330103,492.737567,78,0.0,0.0,36717.81670636185,0.0
26.6,493.75725,492.89052,79,0.0,0.0,36729.21445760879,0.0
26.61,493.75725,493.020529,79,0.0,0.0,36738.90246792478,0.0
26.62,493.75725,493.131037,79,0.0,0.0,36747.13730277469,0.0
26.63,493.75725,493.224969,79,0.0,0.0,36754.1369273007,0.0
26.64,493.75725,493.304812,79,0.0,0.0,36760.08666776221,0.0
26.650000000000002,493.75725,493.372677,79,0.0,0.0,36765.143831651614,0.0
26.66,500.285589,494.409614,79,0.0,0.0,36842.41430025795,0.0
26.67,500.285589,495.29101,79,0.0,0.0,36908.09416504026,0.0
26.68,500.285589,496.040197,79,0.0,0.0,36963.922079912416,0.0
26.69,489.589013,495.072519,79,0.0,0.0,36891.81265328374,0.0
26.7,492.159598,494.635581,80,0.0,0.0,36859.25290856259,0.0
26.71,492.159598,494.264184,80,0.0,0.0,36831.57714790499,0.0
26.72,492.159598,493.948496,80,0.0,0.0,36808.05271036114,0.0
26.73,492.159598,493.680161,80,0.0,0.0,36788.05692354527,0.0
26.740000000000002,492.159598,493.452077,80,0.0,0.0,36771.06056064029,0.0
26.75,492.159598,493.258205,80,0.0,0.0,36756.61360746025,0.0
26.76,500.379122,494.326342,80,0.0,0.0,36836.20903758357,0.0
26.77,500.379122,495.234259,80,0.0,0.0,36903.86519417329,0.0
26.78,499.99115,495.947793,80,0.0,0.0,36957.03631888633,0.0
26.79,499.99115,496.554297,80,0.0,0.0,37002.23178234423,0.0
26.8,486.463274,495.040643,80,0.0,0.0,36889.43731760057,0.0
26.810000000000002,486.463274,493.754038,80,0.0,0.0,36793.56208963466,0.0
26.82,486.463274,492.660423,80,0.0,0.0,36712.06808997515,0.0
26.830000000000002,486.463274,491.730851,80,0.0,0.0,36642.79824615306,0.0
26.84,486.463274,490.940714,80,0.0,0.0,36583.91881928989,0.0
26.85,486.463274,490.269098,81,0.0,0.0,36533.87133998929,0.0
26.86,502.486776,492.10175,81,0.0,0.0,36670.43689684798,0.0
26.87,502.486776,493.659504,81,0.0,0.0,36786.51760527426,0.0
26.88,499.989,494.608928,81,0.0,0.0,36857.26678037952,0.0
26.89,499.989,495.415939,81,0.0,0.0,36917.40362392977,0.0
26.900000000000002,492.627278,494.99764,81,0.0,0.0,36886.23282016102,0.0
26.91,492.627278,494.642086,81,0.0,0.0,36859.73764813526,0.0
26.92,492.627278,494.339864,81,0.0,0.0,36837.216669943584,0.0
26.93,492.627278,494.082976,81,0.0,0.0,36818.07389064325,0.0
26.94,492.627278,493.864622,81,0.0,0.0,36801.80258785236,0.0
26.95,492.627278,493.67902,81,0.0,0.0,36787.97189851032,0.0
26.96,491.365072,493.331928,81,0.0,0.0,36762.10729777805,0.0
26.97,491.365072,493.036899,82,0.0,0.0,36740.12232754122,0.0
26.98,491.365072,492.786125,82,0.0,0.0,36721.435151276615,0.0
26.990000000000002,500.00935,493.869609,82,0.0,0.0,36802.1742091051,0.0
27.0,491.253793,493.477237,82,0.0,0.0,36772.93543345333,0.0
27.01,491.253793,493.14372,82,0.0,0.0,36748.08241453493,0.0
27.02,491.253793,492.860231,82,0.0,0.0,36726.95738198739,0.0
27.03,491.253793,492.619265,82,0.0,0.0,36709.00107824069,0.0
27.04,491.253793,492.414445,82,0.0,0.0,36693.738302025784,0.0
27.05,491.253793,492.240347,82,0.0,0.0,36680.76486772512,0.0
27.060000000000002,491.253793,492.092364,82,0.0,0.0,36669.73747092495,0.0
27.07,491.253793,491.966578,82,0.0,0.0,36660.364150111716,0.0
27.080000000000002,483.953716,490.764649,82,0.0,0.0,36570.79880808846,0.0
27.09,483.953716,489.743009,82,0.0,0.0,36494.66824128739,0.0
27.1,500.446306,491.348504,83,0.0,0.0,36614.30651342462,0.0
27.11,500.446306,492.713174,83,0.0,0.0,36715.998988852756,0.0
27.12,500.446306,493.873144,83,0.0,0.0,36802.43763022568,0.0
27.13,500.446306,494.859118,83,0.0,0.0,36875.91043813367,0.0
27.14,500.446306,495.697196,83,0.0,0.0,36938.36233230725,0.0
27.150000000000002,500.446306,496.409563,83,0.0,0.0,36991.4464945174,0.0
27.16,488.101696,495.163383,83,0.0,0.0,36898.58365659392,0.0
27.17,488.101696,494.10413,83,0.0,0.0,36819.65024435895,0.0
27.18,499.9927,494.987415,83,0.0,0.0,36885.47087363823,0.0
27.19,499.9927,495.738208,83,0.0,0.0,36941.41846441411,0.0
27.2,496.263032,495.816932,84,0.0,0.0,36947.28481923659,0.0
27.21,496.263032,495.883847,84,0.0,0.0,36952.27119102851,0.0
27.22,496.263032,495.940724,84,0.0,0.0,36956.509551163144,0.0
27.23,496.263032,495.989071,84,0.0,0.0,36960.11227278048,0.0
27.240000000000002,496.263032,496.030165,84,0.0,0.0,36963.174515363105,0.0
27.25,496.263032,496.065095,84,0.0,0.0,36965.777429010144,0.0
27.26,495.781298,496.022525,84,0.0,0.0,36962.605197863435,0.0
27.27,495.781298,495.986341,84,0.0,0.0,36959.90883864774,0.0
27.28,499.905193,496.574169,84,0.0,0.0,37003.712603987326,0.0
27.29,499.905193,497.073822,84,0.0,0.0,37040.94574491158,0.0
27.3,485.50147,495.33797,84,0.0,0.0,36911.59353019528,0.0
27.310000000000002,485.50147,493.862495,84,0.0,0.0,36801.644088072026,0.0
27.32,485.50147,492.608341,84,0.0,0.0,36708.18704363776,0.0
27.330000000000002,485.50147,491.54231,84,0.0,0.0,36628.748548416836,0.0
27.34,485.50147,490.636184,85,0.0,0.0,36561.22585356035,0.0
27.35,485.50147,489.865977,85,0.0,0.0,36503.831570384136,0.0
27.36,504.121575,492.004317,85,0.0,0.0,36663.17638481328,0.0
27.37,504.121575,493.821905,85,0.0,0.0,36798.61940256005,0.0
27.38,504.121575,495.366856,85,0.0,0.0,36913.746057066404,0.0
27.39,489.742157,494.523151,85,0.0,0.0,36850.874850121785,0.0
27.400000000000002,495.655189,494.692957,85,0.0,0.0,36863.528453177874,0.0
27.41,495.655189,494.837292,85,0.0,0.0,36874.28400832376,0.0
27.42,495.655189,494.959976,85,0.0,0.0,36883.42617430926,0.0
27.43,495.655189,495.064258,85,0.0,0.0,36891.19706010773,0.0
27.44,495.655189,495.152898,85,0.0,0.0,36897.80233539182,0.0
27.45,495.655189,495.228241,85,0.0,0.0,36903.41674486531,0.0
27.46,495.34595,495.245898,86,0.0,0.0,36904.73250914433,0.0
27.47,495.34595,495.260905,86,0.0,0.0,36905.850800730375,0.0
27.48,495.34595,495.273662,86,0.0,0.0,36906.80142682243,0.0
27.490000000000002,489.633309,494.427609,86,0.0,0.0,36843.75525162007,0.0
27.5,488.576909,493.550004,86,0.0,0.0,36778.35788456568,0.0
27.51,488.576909,492.80404,86,0.0,0.0,36722.77014119894,0.0
27.52,488.576909,492.16997,86,0.0,0.0,36675.52051462642,0.0
27.53,488.576909,491.631011,86,0.0,0.0,36635.358369298774,0.0
27.54,488.576909,491.172896,86,0.0,0.0,36601.22055694798,0.0
27.55,488.576909,490.783498,86,0.0,0.0,36572.2033978203,0.0
27.560000000000002,505.711639,493.022719,86,0.0,0.0,36739.065662338966,0.0
27.57,505.711639,494.926057,86,0.0,0.0,36880.89859835752,0.0
27.580000000000002,499.997775,495.686815,87,0.0,0.0,36937.58876097689,0.0
27.59,499.997775,496.333459,87,0.0,0.0,36985.775376847945,0.0
27.6,491.155285,495.556733,87,0.0,0.0,36927.89531084708,0.0
27.61,491.155285,494.896516,87,0.0,0.0,36878.69726219815,0.0
27.62,491.155285,494.335331,87,0.0,0.0,36836.878879861644,0.0
27.63,491.155285,493.858324,87,0.0,0.0,36801.33327350513,0.0
27.64,491.155285,493.452868,87,0.0,0.0,36771.11950437619,0.0
27.650000000000002,491.155285,493.108231,87,0.0,0.0,36745.43784532738,0.0
27.66,483.034935,491.597237,87,0.0,0.0,36632.84159845666,0.0
27.67,483.034935,490.312891,87,0.0,0.0,36537.13470664674,0.0
27.68,483.034935,489.221198,87,0.0,0.0,36455.78393057811,0.0
27.69,489.625441,489.281834,87,0.0,0.0,36460.30240386474,0.0
27.7,504.53581,491.569931,88,0.0,0.0,36630.80681002133,0.0
27.71,504.53581,493.514813,88,0.0,0.0,36775.735521721326,0.0
27.72,504.53581,495.167962,88,0.0,0.0,36898.92487450373,0.0
27.73,504.53581,496.573139,88,0.0,0.0,37003.63585045007,0.0
27.740000000000002,504.53581,497.76754,88,0.0,0.0,37092.64022098936,0.0
27.75,504.53581,498.782781,88,0.0,0.0,37168.29394712545,0.0
27.76,493.396677,497.974865,88,0.0,0.0,37108.08966478759,0.0
27.77,493.396677,497.288137,88,0.0,0.0,37056.91606951122,0.0
27.78,484.347731,495.347076,88,0.0,0.0,36912.27209107905,0.0
27.79,484.347731,493.697174,88,0.0,0.0,36789.324698234006,0.0
27.8,504.073272,495.253589,89,0.0,0.0,36905.30562706185,0.0
27.810000000000002,504.073272,496.576541,89,0.0,0.0,37003.889360677014,0.0
27.82,504.073272,497.701051,89,0.0,0.0,37087.685593864306,0.0
27.830000000000002,504.073272,498.656884,89,0.0,0.0,37158.91235481451,0.0
27.84,504.073272,499.469342,89,0.0,0.0,37219.45509789628,0.0
27.85,504.073272,500.159931,89,0.0,0.0,37270.91640716038,0.0
27.86,481.727177,497.395018,89,0.0,0.0,37064.88062758477,0.0
27.87,481.727177,495.044842,89,0.0,0.0,36889.7502186714,0.0
27.88,484.372094,493.44393,89,0.0,0.0,36770.45346251597,0.0
27.89,484.372094,492.083155,89,0.0,0.0,36669.05123468746,0.0
27.900000000000002,503.514341,493.797832,89,0.0,0.0,36796.82553081012,0.0
27.91,503.514341,495.255309,89,0.0,0.0,36905.43379801727,0.0
27.92,503.514341,496.494164,89,0.0,0.0,36997.75079161025,0.0
27.93,503.514341,497.54719,89,0.0,0.0,37076.220180275785,0.0
27.94,503.514341,498.442263,89,0.0,0.0,37142.919227707695,0.0
27.95,503.514341,499.203074,90,0.0,0.0,37199.61333978091,0.0
27.96,482.676783,496.724131,90,0.0,0.0,37014.88747190422,0.0
27.97,482.676783,494.617029,90,0.0,0.0,36857.87045067595,0.0
27.98,482.676783,492.825992,90,0.0,0.0,36724.40596027651,0.0
27.990000000000002,500.001183,493.90227,90,0.0,0.0,36804.60804141617,0.0
28.0,492.23884,493.652756,90,0.0,0.0,36786.01475782821,0.0
28.01,492.23884,493.440669,90,0.0,0.0,36770.210459326656,0.0
28.02,492.23884,493.260394,90,0.0,0.0,36756.776727356424,0.0
28.03,492.23884,493.107161,90,0.0,0.0,36745.358111070236,0.0
28.04,492.23884,492.976913,90,0.0,0.0,36735.652290952865,0.0
28.05,492.23884,492.866202,90,0.0,0.0,36727.40232894951,0.0
28.060000000000002,492.23884,492.772098,90,0.0,0.0,36720.38988732795,0.0
28.07,492.23884,492.692109,91,0.0,0.0,36714.429267238826,0.0
28.080000000000002,495.765239,493.153079,91,0.0,0.0,36748.77982847203,0.0
28.09,495.765239,493.544903,91,0.0,0.0,36777.97776826125,0.0
28.1,491.474059,493.234276,91,0.0,0.0,36754.83046630194,0.0
28.11,491.474059,492.970244,91,0.0,0.0,36735.15533042862,0.0
28.12,491.474059,492.745816,91,0.0,0.0,36718.43140532189,0.0
28.13,491.474059,492.555052,91,0.0,0.0,36704.21605407758,0.0
28.14,491.474059,492.392903,91,0.0,0.0,36692.13303532711,0.0
28.150000000000002,491.474059,492.255076,91,0.0,0.0,36681.862443307924,0.0
28.16,504.439205,494.082696,91,0.0,0.0,36818.05302560399,0.0
28.17,504.439205,495.636172,91,0.0,0.0,36933.81494603766,0.0
28.18,504.439205,496.956627,91,0.0,0.0,37032.21260821348,0.0
28.19,489.592652,495.852031,92,0.0,0.0,36949.90032642519,0.0
28.2,489.791043,494.942883,92,0.0,0.0,36882.15243818075,0.0
28.21,489.791043,494.170107,92,0.0,0.0,36824.56671826936,0.0
28.22,489.791043,493.513247,92,0.0,0.0,36775.61882653749,0.0
28.23,489.791043,492.954916,92,0.0,0.0,36734.0131185654,0.0
28.240000000000002,489.791043,492.480335,92,0.0,0.0,36698.64829287043,0.0
28.25,489.791043,492.076941,92,0.0,0.0,36668.588179852,0.0
28.26,503.889695,493.848855,92,0.0,0.0,36800.627662588326,0.0
28.27,503.889695,495.354981,92,0.0,0.0,36912.861155848004,0.0
28.28,484.37345,493.707751,92,0.0,0.0,36790.11287509184,0.0
28.29,484.37345,492.307606,92,0.0,0.0,36685.77687370813,0.0
28.3,497.808003,493.132666,93,0.0,0.0,36747.25869259236,0.0
28.310000000000002,497.808003,493.833966,93,0.0,0.0,36799.51816412594,0.0
28.32,497.808003,494.430072,93,0.0,0.0,36843.938789447515,0.0
28.330000000000002,497.808003,494.936761,93,0.0,0.0,36881.69623900103,0.0
28.34,497.808003,495.367448,93,0.0,0.0,36913.79017172083,0.0
28.35,497.808003,495.733531,93,0.0,0.0,36941.069943740564,0.0
28.36,493.000221,495.323535,93,0.0,0.0,36910.5178629037,0.0
28.37,493.000221,494.975037,93,0.0,0.0,36884.54848986717,0.0
28.38,499.997025,495.728336,93,0.0,0.0,36940.68282274439,0.0
28.39,499.997025,496.368639,93,0.0,0.0,36988.39691999432,0.0
28.400000000000002,484.356393,494.566802,94,0.0,0.0,36854.127635223624,0.0
28.41,484.356393,493.035241,94,0.0,0.0,36739.998776701636,0.0
28.42,484.356393,491.733414,94,0.0,0.0,36642.98923578024,0.0
28.43,484.356393,490.62686,94,0.0,0.0,36560.53104775317,0.0
28.44,484.356393,489.68629,94,0.0,0.0,36490.44165499634,0.0
28.45,484.356393,488.886806,94,0.0,0.0,36430.86570841204,0.0
28.46,517.428999,493.168135,94,0.0,0.0,36749.90177143997,0.0
28.47,517.428999,496.807264,94,0.0,0.0,37021.08237657698,0.0
28.48,517.428999,499.900525,94,0.0,0.0,37251.58599154275,0.0
28.490000000000002,489.48325,498.337933,94,0.0,0.0,37135.144765045356,0.0
28.5,489.248115,496.974461,94,0.0,0.0,37033.54156217801,0.0
28.51,489.248115,495.815509,94,0.0,0.0,36947.17878012638,0.0
28.52,489.248115,494.8304,94,0.0,0.0,36873.770430286095,0.0
28.53,489.248115,493.993057,94,0.0,0.0,36811.37330684056,0.0
28.54,489.248115,493.281316,94,0.0,0.0,36758.33579289674,0.0
28.55,489.248115,492.676336,95,0.0,0.0,36713.2538948668,0.0
28.560000000000002,482.867018,491.204938,95,0.0,0.0,36603.6082626187,0.0
28.57,482.867018,489.95425,95,0.0,0.0,36510.40949756321,0.0
28.580000000000002,482.867018,488.891165,95,0.0,0.0,36431.190532362445,0.0
28.59,500.0021,490.557805,95,0.0,0.0,36555.38520744694,0.0
28.6,497.896403,491.658595,95,0.0,0.0,36637.413873737365,0.0
28.61,497.896403,492.594266,95,0.0,0.0,36707.13820282522,0.0
28.62,497.896403,493.389587,95,0.0,0.0,36766.4039309866,0.0
28.63,497.896403,494.065609,95,0.0,0.0,36816.77973658346,0.0
28.64,497.896403,494.640228,95,0.0,0.0,36859.59919369621,0.0
28.650000000000002,497.896403,495.128654,95,0.0,0.0,36895.99572106433,0.0
28.66,481.169897,493.034841,95,0.0,0.0,36739.9689695027,0.0
28.67,481.169897,491.255099,96,0.0,0.0,36607.34615988321,0.0
28.68,481.169897,489.742319,96,0.0,0.0,36494.61682386923,0.0
28.69,500.007667,491.282121,96,0.0,0.0,36609.35978520729,0.0
28.7,505.861176,493.468979,96,0.0,0.0,36772.32006383131,0.0
28.71,505.861176,495.327809,96,0.0,0.0,36910.83635282432,0.0
28.72,505.861176,496.907814,96,0.0,0.0,37028.57516120939,0.0
28.73,505.861176,498.250818,96,0.0,0.0,37128.65312970719,0.0
28.740000000000002,505.861176,499.392372,96,0.0,0.0,37213.71944764112,0.0
28.75,505.861176,500.362693,96,0.0,0.0,37286.025825336765,0.0
28.76,480.59368,497.397341,96,0.0,0.0,37065.053732892586,0.0
28.77,480.59368,494.876792,96,0.0,0.0,36877.22746921863,0.0
28.78,499.980801,495.642393,96,0.0,0.0,36934.2785224991,0.0
28.79,499.980801,496.293154,96,0.0,0.0,36982.77192896521,0.0
28.8,499.123053,496.717639,97,0.0,0.0,37014.40370106551,0.0
28.810000000000002,499.123053,497.078451,97,0.0,0.0,37041.29068872125,0.0
28.82,499.123053,497.385141,97,0.0,0.0,37064.14461332505,0.0
28.830000000000002,499.123053,497.645828,97,0.0,0.0,37083.57048649727,0.0
28.84,499.123053,497.867412,97,0.0,0.0,37100.08248241956,0.0
28.85,499.123053,498.055758,97,0.0,0.0,37114.11764914631,0.0
28.86,490.685781,496.950261,97,0.0,0.0,37031.73822664242,0.0
28.87,490.685781,496.010589,97,0.0,0.0,36961.71575104721,0.0
28.88,484.373159,494.264975,97,0.0,0.0,36831.63609164089,0.0
28.89,484.373159,492.781202,97,0.0,0.0,36721.06829917572,0.0
28.900000000000002,504.406368,494.524977,98,0.0,0.0,36851.01091998493,0.0
28.91,504.406368,496.007186,98,0.0,0.0,36961.46216630226,0.0
28.92,504.406368,497.267063,98,0.0,0.0,37055.3456772353,0.0
28.93,504.406368,498.337959,98,0.0,0.0,37135.14670251327,0.0
28.94,504.406368,499.24822,98,0.0,0.0,37202.97752928876,0.0
28.95,504.406368,500.021942,98,0.0,0.0,37260.63374322562,0.0
28.96,481.131695,497.188405,98,0.0,0.0,37049.48424060064,0.0
28.97,481.131695,494.779898,98,0.0,0.0,36870.0071223845,0.0
28.98,481.131695,492.732668,98,0.0,0.0,36717.45164269289,0.0
28.990000000000002,489.58645,492.260735,98,0.0,0.0,36682.28414065487,0.0
29.0,497.779044,493.088482,99,0.0,0.0,36743.96618939794,0.0
29.01,497.779044,493.792066,99,0.0,0.0,36796.39586003746,0.0
29.02,497.779044,494.390113,99,0.0,0.0,36840.96112479185,0.0
29.03,497.779044,494.898452,99,0.0,0.0,36878.84152904099,0.0
29.04,497.779044,495.330541,99,0.0,0.0,36911.03993599305,0.0
29.05,497.779044,495.697816,99,0.0,0.0,36938.408533465605,0.0
29.060000000000002,497.779044,496.010001,99,0.0,0.0,36961.67193446478,0.0
29.07,497.779044,496.275357,99,0.0,0.0,36981.44573216657,0.0
29.080000000000002,492.389743,495.692515,99,0.0,0.0,36938.01351356172,0.0
29.09,492.389743,495.197099,99,0.0,0.0,36901.096105392186,0.0
29.1,486.138036,493.83824,99,0.0,0.0,36799.83665404657,0.0
29.11,486.138036,492.683209,99,0.0,0.0,36713.76605706251,0.0
29.12,486.138036,491.701433,99,0.0,0.0,36640.60607570735,0.0
29.13,486.138036,490.866924,99,0.0,0.0,36578.42013626627,0.0
29.14,486.138036,490.157591,99,0.0,0.0,36525.56206166005,0.0
29.150000000000002,486.138036,489.554658,99,0.0,0.0,36480.632701970666,0.0
29.16,503.088051,491.584667,100,0.0,0.0,36631.904907230106,0.0
29.17,503.088051,493.310174,100,0.0,0.0,36760.48623326394,0.0
29.18,499.988825,494.311972,100,0.0,0.0,36835.138213961814,0.0
29.19,499.988825,495.1635,100,0.0,0.0,36898.5923751996,0.0
29.2,488.341167,494.14015,100,0.0,0.0,36822.334382623085,0.0
29.21,488.341167,493.270302,100,0.0,0.0,36757.51505167406,0.0
29.22,488.341167,492.530932,100,0.0,0.0,36702.418679981776,0.0
29.23,488.341167,491.902467,100,0.0,0.0,36655.586726784335,0.0
29.240000000000002,488.341167,491.368272,100,0.0,0.0,36615.77958519602,0.0
29.25,488.341167,490.914206,100,0.0,0.0,36581.94349621644,0.0
29.26,499.525977,492.205972,100,0.0,0.0,36678.203311566605,0.0
29.27,499.525977,493.303973,100,0.0,0.0,36760.02414716245,0.0
29.28,499.525977,494.237273,101,0.0,0.0,36829.57179407861,0.0
29.29,499.99855,495.101465,101,0.0,0.0,36893.9696512347,0.0
29.3,492.685303,494.739041,101,0.0,0.0,36866.96254056723,0.0
29.310000000000002,492.685303,494.43098,101,0.0,0.0,36844.00645178909,0.0
29.32,492.685303,494.169128,101,0.0,0.0,36824.49376514997,0.0
29.330000000000002,492.685303,493.946555,101,0.0,0.0,36807.90807092831,0.0
29.34,492.685303,493.757367,101,0.0,0.0,36793.810160047804,0.0
29.35,492.685303,493.596557,101,0.0,0.0,36781.82692089577,0.0
29.36,499.942079,494.548385,101,0.0,0.0,36852.75523726664,0.0
29.37,499.942079,495.35744,101,0.0,0.0,36913.044395603465,0.0
29.38,499.942079,496.045136,101,0.0,0.0,36964.29012430127,0.0
29.39,489.582517,495.075743,101,0.0,0.0,36892.05289930716,0.0
29.400000000000002,503.488366,496.337636,102,0.0,0.0,36986.08663852283,0.0
29.41,503.488366,497.410246,102,0.0,0.0,37066.015387648236,0.0
29.42,503.488366,498.321964,102,0.0,0.0,37133.95478714584,0.0
29.43,503.488366,499.096924,102,0.0,0.0,37191.70325436342,0.0
29.44,503.488366,499.75564,102,0.0,0.0,37240.789451498335,0.0
29.45,503.488366,500.315549,102,0.0,0.0,37282.51274887023,0.0
29.46,483.000623,497.71831,102,0.0,0.0,37088.97169998038,0.0
29.47,483.000623,495.510657,102,0.0,0.0,36924.4618196017,0.0
29.48,483.000623,493.634152,102,0.0,0.0,36784.62842500572,0.0
29.490000000000002,479.033687,491.444082,102,0.0,0.0,36621.428794574254,0.0
29.5,497.624003,492.37107,103,0.0,0.0,36690.50608389122,0.0
29.51,497.624003,493.15901,103,0.0,0.0,36749.22179471424,0.0
29.52,497.624003,493.828759,103,0.0,0.0,36799.13014891381,0.0
29.53,497.624003,494.398046,103,0.0,0.0,36841.55227606474,0.0
29.54,497.624003,494.88194,103,0.0,0.0,36877.611087868936,0.0
29.55,497.624003,495.293249,103,0.0,0.0,36908.26101083629,0.0
29.560000000000002,503.868759,496.579576,103,0.0,0.0,37004.115522798944,0.0
29.57,503.868759,497.672953,103,0.0,0.0,37085.591787175086,0.0
29.580000000000002,503.868759,498.602324,103,0.0,0.0,37154.846652879714,0.0
29.59,489.584035,497.249581,103,0.0,0.0,37054.04295360582,0.0
29.6,499.379383,497.569051,103,0.0,0.0,37077.849218215604,0.0
29.61,499.379383,497.840601,103,0.0,0.0,37098.08458039292,0.0
29.62,499.379383,498.071418,103,0.0,0.0,37115.28460098464,0.0
29.63,499.379383,498.267613,103,0.0,0.0,37129.904659472486,0.0
29.64,499.379383,498.434378,104,0.0,0.0,37142.33165329868,0.0
29.650000000000002,499.379383,498.576129,104,0.0,0.0,37152.894653939424,0.0
29.66,489.554233,497.222845,104,0.0,0.0,37052.05064042898,0.0
29.67,489.554233,496.072553,104,0.0,0.0,36966.3331842343,0.0
29.68,489.554233,495.094805,104,0.0,0.0,36893.47336137243,0.0
29.69,489.604582,494.271272,104,0.0,0.0,36832.10533147013,0.0
29.7,500.106376,495.146537,104,0.0,0.0,36897.32832641076,0.0
29.71,500.106376,495.890513,104,0.0,0.0,36952.76792799878,0.0
29.72,500.106376,496.522892,104,0.0,0.0,36999.8915446378,0.0
29.73,500.106376,497.060415,104,0.0,0.0,37039.946682121255,0.0
29.740000000000002,500.106376,497.517309,104,0.0,0.0,37073.99350799731,0.0
29.75,500.106376,497.905669,104,0.0,0.0,37102.933317443756,0.0
29.76,488.47451,496.490995,104,0.0,0.0,36997.514644076684,0.0
29.77,488.47451,495.288522,105,0.0,0.0,36907.90876426288,0.0
29.78,499.976776,495.99176,105,0.0,0.0,36960.31265167532,0.0
29.79,499.976776,496.589513,105,0.0,0.0,37004.85600813849,0.0
29.8,499.142938,496.972527,105,0.0,0.0,37033.39744437116,0.0
29.810000000000002,499.142938,497.298088,105,0.0,0.0,37057.657598102734,0.0
29.82,499.142938,497.574816,105,0.0,0.0,37078.27881447027,0.0
29.830000000000002,499.142938,497.810034,105,0.0,0.0,37095.80678876826,0.0
29.84,499.142938,498.00997,105,0.0,0.0,37110.70561908417,0.0
29.85,499.142938,498.179915,105,0.0,0.0,37123.36958014188,0.0
29.86,478.861136,495.282098,105,0.0,0.0,36907.430060647974,0.0
29.87,478.861136,492.818954,105,0.0,0.0,36723.88150261124,0.0
29.88,478.861136,490.725281,105,0.0,0.0,36567.86518356923,0.0
29.89,500.0015,492.116714,106,0.0,0.0,36671.55198416015,0.0
29.900000000000002,498.199764,493.029171,106,0.0,0.0,36739.54645245779,0.0
29.91,498.199764,493.80476,106,0.0,0.0,36797.34179149568,0.0
29.92,498.199764,494.464011,106,0.0,0.0,36846.46785575919,0.0
29.93,498.199764,495.024374,106,0.0,0.0,36888.224984301865,0.0
29.94,498.199764,495.500682,106,0.0,0.0,36923.71850257825,0.0
29.95,498.199764,495.905545,106,0.0,0.0,36953.888082534766,0.0
29.96,491.377554,495.226346,106,0.0,0.0,36903.27553326035,0.0
29.97,491.377554,494.649027,106,0.0,0.0,36860.25487755479,0.0
29.98,491.377554,494.158306,106,0.0,0.0,36823.687331382775,0.0
29.990000000000002,489.582664,493.47196,106,0.0,0.0,36772.54220198138,0.0
30.0,496.594363,493.94032,107,0.0,0.0,36807.44345121491,0.0
30.01,496.594363,494.338427,107,0.0,0.0,36837.10958758141,0.0
30.02,496.594363,494.676817,107,0.0,0.0,36862.32573270084,0.0
30.03,496.594363,494.964449,107,0.0,0.0,36883.75949331135,0.0
30.04,496.594363,495.208936,107,0.0,0.0,36901.97817492669,0.0
30.05,496.594363,495.41675,107,0.0,0.0,36917.46405802562,0.0
30.060000000000002,496.594363,495.593392,107,0.0,0.0,36930.62706611151,0.0
30.07,496.594363,495.743538,107,0.0,0.0,36941.81564533992,0.0
30.080000000000002,496.594363,495.871161,107,0.0,0.0,36951.32585571427,0.0
30.09,497.541931,496.121777,107,0.0,0.0,36970.0012581353,0.0
30.1,495.907838,496.089686,108,0.0,0.0,36967.6099010827,0.0
30.11,495.907838,496.062409,108,0.0,0.0,36965.5772736693,0.0
30.12,495.907838,496.039223,108,0.0,0.0,36963.849499383,0.0
30.13,495.907838,496.019515,108,0.0,0.0,36962.38089869145,0.0
30.14,495.907838,496.002764,108,0.0,0.0,36961.132647718034,0.0
30.150000000000002,495.907838,495.988525,108,0.0,0.0,36960.071585953934,0.0
30.16,495.907838,495.976422,108,0.0,0.0,36959.169694632146,0.0
30.17,485.646699,494.426963,108,0.0,0.0,36843.70711299379,0.0
30.18,485.646699,493.109924,108,0.0,0.0,36745.56400429687,0.0
30.19,485.646699,491.99044,108,0.0,0.0,36662.142298564206,0.0
30.2,491.327512,491.891001,109,0.0,0.0,36654.73230342685,0.0
30.21,491.327512,491.806478,109,0.0,0.0,36648.433818737794,0.0
30.22,491.327512,491.734633,109,0.0,0.0,36643.080073219004,0.0
30.23,491.327512,491.673565,109,0.0,0.0,36638.52940815752,0.0
30.240000000000002,491.327512,491.621657,109,0.0,0.0,36634.661327951675,0.0
30.25,491.327512,491.577535,109,0.0,0.0,36631.37344487309,0.0
30.26,491.327512,491.540032,109,0.0,0.0,36628.5787964189,0.0
30.27,488.34047,491.060097,109,0.0,0.0,36592.81500136617,0.0
30.28,488.34047,490.652153,109,0.0,0.0,36562.415831459846,0.0
30.29,488.34047,490.305401,109,0.0,0.0,36536.57656684668,0.0
30.3,496.782518,491.276968,109,0.0,0.0,36608.975793967,0.0
30.310000000000002,496.782518,492.102801,109,0.0,0.0,36670.51521526318,0.0
30.32,496.782518,492.804759,109,0.0,0.0,36722.823719639026,0.0
30.330000000000002,496.782518,493.401423,109,0.0,0.0,36767.2859260031,0.0
30.34,496.782518,493.908587,109,0.0,0.0,36805.07877160537,0.0
30.35,496.782518,494.339677,109,0.0,0.0,36837.20273507808,0.0
30.36,496.782518,494.706103,109,0.0,0.0,36864.50806677089,0.0
30.37,509.329158,496.899561,110,0.0,0.0,37027.96016417735,0.0
30.38,509.329158,498.764001,110,0.0,0.0,37166.89449913544,0.0
30.39,509.329158,500.348774,110,0.0,0.0,37284.988609331805,0.0
30.400000000000002,492.540662,499.177558,110,0.0,0.0,37197.71193856082,0.0
30.41,492.540662,498.182023,110,0.0,0.0,37123.52666408028,0.0
30.42,492.540662,497.335819,110,0.0,0.0,37060.46923666031,0.0
30.43,492.540662,496.616546,110,0.0,0.0,37006.87045316055,0.0
30.44,492.540662,496.005163,110,0.0,0.0,36961.31141639365,0.0
30.45,492.540662,495.485488,110,0.0,0.0,36922.58627612668,0.0
30.46,492.540662,495.043764,110,0.0,0.0,36889.66988827027,0.0
30.47,498.192474,495.51607,110,0.0,0.0,36924.86518552129,0.0
30.48,498.192474,495.917531,110,0.0,0.0,36954.78125525087,0.0
30.490000000000002,484.147354,494.152004,111,0.0,0.0,36823.21771896354,0.0
30.5,490.794378,493.64836,111,0.0,0.0,36785.68717671191,0.0
30.51,490.794378,493.220263,111,0.0,0.0,36753.786245605224,0.0
30.52,490.794378,492.85638,111,0.0,0.0,36726.67041317965,0.0
30.53,490.794378,492.54708,111,0.0,0.0,36703.6219966028,0.0
30.54,490.794378,492.284174,111,0.0,0.0,36684.03076799448,0.0
30.55,490.794378,492.060705,111,0.0,0.0,36667.3783056472,0.0
30.560000000000002,490.794378,491.870756,111,0.0,0.0,36653.22368657073,0.0
30.57,507.818241,494.262879,111,0.0,0.0,36831.479901918465,0.0
30.580000000000002,507.818241,496.296183,111,0.0,0.0,36982.99764397914,0.0
30.59,507.818241,498.024492,111,0.0,0.0,37111.78776944152,0.0
30.6,493.301052,497.315976,112,0.0,0.0,37058.99057603912,0.0
30.61,493.301052,496.713737,112,0.0,0.0,37014.11293183989,0.0
30.62,493.301052,496.201834,112,0.0,0.0,36975.96694544824,0.0
30.63,493.301052,495.766717,112,0.0,0.0,36943.54289800024,0.0
30.64,493.301052,495.396867,112,0.0,0.0,36915.98241668453,0.0
30.650000000000002,493.301052,495.082495,112,0.0,0.0,36892.556044825185,0.0
30.66,493.301052,494.815278,112,0.0,0.0,36872.64356913035,0.0
30.67,482.667514,492.993114,112,0.0,0.0,36736.859557027754,0.0
30.68,482.667514,491.444274,112,0.0,0.0,36621.44310202975,0.0
30.69,515.618426,495.070397,112,0.0,0.0,36891.654526093385,0.0
30.7,490.272844,494.350764,113,0.0,0.0,36838.02891611458,0.0
30.71,490.272844,493.739076,113,0.0,0.0,36792.447151358494,0.0
30.72,490.272844,493.219141,113,0.0,0.0,36753.702636412214,0.0
30.73,490.272844,492.777196,113,0.0,0.0,36720.769780078386,0.0
30.740000000000002,490.272844,492.401544,113,0.0,0.0,36692.77694534212,0.0
30.75,490.272844,492.082239,113,0.0,0.0,36668.9829762019,0.0
30.76,490.272844,491.81083,113,0.0,0.0,36648.75812106221,0.0
30.77,496.652769,492.537121,113,0.0,0.0,36702.8798718673,0.0
30.78,496.652769,493.154468,113,0.0,0.0,36748.883333970334,0.0
30.79,496.652769,493.679213,113,0.0,0.0,36787.986280483805,0.0
30.8,496.477407,494.098942,113,0.0,0.0,36819.263644988765,0.0
30.810000000000002,496.477407,494.455712,113,0.0,0.0,36845.849430899274,0.0
30.82,496.477407,494.758966,113,0.0,0.0,36868.447311664204,0.0
30.830000000000002,496.477407,495.016732,113,0.0,0.0,36887.6555177662,0.0
30.84,496.477407,495.235833,113,0.0,0.0,36903.9824855011,0.0
30.85,496.477407,495.422069,113,0.0,0.0,36917.86041925346,0.0
30.86,496.477407,495.58037,114,0.0,0.0,36929.65669275017,0.0
30.87,485.348028,494.045519,114,0.0,0.0,36815.28267001694,0.0
30.88,485.348028,492.740895,114,0.0,0.0,36718.06470225698,0.0
30.89,485.348028,491.631965,114,0.0,0.0,36635.429459468236,0.0
30.900000000000002,493.647721,491.934328,114,0.0,0.0,36657.96094469754,0.0
30.91,493.647721,492.191337,114,0.0,0.0,36677.112740675555,0.0
30.92,493.647721,492.409795,114,0.0,0.0,36693.39179333817,0.0
30.93,493.647721,492.595484,114,0.0,0.0,36707.22896574598,0.0
30.94,493.647721,492.75332,114,0.0,0.0,36718.99058837392,0.0
30.95,493.647721,492.88748,114,0.0,0.0,36728.98792289687,0.0
30.96,493.647721,493.001516,114,0.0,0.0,36737.48565724139,0.0
30.970000000000002,507.077808,495.11296,114,0.0,0.0,36894.826235614106,0.0
30.98,507.077808,496.907687,115,0.0,0.0,37028.56569742373,0.0
30.990000000000002,484.360009,495.025535,115,0.0,0.0,36888.31149969678,0.0
31.0,493.826513,494.845682,116,0.0,0.0,36874.90921432143,0.0
31.01,493.826513,494.692807,116,0.0,0.0,36863.51727547828,0.0
31.02,493.826513,494.562863,116,0.0,0.0,36853.8341088321,0.0
31.03,493.826513,494.45241,116,0.0,0.0,36845.60337247206,0.0
31.04,493.826513,494.358526,116,0.0,0.0,36838.60732480991,0.0
31.05,493.826513,494.278724,116,0.0,0.0,36832.6606395863,0.0
31.060000000000002,493.826513,494.210892,116,0.0,0.0,36827.60593479082,0.0
31.07,493.826513,494.153235,116,0.0,0.0,36823.30945061827,0.0
31.080000000000002,493.826513,494.104227,116,0.0,0.0,36819.6574726047,0.0
31.09,493.826513,494.06257,116,0.0,0.0,36816.55327638957,0.0
31.1,499.626088,494.897098,116,0.0,0.0,36878.74063167259,0.0
31.11,499.626088,495.606446,116,0.0,0.0,36931.59982404877,0.0
31.12,499.626088,496.209392,116,0.0,0.0,36976.53015247212,0.0
31.13,499.626088,496.721897,116,0.0,0.0,37014.720998698176,0.0
31.14,499.626088,497.157525,116,0.0,0.0,37047.18312484282,0.0
31.150000000000002,499.626088,497.52781,116,0.0,0.0,37074.776021487356,0.0
31.16,499.626088,497.842551,116,0.0,0.0,37098.22989048773,0.0
31.17,489.680686,496.618271,116,0.0,0.0,37006.99899670597,0.0
31.18,489.680686,495.577634,116,0.0,0.0,36929.45281150946,0.0
31.19,489.680686,494.693091,116,0.0,0.0,36863.53843858953,0.0
31.2,488.904041,493.824734,117,0.0,0.0,36798.830213974514,0.0
31.21,488.904041,493.08663,117,0.0,0.0,36743.82818206687,0.0
31.220000000000002,488.904041,492.459242,117,0.0,0.0,36697.07648475257,0.0
31.23,488.904041,491.925962,117,0.0,0.0,36657.33752713181,0.0
31.240000000000002,488.904041,491.472674,117,0.0,0.0,36623.55941315416,0.0
31.25,488.904041,491.087379,117,0.0,0.0,36594.84800136957,0.0
31.26,513.992305,494.523118,117,0.0,0.0,36850.87239102788,0.0
31.27,513.992305,497.443496,117,0.0,0.0,37068.49311105975,0.0
31.28,484.37299,495.48292,117,0.0,0.0,36922.39491390951,0.0
31.29,484.37299,493.81643,117,0.0,0.0,36798.21141652462,0.0
31.3,486.332325,492.693815,117,0.0,0.0,36714.556394942294,0.0
31.310000000000002,486.332325,491.739591,117,0.0,0.0,36643.4495334498,0.0
31.32,486.332325,490.928501,117,0.0,0.0,36583.00873098839,0.0
31.330000000000002,486.332325,490.239075,117,0.0,0.0,36531.6340861552,0.0
31.34,486.332325,489.653062,118,0.0,0.0,36487.96557098077,0.0
31.35,486.332325,489.154952,118,0.0,0.0,36450.847411326424,0.0
31.36,514.928194,493.020938,118,0.0,0.0,36738.93294578571,0.0
31.37,514.928194,496.307027,118,0.0,0.0,36983.80571714229,0.0
31.38,514.928194,499.100202,118,0.0,0.0,37191.947524358686,0.0
31.39,499.994233,499.234306,118,0.0,0.0,37201.94068587379,0.0
31.400000000000002,488.4318,497.613931,118,0.0,0.0,37081.19358593616,0.0
31.41,488.4318,496.236611,118,0.0,0.0,36978.55845784169,0.0
31.42,488.4318,495.065889,118,0.0,0.0,36891.31859896138,0.0
31.43,488.4318,494.070776,118,0.0,0.0,36817.16477107572,0.0
31.44,488.4318,493.22493,118,0.0,0.0,36754.134021098806,0.0
31.45,488.4318,492.50596,118,0.0,0.0,36700.55781655223,0.0
31.46,495.243178,492.916543,119,0.0,0.0,36731.15363945352,0.0
31.470000000000002,495.243178,493.265538,119,0.0,0.0,36757.16004793473,0.0
31.48,499.799855,494.245686,119,0.0,0.0,36830.19871399022,0.0
31.490000000000002,499.799855,495.078811,119,0.0,0.0,36892.281520522985,0.0
31.5,487.28891,493.910326,119,0.0,0.0,36805.208358402735,0.0
31.51,487.28891,492.917113,119,0.0,0.0,36731.19611471201,0.0
31.52,487.28891,492.072883,119,0.0,0.0,36668.28578581879,0.0
31.53,487.28891,491.355287,119,0.0,0.0,36614.81196900056,0.0
31.54,487.28891,490.74533,119,0.0,0.0,36569.35919489787,0.0
31.55,487.28891,490.226867,119,0.0,0.0,36530.724370443684,0.0
31.560000000000002,490.330357,490.242391,119,0.0,0.0,36531.88118783436,0.0
31.57,490.330357,490.255586,119,0.0,0.0,36532.864452809255,0.0
31.580000000000002,499.918763,491.705062,119,0.0,0.0,36640.87650151969,0.0
31.59,499.918763,492.937117,120,0.0,0.0,36732.686772730776,0.0
31.6,499.694568,493.950735,120,0.0,0.0,36808.21955615719,0.0
31.61,499.694568,494.81231,120,0.0,0.0,36872.42239971424,0.0
31.62,499.694568,495.544648,120,0.0,0.0,36926.99476084924,0.0
31.63,499.694568,496.167136,120,0.0,0.0,36973.38131997658,0.0
31.64,499.694568,496.696251,120,0.0,0.0,37012.809910138436,0.0
31.650000000000002,499.694568,497.145999,120,0.0,0.0,37046.324230405495,0.0
31.66,477.842942,494.25054,120,0.0,0.0,36830.56042434931,0.0
31.67,477.842942,491.7894,120,0.0,0.0,36647.161200379254,0.0
31.68,477.842942,489.697431,120,0.0,0.0,36491.271860004694,0.0
31.69,500.041153,491.24899,120,0.0,0.0,36606.89092943746,0.0
31.7,500.240339,492.597692,121,0.0,0.0,36707.393501484104,0.0
31.71,500.240339,493.744089,121,0.0,0.0,36792.82071007914,0.0
31.720000000000002,500.240339,494.718527,121,0.0,0.0,36865.43387836983,0.0
31.73,500.240339,495.546798,121,0.0,0.0,36927.15497454352,0.0
31.740000000000002,500.240339,496.25083,121,0.0,0.0,36979.618029245845,0.0
31.75,500.240339,496.849256,121,0.0,0.0,37024.211536321236,0.0
31.76,487.695324,495.476166,121,0.0,0.0,36921.89161935549,0.0
31.77,487.695324,494.30904,121,0.0,0.0,36834.919727193614,0.0
31.78,487.695324,493.316983,121,0.0,0.0,36760.99362630781,0.0
31.79,573.501313,505.344632,121,0.0,0.0,37657.26994248011,0.0
31.8,717.579299,537.179832,122,0.0,0.0,40029.56529135569,0.0
31.810000000000002,717.579299,564.239752,122,0.0,0.0,42046.01633789993,0.0
31.82,717.579299,587.240684,122,0.0,0.0,43759.99972746254,0.0
31.830000000000002,717.579299,606.791476,122,0.0,0.0,45216.88559368716,0.0
31.84,717.579299,623.40965,122,0.0,0.0,46455.2386395925,0.0
31.85,717.579299,637.535097,122,0.0,0.0,47507.83866154581,0.0
31.86,732.070478,651.715404,122,0.0,0.0,48564.52674083314,0.0
31.87,732.070478,663.768665,122,0.0,0.0,49462.711611953266,0.0
31.88,732.070478,674.013937,122,0.0,0.0,50226.16876358308,0.0
31.89,749.930007,685.401347,122,0.0,0.0,51074.73575165726,0.0
31.900000000000002,738.606153,693.382068,123,0.0,0.0,51669.44309789581,0.0
31.91,738.606153,700.165681,123,0.0,0.0,52174.94435337628,0.0
31.92,738.606153,705.931752,123,0.0,0.0,52604.620416808786,0.0
31.93,738.606153,710.832912,123,0.0,0.0,52969.84504464511,0.0
31.94,738.606153,714.998898,123,0.0,0.0,53280.285978306,0.0
31.95,738.606153,718.539987,123,0.0,0.0,53544.16083898394,0.0
31.96,779.404159,727.669612,123,0.0,0.0,54224.48221043687,0.0
31.970000000000002,779.404159,735.429794,123,0.0,0.0,54802.75543206035,0.0
31.98,749.99715,737.614898,124,0.0,0.0,54965.58500611704,0.0
31.990000000000002,749.99715,739.472236,124,0.0,0.0,55103.99011425802,0.0
32.0,755.616904,741.893936,125,0.0,0.0,55284.45034841305,0.0
32.01,755.616904,743.952381,125,0.0,0.0,55437.841547444805,0.0
32.02,755.616904,745.702059,125,0.0,0.0,55568.22404799233,0.0
32.03,755.616904,747.189286,125,0.0,0.0,55679.0492256203,0.0
32.04,755.616904,748.453429,125,0.0,0.0,55773.25063032998,0.0
32.05,755.616904,749.52795,125,0.0,0.0,55853.321783348314,0.0
32.06,755.616904,750.441293,125,0.0,0.0,55921.38227459159,0.0
32.07,755.616904,751.217635,125,0.0,0.0,55979.23372568147,0.0
32.08,755.616904,751.877525,125,0.0,0.0,56028.40740694528,0.0
32.09,755.726238,752.454832,125,0.0,0.0,56071.427168434864,0.0
32.1,749.135621,751.95695,126,0.0,0.0,56034.325998883905,0.0
32.11,749.135621,751.533751,126,0.0,0.0,56002.790056928185,0.0
32.12,749.135621,751.174032,126,0.0,0.0,55975.984517443525,0.0
32.13,749.135621,750.86827,126,0.0,0.0,55953.199745541264,0.0
32.14,749.135621,750.608373,126,0.0,0.0,55933.832741586935,0.0
32.15,749.135621,750.38746,126,0.0,0.0,55917.370747240864,0.0
32.160000000000004,762.748205,752.241572,126,0.0,0.0,56055.535460322426,0.0
32.17,762.748205,753.817566,126,0.0,0.0,56172.975377020164,0.0
32.18,762.748205,755.157162,126,0.0,0.0,56272.79938818304,0.0
32.19,750.096687,754.398091,126,0.0,0.0,56216.23493742519,0.0
32.2,759.653398,755.186387,127,0.0,0.0,56274.97717665526,0.0
32.21,759.653398,755.856439,127,0.0,0.0,56324.90810980802,0.0
32.22,759.653398,756.425982,127,0.0,0.0,56367.34931356627,0.0
32.230000000000004,759.653398,756.910095,127,0.0,0.0,56403.424444811884,0.0
32.24,759.653398,757.32159,127,0.0,0.0,56434.08822812675,0.0
32.25,759.653398,757.671361,127,0.0,0.0,56460.15246257389,0.0
32.26,734.439096,754.186521,127,0.0,0.0,56200.469164728245,0.0
32.27,734.439096,751.224408,127,0.0,0.0,55979.73843607745,0.0
32.28,734.439096,748.706611,127,0.0,0.0,55792.11724593217,0.0
32.29,749.959652,748.894567,127,0.0,0.0,55806.123350639966,0.0
32.3,768.521689,751.838635,128,0.0,0.0,56025.50940202877,0.0
32.31,768.521689,754.341093,128,0.0,0.0,56211.987560612884,0.0
32.32,768.521689,756.468183,128,0.0,0.0,56370.494047571956,0.0
32.33,768.521689,758.276209,128,0.0,0.0,56505.22452422818,0.0
32.34,768.521689,759.813031,128,0.0,0.0,56619.74542193418,0.0
32.35,768.521689,761.119329,128,0.0,0.0,56717.08813282166,0.0
32.36,743.970579,758.547017,128,0.0,0.0,56525.40459405147,0.0
32.37,743.970579,756.360551,129,0.0,0.0,56362.47352648241,0.0
32.38,743.970579,754.502055,129,0.0,0.0,56223.9821265005,0.0
32.39,760.2936,755.370787,129,0.0,0.0,56288.7182953645,0.0
32.4,756.660234,755.564204,129,0.0,0.0,56303.131342855755,0.0
32.410000000000004,756.660234,755.728609,129,0.0,0.0,56315.38247420823,0.0
32.42,756.660234,755.868352,129,0.0,0.0,56325.79584271032,0.0
32.43,756.660234,755.987135,129,0.0,0.0,56334.6473139882,0.0
32.44,756.660234,756.088099,129,0.0,0.0,56342.1709490715,0.0
32.45,756.660234,756.17392,130,0.0,0.0,56348.566158121095,0.0
32.46,751.100897,755.412966,130,0.0,0.0,56291.86138997425,0.0
32.47,751.100897,754.766156,130,0.0,0.0,56243.66240411565,0.0
32.480000000000004,751.100897,754.216367,130,0.0,0.0,56202.69322887682,0.0
32.49,760.441939,755.150203,130,0.0,0.0,56272.28081743957,0.0
32.5,738.971571,752.723408,131,0.0,0.0,56091.44091408809,0.0
32.51,738.971571,750.660632,131,0.0,0.0,55937.72697760985,0.0
32.52,738.971571,748.907273,131,0.0,0.0,55807.07017631415,0.0
32.53,738.971571,747.416918,131,0.0,0.0,55696.011906390486,0.0
32.54,738.971571,746.150116,131,0.0,0.0,55601.61235832589,0.0
32.55,738.971571,745.073334,131,0.0,0.0,55521.37272011558,0.0
32.56,790.164487,751.837007,131,0.0,0.0,56025.388086729115,0.0
32.57,790.164487,757.586129,131,0.0,0.0,56453.801144624726,0.0
32.58,749.991563,756.446944,131,0.0,0.0,56368.911359826496,0.0
32.59,749.991563,755.478637,131,0.0,0.0,56296.755061377495,0.0
32.6,750.328272,754.706082,132,0.0,0.0,56239.18580994352,0.0
32.61,750.328272,754.049411,132,0.0,0.0,56190.25200211314,0.0
32.62,750.328272,753.49124,132,0.0,0.0,56148.658217020624,0.0
32.63,750.328272,753.016795,132,0.0,0.0,56113.303525773284,0.0
32.64,750.328272,752.613516,132,0.0,0.0,56083.25198232456,0.0
32.65,750.328272,752.27073,132,0.0,0.0,56057.70825608882,0.0
32.660000000000004,760.729022,753.539474,132,0.0,0.0,56152.252518104266,0.0
32.67,760.729022,754.617906,132,0.0,0.0,56232.61511101018,0.0
32.68,760.729022,755.534573,132,0.0,0.0,56300.92330007662,0.0
32.69,760.422218,756.26772,133,0.0,0.0,56355.55594627147,0.0
32.7,749.188144,755.205784,133,0.0,0.0,56276.42260224963,0.0
32.71,749.188144,754.303138,133,0.0,0.0,56209.15923002389,0.0
32.72,749.188144,753.535889,133,0.0,0.0,56151.98537108381,0.0
32.730000000000004,749.188144,752.883727,133,0.0,0.0,56103.38756490343,0.0
32.74,749.188144,752.32939,133,0.0,0.0,56062.07948181272,0.0
32.75,749.188144,751.858203,133,0.0,0.0,56026.967570200715,0.0
32.76,739.843304,750.055968,133,0.0,0.0,55892.66862726707,0.0
32.77,739.843304,748.524068,134,0.0,0.0,55778.514507143984,0.0
32.78,764.983829,750.993032,134,0.0,0.0,55962.49675992522,0.0
32.79,764.983829,753.091652,134,0.0,0.0,56118.881719500074,0.0
32.8,755.783024,753.495358,134,0.0,0.0,56148.96508213368,0.0
32.81,755.783024,753.838508,134,0.0,0.0,56174.53593292044,0.0
32.82,755.783024,754.130185,134,0.0,0.0,56196.27111883018,0.0
32.83,755.783024,754.378111,134,0.0,0.0,56214.746067838365,0.0
32.84,755.783024,754.588848,134,0.0,0.0,56230.449767043516,0.0
32.85,755.783024,754.767975,135,0.0,0.0,56243.79795235279,0.0
32.86,762.819988,755.975777,135,0.0,0.0,56333.80093857442,0.0
32.87,762.819988,757.002408,135,0.0,0.0,56410.3034247002,0.0
32.88,749.998763,755.951861,135,0.0,0.0,56332.018766150075,0.0
32.89,749.998763,755.058897,135,0.0,0.0,56265.47687717456,0.0
32.9,747.937786,753.99073,136,0.0,0.0,56185.87921151132,0.0
32.910000000000004,747.937786,753.082788,136,0.0,0.0,56118.22119197167,0.0
32.92,747.937786,752.311038,136,0.0,0.0,56060.71192752555,0.0
32.93,747.937786,751.65505,136,0.0,0.0,56011.829015487354,0.0
32.94,747.937786,751.097461,136,0.0,0.0,55970.2785998693,0.0
32.95,747.937786,750.623509,136,0.0,0.0,55934.96064599465,0.0
32.96,776.819303,754.552878,136,0.0,0.0,56227.769354679236,0.0
32.97,776.819303,757.892842,136,0.0,0.0,56476.65678314245,0.0
32.980000000000004,749.990438,756.707481,136,0.0,0.0,56388.32605529911,0.0
32.99,749.990438,755.699925,136,0.0,0.0,56313.244999972565,0.0
33.0,746.231243,754.279623,137,0.0,0.0,56207.406939316475,0.0
33.01,746.231243,753.072366,137,0.0,0.0,56117.4445654034,0.0
33.02,746.231243,752.046197,137,0.0,0.0,56040.97650659239,0.0
33.03,746.231243,751.173954,137,0.0,0.0,55975.97870503972,0.0
33.04,746.231243,750.432547,137,0.0,0.0,55920.73054018687,0.0
33.05,746.231243,749.802352,137,0.0,0.0,55873.76967085404,0.0
33.06,746.231243,749.266685,137,0.0,0.0,55833.85283877363,0.0
33.07,746.231243,748.811369,137,0.0,0.0,55799.92360229738,0.0
33.08,746.231243,748.42435,137,0.0,0.0,55771.08372148536,0.0
33.09,781.847203,753.437778,138,0.0,0.0,56144.67433584691,0.0
33.1,747.020741,752.475222,138,0.0,0.0,56072.94659040061,0.0
33.11,747.020741,751.65705,138,0.0,0.0,56011.978051482045,0.0
33.12,747.020741,750.961604,138,0.0,0.0,55960.154808304855,0.0
33.13,747.020741,750.370474,138,0.0,0.0,55916.10498453806,0.0
33.14,747.020741,749.868014,138,0.0,0.0,55878.66267159527,0.0
33.15,747.020741,749.440923,138,0.0,0.0,55846.836705593916,0.0
33.160000000000004,766.099861,751.939764,138,0.0,0.0,56033.04533258164,0.0
33.17,766.099861,754.063778,139,0.0,0.0,56191.32260218091,0.0
33.18,766.099861,755.869191,139,0.0,0.0,56325.85836331009,0.0
33.19,760.42384,756.552388,139,0.0,0.0,56376.76883553786,0.0
33.2,739.702157,754.024853,139,0.0,0.0,56188.42198913451,0.0
33.21,739.702157,751.876449,139,0.0,0.0,56028.32722558014,0.0
33.22,739.702157,750.050305,139,0.0,0.0,55892.24663184814,0.0
33.230000000000004,739.702157,748.498083,139,0.0,0.0,55776.57815698314,0.0
33.24,739.702157,747.178694,139,0.0,0.0,55678.259930992484,0.0
33.25,739.702157,746.057213,140,0.0,0.0,55594.689412819134,0.0
33.26,777.511001,750.775281,140,0.0,0.0,55946.27039148673,0.0
33.27,777.511001,754.785639,140,0.0,0.0,56245.11423825778,0.0
33.28,765.303381,756.363301,140,0.0,0.0,56362.67845097508,0.0
33.29,765.303381,757.704313,140,0.0,0.0,56462.6079796222,0.0
33.3,741.312233,755.245501,141,0.0,0.0,56279.38223354993,0.0
33.31,741.312233,753.155511,141,0.0,0.0,56123.64036429213,0.0
33.32,741.312233,751.379019,141,0.0,0.0,55991.25973816397,0.0
33.33,741.312233,749.869001,141,0.0,0.0,55878.73622085866,0.0
33.34,741.312233,748.585486,141,0.0,0.0,55783.09125350453,0.0
33.35,741.312233,747.494498,141,0.0,0.0,55701.793012624024,0.0
33.36,755.549248,748.702711,141,0.0,0.0,55791.826625742564,0.0
33.37,755.549248,749.729691,141,0.0,0.0,55868.3551186494,0.0
33.38,755.549248,750.602625,141,0.0,0.0,55933.40441213823,0.0
33.39,750.00155,750.512464,141,0.0,0.0,55926.685794980185,0.0
33.4,759.171823,751.811368,142,0.0,0.0,56023.47751979534,0.0
33.410000000000004,759.171823,752.915436,142,0.0,0.0,56105.75045608105,0.0
33.42,759.171823,753.853894,142,0.0,0.0,56175.68246682748,0.0
33.43,759.171823,754.651583,142,0.0,0.0,56235.12465360656,0.0
33.44,759.171823,755.329619,142,0.0,0.0,56285.65053845007,0.0
33.45,759.171823,755.90595,142,0.0,0.0,56328.59757037425,0.0
33.46,758.54335,756.30156,142,0.0,0.0,56358.07763530141,0.0
33.47,758.54335,756.637828,142,0.0,0.0,56383.13565323047,0.0
33.480000000000004,758.54335,756.923657,142,0.0,0.0,56404.435057891795,0.0
33.49,760.206115,757.416025,143,0.0,0.0,56441.125335205434,0.0
33.5,752.897119,756.738189,143,0.0,0.0,56390.614353961384,0.0
33.51,752.897119,756.162029,143,0.0,0.0,56347.68006461474,0.0
33.52,752.897119,755.672292,143,0.0,0.0,56311.185844152096,0.0
33.53,752.897119,755.256016,143,0.0,0.0,56280.165790291954,0.0
33.54,752.897119,754.902182,143,0.0,0.0,56253.79878922163,0.0
33.55,752.897119,754.601422,143,0.0,0.0,56231.38675634206,0.0
33.56,757.157089,754.984772,143,0.0,0.0,56259.95323062183,0.0
33.57,757.157089,755.31062,144,0.0,0.0,56284.23477101864,0.0
33.58,749.998763,754.513841,144,0.0,0.0,56224.860395617136,0.0
33.59,749.998763,753.836579,144,0.0,0.0,56174.39218770357,0.0
33.6,758.602212,754.551424,144,0.0,0.0,56227.661005511116,0.0
33.61,758.602212,755.159043,144,0.0,0.0,56272.93955653603,0.0
33.62,758.602212,755.675518,144,0.0,0.0,56311.42623921151,0.0
33.63,758.602212,756.114522,144,0.0,0.0,56344.13993811517,0.0
33.64,758.602212,756.487676,144,0.0,0.0,56371.94662689408,0.0
33.65,758.602212,756.804856,145,0.0,0.0,56395.58224528995,0.0
33.660000000000004,756.156655,756.707626,145,0.0,0.0,56388.33686040872,0.0
33.67,756.156655,756.62498,145,0.0,0.0,56382.17824600068,0.0
33.68,756.156655,756.554732,145,0.0,0.0,56376.943505723626,0.0
33.69,750.111742,755.588283,145,0.0,0.0,56304.92566171368,0.0
33.7,759.441576,756.166277,146,0.0,0.0,56347.99661706744,0.0
33.71,759.441576,756.657572,146,0.0,0.0,56384.60693656993,0.0
33.72,759.441576,757.075173,146,0.0,0.0,56415.72572677656,0.0
33.730000000000004,759.441576,757.430133,146,0.0,0.0,56442.17663511188,0.0
33.74,759.441576,757.73185,146,0.0,0.0,56464.6599817149,0.0
33.75,759.441576,757.988309,146,0.0,0.0,56483.770792794385,0.0
33.76,758.117342,758.007664,146,0.0,0.0,56485.21308863287,0.0
33.77,758.117342,758.024115,146,0.0,0.0,56486.438984207096,0.0
33.78,758.117342,758.038099,146,0.0,0.0,56487.481043881875,0.0
33.79,749.983925,756.829973,146,0.0,0.0,56397.453913829115,0.0
33.8,743.503058,754.830936,147,0.0,0.0,56248.489679983235,0.0
33.81,743.503058,753.131754,147,0.0,0.0,56121.87004022934,0.0
33.82,743.503058,751.68745,147,0.0,0.0,56014.24339860113,0.0
33.83,743.503058,750.459791,147,0.0,0.0,55922.76070850636,0.0
33.84,743.503058,749.416281,147,0.0,0.0,55845.0004331035,0.0
33.85,743.503058,748.529297,147,0.0,0.0,55778.90416175208,0.0
33.86,785.212606,754.031794,147,0.0,0.0,56188.93921855403,0.0
33.87,785.212606,758.708915,147,0.0,0.0,56537.46890878461,0.0
33.88,785.212606,762.684469,148,0.0,0.0,56833.71923117629,0.0
33.89,750.042977,760.788245,148,0.0,0.0,56692.41641619078,0.0
33.9,746.579944,758.657,148,0.0,0.0,56533.600306952765,0.0
33.910000000000004,746.579944,756.845442,148,0.0,0.0,56398.606632729956,0.0
33.92,746.579944,755.305617,148,0.0,0.0,56283.86195747795,0.0
33.93,746.579944,753.996766,148,0.0,0.0,56186.32900214326,0.0
33.94,746.579944,752.884243,148,0.0,0.0,56103.42601619006,0.0
33.95,746.579944,751.938598,148,0.0,0.0,56032.95844459674,0.0
33.96,743.862525,750.727187,149,0.0,0.0,55942.68652292272,0.0
33.97,743.862525,749.697488,149,0.0,0.0,55865.95541558111,0.0
33.980000000000004,743.862525,748.822243,149,0.0,0.0,55800.73391100043,0.0
33.99,760.461179,750.568084,149,0.0,0.0,55930.83048599216,0.0
34.0,761.631124,752.22754,150,0.0,0.0,56054.48982378377,0.0
34.01,761.631124,753.638077,150,0.0,0.0,56159.60021619584,0.0
34.02,761.631124,754.837034,150,0.0,0.0,56248.944090731005,0.0
34.03,761.631124,755.856148,150,0.0,0.0,56324.8864250708,0.0
34.04,761.631124,756.722394,150,0.0,0.0,56389.43734219343,0.0
34.05,761.631124,757.458704,150,0.0,0.0,56444.305688813845,0.0
34.06,761.631124,758.084567,150,0.0,0.0,56490.94374618221,0.0
34.07,761.631124,758.61655,150,0.0,0.0,56530.58605396041,0.0
34.08,761.631124,759.068736,150,0.0,0.0,56564.28204910499,0.0
34.09,743.343263,756.709915,150,0.0,0.0,56388.507432104634,0.0
34.1,760.91773,757.341088,151,0.0,0.0,56435.54118003886,0.0
34.11,760.91773,757.877584,151,0.0,0.0,56475.51978753906,0.0
34.12,760.91773,758.333606,151,0.0,0.0,56509.50163372143,0.0
34.13,760.91773,758.721224,151,0.0,0.0,56538.38615081385,0.0
34.14,760.91773,759.0507,151,0.0,0.0,56562.938042505004,0.0
34.15,760.91773,759.330754,151,0.0,0.0,56583.80710573167,0.0
34.160000000000004,744.370916,757.086779,151,0.0,0.0,56416.59058265366,0.0
34.17,744.370916,755.179399,151,0.0,0.0,56274.45644488986,0.0
34.18,765.621134,756.745659,151,0.0,0.0,56391.171003401505,0.0
34.19,765.621134,758.076981,151,0.0,0.0,56490.37845265439,0.0
34.2,762.058233,758.674168,152,0.0,0.0,56534.87963193108,0.0
34.21,762.058233,759.181778,152,0.0,0.0,56572.70571256016,0.0
34.22,762.058233,759.613246,152,0.0,0.0,56604.857843835875,0.0
34.230000000000004,762.058233,759.979994,152,0.0,0.0,56632.18717032382,0.0
34.24,762.058233,760.29173,152,0.0,0.0,56655.417112742194,0.0
34.25,762.058233,760.556706,152,0.0,0.0,56675.162593605,0.0
34.26,738.354554,757.226383,152,0.0,0.0,56426.99359315414,0.0
34.27,738.354554,754.395609,152,0.0,0.0,56216.0499837558,0.0
34.28,765.616884,756.0788,153,0.0,0.0,56341.47800621424,0.0
34.29,765.616884,757.509513,153,0.0,0.0,56448.091873740625,0.0
34.300000000000004,760.852597,758.010975,153,0.0,0.0,56485.45981772206,0.0
34.31,760.852597,758.437219,153,0.0,0.0,56517.22266697968,0.0
34.32,760.852597,758.799525,153,0.0,0.0,56544.22098452346,0.0
34.33,760.852597,759.107486,153,0.0,0.0,56567.169621501875,0.0
34.34,760.852597,759.369253,153,0.0,0.0,56586.67597411122,0.0
34.35,760.852597,759.591754,153,0.0,0.0,56603.25630303707,0.0
34.36,740.593118,756.741959,154,0.0,0.0,56390.89528681134,0.0
34.37,740.593118,754.319633,154,0.0,0.0,56210.38840438999,0.0
34.38,740.593118,752.260656,154,0.0,0.0,56056.957561783645,0.0
34.39,760.418923,753.484396,154,0.0,0.0,56148.14821584684,0.0
34.4,758.031177,754.166413,154,0.0,0.0,56198.97075683776,0.0
34.410000000000004,758.031177,754.746128,154,0.0,0.0,56242.16995766493,0.0
34.42,758.031177,755.238885,154,0.0,0.0,56278.889222479535,0.0
34.43,758.031177,755.657729,154,0.0,0.0,56310.100638556854,0.0
34.44,758.031177,756.013746,155,0.0,0.0,56336.63031241538,0.0
34.45,758.031177,756.316361,155,0.0,0.0,56359.18057618002,0.0
34.46,748.815765,755.191271,155,0.0,0.0,56275.341122554266,0.0
34.47,748.815765,754.234945,155,0.0,0.0,56204.07762423138,0.0
34.480000000000004,748.815765,753.422068,155,0.0,0.0,56143.50365810872,0.0
34.49,760.249969,754.446253,155,0.0,0.0,56219.823873213005,0.0
34.5,746.042726,753.185724,156,0.0,0.0,56125.891776545715,0.0
34.51,746.042726,752.114275,156,0.0,0.0,56046.049542815206,0.0
34.52,746.042726,751.203542,156,0.0,0.0,55978.18354354498,0.0
34.53,746.042726,750.42942,156,0.0,0.0,55920.49752240919,0.0
34.54,746.042726,749.771416,156,0.0,0.0,55871.464382088365,0.0
34.550000000000004,746.042726,749.212112,156,0.0,0.0,55829.78616810487,0.0
34.56,767.852577,752.008182,156,0.0,0.0,56038.14370492357,0.0
34.57,767.852577,754.384841,156,0.0,0.0,56215.24757396045,0.0
34.58,767.852577,756.405002,156,0.0,0.0,56365.785925982105,0.0
34.59,760.356497,756.997726,156,0.0,0.0,56409.95453143667,0.0
34.6,746.222254,755.381405,157,0.0,0.0,56289.50952746024,0.0
34.61,746.222254,754.007533,157,0.0,0.0,56187.1313374206,0.0
34.62,746.222254,752.839741,157,0.0,0.0,56100.109816272496,0.0
34.63,746.222254,751.847118,157,0.0,0.0,56026.14153820021,0.0
34.64,746.222254,751.003388,157,0.0,0.0,55963.26846830566,0.0
34.65,746.222254,750.286218,157,0.0,0.0,55909.82639615429,0.0
34.660000000000004,744.518466,749.421055,157,0.0,0.0,55845.3561820228,0.0
34.67,744.518466,748.685667,157,0.0,0.0,55790.55654099591,0.0
34.68,744.518466,748.060587,158,0.0,0.0,55743.97683121947,0.0
34.69,750.004075,748.35211,158,0.0,0.0,55765.700541357626,0.0
34.7,761.77161,750.365035,158,0.0,0.0,55915.69968115054,0.0
34.71,761.77161,752.076021,158,0.0,0.0,56043.19893134501,0.0
34.72,761.77161,753.530359,158,0.0,0.0,56151.57328655852,0.0
34.730000000000004,761.77161,754.766547,158,0.0,0.0,56243.691540652595,0.0
34.74,761.77161,755.817306,158,0.0,0.0,56321.99199701817,0.0
34.75,761.77161,756.710452,158,0.0,0.0,56388.5474482692,0.0
34.76,754.469422,756.374297,159,0.0,0.0,56363.49785087383,0.0
34.77,754.469422,756.088566,159,0.0,0.0,56342.20574897626,0.0
34.78,754.469422,755.845694,159,0.0,0.0,56324.10741392662,0.0
34.79,750.0189,754.971675,159,0.0,0.0,56258.97726841069,0.0
34.800000000000004,761.222385,755.909282,160,0.0,0.0,56328.84586434139,0.0
34.81,761.222385,756.706247,160,0.0,0.0,56388.23410009039,0.0
34.82,761.222385,757.383668,160,0.0,0.0,56438.71415636554,0.0
34.83,761.222385,757.959476,160,0.0,0.0,56481.62221537711,0.0
34.84,761.222385,758.448912,160,0.0,0.0,56518.094005922554,0.0
34.85,761.222385,758.864933,160,0.0,0.0,56549.09505769338,0.0
34.86,755.342662,758.336593,160,0.0,0.0,56509.72421897948,0.0
34.87,755.342662,757.887503,160,0.0,0.0,56476.25893155467,0.0
34.88,755.342662,757.505777,160,0.0,0.0,56447.81347450257,0.0
34.89,750.0029,756.380345,160,0.0,0.0,56363.94853572172,0.0
34.9,760.880034,757.055299,161,0.0,0.0,56414.24475609744,0.0
34.910000000000004,760.880034,757.629009,161,0.0,0.0,56456.99647635061,0.0
34.92,760.880034,758.116663,161,0.0,0.0,56493.335475824795,0.0
34.93,760.880034,758.531169,161,0.0,0.0,56524.22363282964,0.0
34.94,760.880034,758.883498,161,0.0,0.0,56550.47848431398,0.0
34.95,760.880034,759.182979,161,0.0,0.0,56572.79520867496,0.0
34.96,755.835324,758.680831,161,0.0,0.0,56535.37614534735,0.0
34.97,755.835324,758.254004,161,0.0,0.0,56503.56985209728,0.0
34.980000000000004,755.835324,757.891202,161,0.0,0.0,56476.53457362682,0.0
34.99,750.036252,756.71296,161,0.0,0.0,56388.734339406525,0.0
35.0,760.734376,757.316172,162,0.0,0.0,56433.68448961717,0.0
35.01,760.734376,757.828903,162,0.0,0.0,56471.892176910624,0.0
35.02,760.734376,758.264724,162,0.0,0.0,56504.36868502874,0.0
35.03,760.734376,758.635172,162,0.0,0.0,56531.97372810687,0.0
35.04,760.734376,758.950052,162,0.0,0.0,56555.43795510885,0.0
35.050000000000004,760.734376,759.217701,162,0.0,0.0,56575.382622578545,0.0
35.06,760.734376,759.445202,162,0.0,0.0,56592.335541491084,0.0
35.07,760.734376,759.638578,162,0.0,0.0,56606.74553374445,0.0
35.08,760.734376,759.802948,163,0.0,0.0,56618.99405696701,0.0
35.09,745.442408,757.648867,163,0.0,0.0,56458.47625474176,0.0
35.1,761.339205,758.202418,163,0.0,0.0,56499.72576668656,0.0
35.11,761.339205,758.672936,163,0.0,0.0,56534.78782575836,0.0
35.12,761.339205,759.072876,163,0.0,0.0,56564.590553613976,0.0
35.13,761.339205,759.412825,163,0.0,0.0,56589.92287229127,0.0
35.14,761.339205,759.701782,163,0.0,0.0,56611.45536924824,0.0
35.15,761.339205,759.947395,163,0.0,0.0,56629.75795812858,0.0
35.160000000000004,743.730594,757.514875,164,0.0,0.0,56448.49143924235,0.0
35.17,743.730594,755.447233,164,0.0,0.0,56294.41489818906,0.0
35.18,765.609343,756.97155,164,0.0,0.0,56408.00394833833,0.0
35.19,765.609343,758.267219,164,0.0,0.0,56504.55460743211,0.0
35.2,757.650776,758.174752,165,0.0,0.0,56497.664151772195,0.0
35.21,757.650776,758.096156,165,0.0,0.0,56491.80733525337,0.0
35.22,757.650776,758.029349,165,0.0,0.0,56486.82901140517,0.0
35.230000000000004,757.650776,757.972563,165,0.0,0.0,56482.59743240829,0.0
35.24,757.650776,757.924295,165,0.0,0.0,56479.00059771275,0.0
35.25,757.650776,757.883267,165,0.0,0.0,56475.94327331794,0.0
35.26,746.609803,756.192248,165,0.0,0.0,56349.93192397631,0.0
35.27,746.609803,754.754881,165,0.0,0.0,56242.82221369565,0.0
35.28,746.609803,753.533119,165,0.0,0.0,56151.77895623118,0.0
35.29,750.024226,753.006785,165,0.0,0.0,56112.55760061994,0.0
35.300000000000004,749.772387,752.521626,166,0.0,0.0,56076.40452354911,0.0
35.31,749.772387,752.10924,166,0.0,0.0,56045.67434469861,0.0
35.32,749.772387,751.758712,166,0.0,0.0,56019.55370012747,0.0
35.33,749.772387,751.460763,166,0.0,0.0,55997.35113733843,0.0
35.34,749.772387,751.207507,166,0.0,0.0,55978.47900740443,0.0
35.35,749.772387,750.992239,166,0.0,0.0,55962.43766715334,0.0
35.36,773.103535,754.308933,166,0.0,0.0,56209.59106181847,0.0
35.37,773.103535,757.128123,166,0.0,0.0,56419.67145473563,0.0
35.38,773.103535,759.524435,166,0.0,0.0,56598.239825974226,0.0
35.39,750.0006,758.09586,167,0.0,0.0,56491.78527792615,0.0
35.4,758.040247,758.087518,167,0.0,0.0,56491.16364879236,0.0
35.410000000000004,758.040247,758.080427,167,0.0,0.0,56490.635241673226,0.0
35.42,758.040247,758.0744,167,0.0,0.0,56490.186121703264,0.0
35.43,758.040247,758.069277,167,0.0,0.0,56489.8043660029,0.0
35.44,758.040247,758.064923,167,0.0,0.0,56489.479914642485,0.0
35.45,758.040247,758.061221,167,0.0,0.0,56489.20404901634,0.0
35.46,760.331579,758.401775,167,0.0,0.0,56514.58145108201,0.0
35.47,760.331579,758.691246,168,0.0,0.0,56536.15225028963,0.0
35.480000000000004,760.331579,758.937296,168,0.0,0.0,56554.4874035348,0.0
35.49,728.922891,754.435135,168,0.0,0.0,56218.99538211859,0.0
35.5,762.473861,755.640944,168,0.0,0.0,56308.84985397152,0.0
35.51,762.473861,756.665881,168,0.0,0.0,56385.226106609814,0.0
35.52,762.473861,757.537078,168,0.0,0.0,56450.145962337265,0.0
35.53,762.473861,758.277596,168,0.0,0.0,56505.327880690485,0.0
35.54,762.473861,758.907036,168,0.0,0.0,56552.23248893533,0.0
35.550000000000004,762.473861,759.442059,169,0.0,0.0,56592.10133142546,0.0
35.56,742.262871,756.865181,169,0.0,0.0,56400.077543479405,0.0
35.57,742.262871,754.674835,169,0.0,0.0,56236.85734608068,0.0
35.58,742.262871,752.81304,169,0.0,0.0,56098.12011122556,0.0
35.59,760.413524,753.953113,169,0.0,0.0,56183.07606800543,0.0
35.6,763.828935,755.434486,170,0.0,0.0,56293.46501727699,0.0
35.61,763.828935,756.693653,170,0.0,0.0,56387.29562043191,0.0
35.62,763.828935,757.763946,170,0.0,0.0,56467.05171135749,0.0
35.63,763.828935,758.673694,170,0.0,0.0,56534.84431040033,0.0
35.64,763.828935,759.44698,170,0.0,0.0,56592.46803449036,0.0
35.65,763.828935,760.104273,170,0.0,0.0,56641.448192515076,0.0
35.660000000000004,751.292578,758.782519,170,0.0,0.0,56542.95373146072,0.0
35.67,751.292578,757.659028,170,0.0,0.0,56459.23343211272,0.0
35.68,751.292578,756.704061,170,0.0,0.0,56388.071203748215,0.0
35.69,750.044603,755.705142,170,0.0,0.0,56313.633760364675,0.0
35.7,765.180474,757.126442,171,0.0,0.0,56419.5461899821,0.0
35.71,765.180474,758.334547,171,0.0,0.0,56509.57175515693,0.0
35.72,765.180474,759.361436,171,0.0,0.0,56586.09346692602,0.0
35.730000000000004,765.180474,760.234292,171,0.0,0.0,56651.13694801105,0.0
35.74,765.180474,760.976219,171,0.0,0.0,56706.423862222524,0.0
35.75,765.180474,761.606857,171,0.0,0.0,56753.417743028185,0.0
35.76,737.905194,758.051608,171,0.0,0.0,56488.48770750793,0.0
35.77,737.905194,755.029646,171,0.0,0.0,56263.2971512344,0.0
35.78,749.990213,754.273731,171,0.0,0.0,56206.96787927616,0.0
35.79,749.990213,753.631203,172,0.0,0.0,56159.087979482145,0.0
35.800000000000004,767.053694,755.644577,172,0.0,0.0,56309.120577855865,0.0
35.81,767.053694,757.355944,172,0.0,0.0,56436.64821940733,0.0
35.82,767.053694,758.810607,172,0.0,0.0,56545.046792969966,0.0
35.83,767.053694,760.04707,172,0.0,0.0,56637.1855395133,0.0
35.84,767.053694,761.098064,172,0.0,0.0,56715.50350760826,0.0
35.85,767.053694,761.991408,172,0.0,0.0,56782.07371342276,0.0
35.86,740.146262,758.714636,172,0.0,0.0,56537.89522624738,0.0
35.87,740.146262,755.92938,173,0.0,0.0,56330.34352705191,0.0
35.88,765.622282,757.383315,173,0.0,0.0,56438.687851512484,0.0
35.89,765.622282,758.61916,173,0.0,0.0,56530.78054593347,0.0
35.9,760.972896,758.972221,173,0.0,0.0,56557.089944591855,0.0
35.910000000000004,760.972896,759.272322,173,0.0,0.0,56579.452870111185,0.0
35.92,760.972896,759.527408,173,0.0,0.0,56598.461367980315,0.0
35.93,760.972896,759.744231,173,0.0,0.0,56614.618583717274,0.0
35.94,760.972896,759.928531,173,0.0,0.0,56628.35225062679,0.0
35.95,760.972896,760.085186,174,0.0,0.0,56640.02586749988,0.0
35.96,740.370608,757.127999,174,0.0,0.0,56419.662214503966,0.0
35.97,740.370608,754.61439,174,0.0,0.0,56232.35310573154,0.0
35.980000000000004,765.623698,756.265787,174,0.0,0.0,56355.41190298261,0.0
35.99,765.623698,757.669473,174,0.0,0.0,56460.011772594924,0.0
36.0,751.08659,756.682041,175,0.0,0.0,56386.43031744681,0.0
36.01,751.08659,755.842723,175,0.0,0.0,56323.886020956525,0.0
36.02,751.08659,755.129303,175,0.0,0.0,56270.72339129519,0.0
36.03,751.08659,754.522896,175,0.0,0.0,56225.53515608303,0.0
36.04,751.08659,754.00745,175,0.0,0.0,56187.12515242681,0.0
36.050000000000004,751.08659,753.569321,175,0.0,0.0,56154.47665677083,0.0
36.06,751.08659,753.196912,175,0.0,0.0,56126.72548389994,0.0
36.07,751.08659,752.880363,175,0.0,0.0,56103.136886360386,0.0
36.08,751.08659,752.611297,175,0.0,0.0,56083.08662688847,0.0
36.09,769.380106,755.126619,175,0.0,0.0,56270.52338499032,0.0
36.1,746.384154,753.815249,176,0.0,0.0,56172.80271882033,0.0
36.11,746.384154,752.700585,176,0.0,0.0,56089.74018983483,0.0
36.12,746.384154,751.75312,176,0.0,0.0,56019.13699548637,0.0
36.13,746.384154,750.947775,176,0.0,0.0,55959.12429891966,0.0
36.14,746.384154,750.263232,176,0.0,0.0,55908.11352546747,0.0
36.15,746.384154,749.68137,176,0.0,0.0,55864.7543345,0.0
36.160000000000004,742.994012,748.678267,176,0.0,0.0,55790.00510781562,0.0
36.17,742.994012,747.825628,176,0.0,0.0,55726.468157082774,0.0
36.18,779.870798,752.632404,176,0.0,0.0,56084.65947825828,0.0
36.19,779.870798,756.718163,177,0.0,0.0,56389.12205654668,0.0
36.2,752.614572,756.102624,177,0.0,0.0,56343.25332298284,0.0
36.21,752.614572,755.579417,177,0.0,0.0,56304.26498514928,0.0
36.22,752.614572,755.13469,177,0.0,0.0,56271.124819746845,0.0
36.230000000000004,752.614572,754.756672,177,0.0,0.0,56242.95567542888,0.0
36.24,752.614572,754.435357,177,0.0,0.0,56219.01192511401,0.0
36.25,752.614572,754.162239,177,0.0,0.0,56198.65971871687,0.0
36.26,752.614572,753.930089,177,0.0,0.0,56181.3603656347,0.0
36.27,757.275885,754.431959,178,0.0,0.0,56218.758712959054,0.0
36.28,757.275885,754.858547,178,0.0,0.0,56250.54719640776,0.0
36.29,757.275885,755.221148,178,0.0,0.0,56277.56749676075,0.0
36.300000000000004,752.444096,754.80459,179,0.0,0.0,56246.52642882535,0.0
36.31,752.444096,754.450516,179,0.0,0.0,56220.14154343567,0.0
36.32,752.444096,754.149553,179,0.0,0.0,56197.714383402636,0.0
36.33,752.444096,753.893735,179,0.0,0.0,56178.65133835946,0.0
36.34,752.444096,753.676289,179,0.0,0.0,56162.44769791016,0.0
36.35,752.444096,753.49146,179,0.0,0.0,56148.674610980044,0.0
36.36,752.444096,753.334355,179,0.0,0.0,56136.96746100816,0.0
36.37,755.283201,753.626682,179,0.0,0.0,56158.75108361617,0.0
36.38,755.283201,753.87516,179,0.0,0.0,56177.26716655889,0.0
36.39,755.283201,754.086366,179,0.0,0.0,56193.0058147048,0.0
36.4,757.826879,754.647443,180,0.0,0.0,56234.816149097576,0.0
36.410000000000004,757.826879,755.124358,180,0.0,0.0,56270.35489979834,0.0
36.42,757.826879,755.529736,180,0.0,0.0,56300.56285652349,0.0
36.43,757.826879,755.874308,180,0.0,0.0,56326.23967190248,0.0
36.44,757.826879,756.167193,180,0.0,0.0,56348.064875553,0.0
36.45,757.826879,756.416146,180,0.0,0.0,56366.61635454445,0.0
36.46,757.826879,756.627756,180,0.0,0.0,56382.38510796128,0.0
36.47,751.050767,755.791208,180,0.0,0.0,56320.04722632363,0.0
36.480000000000004,751.050767,755.080142,180,0.0,0.0,56267.06001202802,0.0
36.49,749.759927,754.282109,180,0.0,0.0,56207.59219105786,0.0
36.5,758.541367,754.920998,181,0.0,0.0,56255.200919859555,0.0
36.51,758.541367,755.464053,181,0.0,0.0,56295.6682909043,0.0
36.52,758.541367,755.925651,181,0.0,0.0,56330.06564943982,0.0
36.53,758.541367,756.318008,181,0.0,0.0,56359.30330732163,0.0
36.54,758.541367,756.651512,181,0.0,0.0,56384.15535750605,0.0
36.550000000000004,758.541367,756.93499,181,0.0,0.0,56405.27957035562,0.0
36.56,758.541367,757.175947,181,0.0,0.0,56423.23520344036,0.0
36.57,731.88861,753.382846,181,0.0,0.0,56140.580913217105,0.0
36.58,731.88861,750.158711,181,0.0,0.0,55900.32482986764,0.0
36.59,731.88861,747.418196,182,0.0,0.0,55696.10714039109,0.0
36.6,765.525602,750.134307,182,0.0,0.0,55898.50629266058,0.0
36.61,765.525602,752.443001,182,0.0,0.0,56070.545546008354,0.0
36.62,765.525602,754.405391,182,0.0,0.0,56216.77891880577,0.0
36.63,765.525602,756.073423,182,0.0,0.0,56341.07732294256,0.0
36.64,765.525602,757.49125,182,0.0,0.0,56446.73095155523,0.0
36.65,765.525602,758.696403,182,0.0,0.0,56536.536539601904,0.0
36.660000000000004,765.525602,759.720783,182,0.0,0.0,56612.87128571568,0.0
36.67,741.165866,756.937545,183,0.0,0.0,56405.46996383883,0.0
36.68,741.165866,754.571793,183,0.0,0.0,56229.17886259891,0.0
36.69,741.165866,752.560904,183,0.0,0.0,56079.33144144858,0.0
36.7,757.06296,753.236212,184,0.0,0.0,56129.654041195354,0.0
36.71,757.06296,753.810225,184,0.0,0.0,56172.4283404017,0.0
36.72,757.06296,754.298135,184,0.0,0.0,56208.78641648321,0.0
36.730000000000004,757.06296,754.712859,184,0.0,0.0,56239.69081841148,0.0
36.74,757.06296,755.065374,184,0.0,0.0,56265.95953024332,0.0
36.75,757.06296,755.365012,184,0.0,0.0,56288.287953929874,0.0
36.76,757.06296,755.619704,184,0.0,0.0,56307.26709170805,0.0
36.77,753.64474,755.323459,184,0.0,0.0,56285.19150758646,0.0
36.78,753.64474,755.071651,184,0.0,0.0,56266.42727971261,0.0
36.79,753.64474,754.857615,184,0.0,0.0,56250.47774563424,0.0
36.800000000000004,754.82499,754.852721,185,0.0,0.0,56250.11305455526,0.0
36.81,754.82499,754.848561,185,0.0,0.0,56249.80305968634,0.0
36.82,754.82499,754.845026,185,0.0,0.0,56249.53963856574,0.0
36.83,754.82499,754.84202,185,0.0,0.0,56249.31563746575,0.0
36.84,754.82499,754.839466,185,0.0,0.0,56249.12531850054,0.0
36.85,754.82499,754.837294,185,0.0,0.0,56248.96346541032,0.0
36.86,754.82499,754.835449,185,0.0,0.0,56248.82597970523,0.0
36.87,747.837676,753.785783,185,0.0,0.0,56170.60697151076,0.0
36.88,747.837676,752.893567,185,0.0,0.0,56104.12082199724,0.0
36.89,749.884405,752.442193,185,0.0,0.0,56070.4853354665,0.0
36.9,767.371737,754.681624,186,0.0,0.0,56237.36324876462,0.0
36.910000000000004,767.371737,756.585141,186,0.0,0.0,56379.209523504695,0.0
36.92,767.371737,758.203131,186,0.0,0.0,56499.77889801867,0.0
36.93,767.371737,759.578422,186,0.0,0.0,56602.262829096544,0.0
36.94,767.371737,760.747419,186,0.0,0.0,56689.374144431444,0.0
36.95,767.371737,761.741067,186,0.0,0.0,56763.41880345101,0.0
36.96,767.371737,762.585667,186,0.0,0.0,56826.35670400323,0.0
36.97,734.795714,758.417174,186,0.0,0.0,56515.72895372303,0.0
36.980000000000004,734.795714,754.873955,187,0.0,0.0,56251.695369710746,0.0
36.99,734.361084,751.797024,187,0.0,0.0,56022.40863364152,0.0
37.0,758.094208,752.741602,188,0.0,0.0,56092.796694531666,0.0
37.01,758.094208,753.544493,188,0.0,0.0,56152.6265239329,0.0
37.02,758.094208,754.22695,188,0.0,0.0,56203.48185284265,0.0
37.03,758.094208,754.807039,188,0.0,0.0,56246.70892340084,0.0
37.04,758.094208,755.300114,188,0.0,0.0,56283.4518849386,0.0
37.050000000000004,758.094208,755.719228,188,0.0,0.0,56314.6834208752,0.0
37.06,758.094208,756.075475,188,0.0,0.0,56341.230233873095,0.0
37.07,758.094208,756.378285,188,0.0,0.0,56363.79502864721,0.0
37.08,758.094208,756.635673,188,0.0,0.0,56382.97506694621,0.0
37.09,758.094208,756.854454,188,0.0,0.0,56399.27818892196,0.0
37.1,764.911776,758.063052,189,0.0,0.0,56489.34049146946,0.0
37.11,764.911776,759.090361,189,0.0,0.0,56565.89350079745,0.0
37.12,764.911776,759.963573,189,0.0,0.0,56630.96351028953,0.0
37.13,764.911776,760.705803,189,0.0,0.0,56686.2730034542,0.0
37.14,764.911776,761.336699,189,0.0,0.0,56733.286109903165,0.0
37.15,764.911776,761.872961,189,0.0,0.0,56773.247280191994,0.0
37.160000000000004,764.911776,762.328783,189,0.0,0.0,56807.21422277489,0.0
37.17,761.922682,762.267868,189,0.0,0.0,56802.674958967014,0.0
37.18,761.922682,762.21609,189,0.0,0.0,56798.81656610081,0.0
37.19,761.922682,762.172079,189,0.0,0.0,56795.536954519936,0.0
37.2,741.718176,759.103993,190,0.0,0.0,56566.90933013716,0.0
37.21,741.718176,756.496121,190,0.0,0.0,56372.57593138161,0.0
37.22,741.718176,754.279429,190,0.0,0.0,56207.392482824995,0.0
37.230000000000004,741.718176,752.395241,190,0.0,0.0,56066.98656645546,0.0
37.24,741.718176,750.793681,190,0.0,0.0,55947.641522637765,0.0
37.25,741.718176,749.432355,190,0.0,0.0,55846.19823539272,0.0
37.26,757.456707,750.636008,190,0.0,0.0,55935.892046443376,0.0
37.27,757.456707,751.659113,190,0.0,0.0,56012.131782110555,0.0
37.28,757.456707,752.528752,190,0.0,0.0,56076.93553879815,0.0
37.29,771.119573,755.317375,190,0.0,0.0,56284.73814009065,0.0
37.300000000000004,752.338771,754.870585,191,0.0,0.0,56251.44424405973,0.0
37.31,752.338771,754.490813,191,0.0,0.0,56223.14439517442,0.0
37.32,752.338771,754.168006,191,0.0,0.0,56199.08946400752,0.0
37.33,752.338771,753.893621,191,0.0,0.0,56178.64284330777,0.0
37.34,752.338771,753.660394,191,0.0,0.0,56161.263234342456,0.0
37.35,752.338771,753.46215,191,0.0,0.0,56146.49048847804,0.0
37.36,746.385693,752.400682,191,0.0,0.0,56067.39201887898,0.0
37.37,746.385693,751.498433,191,0.0,0.0,56000.15823029818,0.0
37.38,765.313556,753.570702,192,0.0,0.0,56154.579566125154,0.0
37.39,765.313556,755.33213,192,0.0,0.0,56285.83765314138,0.0
37.4,751.895611,754.816652,192,0.0,0.0,56247.42526490926,0.0
37.410000000000004,751.895611,754.378496,192,0.0,0.0,56214.77475726735,0.0
37.42,751.895611,754.006063,192,0.0,0.0,56187.021795964516,0.0
37.43,751.895611,753.689495,192,0.0,0.0,56163.431782583,0.0
37.44,751.895611,753.420412,192,0.0,0.0,56143.38025630513,0.0
37.45,751.895611,753.191692,192,0.0,0.0,56126.33649995383,0.0
37.46,769.461901,755.632223,193,0.0,0.0,56308.19998251674,0.0
37.47,769.461901,757.706675,193,0.0,0.0,56462.78399113191,0.0
37.480000000000004,769.461901,759.469959,193,0.0,0.0,56594.180383551204,0.0
37.49,760.463765,759.61903,193,0.0,0.0,56605.28885593247,0.0
37.5,748.408707,757.937481,193,0.0,0.0,56479.98319202566,0.0
37.51,748.408707,756.508165,193,0.0,0.0,56373.47342614156,0.0
37.52,748.408707,755.293247,193,0.0,0.0,56282.94016985087,0.0
37.53,748.408707,754.260566,193,0.0,0.0,56205.986849841196,0.0
37.54,748.408707,753.382787,194,0.0,0.0,56140.57651665527,0.0
37.550000000000004,748.408707,752.636675,194,0.0,0.0,56084.97774462493,0.0
37.56,741.060169,750.900199,194,0.0,0.0,55955.57903067829,0.0
37.57,741.060169,749.424195,194,0.0,0.0,55845.59016853444,0.0
37.58,741.060169,748.169591,194,0.0,0.0,55752.099591001366,0.0
37.59,760.429467,750.008572,194,0.0,0.0,55889.13677226521,0.0
37.6,761.673419,751.758299,195,0.0,0.0,56019.52292419458,0.0
37.61,761.673419,753.245567,195,0.0,0.0,56130.35115706046,0.0
37.62,761.673419,754.509745,195,0.0,0.0,56224.555169900035,0.0
37.63,761.673419,755.584296,195,0.0,0.0,56304.628558458295,0.0
37.64,761.673419,756.497664,195,0.0,0.0,56372.69091265151,0.0
37.65,761.673419,757.274027,195,0.0,0.0,56430.543928619336,0.0
37.660000000000004,743.133918,755.153011,195,0.0,0.0,56272.49006397608,0.0
37.67,743.133918,753.350147,195,0.0,0.0,56138.144249222125,0.0
37.68,743.133918,751.817713,195,0.0,0.0,56023.950336488466,0.0
37.69,760.478747,753.116868,195,0.0,0.0,56120.76076532096,0.0
37.7,761.608644,754.390634,196,0.0,0.0,56215.679256719035,0.0
37.71,761.608644,755.473336,196,0.0,0.0,56296.3600414736,0.0
37.72,761.608644,756.393632,196,0.0,0.0,56364.938656352366,0.0
37.730000000000004,761.608644,757.175884,196,0.0,0.0,56423.230508806526,0.0
37.74,761.608644,757.840798,196,0.0,0.0,56472.77856848895,0.0
37.75,761.608644,758.405975,196,0.0,0.0,56514.894426670835,0.0
37.76,743.312692,756.141982,196,0.0,0.0,56346.1862023221,0.0
37.77,743.312692,754.217589,196,0.0,0.0,56202.78428986957,0.0
37.78,749.975363,753.581255,197,0.0,0.0,56155.365954551075,0.0
37.79,749.975363,753.040371,197,0.0,0.0,56115.060362078555,0.0
37.800000000000004,766.029979,754.988812,197,0.0,0.0,56260.25428333108,0.0
37.81,766.029979,756.644987,197,0.0,0.0,56383.66912757343,0.0
37.82,766.029979,758.052736,197,0.0,0.0,56488.571763808926,0.0
37.83,766.029979,759.249323,197,0.0,0.0,56577.7390306904,0.0
37.84,766.029979,760.266421,197,0.0,0.0,56653.531136747544,0.0
37.85,766.029979,761.130955,197,0.0,0.0,56717.954479058724,0.0
37.86,742.040576,758.267398,198,0.0,0.0,56504.567946153635,0.0
37.87,742.040576,755.833375,198,0.0,0.0,56323.18942671741,0.0
37.88,742.040576,753.764455,198,0.0,0.0,56169.01765166351,0.0
37.89,760.414664,754.761986,198,0.0,0.0,56243.35166406674,0.0
37.9,743.258384,753.036446,199,0.0,0.0,56114.76787893899,0.0
37.910000000000004,743.258384,751.569737,199,0.0,0.0,56005.471661580414,0.0
37.92,743.258384,750.323034,199,0.0,0.0,55912.56985074432,0.0
37.93,743.258384,749.263336,199,0.0,0.0,55833.60327800055,0.0
37.94,743.258384,748.362594,199,0.0,0.0,55766.48178804172,0.0
37.95,743.258384,747.596962,199,0.0,0.0,55709.428424703336,0.0
37.96,771.741857,751.218696,199,0.0,0.0,55979.31278927666,0.0
37.97,771.741857,754.29717,199,0.0,0.0,56208.714506615775,0.0
37.980000000000004,771.741857,756.913873,199,0.0,0.0,56403.70597380582,0.0
37.99,750.004525,755.877471,199,0.0,0.0,56326.47537232805,0.0
38.0,757.567925,756.131039,200,0.0,0.0,56345.37075187721,0.0
38.01,757.567925,756.346572,200,0.0,0.0,56361.43183939762,0.0
38.02,757.567925,756.529775,200,0.0,0.0,56375.083760064044,0.0
38.03,757.567925,756.685498,200,0.0,0.0,56386.68792616362,0.0
38.04,757.567925,756.817862,200,0.0,0.0,56396.551426363345,0.0
38.050000000000004,757.567925,756.930371,200,0.0,0.0,56404.93537172592,0.0
38.06,757.567925,757.026004,200,0.0,0.0,56412.06175136541,0.0
38.07,757.567925,757.107293,200,0.0,0.0,56418.11924485107,0.0
38.08,757.567925,757.176387,200,0.0,0.0,56423.267991359186,0.0
38.09,753.149924,756.572418,200,0.0,0.0,56378.26143102455,0.0
38.1,747.620228,755.229589,201,0.0,0.0,56278.19650317628,0.0
38.11,747.620228,754.088185,201,0.0,0.0,56193.141362941955,0.0
38.12,747.620228,753.117992,201,0.0,0.0,56120.84452354997,0.0
38.13,747.620228,752.293327,201,0.0,0.0,56059.39213927469,0.0
38.14,747.620228,751.592362,201,0.0,0.0,56007.157631270195,0.0
38.15,747.620228,750.996542,201,0.0,0.0,55962.758318095875,0.0
38.160000000000004,765.132988,753.117009,201,0.0,0.0,56120.7712723586,0.0
38.17,765.132988,754.919406,202,0.0,0.0,56255.08228720779,0.0
38.18,765.61922,756.524378,202,0.0,0.0,56374.68158643241,0.0
38.19,765.61922,757.888604,202,0.0,0.0,56476.34097586973,0.0
38.2,743.389217,755.713696,202,0.0,0.0,56314.27118731392,0.0
38.21,743.389217,753.865024,202,0.0,0.0,56176.51185213786,0.0
38.22,743.389217,752.293653,202,0.0,0.0,56059.41643214182,0.0
38.230000000000004,743.389217,750.957988,202,0.0,0.0,55959.88535122649,0.0
38.24,743.389217,749.822672,202,0.0,0.0,55875.28387655996,0.0
38.25,743.389217,748.857654,203,0.0,0.0,55803.37266780421,0.0
38.26,773.636985,752.574554,203,0.0,0.0,56080.348612112255,0.0
38.27,773.636985,755.733918,203,0.0,0.0,56315.7780902561,0.0
38.28,773.636985,758.419378,203,0.0,0.0,56515.89319138917,0.0
38.29,729.515594,754.083811,203,0.0,0.0,56192.815421221596,0.0
38.300000000000004,766.013206,755.87322,204,0.0,0.0,56326.15859632136,0.0
38.31,766.013206,757.394218,204,0.0,0.0,56439.500321237465,0.0
38.32,766.013206,758.687066,204,0.0,0.0,56535.840765060755,0.0
38.33,766.013206,759.785987,204,0.0,0.0,56617.730157214144,0.0
38.34,766.013206,760.72007,204,0.0,0.0,56687.33615172222,0.0
38.35,766.013206,761.51404,204,0.0,0.0,56746.501206069195,0.0
38.36,748.025241,759.49072,204,0.0,0.0,56595.72745169396,0.0
38.37,748.025241,757.770898,204,0.0,0.0,56467.569760474995,0.0
38.38,748.025241,756.30905,204,0.0,0.0,56358.63577510147,0.0
38.39,750.00175,755.362955,204,0.0,0.0,56288.13467040935,0.0
38.4,759.267579,755.948648,205,0.0,0.0,56331.77933982463,0.0
38.410000000000004,759.267579,756.446488,205,0.0,0.0,56368.877379619706,0.0
38.42,759.267579,756.869652,205,0.0,0.0,56400.41071344551,0.0
38.43,759.267579,757.229341,205,0.0,0.0,56427.21401739025,0.0
38.44,759.267579,757.535077,205,0.0,0.0,56449.99685182459,0.0
38.45,759.267579,757.794952,205,0.0,0.0,56469.36221638297,0.0
38.46,746.899297,756.160604,205,0.0,0.0,56347.57387646854,0.0
38.47,746.899297,754.771408,205,0.0,0.0,56244.05377263766,0.0
38.480000000000004,746.899297,753.590591,205,0.0,0.0,56156.06165457422,0.0
38.49,760.017759,754.554666,206,0.0,0.0,56227.902592858496,0.0
38.5,759.677781,755.323133,206,0.0,0.0,56285.16721471934,0.0
38.51,759.677781,755.97633,206,0.0,0.0,56333.842147026946,0.0
38.52,759.677781,756.531548,206,0.0,0.0,56375.21588047333,0.0
38.53,759.677781,757.003483,206,0.0,0.0,56410.38353154734,0.0
38.54,759.677781,757.404628,206,0.0,0.0,56440.276053589754,0.0
38.550000000000004,759.677781,757.745601,206,0.0,0.0,56465.684678696314,0.0
38.56,746.704025,756.089364,206,0.0,0.0,56342.265214338135,0.0
38.57,746.704025,754.681563,207,0.0,0.0,56237.35870316677,0.0
38.58,765.619947,756.322321,207,0.0,0.0,56359.62470344415,0.0
38.59,765.619947,757.716965,207,0.0,0.0,56463.55078132452,0.0
38.6,759.407815,757.970592,207,0.0,0.0,56482.45055743553,0.0
38.61,759.407815,758.186176,207,0.0,0.0,56498.51544537379,0.0
38.62,759.407815,758.369421,207,0.0,0.0,56512.17049579611,0.0
38.63,759.407815,758.52518,207,0.0,0.0,56523.77734454358,0.0
38.64,759.407815,758.657576,207,0.0,0.0,56533.64322931923,0.0
38.65,759.407815,758.770111,208,0.0,0.0,56542.02911214975,0.0
38.660000000000004,743.294278,756.448736,208,0.0,0.0,56369.04489607772,0.0
38.67,743.294278,754.475568,208,0.0,0.0,56222.008368304996,0.0
38.68,743.294278,752.798374,208,0.0,0.0,56097.02723027658,0.0
38.69,760.423612,753.94216,208,0.0,0.0,56182.259872380564,0.0
38.7,741.705337,752.106636,209,0.0,0.0,56045.480299833536,0.0
38.71,741.705337,750.546442,209,0.0,0.0,55929.21776749375,0.0
38.72,741.705337,749.220276,209,0.0,0.0,55830.394533035134,0.0
38.730000000000004,741.705337,748.093035,209,0.0,0.0,55746.39479119711,0.0
38.74,741.705337,747.134881,209,0.0,0.0,55674.995073975086,0.0
38.75,741.705337,746.320449,209,0.0,0.0,55614.305232366576,0.0
38.76,774.254581,750.510569,209,0.0,0.0,55926.54458337523,0.0
38.77,774.254581,754.072171,209,0.0,0.0,56191.94803173257,0.0
38.78,749.990175,753.459871,209,0.0,0.0,56146.32066196212,0.0
38.79,749.990175,752.939417,209,0.0,0.0,56107.53747217522,0.0
38.800000000000004,750.006171,752.49943,210,0.0,0.0,56074.75052208017,0.0
38.81,750.006171,752.125441,210,0.0,0.0,56046.88161077349,0.0
38.82,750.006171,751.807551,210,0.0,0.0,56023.19308459951,0.0
38.83,750.006171,751.537344,210,0.0,0.0,56003.05780009262,0.0
38.84,750.006171,751.307668,210,0.0,0.0,55985.94280453588,0.0
38.85,750.006171,751.112444,210,0.0,0.0,55971.39510302343,0.0
38.86,761.35976,752.649541,210,0.0,0.0,56085.936493178684,0.0
38.87,761.35976,753.956074,210,0.0,0.0,56183.29671579554,0.0
38.88,765.616616,755.705155,210,0.0,0.0,56313.63472909864,0.0
38.89,765.616616,757.191875,211,0.0,0.0,56424.42212610197,0.0
38.9,744.106992,755.229142,211,0.0,0.0,56278.16319363147,0.0
38.910000000000004,744.106992,753.56082,211,0.0,0.0,56153.84317927546,0.0
38.92,744.106992,752.142745,211,0.0,0.0,56048.17107019943,0.0
38.93,744.106992,750.937382,211,0.0,0.0,55958.349833373315,0.0
38.94,744.106992,749.912824,211,0.0,0.0,55882.00182305603,0.0
38.95,744.106992,749.041949,211,0.0,0.0,55817.10596212372,0.0
38.96,772.605763,752.576521,211,0.0,0.0,56080.49518901301,0.0
38.97,772.605763,755.580907,212,0.0,0.0,56304.37601696532,0.0
38.980000000000004,772.605763,758.134636,212,0.0,0.0,56494.674787790966,0.0
38.99,760.41583,758.476815,212,0.0,0.0,56520.1732816023,0.0
39.0,751.960237,757.499328,213,0.0,0.0,56447.332907937736,0.0
39.01,751.960237,756.668464,213,0.0,0.0,56385.41858659694,0.0
39.02,751.960237,755.96223,213,0.0,0.0,56332.79144326447,0.0
39.03,751.960237,755.361931,213,0.0,0.0,56288.058363980075,0.0
39.04,751.960237,754.851677,213,0.0,0.0,56250.03525776603,0.0
39.050000000000004,751.960237,754.417961,213,0.0,0.0,56217.715610032305,0.0
39.06,751.960237,754.049302,213,0.0,0.0,56190.24387965145,0.0
39.07,751.960237,753.735942,213,0.0,0.0,56166.892920005404,0.0
39.08,751.960237,753.469587,213,0.0,0.0,56147.04467882426,0.0
39.09,755.879229,753.831033,213,0.0,0.0,56173.978910890335,0.0
39.1,747.27151,752.847104,214,0.0,0.0,56100.65849228689,0.0
39.11,747.27151,752.010765,214,0.0,0.0,56038.33618491068,0.0
39.12,747.27151,751.299877,214,0.0,0.0,55985.3622348186,0.0
39.13,747.27151,750.695622,214,0.0,0.0,55940.33436233673,0.0
39.14,747.27151,750.182005,214,0.0,0.0,55902.060652097636,0.0
39.15,747.27151,749.745431,214,0.0,0.0,55869.52803192752,0.0
39.160000000000004,777.102728,753.849025,214,0.0,0.0,56175.31963869844,0.0
39.17,777.102728,757.337081,214,0.0,0.0,56435.24258642353,0.0
39.18,777.102728,760.301928,214,0.0,0.0,56656.17704727905,0.0
39.19,750.003825,758.757212,214,0.0,0.0,56541.067904502066,0.0
39.2,748.919459,757.281549,215,0.0,0.0,56431.104452995314,0.0
39.21,748.919459,756.027236,215,0.0,0.0,56337.63556019948,0.0
39.22,748.919459,754.961069,215,0.0,0.0,56258.186930530916,0.0
39.230000000000004,748.919459,754.054828,215,0.0,0.0,56190.655666104736,0.0
39.24,748.919459,753.284522,215,0.0,0.0,56133.254005646784,0.0
39.25,748.919459,752.629763,215,0.0,0.0,56084.462676227326,0.0
39.26,740.288823,750.778622,215,0.0,0.0,55946.519356115845,0.0
39.27,740.288823,749.205152,215,0.0,0.0,55829.26752284339,0.0
39.28,740.288823,747.867703,215,0.0,0.0,55729.603501820806,0.0
39.29,750.003825,748.188121,216,0.0,0.0,55753.48040949206,0.0
39.300000000000004,765.215444,750.742219,216,0.0,0.0,55943.80667745872,0.0
39.31,765.215444,752.913203,216,0.0,0.0,56105.58405739299,0.0
39.32,765.215444,754.758539,216,0.0,0.0,56243.094800529914,0.0
39.33,765.215444,756.327075,216,0.0,0.0,56359.9789620035,0.0
39.34,765.215444,757.66033,216,0.0,0.0,56459.33045454525,0.0
39.35,765.215444,758.793597,216,0.0,0.0,56543.77924183523,0.0
39.36,749.233765,757.359623,216,0.0,0.0,56436.92237111954,0.0
39.37,749.233765,756.140744,217,0.0,0.0,56346.093949041395,0.0
39.38,749.991113,755.218299,217,0.0,0.0,56277.35519498634,0.0
39.39,749.991113,754.434221,217,0.0,0.0,56218.92727266903,0.0
39.4,757.631489,754.913811,217,0.0,0.0,56254.66535901268,0.0
39.410000000000004,757.631489,755.321463,217,0.0,0.0,56285.04276966378,0.0
39.42,757.631489,755.667967,217,0.0,0.0,56310.86355381361,0.0
39.43,757.631489,755.962495,217,0.0,0.0,56332.81119053377,0.0
39.44,757.631489,756.212845,217,0.0,0.0,56351.46677116751,0.0
39.45,757.631489,756.425641,218,0.0,0.0,56367.32390292919,0.0
39.46,758.160509,756.685871,218,0.0,0.0,56386.71572137662,0.0
39.47,758.160509,756.907067,218,0.0,0.0,56403.19880431595,0.0
39.480000000000004,758.160509,757.095083,218,0.0,0.0,56417.209380103566,0.0
39.49,760.237048,757.566378,218,0.0,0.0,56452.329339659285,0.0
39.5,760.701175,758.036598,219,0.0,0.0,56487.36919236787,0.0
39.51,760.701175,758.436284,219,0.0,0.0,56517.15299265217,0.0
39.52,760.701175,758.776018,219,0.0,0.0,56542.46928996003,0.0
39.53,760.701175,759.064792,219,0.0,0.0,56563.98815012349,0.0
39.54,760.701175,759.310249,219,0.0,0.0,56582.27911419625,0.0
39.550000000000004,760.701175,759.518888,219,0.0,0.0,56597.82647464299,0.0
39.56,744.888716,757.324362,219,0.0,0.0,56434.29479201537,0.0
39.57,744.888716,755.459015,219,0.0,0.0,56295.29286923371,0.0
39.58,744.888716,753.87347,219,0.0,0.0,56177.14123114339,0.0
39.59,750.007075,753.293511,219,0.0,0.0,56133.923847924845,0.0
39.6,747.436048,752.414892,220,0.0,0.0,56068.450919621166,0.0
39.61,747.436048,751.668065,220,0.0,0.0,56012.79886722273,0.0
39.62,747.436048,751.033263,220,0.0,0.0,55965.494693476154,0.0
39.63,747.436048,750.49368,220,0.0,0.0,55925.28604891818,0.0
39.64,747.436048,750.035036,220,0.0,0.0,55891.10881654678,0.0
39.65,747.436048,749.645187,220,0.0,0.0,55862.0580498023,0.0
39.660000000000004,776.803343,753.718911,220,0.0,0.0,56165.62380399273,0.0
39.67,776.803343,757.181576,220,0.0,0.0,56423.65466524738,0.0
39.68,776.803343,760.124841,220,0.0,0.0,56642.98087868433,0.0
39.69,750.031151,758.610787,221,0.0,0.0,56530.15660674175,0.0
39.7,747.480183,756.941197,221,0.0,0.0,56405.742103565106,0.0
39.71,747.480183,755.522045,221,0.0,0.0,56299.98973860597,0.0
39.72,747.480183,754.315765,221,0.0,0.0,56210.10016877629,0.0
39.730000000000004,747.480183,753.290428,221,0.0,0.0,56133.69410893906,0.0
39.74,747.480183,752.418891,221,0.0,0.0,56068.74891709252,0.0
39.75,747.480183,751.678085,221,0.0,0.0,56013.545537556056,0.0
39.76,765.357522,753.730001,222,0.0,0.0,56166.45020858321,0.0
39.77,765.357522,755.474129,222,0.0,0.0,56296.41913424547,0.0
39.78,765.620866,756.996139,222,0.0,0.0,56409.83627137489,0.0
39.79,765.620866,758.289848,222,0.0,0.0,56506.240875193886,0.0
39.800000000000004,742.087956,755.859564,222,0.0,0.0,56325.1409785497,0.0
39.81,742.087956,753.793823,222,0.0,0.0,56171.206096209346,0.0
39.82,742.087956,752.037943,222,0.0,0.0,56040.36143504236,0.0
39.83,742.087956,750.545445,222,0.0,0.0,55929.143473050404,0.0
39.84,742.087956,749.276821,223,0.0,0.0,55834.608153194655,0.0
39.85,742.087956,748.198492,223,0.0,0.0,55754.25323564245,0.0
39.86,776.643732,752.465278,223,0.0,0.0,56072.20558343507,0.0
39.87,776.643732,756.092046,223,0.0,0.0,56342.465071606995,0.0
39.88,749.994113,755.177356,223,0.0,0.0,56274.304204621294,0.0
39.89,749.994113,754.399869,223,0.0,0.0,56216.367430424456,0.0
39.9,750.255673,753.77824,224,0.0,0.0,56170.04488225683,0.0
39.910000000000004,750.255673,753.249855,224,0.0,0.0,56130.67069023304,0.0
39.92,750.255673,752.800727,224,0.0,0.0,56097.202571124326,0.0
39.93,750.255673,752.418969,224,0.0,0.0,56068.754729496315,0.0
39.94,750.255673,752.094475,224,0.0,0.0,56044.574086467896,0.0
39.95,750.255673,751.818655,224,0.0,0.0,56024.02053244196,0.0
39.96,760.867053,753.175914,224,0.0,0.0,56125.16075499182,0.0
39.97,760.867053,754.329585,224,0.0,0.0,56211.1300074995,0.0
39.980000000000004,760.867053,755.310205,224,0.0,0.0,56284.20384604974,0.0
39.99,760.422649,756.077072,224,0.0,0.0,56341.349239114854,0.0
40.0,754.423504,755.829037,225,0.0,0.0,56322.86616764494,0.0
40.01,754.423504,755.618207,225,0.0,0.0,56307.15553826604,0.0
40.02,754.423504,755.439001,225,0.0,0.0,56293.80146603497,0.0
40.03,754.423504,755.286677,225,0.0,0.0,56282.45058660837,0.0
40.04,754.423504,755.157201,225,0.0,0.0,56272.802294384936,0.0
40.050000000000004,754.423504,755.047146,225,0.0,0.0,56264.60121618783,0.0
40.06,754.423504,754.9536,225,0.0,0.0,56257.630355608795,0.0
40.07,754.423504,754.874085,225,0.0,0.0,56251.70505705041,0.0
40.08,754.423504,754.806498,226,0.0,0.0,56246.668609164284,0.0
40.09,750.089261,754.098912,226,0.0,0.0,56193.94071749941,0.0
40.1,750.440093,753.55009,226,0.0,0.0,56153.04360116401,0.0
40.11,750.440093,753.08359,226,0.0,0.0,56118.28095540552,0.0
40.12,750.440093,752.687066,226,0.0,0.0,56088.732781028804,0.0
40.13,750.440093,752.35002,226,0.0,0.0,56063.61678809781,0.0
40.14,750.440093,752.063531,226,0.0,0.0,56042.268201558254,0.0
40.15,750.440093,751.820015,226,0.0,0.0,56024.12187691834,0.0
40.160000000000004,772.034155,754.852136,227,0.0,0.0,56250.069461526815,0.0
40.17,772.034155,757.429439,227,0.0,0.0,56442.124919621725,0.0
40.18,749.989913,756.31351,227,0.0,0.0,56358.96812536959,0.0
40.19,749.989913,755.36497,227,0.0,0.0,56288.284824173985,0.0
40.2,748.882539,754.392606,227,0.0,0.0,56215.82620620979,0.0
40.21,748.882539,753.566096,227,0.0,0.0,56154.23633622941,0.0
40.22,748.882539,752.863562,227,0.0,0.0,56101.884909487104,0.0
40.230000000000004,748.882539,752.266409,227,0.0,0.0,56057.38626382232,0.0
40.24,748.882539,751.758828,228,0.0,0.0,56019.56234421518,0.0
40.25,748.882539,751.327385,228,0.0,0.0,55987.4120758894,0.0
40.26,740.74852,749.740555,228,0.0,0.0,55869.164682172486,0.0
40.27,740.74852,748.39175,228,0.0,0.0,55768.65443477213,0.0
40.28,740.74852,747.245266,228,0.0,0.0,55683.22074311132,0.0
40.29,760.417478,749.221097,228,0.0,0.0,55830.45571231095,0.0
40.300000000000004,764.319784,751.4859,229,0.0,0.0,55999.22429623754,0.0
40.31,764.319784,753.410983,229,0.0,0.0,56142.67762610822,0.0
40.32,764.319784,755.047303,229,0.0,0.0,56264.61291551342,0.0
40.33,764.319784,756.438175,229,0.0,0.0,56368.25791150782,0.0
40.34,764.319784,757.620417,229,0.0,0.0,56456.35621771747,0.0
40.35,764.319784,758.625322,229,0.0,0.0,56531.23972583307,0.0
40.36,739.212815,755.713446,229,0.0,0.0,56314.25255781457,0.0
40.37,739.212815,753.238351,229,0.0,0.0,56129.81343519166,0.0
40.38,749.810785,752.724216,229,0.0,0.0,56091.50112462993,0.0
40.39,749.810785,752.287202,229,0.0,0.0,56058.935716541,0.0
40.4,764.82079,754.16724,230,0.0,0.0,56199.03238322157,0.0
40.410000000000004,764.82079,755.765272,230,0.0,0.0,56318.11452754465,0.0
40.42,764.82079,757.1236,230,0.0,0.0,56419.33440983368,0.0
40.43,764.82079,758.278178,230,0.0,0.0,56505.37125016494,0.0
40.44,764.82079,759.25957,230,0.0,0.0,56578.50261660913,0.0
40.45,764.82079,760.093753,230,0.0,0.0,56640.66426318308,0.0
40.46,744.418765,757.742505,230,0.0,0.0,56465.45397097655,0.0
40.47,744.418765,755.743944,230,0.0,0.0,56316.525207697414,0.0
40.480000000000004,744.418765,754.045167,231,0.0,0.0,56189.935747732445,0.0
40.49,760.179541,754.965323,231,0.0,0.0,56258.50393009159,0.0
40.5,760.885788,755.853393,231,0.0,0.0,56324.68112798814,0.0
40.51,760.885788,756.608252,231,0.0,0.0,56380.93170894119,0.0
40.52,760.885788,757.249883,231,0.0,0.0,56428.744766091586,0.0
40.53,760.885788,757.795268,231,0.0,0.0,56469.38576407013,0.0
40.54,760.885788,758.258846,231,0.0,0.0,56503.930668240384,0.0
40.550000000000004,760.885788,758.652888,231,0.0,0.0,56533.29388894771,0.0
40.56,744.66793,756.555144,232,0.0,0.0,56376.97420713853,0.0
40.57,744.66793,754.772062,232,0.0,0.0,56244.10250740793,0.0
40.58,765.618952,756.399095,232,0.0,0.0,56365.34574817183,0.0
40.59,765.618952,757.782074,232,0.0,0.0,56468.40257361324,0.0
40.6,744.463625,755.784307,232,0.0,0.0,56319.53297762399,0.0
40.61,744.463625,754.086204,232,0.0,0.0,56192.99374278923,0.0
40.62,744.463625,752.642818,232,0.0,0.0,56085.43550868258,0.0
40.63,744.463625,751.415939,232,0.0,0.0,55994.01094262572,0.0
40.64,744.463625,750.373092,233,0.0,0.0,55916.3000726551,0.0
40.65,744.463625,749.486672,233,0.0,0.0,55850.245829454165,0.0
40.660000000000004,771.900161,752.848695,233,0.0,0.0,56100.77705042067,0.0
40.67,771.900161,755.706415,233,0.0,0.0,56313.72862177529,0.0
40.68,771.900161,758.135477,233,0.0,0.0,56494.73745742672,0.0
40.69,750.003575,756.915692,233,0.0,0.0,56403.84152204299,0.0
40.7,749.859097,755.857202,234,0.0,0.0,56324.964967039996,0.0
40.71,749.859097,754.957487,234,0.0,0.0,56257.920007064444,0.0
40.72,749.859097,754.192728,234,0.0,0.0,56200.93169793773,0.0
40.730000000000004,749.859097,753.542683,234,0.0,0.0,56152.491646357725,0.0
40.74,749.859097,752.990146,234,0.0,0.0,56111.317695662205,0.0
40.75,749.859097,752.520488,234,0.0,0.0,56076.31972206813,0.0
40.76,772.963041,755.586871,234,0.0,0.0,56304.82044230143,0.0
40.77,772.963041,758.193296,234,0.0,0.0,56499.04601351485,0.0
40.78,749.986425,756.962266,234,0.0,0.0,56407.31212325104,0.0
40.79,749.986425,755.91589,234,0.0,0.0,56329.33827926781,0.0
40.800000000000004,750.098713,755.043313,235,0.0,0.0,56264.31558870403,0.0
40.81,750.098713,754.301623,235,0.0,0.0,56209.04633525792,0.0
40.82,750.098713,753.671187,235,0.0,0.0,56162.06750708774,0.0
40.83,750.098713,753.135316,235,0.0,0.0,56122.13547333587,0.0
40.84,750.098713,752.679825,235,0.0,0.0,56088.19319621009,0.0
40.85,750.098713,752.292658,235,0.0,0.0,56059.34228673447,0.0
40.86,761.175169,753.625035,235,0.0,0.0,56158.62835247456,0.0
40.87,761.175169,754.757555,235,0.0,0.0,56243.02147482054,0.0
40.88,749.998463,754.043691,236,0.0,0.0,56189.825759168365,0.0
40.89,749.998463,753.436907,236,0.0,0.0,56144.60943067123,0.0
40.9,748.456981,752.689918,236,0.0,0.0,56088.94530635723,0.0
40.910000000000004,748.456981,752.054978,236,0.0,0.0,56041.63084912702,0.0
40.92,748.456981,751.515278,236,0.0,0.0,56001.41348596334,0.0
40.93,748.456981,751.056534,236,0.0,0.0,55967.22880179223,0.0
40.94,748.456981,750.666601,236,0.0,0.0,55938.17177553597,0.0
40.95,748.456981,750.335158,236,0.0,0.0,55913.473306944055,0.0
40.96,775.784909,754.15262,237,0.0,0.0,56197.94293010047,0.0
40.97,775.784909,757.397464,237,0.0,0.0,56439.742206656825,0.0
40.980000000000004,775.784909,760.155581,237,0.0,0.0,56645.27156192253,0.0
40.99,749.996375,758.6317,237,0.0,0.0,56531.715001620105,0.0
41.0,749.570788,757.272563,238,0.0,0.0,56430.43483427123,0.0
41.01,749.570788,756.117297,238,0.0,0.0,56344.34672555779,0.0
41.02,749.570788,755.13532,238,0.0,0.0,56271.17176608517,0.0
41.03,749.570788,754.30064,238,0.0,0.0,56208.973084066536,0.0
41.04,749.570788,753.591163,238,0.0,0.0,56156.104278868705,0.0
41.050000000000004,749.570788,752.988106,238,0.0,0.0,56111.16567894765,0.0
41.06,749.570788,752.475509,238,0.0,0.0,56072.96797706584,0.0
41.07,749.570788,752.0398,238,0.0,0.0,56040.49981496341,0.0
41.08,749.570788,751.669449,238,0.0,0.0,56012.902000131035,0.0
41.09,772.171014,754.744683,238,0.0,0.0,56242.06227915879,0.0
41.1,750.806985,754.154029,239,0.0,0.0,56198.04792595872,0.0
41.11,750.806985,753.651972,239,0.0,0.0,56160.63564376887,0.0
41.12,750.806985,753.225224,239,0.0,0.0,56128.835237440595,0.0
41.13,750.806985,752.862488,239,0.0,0.0,56101.80487715796,0.0
41.14,750.806985,752.554163,239,0.0,0.0,56078.82911562852,0.0
41.15,750.806985,752.292086,239,0.0,0.0,56059.299662440004,0.0
41.160000000000004,760.116796,753.465793,239,0.0,0.0,56146.76195754235,0.0
41.17,760.116796,754.463443,239,0.0,0.0,56221.10483758726,0.0
41.18,749.984588,753.791615,239,0.0,0.0,56171.041560471225,0.0
41.19,749.984588,753.220561,239,0.0,0.0,56128.487760018994,0.0
41.2,749.315611,752.634818,240,0.0,0.0,56084.83936470386,0.0
41.21,749.315611,752.136937,240,0.0,0.0,56047.7382696709,0.0
41.22,749.315611,751.713738,240,0.0,0.0,56016.20232771518,0.0
41.230000000000004,749.315611,751.354019,240,0.0,0.0,55989.39678823051,0.0
41.24,749.315611,751.048258,240,0.0,0.0,55966.612090846254,0.0
41.25,749.315611,750.788361,240,0.0,0.0,55947.245086891926,0.0
41.26,773.723237,754.228592,240,0.0,0.0,56203.6042113943,0.0
41.27,773.723237,757.152789,241,0.0,0.0,56421.50951565799,0.0
41.28,773.723237,759.638356,241,0.0,0.0,56606.72899074905,0.0
41.29,729.476597,755.114092,241,0.0,0.0,56269.589898037666,0.0
41.300000000000004,765.333023,756.646932,241,0.0,0.0,56383.814065078244,0.0
41.31,765.333023,757.949846,241,0.0,0.0,56480.904607062745,0.0
41.32,765.333023,759.057322,241,0.0,0.0,56563.43150068338,0.0
41.33,765.333023,759.998677,241,0.0,0.0,56633.57939006811,0.0
41.34,765.333023,760.798829,241,0.0,0.0,56693.205114674616,0.0
41.35,765.333023,761.478958,241,0.0,0.0,56743.88696568657,0.0
41.36,737.70404,757.912721,242,0.0,0.0,56478.138126411555,0.0
41.37,737.70404,754.881419,242,0.0,0.0,56252.25157204289,0.0
41.38,765.613516,756.491233,242,0.0,0.0,56372.211687410614,0.0
41.39,765.613516,757.859576,242,0.0,0.0,56474.17786744299,0.0
41.4,759.860015,758.159641,243,0.0,0.0,56496.5381103144,0.0
41.410000000000004,759.860015,758.414697,243,0.0,0.0,56515.54437264363,0.0
41.42,759.860015,758.631495,243,0.0,0.0,56531.69972543063,0.0
41.43,759.860015,758.815773,243,0.0,0.0,56545.43175294422,0.0
41.44,759.860015,758.972409,243,0.0,0.0,56557.10395397535,0.0
41.45,759.860015,759.10555,243,0.0,0.0,56567.02535465902,0.0
41.46,753.871445,758.320434,243,0.0,0.0,56508.52008266048,0.0
41.47,753.871445,757.653086,243,0.0,0.0,56458.790646172536,0.0
41.480000000000004,749.972064,756.500933,243,0.0,0.0,56372.9345119848,0.0
41.49,749.972064,755.521602,243,0.0,0.0,56299.95672713314,0.0
41.5,752.563252,755.07785,244,0.0,0.0,56266.889216778116,0.0
41.51,752.563252,754.70066,244,0.0,0.0,56238.78177336194,0.0
41.52,752.563252,754.380049,244,0.0,0.0,56214.89048371721,0.0
41.53,752.563252,754.107529,244,0.0,0.0,56194.582839082475,0.0
41.54,752.563252,753.875888,244,0.0,0.0,56177.321415660954,0.0
41.550000000000004,752.563252,753.678992,244,0.0,0.0,56162.64912005695,0.0
41.56,767.997656,755.826792,244,0.0,0.0,56322.69887474092,0.0
41.57,767.997656,757.652421,244,0.0,0.0,56458.741091704294,0.0
41.58,764.960402,758.748619,244,0.0,0.0,56540.427571350934,0.0
41.59,764.960402,759.680386,245,0.0,0.0,56609.86098217718,0.0
41.6,747.855918,757.906716,245,0.0,0.0,56477.69064583752,0.0
41.61,747.855918,756.399096,245,0.0,0.0,56365.34582268982,0.0
41.62,747.855918,755.11762,245,0.0,0.0,56269.85279753228,0.0
41.63,747.855918,754.028364,245,0.0,0.0,56188.68362182316,0.0
41.64,747.855918,753.102498,245,0.0,0.0,56119.6899416992,0.0
41.65,747.855918,752.315511,245,0.0,0.0,56061.04524652765,0.0
41.660000000000004,743.133782,750.938251,245,0.0,0.0,55958.41458951301,0.0
41.67,743.133782,749.767581,246,0.0,0.0,55871.17860556856,0.0
41.68,743.133782,748.772511,246,0.0,0.0,55797.02798195679,0.0
41.69,750.029276,748.961026,246,0.0,0.0,55811.07574222508,0.0
41.7,761.077085,750.778435,246,0.0,0.0,55946.50542125033,0.0
41.71,761.077085,752.323232,246,0.0,0.0,56061.6205999851,0.0
41.72,761.077085,753.63631,246,0.0,0.0,56159.46854289455,0.0
41.730000000000004,761.077085,754.752426,246,0.0,0.0,56242.63927201218,0.0
41.74,761.077085,755.701125,246,0.0,0.0,56313.33442156937,0.0
41.75,761.077085,756.507519,247,0.0,0.0,56373.42528751527,0.0
41.76,744.126529,754.650371,247,0.0,0.0,56235.034337793775,0.0
41.77,744.126529,753.071794,247,0.0,0.0,56117.40194110892,0.0
41.78,765.612099,754.95284,247,0.0,0.0,56257.573721930814,0.0
41.79,765.612099,756.551729,247,0.0,0.0,56376.719728177624,0.0
41.800000000000004,753.34742,756.071083,248,0.0,0.0,56340.90295082878,0.0
41.81,753.34742,755.662533,248,0.0,0.0,56310.45862301607,0.0
41.82,753.34742,755.315266,248,0.0,0.0,56284.58098163427,0.0
41.83,753.34742,755.02009,248,0.0,0.0,56262.58505725183,0.0
41.84,753.34742,754.769189,248,0.0,0.0,56243.888417201575,0.0
41.85,753.34742,754.555924,248,0.0,0.0,56227.99633649914,0.0
41.86,823.37748,764.879157,248,0.0,0.0,56997.262985719455,0.0
41.87,823.37748,773.653906,248,0.0,0.0,57651.13970834884,0.0
41.88,823.37748,781.112442,248,0.0,0.0,58206.93487414711,0.0
41.89,948.090894,806.15921,248,0.0,0.0,60073.369865313056,0.0
41.9,1006.033988,836.140426,249,0.0,0.0,62307.510039410714,0.0
41.910000000000004,1006.033988,861.624461,249,0.0,0.0,64206.52929171893,0.0
41.92,1006.033988,883.28589,249,0.0,0.0,65820.69560029243,0.0
41.93,1006.033988,901.698104,249,0.0,0.0,67192.73691414318,0.0
41.94,1006.033988,917.348487,249,0.0,0.0,68358.97211288614,0.0
41.95,1006.033988,930.651312,249,0.0,0.0,69350.27199083274,0.0
41.96,1002.065794,941.363484,250,0.0,0.0,70148.52159541997,0.0
41.97,1002.065794,950.468831,250,0.0,0.0,70827.03381893352,0.0
41.980000000000004,1002.065794,958.208375,250,0.0,0.0,71403.76913812791,0.0
41.99,1020.843848,967.603696,250,0.0,0.0,72103.88964340174,0.0
42.0,1011.536639,974.193638,251,0.0,0.0,72594.95892381963,0.0
42.01,1011.536639,979.795088,251,0.0,0.0,73012.36776001225,0.0
42.02,1011.536639,984.556321,251,0.0,0.0,73367.16530803496,0.0
42.03,1011.536639,988.603368,251,0.0,0.0,73668.74314561038,0.0
42.04,1011.536639,992.043359,251,0.0,0.0,73925.08438579341,0.0
42.050000000000004,1011.536639,994.967351,251,0.0,0.0,74142.97441386765,0.0
42.06,1011.536639,997.452744,251,0.0,0.0,74328.18092282714,0.0
42.07,1011.536639,999.565329,251,0.0,0.0,74485.60652623484,0.0
42.08,1011.536639,1001.361025,252,0.0,0.0,74619.41819598388,0.0
42.09,1036.727768,1006.666037,252,0.0,0.0,75014.7370660814,0.0
42.1,1010.702471,1007.271502,253,0.0,0.0,75059.85510534006,0.0
42.11,1010.702471,1007.786147,253,0.0,0.0,75098.20542008041,0.0
42.12,1010.702471,1008.223596,253,0.0,0.0,75130.80324349822,0.0
42.13,1010.702471,1008.595427,253,0.0,0.0,75158.51134496664,0.0
42.14,1010.702471,1008.911484,253,0.0,0.0,75182.06327965151,0.0
42.15,1010.702471,1009.180132,253,0.0,0.0,75202.08239060054,0.0
42.160000000000004,1010.702471,1009.408482,253,0.0,0.0,75219.09857529284,0.0
42.17,1012.796745,1009.916722,253,0.0,0.0,75256.97160226022,0.0
42.18,1012.796745,1010.348725,253,0.0,0.0,75289.16360066448,0.0
42.19,1012.796745,1010.715928,253,0.0,0.0,75316.52683284126,0.0
42.2,1017.357611,1011.712181,254,0.0,0.0,75390.76561124387,0.0
42.21,1017.357611,1012.558995,254,0.0,0.0,75453.86849464223,0.0
42.22,1017.357611,1013.278788,254,0.0,0.0,75507.50602750061,0.0
42.230000000000004,1017.357611,1013.890611,255,0.0,0.0,75553.09785218634,0.0
42.24,1017.357611,1014.410661,255,0.0,0.0,75591.85093670229,0.0
42.25,1017.357611,1014.852704,255,0.0,0.0,75624.79109579988,0.0
42.26,1017.357611,1015.22844,255,0.0,0.0,75652.7901900479,0.0
42.27,993.50126,1011.969363,255,0.0,0.0,75409.93029883543,0.0
42.28,993.50126,1009.199147,255,0.0,0.0,75203.49935031994,0.0
42.29,993.50126,1006.844464,255,0.0,0.0,75028.03308879255,0.0
42.300000000000004,1025.832333,1009.692644,256,0.0,0.0,75240.27375845256,0.0
42.31,1025.832333,1012.113598,256,0.0,0.0,75420.67840218157,0.0
42.32,1025.832333,1014.171408,256,0.0,0.0,75574.02228228505,0.0
42.33,1025.832333,1015.920547,256,0.0,0.0,75704.36461763197,0.0
42.34,1025.832333,1017.407315,256,0.0,0.0,75815.15559149919,0.0
42.35,1025.832333,1018.671067,256,0.0,0.0,75909.32785967189,0.0
42.36,1025.832333,1019.745257,256,0.0,0.0,75989.37434723311,0.0
42.37,1010.433946,1018.348561,257,0.0,0.0,75885.2953584222,0.0
42.38,1010.433946,1017.161368,257,0.0,0.0,75796.82811360773,0.0
42.39,1010.433946,1016.152255,257,0.0,0.0,75721.63103375933,0.0
42.4,1016.343998,1016.181016,258,0.0,0.0,75723.77424588078,0.0
42.410000000000004,1016.343998,1016.205463,258,0.0,0.0,75725.59598736171,0.0
42.42,1016.343998,1016.226244,258,0.0,0.0,75727.14454586442,0.0
42.43,1016.343998,1016.243907,258,0.0,0.0,75728.4607572514,0.0
42.44,1016.343998,1016.25892,258,0.0,0.0,75729.57949594547,0.0
42.45,1016.343998,1016.271682,258,0.0,0.0,75730.53049462748,0.0
42.46,1016.343998,1016.282529,258,0.0,0.0,75731.33879134462,0.0
42.47,983.962796,1011.434569,258,0.0,0.0,75370.0785209667,0.0
42.480000000000004,983.962796,1007.313803,258,0.0,0.0,75063.00729114548,0.0
42.49,983.962796,1003.811152,259,0.0,0.0,74801.99675324924,0.0
42.5,1018.841933,1006.065769,260,0.0,0.0,74970.00629685493,0.0
42.51,1018.841933,1007.982194,260,0.0,0.0,75112.81444990468,0.0
42.52,1018.841933,1009.611155,260,0.0,0.0,75234.20136136744,0.0
42.53,1018.841933,1010.995772,260,0.0,0.0,75337.3802472885,0.0
42.54,1018.841933,1012.172696,260,0.0,0.0,75425.0822667883,0.0
42.550000000000004,1018.841933,1013.173081,260,0.0,0.0,75499.62895355593,0.0
42.56,1018.841933,1014.023409,260,0.0,0.0,75562.99369319691,0.0
42.57,1004.311876,1012.566679,260,0.0,0.0,75454.44109093377,0.0
42.58,1004.311876,1011.328459,260,0.0,0.0,75362.17141626909,0.0
42.59,999.951002,1009.62184,260,0.0,0.0,75234.99758616899,0.0
42.6,1018.981671,1011.025815,261,0.0,0.0,75339.61899148254,0.0
42.61,1018.981671,1012.219193,261,0.0,0.0,75428.54713011056,0.0
42.62,1018.981671,1013.233565,261,0.0,0.0,75504.13610010696,0.0
42.63,1018.981671,1014.095781,261,0.0,0.0,75568.3867097003,0.0
42.64,1018.981671,1014.828664,261,0.0,0.0,75622.99968314385,0.0
42.65,1018.981671,1015.451615,261,0.0,0.0,75669.42074410396,0.0
42.660000000000004,1018.981671,1015.981124,261,0.0,0.0,75708.87869435678,0.0
42.67,1021.131168,1016.75363,262,0.0,0.0,75766.44429440887,0.0
42.68,1021.131168,1017.410261,262,0.0,0.0,75815.37512151933,0.0
42.69,1021.131168,1017.968397,262,0.0,0.0,75856.96629848194,0.0
42.7,1014.782909,1017.490574,263,0.0,0.0,75821.3598854396,0.0
42.71,1014.782909,1017.084424,263,0.0,0.0,75791.09440082051,0.0
42.72,1014.782909,1016.739197,263,0.0,0.0,75765.36877615326,0.0
42.730000000000004,1014.782909,1016.445754,263,0.0,0.0,75743.50199146022,0.0
42.74,1014.782909,1016.196327,263,0.0,0.0,75724.91519093802,0.0
42.75,1014.782909,1015.984314,263,0.0,0.0,75709.11640676827,0.0
42.76,1014.782909,1015.804103,263,0.0,0.0,75695.68744394988,0.0
42.77,1062.908061,1022.869697,263,0.0,0.0,76222.2013588379,0.0
42.78,1062.908061,1028.875452,263,0.0,0.0,76669.73819394452,0.0
42.79,1062.908061,1033.980343,264,0.0,0.0,77050.14444789664,0.0
42.800000000000004,1014.487888,1031.056475,265,0.0,0.0,76832.26366005407,0.0
42.81,1014.487888,1028.571187,265,0.0,0.0,76647.06497548427,0.0
42.82,1014.487888,1026.458692,265,0.0,0.0,76489.64607869634,0.0
42.83,1014.487888,1024.663071,265,0.0,0.0,76355.83999779711,0.0
42.84,1014.487888,1023.136794,265,0.0,0.0,76242.10489237306,0.0
42.85,1014.487888,1021.839458,265,0.0,0.0,76145.43001177772,0.0
42.86,1014.487888,1020.736723,265,0.0,0.0,76063.25640798248,0.0
42.87,1014.487888,1019.799398,265,0.0,0.0,75993.40882612702,0.0
42.88,992.643422,1015.726001,265,0.0,0.0,75689.86743932172,0.0
42.89,992.643422,1012.263614,265,0.0,0.0,75431.85729407033,0.0
42.9,1027.15573,1014.497432,266,0.0,0.0,75598.31693784938,0.0
42.910000000000004,1027.15573,1016.396177,266,0.0,0.0,75739.80761270615,0.0
42.92,1027.15573,1018.01011,266,0.0,0.0,75860.07466770492,0.0
42.93,1027.15573,1019.381953,266,0.0,0.0,75962.30166072797,0.0
42.94,1027.15573,1020.548019,266,0.0,0.0,76049.19456381268,0.0
42.95,1027.15573,1021.539176,266,0.0,0.0,76123.05359850088,0.0
42.96,1027.15573,1022.381659,267,0.0,0.0,76185.83374445271,0.0
42.97,1017.151722,1021.597169,267,0.0,0.0,76127.37512072054,0.0
42.980000000000004,1017.151722,1020.930352,267,0.0,0.0,76077.68525328915,0.0
42.99,1017.151722,1020.363557,267,0.0,0.0,76035.4488249876,0.0
43.0,1011.8405,1019.085099,269,0.0,0.0,75940.18069514602,0.0
43.01,1011.8405,1017.998409,269,0.0,0.0,75859.20273261807,0.0
43.02,1011.8405,1017.074722,269,0.0,0.0,75790.37142721031,0.0
43.03,1011.8405,1016.289589,269,0.0,0.0,75731.86488840583,0.0
43.04,1011.8405,1015.622226,269,0.0,0.0,75682.13433414792,0.0
43.050000000000004,1011.8405,1015.054967,269,0.0,0.0,75639.8633294956,0.0
43.06,1011.8405,1014.572797,269,0.0,0.0,75603.93298671879,0.0
43.07,1011.8405,1014.162952,269,0.0,0.0,75573.39215809955,0.0
43.08,1011.8405,1013.814584,269,0.0,0.0,75547.43247240267,0.0
43.09,1011.8405,1013.518472,269,0.0,0.0,75525.36679917474,0.0
43.1,1030.02348,1015.994223,270,0.0,0.0,75709.8548056039,0.0
43.11,1030.02348,1018.098612,270,0.0,0.0,75866.6696595054,0.0
43.12,1030.02348,1019.887342,270,0.0,0.0,75999.96223688498,0.0
43.13,1030.02348,1021.407763,270,0.0,0.0,76113.26096491661,0.0
43.14,1030.02348,1022.70012,270,0.0,0.0,76209.56482040319,0.0
43.15,1030.02348,1023.798624,270,0.0,0.0,76291.4231385517,0.0
43.160000000000004,1030.02348,1024.732353,270,0.0,0.0,76361.00275368874,0.0
43.17,1003.733985,1021.582598,270,0.0,0.0,76126.2893189813,0.0
43.18,1003.733985,1018.905306,270,0.0,0.0,75926.7828808505,0.0
43.19,1015.613219,1018.411493,270,0.0,0.0,75889.9849250307,0.0
43.2,1009.911945,1017.136561,271,0.0,0.0,75794.97954564774,0.0
43.21,1009.911945,1016.052868,271,0.0,0.0,75714.22491355782,0.0
43.22,1009.911945,1015.13173,271,0.0,0.0,75645.58355452529,0.0
43.230000000000004,1009.911945,1014.348762,271,0.0,0.0,75587.23834718502,0.0
43.24,1009.911945,1013.68324,271,0.0,0.0,75537.6449805602,0.0
43.25,1009.911945,1013.117546,271,0.0,0.0,75495.49059657373,0.0
43.26,1032.340436,1016.000979,272,0.0,0.0,75710.35824919392,0.0
43.27,1032.340436,1018.451898,272,0.0,0.0,75892.9958247132,0.0
43.28,1015.623578,1018.02765,272,0.0,0.0,75861.38171337824,0.0
43.29,1015.623578,1017.667039,272,0.0,0.0,75834.50970383997,0.0
43.300000000000004,1013.870914,1017.09762,273,0.0,0.0,75792.07774031338,0.0
43.31,1013.870914,1016.613614,273,0.0,0.0,75756.01058249349,0.0
43.32,1013.870914,1016.202209,273,0.0,0.0,75725.3535057984,0.0
43.33,1013.870914,1015.852515,273,0.0,0.0,75699.29500923704,0.0
43.34,1013.870914,1015.555275,273,0.0,0.0,75677.1452797081,0.0
43.35,1013.870914,1015.302621,273,0.0,0.0,75658.3180096085,0.0
43.36,1019.49385,1015.931305,273,0.0,0.0,75705.16628224734,0.0
43.37,1019.49385,1016.465687,273,0.0,0.0,75744.98735870118,0.0
43.38,1019.49385,1016.919911,274,0.0,0.0,75778.83522152432,0.0
43.39,1010.434854,1015.947153,274,0.0,0.0,75706.34724346918,0.0
43.4,1013.738515,1015.615857,275,0.0,0.0,75681.65972902285,0.0
43.410000000000004,1013.738515,1015.334256,275,0.0,0.0,75660.6753864543,0.0
43.42,1013.738515,1015.094895,275,0.0,0.0,75642.83868409331,0.0
43.43,1013.738515,1014.891438,275,0.0,0.0,75627.6774759088,0.0
43.44,1013.738515,1014.7185,275,0.0,0.0,75614.79048248503,0.0
43.45,1013.738515,1014.571502,275,0.0,0.0,75603.83648591227,0.0
43.46,1025.407834,1016.196952,275,0.0,0.0,75724.96176468636,0.0
43.47,1025.407834,1017.578584,275,0.0,0.0,75827.91821438535,0.0
43.480000000000004,1015.620734,1017.284907,275,0.0,0.0,75806.03399248094,0.0
43.49,1015.620734,1017.035281,276,0.0,0.0,75787.4323628773,0.0
43.5,999.252505,1014.367864,276,0.0,0.0,75588.6617899702,0.0
43.51,999.252505,1012.10056,276,0.0,0.0,75419.70683653228,0.0
43.52,999.252505,1010.173352,276,0.0,0.0,75276.09515591725,0.0
43.53,999.252505,1008.535225,276,0.0,0.0,75154.02521249084,0.0
43.54,999.252505,1007.142817,276,0.0,0.0,75050.26575685253,0.0
43.550000000000004,999.252505,1005.95927,277,0.0,0.0,74962.07020465637,0.0
43.56,1026.66813,1009.065599,277,0.0,0.0,75193.54762081135,0.0
43.57,1026.66813,1011.705979,277,0.0,0.0,75390.30345062439,0.0
43.58,1026.66813,1013.950302,277,0.0,0.0,75557.54590596548,0.0
43.59,1010.440479,1013.423828,277,0.0,0.0,75518.3141178346,0.0
43.6,1021.553006,1014.643205,278,0.0,0.0,75609.17964987543,0.0
43.61,1021.553006,1015.679675,278,0.0,0.0,75686.41531857701,0.0
43.62,1021.553006,1016.560675,278,0.0,0.0,75752.06567423238,0.0
43.63,1021.553006,1017.309524,278,0.0,0.0,75807.86840202143,0.0
43.64,1021.553006,1017.946047,278,0.0,0.0,75855.30082124143,0.0
43.65,1021.553006,1018.487091,278,0.0,0.0,75895.61833659351,0.0
43.660000000000004,1011.181864,1017.391307,278,0.0,0.0,75813.96270739778,0.0
43.67,1011.181864,1016.45989,279,0.0,0.0,75744.55537787061,0.0
43.68,1011.181864,1015.668186,279,0.0,0.0,75685.5591813056,0.0
43.69,1020.861781,1016.447225,279,0.0,0.0,75743.6116074343,0.0
43.7,1017.169146,1016.555514,280,0.0,0.0,75751.68108684811,0.0
43.71,1017.169146,1016.647559,280,0.0,0.0,75758.54009591314,0.0
43.72,1017.169146,1016.725797,280,0.0,0.0,75764.37023498894,0.0
43.730000000000004,1017.169146,1016.792299,280,0.0,0.0,75769.32583084794,0.0
43.74,1017.169146,1016.848826,280,0.0,0.0,75773.5381096835,0.0
43.75,1017.169146,1016.896874,280,0.0,0.0,75777.11855041963,0.0
43.76,1019.080731,1017.224453,280,0.0,0.0,75801.52908146985,0.0
43.77,1019.080731,1017.502894,280,0.0,0.0,75822.2779471668,0.0
43.78,1019.080731,1017.73957,280,0.0,0.0,75839.91456870493,0.0
43.79,1020.836566,1018.204119,281,0.0,0.0,75874.5318298506,0.0
43.800000000000004,1011.128553,1017.142784,281,0.0,0.0,75795.44327114518,0.0
43.81,1011.128553,1016.24065,281,0.0,0.0,75728.21805213406,0.0
43.82,1011.128553,1015.473835,281,0.0,0.0,75671.07653400484,0.0
43.83,1011.128553,1014.822043,281,0.0,0.0,75622.50629948349,0.0
43.84,1011.128553,1014.268019,281,0.0,0.0,75581.22154052592,0.0
43.85,1011.128553,1013.797099,282,0.0,0.0,75546.1295252192,0.0
43.86,1030.039779,1016.233501,282,0.0,0.0,75727.6853229711,0.0
43.87,1030.039779,1018.304443,282,0.0,0.0,75882.00777341562,0.0
43.88,1030.039779,1020.064743,282,0.0,0.0,76013.18180413084,0.0
43.89,1010.440143,1018.621053,282,0.0,0.0,75905.600916553,0.0
43.9,1024.285766,1019.47076,283,0.0,0.0,75968.91938051765,0.0
43.910000000000004,1024.285766,1020.193011,283,0.0,0.0,76022.74007861347,0.0
43.92,1024.285766,1020.806924,283,0.0,0.0,76068.48764591364,0.0
43.93,1024.285766,1021.328751,283,0.0,0.0,76107.37314891089,0.0
43.94,1024.285766,1021.772303,283,0.0,0.0,76140.42575566642,0.0
43.95,1024.285766,1022.149322,283,0.0,0.0,76168.52045650507,0.0
43.96,1018.57434,1021.613075,283,0.0,0.0,76128.56040398621,0.0
43.97,1018.57434,1021.157265,284,0.0,0.0,76094.59435561927,0.0
43.980000000000004,1015.588997,1020.322025,284,0.0,0.0,76032.35394352213,0.0
43.99,1015.588997,1019.612071,284,0.0,0.0,75979.44959323957,0.0
44.0,1006.707972,1017.676456,285,0.0,0.0,75835.2114398209,0.0
44.01,1006.707972,1016.031183,285,0.0,0.0,75712.60899078553,0.0
44.02,1006.707972,1014.632702,285,0.0,0.0,75608.39698734938,0.0
44.03,1006.707972,1013.443992,285,0.0,0.0,75519.81669873295,0.0
44.04,1006.707972,1012.433589,285,0.0,0.0,75444.52349066798,0.0
44.050000000000004,1006.707972,1011.574747,285,0.0,0.0,75380.52430479764,0.0
44.06,1006.707972,1010.84473,285,0.0,0.0,75326.12489993447,0.0
44.07,1006.707972,1010.224217,285,0.0,0.0,75279.88551385186,0.0
44.08,1006.707972,1009.69678,285,0.0,0.0,75240.58196488956,0.0
44.09,1014.115342,1010.359564,286,0.0,0.0,75289.97130123766,0.0
44.1,1016.320734,1011.25374,286,0.0,0.0,75356.60350602595,0.0
44.11,1016.320734,1012.013789,286,0.0,0.0,75413.2408353852,0.0
44.12,1016.320734,1012.659831,286,0.0,0.0,75461.38259142186,0.0
44.13,1016.320734,1013.208966,286,0.0,0.0,75502.30303189043,0.0
44.14,1016.320734,1013.675731,287,0.0,0.0,75537.0854249182,0.0
44.15,1016.320734,1014.072482,287,0.0,0.0,75566.65051488031,0.0
44.160000000000004,1020.668903,1015.061945,287,0.0,0.0,75640.38331608103,0.0
44.17,1020.668903,1015.902989,287,0.0,0.0,75703.05623063471,0.0
44.18,1015.543858,1015.849119,287,0.0,0.0,75699.04194611807,0.0
44.19,1015.543858,1015.80333,287,0.0,0.0,75695.62984153793,0.0
44.2,1021.258989,1016.621679,288,0.0,0.0,75756.61157014202,0.0
44.21,1021.258989,1017.317275,288,0.0,0.0,75808.4459910188,0.0
44.22,1021.258989,1017.908532,288,0.0,0.0,75852.50527857125,0.0
44.230000000000004,1021.258989,1018.411101,288,0.0,0.0,75889.95571397575,0.0
44.24,1021.258989,1018.838284,288,0.0,0.0,75921.78853563288,0.0
44.25,1021.258989,1019.20139,288,0.0,0.0,75948.84646757453,0.0
44.26,1028.686793,1020.6242,289,0.0,0.0,76054.87141936793,0.0
44.27,1028.686793,1021.833589,289,0.0,0.0,76144.99266565134,0.0
44.28,1015.623832,1020.902126,289,0.0,0.0,76075.58190829627,0.0
44.29,1015.623832,1020.110382,289,0.0,0.0,76016.58273101137,0.0
44.300000000000004,1015.762251,1019.458162,290,0.0,0.0,75967.98060278717,0.0
44.31,1015.762251,1018.903775,290,0.0,0.0,75926.66879379659,0.0
44.32,1015.762251,1018.432547,290,0.0,0.0,75891.55382694669,0.0
44.33,1015.762251,1018.032003,290,0.0,0.0,75861.70609022066,0.0
44.34,1015.762251,1017.69154,290,0.0,0.0,75836.33546929275,0.0
44.35,1015.762251,1017.402147,290,0.0,0.0,75814.77048248895,0.0
44.36,1015.310542,1017.088406,290,0.0,0.0,75791.3911314859,0.0
44.37,1015.310542,1016.821726,290,0.0,0.0,75771.51867195562,0.0
44.38,1015.310542,1016.595049,291,0.0,0.0,75754.62715587289,0.0
44.39,1010.423302,1015.669287,291,0.0,0.0,75685.64122562068,0.0
44.4,1013.307275,1015.314985,292,0.0,0.0,75659.23935012758,0.0
44.410000000000004,1013.307275,1015.013828,292,0.0,0.0,75636.79773360306,0.0
44.42,1013.307275,1014.757845,292,0.0,0.0,75617.72239309031,0.0
44.43,1013.307275,1014.54026,292,0.0,0.0,75601.5083946394,0.0
44.44,1013.307275,1014.355312,292,0.0,0.0,75587.72644006759,0.0
44.45,1013.307275,1014.198107,292,0.0,0.0,75576.01183829598,0.0
44.46,1026.219654,1016.001339,292,0.0,0.0,75710.38507567297,0.0
44.47,1026.219654,1017.534086,292,0.0,0.0,75824.60231253979,0.0
44.480000000000004,1026.219654,1018.836921,292,0.0,0.0,75921.68696760251,0.0
44.49,988.886564,1014.344367,292,0.0,0.0,75586.91084058674,0.0
44.5,1015.973225,1014.588696,293,0.0,0.0,75605.11774835849,0.0
44.51,1015.973225,1014.796375,293,0.0,0.0,75620.59357152779,0.0
44.52,1015.973225,1014.972903,293,0.0,0.0,75633.74808456199,0.0
44.53,1015.973225,1015.122951,293,0.0,0.0,75644.92936102665,0.0
44.54,1015.973225,1015.250492,293,0.0,0.0,75654.43346092523,0.0
44.550000000000004,1015.973225,1015.358902,293,0.0,0.0,75662.51195701672,0.0
44.56,1021.856515,1016.333544,294,0.0,0.0,75735.14032697886,0.0
44.57,1021.856515,1017.16199,294,0.0,0.0,75796.87446380207,0.0
44.58,1021.856515,1017.866169,294,0.0,0.0,75849.34847265002,0.0
44.59,1020.84572,1018.313101,294,0.0,0.0,75882.65295023654,0.0
44.6,1014.669982,1017.766633,295,0.0,0.0,75841.93124926691,0.0
44.61,1014.669982,1017.302136,295,0.0,0.0,75807.31786305709,0.0
44.62,1014.669982,1016.907313,295,0.0,0.0,75777.89644379386,0.0
44.63,1014.669982,1016.571713,295,0.0,0.0,75752.88820388699,0.0
44.64,1014.669982,1016.286453,295,0.0,0.0,75731.6311999662,0.0
44.65,1014.669982,1016.043983,295,0.0,0.0,75713.56282115147,0.0
44.660000000000004,1011.036303,1015.292831,295,0.0,0.0,75657.58847841455,0.0
44.67,1011.036303,1014.654351,295,0.0,0.0,75610.01022747376,0.0
44.68,1011.036303,1014.111644,296,0.0,0.0,75569.56878869208,0.0
44.69,1020.8936,1015.128937,296,0.0,0.0,75645.37542575873,0.0
44.7,1023.721274,1016.417788,297,0.0,0.0,75741.41802114664,0.0
44.71,1023.721274,1017.513311,297,0.0,0.0,75823.05420114509,0.0
44.72,1023.721274,1018.444505,297,0.0,0.0,75892.44491315888,0.0
44.730000000000004,1023.721274,1019.236021,297,0.0,0.0,75951.42710034036,0.0
44.74,1023.721274,1019.908809,297,0.0,0.0,76001.56191473384,0.0
44.75,1023.721274,1020.480678,297,0.0,0.0,76044.1764473539,0.0
44.76,1007.373637,1018.514622,297,0.0,0.0,75897.66989157826,0.0
44.77,1007.373637,1016.843474,297,0.0,0.0,75773.13928936176,0.0
44.78,1015.61916,1016.659827,297,0.0,0.0,75759.4542827045,0.0
44.79,1015.61916,1016.503727,298,0.0,0.0,75747.82202331994,0.0
44.800000000000004,1017.735775,1016.688534,298,0.0,0.0,75761.5934708541,0.0
44.81,1017.735775,1016.845621,298,0.0,0.0,75773.29927950204,0.0
44.82,1017.735775,1016.979144,298,0.0,0.0,75783.2491460607,0.0
44.83,1017.735775,1017.092639,298,0.0,0.0,75791.70656616864,0.0
44.84,1017.735775,1017.189109,298,0.0,0.0,75798.8953173719,0.0
44.85,1017.735775,1017.271109,299,0.0,0.0,75805.00579315367,0.0
44.86,1023.488185,1018.20367,299,0.0,0.0,75874.4983712698,0.0
44.87,1023.488185,1018.996348,299,0.0,0.0,75933.5671483642,0.0
44.88,1015.622258,1018.490234,299,0.0,0.0,75895.85254665917,0.0
44.89,1015.622258,1018.060038,299,0.0,0.0,75863.79520227606,0.0
44.9,1019.131673,1018.220783,300,0.0,0.0,75875.77359775825,0.0
44.910000000000004,1019.131673,1018.357416,300,0.0,0.0,75885.95521528862,0.0
44.92,1019.131673,1018.473555,300,0.0,0.0,75894.60966098154,0.0
44.93,1019.131673,1018.572273,300,0.0,0.0,75901.96592864282,0.0
44.94,1019.131673,1018.656183,300,0.0,0.0,75908.21873379951,0.0
44.95,1019.131673,1018.727506,300,0.0,0.0,75913.5335809237,0.0
44.96,1007.931891,1017.108164,300,0.0,0.0,75792.86345807732,0.0
44.97,1007.931891,1015.731723,301,0.0,0.0,75690.2938313025,0.0
44.980000000000004,1007.931891,1014.561748,301,0.0,0.0,75603.10963736621,0.0
44.99,1020.859876,1015.506467,301,0.0,0.0,75673.50820529398,0.0
45.0,1015.127271,1015.449588,302,0.0,0.0,75669.26969612336,0.0
45.01,1015.127271,1015.40124,302,0.0,0.0,75665.66689998803,0.0
45.02,1015.127271,1015.360145,302,0.0,0.0,75662.60458288739,0.0
45.03,1015.127271,1015.325214,302,0.0,0.0,75660.00159472234,0.0
45.04,1015.127271,1015.295522,302,0.0,0.0,75657.78900634538,0.0
45.050000000000004,1015.127271,1015.270285,302,0.0,0.0,75655.90839564656,0.0
45.06,1015.127271,1015.248832,302,0.0,0.0,75654.30976104963,0.0
45.07,1015.127271,1015.230598,302,0.0,0.0,75652.95099988618,0.0
45.08,1015.127271,1015.215099,302,0.0,0.0,75651.79604544543,0.0
45.09,1016.949366,1015.475239,303,0.0,0.0,75671.1811572731,0.0
45.1,1022.665951,1016.553846,303,0.0,0.0,75751.55679082856,0.0
45.11,1022.665951,1017.470662,303,0.0,0.0,75819.8760830766,0.0
45.12,1022.665951,1018.249955,303,0.0,0.0,75877.94743677662,0.0
45.13,1022.665951,1018.912354,303,0.0,0.0,75927.30808369575,0.0
45.14,1022.665951,1019.475394,303,0.0,0.0,75969.2646969173,0.0
45.15,1022.665951,1019.953977,304,0.0,0.0,76004.92774363763,0.0
45.160000000000004,1009.264178,1018.350507,304,0.0,0.0,75885.44037044501,0.0
45.17,1009.264178,1016.987558,304,0.0,0.0,75783.8761404903,0.0
45.18,1009.264178,1015.829051,304,0.0,0.0,75697.54651894748,0.0
45.19,1010.409863,1015.016173,304,0.0,0.0,75636.97247830682,0.0
45.2,1017.516771,1015.391263,305,0.0,0.0,75664.92343392859,0.0
45.21,1017.516771,1015.710089,305,0.0,0.0,75688.68170894809,0.0
45.22,1017.516771,1015.981091,305,0.0,0.0,75708.87623526287,0.0
45.230000000000004,1017.516771,1016.211443,305,0.0,0.0,75726.0416049858,0.0
45.24,1017.516771,1016.407242,305,0.0,0.0,75740.63215434672,0.0
45.25,1017.516771,1016.573672,305,0.0,0.0,75753.0341846438,0.0
45.26,1018.486255,1016.860559,305,0.0,0.0,75774.41242934628,0.0
45.27,1018.486255,1017.104414,306,0.0,0.0,75792.58401558729,0.0
45.28,1015.610071,1016.880262,306,0.0,0.0,75775.88065744784,0.0
45.29,1015.610071,1016.689733,306,0.0,0.0,75761.68281793292,0.0
45.300000000000004,1015.803183,1016.556751,307,0.0,0.0,75751.77326561083,0.0
45.31,1015.803183,1016.443716,307,0.0,0.0,75743.35012378164,0.0
45.32,1015.803183,1016.347636,307,0.0,0.0,75736.19043459735,0.0
45.33,1015.803183,1016.265968,307,0.0,0.0,75730.10469879067,0.0
45.34,1015.803183,1016.19655,307,0.0,0.0,75724.93180845144,0.0
45.35,1015.803183,1016.137545,307,0.0,0.0,75720.53487401846,0.0
45.36,1015.232437,1016.001779,307,0.0,0.0,75710.41786359179,0.0
45.37,1015.232437,1015.886377,307,0.0,0.0,75701.81833766293,0.0
45.38,1015.622258,1015.84676,308,0.0,0.0,75698.86615816236,0.0
45.39,1015.622258,1015.813084,308,0.0,0.0,75696.35669008397,0.0
45.4,1013.663945,1015.490713,308,0.0,0.0,75672.33424876393,0.0
45.410000000000004,1013.663945,1015.216698,308,0.0,0.0,75651.91519972315,0.0
45.42,1013.663945,1014.983785,308,0.0,0.0,75634.55898940904,0.0
45.43,1013.663945,1014.785809,308,0.0,0.0,75619.8062143679,0.0
45.44,1013.663945,1014.61753,309,0.0,0.0,75607.26640029377,0.0
45.45,1013.663945,1014.474492,309,0.0,0.0,75596.60749499043,0.0
45.46,1032.579921,1017.190306,309,0.0,0.0,75798.98451541472,0.0
45.47,1032.579921,1019.498749,309,0.0,0.0,75971.00506474513,0.0
45.480000000000004,1032.579921,1021.460925,309,0.0,0.0,76117.22249069111,0.0
45.49,1010.136118,1019.762204,309,0.0,0.0,75990.63720373402,0.0
45.5,1015.023856,1019.051451,310,0.0,0.0,75937.67331357158,0.0
45.51,1015.023856,1018.447312,310,0.0,0.0,75892.65408517739,0.0
45.52,1015.023856,1017.933794,310,0.0,0.0,75854.38775222005,0.0
45.53,1015.023856,1017.497303,310,0.0,0.0,75821.86131704369,0.0
45.54,1015.023856,1017.126286,310,0.0,0.0,75794.21387322509,0.0
45.550000000000004,1015.023856,1016.810921,310,0.0,0.0,75770.71350499439,0.0
45.56,1023.319434,1017.787198,311,0.0,0.0,75843.46371188218,0.0
45.57,1023.319434,1018.617033,311,0.0,0.0,75905.3013542037,0.0
45.58,1023.319434,1019.322393,311,0.0,0.0,75957.86336880649,0.0
45.59,989.629219,1014.868417,311,0.0,0.0,75625.96199709206,0.0
45.6,1023.177609,1016.114796,312,0.0,0.0,75718.839664097,0.0
45.61,1023.177609,1017.174218,312,0.0,0.0,75797.78566987353,0.0
45.62,1023.177609,1018.074727,312,0.0,0.0,75864.88979713897,0.0
45.63,1023.177609,1018.840159,312,0.0,0.0,75921.92825687787,0.0
45.64,1023.177609,1019.490776,312,0.0,0.0,75970.41093275238,0.0
45.65,1023.177609,1020.043801,312,0.0,0.0,76011.62124823059,0.0
45.660000000000004,997.120657,1016.60533,312,0.0,0.0,75755.39327540353,0.0
45.67,997.120657,1013.682629,312,0.0,0.0,75537.59945006385,0.0
45.68,997.120657,1011.198333,313,0.0,0.0,75352.47468734742,0.0
45.69,1020.861135,1012.647753,313,0.0,0.0,75460.48256305003,0.0
45.7,1016.145183,1013.172368,314,0.0,0.0,75499.57582222384,0.0
45.71,1016.145183,1013.61829,314,0.0,0.0,75532.80503663307,0.0
45.72,1016.145183,1013.997324,314,0.0,0.0,75561.04989123633,0.0
45.730000000000004,1016.145183,1014.319503,314,0.0,0.0,75585.05802510092,0.0
45.74,1016.145183,1014.593355,314,0.0,0.0,75605.46492770809,0.0
45.75,1016.145183,1014.826129,314,0.0,0.0,75622.8107800206,0.0
45.76,1020.937119,1015.742778,314,0.0,0.0,75691.11762776307,0.0
45.77,1020.937119,1016.521929,314,0.0,0.0,75749.1783999075,0.0
45.78,1020.937119,1017.184207,314,0.0,0.0,75798.53003014895,0.0
45.79,1010.412995,1016.168526,314,0.0,0.0,75722.84351609403,0.0
45.800000000000004,1020.147794,1016.765416,315,0.0,0.0,75767.32256352548,0.0
45.81,1020.147794,1017.272773,315,0.0,0.0,75805.12979110124,0.0
45.82,1020.147794,1017.704026,315,0.0,0.0,75837.26590100751,0.0
45.83,1020.147794,1018.070591,315,0.0,0.0,75864.58159070197,0.0
45.84,1020.147794,1018.382172,315,0.0,0.0,75887.79998283075,0.0
45.85,1020.147794,1018.647015,315,0.0,0.0,75907.5355527999,0.0
45.86,1026.246438,1019.786928,316,0.0,0.0,75992.47958670021,0.0
45.87,1026.246438,1020.755855,316,0.0,0.0,76064.68208630756,0.0
45.88,1026.246438,1021.579442,316,0.0,0.0,76126.0541401817,0.0
45.89,1010.421382,1019.905733,316,0.0,0.0,76001.33269737403,0.0
45.9,1036.231484,1022.354596,317,0.0,0.0,76183.81706389078,0.0
45.910000000000004,1036.231484,1024.436129,317,0.0,0.0,76338.92873444509,0.0
45.92,1036.231484,1026.205432,317,0.0,0.0,76470.77365069036,0.0
45.93,1036.231484,1027.70934,317,0.0,0.0,76582.84186303195,0.0
45.94,1036.231484,1028.987662,317,0.0,0.0,76678.09985842588,0.0
45.95,1036.231484,1030.074235,317,0.0,0.0,76759.06910234815,0.0
45.96,996.26854,1025.003381,317,0.0,0.0,76381.19921747143,0.0
45.97,996.26854,1020.693155,317,0.0,0.0,76060.00980787443,0.0
45.980000000000004,996.26854,1017.029462,318,0.0,0.0,75786.99874265077,0.0
45.99,1020.737894,1017.585727,318,0.0,0.0,75828.45049644037,0.0
46.0,1009.673647,1016.398915,319,0.0,0.0,75740.01164298288,0.0
46.01,1009.673647,1015.390125,319,0.0,0.0,75664.83863244762,0.0
46.02,1009.673647,1014.532653,319,0.0,0.0,75600.94153623363,0.0
46.03,1009.673647,1013.803802,319,0.0,0.0,75546.62901935536,0.0
46.04,1009.673647,1013.184279,319,0.0,0.0,75500.46340609012,0.0
46.050000000000004,1009.673647,1012.657684,319,0.0,0.0,75461.22260128158,0.0
46.06,1009.673647,1012.210079,319,0.0,0.0,75427.8679730828,0.0
46.07,1009.673647,1011.829614,319,0.0,0.0,75399.51648322536,0.0
46.08,1009.673647,1011.506219,319,0.0,0.0,75375.41773547602,0.0
46.09,1031.465473,1014.500107,320,0.0,0.0,75598.51627349225,0.0
46.1,1022.596267,1015.714531,320,0.0,0.0,75689.01271789226,0.0
46.11,1022.596267,1016.746791,320,0.0,0.0,75765.93466582506,0.0
46.12,1022.596267,1017.624213,320,0.0,0.0,75831.31839608595,0.0
46.13,1022.596267,1018.370021,320,0.0,0.0,75886.89451464507,0.0
46.14,1022.596267,1019.003958,320,0.0,0.0,75934.13423032395,0.0
46.15,1022.596267,1019.542804,321,0.0,0.0,75974.2879551179,0.0
46.160000000000004,1009.385199,1018.019163,321,0.0,0.0,75860.74927913483,0.0
46.17,1009.385199,1016.724068,321,0.0,0.0,75764.24139337153,0.0
46.18,1009.385199,1015.623238,321,0.0,0.0,75682.20974636122,0.0
46.19,1020.842521,1016.40613,321,0.0,0.0,75740.54929033367,0.0
46.2,993.86991,1013.025697,322,0.0,0.0,75488.64619303618,0.0
46.21,993.86991,1010.152329,322,0.0,0.0,75274.52856405919,0.0
46.22,993.86991,1007.709967,322,0.0,0.0,75092.52863904316,0.0
46.230000000000004,993.86991,1005.633958,322,0.0,0.0,74937.82860590612,0.0
46.24,993.86991,1003.869351,322,0.0,0.0,74806.33362617636,0.0
46.25,993.86991,1002.369435,322,0.0,0.0,74694.56288968014,0.0
46.26,1047.991922,1009.212808,322,0.0,0.0,75204.51734068157,0.0
46.27,1047.991922,1015.029675,323,0.0,0.0,75637.9786203069,0.0
46.28,1047.991922,1019.974012,323,0.0,0.0,76006.4207117143,0.0
46.29,989.956514,1015.471387,323,0.0,0.0,75670.89411394733,0.0
46.300000000000004,1023.054702,1016.608885,324,0.0,0.0,75755.65818688409,0.0
46.31,1023.054702,1017.575757,324,0.0,0.0,75827.7075520069,0.0
46.32,1023.054702,1018.397599,324,0.0,0.0,75888.94957197568,0.0
46.33,1023.054702,1019.096164,324,0.0,0.0,75941.00523678656,0.0
46.34,1023.054702,1019.689945,324,0.0,0.0,75985.25260776431,0.0
46.35,1023.054702,1020.194659,324,0.0,0.0,76022.86288427308,0.0
46.36,1009.225719,1018.549318,324,0.0,0.0,75900.25536801391,0.0
46.37,1009.225719,1017.150778,324,0.0,0.0,75796.03896801591,0.0
46.38,1009.225719,1015.962019,324,0.0,0.0,75707.45502801762,0.0
46.39,1010.42704,1015.131772,325,0.0,0.0,75645.58668428118,0.0
46.4,1020.142629,1015.883401,325,0.0,0.0,75701.59657210283,0.0
46.410000000000004,1020.142629,1016.522285,325,0.0,0.0,75749.20492831455,0.0
46.42,1020.142629,1017.065337,325,0.0,0.0,75789.67207580528,0.0
46.43,1020.142629,1017.52693,325,0.0,0.0,75824.06906175084,0.0
46.44,1020.142629,1017.919285,325,0.0,0.0,75853.30657059664,0.0
46.45,1020.142629,1018.252787,326,0.0,0.0,75878.15847174509,0.0
46.46,1013.718408,1017.57263,326,0.0,0.0,75827.47453422922,0.0
46.47,1013.718408,1016.994497,326,0.0,0.0,75784.39322087383,0.0
46.480000000000004,1031.002147,1019.095644,326,0.0,0.0,75940.96648742794,0.0
46.49,1031.002147,1020.88162,326,0.0,0.0,76074.05384224285,0.0
46.5,1014.297759,1019.894041,327,0.0,0.0,76000.46143294915,0.0
46.51,1014.297759,1019.054598,327,0.0,0.0,75937.90782170919,0.0
46.52,1014.297759,1018.341072,327,0.0,0.0,75884.73729314013,0.0
46.53,1014.297759,1017.734575,327,0.0,0.0,75839.5423513082,0.0
46.54,1014.297759,1017.219053,327,0.0,0.0,75801.12668428422,0.0
46.550000000000004,1014.297759,1016.780859,327,0.0,0.0,75768.47334495839,0.0
46.56,1031.339479,1018.964652,327,0.0,0.0,75931.20522592057,0.0
46.57,1031.339479,1020.820876,328,0.0,0.0,76069.5273210125,0.0
46.58,1015.594329,1020.036894,328,0.0,0.0,76011.10655242296,0.0
46.59,1015.594329,1019.370509,328,0.0,0.0,75961.44887676644,0.0
46.6,1019.341791,1019.366201,329,0.0,0.0,75961.1278532339,0.0
46.61,1019.341791,1019.36254,329,0.0,0.0,75960.85504284565,0.0
46.62,1019.341791,1019.359427,329,0.0,0.0,75960.62306831994,0.0
46.63,1019.341791,1019.356782,329,0.0,0.0,75960.42596821698,0.0
46.64,1019.341791,1019.354533,329,0.0,0.0,75960.25837724096,0.0
46.65,1019.341791,1019.352622,329,0.0,0.0,75960.11597334803,0.0
46.660000000000004,1007.53166,1017.579478,329,0.0,0.0,75827.984833475,0.0
46.67,1007.53166,1016.072305,329,0.0,0.0,75715.6733198721,0.0
46.68,1007.53166,1014.791208,330,0.0,0.0,75620.20853703552,0.0
46.69,1020.845039,1015.699283,330,0.0,0.0,75687.87646746884,0.0
46.7,1014.169341,1015.469791,330,0.0,0.0,75670.7751832236,0.0
46.71,1014.169341,1015.274724,330,0.0,0.0,75656.23918103674,0.0
46.72,1014.169341,1015.108916,330,0.0,0.0,75643.88350093401,0.0
46.730000000000004,1014.169341,1014.96798,330,0.0,0.0,75633.38123246108,0.0
46.74,1014.169341,1014.848184,331,0.0,0.0,75624.4542744519,0.0
46.75,1014.169341,1014.746357,331,0.0,0.0,75616.86633033691,0.0
46.76,1011.993558,1014.333438,331,0.0,0.0,75586.09643339383,0.0
46.77,1011.993558,1013.982456,331,0.0,0.0,75559.94195765188,0.0
46.78,1011.993558,1013.684121,331,0.0,0.0,75537.71063091588,0.0
46.79,1020.831802,1014.756273,331,0.0,0.0,75617.60525079852,0.0
46.800000000000004,1014.908443,1014.779099,332,0.0,0.0,75619.30619860577,0.0
46.81,1014.908443,1014.7985,332,0.0,0.0,75620.75192227213,0.0
46.82,1014.908443,1014.814992,332,0.0,0.0,75621.98087308423,0.0
46.83,1014.908443,1014.82901,332,0.0,0.0,75623.02546637095,0.0
46.84,1014.908443,1014.840925,332,0.0,0.0,75623.91334830922,0.0
46.85,1014.908443,1014.851052,332,0.0,0.0,75624.66799206828,0.0
46.86,1010.688765,1014.226709,333,0.0,0.0,75578.14320205586,0.0
46.87,1010.688765,1013.696018,333,0.0,0.0,75538.59717153021,0.0
46.88,1015.622816,1013.985037,333,0.0,0.0,75560.13428860305,0.0
46.89,1015.622816,1014.230704,333,0.0,0.0,75578.44090145522,0.0
46.9,1013.776835,1014.162624,334,0.0,0.0,75573.36771619643,0.0
46.910000000000004,1013.776835,1014.104756,334,0.0,0.0,75569.05550872642,0.0
46.92,1013.776835,1014.055568,334,0.0,0.0,75565.39011747333,0.0
46.93,1013.776835,1014.013758,334,0.0,0.0,75562.2745200046,0.0
46.94,1013.776835,1013.978219,334,0.0,0.0,75559.62622489719,0.0
46.95,1013.776835,1013.948012,334,0.0,0.0,75557.37525975157,0.0
46.96,1019.719368,1014.813715,334,0.0,0.0,75621.88571360164,0.0
46.97,1019.719368,1015.549563,334,0.0,0.0,75676.7196329073,0.0
46.980000000000004,1019.719368,1016.175034,335,0.0,0.0,75723.3284792207,0.0
46.99,1020.836532,1016.874259,335,0.0,0.0,75775.43332590983,0.0
47.0,1008.50903,1015.619474,336,0.0,0.0,75681.92926061922,0.0
47.01,1008.50903,1014.552908,336,0.0,0.0,75602.45089826974,0.0
47.02,1008.50903,1013.646326,336,0.0,0.0,75534.89422320647,0.0
47.03,1008.50903,1012.875732,336,0.0,0.0,75477.47110156527,0.0
47.04,1008.50903,1012.220727,336,0.0,0.0,75428.66144071847,0.0
47.050000000000004,1008.50903,1011.663972,336,0.0,0.0,75387.17317311019,0.0
47.06,1008.50903,1011.190731,336,0.0,0.0,75351.90820153164,0.0
47.07,1008.50903,1010.788476,336,0.0,0.0,75321.93296451218,0.0
47.08,1008.50903,1010.446559,336,0.0,0.0,75296.45399441614,0.0
47.09,1034.384148,1014.037197,336,0.0,0.0,75564.02114734423,0.0
47.1,1017.028809,1014.485939,337,0.0,0.0,75597.46050250597,0.0
47.11,1017.028809,1014.86737,337,0.0,0.0,75625.88397674884,0.0
47.12,1017.028809,1015.191586,337,0.0,0.0,75650.043903774,0.0
47.13,1017.028809,1015.467169,337,0.0,0.0,75670.57979703457,0.0
47.14,1017.028809,1015.701415,337,0.0,0.0,75688.03533983916,0.0
47.15,1017.028809,1015.900524,337,0.0,0.0,75702.87254377126,0.0
47.160000000000004,1019.366493,1016.42042,338,0.0,0.0,75741.61415251566,0.0
47.17,1019.366493,1016.862331,338,0.0,0.0,75774.54447523756,0.0
47.18,999.442611,1014.249373,338,0.0,0.0,75579.83207794756,0.0
47.19,999.442611,1012.028358,338,0.0,0.0,75414.32648808844,0.0
47.2,1025.083461,1013.986624,339,0.0,0.0,75560.25254866481,0.0
47.21,1025.083461,1015.651149,339,0.0,0.0,75684.28961818495,0.0
47.22,1025.083461,1017.065996,339,0.0,0.0,75789.72118316556,0.0
47.230000000000004,1025.083461,1018.268616,339,0.0,0.0,75879.33801712494,0.0
47.24,1025.083461,1019.290843,339,0.0,0.0,75955.51232599045,0.0
47.25,1025.083461,1020.159735,339,0.0,0.0,76020.26041773404,0.0
47.26,1008.086002,1018.348675,339,0.0,0.0,75885.3038534739,0.0
47.27,1008.086002,1016.809274,340,0.0,0.0,75770.59077385276,0.0
47.28,1008.086002,1015.500783,340,0.0,0.0,75673.08464499711,0.0
47.29,1010.683116,1014.778133,340,0.0,0.0,75619.23421422034,0.0
47.300000000000004,1015.033163,1014.816388,341,0.0,0.0,75622.08490020852,0.0
47.31,1015.033163,1014.848904,341,0.0,0.0,75624.50792740998,0.0
47.32,1015.033163,1014.876543,341,0.0,0.0,75626.56753033842,0.0
47.33,1015.033163,1014.900036,341,0.0,0.0,75628.31818164991,0.0
47.34,1015.033163,1014.920005,341,0.0,0.0,75629.80623153877,0.0
47.35,1015.033163,1014.936979,341,0.0,0.0,75631.07110002558,0.0
47.36,1035.709359,1018.052836,341,0.0,0.0,75863.25852365923,0.0
47.37,1035.709359,1020.701314,341,0.0,0.0,76060.6178002147,0.0
47.38,1035.709359,1022.952521,341,0.0,0.0,76228.37323744947,0.0
47.39,1020.853512,1022.63767,342,0.0,0.0,76204.91117146939,0.0
47.4,1009.218662,1020.624819,342,0.0,0.0,76054.91754600829,0.0
47.410000000000004,1009.218662,1018.913895,342,0.0,0.0,75927.42291592965,0.0
47.42,1009.218662,1017.45961,342,0.0,0.0,75819.05251017,0.0
47.43,1009.218662,1016.223468,342,0.0,0.0,75726.9376839038,0.0
47.44,1009.218662,1015.172747,342,0.0,0.0,75648.64005922213,0.0
47.45,1009.218662,1014.279634,343,0.0,0.0,75582.087067065,0.0
47.46,995.384967,1011.445434,343,0.0,0.0,75370.8881590078,0.0
47.47,995.384967,1009.036364,343,0.0,0.0,75191.36908715915,0.0
47.480000000000004,995.384967,1006.988654,343,0.0,0.0,75038.77783882883,0.0
47.49,1021.032537,1009.095237,343,0.0,0.0,75195.75618521648,0.0
47.5,1016.469089,1010.201315,344,0.0,0.0,75278.17890267682,0.0
47.51,1016.469089,1011.141481,344,0.0,0.0,75348.23819016272,0.0
47.52,1016.469089,1011.940622,344,0.0,0.0,75407.78857707394,0.0
47.53,1016.469089,1012.619892,344,0.0,0.0,75458.40641712616,0.0
47.54,1016.469089,1013.197272,344,0.0,0.0,75501.43161842955,0.0
47.550000000000004,1016.469089,1013.688044,344,0.0,0.0,75538.00296501943,0.0
47.56,1020.293368,1014.678843,344,0.0,0.0,75611.83532226458,0.0
47.57,1020.293368,1015.521022,345,0.0,0.0,75674.59281474525,0.0
47.58,1020.293368,1016.236874,345,0.0,0.0,75727.93667217613,0.0
47.59,1010.42667,1015.365343,345,0.0,0.0,75662.99192743757,0.0
47.6,1027.638323,1017.20629,346,0.0,0.0,75800.17561108417,0.0
47.61,1027.638323,1018.771095,346,0.0,0.0,75916.78174590967,0.0
47.62,1027.638323,1020.101179,346,0.0,0.0,76015.89694188189,0.0
47.63,1027.638323,1021.231751,346,0.0,0.0,76100.14490316904,0.0
47.64,1027.638323,1022.192737,346,0.0,0.0,76171.7556553595,0.0
47.65,1027.638323,1023.009575,346,0.0,0.0,76232.62478726963,0.0
47.660000000000004,1025.120671,1023.326239,346,0.0,0.0,76256.22195437888,0.0
47.67,1025.120671,1023.595404,346,0.0,0.0,76276.27959113255,0.0
47.68,1025.120671,1023.824194,346,0.0,0.0,76293.32856374366,0.0
47.69,979.301516,1017.145792,347,0.0,0.0,75795.66742128118,0.0
47.7,1025.644462,1018.420593,347,0.0,0.0,75890.6630388065,0.0
47.71,1025.644462,1019.504173,347,0.0,0.0,75971.40925036272,0.0
47.72,1025.644462,1020.425216,347,0.0,0.0,76040.0435301855,0.0
47.730000000000004,1025.644462,1021.208103,347,0.0,0.0,76098.38270156796,0.0
47.74,1025.644462,1021.873557,347,0.0,0.0,76147.97100096896,0.0
47.75,1025.644462,1022.439193,348,0.0,0.0,76190.12106291161,0.0
47.76,1016.742442,1021.58468,348,0.0,0.0,76126.44446545177,0.0
47.77,1016.742442,1020.858344,348,0.0,0.0,76072.3193613368,0.0
47.78,1015.623781,1020.07316,348,0.0,0.0,76013.80902211445,0.0
47.79,1015.623781,1019.405753,348,0.0,0.0,75964.07518906464,0.0
47.800000000000004,1013.57918,1018.531767,349,0.0,0.0,75898.94750264262,0.0
47.81,1013.57918,1017.788879,349,0.0,0.0,75843.5889766357,0.0
47.82,1013.57918,1017.157424,349,0.0,0.0,75796.53421462623,0.0
47.83,1013.57918,1016.620687,349,0.0,0.0,75756.53764828866,0.0
47.84,1013.57918,1016.164461,349,0.0,0.0,75722.54060043483,0.0
47.85,1013.57918,1015.776669,349,0.0,0.0,75693.64311721089,0.0
47.86,1020.146693,1016.432173,350,0.0,0.0,75742.48996253837,0.0
47.870000000000005,1020.146693,1016.989351,350,0.0,0.0,75784.00975125952,0.0
47.88,1020.146693,1017.462952,350,0.0,0.0,75819.30154931711,0.0
47.89,1020.861373,1017.972715,350,0.0,0.0,75857.28806719444,0.0
47.9,1010.65007,1016.874318,351,0.0,0.0,75775.43772247166,0.0
47.910000000000004,1010.65007,1015.940681,351,0.0,0.0,75705.86496299038,0.0
47.92,1010.65007,1015.147089,351,0.0,0.0,75646.72807644642,0.0
47.93,1010.65007,1014.472536,351,0.0,0.0,75596.46173778763,0.0
47.94,1010.65007,1013.899166,351,0.0,0.0,75553.73535365358,0.0
47.95,1010.65007,1013.411802,351,0.0,0.0,75517.41796439861,0.0
47.96,1030.936628,1016.040526,351,0.0,0.0,75713.30521243467,0.0
47.97,1030.936628,1018.274941,351,0.0,0.0,75879.80934345812,0.0
47.980000000000004,1030.936628,1020.174194,352,0.0,0.0,76021.33787345757,0.0
47.99,1020.84378,1020.274632,352,0.0,0.0,76028.82231207426,0.0
48.0,1011.340736,1018.934548,353,0.0,0.0,75928.96193612868,0.0
48.01,1011.340736,1017.795476,353,0.0,0.0,75844.08057186415,0.0
48.02,1011.340736,1016.827265,353,0.0,0.0,75771.93142714289,0.0
48.03,1011.340736,1016.004286,353,0.0,0.0,75710.60468021111,0.0
48.04,1011.340736,1015.304753,353,0.0,0.0,75658.47688197882,0.0
48.050000000000004,1011.340736,1014.710151,353,0.0,0.0,75614.16833172526,0.0
48.06,1011.340736,1014.204738,353,0.0,0.0,75576.50596713633,0.0
48.07,1011.340736,1013.775138,353,0.0,0.0,75544.49303547965,0.0
48.08,1011.340736,1013.409978,353,0.0,0.0,75517.28204357148,0.0
48.09,1026.798548,1015.418263,353,0.0,0.0,75666.93541985673,0.0
48.1,1016.227678,1015.539676,354,0.0,0.0,75675.9828734676,0.0
48.11,1016.227678,1015.642876,354,0.0,0.0,75683.67313079296,0.0
48.120000000000005,1016.227678,1015.730596,354,0.0,0.0,75690.20984951951,0.0
48.13,1016.227678,1015.805159,354,0.0,0.0,75695.76613495508,0.0
48.14,1016.227678,1015.868537,354,0.0,0.0,75700.48893659038,0.0
48.15,1016.227678,1015.922408,354,0.0,0.0,75704.50329562504,0.0
48.160000000000004,1016.227678,1015.968198,355,0.0,0.0,75707.91547472317,0.0
48.17,1002.787108,1013.991035,355,0.0,0.0,75560.58124755106,0.0
48.18,1002.787108,1012.310446,355,0.0,0.0,75435.3471209217,0.0
48.19,1002.787108,1010.881945,355,0.0,0.0,75328.89808720542,0.0
48.2,1018.585986,1012.037551,356,0.0,0.0,75415.01153203796,0.0
48.21,1018.585986,1013.019816,356,0.0,0.0,75488.2079526938,0.0
48.22,1018.585986,1013.854742,356,0.0,0.0,75550.42496613979,0.0
48.230000000000004,1018.585986,1014.564429,356,0.0,0.0,75603.30942011706,0.0
48.24,1018.585986,1015.167662,356,0.0,0.0,75648.26113520566,0.0
48.25,1018.585986,1015.680411,356,0.0,0.0,75686.47016382306,0.0
48.26,1018.585986,1016.116247,356,0.0,0.0,75718.94778971116,0.0
48.27,1018.585986,1016.486708,356,0.0,0.0,75746.55380152325,0.0
48.28,1002.230222,1014.348235,357,0.0,0.0,75587.19907620044,0.0
48.29,1002.230222,1012.530533,357,0.0,0.0,75451.74756340196,0.0
48.300000000000004,1025.907463,1014.537073,358,0.0,0.0,75601.27090578187,0.0
48.31,1025.907463,1016.242631,358,0.0,0.0,75728.3656722868,0.0
48.32,1025.907463,1017.692356,358,0.0,0.0,75836.39627597858,0.0
48.33,1025.907463,1018.924622,358,0.0,0.0,75928.2222704871,0.0
48.34,1025.907463,1019.972048,358,0.0,0.0,76006.27435836753,0.0
48.35,1025.907463,1020.86236,358,0.0,0.0,76072.61862561411,0.0
48.36,1025.907463,1021.619125,358,0.0,0.0,76129.0112378701,0.0
48.370000000000005,1019.00993,1021.227746,358,0.0,0.0,76099.84645858969,0.0
48.38,1019.00993,1020.895074,358,0.0,0.0,76075.05640737906,0.0
48.39,999.9815,1017.758038,358,0.0,0.0,75841.29076707979,0.0
48.4,1012.414939,1016.956573,359,0.0,0.0,75781.56720034276,0.0
48.410000000000004,1012.414939,1016.275328,360,0.0,0.0,75730.80218724579,0.0
48.42,1012.414939,1015.69627,360,0.0,0.0,75687.65194474286,0.0
48.43,1012.414939,1015.20407,360,0.0,0.0,75650.97418645278,0.0
48.44,1012.414939,1014.7857,360,0.0,0.0,75619.7980919062,0.0
48.45,1012.414939,1014.430086,360,0.0,0.0,75593.29844880062,0.0
48.46,1012.414939,1014.127814,360,0.0,0.0,75570.77374470903,0.0
48.47,1040.291697,1018.052397,360,0.0,0.0,75863.2258102584,0.0
48.480000000000004,1040.291697,1021.388292,360,0.0,0.0,76111.81002499041,0.0
48.49,1015.076098,1020.441462,360,0.0,0.0,76041.25414957026,0.0
48.5,1019.17699,1020.251792,361,0.0,0.0,76027.12032101506,0.0
48.51,1019.17699,1020.090571,361,0.0,0.0,76015.1064549661,0.0
48.52,1019.17699,1019.953534,361,0.0,0.0,76004.89473216482,0.0
48.53,1019.17699,1019.837053,361,0.0,0.0,75996.21480131682,0.0
48.54,1019.17699,1019.738043,361,0.0,0.0,75988.8367744003,0.0
48.550000000000004,1019.17699,1019.653885,361,0.0,0.0,75982.56548878027,0.0
48.56,1019.17699,1019.582351,361,0.0,0.0,75977.23491835866,0.0
48.57,993.047615,1015.602141,362,0.0,0.0,75680.63764017138,0.0
48.58,993.047615,1012.218962,362,0.0,0.0,75428.52991645318,0.0
48.59,993.047615,1009.34326,362,0.0,0.0,75214.23836247041,0.0
48.6,1010.525275,1009.520562,363,0.0,0.0,75227.45055243454,0.0
48.61,1010.525275,1009.671269,363,0.0,0.0,75238.68093625945,0.0
48.620000000000005,1010.525275,1009.79937,363,0.0,0.0,75248.22676623653,0.0
48.63,1010.525275,1009.908256,363,0.0,0.0,75256.34073289477,0.0
48.64,1010.525275,1010.000809,363,0.0,0.0,75263.23759710243,0.0
48.65,1010.525275,1010.079478,363,0.0,0.0,75269.09985343507,0.0
48.660000000000004,1010.525275,1010.146348,363,0.0,0.0,75274.0828719171,0.0
48.67,1057.281468,1017.216616,363,0.0,0.0,75800.9450839247,0.0
48.68,1057.281468,1023.226344,363,0.0,0.0,76248.77797903474,0.0
48.69,1057.281468,1028.334612,364,0.0,0.0,76629.43588026389,0.0
48.7,1007.177293,1025.161014,365,0.0,0.0,76392.94571294593,0.0
48.71,1007.177293,1022.463456,365,0.0,0.0,76191.92909308104,0.0
48.72,1007.177293,1020.170532,365,0.0,0.0,76021.0649885513,0.0
48.730000000000004,1007.177293,1018.221546,365,0.0,0.0,75875.83045499021,0.0
48.74,1007.177293,1016.564908,365,0.0,0.0,75752.38110891511,0.0
48.75,1007.177293,1015.156766,365,0.0,0.0,75647.44918710666,0.0
48.76,1007.177293,1013.959845,365,0.0,0.0,75558.25703121409,0.0
48.77,1031.870869,1016.646499,365,0.0,0.0,75758.46110683595,0.0
48.78,1031.870869,1018.930154,365,0.0,0.0,75928.63450404837,0.0
48.79,1031.870869,1020.871262,365,0.0,0.0,76073.28198482642,0.0
48.800000000000004,1014.540678,1019.921674,366,0.0,0.0,76002.5205887696,0.0
48.81,1014.540678,1019.114525,366,0.0,0.0,75942.37346173571,0.0
48.82,1014.540678,1018.428448,366,0.0,0.0,75891.2483776756,0.0
48.83,1014.540678,1017.845282,366,0.0,0.0,75847.7920152396,0.0
48.84,1014.540678,1017.349592,366,0.0,0.0,75810.8541891388,0.0
48.85,1014.540678,1016.928255,366,0.0,0.0,75779.45699969411,0.0
48.86,1014.540678,1016.570118,366,0.0,0.0,75752.76934768124,0.0
48.870000000000005,1019.816303,1017.057046,367,0.0,0.0,75789.05424708937,0.0
48.88,1019.816303,1017.470934,367,0.0,0.0,75819.89635197188,0.0
48.89,999.99755,1014.849927,367,0.0,0.0,75624.58415932125,0.0
48.9,1017.28843,1015.215702,368,0.0,0.0,75651.84097979781,0.0
48.910000000000004,1017.28843,1015.526611,368,0.0,0.0,75675.00929583238,0.0
48.92,1017.28843,1015.790884,368,0.0,0.0,75694.70239054307,0.0
48.93,1017.28843,1016.015516,368,0.0,0.0,75711.44151732125,0.0
48.94,1017.28843,1016.206453,368,0.0,0.0,75725.6697601791,0.0
48.95,1017.28843,1016.36875,368,0.0,0.0,75737.76380759315,0.0
48.96,1017.28843,1016.506702,368,0.0,0.0,75748.04371436202,0.0
48.97,1025.894494,1017.914871,368,0.0,0.0,75852.9776481564,0.0
48.980000000000004,1025.894494,1019.111814,368,0.0,0.0,75942.1714434449,0.0
48.99,1025.894494,1020.129216,369,0.0,0.0,76017.98620297326,0.0
49.0,1017.890653,1019.793432,371,0.0,0.0,75992.96425175491,0.0
49.01,1017.890653,1019.508015,371,0.0,0.0,75971.69554850849,0.0
49.02,1017.890653,1019.26541,371,0.0,0.0,75953.61710976413,0.0
49.03,1017.890653,1019.059197,371,0.0,0.0,75938.25052997893,0.0
49.04,1017.890653,1018.883915,371,0.0,0.0,75925.18886636946,0.0
49.050000000000004,1017.890653,1018.734926,371,0.0,0.0,75914.08650446395,0.0
49.06,1017.890653,1018.608285,371,0.0,0.0,75904.64947076298,0.0
49.07,1017.890653,1018.50064,371,0.0,0.0,75896.62798093945,0.0
49.08,1017.890653,1018.409142,371,0.0,0.0,75889.80973321898,0.0
49.09,1017.890653,1018.331368,371,0.0,0.0,75884.01417049395,0.0
49.1,1016.692809,1018.085585,371,0.0,0.0,75865.69891355408,0.0
49.11,1016.692809,1017.876668,371,0.0,0.0,75850.13083710406,0.0
49.120000000000005,1016.692809,1017.699089,371,0.0,0.0,75836.89800565467,0.0
49.13,1016.692809,1017.548147,371,0.0,0.0,75825.65011010037,0.0
49.14,1016.692809,1017.419847,371,0.0,0.0,75816.08945104183,0.0
49.15,1016.692809,1017.310791,371,0.0,0.0,75807.96281632407,0.0
49.160000000000004,1016.692809,1017.218094,372,0.0,0.0,75801.05522152476,0.0
49.17,1016.692809,1017.139301,372,0.0,0.0,75795.18372496047,0.0
49.18,1009.163521,1015.942934,372,0.0,0.0,75706.03285203842,0.0
49.19,1009.163521,1014.926022,372,0.0,0.0,75630.25460632876,0.0
49.2,1009.266289,1014.077062,373,0.0,0.0,75566.99180730812,0.0
49.21,1009.266289,1013.355446,373,0.0,0.0,75513.2184281406,0.0
49.22,1009.266289,1012.742073,373,0.0,0.0,75467.511100559,0.0
49.230000000000004,1009.266289,1012.220705,373,0.0,0.0,75428.65980132254,0.0
49.24,1009.266289,1011.777543,373,0.0,0.0,75395.63625658595,0.0
49.25,1009.266289,1011.400855,373,0.0,0.0,75367.56622120444,0.0
49.26,1017.177675,1012.267378,373,0.0,0.0,75432.13777981231,0.0
49.27,1017.177675,1013.003922,373,0.0,0.0,75487.02356364412,0.0
49.28,1017.177675,1013.629985,374,0.0,0.0,75533.67652461196,0.0
49.29,1020.830169,1014.710013,374,0.0,0.0,75614.15804824163,0.0
49.300000000000004,1017.82399,1015.177109,374,0.0,0.0,75648.96510672652,0.0
49.31,1017.82399,1015.574141,375,0.0,0.0,75678.55113624591,0.0
49.32,1017.82399,1015.911619,375,0.0,0.0,75703.69932095172,0.0
49.33,1017.82399,1016.198474,375,0.0,0.0,75725.07518107831,0.0
49.34,1017.82399,1016.442302,375,0.0,0.0,75743.2447553334,0.0
49.35,1017.82399,1016.649555,375,0.0,0.0,75758.68883383583,0.0
49.36,1017.849573,1016.829558,375,0.0,0.0,75772.10229691077,0.0
49.370000000000005,1017.849573,1016.98256,375,0.0,0.0,75783.50369953961,0.0
49.38,1017.849573,1017.112612,375,0.0,0.0,75793.19491412949,0.0
49.39,1010.474062,1016.116829,375,0.0,0.0,75718.99115918559,0.0
49.4,1015.675912,1016.050692,376,0.0,0.0,75714.06276239562,0.0
49.410000000000004,1015.675912,1015.994475,376,0.0,0.0,75709.87358413922,0.0
49.42,1015.675912,1015.94669,376,0.0,0.0,75706.31274163639,0.0
49.43,1015.675912,1015.906073,376,0.0,0.0,75703.28604413848,0.0
49.44,1015.675912,1015.871549,376,0.0,0.0,75700.71338479838,0.0
49.45,1015.675912,1015.842204,376,0.0,0.0,75698.52665416649,0.0
49.46,1034.457048,1018.63443,377,0.0,0.0,75906.5977438034,0.0
49.47,1034.457048,1021.007823,377,0.0,0.0,76083.45823706099,0.0
49.480000000000004,1015.609309,1020.198046,377,0.0,0.0,76023.11527673007,0.0
49.49,1015.609309,1019.509735,377,0.0,0.0,75971.82371946391,0.0
49.5,1013.525334,1018.612075,378,0.0,0.0,75904.9318939729,0.0
49.51,1013.525334,1017.849064,378,0.0,0.0,75848.07384230553,0.0
49.52,1013.525334,1017.200504,378,0.0,0.0,75799.74444995157,0.0
49.53,1013.525334,1016.649229,378,0.0,0.0,75758.66454096869,0.0
49.54,1013.525334,1016.180644,378,0.0,0.0,75723.74652518576,0.0
49.550000000000004,1013.525334,1015.782348,378,0.0,0.0,75694.06630491778,0.0
49.56,1032.803075,1018.335457,378,0.0,0.0,75884.31887458508,0.0
49.57,1032.803075,1020.5056,378,0.0,0.0,76046.03358488357,0.0
49.58,1032.803075,1022.350221,379,0.0,0.0,76183.4910476524,0.0
49.59,1010.494643,1020.571884,379,0.0,0.0,76050.97293581918,0.0
49.6,1019.937964,1020.476796,380,0.0,0.0,76043.88716848823,0.0
49.61,1019.937964,1020.395971,380,0.0,0.0,76037.86425135334,0.0
49.620000000000005,1019.937964,1020.32727,380,0.0,0.0,76032.74479041818,0.0
49.63,1019.937964,1020.268874,380,0.0,0.0,76028.39323744559,0.0
49.64,1019.937964,1020.219238,380,0.0,0.0,76024.69446212969,0.0
49.65,1019.937964,1020.177047,380,0.0,0.0,76021.55047330397,0.0
49.660000000000004,1014.056292,1019.258933,380,0.0,0.0,75953.13445669538,0.0
49.67,1014.056292,1018.478537,380,0.0,0.0,75894.98090964429,0.0
49.68,1014.056292,1017.815201,380,0.0,0.0,75845.55043936166,0.0
49.69,1010.462171,1016.712246,381,0.0,0.0,75763.360441607,0.0
49.7,1016.40963,1016.666854,381,0.0,0.0,75759.9779206718,0.0
49.71,1016.40963,1016.62827,381,0.0,0.0,75757.10271826248,0.0
49.72,1016.40963,1016.595474,381,0.0,0.0,75754.65882602175,0.0
49.730000000000004,1016.40963,1016.567598,381,0.0,0.0,75752.58156232795,0.0
49.74,1016.40963,1016.543902,381,0.0,0.0,75750.81578386301,0.0
49.75,1016.40963,1016.523762,382,0.0,0.0,75749.31499139663,0.0
49.76,1020.36164,1017.099443,382,0.0,0.0,75792.21358662253,0.0
49.77,1020.36164,1017.588773,382,0.0,0.0,75828.67747826024,0.0
49.78,1020.36164,1018.004703,382,0.0,0.0,75859.67174889334,0.0
49.79,1010.484032,1016.876602,382,0.0,0.0,75775.6079215776,0.0
49.800000000000004,1020.680005,1017.447113,383,0.0,0.0,75818.12125875724,0.0
49.81,1020.680005,1017.932046,383,0.0,0.0,75854.25749476066,0.0
49.82,1020.680005,1018.34424,383,0.0,0.0,75884.97336615571,0.0
49.83,1020.680005,1018.694605,383,0.0,0.0,75911.08186429327,0.0
49.84,1020.680005,1018.992415,383,0.0,0.0,75933.27406908068,0.0
49.85,1020.680005,1019.245553,383,0.0,0.0,75952.13740589099,0.0
49.86,1012.781391,1018.275929,383,0.0,0.0,75879.8829672395,0.0
49.870000000000005,1012.781391,1017.451748,384,0.0,0.0,75818.46664967491,0.0
49.88,1015.622766,1017.177401,384,0.0,0.0,75798.02286065905,0.0
49.89,1015.622766,1016.944206,384,0.0,0.0,75780.64563626968,0.0
49.9,1019.142089,1017.273888,385,0.0,0.0,75805.21287866827,0.0
49.910000000000004,1019.142089,1017.554118,385,0.0,0.0,75826.09505706248,0.0
49.92,1019.142089,1017.792314,385,0.0,0.0,75843.84494595656,0.0
49.93,1019.142089,1017.99478,385,0.0,0.0,75858.93230680574,0.0
49.94,1019.142089,1018.166877,385,0.0,0.0,75871.7566305937,0.0
49.95,1019.142089,1018.313158,385,0.0,0.0,75882.65719776243,0.0
49.96,1007.861218,1016.745367,385,0.0,0.0,75765.82855219685,0.0
49.97,1007.861218,1015.412745,385,0.0,0.0,75666.5242295474,0.0
49.980000000000004,1007.861218,1014.280016,385,0.0,0.0,75582.11553294,0.0
49.99,1020.89098,1015.27166,386,0.0,0.0,75656.01085789289,0.0
50.0,1012.469966,1014.851406,387,0.0,0.0,75624.69437143933,0.0
50.01,1012.469966,1014.49419,387,0.0,0.0,75598.075350502,0.0
50.02,1012.469966,1014.190557,387,0.0,0.0,75575.44922741607,0.0
50.03,1012.469966,1013.932468,387,0.0,0.0,75556.21695200093,0.0
50.04,1012.469966,1013.713093,387,0.0,0.0,75539.86956633478,0.0
50.050000000000004,1012.469966,1013.526624,387,0.0,0.0,75525.97426988903,0.0
50.06,1012.469966,1013.368125,387,0.0,0.0,75514.16324182886,0.0
50.07,1012.469966,1013.233401,387,0.0,0.0,75504.12387915539,0.0
50.08,1012.469966,1013.118886,387,0.0,0.0,75495.59045069016,0.0
50.09,1024.19327,1014.780044,387,0.0,0.0,75619.37661811325,0.0
50.1,1011.836996,1014.338587,388,0.0,0.0,75586.4801265621,0.0
50.11,1011.836996,1013.963348,388,0.0,0.0,75558.51806775875,0.0
50.120000000000005,1011.836996,1013.644395,388,0.0,0.0,75534.75032895361,0.0
50.13,1011.836996,1013.373285,388,0.0,0.0,75514.54775469512,0.0
50.14,1011.836996,1013.142842,388,0.0,0.0,75497.37560383441,0.0
50.15,1011.836996,1012.946965,388,0.0,0.0,75482.77924206971,0.0
50.160000000000004,1028.673104,1015.305886,388,0.0,0.0,75658.5613108698,0.0
50.17,1028.673104,1017.310968,389,0.0,0.0,75807.97600600959,0.0
50.18,1028.673104,1019.015289,389,0.0,0.0,75934.9785937518,0.0
50.19,1010.506164,1017.73892,389,0.0,0.0,75839.86613200667,0.0
50.2,1017.611327,1017.719781,390,0.0,0.0,75838.43993205558,0.0
50.21,1017.611327,1017.703513,390,0.0,0.0,75837.22767327489,0.0
50.22,1017.611327,1017.689685,390,0.0,0.0,75836.1972384077,0.0
50.230000000000004,1017.611327,1017.677931,390,0.0,0.0,75835.32135386697,0.0
50.24,1017.611327,1017.667941,390,0.0,0.0,75834.57691907356,0.0
50.25,1017.611327,1017.659449,390,0.0,0.0,75833.94411224016,0.0
50.26,1017.907491,1017.696655,390,0.0,0.0,75836.71662884913,0.0
50.27,1017.907491,1017.72828,390,0.0,0.0,75839.07326051498,0.0
50.28,1017.907491,1017.755162,390,0.0,0.0,75841.07645331945,0.0
50.29,989.900134,1013.576908,391,0.0,0.0,75529.72133286721,0.0
50.300000000000004,1019.730644,1014.499968,391,0.0,0.0,75598.50591549063,0.0
50.31,1019.730644,1015.28457,391,0.0,0.0,75656.97288523853,0.0
50.32,1019.730644,1015.951481,391,0.0,0.0,75706.66975736165,0.0
50.33,1019.730644,1016.518355,391,0.0,0.0,75748.91207258501,0.0
50.34,1019.730644,1017.000199,391,0.0,0.0,75784.81812249465,0.0
50.35,1019.730644,1017.409766,392,0.0,0.0,75815.33823511066,0.0
50.36,1014.614304,1016.990446,392,0.0,0.0,75784.09134846661,0.0
50.370000000000005,1014.614304,1016.634025,392,0.0,0.0,75757.53156933717,0.0
50.38,1014.614304,1016.331067,392,0.0,0.0,75734.95574589942,0.0
50.39,1010.513676,1015.458458,392,0.0,0.0,75669.93067075974,0.0
50.4,1022.229773,1016.474155,393,0.0,0.0,75745.61837710264,0.0
50.410000000000004,1022.229773,1017.337498,393,0.0,0.0,75809.95296847897,0.0
50.42,1022.229773,1018.071339,393,0.0,0.0,75864.63733016398,0.0
50.43,1022.229773,1018.695104,393,0.0,0.0,75911.11904877394,0.0
50.44,1022.229773,1019.225305,393,0.0,0.0,75950.62856548089,0.0
50.45,1022.229773,1019.675975,393,0.0,0.0,75984.2115913415,0.0
50.46,1022.478779,1020.096396,394,0.0,0.0,76015.54052230061,0.0
50.47,1022.478779,1020.453753,394,0.0,0.0,76042.17005027556,0.0
50.480000000000004,1022.478779,1020.757507,394,0.0,0.0,76064.80519003916,0.0
50.49,1020.4355,1020.709206,394,0.0,0.0,76061.2058962497,0.0
50.5,1018.258407,1020.341586,395,0.0,0.0,76033.81159006806,0.0
50.51,1018.258407,1020.029109,395,0.0,0.0,76010.52642981369,0.0
50.52,1018.258407,1019.763504,395,0.0,0.0,75990.73407713053,0.0
50.53,1018.258407,1019.537739,395,0.0,0.0,75973.91052146137,0.0
50.54,1018.258407,1019.345839,395,0.0,0.0,75959.61051777209,0.0
50.550000000000004,1018.258407,1019.182725,395,0.0,0.0,75947.45558915421,0.0
50.56,1017.517215,1018.932898,395,0.0,0.0,75928.83898143307,0.0
50.57,1017.517215,1018.720546,395,0.0,0.0,75913.0149356622,0.0
50.58,1017.517215,1018.540046,396,0.0,0.0,75899.56443714259,0.0
50.59,1010.499292,1017.333933,396,0.0,0.0,75809.68731181846,0.0
50.6,1016.381825,1017.191117,397,0.0,0.0,75799.04494951054,0.0
50.61,1016.381825,1017.069723,397,0.0,0.0,75789.99891174163,0.0
50.620000000000005,1016.381825,1016.966538,397,0.0,0.0,75782.30977218623,0.0
50.63,1016.381825,1016.878831,397,0.0,0.0,75775.77402219365,0.0
50.64,1016.381825,1016.80428,397,0.0,0.0,75770.21863097406,0.0
50.65,1016.381825,1016.740912,397,0.0,0.0,75765.49657451871,0.0
50.660000000000004,1020.483828,1017.302349,397,0.0,0.0,75807.33373539054,0.0
50.67,1020.483828,1017.779571,397,0.0,0.0,75842.89536311646,0.0
50.68,1020.483828,1018.18521,397,0.0,0.0,75873.12276903892,0.0
50.69,1010.39949,1017.017352,397,0.0,0.0,75786.09632970301,0.0
50.7,1012.473249,1016.335736,398,0.0,0.0,75735.30367042901,0.0
50.71,1012.473249,1015.756363,398,0.0,0.0,75692.12995475692,0.0
50.72,1012.473249,1015.263896,398,0.0,0.0,75655.43230016156,0.0
50.730000000000004,1012.473249,1014.845299,398,0.0,0.0,75624.23929002958,0.0
50.74,1012.473249,1014.489491,398,0.0,0.0,75597.72519043251,0.0
50.75,1012.473249,1014.187055,398,0.0,0.0,75575.1882653894,0.0
50.76,1027.525699,1016.187852,399,0.0,0.0,75724.28365091058,0.0
50.77,1027.525699,1017.888529,399,0.0,0.0,75851.01469507048,0.0
50.78,1027.525699,1019.334104,399,0.0,0.0,75958.73604907333,0.0
50.79,1010.488041,1018.007195,399,0.0,0.0,75859.8574477427,0.0
50.800000000000004,1018.219541,1018.039047,400,0.0,0.0,75862.23099499391,0.0
50.81,1018.219541,1018.066121,400,0.0,0.0,75864.24849525387,0.0
50.82,1018.219541,1018.089134,400,0.0,0.0,75865.96337792662,0.0
50.83,1018.219541,1018.108695,400,0.0,0.0,75867.42102447258,0.0
50.84,1018.219541,1018.125322,400,0.0,0.0,75868.66003521431,0.0
50.85,1018.219541,1018.139455,400,0.0,0.0,75869.7131980707,0.0
50.86,1017.211561,1018.000271,400,0.0,0.0,75859.34148512912,0.0
50.870000000000005,1017.211561,1017.881964,400,0.0,0.0,75850.52548441799,0.0
50.88,1015.624949,1017.543412,401,0.0,0.0,75825.29726738298,0.0
50.89,1015.624949,1017.255643,401,0.0,0.0,75803.85329780683,0.0
50.9,1015.714776,1017.024513,402,0.0,0.0,75786.62995308194,0.0
50.910000000000004,1015.714776,1016.828052,402,0.0,0.0,75771.9900728068,0.0
50.92,1015.714776,1016.661061,402,0.0,0.0,75759.54623791321,0.0
50.93,1015.714776,1016.519118,402,0.0,0.0,75748.96892981698,0.0
50.94,1015.714776,1016.398467,402,0.0,0.0,75739.97825892008,0.0
50.95,1015.714776,1016.295913,402,0.0,0.0,75732.336140221,0.0
50.96,1015.314859,1016.148755,402,0.0,0.0,75721.37022076863,0.0
50.97,1015.314859,1016.023671,402,0.0,0.0,75712.04921158953,0.0
50.980000000000004,1015.314859,1015.917349,402,0.0,0.0,75704.12630907648,0.0
50.99,1010.500201,1015.104777,403,0.0,0.0,75643.57507094301,0.0
51.0,1020.526209,1015.917992,404,0.0,0.0,75704.17422414877,0.0
51.01,1020.526209,1016.609224,404,0.0,0.0,75755.68344848517,0.0
51.02,1020.526209,1017.196772,404,0.0,0.0,75799.4663487855,0.0
51.03,1020.526209,1017.696187,404,0.0,0.0,75836.68175442639,0.0
51.04,1020.526209,1018.120691,404,0.0,0.0,75868.31494236863,0.0
51.050000000000004,1020.526209,1018.481518,404,0.0,0.0,75895.20304779436,0.0
51.06,1020.526209,1018.788222,404,0.0,0.0,75918.05801565011,0.0
51.07,1020.526209,1019.04892,404,0.0,0.0,75937.4847085203,0.0
51.08,1020.526209,1019.270513,404,0.0,0.0,75953.99737510458,0.0
51.09,1013.974747,1018.476148,404,0.0,0.0,75894.80288614864,0.0
51.1,1011.334259,1017.404865,405,0.0,0.0,75814.97302240568,0.0
51.11,1011.334259,1016.494274,405,0.0,0.0,75747.1176046911,0.0
51.120000000000005,1011.334259,1015.720272,405,0.0,0.0,75689.44052571499,0.0
51.13,1011.334259,1015.06237,405,0.0,0.0,75640.41498622988,0.0
51.14,1011.334259,1014.503153,405,0.0,0.0,75598.74325531215,0.0
51.15,1011.334259,1014.027819,405,0.0,0.0,75563.32231756517,0.0
51.160000000000004,1017.01702,1014.476199,405,0.0,0.0,75596.73469721188,0.0
51.17,1017.01702,1014.857322,406,0.0,0.0,75625.1352199116,0.0
51.18,1017.01702,1015.181277,406,0.0,0.0,75649.27569773943,0.0
51.19,1020.924059,1016.042694,406,0.0,0.0,75713.46676745289,0.0
51.2,1017.744389,1016.297948,407,0.0,0.0,75732.48778434559,0.0
51.21,1017.744389,1016.514914,407,0.0,0.0,75748.65565615616,0.0
51.22,1017.744389,1016.699336,407,0.0,0.0,75762.39841426135,0.0
51.230000000000004,1017.744389,1016.856094,407,0.0,0.0,75774.07970648816,0.0
51.24,1017.744389,1016.989338,407,0.0,0.0,75784.00878252556,0.0
51.25,1017.744389,1017.102595,407,0.0,0.0,75792.44846735013,0.0
51.26,980.354973,1011.590452,407,0.0,0.0,75381.69460994584,0.0
51.27,980.354973,1006.90513,407,0.0,0.0,75032.55379761911,0.0
51.28,980.354973,1002.922607,407,0.0,0.0,74735.78415930396,0.0
51.29,1010.422224,1004.047549,408,0.0,0.0,74819.6125842661,0.0
51.300000000000004,1020.256979,1006.478964,408,0.0,0.0,75000.79676076528,0.0
51.31,1020.256979,1008.545666,408,0.0,0.0,75154.80325490107,0.0
51.32,1020.256979,1010.302363,408,0.0,0.0,75285.70879727189,0.0
51.33,1020.256979,1011.795555,408,0.0,0.0,75396.97847475401,0.0
51.34,1020.256979,1013.064769,408,0.0,0.0,75491.55776022817,0.0
51.35,1020.256979,1014.1436,409,0.0,0.0,75571.95008581504,0.0
51.36,1013.404971,1014.032806,409,0.0,0.0,75563.6939388179,0.0
51.370000000000005,1013.404971,1013.938631,409,0.0,0.0,75556.67620641853,0.0
51.38,1013.404971,1013.858582,409,0.0,0.0,75550.71111524956,0.0
51.39,1020.92212,1014.918112,409,0.0,0.0,75629.6651689698,0.0
51.4,1009.139877,1014.051377,410,0.0,0.0,75565.07781254649,0.0
51.410000000000004,1009.139877,1013.314652,410,0.0,0.0,75510.17854095717,0.0
51.42,1009.139877,1012.688436,410,0.0,0.0,75463.51417873574,0.0
51.43,1009.139877,1012.156152,410,0.0,0.0,75423.84944104034,0.0
51.44,1009.139877,1011.70371,410,0.0,0.0,75390.13436928844,0.0
51.45,1009.139877,1011.319135,410,0.0,0.0,75361.4766104619,0.0
51.46,1033.758165,1014.68499,410,0.0,0.0,75612.2933843942,0.0
51.47,1033.758165,1017.545966,411,0.0,0.0,75825.48758634817,0.0
51.480000000000004,1015.41623,1017.226506,411,0.0,0.0,75801.68206691837,0.0
51.49,1015.41623,1016.954964,411,0.0,0.0,75781.44730088505,0.0
51.5,1014.74153,1016.622949,412,0.0,0.0,75756.70620799864,0.0
51.51,1014.74153,1016.340736,412,0.0,0.0,75735.67626041571,0.0
51.52,1014.74153,1016.100855,412,0.0,0.0,75717.80080869612,0.0
51.53,1014.74153,1015.896957,412,0.0,0.0,75702.60673807476,0.0
51.54,1014.74153,1015.723643,412,0.0,0.0,75689.69172588403,0.0
51.550000000000004,1014.74153,1015.576326,412,0.0,0.0,75678.71395807008,0.0
51.56,1030.240504,1017.775952,412,0.0,0.0,75842.62568248411,0.0
51.57,1030.240504,1019.645635,412,0.0,0.0,75981.95071530223,0.0
51.58,1015.587322,1019.036888,413,0.0,0.0,75936.58810797632,0.0
51.59,1015.587322,1018.519453,413,0.0,0.0,75898.0298880234,0.0
51.6,1013.472101,1017.76235,413,0.0,0.0,75841.6120886843,0.0
51.61,1013.472101,1017.118813,413,0.0,0.0,75793.65700023097,0.0
51.620000000000005,1013.472101,1016.571806,413,0.0,0.0,75752.89513406076,0.0
51.63,1013.472101,1016.10685,413,0.0,0.0,75718.24754409018,0.0
51.64,1013.472101,1015.711638,414,0.0,0.0,75688.79713732595,0.0
51.65,1013.472101,1015.375707,414,0.0,0.0,75663.76423196199,0.0
51.660000000000004,1020.40284,1016.129777,414,0.0,0.0,75719.95601821515,0.0
51.67,1020.40284,1016.770737,414,0.0,0.0,75767.71907378933,0.0
51.68,1020.40284,1017.315552,414,0.0,0.0,75808.3175965094,0.0
51.69,1010.462137,1016.28754,414,0.0,0.0,75731.7122010293,0.0
51.7,1023.289182,1017.337786,415,0.0,0.0,75809.97442966222,0.0
51.71,1023.289182,1018.230496,415,0.0,0.0,75876.4973910664,0.0
51.72,1023.289182,1018.989299,415,0.0,0.0,75933.04187100097,0.0
51.730000000000004,1023.289182,1019.634281,415,0.0,0.0,75981.10463796045,0.0
51.74,1023.289182,1020.182516,415,0.0,0.0,76021.95801223141,0.0
51.75,1023.289182,1020.648516,415,0.0,0.0,76056.68339899123,0.0
51.76,1008.043641,1018.757785,416,0.0,0.0,75915.78991136512,0.0
51.77,1008.043641,1017.150663,416,0.0,0.0,75796.03039844622,0.0
51.78,1008.043641,1015.78461,416,0.0,0.0,75694.23486462775,0.0
51.79,1010.49023,1014.990453,416,0.0,0.0,75635.05587541527,0.0
51.800000000000004,1020.699486,1015.846808,417,0.0,0.0,75698.86973502622,0.0
51.81,1020.699486,1016.574709,417,0.0,0.0,75753.11145980701,0.0
51.82,1020.699486,1017.193426,417,0.0,0.0,75799.2170115664,0.0
51.83,1020.699486,1017.719335,417,0.0,0.0,75838.40669702878,0.0
51.84,1020.699486,1018.166357,417,0.0,0.0,75871.7178812351,0.0
51.85,1020.699486,1018.546327,417,0.0,0.0,75900.03248468388,0.0
51.86,1012.752702,1017.677283,417,0.0,0.0,75835.2730662047,0.0
51.870000000000005,1012.752702,1016.938596,417,0.0,0.0,75780.2275903046,0.0
51.88,1030.898927,1019.032646,418,0.0,0.0,75936.2720026316,0.0
51.89,1030.898927,1020.812588,418,0.0,0.0,76068.90971585058,0.0
51.9,1182.847131,1045.117769,419,0.0,0.0,77880.08312892412,0.0
51.910000000000004,1182.847131,1065.777174,419,0.0,0.0,79419.58061573235,0.0
51.92,1182.847131,1083.337667,419,0.0,0.0,80728.15338637182,0.0
51.93,1182.847131,1098.264087,419,0.0,0.0,81840.4403122075,0.0
51.94,1182.847131,1110.951543,419,0.0,0.0,82785.88412464982,0.0
51.95,1182.847131,1121.735882,419,0.0,0.0,83589.51146955097,0.0
51.96,1273.058647,1144.434296,419,0.0,0.0,85280.95182359467,0.0
51.97,1273.058647,1163.727949,419,0.0,0.0,86718.67620650165,0.0
51.980000000000004,1273.058647,1180.127553,420,0.0,0.0,87940.74185372864,0.0
51.99,1229.802434,1187.578786,420,0.0,0.0,88495.99281459236,0.0
52.0,1280.750475,1201.554539,421,0.0,0.0,89537.43793945207,0.0
52.01,1280.750475,1213.433929,421,0.0,0.0,90422.66629185693,0.0
52.02,1280.750475,1223.531411,421,0.0,0.0,91175.11042866005,0.0
52.03,1280.750475,1232.114271,421,0.0,0.0,91814.68796729812,0.0
52.04,1280.750475,1239.409701,421,0.0,0.0,92358.32880062246,0.0
52.050000000000004,1280.750475,1245.610817,421,0.0,0.0,92820.42354620717,0.0
52.06,1280.750475,1250.881766,421,0.0,0.0,93213.20410976135,0.0
52.07,1280.750475,1255.362072,422,0.0,0.0,93547.06754034571,0.0
52.08,1280.750475,1259.170333,422,0.0,0.0,93830.85152340864,0.0
52.09,1259.677114,1259.24635,422,0.0,0.0,93836.51615801231,0.0
52.1,1278.856792,1262.187916,423,0.0,0.0,94055.71576537179,0.0
52.11,1278.856792,1264.688248,423,0.0,0.0,94242.03549869356,0.0
52.120000000000005,1278.856792,1266.813529,423,0.0,0.0,94400.40718259546,0.0
52.13,1278.856792,1268.620019,423,0.0,0.0,94535.02319960776,0.0
52.14,1278.856792,1270.155535,423,0.0,0.0,94649.44677680921,0.0
52.15,1278.856792,1271.460723,423,0.0,0.0,94746.70677271967,0.0
52.160000000000004,1272.991118,1271.690282,423,0.0,0.0,94763.81304967073,0.0
52.17,1272.991118,1271.885408,424,0.0,0.0,94778.35344841944,0.0
52.18,1311.846766,1277.879612,424,0.0,0.0,95225.02952613881,0.0
52.19,1311.846766,1282.974685,424,0.0,0.0,95604.70416239306,0.0
52.2,1258.55863,1279.312276,425,0.0,0.0,95331.78877827802,0.0
52.21,1258.55863,1276.199229,425,0.0,0.0,95099.81075021689,0.0
52.22,1258.55863,1273.553139,425,0.0,0.0,94902.62942263903,0.0
52.230000000000004,1258.55863,1271.303963,425,0.0,0.0,94735.02533145687,0.0
52.24,1258.55863,1269.392163,425,0.0,0.0,94592.56182414482,0.0
52.25,1258.55863,1267.767133,425,0.0,0.0,94471.46784292959,0.0
52.26,1293.730399,1271.661623,426,0.0,0.0,94761.677438385,0.0
52.27,1293.730399,1274.971939,426,0.0,0.0,95008.3555572631,0.0
52.28,1293.730399,1277.785708,426,0.0,0.0,95218.03198811672,0.0
52.29,1260.960309,1275.261898,426,0.0,0.0,95029.96272125344,0.0
52.300000000000004,1284.059562,1276.581548,427,0.0,0.0,95128.30039644141,0.0
52.31,1284.059562,1277.70325,427,0.0,0.0,95211.88738309217,0.0
52.32,1284.059562,1278.656697,427,0.0,0.0,95282.9363441007,0.0
52.33,1284.059562,1279.467126,427,0.0,0.0,95343.32789016588,0.0
52.34,1284.059562,1280.155992,427,0.0,0.0,95394.66080492057,0.0
52.35,1284.059562,1280.741527,427,0.0,0.0,95438.29370049226,0.0
52.36,1301.043645,1283.786845,428,0.0,0.0,95665.22469911163,0.0
52.370000000000005,1301.043645,1286.375365,428,0.0,0.0,95858.11602558268,0.0
52.38,1301.043645,1288.575607,428,0.0,0.0,96022.07365308308,0.0
52.39,1270.902682,1285.924668,428,0.0,0.0,95824.53098773614,0.0
52.4,1279.021718,1284.889226,429,0.0,0.0,95747.3719235358,0.0
52.410000000000004,1279.021718,1284.0091,429,0.0,0.0,95681.78669661011,0.0
52.42,1279.021718,1283.260992,429,0.0,0.0,95626.0391866571,0.0
52.43,1279.021718,1282.625101,429,0.0,0.0,95578.65386281144,0.0
52.44,1279.021718,1282.084594,429,0.0,0.0,95538.3763636239,0.0
52.45,1279.021718,1281.625162,430,0.0,0.0,95504.1404110706,0.0
52.46,1247.300689,1276.476491,430,0.0,0.0,95120.47175919497,0.0
52.47,1247.300689,1272.100121,430,0.0,0.0,94794.35343118201,0.0
52.480000000000004,1265.621836,1271.128378,430,0.0,0.0,94721.94108889416,0.0
52.49,1265.621836,1270.302397,430,0.0,0.0,94660.39063893438,0.0
52.5,1274.860713,1270.986144,431,0.0,0.0,94711.34209606069,0.0
52.51,1274.860713,1271.56733,431,0.0,0.0,94754.65091286195,0.0
52.52,1274.860713,1272.061337,431,0.0,0.0,94791.46332517323,0.0
52.53,1274.860713,1272.481244,431,0.0,0.0,94822.75395388174,0.0
52.54,1274.860713,1272.838164,432,0.0,0.0,94849.35091749183,0.0
52.550000000000004,1274.860713,1273.141546,432,0.0,0.0,94871.95833656042,0.0
52.56,1295.341636,1276.47156,432,0.0,0.0,95120.1043109501,0.0
52.57,1295.341636,1279.302071,432,0.0,0.0,95331.02832211515,0.0
52.58,1295.341636,1281.708006,432,0.0,0.0,95510.31378004212,0.0
52.59,1281.325427,1281.650619,433,0.0,0.0,95506.03741572885,0.0
52.6,1268.044481,1279.609698,434,0.0,0.0,95353.95207008244,0.0
52.61,1268.044481,1277.874916,434,0.0,0.0,95224.6795896233,0.0
52.620000000000005,1268.044481,1276.40035,434,0.0,0.0,95114.79788435962,0.0
52.63,1268.044481,1275.14697,434,0.0,0.0,95021.39851685529,0.0
52.64,1268.044481,1274.081597,434,0.0,0.0,94942.00905447663,0.0
52.65,1268.044481,1273.176029,434,0.0,0.0,94874.52794066267,0.0
52.660000000000004,1292.518124,1276.077343,434,0.0,0.0,95090.72804959325,0.0
52.67,1292.518124,1278.543461,434,0.0,0.0,95274.49822415407,0.0
52.68,1292.518124,1280.63966,434,0.0,0.0,95430.70277565737,0.0
52.69,1281.340463,1280.74478,435,0.0,0.0,95438.53610753761,0.0
52.7,1267.260728,1278.722173,436,0.0,0.0,95287.81548449445,0.0
52.71,1267.260728,1277.002956,436,0.0,0.0,95159.70287666388,0.0
52.72,1267.260728,1275.541622,436,0.0,0.0,95050.807193541,0.0
52.730000000000004,1267.260728,1274.299488,436,0.0,0.0,94958.24585543474,0.0
52.74,1267.260728,1273.243674,436,0.0,0.0,94879.56871059262,0.0
52.75,1267.260728,1272.346232,436,0.0,0.0,94812.69313002503,0.0
52.76,1293.957729,1275.587957,436,0.0,0.0,95054.25998494767,0.0
52.77,1293.957729,1278.343422,436,0.0,0.0,95259.59171848443,0.0
52.78,1293.957729,1280.685568,437,0.0,0.0,95434.1237478792,0.0
52.79,1281.330169,1280.782258,437,0.0,0.0,95441.32889304185,0.0
52.800000000000004,1265.952019,1278.557723,438,0.0,0.0,95275.5609998321,0.0
52.81,1265.952019,1276.666867,438,0.0,0.0,95134.65819745633,0.0
52.82,1265.952019,1275.05964,438,0.0,0.0,95014.89086014772,0.0
52.83,1265.952019,1273.693497,438,0.0,0.0,94913.0886197095,0.0
52.84,1265.952019,1272.532275,438,0.0,0.0,94826.55668180391,0.0
52.85,1265.952019,1271.545237,438,0.0,0.0,94753.00458674676,0.0
52.86,1296.52767,1275.292602,438,0.0,0.0,95032.25072184371,0.0
52.870000000000005,1296.52767,1278.477862,439,0.0,0.0,95269.60991804666,0.0
52.88,1263.558135,1276.239903,439,0.0,0.0,95102.84169524063,0.0
52.89,1263.558135,1274.337638,439,0.0,0.0,94961.08871703318,0.0
52.9,1274.713047,1274.393949,440,0.0,0.0,94965.28489998134,0.0
52.910000000000004,1274.713047,1274.441814,440,0.0,0.0,94968.85170392395,0.0
52.92,1274.713047,1274.482499,440,0.0,0.0,94971.8834686457,0.0
52.93,1274.713047,1274.517081,440,0.0,0.0,94974.46045002966,0.0
52.94,1274.713047,1274.546476,440,0.0,0.0,94976.65090656142,0.0
52.95,1274.713047,1274.571462,440,0.0,0.0,94978.51281324294,0.0
52.96,1299.53323,1278.315727,440,0.0,0.0,95257.52794254814,0.0
52.97,1299.53323,1281.498352,441,0.0,0.0,95494.6907838281,0.0
52.980000000000004,1299.53323,1284.203584,441,0.0,0.0,95696.27925480455,0.0
52.99,1281.35742,1283.776659,441,0.0,0.0,95664.46565879072,0.0
53.0,1271.012845,1281.862087,443,0.0,0.0,95521.79558759005,0.0
53.01,1271.012845,1280.234701,443,0.0,0.0,95400.5260419731,0.0
53.02,1271.012845,1278.851423,443,0.0,0.0,95297.44693565047,0.0
53.03,1271.012845,1277.675636,443,0.0,0.0,95209.82964311364,0.0
53.04,1271.012845,1276.676217,443,0.0,0.0,95135.35494073146,0.0
53.050000000000004,1271.012845,1275.826711,443,0.0,0.0,95072.05145488426,0.0
53.06,1271.012845,1275.104631,443,0.0,0.0,95018.24349936597,0.0
53.07,1271.012845,1274.490863,443,0.0,0.0,94972.50673717543,0.0
53.08,1271.012845,1273.969161,443,0.0,0.0,94933.63054892785,0.0
53.09,1250.853947,1270.501879,443,0.0,0.0,94675.25563807947,0.0
53.1,1272.432966,1270.791542,444,0.0,0.0,94696.84074474259,0.0
53.11,1272.432966,1271.037755,444,0.0,0.0,94715.18804442133,0.0
53.120000000000005,1272.432966,1271.247037,444,0.0,0.0,94730.78331994038,0.0
53.13,1272.432966,1271.424926,444,0.0,0.0,94744.03925196892,0.0
53.14,1272.432966,1271.576132,444,0.0,0.0,94755.30682027452,0.0
53.15,1272.432966,1271.704657,444,0.0,0.0,94764.88424588248,0.0
53.160000000000004,1284.646306,1273.645904,445,0.0,0.0,94909.54208466214,0.0
53.17,1284.646306,1275.295965,445,0.0,0.0,95032.50132586878,0.0
53.18,1284.646306,1276.698516,445,0.0,0.0,95137.01661755411,0.0
53.19,1281.28626,1277.386678,445,0.0,0.0,95188.29707163869,0.0
53.2,1273.3123,1276.775521,446,0.0,0.0,95142.75487593916,0.0
53.21,1273.3123,1276.256038,446,0.0,0.0,95104.0440431277,0.0
53.22,1273.3123,1275.814477,446,0.0,0.0,95071.13980170483,0.0
53.230000000000004,1273.3123,1275.439151,446,0.0,0.0,95043.17125983571,0.0
53.24,1273.3123,1275.120123,446,0.0,0.0,95019.39793218074,0.0
53.25,1273.3123,1274.848949,447,0.0,0.0,94999.19058877043,0.0
53.26,1283.137866,1276.092287,447,0.0,0.0,95091.84164654548,0.0
53.27,1283.137866,1277.149124,447,0.0,0.0,95170.59502329888,0.0
53.28,1283.137866,1278.047435,447,0.0,0.0,95237.53536000615,0.0
53.29,1281.249103,1278.527685,447,0.0,0.0,95273.32262822805,0.0
53.300000000000004,1274.096065,1277.862942,448,0.0,0.0,95223.78731112316,0.0
53.31,1274.096065,1277.297911,448,0.0,0.0,95181.68233256892,0.0
53.32,1274.096065,1276.817634,448,0.0,0.0,95145.89305236109,0.0
53.33,1274.096065,1276.409398,448,0.0,0.0,95115.47212319955,0.0
53.34,1274.096065,1276.062398,449,0.0,0.0,95089.61437812303,0.0
53.35,1274.096065,1275.767448,449,0.0,0.0,95067.635294808,0.0
53.36,1281.616782,1276.644848,449,0.0,0.0,95133.01738567292,0.0
53.370000000000005,1281.616782,1277.390639,449,0.0,0.0,95188.59223742613,0.0
53.38,1281.616782,1278.02456,449,0.0,0.0,95235.83076081704,0.0
53.39,1281.285449,1278.513693,450,0.0,0.0,95272.27997240929,0.0
53.4,1271.200333,1277.416689,451,0.0,0.0,95190.53343125679,0.0
53.410000000000004,1271.200333,1276.484236,451,0.0,0.0,95121.04890108437,0.0
53.42,1271.200333,1275.69165,451,0.0,0.0,95061.98697964572,0.0
53.43,1271.200333,1275.017953,451,0.0,0.0,95011.78442839267,0.0
53.44,1271.200333,1274.44531,451,0.0,0.0,94969.11221884265,0.0
53.45,1271.200333,1273.958563,451,0.0,0.0,94932.84080719204,0.0
53.46,1286.964237,1275.909414,451,0.0,0.0,95078.21431681818,0.0
53.47,1286.964237,1277.567638,451,0.0,0.0,95201.78184843708,0.0
53.480000000000004,1286.964237,1278.977128,452,0.0,0.0,95306.81422050593,0.0
53.49,1281.067192,1279.290637,452,0.0,0.0,95330.17628333358,0.0
53.5,1270.012666,1277.898942,453,0.0,0.0,95226.46995902735,0.0
53.51,1270.012666,1276.716,453,0.0,0.0,95138.31949021955,0.0
53.52,1270.012666,1275.7105,453,0.0,0.0,95063.39164389553,0.0
53.53,1270.012666,1274.855825,453,0.0,0.0,94999.70297452014,0.0
53.54,1270.012666,1274.129351,453,0.0,0.0,94945.56758692155,0.0
53.550000000000004,1270.012666,1273.511849,453,0.0,0.0,94899.5525745289,0.0
53.56,1301.980418,1277.782134,453,0.0,0.0,95217.76566079422,0.0
53.57,1301.980418,1281.411877,453,0.0,0.0,95488.24684000823,0.0
53.58,1301.980418,1284.497158,454,0.0,0.0,95718.15580135524,0.0
53.59,1281.073511,1283.983611,454,0.0,0.0,95679.88730737596,0.0
53.6,1274.038051,1282.491777,455,0.0,0.0,95568.71882533425,0.0
53.61,1274.038051,1281.223718,455,0.0,0.0,95474.22560814697,0.0
53.620000000000005,1274.038051,1280.145868,455,0.0,0.0,95393.90638471552,0.0
53.63,1274.038051,1279.229696,455,0.0,0.0,95325.63508205778,0.0
53.64,1274.038051,1278.450949,455,0.0,0.0,95267.6044151843,0.0
53.65,1274.038051,1277.789014,455,0.0,0.0,95218.2783446159,0.0
53.660000000000004,1231.718631,1270.878457,455,0.0,0.0,94703.31747648127,0.0
53.67,1231.718631,1265.004483,456,0.0,0.0,94265.60069758195,0.0
53.68,1231.718631,1260.011605,456,0.0,0.0,93893.54142806571,0.0
53.69,1281.322651,1263.208262,456,0.0,0.0,94131.74990588431,0.0
53.7,1273.740135,1264.788043,457,0.0,0.0,94249.47202223798,0.0
53.71,1273.740135,1266.130857,457,0.0,0.0,94349.53583231628,0.0
53.72,1273.740135,1267.272248,457,0.0,0.0,94434.59000381664,0.0
53.730000000000004,1273.740135,1268.242431,457,0.0,0.0,94506.88609802864,0.0
53.74,1273.740135,1269.067087,457,0.0,0.0,94568.33781164195,0.0
53.75,1273.740135,1269.768044,457,0.0,0.0,94620.57172350246,0.0
53.76,1282.213477,1271.634859,457,0.0,0.0,94759.68303870424,0.0
53.77,1282.213477,1273.221652,458,0.0,0.0,94877.92767525523,0.0
53.78,1282.213477,1274.570425,458,0.0,0.0,94978.43553807968,0.0
53.79,1281.320259,1275.5829,458,0.0,0.0,95053.88314743515,0.0
53.800000000000004,1274.113343,1275.362467,459,0.0,0.0,95037.45692172779,0.0
53.81,1274.113343,1275.175098,459,0.0,0.0,95023.49455908443,0.0
53.82,1274.113343,1275.015835,459,0.0,0.0,95011.6265992743,0.0
53.83,1274.113343,1274.880461,459,0.0,0.0,95001.53879990257,0.0
53.84,1274.113343,1274.765393,459,0.0,0.0,94992.96416298479,0.0
53.85,1274.113343,1274.667586,459,0.0,0.0,94985.67578121912,0.0
53.86,1281.656256,1275.715886,460,0.0,0.0,95063.79299782922,0.0
53.870000000000005,1281.656256,1276.606942,460,0.0,0.0,95130.19270646581,0.0
53.88,1281.247502,1277.303026,460,0.0,0.0,95182.0634921253,0.0
53.89,1281.247502,1277.894697,460,0.0,0.0,95226.15363012865,0.0
53.9,1279.839605,1278.186433,461,0.0,0.0,95247.89321260025,0.0
53.910000000000004,1279.839605,1278.434409,461,0.0,0.0,95266.37188750828,0.0
53.92,1279.839605,1278.645188,461,0.0,0.0,95282.07871646933,0.0
53.93,1279.839605,1278.824351,461,0.0,0.0,95295.42958442651,0.0
53.94,1279.839605,1278.976639,461,0.0,0.0,95306.77778120525,0.0
53.95,1279.839605,1279.106084,462,0.0,0.0,95316.42376337074,0.0
53.96,1271.233798,1277.925241,462,0.0,0.0,95228.42970783936,0.0
53.97,1271.233798,1276.921525,462,0.0,0.0,95153.6348016226,0.0
53.980000000000004,1271.233798,1276.068366,462,0.0,0.0,95090.05910153114,0.0
53.99,1281.421112,1276.871278,462,0.0,0.0,95149.89049581034,0.0
54.0,1279.25144,1277.228302,464,0.0,0.0,95176.49520929217,0.0
54.01,1279.25144,1277.531773,464,0.0,0.0,95199.10926046252,0.0
54.02,1279.25144,1277.789723,464,0.0,0.0,95218.33117787601,0.0
54.03,1279.25144,1278.008981,464,0.0,0.0,95234.6698449365,0.0
54.04,1279.25144,1278.19535,464,0.0,0.0,95248.55768958249,0.0
54.050000000000004,1279.25144,1278.353763,464,0.0,0.0,95260.36230909493,0.0
54.06,1279.25144,1278.488415,464,0.0,0.0,95270.39630647257,0.0
54.07,1279.25144,1278.602869,464,0.0,0.0,95278.92518933996,0.0
54.08,1279.25144,1278.700154,464,0.0,0.0,95286.17467271107,0.0
54.09,1275.068165,1278.155356,464,0.0,0.0,95245.57741679694,0.0
54.1,1280.697355,1278.536656,466,0.0,0.0,95273.99112918218,0.0
54.11,1280.697355,1278.860761,466,0.0,0.0,95298.14278470962,0.0
54.120000000000005,1280.697355,1279.13625,466,0.0,0.0,95318.67167327844,0.0
54.13,1280.697355,1279.370416,466,0.0,0.0,95336.12125464327,0.0
54.14,1280.697355,1279.569457,466,0.0,0.0,95350.95339135153,0.0
54.15,1280.697355,1279.738641,466,0.0,0.0,95363.56064421327,0.0
54.160000000000004,1280.697355,1279.882448,466,0.0,0.0,95374.27685385657,0.0
54.17,1228.284654,1272.142779,466,0.0,0.0,94797.53221991248,0.0
54.18,1228.284654,1265.56406,466,0.0,0.0,94307.29925497873,0.0
54.19,1341.170326,1276.905,467,0.0,0.0,95152.40339171658,0.0
54.2,1275.763383,1276.733758,468,0.0,0.0,95139.64278081631,0.0
54.21,1275.763383,1276.588201,468,0.0,0.0,95128.7961646777,0.0
54.22,1275.763383,1276.464479,468,0.0,0.0,95119.57664901097,0.0
54.230000000000004,1275.763383,1276.359314,468,0.0,0.0,95111.73996382084,0.0
54.24,1275.763383,1276.269925,468,0.0,0.0,95105.07887455674,0.0
54.25,1275.763383,1276.193943,468,0.0,0.0,95099.41684808294,0.0
54.26,1275.763383,1276.129359,468,0.0,0.0,95094.60417774282,0.0
54.27,1275.763383,1276.074463,468,0.0,0.0,95090.51343776092,0.0
54.28,1273.069735,1275.623754,469,0.0,0.0,95056.92750569842,0.0
54.29,1273.069735,1275.240651,469,0.0,0.0,95028.37943736398,0.0
54.300000000000004,1273.425666,1274.968403,470,0.0,0.0,95008.09206162453,0.0
54.31,1273.425666,1274.736993,470,0.0,0.0,94990.8478518604,0.0
54.32,1273.425666,1274.540294,470,0.0,0.0,94976.19023630187,0.0
54.33,1273.425666,1274.373099,470,0.0,0.0,94963.73119973682,0.0
54.34,1273.425666,1274.230984,470,0.0,0.0,94953.14107454506,0.0
54.35,1273.425666,1274.110187,470,0.0,0.0,94944.13952402053,0.0
54.36,1273.425666,1274.007508,470,0.0,0.0,94936.48809057179,0.0
54.370000000000005,1247.778309,1270.073128,470,0.0,0.0,94643.30597220254,0.0
54.38,1247.778309,1266.728905,471,0.0,0.0,94394.10117158867,0.0
54.39,1247.778309,1263.886316,471,0.0,0.0,94182.27713205178,0.0
54.4,1276.821146,1265.82654,472,0.0,0.0,94326.85873892017,0.0
54.410000000000004,1276.821146,1267.475731,472,0.0,0.0,94449.7531494691,0.0
54.42,1276.821146,1268.877543,472,0.0,0.0,94554.21337235441,0.0
54.43,1276.821146,1270.069084,472,0.0,0.0,94643.00462142129,0.0
54.44,1276.821146,1271.081893,472,0.0,0.0,94718.47711978787,0.0
54.45,1276.821146,1271.942781,472,0.0,0.0,94782.62876948074,0.0
54.46,1276.821146,1272.674536,472,0.0,0.0,94837.1576866233,0.0
54.47,1311.028637,1278.427651,473,0.0,0.0,95265.86829488227,0.0
54.480000000000004,1311.028637,1283.317799,473,0.0,0.0,95630.2723305319,0.0
54.49,1249.697761,1278.274793,473,0.0,0.0,95254.4776228451,0.0
54.5,1290.239804,1280.069545,474,0.0,0.0,95388.21894760463,0.0
54.51,1290.239804,1281.595084,474,0.0,0.0,95501.89905874667,0.0
54.52,1290.239804,1282.891792,474,0.0,0.0,95598.52714203965,0.0
54.53,1290.239804,1283.993993,474,0.0,0.0,95680.66095322433,0.0
54.54,1290.239804,1284.930865,474,0.0,0.0,95750.474778427,0.0
54.550000000000004,1290.239804,1285.727206,474,0.0,0.0,95809.81651494566,0.0
54.56,1290.239804,1286.404096,475,0.0,0.0,95860.25700216422,0.0
54.57,1244.233857,1280.07856,475,0.0,0.0,95388.89072735062,0.0
54.58,1244.233857,1274.701854,475,0.0,0.0,94988.2293639519,0.0
54.59,1244.233857,1270.131655,475,0.0,0.0,94647.66728703279,0.0
54.6,1288.449365,1272.879311,476,0.0,0.0,94852.41710952831,0.0
54.61,1288.449365,1275.214819,476,0.0,0.0,95026.45448845673,0.0
54.620000000000005,1288.449365,1277.200001,476,0.0,0.0,95174.38627544948,0.0
54.63,1288.449365,1278.887406,476,0.0,0.0,95300.12831674871,0.0
54.64,1288.449365,1280.3217,476,0.0,0.0,95407.00903322356,0.0
54.65,1288.449365,1281.540849,476,0.0,0.0,95497.857575161,0.0
54.660000000000004,1288.449365,1282.577127,477,0.0,0.0,95575.07893640708,0.0
54.67,1240.250117,1276.228075,477,0.0,0.0,95101.96029636811,0.0
54.68,1240.250117,1270.831381,477,0.0,0.0,94699.80946723856,0.0
54.69,1249.974376,1267.702831,477,0.0,0.0,94466.67618666471,0.0
54.7,1278.376082,1269.303818,479,0.0,0.0,94585.97853166994,0.0
54.71,1278.376082,1270.664658,479,0.0,0.0,94687.38560316825,0.0
54.72,1278.376082,1271.821372,479,0.0,0.0,94773.58161394186,0.0
54.730000000000004,1278.376082,1272.804578,479,0.0,0.0,94846.84815603321,0.0
54.74,1278.376082,1273.640304,479,0.0,0.0,94909.12478387707,0.0
54.75,1278.376082,1274.350671,479,0.0,0.0,94962.05991009252,0.0
54.76,1278.376082,1274.954482,479,0.0,0.0,95007.0546965836,0.0
54.77,1289.348951,1277.113653,479,0.0,0.0,95167.95179541528,0.0
54.78,1289.348951,1278.948947,479,0.0,0.0,95304.71422882294,0.0
54.79,1289.348951,1280.508948,479,0.0,0.0,95420.96237918922,0.0
54.800000000000004,1274.85194,1279.660397,481,0.0,0.0,95357.73005802951,0.0
54.81,1274.85194,1278.939128,481,0.0,0.0,95303.98253660706,0.0
54.82,1274.85194,1278.32605,481,0.0,0.0,95258.29719183467,0.0
54.83,1274.85194,1277.804933,481,0.0,0.0,95219.46459661554,0.0
54.84,1274.85194,1277.361984,481,0.0,0.0,95186.45692421238,0.0
54.85,1274.85194,1276.985478,481,0.0,0.0,95158.40045110643,0.0
54.86,1274.85194,1276.665447,481,0.0,0.0,95134.55238190011,0.0
54.870000000000005,1275.654707,1276.513836,481,0.0,0.0,95123.25463380561,0.0
54.88,1275.654707,1276.384967,481,0.0,0.0,95113.65157400655,0.0
54.89,1275.654707,1276.275428,482,0.0,0.0,95105.48894709608,0.0
54.9,1284.090151,1277.447636,483,0.0,0.0,95192.83953972044,0.0
54.910000000000004,1284.090151,1278.444013,483,0.0,0.0,95267.08755835475,0.0
54.92,1284.090151,1279.290934,483,0.0,0.0,95330.1984151788,0.0
54.93,1284.090151,1280.010817,483,0.0,0.0,95383.84265465694,0.0
54.94,1284.090151,1280.622717,483,0.0,0.0,95429.44021722845,0.0
54.95,1284.090151,1281.142832,483,0.0,0.0,95468.19814541427,0.0
54.96,1284.090151,1281.58493,483,0.0,0.0,95501.14240300168,0.0
54.97,1315.773047,1286.713147,483,0.0,0.0,95883.28686375971,0.0
54.980000000000004,1315.773047,1291.072132,483,0.0,0.0,96208.10969638896,0.0
54.99,1315.773047,1294.777269,484,0.0,0.0,96484.20908549431,0.0
55.0,1266.324976,1290.509425,486,0.0,0.0,96166.17789766051,0.0
55.01,1266.324976,1286.881758,486,0.0,0.0,95895.85141780898,0.0
55.02,1266.324976,1283.798241,486,0.0,0.0,95666.07390620929,0.0
55.03,1266.324976,1281.177251,486,0.0,0.0,95470.76298036464,0.0
55.04,1266.324976,1278.94941,486,0.0,0.0,95304.7487306557,0.0
55.050000000000004,1266.324976,1277.055745,486,0.0,0.0,95163.63660722537,0.0
55.06,1266.324976,1275.446129,486,0.0,0.0,95043.69124642113,0.0
55.07,1266.324976,1274.077956,486,0.0,0.0,94941.73773444831,0.0
55.08,1266.324976,1272.915009,486,0.0,0.0,94855.0772529973,0.0
55.09,1266.324976,1271.926504,486,0.0,0.0,94781.41584003805,0.0
55.1,1302.561656,1276.521777,487,0.0,0.0,95123.84638122245,0.0
55.11,1302.561656,1280.427759,487,0.0,0.0,95414.91233750331,0.0
55.120000000000005,1302.561656,1283.747844,487,0.0,0.0,95662.3184226974,0.0
55.13,1302.561656,1286.569915,487,0.0,0.0,95872.61350196491,0.0
55.14,1302.561656,1288.968676,487,0.0,0.0,96051.36436777898,0.0
55.15,1302.561656,1291.007623,487,0.0,0.0,96203.30261489864,0.0
55.160000000000004,1302.561656,1292.740728,487,0.0,0.0,96332.45012867625,0.0
55.17,1302.561656,1294.213867,487,0.0,0.0,96442.22549675772,0.0
55.18,1234.779169,1285.298663,488,0.0,0.0,95777.88234881217,0.0
55.19,1234.779169,1277.720739,488,0.0,0.0,95213.19062834763,0.0
55.2,1279.613472,1278.004649,489,0.0,0.0,95234.34703297203,0.0
55.21,1279.613472,1278.245972,489,0.0,0.0,95252.3299396438,0.0
55.22,1279.613472,1278.451097,489,0.0,0.0,95267.61544384786,0.0
55.230000000000004,1279.613472,1278.625453,489,0.0,0.0,95280.60810379186,0.0
55.24,1279.613472,1278.773656,489,0.0,0.0,95291.65189455144,0.0
55.25,1279.613472,1278.899628,489,0.0,0.0,95301.03907571218,0.0
55.26,1284.850383,1279.792242,489,0.0,0.0,95367.55488338864,0.0
55.27,1284.850383,1280.550963,490,0.0,0.0,95424.09325284741,0.0
55.28,1284.850383,1281.195876,490,0.0,0.0,95472.15087806508,0.0
55.29,1270.800208,1279.636525,490,0.0,0.0,95355.95116439705,0.0
55.300000000000004,1279.9812,1279.688227,491,0.0,0.0,95359.80389389546,0.0
55.31,1279.9812,1279.732173,491,0.0,0.0,95363.0786618065,0.0
55.32,1279.9812,1279.769527,491,0.0,0.0,95365.86220707907,0.0
55.33,1279.9812,1279.801278,491,0.0,0.0,95368.2282280126,0.0
55.34,1279.9812,1279.828266,491,0.0,0.0,95370.23931972476,0.0
55.35,1279.9812,1279.851206,491,0.0,0.0,95371.94876258372,0.0
55.36,1283.475456,1280.394844,492,0.0,0.0,95412.45957762089,0.0
55.370000000000005,1283.475456,1280.856936,492,0.0,0.0,95446.8937480471,0.0
55.38,1283.475456,1281.249714,492,0.0,0.0,95476.1627780058,0.0
55.39,1281.386639,1281.270252,492,0.0,0.0,95477.69322863515,0.0
55.4,1267.652446,1279.227581,493,0.0,0.0,95325.4774764934,0.0
55.410000000000004,1267.652446,1277.491311,493,0.0,0.0,95196.09411325419,0.0
55.42,1267.652446,1276.015481,493,0.0,0.0,95086.11821724189,0.0
55.43,1267.652446,1274.761026,493,0.0,0.0,94992.63874289044,0.0
55.44,1267.652446,1273.694739,493,0.0,0.0,94913.1811710622,0.0
55.45,1267.652446,1272.788395,493,0.0,0.0,94845.64223128228,0.0
55.46,1293.566613,1275.905128,494,0.0,0.0,95077.8949326816,0.0
55.47,1293.566613,1278.554351,494,0.0,0.0,95275.30972514508,0.0
55.480000000000004,1293.566613,1280.80619,494,0.0,0.0,95443.11225775415,0.0
55.49,1281.04341,1280.841773,494,0.0,0.0,95445.76383165349,0.0
55.5,1275.514172,1280.042633,495,0.0,0.0,95386.21351926024,0.0
55.51,1275.514172,1279.363364,495,0.0,0.0,95335.59575372601,0.0
55.52,1275.514172,1278.785985,495,0.0,0.0,95292.57062694062,0.0
55.53,1275.514172,1278.295213,495,0.0,0.0,95255.99928035076,0.0
55.54,1275.514172,1277.878057,495,0.0,0.0,95224.91365065293,0.0
55.550000000000004,1275.514172,1277.523474,496,0.0,0.0,95198.4908356026,0.0
55.56,1291.887816,1279.678125,496,0.0,0.0,95359.05111308635,0.0
55.57,1291.887816,1281.509579,496,0.0,0.0,95495.52739738421,0.0
55.58,1291.887816,1283.066315,496,0.0,0.0,95611.53224648921,0.0
55.59,1281.38745,1282.814485,496,0.0,0.0,95592.7663792194,0.0
55.6,1273.927939,1281.481503,497,0.0,0.0,95493.43523009091,0.0
55.61,1273.927939,1280.348468,497,0.0,0.0,95409.00373097631,0.0
55.620000000000005,1273.927939,1279.385389,497,0.0,0.0,95337.23701261739,0.0
55.63,1273.927939,1278.566772,497,0.0,0.0,95276.23531319003,0.0
55.64,1273.927939,1277.870947,497,0.0,0.0,95224.38382769184,0.0
55.65,1273.927939,1277.279496,498,0.0,0.0,95180.31008364791,0.0
55.660000000000004,1231.642296,1270.433916,498,0.0,0.0,94670.19117142634,0.0
55.67,1231.642296,1264.615173,498,0.0,0.0,94236.59009603804,0.0
55.68,1231.642296,1259.669241,498,0.0,0.0,93868.02914842487,0.0
55.69,1281.298049,1262.913562,499,0.0,0.0,94109.78945206861,0.0
55.7,1274.401689,1264.636781,500,0.0,0.0,94238.20028092453,0.0
55.71,1274.401689,1266.101518,500,0.0,0.0,94347.34954879236,0.0
55.72,1274.401689,1267.346543,500,0.0,0.0,94440.12631842894,0.0
55.730000000000004,1274.401689,1268.404815,500,0.0,0.0,94518.98662850849,0.0
55.74,1274.401689,1269.304346,500,0.0,0.0,94586.0178771725,0.0
55.75,1274.401689,1270.068948,500,0.0,0.0,94642.9944869737,0.0
55.76,1293.361774,1273.562872,500,0.0,0.0,94903.35470630712,0.0
55.77,1293.361774,1276.532707,500,0.0,0.0,95124.66086293338,0.0
55.78,1293.361774,1279.057067,500,0.0,0.0,95312.77111469519,0.0
55.79,1271.092085,1277.86232,501,0.0,0.0,95223.74096092883,0.0
55.800000000000004,1281.927677,1278.472124,502,0.0,0.0,95269.18233377792,0.0
55.81,1281.927677,1278.990457,502,0.0,0.0,95307.80747089248,0.0
55.82,1281.927677,1279.43104,502,0.0,0.0,95340.63883371389,0.0
55.83,1281.927677,1279.805535,502,0.0,0.0,95368.54545112725,0.0
55.84,1281.927677,1280.123856,502,0.0,0.0,95392.2660945581,0.0
55.85,1281.927677,1280.394429,502,0.0,0.0,95412.428652652,0.0
55.86,1280.032679,1280.340167,502,0.0,0.0,95408.38515708043,0.0
55.870000000000005,1280.032679,1280.294044,502,0.0,0.0,95404.94816348916,0.0
55.88,1265.613863,1278.092017,503,0.0,0.0,95240.85752136352,0.0
55.89,1265.613863,1276.220293,503,0.0,0.0,95101.38039731282,0.0
55.9,1281.192037,1276.966055,504,0.0,0.0,95156.9530880441,0.0
55.910000000000004,1281.192037,1277.599952,504,0.0,0.0,95204.18982300308,0.0
55.92,1281.192037,1278.138765,504,0.0,0.0,95244.34108870309,0.0
55.93,1281.192037,1278.596756,504,0.0,0.0,95278.46966082223,0.0
55.94,1281.192037,1278.986048,504,0.0,0.0,95307.4789210422,0.0
55.95,1281.192037,1279.316947,504,0.0,0.0,95332.13685184355,0.0
55.96,1281.033051,1279.574362,504,0.0,0.0,95351.31890212848,0.0
55.97,1281.033051,1279.793165,505,0.0,0.0,95367.62366350018,0.0
55.980000000000004,1281.033051,1279.979148,505,0.0,0.0,95381.48274419921,0.0
55.99,1281.541294,1280.21347,505,0.0,0.0,95398.94395037158,0.0
56.0,1283.066362,1280.641404,506,0.0,0.0,95430.83273504472,0.0
56.01,1283.066362,1281.005148,506,0.0,0.0,95457.93820946867,0.0
56.02,1283.066362,1281.31433,506,0.0,0.0,95480.97783292182,0.0
56.03,1283.066362,1281.577135,506,0.0,0.0,95500.56153521242,0.0
56.04,1283.066362,1281.800519,506,0.0,0.0,95517.20766352992,0.0
56.050000000000004,1283.066362,1281.990395,506,0.0,0.0,95531.3568427926,0.0
56.06,1283.066362,1282.151791,506,0.0,0.0,95543.38374949105,0.0
56.07,1283.066362,1282.288976,507,0.0,0.0,95553.60650095595,0.0
56.08,1283.066362,1282.405584,507,0.0,0.0,95562.29589558965,0.0
56.09,1264.868599,1279.775036,507,0.0,0.0,95366.27272672641,0.0
56.1,1274.425077,1278.972543,508,0.0,0.0,95306.47255548813,0.0
56.11,1274.425077,1278.290423,508,0.0,0.0,95255.6423391435,0.0
56.120000000000005,1274.425077,1277.710621,508,0.0,0.0,95212.43665525054,0.0
56.13,1274.425077,1277.217789,508,0.0,0.0,95175.71180158616,0.0
56.14,1274.425077,1276.798882,508,0.0,0.0,95144.495690875,0.0
56.15,1274.425077,1276.442812,508,0.0,0.0,95117.96206756262,0.0
56.160000000000004,1280.439358,1277.042293,509,0.0,0.0,95162.63419112521,0.0
56.17,1280.439358,1277.551853,509,0.0,0.0,95200.60558184906,0.0
56.18,1280.439358,1277.984979,509,0.0,0.0,95232.8812639644,0.0
56.19,1281.775571,1278.553568,509,0.0,0.0,95275.25137755318,0.0
56.2,1275.964915,1278.16527,510,0.0,0.0,95246.31618822255,0.0
56.21,1275.964915,1277.835217,510,0.0,0.0,95221.72129964696,0.0
56.22,1275.964915,1277.554671,510,0.0,0.0,95200.81557356557,0.0
56.230000000000004,1275.964915,1277.316208,510,0.0,0.0,95183.0457883662,0.0
56.24,1275.964915,1277.113514,510,0.0,0.0,95167.94143741364,0.0
56.25,1275.964915,1276.941224,510,0.0,0.0,95155.10273165216,0.0
56.26,1278.281502,1277.142266,511,0.0,0.0,95170.08397887314,0.0
56.27,1278.281502,1277.313151,511,0.0,0.0,95182.81798684834,0.0
56.28,1278.281502,1277.458404,511,0.0,0.0,95193.64194951578,0.0
56.29,1281.2541,1278.027758,511,0.0,0.0,95236.06906937252,0.0
56.300000000000004,1274.766779,1277.538611,512,0.0,0.0,95199.61881452831,0.0
56.31,1274.766779,1277.122836,512,0.0,0.0,95168.63609418484,0.0
56.32,1274.766779,1276.769428,512,0.0,0.0,95142.30083778138,0.0
56.33,1274.766779,1276.46903,512,0.0,0.0,95119.91578041684,0.0
56.34,1274.766779,1276.213693,512,0.0,0.0,95100.88857853037,0.0
56.35,1274.766779,1275.996656,513,0.0,0.0,95084.715415942,0.0
56.36,1280.445993,1276.664056,513,0.0,0.0,95134.44872736582,0.0
56.370000000000005,1280.445993,1277.231347,513,0.0,0.0,95176.72211659406,0.0
56.38,1281.191257,1277.825333,513,0.0,0.0,95220.98476376127,0.0
56.39,1281.191257,1278.330222,513,0.0,0.0,95258.60808091957,0.0
56.4,1271.083904,1277.243274,514,0.0,0.0,95177.61089274831,0.0
56.410000000000004,1271.083904,1276.319369,514,0.0,0.0,95108.76334241714,0.0
56.42,1271.083904,1275.534049,514,0.0,0.0,95050.24286874715,0.0
56.43,1271.083904,1274.866527,514,0.0,0.0,95000.50046612765,0.0
56.44,1271.083904,1274.299134,515,0.0,0.0,94958.21947606369,0.0
56.45,1271.083904,1273.816849,515,0.0,0.0,94922.28056371721,0.0
56.46,1291.418056,1276.45703,515,0.0,0.0,95119.02156444879,0.0
56.47,1291.418056,1278.701184,515,0.0,0.0,95286.2514262483,0.0
56.480000000000004,1280.978881,1279.042839,515,0.0,0.0,95311.71087262905,0.0
56.49,1280.978881,1279.333245,516,0.0,0.0,95333.35134616419,0.0
56.5,1276.808412,1278.95452,517,0.0,0.0,95305.12951762209,0.0
56.51,1276.808412,1278.632604,517,0.0,0.0,95281.14098199081,0.0
56.52,1276.808412,1278.358975,517,0.0,0.0,95260.75069689706,0.0
56.53,1276.808412,1278.12639,517,0.0,0.0,95243.41892848602,0.0
56.54,1276.808412,1277.928694,517,0.0,0.0,95228.68701848415,0.0
56.550000000000004,1276.808412,1277.760651,517,0.0,0.0,95216.16479065739,0.0
56.56,1253.436137,1274.111974,517,0.0,0.0,94944.27268768178,0.0
56.57,1253.436137,1271.010599,517,0.0,0.0,94713.16443368561,0.0
56.58,1265.436893,1270.174543,517,0.0,0.0,94650.86321490265,0.0
56.59,1265.436893,1269.463895,518,0.0,0.0,94597.90714912993,0.0
56.6,1281.622281,1271.287653,519,0.0,0.0,94733.80994292027,0.0
56.61,1281.622281,1272.837847,519,0.0,0.0,94849.32729528667,0.0
56.620000000000005,1281.622281,1274.155512,519,0.0,0.0,94947.51705224991,0.0
56.63,1281.622281,1275.275528,519,0.0,0.0,95030.97840155716,0.0
56.64,1281.622281,1276.227541,519,0.0,0.0,95101.92050375753,0.0
56.65,1281.622281,1277.036752,519,0.0,0.0,95162.22128690194,0.0
56.660000000000004,1268.105917,1275.697127,519,0.0,0.0,95062.39511471716,0.0
56.67,1268.105917,1274.558445,519,0.0,0.0,94977.54281247158,0.0
56.68,1268.105917,1273.590566,520,0.0,0.0,94905.41840772543,0.0
56.69,1291.638896,1276.297815,520,0.0,0.0,95107.1571815025,0.0
56.7,1278.072246,1276.56398,521,0.0,0.0,95126.99126426414,0.0
56.71,1278.072246,1276.79022,521,0.0,0.0,95143.85021598203,0.0
56.72,1278.072246,1276.982524,521,0.0,0.0,95158.18032494227,0.0
56.730000000000004,1278.072246,1277.145982,521,0.0,0.0,95170.36088775125,0.0
56.74,1278.072246,1277.284922,521,0.0,0.0,95180.71441830148,0.0
56.75,1278.072246,1277.40302,521,0.0,0.0,95189.51484475117,0.0
56.76,1274.274377,1276.933724,521,0.0,0.0,95154.54384667214,0.0
56.77,1274.274377,1276.534822,522,0.0,0.0,95124.81846849775,0.0
56.78,1274.274377,1276.195755,522,0.0,0.0,95099.55187469412,0.0
56.79,1271.065769,1275.426257,522,0.0,0.0,95042.21042477802,0.0
56.800000000000004,1283.749454,1276.674737,523,0.0,0.0,95135.24465409538,0.0
56.81,1283.749454,1277.735944,523,0.0,0.0,95214.32367449717,0.0
56.82,1283.749454,1278.637971,523,0.0,0.0,95281.54092008255,0.0
56.83,1283.749454,1279.404693,523,0.0,0.0,95338.67550803802,0.0
56.84,1283.749454,1280.056407,523,0.0,0.0,95387.2399301556,0.0
56.85,1283.749454,1280.610364,523,0.0,0.0,95428.51969640734,0.0
56.86,1276.747561,1280.030944,523,0.0,0.0,95385.34247838939,0.0
56.870000000000005,1276.747561,1279.538436,524,0.0,0.0,95348.64176855609,0.0
56.88,1276.747561,1279.119805,524,0.0,0.0,95317.44622481221,0.0
56.89,1281.079702,1279.41379,524,0.0,0.0,95339.35339825982,0.0
56.9,1276.167708,1278.926877,525,0.0,0.0,95303.06961662168,0.0
56.910000000000004,1276.167708,1278.513002,525,0.0,0.0,95272.22848047313,0.0
56.92,1276.167708,1278.161208,525,0.0,0.0,95246.01349611738,0.0
56.93,1276.167708,1277.862183,525,0.0,0.0,95223.73075196317,0.0
56.94,1276.167708,1277.608012,525,0.0,0.0,95204.79043806162,0.0
56.95,1276.167708,1277.391966,525,0.0,0.0,95188.69112280857,0.0
56.96,1290.602195,1279.3735,526,0.0,0.0,95336.35106814705,0.0
56.97,1290.602195,1281.057804,526,0.0,0.0,95461.86202913654,0.0
56.980000000000004,1290.602195,1282.489463,526,0.0,0.0,95568.54639068838,0.0
56.99,1270.851888,1280.743827,526,0.0,0.0,95438.46509188614,0.0
57.0,1267.636354,1278.777706,528,0.0,0.0,95291.95369244066,0.0
57.01,1267.636354,1277.106503,528,0.0,0.0,95167.41899173432,0.0
57.02,1267.636354,1275.685981,528,0.0,0.0,95061.56453711881,0.0
57.03,1267.636354,1274.478537,528,0.0,0.0,94971.58822834023,0.0
57.04,1267.636354,1273.452209,528,0.0,0.0,94895.10832116763,0.0
57.050000000000004,1267.636354,1272.579831,528,0.0,0.0,94830.10045968536,0.0
57.06,1267.636354,1271.838309,528,0.0,0.0,94774.84372526278,0.0
57.07,1267.636354,1271.208016,528,0.0,0.0,94727.87555316622,0.0
57.08,1267.636354,1270.672267,528,0.0,0.0,94687.95261061002,0.0
57.09,1317.534287,1277.70157,528,0.0,0.0,95211.76219285662,0.0
57.1,1275.242567,1277.332719,529,0.0,0.0,95184.27615502027,0.0
57.11,1275.242567,1277.019197,529,0.0,0.0,95160.91312345867,0.0
57.120000000000005,1275.242567,1276.752702,529,0.0,0.0,95141.05444975791,0.0
57.13,1275.242567,1276.526182,529,0.0,0.0,95124.17463300076,0.0
57.14,1275.242567,1276.33364,529,0.0,0.0,95109.82678875717,0.0
57.15,1275.242567,1276.169979,530,0.0,0.0,95097.63109879472,0.0
57.160000000000004,1279.60571,1276.685339,530,0.0,0.0,95136.03469390319,0.0
57.17,1279.60571,1277.123394,530,0.0,0.0,95168.67767522734,0.0
57.18,1281.226041,1277.738791,530,0.0,0.0,95214.53582723558,0.0
57.19,1281.226041,1278.261879,530,0.0,0.0,95253.51529742747,0.0
57.2,1275.915054,1277.909855,531,0.0,0.0,95227.28317393233,0.0
57.21,1275.915054,1277.610635,531,0.0,0.0,95204.98589876865,0.0
57.22,1275.915054,1277.356298,531,0.0,0.0,95186.03321487953,0.0
57.230000000000004,1275.915054,1277.140111,531,0.0,0.0,95169.92339258887,0.0
57.24,1275.915054,1276.956353,532,0.0,0.0,95156.23011443391,0.0
57.25,1275.915054,1276.800158,532,0.0,0.0,95144.59077583959,0.0
57.26,1255.209958,1273.561628,532,0.0,0.0,94903.26200591844,0.0
57.27,1255.209958,1270.808878,532,0.0,0.0,94698.13258874445,0.0
57.28,1296.208554,1274.618829,532,0.0,0.0,94982.04250722285,0.0
57.29,1296.208554,1277.857288,533,0.0,0.0,95223.3659863662,0.0
57.300000000000004,1274.412302,1277.34054,534,0.0,0.0,95184.85896027746,0.0
57.31,1274.412302,1276.901304,534,0.0,0.0,95152.1279731984,0.0
57.32,1274.412302,1276.527954,534,0.0,0.0,95124.306678892,0.0
57.33,1274.412302,1276.210606,534,0.0,0.0,95100.65854147261,0.0
57.34,1274.412302,1275.940861,534,0.0,0.0,95080.55768428049,0.0
57.35,1274.412302,1275.711577,534,0.0,0.0,95063.47189977868,0.0
57.36,1284.376462,1277.01131,534,0.0,0.0,95160.32540001367,0.0
57.370000000000005,1284.376462,1278.116082,534,0.0,0.0,95242.65079696948,0.0
57.38,1281.24148,1278.584892,535,0.0,0.0,95277.58557930183,0.0
57.39,1281.24148,1278.98338,535,0.0,0.0,95307.28010702529,0.0
57.4,1264.646404,1276.832834,536,0.0,0.0,95147.02572592063,0.0
57.410000000000004,1264.646404,1275.004869,536,0.0,0.0,95010.8094349155,0.0
57.42,1264.646404,1273.4511,536,0.0,0.0,94895.02568070858,0.0
57.43,1264.646404,1272.130395,536,0.0,0.0,94796.60938903343,0.0
57.44,1264.646404,1271.007796,536,0.0,0.0,94712.95555973906,0.0
57.45,1264.646404,1270.053588,536,0.0,0.0,94641.84989053455,0.0
57.46,1306.282541,1275.487931,536,0.0,0.0,95046.80624774589,0.0
57.47,1306.282541,1280.107122,536,0.0,0.0,95391.01911039061,0.0
57.480000000000004,1296.855547,1282.619386,537,0.0,0.0,95578.22799245664,0.0
57.49,1296.855547,1284.75481,537,0.0,0.0,95737.35551240554,0.0
57.5,1274.798283,1283.261331,538,0.0,0.0,95626.06444825818,0.0
57.51,1274.798283,1281.991874,538,0.0,0.0,95531.46705491065,0.0
57.52,1274.798283,1280.912835,538,0.0,0.0,95451.05922958037,0.0
57.53,1274.798283,1279.995652,538,0.0,0.0,95382.71258922727,0.0
57.54,1274.798283,1279.216047,538,0.0,0.0,95324.61798591207,0.0
57.550000000000004,1274.798283,1278.553382,538,0.0,0.0,95275.23751720568,0.0
57.56,1245.251391,1273.558084,538,0.0,0.0,94902.99791413588,0.0
57.57,1245.251391,1269.31208,539,0.0,0.0,94586.59419936394,0.0
57.58,1245.251391,1265.702976,539,0.0,0.0,94317.65099709701,0.0
57.59,1281.27507,1268.03879,539,0.0,0.0,94491.71117853261,0.0
57.6,1281.18479,1270.01069,540,0.0,0.0,94638.65321748472,0.0
57.61,1281.18479,1271.686805,540,0.0,0.0,94763.553950594,0.0
57.620000000000005,1281.18479,1273.111503,540,0.0,0.0,94869.71959236637,0.0
57.63,1281.18479,1274.322496,540,0.0,0.0,94959.9603655175,0.0
57.64,1281.18479,1275.35184,540,0.0,0.0,95036.66501897007,0.0
57.65,1281.18479,1276.226783,540,0.0,0.0,95101.86401911554,0.0
57.660000000000004,1268.845743,1275.119627,540,0.0,0.0,95019.36097125406,0.0
57.67,1268.845743,1274.178544,541,0.0,0.0,94949.23335076461,0.0
57.68,1268.845743,1273.378624,541,0.0,0.0,94889.62491433347,0.0
57.69,1281.316201,1274.56926,541,0.0,0.0,94978.34872461279,0.0
57.7,1278.845927,1275.21076,542,0.0,0.0,95026.15201990554,0.0
57.71,1278.845927,1275.756035,542,0.0,0.0,95066.78482090437,0.0
57.72,1278.845927,1276.219519,542,0.0,0.0,95101.32272038289,0.0
57.730000000000004,1278.845927,1276.61348,542,0.0,0.0,95130.6799051324,0.0
57.74,1278.845927,1276.948347,542,0.0,0.0,95155.63352334722,0.0
57.75,1278.845927,1277.232984,542,0.0,0.0,95176.8441025557,0.0
57.76,1285.583555,1278.48557,543,0.0,0.0,95270.18430277014,0.0
57.77,1285.583555,1279.550268,543,0.0,0.0,95349.5234655006,0.0
57.78,1281.197535,1279.797358,543,0.0,0.0,95367.93611746302,0.0
57.79,1281.197535,1280.007384,543,0.0,0.0,95383.58683437206,0.0
57.800000000000004,1279.245787,1279.893145,544,0.0,0.0,95375.07397287409,0.0
57.81,1279.245787,1279.796041,544,0.0,0.0,95367.83797726053,0.0
57.82,1279.245787,1279.713503,544,0.0,0.0,95361.68741079618,0.0
57.83,1279.245787,1279.643346,544,0.0,0.0,95356.45945165692,0.0
57.84,1279.245787,1279.583712,544,0.0,0.0,95352.0156454036,0.0
57.85,1279.245787,1279.533023,545,0.0,0.0,95348.23840263649,0.0
57.86,1273.176862,1278.579599,545,0.0,0.0,95277.1911555419,0.0
57.870000000000005,1273.176862,1277.769188,545,0.0,0.0,95216.80095080068,0.0
57.88,1273.176862,1277.080339,545,0.0,0.0,95165.46930285195,0.0
57.89,1281.261147,1277.707461,545,0.0,0.0,95212.20117837895,0.0
57.9,1278.525573,1277.830177,546,0.0,0.0,95221.34572894036,0.0
57.910000000000004,1278.525573,1277.934487,546,0.0,0.0,95229.11870124274,0.0
57.92,1278.525573,1278.02315,546,0.0,0.0,95235.72569044078,0.0
57.93,1278.525573,1278.098513,546,0.0,0.0,95241.34159027423,0.0
57.94,1278.525573,1278.162572,546,0.0,0.0,95246.11513866573,0.0
57.95,1278.525573,1278.217022,547,0.0,0.0,95250.17264362084,0.0
57.96,1273.654613,1277.532661,547,0.0,0.0,95199.17543244416,0.0
57.97,1273.654613,1276.950954,547,0.0,0.0,95155.82779176629,0.0
57.980000000000004,1281.235842,1277.593687,547,0.0,0.0,95203.72296774975,0.0
57.99,1281.235842,1278.14001,548,0.0,0.0,95244.4338636098,0.0
58.0,1280.539289,1278.499902,549,0.0,0.0,95271.25229470799,0.0
58.01,1280.539289,1278.80581,549,0.0,0.0,95294.04794623787,0.0
58.02,1280.539289,1279.065832,549,0.0,0.0,95313.42426494186,0.0
58.03,1280.539289,1279.286851,549,0.0,0.0,95329.89415819566,0.0
58.04,1280.539289,1279.474716,549,0.0,0.0,95343.89348176567,0.0
58.050000000000004,1280.539289,1279.634402,549,0.0,0.0,95355.79296268869,0.0
58.06,1280.539289,1279.770135,549,0.0,0.0,95365.90751402147,0.0
58.07,1280.539289,1279.885508,549,0.0,0.0,95374.50487892842,0.0
58.08,1280.539289,1279.983575,549,0.0,0.0,95381.81263537343,0.0
58.09,1283.365337,1280.49084,550,0.0,0.0,95419.61300729342,0.0
58.1,1277.005814,1279.968086,551,0.0,0.0,95380.65842611266,0.0
58.11,1277.005814,1279.523745,551,0.0,0.0,95347.5470246572,0.0
58.120000000000005,1277.005814,1279.146055,551,0.0,0.0,95319.40232224237,0.0
58.13,1277.005814,1278.825019,551,0.0,0.0,95295.47936244875,0.0
58.14,1277.005814,1278.552138,551,0.0,0.0,95275.14481681697,0.0
58.15,1277.005814,1278.320189,551,0.0,0.0,95257.86044185229,0.0
58.160000000000004,1276.401387,1278.032369,551,0.0,0.0,95236.41267185827,0.0
58.17,1276.401387,1277.787722,551,0.0,0.0,95218.18206736335,0.0
58.18,1296.873898,1280.650648,552,0.0,0.0,95431.52157941213,0.0
58.19,1296.873898,1283.084136,552,0.0,0.0,95612.86023171977,0.0
58.2,1256.305037,1279.067271,553,0.0,0.0,95313.53149634002,0.0
58.21,1256.305037,1275.652936,553,0.0,0.0,95059.10208989674,0.0
58.22,1256.305037,1272.750751,553,0.0,0.0,94842.83707579048,0.0
58.230000000000004,1256.305037,1270.283894,553,0.0,0.0,94659.0118324296,0.0
58.24,1256.305037,1268.187065,553,0.0,0.0,94502.76033458799,0.0
58.25,1256.305037,1266.404761,553,0.0,0.0,94369.94660985931,0.0
58.26,1273.582961,1267.481491,553,0.0,0.0,94450.18237313376,0.0
58.27,1273.582961,1268.396711,553,0.0,0.0,94518.38273465807,0.0
58.28,1273.582961,1269.174649,554,0.0,0.0,94576.35311647171,0.0
58.29,1281.273832,1270.989526,554,0.0,0.0,94711.5941159277,0.0
58.300000000000004,1285.313181,1273.138074,555,0.0,0.0,94871.69961007366,0.0
58.31,1285.313181,1274.96434,555,0.0,0.0,95007.78929500135,0.0
58.32,1285.313181,1276.516666,555,0.0,0.0,95123.46551973806,0.0
58.33,1285.313181,1277.836144,555,0.0,0.0,95221.79037783049,0.0
58.34,1285.313181,1278.957699,555,0.0,0.0,95305.36641033564,0.0
58.35,1285.313181,1279.911021,555,0.0,0.0,95376.40605659453,0.0
58.36,1273.949654,1279.016816,555,0.0,0.0,95309.7716907843,0.0
58.370000000000005,1273.949654,1278.256742,556,0.0,0.0,95253.13249847513,0.0
58.38,1265.608674,1276.359532,556,0.0,0.0,95111.75620874426,0.0
58.39,1265.608674,1274.746903,556,0.0,0.0,94991.58632521403,0.0
58.4,1282.685552,1275.9377,557,0.0,0.0,95080.32213289088,0.0
58.410000000000004,1282.685552,1276.949878,557,0.0,0.0,95155.74761040113,0.0
58.42,1282.685552,1277.810229,557,0.0,0.0,95219.85924392943,0.0
58.43,1282.685552,1278.541528,557,0.0,0.0,95274.3541808652,0.0
58.44,1282.685552,1279.163131,557,0.0,0.0,95320.6747915649,0.0
58.45,1282.685552,1279.691494,557,0.0,0.0,95360.04734419275,0.0
58.46,1278.023087,1279.441233,558,0.0,0.0,95341.39839566078,0.0
58.47,1278.023087,1279.228511,558,0.0,0.0,95325.54677823091,0.0
58.480000000000004,1278.023087,1279.047698,558,0.0,0.0,95312.07295557813,0.0
58.49,1280.770138,1279.306064,558,0.0,0.0,95331.32587247854,0.0
58.5,1276.747459,1278.922273,559,0.0,0.0,95302.72653576192,0.0
58.51,1276.747459,1278.596051,559,0.0,0.0,95278.4171256341,0.0
58.52,1276.747459,1278.318762,559,0.0,0.0,95257.75410467008,0.0
58.53,1276.747459,1278.083067,559,0.0,0.0,95240.19058528735,0.0
58.54,1276.747459,1277.882726,559,0.0,0.0,95225.26157518252,0.0
58.550000000000004,1276.747459,1277.712436,559,0.0,0.0,95212.57190541572,0.0
58.56,1290.140939,1279.576711,560,0.0,0.0,95351.49394490423,0.0
58.57,1290.140939,1281.161345,560,0.0,0.0,95469.57769709898,0.0
58.58,1281.248911,1281.17448,560,0.0,0.0,95470.55649099401,0.0
58.59,1281.248911,1281.185645,560,0.0,0.0,95471.38848443433,0.0
58.6,1278.602067,1280.798108,561,0.0,0.0,95442.51000329967,0.0
58.61,1278.602067,1280.468702,561,0.0,0.0,95417.96332786833,0.0
58.620000000000005,1278.602067,1280.188707,561,0.0,0.0,95397.0986612035,0.0
58.63,1278.602067,1279.950711,561,0.0,0.0,95379.36367590888,0.0
58.64,1278.602067,1279.748414,561,0.0,0.0,95364.28890860126,0.0
58.65,1278.602067,1279.576462,562,0.0,0.0,95351.4753899229,0.0
58.660000000000004,1274.581784,1278.82726,562,0.0,0.0,95295.64635728078,0.0
58.67,1274.581784,1278.190439,562,0.0,0.0,95248.19173169759,0.0
58.68,1281.238213,1278.647605,562,0.0,0.0,95282.25882646893,0.0
58.69,1281.238213,1279.036196,562,0.0,0.0,95311.21584957273,0.0
58.7,1278.168145,1278.905988,563,0.0,0.0,95301.51301017526,0.0
58.71,1278.168145,1278.795312,563,0.0,0.0,95293.26565630182,0.0
58.72,1278.168145,1278.701237,563,0.0,0.0,95286.25537570218,0.0
58.730000000000004,1278.168145,1278.621273,563,0.0,0.0,95280.29661856299,0.0
58.74,1278.168145,1278.553304,563,0.0,0.0,95275.23170480187,0.0
58.75,1278.168145,1278.49553,564,0.0,0.0,95270.92650202363,0.0
58.76,1275.564208,1278.055831,564,0.0,0.0,95238.1610131118,0.0
58.77,1275.564208,1277.682088,564,0.0,0.0,95210.31043323249,0.0
58.78,1281.218098,1278.212489,564,0.0,0.0,95249.8348535389,0.0
58.79,1281.218098,1278.663331,565,0.0,0.0,95283.43069649504,0.0
58.800000000000004,1274.400268,1278.023871,566,0.0,0.0,95235.7794179169,0.0
58.81,1274.400268,1277.480331,566,0.0,0.0,95195.27590564343,0.0
58.82,1274.400268,1277.018321,566,0.0,0.0,95160.847845693,0.0
58.83,1274.400268,1276.625613,566,0.0,0.0,95131.58403199412,0.0
58.84,1274.400268,1276.291811,566,0.0,0.0,95106.70977544649,0.0
58.85,1274.400268,1276.00808,566,0.0,0.0,95085.5667095436,0.0
58.86,1283.902839,1277.192294,566,0.0,0.0,95173.81196524396,0.0
58.870000000000005,1283.902839,1278.198876,566,0.0,0.0,95248.82044004113,0.0
58.88,1281.20061,1278.649136,566,0.0,0.0,95282.37291352284,0.0
58.89,1281.20061,1279.031857,567,0.0,0.0,95310.89251598227,0.0
58.9,1274.377517,1278.333706,568,0.0,0.0,95258.86770162228,0.0
58.910000000000004,1274.377517,1277.740277,568,0.0,0.0,95214.64656097961,0.0
58.92,1274.377517,1277.235863,568,0.0,0.0,95177.05863987004,0.0
58.93,1274.377517,1276.807111,568,0.0,0.0,95145.1088994751,0.0
58.94,1274.377517,1276.442672,568,0.0,0.0,95117.95163504299,0.0
58.95,1274.377517,1276.132899,568,0.0,0.0,95094.86797145341,0.0
58.96,1283.957504,1277.306589,568,0.0,0.0,95182.3289997498,0.0
58.97,1283.957504,1278.304227,568,0.0,0.0,95256.67098557876,0.0
58.980000000000004,1281.245708,1278.745449,569,0.0,0.0,95289.54996540053,0.0
58.99,1281.245708,1279.120488,569,0.0,0.0,95317.4971206044,0.0
59.0,1279.656984,1279.200962,570,0.0,0.0,95323.49388192223,0.0
59.01,1279.656984,1279.269365,570,0.0,0.0,95328.5911364942,0.0
59.02,1279.656984,1279.327508,570,0.0,0.0,95332.92383641344,0.0
59.03,1279.656984,1279.37693,570,0.0,0.0,95336.60666487792,0.0
59.04,1279.656984,1279.418938,570,0.0,0.0,95339.73701691012,0.0
59.050000000000004,1279.656984,1279.454645,570,0.0,0.0,95342.39783104109,0.0
59.06,1279.656984,1279.484996,570,0.0,0.0,95344.65952677831,0.0
59.07,1279.656984,1279.510794,571,0.0,0.0,95346.58194207367,0.0
59.08,1279.656984,1279.532722,571,0.0,0.0,95348.21597271929,0.0
59.09,1286.15786,1280.526493,571,0.0,0.0,95422.26979745254,0.0
59.1,1274.070487,1279.558092,572,0.0,0.0,95350.10649431178,0.0
59.11,1274.070487,1278.734951,572,0.0,0.0,95288.76767546443,0.0
59.120000000000005,1274.070487,1278.035282,572,0.0,0.0,95236.62974278451,0.0
59.13,1274.070487,1277.440563,572,0.0,0.0,95192.31247392527,0.0
59.14,1274.070487,1276.935051,572,0.0,0.0,95154.6427320546,0.0
59.15,1274.070487,1276.505367,572,0.0,0.0,95122.62354088614,0.0
59.160000000000004,1281.730572,1277.289148,572,0.0,0.0,95181.02933135822,0.0
59.17,1281.730572,1277.955361,573,0.0,0.0,95230.67418991921,0.0
59.18,1218.721116,1269.070225,573,0.0,0.0,94568.5716491176,0.0
59.19,1218.721116,1261.517858,573,0.0,0.0,94005.78438511104,0.0
59.2,1281.362702,1264.494585,574,0.0,0.0,94227.60411977496,0.0
59.21,1281.362702,1267.024802,574,0.0,0.0,94416.15082344717,0.0
59.22,1281.362702,1269.175487,574,0.0,0.0,94576.41556255346,0.0
59.230000000000004,1281.362702,1271.003569,574,0.0,0.0,94712.64057216431,0.0
59.24,1281.362702,1272.557439,574,0.0,0.0,94828.43185268893,0.0
59.25,1281.362702,1273.878229,574,0.0,0.0,94926.85447839384,0.0
59.26,1281.018893,1274.949328,575,0.0,0.0,95006.67063082528,0.0
59.27,1281.018893,1275.859763,575,0.0,0.0,95074.51442373231,0.0
59.28,1281.213678,1276.66285,575,0.0,0.0,95134.35885866101,0.0
59.29,1281.213678,1277.345474,575,0.0,0.0,95185.22663207633,0.0
59.300000000000004,1282.085587,1278.056491,576,0.0,0.0,95238.21019499007,0.0
59.31,1282.085587,1278.660856,576,0.0,0.0,95283.24626445165,0.0
59.32,1282.085587,1279.174565,576,0.0,0.0,95321.52683034648,0.0
59.33,1282.085587,1279.611219,576,0.0,0.0,95354.06541195638,0.0
59.34,1282.085587,1279.982374,576,0.0,0.0,95381.72313925863,0.0
59.35,1282.085587,1280.297856,576,0.0,0.0,95405.232226095,0.0
59.36,1279.434315,1280.168325,577,0.0,0.0,95395.57983538175,0.0
59.370000000000005,1279.434315,1280.058223,577,0.0,0.0,95387.37525483877,0.0
59.38,1281.217201,1280.23207,577,0.0,0.0,95400.3299851221,0.0
59.39,1281.217201,1280.37984,577,0.0,0.0,95411.34150958885,0.0
59.4,1283.171353,1280.798567,578,0.0,0.0,95442.54420706046,0.0
59.410000000000004,1283.171353,1281.154484,578,0.0,0.0,95469.06642911922,0.0
59.42,1283.171353,1281.457015,578,0.0,0.0,95491.61043337207,0.0
59.43,1283.171353,1281.714165,578,0.0,0.0,95510.77273638775,0.0
59.44,1283.171353,1281.932743,578,0.0,0.0,95527.06073121002,0.0
59.45,1283.171353,1282.118535,579,0.0,0.0,95540.90557897156,0.0
59.46,1264.118493,1279.418529,579,0.0,0.0,95339.70653904922,0.0
59.47,1264.118493,1277.123523,579,0.0,0.0,95168.687288049,0.0
59.480000000000004,1264.118493,1275.172769,579,0.0,0.0,95023.32100666864,0.0
59.49,1270.372612,1274.452745,579,0.0,0.0,94969.66626015287,0.0
59.5,1281.234457,1275.470002,580,0.0,0.0,95045.4702145716,0.0
59.51,1281.234457,1276.33467,580,0.0,0.0,95109.90354229443,0.0
59.52,1281.234457,1277.069638,580,0.0,0.0,95164.67188576241,0.0
59.53,1281.234457,1277.694361,580,0.0,0.0,95211.22499261382,0.0
59.54,1281.234457,1278.225375,581,0.0,0.0,95250.79509245261,0.0
59.550000000000004,1281.234457,1278.676738,581,0.0,0.0,95284.42975928535,0.0
59.56,1294.564389,1281.059885,581,0.0,0.0,95462.01710108898,0.0
59.57,1294.564389,1283.085561,581,0.0,0.0,95612.96641986599,0.0
59.58,1281.20061,1282.802818,581,0.0,0.0,95591.89697774446,0.0
59.59,1281.20061,1282.562487,582,0.0,0.0,95573.98799292605,0.0
59.6,1276.096896,1281.592648,583,0.0,0.0,95501.71753290512,0.0
59.61,1276.096896,1280.768286,583,0.0,0.0,95440.28772758305,0.0
59.620000000000005,1276.096896,1280.067577,583,0.0,0.0,95388.07229618588,0.0
59.63,1276.096896,1279.471975,583,0.0,0.0,95343.68922793497,0.0
59.64,1276.096896,1278.965713,583,0.0,0.0,95305.96359756631,0.0
59.65,1276.096896,1278.535391,583,0.0,0.0,95273.89686391554,0.0
59.660000000000004,1292.622508,1280.648458,583,0.0,0.0,95431.35838499795,0.0
59.67,1292.622508,1282.444566,583,0.0,0.0,95565.2007561619,0.0
59.68,1292.622508,1283.971257,584,0.0,0.0,95678.96671203682,0.0
59.69,1270.860445,1282.004635,584,0.0,0.0,95532.4179790747,0.0
59.7,1276.029957,1281.108433,585,0.0,0.0,95465.6348008238,0.0
59.71,1276.029957,1280.346662,585,0.0,0.0,95408.86915147313,0.0
59.72,1276.029957,1279.699156,585,0.0,0.0,95360.61830108835,0.0
59.730000000000004,1276.029957,1279.148776,585,0.0,0.0,95319.60508571313,0.0
59.74,1276.029957,1278.680953,585,0.0,0.0,95284.74385264415,0.0
59.75,1276.029957,1278.283304,585,0.0,0.0,95255.11184552044,0.0
59.76,1278.189543,1278.26924,585,0.0,0.0,95254.06382440586,0.0
59.77,1278.189543,1278.257285,585,0.0,0.0,95253.17296174768,0.0
59.78,1281.222005,1278.701993,586,0.0,0.0,95286.31171130815,0.0
59.79,1281.222005,1279.079995,586,0.0,0.0,95314.47966333818,0.0
59.800000000000004,1276.483875,1278.690577,587,0.0,0.0,95285.46101385055,0.0
59.81,1276.483875,1278.359572,587,0.0,0.0,95260.79518414148,0.0
59.82,1276.483875,1278.078217,587,0.0,0.0,95239.82917300024,0.0
59.83,1276.483875,1277.839066,587,0.0,0.0,95222.00811941871,0.0
59.84,1276.483875,1277.635787,587,0.0,0.0,95206.8601754377,0.0
59.85,1276.483875,1277.463,587,0.0,0.0,95193.98443423155,0.0
59.86,1279.2758,1277.73492,587,0.0,0.0,95214.2473680679,0.0
59.870000000000005,1279.2758,1277.966052,588,0.0,0.0,95231.47086182876,0.0
59.88,1265.619938,1276.114135,588,0.0,0.0,95093.46971575134,0.0
59.89,1265.619938,1274.540005,588,0.0,0.0,94976.16870060065,0.0
59.9,1281.028211,1275.513236,589,0.0,0.0,95048.69192566855,0.0
59.910000000000004,1281.028211,1276.340483,589,0.0,0.0,95110.33671541297,0.0
59.92,1281.028211,1277.043642,589,0.0,0.0,95162.73471590361,0.0
59.93,1281.028211,1277.641327,589,0.0,0.0,95207.27300514297,0.0
59.94,1281.028211,1278.14936,589,0.0,0.0,95245.13060688491,0.0
59.95,1281.028211,1278.581188,589,0.0,0.0,95277.30956463967,0.0
59.96,1269.277286,1277.185602,589,0.0,0.0,95173.31329080579,0.0
59.97,1269.277286,1275.999355,590,0.0,0.0,95084.9165400168,0.0
59.980000000000004,1281.238917,1276.785289,590,0.0,0.0,95143.48276773715,0.0
59.99,1281.238917,1277.453333,590,0.0,0.0,95193.26406875126,0.0
60.0,1268.613045,1276.12729,592,0.0,0.0,95094.45000000631,0.0
60.01,1268.613045,1275.000153,592,0.0,0.0,95010.45800804003,0.0
60.02,1268.613045,1274.042087,592,0.0,0.0,94939.06484840179,0.0
60.03,1268.613045,1273.227731,592,0.0,0.0,94878.38067016106,0.0
60.04,1268.613045,1272.535528,592,0.0,0.0,94826.79908884925,0.0
60.050000000000004,1268.613045,1271.947156,592,0.0,0.0,94782.9547857191,0.0
60.06,1268.613045,1271.447039,592,0.0,0.0,94745.68706844408,0.0
60.07,1268.613045,1271.02194,592,0.0,0.0,94714.00954229344,0.0
60.08,1268.613045,1270.660606,592,0.0,0.0,94687.08365624305,0.0
60.09,1308.180141,1276.288536,592,0.0,0.0,95106.46572900518,0.0
60.1,1250.714011,1272.452357,593,0.0,0.0,94820.6013524926,0.0
60.11,1250.714011,1269.191605,593,0.0,0.0,94577.61664363458,0.0
60.120000000000005,1250.714011,1266.419966,593,0.0,0.0,94371.07965600886,0.0
60.13,1250.714011,1264.064073,593,0.0,0.0,94195.5232277047,0.0
60.14,1250.714011,1262.061563,593,0.0,0.0,94046.30019285406,0.0
60.15,1250.714011,1260.35943,594,0.0,0.0,93919.46065049003,0.0
60.160000000000004,1250.714011,1258.912618,594,0.0,0.0,93811.6471177245,0.0
60.17,1291.083881,1263.738307,594,0.0,0.0,94171.24779778368,0.0
60.18,1291.083881,1267.840143,594,0.0,0.0,94476.90840191528,0.0
60.19,1291.083881,1271.326704,594,0.0,0.0,94736.71994523435,0.0
60.2,1279.582029,1272.565003,596,0.0,0.0,94828.99550682081,0.0
60.21,1279.582029,1273.617557,596,0.0,0.0,94907.42972299158,0.0
60.22,1279.582029,1274.512227,596,0.0,0.0,94974.09873967058,0.0
60.230000000000004,1279.582029,1275.272698,596,0.0,0.0,95030.7675156247,0.0
60.24,1279.582029,1275.919097,596,0.0,0.0,95078.93587458639,0.0
60.25,1279.582029,1276.468537,596,0.0,0.0,95119.87904304414,0.0
60.26,1279.582029,1276.935561,596,0.0,0.0,95154.68073623325,0.0
60.27,1279.582029,1277.332531,596,0.0,0.0,95184.26214563678,0.0
60.28,1264.861592,1275.46189,596,0.0,0.0,95044.86572457718,0.0
60.29,1264.861592,1273.871845,596,0.0,0.0,94926.37875549884,0.0
60.300000000000004,1277.408561,1274.402353,598,0.0,0.0,94965.91114923099,0.0
60.31,1277.408561,1274.853284,598,0.0,0.0,94999.51362428891,0.0
60.32,1277.408561,1275.236576,598,0.0,0.0,95028.07577652484,0.0
60.33,1277.408561,1275.562373,598,0.0,0.0,95052.35351650378,0.0
60.34,1277.408561,1275.839302,598,0.0,0.0,95072.9897109888,0.0
60.35,1277.408561,1276.074691,598,0.0,0.0,95090.53042786432,0.0
60.36,1277.408561,1276.274771,598,0.0,0.0,95105.43998877185,0.0
60.370000000000005,1278.837483,1276.659178,598,0.0,0.0,95134.08522857481,0.0
60.38,1278.837483,1276.985924,598,0.0,0.0,95158.43368613323,0.0
60.39,1278.837483,1277.263657,599,0.0,0.0,95179.12979308805,0.0
60.4,1282.879491,1278.106033,600,0.0,0.0,95241.90196561423,0.0
60.410000000000004,1282.879491,1278.822051,600,0.0,0.0,95295.25819303264,0.0
60.42,1282.879491,1279.430667,600,0.0,0.0,95340.61103850092,0.0
60.43,1282.879491,1279.947991,600,0.0,0.0,95379.16098695614,0.0
60.44,1282.879491,1280.387716,600,0.0,0.0,95411.92841333587,0.0
60.45,1282.879491,1280.761482,600,0.0,0.0,95439.78070712915,0.0
60.46,1282.879491,1281.079184,600,0.0,0.0,95463.45522391963,0.0
60.47,1303.395106,1284.426572,600,0.0,0.0,95712.89587399509,0.0
60.480000000000004,1303.395106,1287.271852,601,0.0,0.0,95924.92044146283,0.0
60.49,1249.760109,1281.645091,601,0.0,0.0,95505.62548023957,0.0
60.5,1278.816344,1281.220779,602,0.0,0.0,95474.0065997528,0.0
60.51,1278.816344,1280.860113,602,0.0,0.0,95447.13049172465,0.0
60.52,1278.816344,1280.553548,602,0.0,0.0,95424.28588187054,0.0
60.53,1278.816344,1280.292968,602,0.0,0.0,95404.86798212402,0.0
60.54,1278.816344,1280.071474,602,0.0,0.0,95388.36269282151,0.0
60.550000000000004,1278.816344,1279.883205,602,0.0,0.0,95374.33326398056,0.0
60.56,1278.816344,1279.723176,602,0.0,0.0,95362.40822338445,0.0
60.57,1242.39446,1274.123868,602,0.0,0.0,94945.1590047421,0.0
60.58,1242.39446,1269.364457,603,0.0,0.0,94590.49722851055,0.0
60.59,1242.39446,1265.318957,603,0.0,0.0,94289.034670277,0.0
60.6,1280.991275,1267.669805,604,0.0,0.0,94464.2151552846,0.0
60.61,1280.991275,1269.668026,604,0.0,0.0,94613.11858244466,0.0
60.620000000000005,1280.991275,1271.366513,604,0.0,0.0,94739.6864321904,0.0
60.63,1280.991275,1272.810227,604,0.0,0.0,94847.26910820017,0.0
60.64,1280.991275,1274.037384,604,0.0,0.0,94938.7143902603,0.0
60.65,1280.991275,1275.080468,604,0.0,0.0,95016.44292099628,0.0
60.660000000000004,1280.991275,1275.967089,604,0.0,0.0,95082.51214231469,0.0
60.67,1252.622694,1272.46543,605,0.0,0.0,94821.5755262718,0.0
60.68,1252.622694,1269.489019,605,0.0,0.0,94599.77933929507,0.0
60.69,1342.913902,1280.502752,605,0.0,0.0,95420.50066567774,0.0
60.7,1255.582107,1276.764655,606,0.0,0.0,95141.94516338008,0.0
60.71,1255.582107,1273.587273,606,0.0,0.0,94905.17301996019,0.0
60.72,1255.582107,1270.886498,606,0.0,0.0,94703.9166756979,0.0
60.730000000000004,1255.582107,1268.590839,606,0.0,0.0,94532.84876444541,0.0
60.74,1255.582107,1266.639529,606,0.0,0.0,94387.44105105853,0.0
60.75,1255.582107,1264.980916,606,0.0,0.0,94263.84453193867,0.0
60.76,1255.582107,1263.571095,607,0.0,0.0,94158.7874944127,0.0
60.77,1279.759867,1265.999411,607,0.0,0.0,94339.74073963809,0.0
60.78,1279.759867,1268.063479,607,0.0,0.0,94493.5509533689,0.0
60.79,1279.759867,1269.817937,607,0.0,0.0,94624.28964994369,0.0
60.800000000000004,1287.695276,1272.499538,608,0.0,0.0,94824.11718612502,0.0
60.81,1287.695276,1274.778899,608,0.0,0.0,94993.97060305686,0.0
60.82,1287.695276,1276.716355,608,0.0,0.0,95138.34594410863,0.0
60.83,1287.695276,1278.363194,608,0.0,0.0,95261.06508832783,0.0
60.84,1287.695276,1279.763006,608,0.0,0.0,95365.37627521843,0.0
60.85,1287.695276,1280.952846,608,0.0,0.0,95454.04076917184,0.0
60.86,1287.695276,1281.964211,609,0.0,0.0,95529.40566355026,0.0
60.870000000000005,1243.109779,1276.136046,609,0.0,0.0,95095.10247959103,0.0
60.88,1243.109779,1271.182106,609,0.0,0.0,94725.94479185515,0.0
60.89,1243.109779,1266.971257,609,0.0,0.0,94412.16075727968,0.0
60.9,1288.940669,1270.266669,611,0.0,0.0,94657.72825992547,0.0
60.910000000000004,1288.940669,1273.067769,611,0.0,0.0,94866.46062227077,0.0
60.92,1288.940669,1275.448704,611,0.0,0.0,95043.88313026428,0.0
60.93,1288.940669,1277.472499,611,0.0,0.0,95194.69228068828,0.0
60.94,1288.940669,1279.192724,611,0.0,0.0,95322.88000266015,0.0
60.95,1288.940669,1280.654916,611,0.0,0.0,95431.83962222477,0.0
60.96,1288.940669,1281.897779,611,0.0,0.0,95524.45528395107,0.0
60.97,1267.078308,1279.674858,611,0.0,0.0,95358.80766278903,0.0
60.980000000000004,1267.078308,1277.785376,611,0.0,0.0,95218.0072481416,0.0
60.99,1267.078308,1276.179315,611,0.0,0.0,95098.32679881788,0.0
61.0,1273.772808,1275.818339,614,0.0,0.0,95071.42759021056,0.0
61.01,1273.772808,1275.511509,614,0.0,0.0,95048.56323308714,0.0
61.02,1273.772808,1275.250704,614,0.0,0.0,95029.12856679123,0.0
61.03,1273.772808,1275.02902,614,0.0,0.0,95012.60911906918,0.0
61.04,1273.772808,1274.840588,614,0.0,0.0,94998.56754379469,0.0
61.050000000000004,1273.772808,1274.680421,614,0.0,0.0,94986.63221971496,0.0
61.06,1273.772808,1274.544279,614,0.0,0.0,94976.48719052126,0.0
61.07,1273.772808,1274.428558,614,0.0,0.0,94967.86389335126,0.0
61.08,1273.772808,1274.330196,614,0.0,0.0,94960.53415409701,0.0
61.09,1273.772808,1274.246588,614,0.0,0.0,94954.30385337553,0.0
61.1,1285.2133,1275.891594,615,0.0,0.0,95076.8864061056,0.0
61.11,1285.2133,1277.28985,615,0.0,0.0,95181.08164299236,0.0
61.120000000000005,1285.2133,1278.478368,615,0.0,0.0,95269.64762415331,0.0
61.13,1285.2133,1279.488607,615,0.0,0.0,95344.9286112667,0.0
61.14,1285.2133,1280.347311,615,0.0,0.0,95408.91751365342,0.0
61.15,1285.2133,1281.07721,615,0.0,0.0,95463.30812539288,0.0
61.160000000000004,1285.2133,1281.697623,615,0.0,0.0,95509.54005967574,0.0
61.17,1260.005161,1278.443754,615,0.0,0.0,95267.06825819342,0.0
61.18,1260.005161,1275.677965,615,0.0,0.0,95060.96720085214,0.0
61.19,1260.005161,1273.327044,616,0.0,0.0,94885.78127603074,0.0
61.2,1276.698178,1273.832714,617,0.0,0.0,94923.46279174498,0.0
61.21,1276.698178,1274.262534,617,0.0,0.0,94955.49211736108,0.0
61.22,1276.698178,1274.62788,617,0.0,0.0,94982.7169696168,0.0
61.230000000000004,1276.698178,1274.938425,617,0.0,0.0,95005.85816110032,0.0
61.24,1276.698178,1275.202388,617,0.0,0.0,95025.52815523182,0.0
61.25,1276.698178,1275.426756,617,0.0,0.0,95042.24760925872,0.0
61.26,1280.68882,1276.216066,617,0.0,0.0,95101.06540973806,0.0
61.27,1280.68882,1276.886979,617,0.0,0.0,95151.06050288655,0.0
61.28,1280.68882,1277.457255,618,0.0,0.0,95193.55632833685,0.0
61.29,1281.255894,1278.027051,618,0.0,0.0,95236.01638514841,0.0
61.300000000000004,1274.528325,1277.502242,619,0.0,0.0,95196.9086694831,0.0
61.31,1274.528325,1277.056155,619,0.0,0.0,95163.6671596043,0.0
61.32,1274.528325,1276.67698,619,0.0,0.0,95135.4117979634,0.0
61.33,1274.528325,1276.354682,619,0.0,0.0,95111.39479645716,0.0
61.34,1274.528325,1276.080728,619,0.0,0.0,95090.98029301423,0.0
61.35,1274.528325,1275.847868,619,0.0,0.0,95073.62803215395,0.0
61.36,1280.870897,1276.601322,619,0.0,0.0,95129.77391532078,0.0
61.370000000000005,1280.870897,1277.241759,619,0.0,0.0,95177.49799798233,0.0
61.38,1281.19651,1277.834971,620,0.0,0.0,95221.7029682196,0.0
61.39,1281.19651,1278.339202,620,0.0,0.0,95259.27725253566,0.0
61.4,1273.064212,1277.547954,621,0.0,0.0,95200.31503617746,0.0
61.410000000000004,1273.064212,1276.875392,621,0.0,0.0,95150.19706285135,0.0
61.42,1273.064212,1276.303715,621,0.0,0.0,95107.59683768681,0.0
61.43,1273.064212,1275.81779,621,0.0,0.0,95071.38667983002,0.0
61.44,1273.064212,1275.404753,621,0.0,0.0,95040.60798976326,0.0
61.45,1273.064212,1275.053672,621,0.0,0.0,95014.44613673961,0.0
61.46,1286.918045,1276.833328,621,0.0,0.0,95147.06253781132,0.0
61.47,1286.918045,1278.346035,622,0.0,0.0,95259.78643401148,0.0
61.480000000000004,1281.051821,1278.751903,622,0.0,0.0,95290.03090455533,0.0
61.49,1281.051821,1279.096891,622,0.0,0.0,95315.73871942119,0.0
61.5,1277.625081,1278.876119,623,0.0,0.0,95299.28723211275,0.0
61.51,1277.625081,1278.688464,623,0.0,0.0,95285.30355732217,0.0
61.52,1277.625081,1278.528956,623,0.0,0.0,95273.41734060268,0.0
61.53,1277.625081,1278.393375,623,0.0,0.0,95263.31411600551,0.0
61.54,1277.625081,1278.278131,623,0.0,0.0,95254.7263639202,0.0
61.550000000000004,1277.625081,1278.180173,623,0.0,0.0,95247.4267299369,0.0
61.56,1289.529177,1279.882524,624,0.0,0.0,95374.28251722438,0.0
61.57,1289.529177,1281.329522,624,0.0,0.0,95482.10991033741,0.0
61.58,1280.264772,1281.169809,624,0.0,0.0,95470.20841742845,0.0
61.59,1280.264772,1281.034054,624,0.0,0.0,95460.09222669974,0.0
61.6,1256.069944,1277.289437,625,0.0,0.0,95181.05086705944,0.0
61.61,1256.069944,1274.106513,625,0.0,0.0,94943.8657448983,0.0
61.620000000000005,1256.069944,1271.401028,625,0.0,0.0,94742.25842086856,0.0
61.63,1256.069944,1269.101365,625,0.0,0.0,94570.89213955474,0.0
61.64,1256.069944,1267.146652,625,0.0,0.0,94425.23084142289,0.0
61.65,1256.069944,1265.485146,625,0.0,0.0,94301.41874173675,0.0
61.660000000000004,1274.835852,1266.887752,626,0.0,0.0,94405.93813191193,0.0
61.67,1274.835852,1268.079967,626,0.0,0.0,94494.77960610902,0.0
61.68,1274.835852,1269.09335,626,0.0,0.0,94570.29487780608,0.0
61.690000000000005,1281.31603,1270.926752,626,0.0,0.0,94706.91632316276,0.0
61.7,1278.70828,1272.093981,627,0.0,0.0,94793.89589067835,0.0
61.71,1278.70828,1273.086126,627,0.0,0.0,94867.82854914792,0.0
61.72,1278.70828,1273.929449,627,0.0,0.0,94930.67129021753,0.0
61.730000000000004,1278.70828,1274.646273,627,0.0,0.0,94984.08757914182,0.0
61.74,1278.70828,1275.255574,627,0.0,0.0,95029.49146943828,0.0
61.75,1278.70828,1275.77348,628,0.0,0.0,95068.08478736794,0.0
61.76,1273.340939,1275.408599,628,0.0,0.0,95040.894585981,0.0
61.77,1273.340939,1275.09845,628,0.0,0.0,95017.78290362444,0.0
61.78,1296.826953,1278.357725,628,0.0,0.0,95260.65754940038,0.0
61.79,1296.826953,1281.128109,628,0.0,0.0,95467.10101693943,0.0
61.800000000000004,1278.006983,1280.65994,629,0.0,0.0,95432.21400064339,0.0
61.81,1278.006983,1280.261997,629,0.0,0.0,95402.56008522846,0.0
61.82,1278.006983,1279.923745,629,0.0,0.0,95377.35422359264,0.0
61.83,1278.006983,1279.636231,629,0.0,0.0,95355.92925610582,0.0
61.84,1278.006983,1279.391844,629,0.0,0.0,95337.71802629024,0.0
61.85,1278.006983,1279.184115,630,0.0,0.0,95322.23847722106,0.0
61.86,1275.909775,1278.692964,630,0.0,0.0,95285.63888831019,0.0
61.870000000000005,1275.909775,1278.275485,630,0.0,0.0,95254.52918929924,0.0
61.88,1279.048502,1278.391438,630,0.0,0.0,95263.16977464466,0.0
61.89,1279.048502,1278.489997,631,0.0,0.0,95270.51419394434,0.0
61.9,1405.62426,1297.560137,632,0.0,0.0,96691.58283571215,0.0
61.910000000000004,1405.62426,1313.769755,632,0.0,0.0,97899.49110669678,0.0
61.92,1405.62426,1327.547931,632,0.0,0.0,98926.21318919634,0.0
61.93,1405.62426,1339.25938,632,0.0,0.0,99798.92691461011,0.0
61.940000000000005,1405.62426,1349.214112,632,0.0,0.0,100540.73360729315,0.0
61.95,1405.62426,1357.675634,632,0.0,0.0,101171.26928117013,0.0
61.96,1536.577993,1384.510988,632,0.0,0.0,103170.98611912403,0.0
61.97,1536.577993,1407.321039,633,0.0,0.0,104870.74543883665,0.0
61.980000000000004,1536.577993,1426.709582,633,0.0,0.0,106315.54083451106,0.0
61.99,1531.080714,1442.365252,633,0.0,0.0,107482.17000990592,0.0
62.0,1521.830244,1454.285001,635,0.0,0.0,108370.40583416537,0.0
62.01,1521.830244,1464.416787,635,0.0,0.0,109125.40623634921,0.0
62.02,1521.830244,1473.028806,635,0.0,0.0,109767.15664527168,0.0
62.03,1521.830244,1480.349021,635,0.0,0.0,110312.64440716006,0.0
62.04,1521.830244,1486.571205,635,0.0,0.0,110776.3090979127,0.0
62.050000000000004,1521.830244,1491.860061,635,0.0,0.0,111170.42405524521,0.0
62.06,1521.830244,1496.355588,635,0.0,0.0,111505.42172426706,0.0
62.07,1521.830244,1500.176787,635,0.0,0.0,111790.16982117956,0.0
62.08,1521.830244,1503.424805,635,0.0,0.0,112032.20561785948,0.0
62.09,1533.740803,1507.972205,636,0.0,0.0,112371.06875895726,0.0
62.1,1533.875591,1511.857713,637,0.0,0.0,112660.6090337606,0.0
62.11,1533.875591,1515.160395,637,0.0,0.0,112906.71828224702,0.0
62.120000000000005,1533.875591,1517.967674,637,0.0,0.0,113115.91109129788,0.0
62.13,1533.875591,1520.353862,637,0.0,0.0,113293.72504233141,0.0
62.14,1533.875591,1522.382121,637,0.0,0.0,113444.86684109553,0.0
62.15,1533.875591,1524.106142,637,0.0,0.0,113573.33743338531,0.0
62.160000000000004,1551.500549,1528.215303,637,0.0,0.0,113879.5438818474,0.0
62.17,1551.500549,1531.70809,638,0.0,0.0,114139.8193742179,0.0
62.18,1531.224811,1531.635598,638,0.0,0.0,114134.41741555484,0.0
62.190000000000005,1531.224811,1531.57398,638,0.0,0.0,114129.82576559483,0.0
62.2,1550.497443,1534.412499,639,0.0,0.0,114341.34651688255,0.0
62.21,1550.497443,1536.825241,639,0.0,0.0,114521.1392188174,0.0
62.22,1550.497443,1538.876071,639,0.0,0.0,114673.96296329945,0.0
62.230000000000004,1550.497443,1540.619277,639,0.0,0.0,114803.86318336819,0.0
62.24,1550.497443,1542.101002,639,0.0,0.0,114914.27836297479,0.0
62.25,1550.497443,1543.360468,640,0.0,0.0,115008.13124701094,0.0
62.26,1525.667225,1540.706481,640,0.0,0.0,114810.3614508081,0.0
62.27,1525.667225,1538.450593,640,0.0,0.0,114642.2571948278,0.0
62.28,1546.520228,1539.661038,640,0.0,0.0,114732.45713211638,0.0
62.29,1546.520228,1540.689917,641,0.0,0.0,114809.12713470016,0.0
62.300000000000004,1543.42608,1541.100341,642,0.0,0.0,114839.7111092399,0.0
62.31,1543.42608,1541.449202,642,0.0,0.0,114865.70753230946,0.0
62.32,1543.42608,1541.745734,642,0.0,0.0,114887.80450309628,0.0
62.33,1543.42608,1541.997786,642,0.0,0.0,114906.58691336148,0.0
62.34,1543.42608,1542.21203,642,0.0,0.0,114922.5519471833,0.0
62.35,1543.42608,1542.394138,642,0.0,0.0,114936.12227064268,0.0
62.36,1504.118646,1536.652814,642,0.0,0.0,114508.2903040903,0.0
62.370000000000005,1504.118646,1531.772689,643,0.0,0.0,114144.63316232798,0.0
62.38,1504.118646,1527.624582,643,0.0,0.0,113835.52453594153,0.0
62.39,1531.401149,1528.191067,643,0.0,0.0,113877.7378636639,0.0
62.4,1538.862791,1529.791826,644,0.0,0.0,113997.02321856574,0.0
62.410000000000004,1538.862791,1531.152471,644,0.0,0.0,114098.41575905461,0.0
62.42,1538.862791,1532.309019,644,0.0,0.0,114184.59939984063,0.0
62.43,1538.862791,1533.292085,644,0.0,0.0,114257.85550941236,0.0
62.440000000000005,1538.862791,1534.127691,645,0.0,0.0,114320.12319509652,0.0
62.45,1538.862791,1534.837956,645,0.0,0.0,114373.05072047625,0.0
62.46,1555.22364,1537.895808,645,0.0,0.0,114600.91572767426,0.0
62.47,1555.22364,1540.494983,645,0.0,0.0,114794.60104340696,0.0
62.480000000000004,1546.872525,1541.451614,646,0.0,0.0,114865.88726971905,0.0
62.49,1546.872525,1542.264751,646,0.0,0.0,114926.48061052099,0.0
62.5,1542.747031,1542.337093,647,0.0,0.0,114931.87139148448,0.0
62.51,1542.747031,1542.398584,647,0.0,0.0,114936.45357765883,0.0
62.52,1542.747031,1542.450851,647,0.0,0.0,114940.34840982573,0.0
62.53,1542.747031,1542.495278,647,0.0,0.0,114943.65902089351,0.0
62.54,1542.747031,1542.533041,647,0.0,0.0,114946.47304402698,0.0
62.550000000000004,1542.747031,1542.56514,647,0.0,0.0,114948.86499722357,0.0
62.56,1543.439887,1542.696352,648,0.0,0.0,114958.64265269035,0.0
62.57,1543.439887,1542.807882,648,0.0,0.0,114966.95364493354,0.0
62.58,1543.439887,1542.902683,648,0.0,0.0,114974.01802559926,0.0
62.59,1531.258422,1541.156043,648,0.0,0.0,114843.86191072766,0.0
62.6,1545.931805,1541.872408,650,0.0,0.0,114897.24399589117,0.0
62.61,1545.931805,1542.481317,650,0.0,0.0,114942.61867513263,0.0
62.620000000000005,1545.931805,1542.998891,650,0.0,0.0,114981.1872530872,0.0
62.63,1545.931805,1543.438828,650,0.0,0.0,115013.97047728238,0.0
62.64,1545.931805,1543.812774,650,0.0,0.0,115041.8361843152,0.0
62.65,1545.931805,1544.130629,650,0.0,0.0,115065.52210235925,0.0
62.660000000000004,1542.168638,1543.83633,650,0.0,0.0,115043.5915302605,0.0
62.67,1542.168638,1543.586176,650,0.0,0.0,115024.95055515424,0.0
62.68,1542.168638,1543.373546,651,0.0,0.0,115009.10579338013,0.0
62.690000000000005,1479.284368,1533.760169,651,0.0,0.0,114292.7361916786,0.0
62.7,1573.395207,1539.705425,652,0.0,0.0,114735.76476246426,0.0
62.71,1573.395207,1544.758892,652,0.0,0.0,115112.33900292125,0.0
62.72,1573.395207,1549.054339,652,0.0,0.0,115432.42711103558,0.0
62.730000000000004,1573.395207,1552.70547,652,0.0,0.0,115704.50208117666,0.0
62.74,1573.395207,1555.80893,652,0.0,0.0,115935.76570519728,0.0
62.75,1573.395207,1558.446872,653,0.0,0.0,116132.33986013282,0.0
62.76,1492.619086,1548.572704,653,0.0,0.0,115396.53663538735,0.0
62.77,1492.619086,1540.179661,653,0.0,0.0,114771.10387945015,0.0
62.78,1492.619086,1533.045575,653,0.0,0.0,114239.48607788842,0.0
62.79,1531.253675,1532.77679,654,0.0,0.0,114219.45675797373,0.0
62.800000000000004,1538.276988,1533.60182,655,0.0,0.0,114280.93634131804,0.0
62.81,1538.276988,1534.303095,655,0.0,0.0,114333.1939499017,0.0
62.82,1538.276988,1534.899179,655,0.0,0.0,114377.61293582733,0.0
62.83,1538.276988,1535.40585,655,0.0,0.0,114415.36904405692,0.0
62.84,1538.276988,1535.836521,655,0.0,0.0,114447.46178448874,0.0
62.85,1538.276988,1536.202591,655,0.0,0.0,114474.74058777449,0.0
62.86,1543.606197,1537.313132,655,0.0,0.0,114557.49587905697,0.0
62.870000000000005,1543.606197,1538.257092,656,0.0,0.0,114627.83788782479,0.0
62.88,1546.649499,1539.515953,656,0.0,0.0,114721.6456884725,0.0
62.89,1546.649499,1540.585985,656,0.0,0.0,114801.38233020077,0.0
62.9,1555.022533,1542.751467,657,0.0,0.0,114962.74971211368,0.0
62.910000000000004,1555.022533,1544.592127,657,0.0,0.0,115099.91200909505,0.0
62.92,1555.022533,1546.156688,657,0.0,0.0,115216.49996152922,0.0
62.93,1555.022533,1547.486564,657,0.0,0.0,115315.59965775798,0.0
62.940000000000005,1555.022533,1548.61696,657,0.0,0.0,115399.8345038776,0.0
62.95,1555.022533,1549.577795,658,0.0,0.0,115471.43400385047,0.0
62.96,1495.844098,1541.517741,658,0.0,0.0,114870.81492132905,0.0
62.97,1495.844098,1534.666694,658,0.0,0.0,114360.28861921604,0.0
62.980000000000004,1495.844098,1528.843305,658,0.0,0.0,113926.34133321208,0.0
62.99,1541.658444,1530.765576,659,0.0,0.0,114069.58511847425,0.0
63.0,1526.678135,1530.15246,661,0.0,0.0,114023.89694201798,0.0
63.01,1526.678135,1529.631311,661,0.0,0.0,113985.06196222294,0.0
63.02,1526.678135,1529.188335,661,0.0,0.0,113952.05227783385,0.0
63.03,1526.678135,1528.811805,661,0.0,0.0,113923.99401629592,0.0
63.04,1526.678135,1528.491754,661,0.0,0.0,113900.14445672969,0.0
63.050000000000004,1526.678135,1528.219711,661,0.0,0.0,113879.87235717967,0.0
63.06,1526.678135,1527.988475,661,0.0,0.0,113862.6411135471,0.0
63.07,1526.678135,1527.791924,661,0.0,0.0,113847.9945266522,0.0
63.08,1526.678135,1527.624855,661,0.0,0.0,113835.5448793548,0.0
63.09,1567.544074,1533.612738,661,0.0,0.0,114281.74992881299,0.0
63.1,1538.473275,1534.341819,662,0.0,0.0,114336.07958483064,0.0
63.11,1538.473275,1534.961537,662,0.0,0.0,114382.25972910538,0.0
63.120000000000005,1538.473275,1535.488298,662,0.0,0.0,114421.51290390149,0.0
63.13,1538.473275,1535.936044,662,0.0,0.0,114454.87803913788,0.0
63.14,1538.473275,1536.316629,662,0.0,0.0,114483.238471155,0.0
63.15,1538.473275,1536.640126,663,0.0,0.0,114507.34481974006,0.0
63.160000000000004,1543.283734,1537.636667,663,0.0,0.0,114581.60505932591,0.0
63.17,1543.283734,1538.483727,663,0.0,0.0,114644.72627415162,0.0
63.18,1546.87005,1539.741675,664,0.0,0.0,114738.46603986778,0.0
63.190000000000005,1546.87005,1540.810932,664,0.0,0.0,114818.14493014812,0.0
63.2,1531.006627,1539.340286,665,0.0,0.0,114708.55533543402,0.0
63.21,1531.006627,1538.090237,665,0.0,0.0,114615.40418737881,0.0
63.22,1531.006627,1537.027695,665,0.0,0.0,114536.22568545061,0.0
63.230000000000004,1531.006627,1536.124535,665,0.0,0.0,114468.92401097422,0.0
63.24,1531.006627,1535.356849,665,0.0,0.0,114411.71758766929,0.0
63.25,1531.006627,1534.704316,665,0.0,0.0,114363.09213531192,0.0
63.26,1544.3459,1536.150553,666,0.0,0.0,114470.86282022897,0.0
63.27,1544.3459,1537.379855,666,0.0,0.0,114562.46794339339,0.0
63.28,1544.3459,1538.424762,666,0.0,0.0,114640.33232043855,0.0
63.29,1541.665125,1538.910816,666,0.0,0.0,114676.55209111699,0.0
63.300000000000004,1532.927028,1538.013248,667,0.0,0.0,114609.66712128172,0.0
63.31,1532.927028,1537.250315,667,0.0,0.0,114552.81488201815,0.0
63.32,1532.927028,1536.601822,667,0.0,0.0,114504.49048237,0.0
63.33,1532.927028,1536.050603,667,0.0,0.0,114463.41474639498,0.0
63.34,1532.927028,1535.582067,668,0.0,0.0,114428.50038199393,0.0
63.35,1532.927028,1535.183811,668,0.0,0.0,114398.82314244584,0.0
63.36,1540.741412,1536.017451,668,0.0,0.0,114460.94432574722,0.0
63.370000000000005,1540.741412,1536.726045,668,0.0,0.0,114513.74733155342,0.0
63.38,1546.860073,1538.246149,669,0.0,0.0,114627.02243737988,0.0
63.39,1546.860073,1539.538238,669,0.0,0.0,114723.30632204321,0.0
63.4,1536.492679,1539.081404,670,0.0,0.0,114689.26396724698,0.0
63.410000000000004,1536.492679,1538.693095,670,0.0,0.0,114660.32795821842,0.0
63.42,1536.492679,1538.363033,670,0.0,0.0,114635.73239898082,0.0
63.43,1536.492679,1538.08248,670,0.0,0.0,114614.82615127346,0.0
63.440000000000005,1536.492679,1537.844009,670,0.0,0.0,114597.05576993013,0.0
63.45,1536.492679,1537.64131,670,0.0,0.0,114581.95104638756,0.0
63.46,1544.758573,1538.708899,671,0.0,0.0,114661.50564064835,0.0
63.47,1544.758573,1539.61635,671,0.0,0.0,114729.12707185131,0.0
63.480000000000004,1544.758573,1540.387684,671,0.0,0.0,114786.60533681053,0.0
63.49,1531.266385,1539.019489,671,0.0,0.0,114684.65018544177,0.0
63.5,1536.897128,1538.701135,673,0.0,0.0,114660.92708291701,0.0
63.51,1536.897128,1538.430534,673,0.0,0.0,114640.76243831919,0.0
63.52,1536.897128,1538.200523,673,0.0,0.0,114623.62247923332,0.0
63.53,1536.897128,1538.005014,673,0.0,0.0,114609.05354009163,0.0
63.54,1536.897128,1537.838831,673,0.0,0.0,114596.6699157399,0.0
63.550000000000004,1536.897128,1537.697576,673,0.0,0.0,114586.14387602582,0.0
63.56,1495.843035,1531.419395,673,0.0,0.0,114118.30640097622,0.0
63.57,1495.843035,1526.082941,674,0.0,0.0,113720.64453600637,0.0
63.58,1546.865719,1529.200357,674,0.0,0.0,113952.94813319785,0.0
63.59,1546.865719,1531.850162,674,0.0,0.0,114150.4062951358,0.0
63.6,1537.03237,1532.627493,675,0.0,0.0,114208.33144452504,0.0
63.61,1537.03237,1533.288224,675,0.0,0.0,114257.56779542463,0.0
63.620000000000005,1537.03237,1533.849846,675,0.0,0.0,114299.41874212596,0.0
63.63,1537.03237,1534.327225,675,0.0,0.0,114334.99206917749,0.0
63.64,1537.03237,1534.732996,675,0.0,0.0,114365.22931147559,0.0
63.65,1537.03237,1535.077902,676,0.0,0.0,114390.93101586567,0.0
63.660000000000004,1530.962728,1534.460626,676,0.0,0.0,114344.93284454048,0.0
63.67,1530.962728,1533.935942,676,0.0,0.0,114305.83444362483,0.0
63.68,1530.962728,1533.489959,676,0.0,0.0,114272.60068361774,0.0
63.690000000000005,1541.766933,1534.731506,677,0.0,0.0,114365.11827965957,0.0
63.7,1539.131956,1535.391573,678,0.0,0.0,114414.30515060893,0.0
63.71,1539.131956,1535.95263,678,0.0,0.0,114456.11399464174,0.0
63.72,1539.131956,1536.429529,678,0.0,0.0,114491.65155305453,0.0
63.730000000000004,1539.131956,1536.834893,678,0.0,0.0,114521.85846652773,0.0
63.74,1539.131956,1537.179453,678,0.0,0.0,114547.53438769074,0.0
63.75,1539.131956,1537.472328,678,0.0,0.0,114569.3588461613,0.0
63.76,1542.055664,1538.159828,678,0.0,0.0,114620.58996933162,0.0
63.77,1542.055664,1538.744204,679,0.0,0.0,114664.13649854438,0.0
63.78,1542.055664,1539.240923,679,0.0,0.0,114701.15100366446,0.0
63.79,1531.24459,1538.041473,679,0.0,0.0,114611.7703917566,0.0
63.800000000000004,1537.617607,1537.977893,680,0.0,0.0,114607.0325374858,0.0
63.81,1537.617607,1537.92385,680,0.0,0.0,114603.00536135562,0.0
63.82,1537.617607,1537.877914,680,0.0,0.0,114599.58230262987,0.0
63.83,1537.617607,1537.838868,680,0.0,0.0,114596.67267290581,0.0
63.84,1537.617607,1537.805679,680,0.0,0.0,114594.19949509212,0.0
63.85,1537.617607,1537.777468,681,0.0,0.0,114592.09726786919,0.0
63.86,1544.845183,1538.837625,681,0.0,0.0,114671.09804437376,0.0
63.870000000000005,1544.845183,1539.738759,681,0.0,0.0,114738.24874538754,0.0
63.88,1546.873376,1540.808951,681,0.0,0.0,114817.9973099954,0.0
63.89,1546.873376,1541.718615,682,0.0,0.0,114885.78364952646,0.0
63.9,1538.063128,1541.170292,683,0.0,0.0,114844.92371767173,0.0
63.910000000000004,1538.063128,1540.704217,683,0.0,0.0,114810.19274206212,0.0
63.92,1538.063128,1540.308054,683,0.0,0.0,114780.67146868246,0.0
63.93,1538.063128,1539.971315,683,0.0,0.0,114755.57835277663,0.0
63.940000000000005,1538.063128,1539.685087,683,0.0,0.0,114734.24921543438,0.0
63.95,1538.063128,1539.441793,683,0.0,0.0,114716.11943378988,0.0
63.96,1515.253883,1535.813607,684,0.0,0.0,114445.75427909772,0.0
63.97,1515.253883,1532.729648,684,0.0,0.0,114215.94383054318,0.0
63.980000000000004,1515.253883,1530.108283,684,0.0,0.0,114020.60496044955,0.0
63.99,1563.183007,1535.069492,684,0.0,0.0,114390.30431950807,0.0
64.0,1533.064938,1534.768809,686,0.0,0.0,114367.89802451429,0.0
64.01,1533.064938,1534.513228,686,0.0,0.0,114348.85264023648,0.0
64.02,1533.064938,1534.295985,686,0.0,0.0,114332.66412694062,0.0
64.03,1533.064938,1534.111328,686,0.0,0.0,114318.90385710607,0.0
64.04,1533.064938,1533.954369,686,0.0,0.0,114307.2075867618,0.0
64.05,1533.064938,1533.820955,686,0.0,0.0,114297.26584266484,0.0
64.06,1533.064938,1533.707552,686,0.0,0.0,114288.81527821266,0.0
64.07000000000001,1533.064938,1533.61116,686,0.0,0.0,114281.63233941318,0.0
64.08,1533.064938,1533.529227,687,0.0,0.0,114275.52685633724,0.0
64.09,1526.488977,1532.47319,687,0.0,0.0,114196.83309398172,0.0
64.1,1537.457075,1533.220772,688,0.0,0.0,114252.54140746813,0.0
64.11,1537.457075,1533.856218,688,0.0,0.0,114299.893570805,0.0
64.12,1537.457075,1534.396346,688,0.0,0.0,114340.14282767153,0.0
64.13,1537.457075,1534.855456,688,0.0,0.0,114374.35478542969,0.0
64.14,1537.457075,1535.245699,688,0.0,0.0,114403.43491226513,0.0
64.15,1537.457075,1535.577405,688,0.0,0.0,114428.15297909033,0.0
64.16,1545.181157,1537.017968,689,0.0,0.0,114535.50084889052,0.0
64.17,1545.181157,1538.242446,689,0.0,0.0,114626.74649723574,0.0
64.18,1546.810266,1539.527619,689,0.0,0.0,114722.51501542945,0.0
64.19,1546.810266,1540.620016,689,0.0,0.0,114803.91825216821,0.0
64.2,1531.619015,1539.269866,691,0.0,0.0,114703.30777806144,0.0
64.21000000000001,1531.619015,1538.122238,691,0.0,0.0,114617.78883781165,0.0
64.22,1531.619015,1537.146755,691,0.0,0.0,114545.09779821376,0.0
64.23,1531.619015,1536.317594,691,0.0,0.0,114483.31038102243,0.0
64.24,1531.619015,1535.612807,691,0.0,0.0,114430.79106523212,0.0
64.25,1531.619015,1535.013738,691,0.0,0.0,114386.14964308446,0.0
64.26,1555.567438,1538.096793,691,0.0,0.0,114615.89272736937,0.0
64.27,1555.567438,1540.71739,691,0.0,0.0,114811.17436764107,0.0
64.28,1546.870514,1541.640359,692,0.0,0.0,114879.95216912673,0.0
64.29,1546.870514,1542.424882,692,0.0,0.0,114938.41325195285,0.0
64.3,1530.276764,1540.602664,693,0.0,0.0,114802.62521587838,0.0
64.31,1530.276764,1539.053779,693,0.0,0.0,114687.20540757051,0.0
64.32000000000001,1530.276764,1537.737227,693,0.0,0.0,114589.0985891383,0.0
64.33,1530.276764,1536.618157,693,0.0,0.0,114505.70773385654,0.0
64.34,1530.276764,1535.666948,693,0.0,0.0,114434.82554412603,0.0
64.35,1530.276764,1534.858421,693,0.0,0.0,114374.57573129178,0.0
64.36,1545.979947,1536.52665,694,0.0,0.0,114498.88881547406,0.0
64.37,1545.979947,1537.944644,694,0.0,0.0,114604.5548885923,0.0
64.38,1546.827512,1539.277075,694,0.0,0.0,114703.84497830423,0.0
64.39,1546.827512,1540.40964,695,0.0,0.0,114788.2414539601,0.0
64.4,1539.921272,1540.336385,696,0.0,0.0,114782.78263806505,0.0
64.41,1539.921272,1540.274118,696,0.0,0.0,114778.14262592477,0.0
64.42,1539.921272,1540.221191,696,0.0,0.0,114774.19861187962,0.0
64.43,1539.921272,1540.176203,696,0.0,0.0,114770.84619621535,0.0
64.44,1539.921272,1540.137964,696,0.0,0.0,114767.99670251511,0.0
64.45,1539.921272,1540.10546,696,0.0,0.0,114765.57456952962,0.0
64.46000000000001,1549.777961,1541.556335,696,0.0,0.0,114873.69086891833,0.0
64.47,1549.777961,1542.789579,697,0.0,0.0,114965.58974202826,0.0
64.48,1549.777961,1543.837836,697,0.0,0.0,115043.70375436448,0.0
64.49,1531.257299,1541.950756,697,0.0,0.0,114903.08233194664,0.0
64.5,1544.34135,1542.309345,698,0.0,0.0,114929.80366609432,0.0
64.51,1544.34135,1542.614146,698,0.0,0.0,114952.51682620113,0.0
64.52,1544.34135,1542.873226,698,0.0,0.0,114971.82294895165,0.0
64.53,1544.34135,1543.093445,698,0.0,0.0,114988.23322780758,0.0
64.54,1544.34135,1543.280631,698,0.0,0.0,115002.1819536574,0.0
64.55,1544.34135,1543.439739,699,0.0,0.0,115014.03836317796,0.0
64.56,1545.196065,1543.703188,699,0.0,0.0,115033.67005505883,0.0
64.57000000000001,1545.196065,1543.927119,699,0.0,0.0,115050.35694472089,0.0
64.58,1531.152006,1542.010852,699,0.0,0.0,114907.56056551472,0.0
64.59,1531.152006,1540.382026,700,0.0,0.0,114786.18371398158,0.0
64.6,1518.208513,1537.055999,701,0.0,0.0,114538.33484284728,0.0
64.61,1518.208513,1534.228876,701,0.0,0.0,114327.66329865722,0.0
64.62,1518.208513,1531.825821,701,0.0,0.0,114148.59245256257,0.0
64.63,1518.208513,1529.783225,701,0.0,0.0,113996.38228927064,0.0
64.64,1518.208513,1528.047018,701,0.0,0.0,113867.00362066527,0.0
64.65,1518.208513,1526.571242,701,0.0,0.0,113757.03174862482,0.0
64.66,1534.866966,1527.815601,701,0.0,0.0,113849.75888927517,0.0
64.67,1534.866966,1528.873306,702,0.0,0.0,113928.57694765025,0.0
64.68,1534.866966,1529.772355,702,0.0,0.0,113995.57227863956,0.0
64.69,1531.354745,1530.009713,702,0.0,0.0,114013.25972145186,0.0
64.7,1545.473511,1532.329283,703,0.0,0.0,114186.10943253871,0.0
64.71000000000001,1545.473511,1534.300917,703,0.0,0.0,114333.03164970351,0.0
64.72,1545.473511,1535.976806,703,0.0,0.0,114457.91554174539,0.0
64.73,1545.473511,1537.401312,703,0.0,0.0,114564.06687606228,0.0
64.74,1545.473511,1538.612142,703,0.0,0.0,114654.29550277985,0.0
64.75,1545.473511,1539.641347,704,0.0,0.0,114730.98979823079,0.0
64.76,1530.702335,1538.300496,704,0.0,0.0,114631.07226698125,0.0
64.77,1530.702335,1537.160771,704,0.0,0.0,114546.14224246446,0.0
64.78,1546.801759,1538.60692,705,0.0,0.0,114653.90636979774,0.0
64.79,1546.801759,1539.836145,705,0.0,0.0,114745.50575507636,0.0
64.8,1539.60687,1539.801754,706,0.0,0.0,114742.94300662988,0.0
64.81,1539.60687,1539.772521,706,0.0,0.0,114740.7646220137,0.0
64.82000000000001,1539.60687,1539.747674,706,0.0,0.0,114738.91307333381,0.0
64.83,1539.60687,1539.726553,706,0.0,0.0,114737.33917871203,0.0
64.84,1539.60687,1539.708601,706,0.0,0.0,114736.0014316238,0.0
64.85,1539.60687,1539.693341,706,0.0,0.0,114734.8642869844,0.0
64.86,1537.927913,1539.428527,707,0.0,0.0,114715.13087803716,0.0
64.87,1537.927913,1539.203435,707,0.0,0.0,114698.3574729802,0.0
64.88,1537.927913,1539.012106,707,0.0,0.0,114684.10001906741,0.0
64.89,1541.661168,1539.409466,707,0.0,0.0,114713.7104904899,0.0
64.9,1537.736425,1539.15851,708,0.0,0.0,114695.00975194978,0.0
64.91,1537.736425,1538.945197,708,0.0,0.0,114679.11409438349,0.0
64.92,1537.736425,1538.763881,708,0.0,0.0,114665.60278917804,0.0
64.93,1537.736425,1538.609763,708,0.0,0.0,114654.11822446418,0.0
64.94,1537.736425,1538.478762,709,0.0,0.0,114644.35629229482,0.0
64.95,1537.736425,1538.367411,709,0.0,0.0,114636.05863877316,0.0
64.96000000000001,1532.097151,1537.426872,709,0.0,0.0,114565.97155607426,0.0
64.97,1532.097151,1536.627414,709,0.0,0.0,114506.39754695789,0.0
64.98,1546.772062,1538.149111,710,0.0,0.0,114619.79135995414,0.0
64.99,1546.772062,1539.442554,710,0.0,0.0,114716.17614198584,0.0
65.0,1529.650362,1537.973725,712,0.0,0.0,114606.72194647291,0.0
65.01,1529.650362,1536.725221,712,0.0,0.0,114513.6859287236,0.0
65.02,1529.650362,1535.663992,712,0.0,0.0,114434.6052689259,0.0
65.03,1529.650362,1534.761947,712,0.0,0.0,114367.38668201654,0.0
65.04,1529.650362,1533.99521,712,0.0,0.0,114310.25097629112,0.0
65.05,1529.650362,1533.343482,712,0.0,0.0,114261.68551092157,0.0
65.06,1529.650362,1532.789514,712,0.0,0.0,114220.40492497187,0.0
65.07000000000001,1529.650362,1532.318641,712,0.0,0.0,114185.31641201105,0.0
65.08,1529.650362,1531.9184,712,0.0,0.0,114155.49125423821,0.0
65.09,1582.00277,1539.431055,712,0.0,0.0,114715.31925953444,0.0
65.1,1545.514758,1540.343611,714,0.0,0.0,114783.32110511382,0.0
65.11,1545.514758,1541.119283,714,0.0,0.0,114841.12262914551,0.0
65.12,1545.514758,1541.778604,714,0.0,0.0,114890.25390966881,0.0
65.13,1545.514758,1542.339027,714,0.0,0.0,114932.01550929133,0.0
65.14,1545.514758,1542.815387,714,0.0,0.0,114967.51290250357,0.0
65.15,1545.514758,1543.220292,714,0.0,0.0,114997.68561221598,0.0
65.16,1530.677891,1541.338932,714,0.0,0.0,114857.49043274294,0.0
65.17,1530.677891,1539.739776,715,0.0,0.0,114738.32453019083,0.0
65.18,1531.177882,1538.455492,715,0.0,0.0,114642.62225849678,0.0
65.19,1531.177882,1537.36385,715,0.0,0.0,114561.27528284599,0.0
65.2,1542.849787,1538.186741,716,0.0,0.0,114622.59547219399,0.0
65.21000000000001,1542.849787,1538.886198,716,0.0,0.0,114674.7176070585,0.0
65.22,1542.849787,1539.480736,716,0.0,0.0,114719.02138816022,0.0
65.23,1542.849787,1539.986094,716,0.0,0.0,114756.67965425932,0.0
65.24,1542.849787,1540.415648,716,0.0,0.0,114788.6891580881,0.0
65.25,1542.849787,1540.780769,717,0.0,0.0,114815.89724379439,0.0
65.26,1530.847305,1539.290749,717,0.0,0.0,114704.86393739984,0.0
65.27,1530.847305,1538.024232,717,0.0,0.0,114610.4856269645,0.0
65.28,1531.227491,1537.004721,717,0.0,0.0,114534.51370897974,0.0
65.29,1531.227491,1536.138137,718,0.0,0.0,114469.93760477402,0.0
65.3,1539.657561,1536.66605,719,0.0,0.0,114509.2766243031,0.0
65.31,1539.657561,1537.114777,719,0.0,0.0,114542.71486169487,0.0
65.32000000000001,1539.657561,1537.496194,719,0.0,0.0,114571.13729268579,0.0
65.33,1539.657561,1537.820399,719,0.0,0.0,114595.29640001296,0.0
65.34,1539.657561,1538.095974,719,0.0,0.0,114615.83169712957,0.0
65.35,1539.657561,1538.330212,719,0.0,0.0,114633.28664379017,0.0
65.36,1537.757051,1538.244238,719,0.0,0.0,114626.88003348697,0.0
65.37,1537.757051,1538.17116,720,0.0,0.0,114621.43440727747,0.0
65.38,1531.193499,1537.124511,720,0.0,0.0,114543.44021988094,0.0
65.39,1531.193499,1536.234859,720,0.0,0.0,114477.14513451261,0.0
65.4,1541.814042,1537.071736,721,0.0,0.0,114539.50753257143,0.0
65.41,1541.814042,1537.783082,721,0.0,0.0,114592.51561190624,0.0
65.42,1541.814042,1538.387726,721,0.0,0.0,114637.5724718891,0.0
65.43,1541.814042,1538.901674,721,0.0,0.0,114675.8708475853,0.0
65.44,1541.814042,1539.338529,721,0.0,0.0,114708.42440731269,0.0
65.45,1541.814042,1539.709856,722,0.0,0.0,114736.09495171045,0.0
65.46000000000001,1545.576254,1540.589816,722,0.0,0.0,114801.66780864858,0.0
65.47,1545.576254,1541.337781,722,0.0,0.0,114857.40466252799,0.0
65.48,1531.228869,1539.821445,722,0.0,0.0,114744.41034051549,0.0
65.49,1531.228869,1538.532558,723,0.0,0.0,114648.36506247966,0.0
65.5,1538.866351,1538.582627,724,0.0,0.0,114652.0961040884,0.0
65.51,1538.866351,1538.625186,724,0.0,0.0,114655.26751553714,0.0
65.52,1538.866351,1538.66136,724,0.0,0.0,114657.96312957288,0.0
65.53,1538.866351,1538.692109,724,0.0,0.0,114660.25448347304,0.0
65.54,1538.866351,1538.718245,724,0.0,0.0,114662.20208585147,0.0
65.55,1538.866351,1538.740461,724,0.0,0.0,114663.85757768036,0.0
65.56,1489.037454,1531.28501,724,0.0,0.0,114108.29229990387,0.0
65.57000000000001,1489.037454,1524.947877,725,0.0,0.0,113636.06183987517,0.0
65.58,1546.77067,1528.221296,725,0.0,0.0,113879.99046820546,0.0
65.59,1546.77067,1531.003702,725,0.0,0.0,114087.32979110852,0.0
65.6,1540.881966,1532.485442,726,0.0,0.0,114197.7460884851,0.0
65.61,1540.881966,1533.74492,726,0.0,0.0,114291.5998667372,0.0
65.62,1540.881966,1534.815477,726,0.0,0.0,114371.37563041408,0.0
65.63,1540.881966,1535.72545,726,0.0,0.0,114439.18499600633,0.0
65.64,1540.881966,1536.498928,727,0.0,0.0,114496.82302755184,0.0
65.65,1540.881966,1537.156384,727,0.0,0.0,114545.81533201013,0.0
65.66,1535.060421,1536.841989,727,0.0,0.0,114522.38724623685,0.0
65.67,1535.060421,1536.574754,727,0.0,0.0,114502.47342921804,0.0
65.68,1535.060421,1536.347604,728,0.0,0.0,114485.54666612255,0.0
65.69,1541.750589,1537.158052,728,0.0,0.0,114545.9396280297,0.0
65.7,1547.430087,1538.698857,729,0.0,0.0,114660.75733091906,0.0
65.71000000000001,1547.430087,1540.008542,729,0.0,0.0,114758.35243426356,0.0
65.72,1547.430087,1541.121773,729,0.0,0.0,114841.30817895886,0.0
65.73,1547.430087,1542.06802,729,0.0,0.0,114911.82061038658,0.0
65.74,1547.430087,1542.87233,729,0.0,0.0,114971.75618082602,0.0
65.75,1547.430087,1543.555994,729,0.0,0.0,115022.70145295854,0.0
65.76,1527.258206,1541.111326,730,0.0,0.0,114840.52968944066,0.0
65.77,1527.258206,1539.033358,730,0.0,0.0,114685.68367554684,0.0
65.78,1531.189288,1537.856748,730,0.0,0.0,114598.00505469821,0.0
65.79,1531.189288,1536.856629,730,0.0,0.0,114523.47818971788,0.0
65.8,1540.730361,1537.437689,732,0.0,0.0,114566.77761725149,0.0
65.81,1540.730361,1537.931589,732,0.0,0.0,114603.58205613703,0.0
65.82000000000001,1540.730361,1538.351405,732,0.0,0.0,114634.86590370777,0.0
65.83,1540.730361,1538.708249,732,0.0,0.0,114661.45720395009,0.0
65.84,1540.730361,1539.011565,732,0.0,0.0,114684.05970483084,0.0
65.85,1540.730361,1539.269385,732,0.0,0.0,114703.2719349047,0.0
65.86,1547.932458,1540.568846,732,0.0,0.0,114800.10516624438,0.0
65.87,1547.932458,1541.673388,732,0.0,0.0,114882.41342406081,0.0
65.88,1531.243569,1540.108915,733,0.0,0.0,114765.83202921045,0.0
65.89,1531.243569,1538.779113,733,0.0,0.0,114666.73784731349,0.0
65.9,1543.368326,1539.467495,734,0.0,0.0,114718.03469535748,0.0
65.91,1543.368326,1540.05262,734,0.0,0.0,114761.63703855025,0.0
65.92,1543.368326,1540.549976,734,0.0,0.0,114798.69901163461,0.0
65.93,1543.368326,1540.972728,734,0.0,0.0,114830.20164404552,0.0
65.94,1543.368326,1541.332068,734,0.0,0.0,114856.9789412092,0.0
65.95,1543.368326,1541.637507,735,0.0,0.0,114879.73964379831,0.0
65.96000000000001,1529.638149,1539.837603,735,0.0,0.0,114745.61440231648,0.0
65.97,1529.638149,1538.307685,735,0.0,0.0,114631.6079768641,0.0
65.98,1546.730999,1539.571182,735,0.0,0.0,114725.7612429475,0.0
65.99,1546.730999,1540.645155,736,0.0,0.0,114805.7915601033,0.0
66.0,1542.901342,1540.983583,737,0.0,0.0,114831.01053690663,0.0
66.01,1542.901342,1541.271247,737,0.0,0.0,114852.44668209304,0.0
66.02,1542.901342,1541.515761,737,0.0,0.0,114870.66737569433,0.0
66.03,1542.901342,1541.723598,737,0.0,0.0,114886.1549727072,0.0
66.04,1542.901342,1541.90026,737,0.0,0.0,114899.31947115302,0.0
66.05,1542.901342,1542.050422,737,0.0,0.0,114910.50924266942,0.0
66.06,1542.901342,1542.17806,737,0.0,0.0,114920.02057081371,0.0
66.07000000000001,1542.901342,1542.286552,738,0.0,0.0,114928.105177381,0.0
66.08,1542.901342,1542.378771,738,0.0,0.0,114934.97715257756,0.0
66.09,1541.80518,1542.292732,738,0.0,0.0,114928.56569860454,0.0
66.1,1508.736127,1537.259242,739,0.0,0.0,114553.4801041804,0.0
66.11,1508.736127,1532.980774,739,0.0,0.0,114234.65723714286,0.0
66.12,1508.736127,1529.344077,739,0.0,0.0,113963.65785977537,0.0
66.13,1508.736127,1526.252885,739,0.0,0.0,113733.30842254609,0.0
66.14,1508.736127,1523.625371,739,0.0,0.0,113537.51134128681,0.0
66.15,1508.736127,1521.391984,740,0.0,0.0,113371.08381476461,0.0
66.16,1508.736127,1519.493606,740,0.0,0.0,113229.62048801286,0.0
66.17,1559.364172,1525.474191,740,0.0,0.0,113675.28170512646,0.0
66.18,1559.364172,1530.557688,740,0.0,0.0,114054.09372104354,0.0
66.19,1531.225118,1530.657802,741,0.0,0.0,114061.55401582908,0.0
66.2,1532.971357,1531.004836,742,0.0,0.0,114087.41429451751,0.0
66.21000000000001,1532.971357,1531.299814,742,0.0,0.0,114109.39546433649,0.0
66.22,1532.971357,1531.550545,742,0.0,0.0,114128.0794363272,0.0
66.23,1532.971357,1531.763667,742,0.0,0.0,114143.960860956,0.0
66.24,1532.971357,1531.944821,742,0.0,0.0,114157.46009424591,0.0
66.25,1532.971357,1532.098801,742,0.0,0.0,114168.9343754761,0.0
66.26,1532.971357,1532.229684,742,0.0,0.0,114178.68751452176,0.0
66.27,1532.971357,1532.340935,743,0.0,0.0,114186.9777162437,0.0
66.28,1538.534316,1533.269942,743,0.0,0.0,114256.20545739727,0.0
66.29,1538.534316,1534.059598,743,0.0,0.0,114315.04904110373,0.0
66.3,1560.076342,1537.96211,745,0.0,0.0,114605.8564199338,0.0
66.31,1560.076342,1541.279245,745,0.0,0.0,114853.04267703576,0.0
66.32000000000001,1560.076342,1544.098809,745,0.0,0.0,115063.15093968395,0.0
66.33,1560.076342,1546.495439,745,0.0,0.0,115241.74300764568,0.0
66.34,1560.076342,1548.532575,745,0.0,0.0,115393.54630267217,0.0
66.35,1560.076342,1550.26414,745,0.0,0.0,115522.57905873389,0.0
66.36,1560.076342,1551.73597,745,0.0,0.0,115632.25688275682,0.0
66.37,1525.646075,1547.822486,745,0.0,0.0,115340.63189245998,0.0
66.38,1525.646075,1544.496024,746,0.0,0.0,115092.75060599681,0.0
66.39,1531.237827,1542.507295,746,0.0,0.0,114944.5545036675,0.0
66.4,1528.143474,1540.352722,747,0.0,0.0,114784.00003858758,0.0
66.41,1528.143474,1538.521334,747,0.0,0.0,114647.5286724775,0.0
66.42,1528.143474,1536.964655,747,0.0,0.0,114531.52807089838,0.0
66.43,1528.143474,1535.641478,747,0.0,0.0,114432.92757073381,0.0
66.44,1528.143474,1534.516778,747,0.0,0.0,114349.117179127,0.0
66.45,1528.143474,1533.560782,747,0.0,0.0,114277.87827174325,0.0
66.46000000000001,1528.143474,1532.748186,748,0.0,0.0,114217.32524517787,0.0
66.47,1569.095701,1538.200313,748,0.0,0.0,114623.60683045388,0.0
66.48,1569.095701,1542.834621,748,0.0,0.0,114968.94618166437,0.0
66.49,1531.226496,1541.093403,748,0.0,0.0,114839.19410337436,0.0
66.5,1526.933603,1538.969433,750,0.0,0.0,114680.92011256696,0.0
66.51,1526.933603,1537.164058,750,0.0,0.0,114546.38718312171,0.0
66.52,1526.933603,1535.62949,750,0.0,0.0,114432.03424898171,0.0
66.53,1526.933603,1534.325107,750,0.0,0.0,114334.8342400591,0.0
66.54,1526.933603,1533.216381,750,0.0,0.0,114252.21419894182,0.0
66.55,1526.933603,1532.273965,750,0.0,0.0,114181.98724596194,0.0
66.56,1526.933603,1531.472911,750,0.0,0.0,114122.2943061218,0.0
66.57000000000001,1600.046154,1541.758897,750,0.0,0.0,114888.78538349523,0.0
66.58,1600.046154,1550.501986,751,0.0,0.0,115540.30286632889,0.0
66.59,1515.617119,1545.269256,751,0.0,0.0,115150.37030611499,0.0
66.6,1530.522493,1543.057241,752,0.0,0.0,114985.53537823191,0.0
66.61,1530.522493,1541.177029,752,0.0,0.0,114845.4257454198,0.0
66.62,1530.522493,1539.578849,752,0.0,0.0,114726.33257243312,0.0
66.63,1530.522493,1538.220395,752,0.0,0.0,114625.10330087644,0.0
66.64,1530.522493,1537.06571,752,0.0,0.0,114539.05848711946,0.0
66.65,1530.522493,1536.084227,752,0.0,0.0,114465.92033953751,0.0
66.66,1530.522493,1535.249967,753,0.0,0.0,114403.75295507774,0.0
66.67,1546.655473,1536.960793,753,0.0,0.0,114531.24028239264,0.0
66.68,1546.655473,1538.414995,753,0.0,0.0,114639.60450315854,0.0
66.69,1515.612951,1534.994688,753,0.0,0.0,114384.73007523514,0.0
66.7,1536.751936,1535.258275,755,0.0,0.0,114404.37205059965,0.0
66.71000000000001,1536.751936,1535.482324,755,0.0,0.0,114421.06773338537,0.0
66.72,1536.751936,1535.672766,755,0.0,0.0,114435.25908983454,0.0
66.73,1536.751936,1535.834642,755,0.0,0.0,114447.32176517173,0.0
66.74,1536.751936,1535.972236,755,0.0,0.0,114457.57499449755,0.0
66.75,1536.751936,1536.089191,755,0.0,0.0,114466.2902468763,0.0
66.76,1536.751936,1536.188602,755,0.0,0.0,114473.69815550972,0.0
66.77,1545.299374,1537.555218,756,0.0,0.0,114575.53564296069,0.0
66.78,1545.299374,1538.716841,756,0.0,0.0,114662.0974625832,0.0
66.79,1607.543124,1549.040784,756,0.0,0.0,115431.41701958164,0.0
66.8,1532.216494,1546.51714,758,0.0,0.0,115243.36012270594,0.0
66.81,1532.216494,1544.372043,758,0.0,0.0,115083.51179016878,0.0
66.82000000000001,1532.216494,1542.548711,758,0.0,0.0,114947.64074104528,0.0
66.83,1532.216494,1540.998878,758,0.0,0.0,114832.15028967593,0.0
66.84,1532.216494,1539.681521,758,0.0,0.0,114733.98348425585,0.0
66.85,1532.216494,1538.561767,758,0.0,0.0,114650.54165866392,0.0
66.86,1532.216494,1537.609976,758,0.0,0.0,114579.61609945896,0.0
66.87,1530.397481,1536.528101,758,0.0,0.0,114498.99694108822,0.0
66.88,1530.397481,1535.608508,758,0.0,0.0,114430.47071236157,0.0
66.89,1483.389733,1527.775692,759,0.0,0.0,113846.78495051939,0.0
66.9,1548.083132,1530.821808,760,0.0,0.0,114073.7754145006,0.0
66.91,1548.083132,1533.411007,760,0.0,0.0,114266.71733869186,0.0
66.92,1548.083132,1535.611825,760,0.0,0.0,114430.71788855873,0.0
66.93,1548.083132,1537.482521,760,0.0,0.0,114570.11840810816,0.0
66.94,1548.083132,1539.072613,760,0.0,0.0,114688.60887953237,0.0
66.95,1548.083132,1540.424191,760,0.0,0.0,114789.32576533937,0.0
66.96000000000001,1548.083132,1541.573032,760,0.0,0.0,114874.9350959199,0.0
66.97,1571.682049,1546.089384,761,0.0,0.0,115211.48460223633,0.0
66.98,1571.682049,1549.928284,761,0.0,0.0,115497.55174221972,0.0
66.99,1515.618938,1544.781882,761,0.0,0.0,115114.05217168006,0.0
67.0,1539.994215,1544.063732,764,0.0,0.0,115060.53707189129,0.0
67.01,1539.994215,1543.453304,764,0.0,0.0,115015.04919981184,0.0
67.02,1539.994215,1542.934441,764,0.0,0.0,114976.38456815873,0.0
67.03,1539.994215,1542.493407,764,0.0,0.0,114943.51959772047,0.0
67.04,1539.994215,1542.118528,764,0.0,0.0,114915.58436539615,0.0
67.05,1539.994215,1541.799882,764,0.0,0.0,114891.83950361618,0.0
67.06,1539.994215,1541.529032,764,0.0,0.0,114871.656304037,0.0
67.07000000000001,1539.994215,1541.298809,764,0.0,0.0,114854.5005471357,0.0
67.08,1539.994215,1541.10312,764,0.0,0.0,114839.9181947545,0.0
67.09,1539.994215,1540.936784,764,0.0,0.0,114827.5231691492,0.0
67.1,1545.911404,1541.682977,765,0.0,0.0,114883.1279771373,0.0
67.11,1545.911404,1542.317241,765,0.0,0.0,114930.39206020131,0.0
67.12,1545.911404,1542.856366,765,0.0,0.0,114970.56657551652,0.0
67.13,1545.911404,1543.314622,765,0.0,0.0,115004.71489490494,0.0
67.14,1545.911404,1543.704139,765,0.0,0.0,115033.7409216743,0.0
67.15,1545.911404,1544.035229,765,0.0,0.0,115058.41308541317,0.0
67.16,1545.911404,1544.316655,766,0.0,0.0,115079.3843873322,0.0
67.17,1545.911404,1544.555868,766,0.0,0.0,115097.21006102953,0.0
67.18,1526.379099,1541.829352,766,0.0,0.0,114894.03554899775,0.0
67.19,1526.379099,1539.511814,766,0.0,0.0,114721.33725848152,0.0
67.2,1533.132403,1538.554902,767,0.0,0.0,114650.0300926122,0.0
67.21000000000001,1533.132403,1537.741528,767,0.0,0.0,114589.41909104487,0.0
67.22,1533.132403,1537.050159,768,0.0,0.0,114537.89965774282,0.0
67.23,1533.132403,1536.462495,768,0.0,0.0,114494.10811335479,0.0
67.24,1533.132403,1535.962982,768,0.0,0.0,114456.88540495017,0.0
67.25,1533.132403,1535.538395,768,0.0,0.0,114425.24603201415,0.0
67.26,1540.013776,1536.209702,768,0.0,0.0,114475.27048525357,0.0
67.27,1540.013776,1536.780313,768,0.0,0.0,114517.791274233,0.0
67.28,1546.871752,1538.294029,769,0.0,0.0,114630.59035909246,0.0
67.29,1546.871752,1539.580687,769,0.0,0.0,114726.46953651222,0.0
67.3,1555.959179,1542.037461,770,0.0,0.0,114909.5434149059,0.0
67.31,1555.959179,1544.125719,770,0.0,0.0,115065.15621899233,0.0
67.32000000000001,1555.959179,1545.900738,770,0.0,0.0,115197.4270801104,0.0
67.33,1555.959179,1547.409504,770,0.0,0.0,115309.85730088304,0.0
67.34,1555.959179,1548.691955,770,0.0,0.0,115405.422981088,0.0
67.35,1555.959179,1549.782038,770,0.0,0.0,115486.65378318093,0.0
67.36,1525.884463,1546.197402,771,0.0,0.0,115219.53388727288,0.0
67.37,1525.884463,1543.150461,771,0.0,0.0,114992.48194594381,0.0
67.38,1531.110592,1541.344481,771,0.0,0.0,114857.90393311017,0.0
67.39,1531.110592,1539.809398,771,0.0,0.0,114743.51262220154,0.0
67.4,1538.835604,1539.663329,773,0.0,0.0,114732.62785284827,0.0
67.41,1538.835604,1539.53917,773,0.0,0.0,114723.37577281673,0.0
67.42,1538.835604,1539.433635,773,0.0,0.0,114715.51151596758,0.0
67.43,1538.835604,1539.343931,773,0.0,0.0,114708.82695353431,0.0
67.44,1538.835604,1539.267682,773,0.0,0.0,114703.14503075524,0.0
67.45,1538.835604,1539.20287,773,0.0,0.0,114698.31537031174,0.0
67.46000000000001,1551.786914,1541.090477,773,0.0,0.0,114838.97606371416,0.0
67.47,1551.786914,1542.694942,774,0.0,0.0,114958.53758231414,0.0
67.48,1551.786914,1544.058738,774,0.0,0.0,115060.1649290126,0.0
67.49,1541.999893,1543.749911,774,0.0,0.0,115037.15175944849,0.0
67.5,1508.038107,1538.393141,775,0.0,0.0,114637.97598684467,0.0
67.51,1508.038107,1533.839886,775,0.0,0.0,114298.67654287246,0.0
67.52,1508.038107,1529.969619,775,0.0,0.0,114010.27199686658,0.0
67.53,1508.038107,1526.679892,775,0.0,0.0,113765.12812903567,0.0
67.54,1508.038107,1523.883624,775,0.0,0.0,113556.75583765352,0.0
67.55,1508.038107,1521.506797,776,0.0,0.0,113379.63944959304,0.0
67.56,1547.930603,1525.470368,776,0.0,0.0,113674.99682282264,0.0
67.57000000000001,1547.930603,1528.839403,776,0.0,0.0,113926.05056398646,0.0
67.58,1531.167394,1529.188601,776,0.0,0.0,113952.07209962113,0.0
67.59,1531.167394,1529.48542,777,0.0,0.0,113974.1904570732,0.0
67.6,1547.840838,1532.238733,778,0.0,0.0,114179.3618278797,0.0
67.61,1547.840838,1534.579049,778,0.0,0.0,114353.7574893393,0.0
67.62,1547.840838,1536.568317,778,0.0,0.0,114501.99375686917,0.0
67.63,1547.840838,1538.259195,778,0.0,0.0,114627.9945991732,0.0
67.64,1547.840838,1539.696441,778,0.0,0.0,114735.09529277617,0.0
67.65,1547.840838,1540.918101,778,0.0,0.0,114826.1309494049,0.0
67.66,1532.306095,1539.6263,778,0.0,0.0,114729.86852592483,0.0
67.67,1532.306095,1538.528269,779,0.0,0.0,114648.04545478905,0.0
67.68,1532.306095,1537.594943,779,0.0,0.0,114578.49587040498,0.0
67.69,1541.772381,1538.221559,779,0.0,0.0,114625.19003982533,0.0
67.7,1542.640004,1538.884326,780,0.0,0.0,114674.57810936747,0.0
67.71000000000001,1542.640004,1539.447677,780,0.0,0.0,114716.55789768622,0.0
67.72,1542.640004,1539.926526,780,0.0,0.0,114752.24076619383,0.0
67.73,1542.640004,1540.333548,780,0.0,0.0,114782.5712305066,0.0
67.74,1542.640004,1540.679516,780,0.0,0.0,114808.35207300985,0.0
67.75,1542.640004,1540.97359,781,0.0,0.0,114830.26587855922,0.0
67.76,1535.749553,1540.189984,781,0.0,0.0,114771.87312873668,0.0
67.77,1535.749553,1539.523919,781,0.0,0.0,114722.2392988393,0.0
67.78,1546.755745,1540.608693,781,0.0,0.0,114803.07448488433,0.0
67.79,1546.755745,1541.530751,782,0.0,0.0,114871.78440047443,0.0
67.8,1542.839162,1541.727013,783,0.0,0.0,114886.40945166809,0.0
67.81,1542.839162,1541.893835,783,0.0,0.0,114898.84069302015,0.0
67.82000000000001,1542.839162,1542.035634,783,0.0,0.0,114909.40727052477,0.0
67.83,1542.839162,1542.156163,783,0.0,0.0,114918.38885022601,0.0
67.84,1542.839162,1542.258613,783,0.0,0.0,114926.02321905333,0.0
67.85,1542.839162,1542.345696,783,0.0,0.0,114932.51246981559,0.0
67.86,1530.90602,1540.629744,783,0.0,0.0,114804.64316324632,0.0
67.87,1530.90602,1539.171186,784,0.0,0.0,114695.95434208405,0.0
67.88,1546.870669,1540.326108,784,0.0,0.0,114782.0168166064,0.0
67.89,1546.870669,1541.307792,784,0.0,0.0,114855.1699423058,0.0
67.9,1540.915947,1541.249015,785,0.0,0.0,114850.78999797623,0.0
67.91,1540.915947,1541.199055,785,0.0,0.0,114847.0670788292,0.0
67.92,1540.915947,1541.156589,785,0.0,0.0,114843.9025975542,0.0
67.93,1540.915947,1541.120493,785,0.0,0.0,114841.21279592226,0.0
67.94,1540.915947,1541.089811,786,0.0,0.0,114838.92643472794,0.0
67.95,1540.915947,1541.063731,786,0.0,0.0,114836.98300535732,0.0
67.96000000000001,1547.4731,1542.025136,786,0.0,0.0,114908.6249805887,0.0
67.97,1547.4731,1542.842331,786,0.0,0.0,114969.52071542387,0.0
67.98,1531.156446,1541.089448,787,0.0,0.0,114838.89938469487,0.0
67.99,1531.156446,1539.599498,787,0.0,0.0,114727.87129456016,0.0
68.0,1534.279716,1538.801531,789,0.0,0.0,114668.40839177782,0.0
68.01,1534.279716,1538.123259,789,0.0,0.0,114617.86492068692,0.0
68.02,1534.279716,1537.546727,789,0.0,0.0,114574.9029106453,0.0
68.03,1534.279716,1537.056675,789,0.0,0.0,114538.38521701348,0.0
68.04,1534.279716,1536.640132,789,0.0,0.0,114507.34526684806,0.0
68.05,1534.279716,1536.286069,789,0.0,0.0,114480.96120115633,0.0
68.06,1534.279716,1535.985116,789,0.0,0.0,114458.53478630328,0.0
68.07000000000001,1534.279716,1535.729306,789,0.0,0.0,114439.47233740408,0.0
68.08,1534.279716,1535.511868,789,0.0,0.0,114423.26929309875,0.0
68.09,1556.147254,1538.607176,789,0.0,0.0,114653.92544640506,0.0
68.1,1542.627072,1539.21016,791,0.0,0.0,114698.85860651234,0.0
68.11,1542.627072,1539.722697,791,0.0,0.0,114737.05183731428,0.0
68.12,1542.627072,1540.158353,791,0.0,0.0,114769.51604996287,0.0
68.13,1542.627072,1540.528661,791,0.0,0.0,114797.11066052134,0.0
68.14,1542.627072,1540.843423,791,0.0,0.0,114820.56609439965,0.0
68.15,1542.627072,1541.11097,791,0.0,0.0,114840.50316103362,0.0
68.16,1548.273551,1542.185357,791,0.0,0.0,114920.5643286403,0.0
68.17,1548.273551,1543.098586,791,0.0,0.0,114988.61632483188,0.0
68.18,1531.162111,1541.308115,792,0.0,0.0,114855.19401161894,0.0
68.19,1531.162111,1539.786214,792,0.0,0.0,114741.78499695125,0.0
68.2,1512.333895,1535.668367,793,0.0,0.0,114434.93128516425,0.0
68.21000000000001,1512.333895,1532.168196,793,0.0,0.0,114174.10555190142,0.0
68.22,1512.333895,1529.193051,793,0.0,0.0,113952.4037047093,0.0
68.23,1512.333895,1526.664177,793,0.0,0.0,113763.9570787075,0.0
68.24,1512.333895,1524.514635,793,0.0,0.0,113603.77751367218,0.0
68.25,1512.333895,1522.687524,794,0.0,0.0,113467.62486103673,0.0
68.26,1547.879529,1526.466325,794,0.0,0.0,113749.21354389806,0.0
68.27,1547.879529,1529.678305,794,0.0,0.0,113988.56386098986,0.0
68.28,1547.879529,1532.408489,794,0.0,0.0,114192.0117050359,0.0
68.29,1541.670007,1533.797717,795,0.0,0.0,114295.53419344268,0.0
68.3,1545.603353,1535.568562,796,0.0,0.0,114427.49401643986,0.0
68.31,1545.603353,1537.073781,796,0.0,0.0,114539.65992187597,0.0
68.32000000000001,1545.603353,1538.353216,796,0.0,0.0,114635.00085580094,0.0
68.33,1545.603353,1539.440737,796,0.0,0.0,114716.04074278467,0.0
68.34,1545.603353,1540.365129,796,0.0,0.0,114784.92458338055,0.0
68.35000000000001,1545.603353,1541.150863,796,0.0,0.0,114843.47590750144,0.0
68.36,1530.440933,1539.544373,796,0.0,0.0,114723.76348995685,0.0
68.37,1530.440933,1538.178857,797,0.0,0.0,114622.00797230298,0.0
68.38,1546.77763,1539.468673,797,0.0,0.0,114718.12247755834,0.0
68.39,1546.77763,1540.565017,797,0.0,0.0,114799.81983683257,0.0
68.4,1538.688959,1540.283608,798,0.0,0.0,114778.84980171951,0.0
68.41,1538.688959,1540.044411,798,0.0,0.0,114761.0253203101,0.0
68.42,1538.688959,1539.841093,798,0.0,0.0,114745.87447012718,0.0
68.43,1538.688959,1539.668273,798,0.0,0.0,114732.99626982713,0.0
68.44,1538.688959,1539.521376,798,0.0,0.0,114722.04979957208,0.0
68.45,1538.688959,1539.396513,799,0.0,0.0,114712.74525887036,0.0
68.46000000000001,1539.982143,1539.484358,799,0.0,0.0,114719.29129234658,0.0
68.47,1539.982143,1539.559025,799,0.0,0.0,114724.85532765389,0.0
68.48,1539.982143,1539.622493,799,0.0,0.0,114729.58483590899,0.0
68.49,1541.685218,1539.931902,800,0.0,0.0,114752.6413749475,0.0
68.5,1535.128521,1539.211395,801,0.0,0.0,114698.95063623904,0.0
68.51,1535.128521,1538.598964,801,0.0,0.0,114653.31350461092,0.0
68.52,1535.128521,1538.078397,801,0.0,0.0,114614.52189429034,0.0
68.53,1535.128521,1537.635916,801,0.0,0.0,114581.54909630991,0.0
68.54,1535.128521,1537.259807,801,0.0,0.0,114553.52220684888,0.0
68.55,1535.128521,1536.940114,801,0.0,0.0,114529.69932472569,0.0
68.56,1562.196007,1540.728498,801,0.0,0.0,114812.0021135555,0.0
68.57000000000001,1562.196007,1543.948624,802,0.0,0.0,115051.95945425365,0.0
68.58,1546.75474,1544.369541,802,0.0,0.0,115083.32534613943,0.0
68.59,1546.75474,1544.727321,802,0.0,0.0,115109.98639522727,0.0
68.60000000000001,1535.105142,1543.283994,803,0.0,0.0,115002.43255768245,0.0
68.61,1535.105142,1542.057167,803,0.0,0.0,114911.01186656146,0.0
68.62,1535.105142,1541.014363,803,0.0,0.0,114833.30420086472,0.0
68.63,1535.105142,1540.12798,803,0.0,0.0,114767.25271482966,0.0
68.64,1535.105142,1539.374554,804,0.0,0.0,114711.10891816682,0.0
68.65,1535.105142,1538.734142,804,0.0,0.0,114663.38669845517,0.0
68.66,1547.837823,1540.099695,804,0.0,0.0,114765.14497327498,0.0
68.67,1547.837823,1541.260414,804,0.0,0.0,114851.6394286279,0.0
68.68,1547.837823,1542.247025,805,0.0,0.0,114925.15970450018,0.0
68.69,1552.164305,1543.734617,805,0.0,0.0,115036.01208119719,0.0
68.7,1532.491256,1542.048113,806,0.0,0.0,114910.33718061355,0.0
68.71000000000001,1532.491256,1540.614584,806,0.0,0.0,114803.51347040666,0.0
68.72,1532.491256,1539.396085,806,0.0,0.0,114712.71336516752,0.0
68.73,1532.491256,1538.360361,806,0.0,0.0,114635.53328689194,0.0
68.74,1532.491256,1537.479995,806,0.0,0.0,114569.93017564688,0.0
68.75,1532.491256,1536.731684,806,0.0,0.0,114514.16753854041,0.0
68.76,1541.566406,1537.456892,807,0.0,0.0,114568.20858635435,0.0
68.77,1541.566406,1538.073319,807,0.0,0.0,114614.14349189984,0.0
68.78,1546.741748,1539.373584,807,0.0,0.0,114711.03663570939,0.0
68.79,1546.741748,1540.478808,807,0.0,0.0,114793.39571480002,0.0
68.8,1536.983298,1539.954482,809,0.0,0.0,114754.32399132743,0.0
68.81,1536.983298,1539.508804,809,0.0,0.0,114721.11295930951,0.0
68.82000000000001,1536.983298,1539.129978,809,0.0,0.0,114692.8836044497,0.0
68.83,1536.983298,1538.807976,809,0.0,0.0,114668.88866027068,0.0
68.84,1536.983298,1538.534275,809,0.0,0.0,114648.49300988107,0.0
68.85000000000001,1536.983298,1538.301628,809,0.0,0.0,114631.15662135424,0.0
68.86,1543.762551,1539.120766,809,0.0,0.0,114692.19714465822,0.0
68.87,1543.762551,1539.817034,809,0.0,0.0,114744.08164162922,0.0
68.88,1531.237674,1538.53013,810,0.0,0.0,114648.18413278213,0.0
68.89,1531.237674,1537.436262,810,0.0,0.0,114566.67128006928,0.0
68.9,1538.841588,1537.647061,811,0.0,0.0,114582.37959939026,0.0
68.91,1538.841588,1537.82624,811,0.0,0.0,114595.73165963542,0.0
68.92,1538.841588,1537.978542,811,0.0,0.0,114607.08089966606,0.0
68.93,1538.841588,1538.107999,811,0.0,0.0,114616.72777604756,0.0
68.94,1538.841588,1538.218037,811,0.0,0.0,114624.92758743871,0.0
68.95,1538.841588,1538.31157,811,0.0,0.0,114631.89747928378,0.0
68.96000000000001,1539.51652,1538.492313,812,0.0,0.0,114645.36608567675,0.0
68.97,1539.51652,1538.645944,812,0.0,0.0,114656.8143601259,0.0
68.98,1531.233386,1537.53406,812,0.0,0.0,114573.95899117299,0.0
68.99,1531.233386,1536.588959,812,0.0,0.0,114503.53195737023,0.0
69.0,1535.104767,1536.36633,814,0.0,0.0,114486.94209014074,0.0
69.01,1535.104767,1536.177096,814,0.0,0.0,114472.84075143233,0.0
69.02,1535.104767,1536.016246,814,0.0,0.0,114460.85453156041,0.0
69.03,1535.104767,1535.879524,814,0.0,0.0,114450.66628192828,0.0
69.04,1535.104767,1535.763311,814,0.0,0.0,114442.00632190357,0.0
69.05,1535.104767,1535.664529,814,0.0,0.0,114434.64528509045,0.0
69.06,1535.104767,1535.580565,814,0.0,0.0,114428.38845596193,0.0
69.07000000000001,1535.104767,1535.509195,815,0.0,0.0,114423.07010649187,0.0
69.08,1535.104767,1535.448531,815,0.0,0.0,114418.5495467013,0.0
69.09,1565.106185,1539.897179,815,0.0,0.0,114750.05388652592,0.0
69.10000000000001,1510.491851,1535.48638,816,0.0,0.0,114421.36997838257,0.0
69.11,1510.491851,1531.737201,816,0.0,0.0,114141.98866763843,0.0
69.12,1510.491851,1528.550398,816,0.0,0.0,113904.51449016562,0.0
69.13,1510.491851,1525.841616,816,0.0,0.0,113702.6614802986,0.0
69.14,1510.491851,1523.539151,816,0.0,0.0,113531.08639955625,0.0
69.15,1510.491851,1521.582056,817,0.0,0.0,113385.24759955477,0.0
69.16,1593.291288,1532.338441,817,0.0,0.0,114186.79186835833,0.0
69.17,1593.291288,1541.481368,817,0.0,0.0,114868.10447821184,0.0
69.18,1546.790855,1542.277791,817,0.0,0.0,114927.4523252063,0.0
69.19,1546.790855,1542.954751,818,0.0,0.0,114977.89802868466,0.0
69.2,1512.439283,1538.37743,819,0.0,0.0,114636.80523458851,0.0
69.21000000000001,1512.439283,1534.486708,819,0.0,0.0,114346.87642294704,0.0
69.22,1512.439283,1531.179595,819,0.0,0.0,114100.43698521442,0.0
69.23,1512.439283,1528.368548,819,0.0,0.0,113890.96339234959,0.0
69.24,1512.439283,1525.979158,819,0.0,0.0,113712.91083468858,0.0
69.25,1512.439283,1523.948177,819,0.0,0.0,113561.56619793571,0.0
69.26,1535.163052,1525.630408,819,0.0,0.0,113686.9226831167,0.0
69.27,1535.163052,1527.060305,820,0.0,0.0,113793.47574395726,0.0
69.28,1535.163052,1528.275717,820,0.0,0.0,113884.04581213863,0.0
69.29,1541.664714,1530.284066,820,0.0,0.0,114033.70395757572,0.0
69.3,1545.554664,1532.574656,821,0.0,0.0,114204.39413709969,0.0
69.31,1545.554664,1534.521657,821,0.0,0.0,114349.48075243605,0.0
69.32000000000001,1545.554664,1536.176608,821,0.0,0.0,114472.80438664964,0.0
69.33,1545.554664,1537.583317,821,0.0,0.0,114577.62952416792,0.0
69.34,1545.554664,1538.779019,821,0.0,0.0,114666.73084262174,0.0
69.35000000000001,1545.554664,1539.795366,822,0.0,0.0,114742.46698566289,0.0
69.36,1530.546361,1538.408015,822,0.0,0.0,114639.0843675371,0.0
69.37,1530.546361,1537.228767,822,0.0,0.0,114551.2091682115,0.0
69.38,1546.828131,1538.668671,822,0.0,0.0,114658.5079306514,0.0
69.39,1546.828131,1539.89259,823,0.0,0.0,114749.71192343613,0.0
69.4,1533.499349,1538.933604,824,0.0,0.0,114678.25020724034,0.0
69.41,1533.499349,1538.118466,824,0.0,0.0,114617.50775592568,0.0
69.42,1533.499349,1537.425598,824,0.0,0.0,114565.87662014566,0.0
69.43,1533.499349,1536.836661,824,0.0,0.0,114521.99021434702,0.0
69.44,1533.499349,1536.336064,824,0.0,0.0,114484.6867284333,0.0
69.45,1533.499349,1535.910557,824,0.0,0.0,114452.97879893969,0.0
69.46000000000001,1551.508508,1538.250249,825,0.0,0.0,114627.32796116896,0.0
69.47,1551.508508,1540.238988,825,0.0,0.0,114775.52480867825,0.0
69.48,1551.508508,1541.929416,825,0.0,0.0,114901.49211788345,0.0
69.49,1541.679,1541.891854,825,0.0,0.0,114898.6930728674,0.0
69.5,1539.145819,1541.479949,826,0.0,0.0,114867.99873717364,0.0
69.51,1539.145819,1541.129829,826,0.0,0.0,114841.90849594543,0.0
69.52,1539.145819,1540.832228,826,0.0,0.0,114819.73186541944,0.0
69.53,1539.145819,1540.579267,826,0.0,0.0,114800.88171829467,0.0
69.54,1539.145819,1540.364249,827,0.0,0.0,114784.8590075429,0.0
69.55,1539.145819,1540.181485,827,0.0,0.0,114771.23980027731,0.0
69.56,1554.596319,1542.34371,827,0.0,0.0,114932.36447707289,0.0
69.57000000000001,1554.596319,1544.181602,827,0.0,0.0,115069.32050823761,0.0
69.58,1546.743681,1544.565914,828,0.0,0.0,115097.95866883082,0.0
69.59,1546.743681,1544.892579,828,0.0,0.0,115122.30109043146,0.0
69.60000000000001,1540.784967,1544.276437,829,0.0,0.0,115076.38742251521,0.0
69.61,1540.784967,1543.752716,829,0.0,0.0,115037.360782431,0.0
69.62,1540.784967,1543.307554,829,0.0,0.0,115004.18820169974,0.0
69.63,1540.784967,1542.929166,829,0.0,0.0,114975.99148572276,0.0
69.64,1540.784967,1542.607536,829,0.0,0.0,114952.02426223874,0.0
69.65,1540.784967,1542.334151,829,0.0,0.0,114931.65215953632,0.0
69.66,1535.278943,1541.27587,830,0.0,0.0,114852.79117879474,0.0
69.67,1535.278943,1540.376331,830,0.0,0.0,114785.75933398673,0.0
69.68,1535.278943,1539.611722,830,0.0,0.0,114728.78220255963,0.0
69.69,1541.752285,1539.932807,830,0.0,0.0,114752.70881373511,0.0
69.7,1545.515756,1540.770249,832,0.0,0.0,114815.11331446239,0.0
69.71000000000001,1545.515756,1541.482075,832,0.0,0.0,114868.15716243595,0.0
69.72,1545.515756,1542.087127,832,0.0,0.0,114913.24442576172,0.0
69.73,1545.515756,1542.601422,832,0.0,0.0,114951.56865920301,0.0
69.74,1545.515756,1543.038572,832,0.0,0.0,114984.14420173959,0.0
69.75,1545.515756,1543.41015,832,0.0,0.0,115011.83345015469,0.0
69.76,1530.638881,1541.494459,832,0.0,0.0,114869.07999331501,0.0
69.77,1530.638881,1539.866123,832,0.0,0.0,114747.73965560058,0.0
69.78,1531.199394,1538.566113,833,0.0,0.0,114650.86551388037,0.0
69.79,1531.199394,1537.461105,833,0.0,0.0,114568.52253067718,0.0
69.8,1542.822298,1538.265284,834,0.0,0.0,114628.44833925896,0.0
69.81,1542.822298,1538.948836,834,0.0,0.0,114679.3852653758,0.0
69.82000000000001,1542.822298,1539.529856,834,0.0,0.0,114722.68171218951,0.0
69.83,1542.822298,1540.023722,834,0.0,0.0,114759.48361746315,0.0
69.84,1542.822298,1540.443508,834,0.0,0.0,114790.76522949396,0.0
69.85000000000001,1542.822298,1540.800327,835,0.0,0.0,114817.35466678634,0.0
69.86,1530.895533,1539.314608,835,0.0,0.0,114706.64186229833,0.0
69.87,1530.895533,1538.051746,835,0.0,0.0,114612.53591514326,0.0
69.88,1530.895533,1536.978314,835,0.0,0.0,114532.54591222401,0.0
69.89,1541.648938,1537.678908,836,0.0,0.0,114584.7527740515,0.0
69.9,1544.910636,1538.763667,837,0.0,0.0,114665.58684232658,0.0
69.91,1544.910636,1539.685712,837,0.0,0.0,114734.29578918272,0.0
69.92,1544.910636,1540.469451,837,0.0,0.0,114792.6984498989,0.0
69.93,1544.910636,1541.135629,837,0.0,0.0,114842.34070032998,0.0
69.94,1544.910636,1541.70188,837,0.0,0.0,114884.53659084102,0.0
69.95,1544.910636,1542.183193,837,0.0,0.0,114920.40307169406,0.0
69.96000000000001,1531.700003,1540.610715,837,0.0,0.0,114803.22516027495,0.0
69.97,1531.700003,1539.274108,838,0.0,0.0,114703.62388340614,0.0
69.98,1531.153001,1538.055942,838,0.0,0.0,114612.84859266008,0.0
69.99,1531.153001,1537.020501,838,0.0,0.0,114535.68960297776,0.0
70.0,1529.324689,1535.866129,840,0.0,0.0,114449.66811335392,0.0
70.01,1529.324689,1534.884913,840,0.0,0.0,114376.5498620773,0.0
70.02,1529.324689,1534.050879,840,0.0,0.0,114314.39931868494,0.0
70.03,1529.324689,1533.341951,840,0.0,0.0,114261.57142386766,0.0
70.04,1529.324689,1532.739362,840,0.0,0.0,114216.66769836933,0.0
70.05,1529.324689,1532.227161,840,0.0,0.0,114178.49950561448,0.0
70.06,1529.324689,1531.79179,840,0.0,0.0,114146.05653059515,0.0
70.07000000000001,1529.324689,1531.421725,840,0.0,0.0,114118.48002791002,0.0
70.08,1529.324689,1531.107169,840,0.0,0.0,114095.03994473918,0.0
70.09,1582.620803,1538.834214,841,0.0,0.0,114670.84386348484,0.0
70.10000000000001,1505.099813,1533.774054,842,0.0,0.0,114293.77087407168,0.0
70.11,1505.099813,1529.472918,842,0.0,0.0,113973.25883307046,0.0
70.12,1505.099813,1525.816952,842,0.0,0.0,113700.82356841226,0.0
70.13,1505.099813,1522.709382,842,0.0,0.0,113469.25367542257,0.0
70.14,1505.099813,1520.067946,842,0.0,0.0,113272.41915460431,0.0
70.15,1505.099813,1517.822726,842,0.0,0.0,113105.10985661966,0.0
70.16,1590.361013,1528.703469,843,0.0,0.0,113915.92103453624,0.0
70.17,1590.361013,1537.952101,843,0.0,0.0,114605.11056929846,0.0
70.18,1546.845765,1539.28615,843,0.0,0.0,114704.52122913007,0.0
70.19,1546.845765,1540.420093,843,0.0,0.0,114789.02039058627,0.0
70.2,1538.2348,1540.092299,844,0.0,0.0,114764.59383816663,0.0
70.21000000000001,1538.2348,1539.813674,844,0.0,0.0,114743.83126115815,0.0
70.22,1538.2348,1539.576843,844,0.0,0.0,114726.18308933047,0.0
70.23,1538.2348,1539.375536,844,0.0,0.0,114711.1820948402,0.0
70.24,1538.2348,1539.204426,845,0.0,0.0,114698.43132031558,0.0
70.25,1538.2348,1539.058982,845,0.0,0.0,114687.59312471066,0.0
70.26,1490.791548,1531.818867,845,0.0,0.0,114148.07425440909,0.0
70.27,1490.791548,1525.664769,845,0.0,0.0,113689.48319602327,0.0
70.28,1531.219605,1526.497995,846,0.0,0.0,113751.57352887375,0.0
70.29,1531.219605,1527.206236,846,0.0,0.0,113804.35022982689,0.0
70.3,1548.241549,1530.361533,847,0.0,0.0,114039.47664327556,0.0
70.31,1548.241549,1533.043536,847,0.0,0.0,114239.33413569184,0.0
70.32000000000001,1548.241549,1535.323238,847,0.0,0.0,114409.21296326074,0.0
70.33,1548.241549,1537.260984,847,0.0,0.0,114553.60991453176,0.0
70.34,1548.241549,1538.908069,847,0.0,0.0,114676.34739017829,0.0
70.35000000000001,1548.241549,1540.308091,847,0.0,0.0,114780.67422584834,0.0
70.36,1531.467183,1538.981955,848,0.0,0.0,114681.85322692966,0.0
70.37,1531.467183,1537.854739,848,0.0,0.0,114597.85534804157,0.0
70.38,1531.236602,1536.862019,848,0.0,0.0,114523.87984172354,0.0
70.39,1531.236602,1536.018206,848,0.0,0.0,114461.00058683522,0.0
70.4,1538.44027,1536.381516,850,0.0,0.0,114488.07372044832,0.0
70.41,1538.44027,1536.690329,850,0.0,0.0,114511.08584676047,0.0
70.42,1538.44027,1536.95282,850,0.0,0.0,114530.64615039987,0.0
70.43,1538.44027,1537.175938,850,0.0,0.0,114547.27245693009,0.0
70.44,1538.44027,1537.365587,850,0.0,0.0,114561.40472060736,0.0
70.45,1538.44027,1537.52679,850,0.0,0.0,114573.41724533234,0.0
70.46000000000001,1552.905299,1539.833566,850,0.0,0.0,114745.31357316123,0.0
70.47,1552.905299,1541.794326,850,0.0,0.0,114891.42548162298,0.0
70.48,1552.905299,1543.460972,851,0.0,0.0,115015.62060381545,0.0
70.49,1541.716464,1543.199296,851,0.0,0.0,114996.12103234387,0.0
70.5,1534.282608,1541.861793,852,0.0,0.0,114896.45298734942,0.0
70.51,1534.282608,1540.724915,852,0.0,0.0,114811.73511557103,0.0
70.52,1534.282608,1539.758569,852,0.0,0.0,114739.72494691482,0.0
70.53,1534.282608,1538.937175,852,0.0,0.0,114678.51631100883,0.0
70.54,1534.282608,1538.23899,852,0.0,0.0,114626.48896303693,0.0
70.55,1534.282608,1537.645532,852,0.0,0.0,114582.26566137234,0.0
70.56,1550.826125,1539.622621,853,0.0,0.0,114729.59437421261,0.0
70.57000000000001,1550.826125,1541.303147,853,0.0,0.0,114854.82380620818,0.0
70.58,1550.826125,1542.731593,853,0.0,0.0,114961.26874143459,0.0
70.59,1541.706032,1542.577759,854,0.0,0.0,114949.80533983199,0.0
70.60000000000001,1542.714307,1542.598241,855,0.0,0.0,114951.33161745346,0.0
70.61,1542.714307,1542.615651,855,0.0,0.0,114952.62897578714,0.0
70.62,1542.714307,1542.63045,855,0.0,0.0,114953.73176762977,0.0
70.63,1542.714307,1542.643028,855,0.0,0.0,114954.66905500027,0.0
70.64,1542.714307,1542.65372,855,0.0,0.0,114955.46580142782,0.0
70.65,1542.714307,1542.662808,855,0.0,0.0,114956.14302098766,0.0
70.66,1535.663285,1541.61288,855,0.0,0.0,114877.90448907786,0.0
70.67,1535.663285,1540.72044,856,0.0,0.0,114811.40164753296,0.0
70.68,1535.663285,1539.961867,856,0.0,0.0,114754.87430673777,0.0
70.69,1541.688918,1540.220925,856,0.0,0.0,114774.17879009232,0.0
70.7,1546.190442,1541.116352,857,0.0,0.0,114840.90421689527,0.0
70.71000000000001,1546.190442,1541.877466,857,0.0,0.0,114897.6209079217,0.0
70.72,1546.190442,1542.524412,857,0.0,0.0,114945.83002822797,0.0
70.73,1546.190442,1543.074317,857,0.0,0.0,114986.80784755448,0.0
70.74,1546.190442,1543.541735,857,0.0,0.0,115021.63890083453,0.0
70.75,1546.190442,1543.939041,858,0.0,0.0,115051.24534828516,0.0
70.76,1529.445938,1541.765076,858,0.0,0.0,114889.2458302008,0.0
70.77,1529.445938,1539.917205,858,0.0,0.0,114751.54618394063,0.0
70.78,1529.445938,1538.346515,858,0.0,0.0,114634.50151070076,0.0
70.79,1531.193652,1537.273586,859,0.0,0.0,114554.54899033421,0.0
70.8,1543.374084,1538.18866,860,0.0,0.0,114622.73847223089,0.0
70.81,1543.374084,1538.966474,860,0.0,0.0,114680.69961381286,0.0
70.82000000000001,1543.374084,1539.627616,860,0.0,0.0,114729.96659160934,0.0
70.83,1543.374084,1540.189586,860,0.0,0.0,114771.84347057375,0.0
70.84,1543.374084,1540.667261,860,0.0,0.0,114807.43885495249,0.0
70.85000000000001,1543.374084,1541.073284,860,0.0,0.0,114837.69487578592,0.0
70.86,1534.508874,1540.088623,860,0.0,0.0,114764.31991000845,0.0
70.87,1534.508874,1539.25166,861,0.0,0.0,114701.95110340187,0.0
70.88,1534.508874,1538.540242,861,0.0,0.0,114648.93765877119,0.0
70.89,1541.667438,1539.009322,861,0.0,0.0,114683.89256096283,0.0
70.9,1538.504653,1538.933621,862,0.0,0.0,114678.25147404626,0.0
70.91,1538.504653,1538.869276,862,0.0,0.0,114673.45661350751,0.0
70.92,1538.504653,1538.814583,862,0.0,0.0,114669.38100067907,0.0
70.93,1538.504653,1538.768093,862,0.0,0.0,114665.91665898282,0.0
70.94,1538.504653,1538.728577,863,0.0,0.0,114662.97200579998,0.0
70.95,1538.504653,1538.694989,863,0.0,0.0,114660.46909530538,0.0
70.96000000000001,1543.136315,1539.361187,863,0.0,0.0,114710.11283609638,0.0
70.97,1543.136315,1539.927457,863,0.0,0.0,114752.31014244935,0.0
70.98,1543.136315,1540.408785,864,0.0,0.0,114788.17774107239,0.0
70.99,1531.227083,1539.03153,864,0.0,0.0,114685.54745664772,0.0
71.0,1524.805561,1536.897635,866,0.0,0.0,114526.53387471676,0.0
71.01,1524.805561,1535.083824,866,0.0,0.0,114391.37231144593,0.0
71.02,1524.805561,1533.542084,866,0.0,0.0,114276.48493422901,0.0
71.03,1524.805561,1532.231606,866,0.0,0.0,114178.83073811265,0.0
71.04,1524.805561,1531.117699,866,0.0,0.0,114095.82461925113,0.0
71.05,1524.805561,1530.170878,866,0.0,0.0,114025.26941449294,0.0
71.06,1524.805561,1529.366081,866,0.0,0.0,113965.2975537888,0.0
71.07000000000001,1524.805561,1528.682003,866,0.0,0.0,113914.32143120536,0.0
71.08,1524.805561,1528.100536,866,0.0,0.0,113870.99167484685,0.0
71.09,1582.906533,1536.321436,866,0.0,0.0,114483.5966791682,0.0
71.10000000000001,1510.647814,1532.470393,868,0.0,0.0,114196.62466714316,0.0
71.11,1510.647814,1529.197006,868,0.0,0.0,113952.69842338878,0.0
71.12,1510.647814,1526.414627,868,0.0,0.0,113745.36111247164,0.0
71.13,1510.647814,1524.049605,868,0.0,0.0,113569.12440936978,0.0
71.14,1510.647814,1522.039337,868,0.0,0.0,113419.3232638958,0.0
71.15,1510.647814,1520.330608,868,0.0,0.0,113291.99220082129,0.0
71.16,1592.997121,1531.230585,868,0.0,0.0,114104.23665789871,0.0
71.17,1592.997121,1540.495566,868,0.0,0.0,114794.6444873994,0.0
71.18,1592.997121,1548.370799,869,0.0,0.0,115381.4910791347,0.0
71.19,1541.60937,1547.356585,869,0.0,0.0,115305.9138829819,0.0
71.2,1508.291885,1541.49688,870,0.0,0.0,114869.26040138658,0.0
71.21000000000001,1508.291885,1536.516131,870,0.0,0.0,114498.10496066006,0.0
71.22,1508.291885,1532.282494,870,0.0,0.0,114182.62280996122,0.0
71.23,1508.291885,1528.683902,870,0.0,0.0,113914.46294088232,0.0
71.24,1508.291885,1525.6251,870,0.0,0.0,113686.52714158682,0.0
71.25,1508.291885,1523.025118,870,0.0,0.0,113492.7816898303,0.0
71.26,1547.585395,1526.709159,871,0.0,0.0,113767.30904726379,0.0
71.27,1547.585395,1529.840595,871,0.0,0.0,114000.65738677795,0.0
71.28,1531.241272,1530.050696,871,0.0,0.0,114016.31369253679,0.0
71.29,1531.241272,1530.229283,871,0.0,0.0,114029.62163812752,0.0
71.3,1542.77938,1532.111797,873,0.0,0.0,114169.9028113695,0.0
71.31,1542.77938,1533.711935,873,0.0,0.0,114289.14189059498,0.0
71.32000000000001,1542.77938,1535.072051,873,0.0,0.0,114390.49501106326,0.0
71.33,1542.77938,1536.228151,873,0.0,0.0,114476.64526778649,0.0
71.34,1542.77938,1537.210835,873,0.0,0.0,114549.87291148322,0.0
71.35000000000001,1542.77938,1538.046117,873,0.0,0.0,114612.11645333625,0.0
71.36,1530.914069,1536.97631,873,0.0,0.0,114532.39657815736,0.0
71.37,1530.914069,1536.066974,874,0.0,0.0,114464.63468052943,0.0
71.38,1530.914069,1535.294038,874,0.0,0.0,114407.03703773848,0.0
71.39,1541.660757,1536.249046,874,0.0,0.0,114478.20232134085,0.0
71.4,1542.239639,1537.147635,875,0.0,0.0,114545.16337405141,0.0
71.41,1542.239639,1537.911435,875,0.0,0.0,114602.08022041868,0.0
71.42,1542.239639,1538.560666,875,0.0,0.0,114650.45961434886,0.0
71.43,1542.239639,1539.112512,875,0.0,0.0,114691.58207310819,0.0
71.44,1542.239639,1539.581581,875,0.0,0.0,114726.53615560182,0.0
71.45,1542.239639,1539.98029,876,0.0,0.0,114756.24715180275,0.0
71.46000000000001,1549.048591,1541.340535,876,0.0,0.0,114857.60988509268,0.0
71.47,1549.048591,1542.496743,876,0.0,0.0,114943.76818975959,0.0
71.48,1549.048591,1543.479521,876,0.0,0.0,115017.00283814808,0.0
71.49,1551.740192,1544.718621,877,0.0,0.0,115109.33808865042,0.0
71.5,1530.885835,1542.643703,878,0.0,0.0,114954.71935464848,0.0
71.51,1530.885835,1540.880023,878,0.0,0.0,114823.29345310223,0.0
71.52,1530.885835,1539.380895,878,0.0,0.0,114711.58143678794,0.0
71.53,1530.885835,1538.106636,878,0.0,0.0,114616.62620801717,0.0
71.54,1530.885835,1537.023515,878,0.0,0.0,114535.91420022174,0.0
71.55,1530.885835,1536.102863,878,0.0,0.0,114467.3090569359,0.0
71.56,1570.65733,1541.286033,878,0.0,0.0,114853.54850520172,0.0
71.57000000000001,1570.65733,1545.691728,879,0.0,0.0,115181.85207348663,0.0
71.58,1570.65733,1549.436568,879,0.0,0.0,115460.91005064033,0.0
71.59,1541.583678,1548.258635,879,0.0,0.0,115373.13284248121,0.0
71.60000000000001,1530.139421,1545.540753,880,0.0,0.0,115170.60171883844,0.0
71.61,1530.139421,1543.230553,880,0.0,0.0,114998.45024138667,0.0
71.62,1530.139421,1541.266883,880,0.0,0.0,114852.12148555266,0.0
71.63,1530.139421,1539.597764,880,0.0,0.0,114727.74208035278,0.0
71.64,1530.139421,1538.179012,880,0.0,0.0,114622.01952259257,0.0
71.65,1530.139421,1536.973073,881,0.0,0.0,114532.15536339999,0.0
71.66,1495.510914,1530.753749,881,0.0,0.0,114068.70379411973,0.0
71.67,1495.510914,1525.467324,881,0.0,0.0,113674.76999003874,0.0
71.68,1495.510914,1520.973863,881,0.0,0.0,113339.92627519937,0.0
71.69,1541.784459,1524.095452,882,0.0,0.0,113572.54083599376,0.0
71.7,1536.474305,1525.95228,883,0.0,0.0,113710.90793995612,0.0
71.71000000000001,1536.474305,1527.530584,883,0.0,0.0,113828.51999322767,0.0
71.72,1536.474305,1528.872142,883,0.0,0.0,113928.49020870132,0.0
71.73,1536.474305,1530.012467,883,0.0,0.0,114013.46494401655,0.0
71.74,1536.474305,1530.981742,883,0.0,0.0,114085.69337588696,0.0
71.75,1536.474305,1531.805627,883,0.0,0.0,114147.08763612433,0.0
71.76,1546.908047,1534.07099,884,0.0,0.0,114315.89795012942,0.0
71.77,1546.908047,1535.996548,884,0.0,0.0,114459.38667604885,0.0
71.78,1546.908047,1537.633273,884,0.0,0.0,114581.35214524296,0.0
71.79,1541.612196,1538.230112,884,0.0,0.0,114625.82739225659,0.0
71.8,1535.799639,1537.865541,885,0.0,0.0,114598.6602914488,0.0
71.81,1535.799639,1537.555656,885,0.0,0.0,114575.56828184352,0.0
71.82000000000001,1535.799639,1537.292253,885,0.0,0.0,114555.94001779053,0.0
71.83,1535.799639,1537.068361,885,0.0,0.0,114539.2560343304,0.0
71.84,1535.799639,1536.878053,886,0.0,0.0,114525.07466329286,0.0
71.85000000000001,1535.799639,1536.716291,886,0.0,0.0,114513.02048300736,0.0
71.86,1548.223928,1538.442436,886,0.0,0.0,114641.64935152349,0.0
71.87,1548.223928,1539.90966,886,0.0,0.0,114750.98394565072,0.0
71.88,1546.870901,1540.953846,887,0.0,0.0,114828.79459521978,0.0
71.89,1546.870901,1541.841404,887,0.0,0.0,114894.93363990168,0.0
71.9,1533.306689,1540.561197,888,0.0,0.0,114799.53517808275,0.0
71.91,1533.306689,1539.473021,888,0.0,0.0,114718.44648181077,0.0
71.92,1533.306689,1538.548071,888,0.0,0.0,114649.52106017237,0.0
71.93,1533.306689,1537.761864,888,0.0,0.0,114590.93448903873,0.0
71.94,1533.306689,1537.093588,888,0.0,0.0,114541.13589984924,0.0
71.95,1533.306689,1536.525553,888,0.0,0.0,114498.80706923098,0.0
71.96000000000001,1576.807128,1542.567789,889,0.0,0.0,114949.06239539852,0.0
71.97,1576.807128,1547.70369,889,0.0,0.0,115331.7794524481,0.0
71.98,1656.233355,1563.98314,889,0.0,0.0,116544.8914642229,0.0
71.99,1656.233355,1577.820672,889,0.0,0.0,117576.03663697248,0.0
72.0,1746.452929,1603.115511,892,0.0,0.0,119460.95738225621,0.0
72.01,1746.452929,1624.616123,892,0.0,0.0,121063.13993005166,0.0
72.02,1746.452929,1642.891644,892,0.0,0.0,122424.99515529223,0.0
72.03,1746.452929,1658.425837,892,0.0,0.0,123582.5721079244,0.0
72.04,1746.452929,1671.629901,892,0.0,0.0,124566.51251393584,0.0
72.05,1746.452929,1682.853355,892,0.0,0.0,125402.86182923836,0.0
72.06,1746.452929,1692.393291,892,0.0,0.0,126113.75875469732,0.0
72.07000000000001,1746.452929,1700.502237,892,0.0,0.0,126718.02117114462,0.0
72.08,1746.452929,1707.394841,892,0.0,0.0,127231.64421767305,0.0
72.09,1807.998222,1722.485348,892,0.0,0.0,128356.15857813798,0.0
72.10000000000001,1817.154694,1736.68575,894,0.0,0.0,129414.34409658186,0.0
72.11,1817.154694,1748.756092,894,0.0,0.0,130313.80180961452,0.0
72.12,1817.154694,1759.015882,894,0.0,0.0,131078.34081352968,0.0
72.13,1817.154694,1767.736704,894,0.0,0.0,131728.19900411658,0.0
72.14,1817.154694,1775.149403,894,0.0,0.0,132280.57848847084,0.0
72.15,1817.154694,1781.450196,894,0.0,0.0,132750.10096447627,0.0
72.16,1817.154694,1786.805871,895,0.0,0.0,133149.195139873,0.0
72.17,1782.781663,1786.20224,895,0.0,0.0,133104.21376662143,0.0
72.18,1782.781663,1785.689153,895,0.0,0.0,133065.97955092092,0.0
72.19,1796.738807,1787.346601,895,0.0,0.0,133189.4892565739,0.0
72.2,1782.127615,1786.563753,897,0.0,0.0,133131.15299139332,0.0
72.21000000000001,1782.127615,1785.898333,897,0.0,0.0,133081.56722560426,0.0
72.22,1782.127615,1785.332725,897,0.0,0.0,133039.41925016552,0.0
72.23,1782.127615,1784.851959,897,0.0,0.0,133003.593530657,0.0
72.24,1782.127615,1784.443307,897,0.0,0.0,132973.14160200857,0.0
72.25,1782.127615,1784.095953,897,0.0,0.0,132947.25747756098,0.0
72.26,1782.127615,1783.800703,898,0.0,0.0,132925.25603884677,0.0
72.27,1782.127615,1783.549739,898,0.0,0.0,132906.55470416264,0.0
72.28,1848.336789,1793.267797,898,0.0,0.0,133630.72492434355,0.0
72.29,1848.336789,1801.528146,898,0.0,0.0,134246.26958914194,0.0
72.3,1798.883582,1801.131461,900,0.0,0.0,134216.70941736765,0.0
72.31,1798.883582,1800.794279,900,0.0,0.0,134191.583289989,0.0
72.32000000000001,1798.883582,1800.507675,900,0.0,0.0,134170.22613387974,0.0
72.33,1798.883582,1800.264061,900,0.0,0.0,134152.0725064761,0.0
72.34,1798.883582,1800.056989,900,0.0,0.0,134136.6419157312,0.0
72.35000000000001,1798.883582,1799.880978,900,0.0,0.0,134123.5259285016,0.0
72.36,1798.883582,1799.731369,901,0.0,0.0,134112.37736543777,0.0
72.37,1797.86822,1799.451896,901,0.0,0.0,134091.55159716753,0.0
72.38,1797.86822,1799.214345,901,0.0,0.0,134073.84977238177,0.0
72.39,1765.380054,1794.139201,901,0.0,0.0,133695.66020529647,0.0
72.4,1805.596295,1795.857765,903,0.0,0.0,133823.72415287475,0.0
72.41,1805.596295,1797.318545,903,0.0,0.0,133932.57855302712,0.0
72.42,1805.596295,1798.560207,903,0.0,0.0,134025.10471863864,0.0
72.43,1805.596295,1799.61562,903,0.0,0.0,134103.7519817638,0.0
72.44,1805.596295,1800.512722,903,0.0,0.0,134170.60222621236,0.0
72.45,1805.596295,1801.275258,903,0.0,0.0,134227.42488183093,0.0
72.46000000000001,1805.596295,1801.923413,904,0.0,0.0,134275.724094396,0.0
72.47,1801.740932,1801.896041,904,0.0,0.0,134273.68438777284,0.0
72.48,1801.740932,1801.872775,904,0.0,0.0,134271.95065204677,0.0
72.49,1801.740932,1801.852998,904,0.0,0.0,134270.4769096134,0.0
72.5,1798.893319,1801.409046,906,0.0,0.0,134237.3944956589,0.0
72.51,1798.893319,1801.031687,906,0.0,0.0,134209.27445870117,0.0
72.52,1798.893319,1800.710932,906,0.0,0.0,134185.3724384648,0.0
72.53,1798.893319,1800.43829,906,0.0,0.0,134165.05570263442,0.0
72.54,1798.893319,1800.206544,906,0.0,0.0,134147.78645482316,0.0
72.55,1798.893319,1800.009561,906,0.0,0.0,134133.10767615342,0.0
72.56,1798.893319,1799.842124,907,0.0,0.0,134120.63060623306,0.0
72.57000000000001,1744.202526,1791.496185,907,0.0,0.0,133498.7079460424,0.0
72.58,1744.202526,1784.402136,907,0.0,0.0,132970.07362154013,0.0
72.59,1859.352874,1795.644746,907,0.0,0.0,133807.8504035997,0.0
72.60000000000001,1776.561208,1792.782216,909,0.0,0.0,133594.54040067788,0.0
72.61,1776.561208,1790.349064,909,0.0,0.0,133413.2267864173,0.0
72.62,1776.561208,1788.280886,909,0.0,0.0,133259.11030371746,0.0
72.63,1776.561208,1786.522934,909,0.0,0.0,133128.11124125996,0.0
72.64,1776.561208,1785.028675,909,0.0,0.0,133016.7620530747,0.0
72.65,1776.561208,1783.758555,909,0.0,0.0,132922.1152542949,0.0
72.66,1776.561208,1782.678953,910,0.0,0.0,132841.66547533212,0.0
72.67,1836.147154,1790.699183,910,0.0,0.0,133439.31695312753,0.0
72.68,1836.147154,1797.516379,910,0.0,0.0,133947.32074651262,0.0
72.69,1836.147154,1803.310995,910,0.0,0.0,134379.12392617916,0.0
72.7,1803.088336,1803.277596,912,0.0,0.0,134376.63509958604,0.0
72.71000000000001,1803.088336,1803.249207,912,0.0,0.0,134374.51960815958,0.0
72.72,1803.088336,1803.225076,912,0.0,0.0,134372.7214143658,0.0
72.73,1803.088336,1803.204565,912,0.0,0.0,134371.19297572243,0.0
72.74,1803.088336,1803.187131,912,0.0,0.0,134369.8938289568,0.0
72.75,1803.088336,1803.172312,912,0.0,0.0,134368.78954675424,0.0
72.76,1803.088336,1803.159715,913,0.0,0.0,134367.85084354176,0.0
72.77,1747.59655,1794.82524,913,0.0,0.0,133746.78245767264,0.0
72.78,1747.59655,1787.740937,913,0.0,0.0,133218.87438557248,0.0
72.79,1874.857886,1800.808479,913,0.0,0.0,134192.64144555118,0.0
72.8,1766.239913,1795.623194,915,0.0,0.0,133806.24439172103,0.0
72.81,1766.239913,1791.215702,915,0.0,0.0,133477.80691459487,0.0
72.82000000000001,1766.239913,1787.469334,915,0.0,0.0,133198.63507394126,0.0
72.83,1766.239913,1784.28492,915,0.0,0.0,132961.3389199641,0.0
72.84,1766.239913,1781.578169,915,0.0,0.0,132759.63725614967,0.0
72.85000000000001,1766.239913,1779.277431,915,0.0,0.0,132588.19086798874,0.0
72.86,1766.239913,1777.321803,916,0.0,0.0,132442.46138588933,0.0
72.87,1794.18984,1779.852009,916,0.0,0.0,132631.0072698636,0.0
72.88,1794.18984,1782.002683,916,0.0,0.0,132791.2711892719,0.0
72.89,1874.903536,1795.937811,916,0.0,0.0,133829.68902048975,0.0
72.9,1798.696154,1796.351563,918,0.0,0.0,133860.5209909246,0.0
72.91,1798.696154,1796.703251,918,0.0,0.0,133886.72807637264,0.0
72.92,1798.696154,1797.002187,918,0.0,0.0,133909.00418842508,0.0
72.93,1798.696154,1797.256282,918,0.0,0.0,133927.93883895883,0.0
72.94,1798.696154,1797.472262,918,0.0,0.0,133944.03323602403,0.0
72.95,1798.696154,1797.655846,918,0.0,0.0,133957.71354804747,0.0
72.96000000000001,1798.696154,1797.811892,919,0.0,0.0,133969.34178346017,0.0
72.97,1729.105957,1787.506002,919,0.0,0.0,133201.3674998677,0.0
72.98,1729.105957,1778.745995,919,0.0,0.0,132548.58932155508,0.0
72.99,1729.105957,1771.299989,919,0.0,0.0,131993.72786626345,0.0
73.0,1797.848558,1775.282275,922,0.0,0.0,132290.47984381323,0.0
73.01,1797.848558,1778.667217,922,0.0,0.0,132542.71894276075,0.0
73.02,1797.848558,1781.544418,922,0.0,0.0,132757.1221992215,0.0
73.03,1797.848558,1783.990039,922,0.0,0.0,132939.36497839086,0.0
73.04,1797.848558,1786.068817,922,0.0,0.0,133094.27135186255,0.0
73.05,1797.848558,1787.835778,922,0.0,0.0,133225.941746958,0.0
73.06,1797.848558,1789.337695,922,0.0,0.0,133337.86159396693,0.0
73.07000000000001,1797.848558,1790.614325,922,0.0,0.0,133432.99350490936,0.0
73.08,1797.848558,1791.69946,922,0.0,0.0,133513.85559195146,0.0
73.09,1797.848558,1792.621824,922,0.0,0.0,133582.5883100487,0.0
73.10000000000001,1824.296861,1797.37308,924,0.0,0.0,133936.64239201197,0.0
73.11,1824.296861,1801.411647,924,0.0,0.0,134237.58831696998,0.0
73.12,1824.296861,1804.844429,924,0.0,0.0,134493.39235691016,0.0
73.13,1824.296861,1807.762294,924,0.0,0.0,134710.82581321473,0.0
73.14,1824.296861,1810.242479,924,0.0,0.0,134895.64423244412,0.0
73.15,1824.296861,1812.350636,924,0.0,0.0,135052.73987015957,0.0
73.16,1734.833522,1800.723069,925,0.0,0.0,134186.27686339853,0.0
73.17,1734.833522,1790.839637,925,0.0,0.0,133449.78330392574,0.0
73.18,1734.833522,1782.43872,925,0.0,0.0,132823.76379327747,0.0
73.19,1802.001703,1785.373167,925,0.0,0.0,133042.43290701386,0.0
73.2,1794.75908,1786.781054,927,0.0,0.0,133147.345826733,0.0
73.21000000000001,1794.75908,1787.977758,927,0.0,0.0,133236.5218122202,0.0
73.22,1794.75908,1788.994956,927,0.0,0.0,133312.32137007706,0.0
73.23,1794.75908,1789.859575,927,0.0,0.0,133376.751046418,0.0
73.24,1794.75908,1790.5945,927,0.0,0.0,133431.5161856121,0.0
73.25,1794.75908,1791.219187,927,0.0,0.0,133478.06660981564,0.0
73.26,1807.07165,1793.597057,928,0.0,0.0,133655.2607201473,0.0
73.27,1807.07165,1795.618246,928,0.0,0.0,133805.8756766702,0.0
73.28,1807.07165,1797.336256,928,0.0,0.0,133933.898341278,0.0
73.29,1802.085135,1798.048588,928,0.0,0.0,133986.97989535824,0.0
73.3,1801.532533,1798.57118,930,0.0,0.0,134025.92240462344,0.0
73.31,1801.532533,1799.015383,930,0.0,0.0,134059.02352259523,0.0
73.32000000000001,1801.532533,1799.392955,930,0.0,0.0,134087.15943188642,0.0
73.33,1801.532533,1799.713892,930,0.0,0.0,134111.07501439826,0.0
73.34,1801.532533,1799.986688,930,0.0,0.0,134131.4032260003,0.0
73.35000000000001,1801.532533,1800.218565,930,0.0,0.0,134148.68223566917,0.0
73.36,1794.690679,1799.389382,931,0.0,0.0,134086.89317908193,0.0
73.37,1794.690679,1798.684577,931,0.0,0.0,134034.37252196766,0.0
73.38,1794.690679,1798.085492,931,0.0,0.0,133989.729907532,0.0
73.39,1802.051797,1798.680438,931,0.0,0.0,134034.06409197664,0.0
73.4,1795.959306,1798.272268,933,0.0,0.0,134003.64808100296,0.0
73.41,1795.959306,1797.925324,933,0.0,0.0,133977.79450893428,0.0
73.42,1795.959306,1797.630421,933,0.0,0.0,133955.81892796513,0.0
73.43,1795.959306,1797.379754,933,0.0,0.0,133937.13972512624,0.0
73.44,1795.959306,1797.166687,933,0.0,0.0,133921.26239898725,0.0
73.45,1795.959306,1796.98558,933,0.0,0.0,133907.76666804327,0.0
73.46000000000001,1804.918911,1798.175579,934,0.0,0.0,133996.44301035826,0.0
73.47,1804.918911,1799.187079,934,0.0,0.0,134071.8179646663,0.0
73.48,1804.918911,1800.046854,934,0.0,0.0,134135.88667582817,0.0
73.49,1812.506344,1801.915777,934,0.0,0.0,134275.15507496832,0.0
73.5,1778.90824,1798.464647,936,0.0,0.0,134017.98377881295,0.0
73.51,1778.90824,1795.531186,936,0.0,0.0,133799.38813982188,0.0
73.52,1778.90824,1793.037744,936,0.0,0.0,133613.5818355018,0.0
73.53,1778.90824,1790.918318,936,0.0,0.0,133455.64645447434,0.0
73.54,1778.90824,1789.116806,936,0.0,0.0,133321.4013880528,0.0
73.55,1778.90824,1787.585521,936,0.0,0.0,133207.29309649803,0.0
73.56,1836.630193,1794.942222,937,0.0,0.0,133755.49972203732,0.0
73.57000000000001,1836.630193,1801.195418,937,0.0,0.0,134221.47536492342,0.0
73.58,1796.86907,1800.546466,937,0.0,0.0,134173.11676151454,0.0
73.59,1796.86907,1799.994856,937,0.0,0.0,134132.01188900255,0.0
73.60000000000001,1795.370255,1799.301166,939,0.0,0.0,134080.31949942868,0.0
73.61,1795.370255,1798.711529,939,0.0,0.0,134036.38093103192,0.0
73.62,1795.370255,1798.210338,939,0.0,0.0,133999.03318142777,0.0
73.63,1795.370255,1797.784326,939,0.0,0.0,133967.28762034554,0.0
73.64,1795.370255,1797.422215,939,0.0,0.0,133940.30383381122,0.0
73.65,1795.370255,1797.114421,939,0.0,0.0,133917.36764133835,0.0
73.66,1812.654139,1799.445379,940,0.0,0.0,134091.06596337887,0.0
73.67,1812.654139,1801.426693,940,0.0,0.0,134238.7095147579,0.0
73.68,1812.654139,1803.110809,940,0.0,0.0,134364.20646636395,0.0
73.69,1791.791256,1801.412876,940,0.0,0.0,134237.67989958872,0.0
73.7,1800.776056,1801.317353,942,0.0,0.0,134230.5617169289,0.0
73.71000000000001,1800.776056,1801.236159,942,0.0,0.0,134224.51130265303,0.0
73.72,1800.776056,1801.167143,942,0.0,0.0,134219.36836854866,0.0
73.73,1800.776056,1801.10848,942,0.0,0.0,134214.99691927084,0.0
73.74,1800.776056,1801.058616,942,0.0,0.0,134211.2811538515,0.0
73.75,1800.776056,1801.016232,942,0.0,0.0,134208.1227830523,0.0
73.76,1796.082689,1800.276201,943,0.0,0.0,134152.9771549638,0.0
73.77,1796.082689,1799.647174,943,0.0,0.0,134106.10332265185,0.0
73.78,1796.874012,1799.2312,943,0.0,0.0,134075.10577322688,0.0
73.79,1796.874012,1798.877622,943,0.0,0.0,134048.75784876387,0.0
73.8,1796.371179,1798.501655,945,0.0,0.0,134020.74154085843,0.0
73.81,1796.371179,1798.182084,945,0.0,0.0,133996.92774993097,0.0
73.82000000000001,1796.371179,1797.910448,945,0.0,0.0,133976.68597920588,0.0
73.83,1796.371179,1797.679558,945,0.0,0.0,133959.48051880032,0.0
73.84,1796.371179,1797.483301,945,0.0,0.0,133944.85584019666,0.0
73.85000000000001,1796.371179,1797.316482,945,0.0,0.0,133932.4248223986,0.0
73.86,1810.581181,1799.306187,946,0.0,0.0,134080.69365429334,0.0
73.87,1810.581181,1800.997436,946,0.0,0.0,134206.72214277435,0.0
73.88,1796.861254,1800.377009,946,0.0,0.0,134160.4891652395,0.0
73.89,1796.861254,1799.849646,946,0.0,0.0,134121.19113060896,0.0
73.9,1797.822486,1799.545572,948,0.0,0.0,134098.53214508624,0.0
73.91,1797.822486,1799.287109,948,0.0,0.0,134079.2719999401,0.0
73.92,1797.822486,1799.067416,948,0.0,0.0,134062.90091755075,0.0
73.93,1797.822486,1798.880676,948,0.0,0.0,134048.98542672777,0.0
73.94,1797.822486,1798.721948,948,0.0,0.0,134037.1573340462,0.0
73.95,1797.822486,1798.587029,948,0.0,0.0,134027.10344036325,0.0
73.96000000000001,1794.737891,1798.009658,948,0.0,0.0,133984.07890972184,0.0
73.97,1794.737891,1797.518893,949,0.0,0.0,133947.50808475792,0.0
73.98,1812.390441,1799.749625,949,0.0,0.0,134113.73776599718,0.0
73.99,1812.390441,1801.645747,949,0.0,0.0,134255.03298014693,0.0
74.0,1786.23114,1799.333556,952,0.0,0.0,134082.73313736246,0.0
74.01,1786.23114,1797.368194,952,0.0,0.0,133936.27829707696,0.0
74.02,1786.23114,1795.697636,952,0.0,0.0,133811.79166047892,0.0
74.03,1786.23114,1794.277662,952,0.0,0.0,133705.97804172596,0.0
74.04,1786.23114,1793.070683,952,0.0,0.0,133616.03638381613,0.0
74.05,1786.23114,1792.044752,952,0.0,0.0,133539.5860602885,0.0
74.06,1786.23114,1791.17271,952,0.0,0.0,133474.6032368533,0.0
74.07000000000001,1786.23114,1790.431475,952,0.0,0.0,133419.367889096,0.0
74.08,1786.23114,1789.801425,952,0.0,0.0,133372.4178248728,0.0
74.09,1789.660921,1789.780349,952,0.0,0.0,133370.84728356084,0.0
74.10000000000001,1834.883384,1796.545804,954,0.0,0.0,133874.99544124564,0.0
74.11,1834.883384,1802.296441,954,0.0,0.0,134303.52139390726,0.0
74.12,1834.883384,1807.184483,954,0.0,0.0,134667.76849465448,0.0
74.13,1834.883384,1811.339318,954,0.0,0.0,134977.37847812704,0.0
74.14,1834.883384,1814.870928,954,0.0,0.0,135240.5469827082,0.0
74.15,1834.883384,1817.872796,954,0.0,0.0,135464.2401743432,0.0
74.16,1734.175035,1805.318132,954,0.0,0.0,134528.69175580348,0.0
74.17,1734.175035,1794.646667,955,0.0,0.0,133733.47555533392,0.0
74.18,1734.175035,1785.575922,955,0.0,0.0,133057.5418035643,0.0
74.19,1802.015578,1788.041871,955,0.0,0.0,133241.29938458354,0.0
74.2,1799.903977,1789.821187,957,0.0,0.0,133373.89044953618,0.0
74.21000000000001,1799.903977,1791.333605,957,0.0,0.0,133486.5928100351,0.0
74.22,1799.903977,1792.619161,957,0.0,0.0,133582.3898686218,0.0
74.23,1799.903977,1793.711883,957,0.0,0.0,133663.8173237097,0.0
74.24,1799.903977,1794.640697,957,0.0,0.0,133733.03068288977,0.0
74.25,1799.903977,1795.430189,957,0.0,0.0,133791.8620456447,0.0
74.26,1810.32224,1797.663997,957,0.0,0.0,133958.32094424378,0.0
74.27,1810.32224,1799.562733,958,0.0,0.0,134099.81094843856,0.0
74.28,1796.842837,1799.154749,958,0.0,0.0,134069.40879781236,0.0
74.29,1796.842837,1798.807962,958,0.0,0.0,134043.5669250693,0.0
74.3,1790.43248,1797.55164,960,0.0,0.0,133949.9483256168,0.0
74.31,1790.43248,1796.483766,960,0.0,0.0,133870.37249372675,0.0
74.32000000000001,1790.43248,1795.576073,960,0.0,0.0,133802.73302916845,0.0
74.33,1790.43248,1794.804534,960,0.0,0.0,133745.23948801975,0.0
74.34,1790.43248,1794.148726,960,0.0,0.0,133696.3699892211,0.0
74.35000000000001,1790.43248,1793.591289,960,0.0,0.0,133654.83090033865,0.0
74.36,1823.771638,1798.118341,960,0.0,0.0,133992.1777492266,0.0
74.37,1823.771638,1801.966336,961,0.0,0.0,134278.92263039577,0.0
74.38,1823.771638,1805.237131,961,0.0,0.0,134522.65572350106,0.0
74.39,1791.598168,1803.191287,961,0.0,0.0,134370.20352575375,0.0
74.4,1794.483235,1801.885079,963,0.0,0.0,134272.867521486,0.0
74.41,1794.483235,1800.774802,963,0.0,0.0,134190.13190295483,0.0
74.42,1794.483235,1799.831067,963,0.0,0.0,134119.80666073645,0.0
74.43,1794.483235,1799.028892,963,0.0,0.0,134060.03018622132,0.0
74.44,1794.483235,1798.347044,963,0.0,0.0,134009.22023877196,0.0
74.45,1794.483235,1797.767473,963,0.0,0.0,133966.0317685364,0.0
74.46000000000001,1820.312135,1801.149172,963,0.0,0.0,134218.0292056185,0.0
74.47,1820.312135,1804.023616,964,0.0,0.0,134432.2270159606,0.0
74.48,1820.312135,1806.466894,964,0.0,0.0,134614.2951994622,0.0
74.49,1802.085616,1805.809702,964,0.0,0.0,134565.32256775524,0.0
74.5,1785.330891,1802.737881,966,0.0,0.0,134336.4166186524,0.0
74.51,1785.330891,1800.126832,966,0.0,0.0,134141.8464762193,0.0
74.52,1785.330891,1797.907441,966,0.0,0.0,133976.46190358786,0.0
74.53,1785.330891,1796.020958,966,0.0,0.0,133835.88496841447,0.0
74.54,1785.330891,1794.417448,966,0.0,0.0,133716.3946145019,0.0
74.55,1785.330891,1793.054465,966,0.0,0.0,133614.8278509353,0.0
74.56,1850.243789,1801.632863,966,0.0,0.0,134254.07289026925,0.0
74.57000000000001,1850.243789,1808.924502,967,0.0,0.0,134797.43122586567,0.0
74.58,1796.871137,1807.116497,967,0.0,0.0,134662.70231408742,0.0
74.59,1796.871137,1805.579693,967,0.0,0.0,134548.1827577054,0.0
74.60000000000001,1790.000317,1803.242787,969,0.0,0.0,134374.04120261667,0.0
74.61,1790.000317,1801.256416,969,0.0,0.0,134226.02081372507,0.0
74.62,1790.000317,1799.568001,969,0.0,0.0,134100.20350924856,0.0
74.63,1790.000317,1798.132849,969,0.0,0.0,133993.25885633202,0.0
74.64,1790.000317,1796.912969,969,0.0,0.0,133902.35584173852,0.0
74.65,1790.000317,1795.876071,969,0.0,0.0,133825.08827933404,0.0
74.66,1749.147503,1788.866786,969,0.0,0.0,133302.77039835817,0.0
74.67,1749.147503,1782.908894,970,0.0,0.0,132858.80021815817,0.0
74.68,1749.147503,1777.844685,970,0.0,0.0,132481.42550537377,0.0
74.69,1802.105679,1781.483834,970,0.0,0.0,132752.60760087075,0.0
74.7,1792.721662,1783.169508,972,0.0,0.0,132878.22065151657,0.0
74.71000000000001,1792.721662,1784.602331,972,0.0,0.0,132984.99175201735,0.0
74.72,1792.721662,1785.820231,972,0.0,0.0,133075.74722097607,0.0
74.73,1792.721662,1786.855446,972,0.0,0.0,133152.88936959105,0.0
74.74,1792.721662,1787.735378,972,0.0,0.0,133218.46014002524,0.0
74.75,1792.721662,1788.483321,972,0.0,0.0,133274.1953545087,0.0
74.76,1810.739059,1791.821681,972,0.0,0.0,133522.96325610418,0.0
74.77,1810.739059,1794.659288,973,0.0,0.0,133734.41604697832,0.0
74.78,1796.766385,1794.975353,973,0.0,0.0,133757.96857780716,0.0
74.79,1796.766385,1795.244008,973,0.0,0.0,133777.98821038217,0.0
74.8,1795.548519,1795.289684,975,0.0,0.0,133781.39189442864,0.0
74.81,1795.548519,1795.328509,975,0.0,0.0,133784.2850556753,0.0
74.82000000000001,1795.548519,1795.361511,975,0.0,0.0,133786.74429862347,0.0
74.83,1795.548519,1795.389562,975,0.0,0.0,133788.83460296682,0.0
74.84,1795.548519,1795.413405,975,0.0,0.0,133790.61133557736,0.0
74.85000000000001,1795.548519,1795.433672,975,0.0,0.0,133792.12159182943,0.0
74.86,1825.091819,1799.882395,975,0.0,0.0,134123.63152050384,0.0
74.87,1825.091819,1803.663808,976,0.0,0.0,134405.4148443742,0.0
74.88,1796.869969,1802.644732,976,0.0,0.0,134329.4753417183,0.0
74.89,1796.869969,1801.778518,976,0.0,0.0,134264.9268091716,0.0
74.9,1796.924894,1801.050474,978,0.0,0.0,134210.67442831714,0.0
74.91,1796.924894,1800.431637,978,0.0,0.0,134164.55993439813,0.0
74.92,1796.924894,1799.905626,978,0.0,0.0,134125.3626481,0.0
74.93,1796.924894,1799.458516,978,0.0,0.0,134092.04490630992,0.0
74.94,1796.924894,1799.078473,978,0.0,0.0,134063.72486304736,0.0
74.95,1796.924894,1798.755436,978,0.0,0.0,134039.65279274105,0.0
74.96000000000001,1809.3305,1800.341696,978,0.0,0.0,134157.85771119947,0.0
74.97,1809.3305,1801.690016,979,0.0,0.0,134258.33181737116,0.0
74.98,1809.3305,1802.836089,979,0.0,0.0,134343.73488213503,0.0
74.99,1802.029333,1802.715076,979,0.0,0.0,134334.71723572307,0.0
75.0,1803.61701,1802.850366,982,0.0,0.0,134344.79877558307,0.0
75.01,1803.61701,1802.965362,982,0.0,0.0,134353.368047205,0.0
75.02,1803.61701,1803.06311,982,0.0,0.0,134360.6520324089,0.0
75.03,1803.61701,1803.146195,982,0.0,0.0,134366.84336021775,0.0
75.04,1803.61701,1803.216817,982,0.0,0.0,134372.1059702258,0.0
75.05,1803.61701,1803.276846,982,0.0,0.0,134376.57921108804,0.0
75.06,1803.61701,1803.327871,982,0.0,0.0,134380.38149190223,0.0
75.07000000000001,1803.61701,1803.371242,982,0.0,0.0,134383.6134119648,0.0
75.08,1803.61701,1803.408107,982,0.0,0.0,134386.36051793673,0.0
75.09,1743.709097,1794.453255,982,0.0,0.0,133719.06288043264,0.0
75.10000000000001,1841.992396,1801.584127,984,0.0,0.0,134250.44118115096,0.0
75.11,1841.992396,1807.645367,984,0.0,0.0,134702.1126473399,0.0
75.12,1841.992396,1812.797421,984,0.0,0.0,135086.03339360052,0.0
75.13,1841.992396,1817.176668,984,0.0,0.0,135412.36610989182,0.0
75.14,1841.992396,1820.899027,984,0.0,0.0,135689.74884794737,0.0
75.15,1841.992396,1824.063032,984,0.0,0.0,135925.52416411685,0.0
75.16,1733.879753,1810.535541,984,0.0,0.0,134917.48262578016,0.0
75.17,1733.879753,1799.037172,985,0.0,0.0,134060.6471952393,0.0
75.18,1796.856672,1798.710097,985,0.0,0.0,134036.27422125972,0.0
75.19,1796.856672,1798.432084,985,0.0,0.0,134015.55724926564,0.0
75.2,1794.101788,1797.782539,987,0.0,0.0,133967.15445668428,0.0
75.21000000000001,1794.101788,1797.230427,987,0.0,0.0,133926.01217613762,0.0
75.22,1794.101788,1796.761131,987,0.0,0.0,133891.0411780586,0.0
75.23,1794.101788,1796.36223,987,0.0,0.0,133861.3158744022,0.0
75.24,1794.101788,1796.023163,987,0.0,0.0,133836.04928059859,0.0
75.25,1794.101788,1795.734957,987,0.0,0.0,133814.5727466576,0.0
75.26,1815.686441,1798.72768,987,0.0,0.0,134037.58447120694,0.0
75.27,1815.686441,1801.271494,988,0.0,0.0,134227.144396089,0.0
75.28,1796.865027,1800.610524,988,0.0,0.0,134177.890235388,0.0
75.29,1796.865027,1800.0487,988,0.0,0.0,134136.02423605125,0.0
75.3,1794.648351,1799.238647,990,0.0,0.0,134075.66070875304,0.0
75.31,1794.648351,1798.550103,990,0.0,0.0,134024.35178879354,0.0
75.32000000000001,1794.648351,1797.96484,990,0.0,0.0,133980.73916211713,0.0
75.33,1794.648351,1797.467367,990,0.0,0.0,133943.66847042704,0.0
75.34,1794.648351,1797.044514,990,0.0,0.0,133912.1583116984,0.0
75.35000000000001,1794.648351,1796.68509,990,0.0,0.0,133885.37475502296,0.0
75.36,1827.002453,1801.232694,990,0.0,0.0,134224.25309779224,0.0
75.37,1827.002453,1805.098158,991,0.0,0.0,134512.2997338569,0.0
75.38,1827.002453,1808.383802,991,0.0,0.0,134757.13934470466,0.0
75.39,1802.033837,1807.431308,991,0.0,0.0,134686.1613993476,0.0
75.4,1786.711415,1804.323324,993,0.0,0.0,134454.56065590703,0.0
75.41,1786.711415,1801.681537,993,0.0,0.0,134257.6999792717,0.0
75.42,1786.711415,1799.436019,993,0.0,0.0,134090.3684749238,0.0
75.43,1786.711415,1797.527328,993,0.0,0.0,133948.13664406547,0.0
75.44,1786.711415,1795.904941,993,0.0,0.0,133827.23961391722,0.0
75.45,1786.711415,1794.525912,993,0.0,0.0,133724.4771345653,0.0
75.46000000000001,1821.915014,1798.634277,993,0.0,0.0,134030.62426670155,0.0
75.47,1821.915014,1802.126388,994,0.0,0.0,134290.8493849058,0.0
75.48,1821.915014,1805.094682,994,0.0,0.0,134512.04070929816,0.0
75.49,1802.096068,1804.64489,994,0.0,0.0,134478.5231102392,0.0
75.5,1786.552041,1801.930963,996,0.0,0.0,134276.28670527588,0.0
75.51,1786.552041,1799.624124,996,0.0,0.0,134104.38568281318,0.0
75.52,1786.552041,1797.663312,996,0.0,0.0,133958.26989941558,0.0
75.53,1786.552041,1795.996621,996,0.0,0.0,133834.07142391324,0.0
75.54,1786.552041,1794.579934,996,0.0,0.0,133728.5027458175,0.0
75.55,1786.552041,1793.37575,996,0.0,0.0,133638.76936571026,0.0
75.56,1835.128919,1799.638726,996,0.0,0.0,134105.47379461033,0.0
75.57000000000001,1835.128919,1804.962255,997,0.0,0.0,134502.1725144646,0.0
75.58,1835.128919,1809.487254,997,0.0,0.0,134839.36637790396,0.0
75.59,1802.023806,1808.367737,997,0.0,0.0,134755.94221307745,0.0
75.60000000000001,1798.569592,1806.898015,999,0.0,0.0,134646.42147299286,0.0
75.61,1798.569592,1805.648752,999,0.0,0.0,134553.32889608358,0.0
75.62,1798.569592,1804.586878,999,0.0,0.0,134474.2001721776,0.0
75.63,1798.569592,1803.684285,999,0.0,0.0,134406.9407494057,0.0
75.64,1798.569592,1802.917081,999,0.0,0.0,134349.7702437755,0.0
75.65,1798.569592,1802.264957,999,0.0,0.0,134301.17526927902,0.0
75.66,1737.113518,1792.492241,999,0.0,0.0,133572.93204439958,0.0
75.67,1737.113518,1784.185433,1000,0.0,0.0,132953.92534796285,0.0
75.68,1737.113518,1777.124646,1000,0.0,0.0,132427.76964108803,0.0
75.69,1802.17176,1780.881713,1000,0.0,0.0,132707.7387497952,0.0
75.7,1826.51117,1787.726131,1002,0.0,0.0,133217.77107210385,0.0
75.71000000000001,1826.51117,1793.543887,1002,0.0,0.0,133651.29859822878,0.0
75.72,1826.51117,1798.48898,1002,0.0,0.0,134019.79702524218,0.0
75.73,1826.51117,1802.692308,1002,0.0,0.0,134333.0206099597,0.0
75.74,1826.51117,1806.265137,1002,0.0,0.0,134599.26067187317,0.0
75.75,1826.51117,1809.302042,1002,0.0,0.0,134825.56475058093,0.0
75.76,1758.582698,1801.694141,1002,0.0,0.0,134258.63920411016,0.0
75.77,1758.582698,1795.227424,1003,0.0,0.0,133776.75240391432,0.0
75.78,1758.582698,1789.730715,1003,0.0,0.0,133367.14865728095,0.0
75.79,1802.007108,1791.572174,1003,0.0,0.0,133504.3704941422,0.0
75.8,1784.455259,1790.504637,1005,0.0,0.0,133424.8197748173,0.0
75.81,1784.455259,1789.59723,1005,0.0,0.0,133357.2016224062,0.0
75.82000000000001,1784.455259,1788.825934,1005,0.0,0.0,133299.7261891309,0.0
75.83,1784.455259,1788.170333,1005,0.0,0.0,133250.87211555766,0.0
75.84,1784.455259,1787.613072,1005,0.0,0.0,133209.34614184275,0.0
75.85000000000001,1784.455259,1787.1394,1005,0.0,0.0,133174.04905300733,0.0
75.86,1828.012838,1793.270416,1005,0.0,0.0,133630.9200869786,0.0
75.87,1828.012838,1798.481779,1006,0.0,0.0,134019.26042114335,0.0
75.88,1796.870508,1798.240088,1006,0.0,0.0,134001.25009184857,0.0
75.89,1796.870508,1798.034651,1006,0.0,0.0,133985.9413380293,0.0
75.9,1791.308047,1797.025661,1008,0.0,0.0,133910.75342389458,0.0
75.91,1791.308047,1796.168019,1008,0.0,0.0,133846.84365962108,0.0
75.92,1791.308047,1795.439023,1008,0.0,0.0,133792.52033763318,0.0
75.93,1791.308047,1794.819376,1008,0.0,0.0,133746.34548413628,0.0
75.94,1791.308047,1794.292677,1008,0.0,0.0,133707.096929456,0.0
75.95,1791.308047,1793.844983,1008,0.0,0.0,133673.73566915546,0.0
75.96000000000001,1823.359371,1798.272141,1008,0.0,0.0,134003.63861721728,0.0
75.97,1823.359371,1802.035225,1009,0.0,0.0,134284.05610071443,0.0
75.98,1823.359371,1805.233847,1009,0.0,0.0,134522.41100639777,0.0
75.99,1812.443935,1806.31536,1009,0.0,0.0,134603.0031892535,0.0
76.0,1796.828093,1804.89227,1012,0.0,0.0,134496.95737242085,0.0
76.01,1796.828093,1803.682644,1012,0.0,0.0,134406.81846537208,0.0
76.02,1796.828093,1802.654461,1012,0.0,0.0,134330.2003273144,0.0
76.03,1796.828093,1801.780506,1012,0.0,0.0,134265.07495095034,0.0
76.04,1796.828093,1801.037644,1012,0.0,0.0,134209.71836241134,0.0
76.05,1796.828093,1800.406211,1012,0.0,0.0,134162.66523979776,0.0
76.06,1796.828093,1799.869494,1012,0.0,0.0,134122.67016382018,0.0
76.07000000000001,1796.828093,1799.413284,1012,0.0,0.0,134088.6743082543,0.0
76.08,1796.828093,1799.025505,1012,0.0,0.0,134059.7777937643,0.0
76.09,1809.039774,1800.527645,1012,0.0,0.0,134171.7142582866,0.0
76.10000000000001,1794.28356,1799.591033,1014,0.0,0.0,134101.91980776325,0.0
76.11,1794.28356,1798.794912,1014,0.0,0.0,134042.594465204,0.0
76.12,1794.28356,1798.118209,1014,0.0,0.0,133992.16791285094,0.0
76.13,1794.28356,1797.543012,1014,0.0,0.0,133949.30538433575,0.0
76.14,1794.28356,1797.054094,1014,0.0,0.0,133912.87219411295,0.0
76.15,1794.28356,1796.638514,1014,0.0,0.0,133881.90400477892,0.0
76.16,1821.77302,1800.40869,1014,0.0,0.0,134162.8499699132,0.0
76.17,1821.77302,1803.613339,1015,0.0,0.0,134401.65399556654,0.0
76.18,1796.800612,1802.59143,1015,0.0,0.0,134325.50338342416,0.0
76.19,1796.800612,1801.722808,1015,0.0,0.0,134260.7754115399,0.0
76.2,1789.727486,1799.92351,1017,0.0,0.0,134126.6953279644,0.0
76.21000000000001,1789.727486,1798.394106,1017,0.0,0.0,134012.7272047627,0.0
76.22,1789.727486,1797.094113,1017,0.0,0.0,133915.85432984843,0.0
76.23,1789.727486,1795.989119,1017,0.0,0.0,133833.5123898972,0.0
76.24,1789.727486,1795.049874,1017,0.0,0.0,133763.52173348685,0.0
76.25,1789.727486,1794.251516,1017,0.0,0.0,133704.02969416755,0.0
76.26,1747.805445,1787.284605,1017,0.0,0.0,133184.8694388109,0.0
76.27,1747.805445,1781.362731,1018,0.0,0.0,132743.58324783904,0.0
76.28,1812.481966,1786.030616,1018,0.0,0.0,133091.4246898462,0.0
76.29,1812.481966,1789.998319,1018,0.0,0.0,133387.08997144076,0.0
76.3,1823.969848,1795.094048,1020,0.0,0.0,133766.81349150126,0.0
76.31,1823.969848,1799.425418,1020,0.0,0.0,134089.578509634,0.0
76.32000000000001,1823.969848,1803.107083,1020,0.0,0.0,134363.92881230582,0.0
76.33,1823.969848,1806.236497,1020,0.0,0.0,134597.1264764294,0.0
76.34,1823.969848,1808.8965,1020,0.0,0.0,134795.3445729042,0.0
76.35000000000001,1823.969848,1811.157502,1020,0.0,0.0,134963.8299139229,0.0
76.36,1745.470166,1801.304402,1020,0.0,0.0,134229.5966343454,0.0
76.37,1745.470166,1792.929266,1021,0.0,0.0,133605.4982721865,0.0
76.38,1745.470166,1785.810401,1021,0.0,0.0,133075.01470906226,0.0
76.39,1802.033177,1788.243818,1021,0.0,0.0,133256.3480705921,0.0
76.4,1827.921571,1794.195481,1023,0.0,0.0,133699.85407818665,0.0
76.41,1827.921571,1799.254394,1023,0.0,0.0,134076.83414365718,0.0
76.42,1827.921571,1803.554471,1023,0.0,0.0,134397.26727009917,0.0
76.43,1827.921571,1807.209536,1023,0.0,0.0,134669.6353940418,0.0
76.44,1827.921571,1810.316341,1023,0.0,0.0,134901.1482807635,0.0
76.45,1827.921571,1812.957125,1023,0.0,0.0,135097.9342158475,0.0
76.46000000000001,1755.464516,1804.333234,1023,0.0,0.0,134455.29912926062,0.0
76.47,1755.464516,1797.002926,1024,0.0,0.0,133909.05925722508,0.0
76.48,1796.246763,1796.889502,1024,0.0,0.0,133900.60712789497,0.0
76.49,1796.246763,1796.793091,1024,0.0,0.0,133893.42277325355,0.0
76.5,1787.624269,1795.417768,1026,0.0,0.0,133790.93645759975,0.0
76.51,1787.624269,1794.248743,1026,0.0,0.0,133703.82305576093,0.0
76.52,1787.624269,1793.255072,1026,0.0,0.0,133629.77668282742,0.0
76.53,1787.624269,1792.410451,1026,0.0,0.0,133566.83721739726,0.0
76.54,1787.624269,1791.692524,1026,0.0,0.0,133513.3387351219,0.0
76.55,1787.624269,1791.082286,1026,0.0,0.0,133467.86502146197,0.0
76.56,1846.613457,1799.411962,1026,0.0,0.0,134088.5757954618,0.0
76.57000000000001,1846.613457,1806.492186,1027,0.0,0.0,134616.17990865093,0.0
76.58,1796.858828,1805.047182,1027,0.0,0.0,134508.50110442456,0.0
76.59,1796.858828,1803.818929,1027,0.0,0.0,134416.97415063938,0.0
76.60000000000001,1784.361717,1800.900347,1029,0.0,0.0,134199.48726493074,0.0
76.61,1784.361717,1798.419553,1029,0.0,0.0,134014.62346424095,0.0
76.62,1784.361717,1796.310877,1029,0.0,0.0,133857.48915168486,0.0
76.63,1784.361717,1794.518503,1029,0.0,0.0,133723.925030723,0.0
76.64,1784.361717,1792.994986,1029,0.0,0.0,133610.3955949716,0.0
76.65,1784.361717,1791.699995,1029,0.0,0.0,133513.89545908,0.0
76.66,1826.673525,1796.946025,1029,0.0,0.0,133904.81910865853,0.0
76.67,1826.673525,1801.40515,1030,0.0,0.0,134237.10417354127,0.0
76.68,1826.673525,1805.195406,1030,0.0,0.0,134519.5464600621,0.0
76.69,1802.143285,1804.737588,1030,0.0,0.0,134485.43077955648,0.0
76.7,1786.972353,1802.072803,1032,0.0,0.0,134286.85633801844,0.0
76.71000000000001,1786.972353,1799.807735,1032,0.0,0.0,134118.06800682255,0.0
76.72,1786.972353,1797.882428,1032,0.0,0.0,133974.59798492043,0.0
76.73,1786.972353,1796.245917,1032,0.0,0.0,133852.64846257778,0.0
76.74,1786.972353,1794.854882,1032,0.0,0.0,133748.99132014977,0.0
76.75,1786.972353,1793.672503,1032,0.0,0.0,133660.8828049745,0.0
76.76,1822.916887,1798.05916,1032,0.0,0.0,133987.7676996261,0.0
76.77,1822.916887,1801.787819,1033,0.0,0.0,134265.61990106484,0.0
76.78,1796.865477,1801.049468,1033,0.0,0.0,134210.59946321187,0.0
76.79,1796.865477,1800.421869,1033,0.0,0.0,134163.83204260012,0.0
76.8,1789.861476,1798.83781,1035,0.0,0.0,134045.79113825384,0.0
76.81,1789.861476,1797.49136,1035,0.0,0.0,133945.4563807372,0.0
76.82000000000001,1789.861476,1796.346878,1035,0.0,0.0,133860.1718741071,0.0
76.83,1789.861476,1795.374067,1035,0.0,0.0,133787.67994659804,0.0
76.84,1789.861476,1794.547179,1035,0.0,0.0,133726.06190881468,0.0
76.85000000000001,1789.861476,1793.844323,1035,0.0,0.0,133673.6864872772,0.0
76.86,1826.874641,1798.798871,1035,0.0,0.0,134042.8894819555,0.0
76.87,1826.874641,1803.010237,1036,0.0,0.0,134356.71204233557,0.0
76.88,1826.874641,1806.589897,1036,0.0,0.0,134623.46113668886,0.0
76.89,1801.730014,1805.860915,1036,0.0,0.0,134569.13885795293,0.0
76.9,1793.776299,1804.048222,1038,0.0,0.0,134434.06060580313,0.0
76.91,1793.776299,1802.507434,1038,0.0,0.0,134319.24416971972,0.0
76.92,1793.776299,1801.197764,1038,0.0,0.0,134221.6501841452,0.0
76.93,1793.776299,1800.084544,1038,0.0,0.0,134138.69525914785,0.0
76.94,1793.776299,1799.138307,1038,0.0,0.0,134068.1835729001,0.0
76.95,1793.776299,1798.334006,1038,0.0,0.0,134008.24867312264,0.0
76.96000000000001,1823.212752,1802.065818,1038,0.0,0.0,134286.335829807,0.0
76.97,1823.212752,1805.237858,1039,0.0,0.0,134522.7098980851,0.0
76.98,1718.40881,1792.213501,1039,0.0,0.0,133552.1608978214,0.0
76.99,1718.40881,1781.142797,1039,0.0,0.0,132727.19420661236,0.0
77.0,1809.826214,1785.445309,1042,0.0,0.0,133047.8087843779,0.0
77.01,1809.826214,1789.102445,1042,0.0,0.0,133320.331235093,0.0
77.02,1809.826214,1792.21101,1042,0.0,0.0,133551.97527349004,0.0
77.03,1809.826214,1794.853291,1042,0.0,0.0,133748.872762016,0.0
77.04,1809.826214,1797.099229,1042,0.0,0.0,133916.2355639228,0.0
77.05,1809.826214,1799.008277,1042,0.0,0.0,134058.49399770616,0.0
77.06,1809.826214,1800.630967,1042,0.0,0.0,134179.41360680765,0.0
77.07000000000001,1809.826214,1802.010254,1042,0.0,0.0,134282.19531180288,0.0
77.08,1809.826214,1803.182648,1042,0.0,0.0,134369.55976477475,0.0
77.09,1785.686445,1800.558218,1042,0.0,0.0,134173.9924970192,0.0
77.10000000000001,1789.387837,1798.882661,1044,0.0,0.0,134049.13334495248,0.0
77.11,1789.387837,1797.458437,1044,0.0,0.0,133943.00302471084,0.0
77.12,1789.387837,1796.247847,1044,0.0,0.0,133852.7922823126,0.0
77.13,1789.387837,1795.218846,1044,0.0,0.0,133776.11318853317,0.0
77.14,1789.387837,1794.344194,1044,0.0,0.0,133710.93587312492,0.0
77.15,1789.387837,1793.600741,1044,0.0,0.0,133655.53524444948,0.0
77.16,1804.847387,1795.287738,1044,0.0,0.0,133781.2468824058,0.0
77.17,1804.847387,1796.721685,1045,0.0,0.0,133888.1017411356,0.0
77.18,1812.490847,1799.087059,1045,0.0,0.0,134064.3646745725,0.0
77.19,1812.490847,1801.097627,1045,0.0,0.0,134214.18817544568,0.0
77.2,1795.564653,1800.267681,1047,0.0,0.0,134152.34226162647,0.0
77.21000000000001,1795.564653,1799.562227,1047,0.0,0.0,134099.77324233192,0.0
77.22,1795.564653,1798.962591,1047,0.0,0.0,134055.08956847974,0.0
77.23,1795.564653,1798.4529,1047,0.0,0.0,134017.1084158982,0.0
77.24,1795.564653,1798.019663,1047,0.0,0.0,133984.8244622852,0.0
77.25,1795.564653,1797.651412,1047,0.0,0.0,133957.38313524725,0.0
77.26,1838.721937,1803.811991,1047,0.0,0.0,134416.45714477383,0.0
77.27,1838.721937,1809.048483,1048,0.0,0.0,134806.67004169372,0.0
77.28,1838.721937,1813.499501,1048,0.0,0.0,135138.35098917206,0.0
77.29,1802.605608,1811.865417,1048,0.0,0.0,135016.58232200888,0.0
77.3,1780.935395,1807.225914,1050,0.0,0.0,134670.85584980223,0.0
77.31,1780.935395,1803.282336,1050,0.0,0.0,134376.98831489342,0.0
77.32000000000001,1780.935395,1799.930295,1050,0.0,0.0,134127.20093257635,0.0
77.33,1780.935395,1797.08106,1050,0.0,0.0,133914.88164642916,0.0
77.34,1780.935395,1794.65921,1050,0.0,0.0,133734.41023457455,0.0
77.35000000000001,1780.935395,1792.600638,1050,0.0,0.0,133581.0095717571,0.0
77.36,1781.308747,1790.906854,1050,0.0,0.0,133454.7921801528,0.0
77.37,1781.308747,1789.467138,1051,0.0,0.0,133347.50742709643,0.0
77.38,1781.308747,1788.243379,1051,0.0,0.0,133256.31535719126,0.0
77.39,1802.4297,1790.371327,1051,0.0,0.0,133414.88578059207,0.0
77.4,1827.915448,1796.002945,1053,0.0,0.0,133834.54267572841,0.0
77.41,1827.915448,1800.789821,1053,0.0,0.0,134191.2510887569,0.0
77.42,1827.915448,1804.858665,1053,0.0,0.0,134494.45319512027,0.0
77.43,1827.915448,1808.317182,1053,0.0,0.0,134752.17495572197,0.0
77.44,1827.915448,1811.256922,1053,0.0,0.0,134971.23849321832,0.0
77.45,1827.915448,1813.755701,1053,0.0,0.0,135157.4425000902,0.0
77.46000000000001,1742.804552,1803.113029,1053,0.0,0.0,134364.371896318,0.0
77.47,1742.804552,1794.066757,1054,0.0,0.0,133690.26182349728,0.0
77.48,1842.907975,1801.39294,1054,0.0,0.0,134236.19430879375,0.0
77.49,1842.907975,1807.620195,1054,0.0,0.0,134700.2368803109,0.0
77.5,1814.52601,1808.656067,1056,0.0,0.0,134777.42798725006,0.0
77.51,1814.52601,1809.536559,1056,0.0,0.0,134843.04048776277,0.0
77.52,1814.52601,1810.284976,1056,0.0,0.0,134898.81102377697,0.0
77.53,1814.52601,1810.921131,1056,0.0,0.0,134946.21602037398,0.0
77.54,1814.52601,1811.461863,1056,0.0,0.0,134986.5102861109,0.0
77.55,1814.52601,1811.921485,1056,0.0,0.0,135020.7603970837,0.0
77.56,1742.416002,1801.495663,1056,0.0,0.0,134243.84902103437,0.0
77.57000000000001,1742.416002,1792.633714,1057,0.0,0.0,133583.47432903707,0.0
77.58,1742.416002,1785.101057,1057,0.0,0.0,133022.1558147581,0.0
77.59,1801.804534,1787.606579,1057,0.0,0.0,133208.862296486,0.0
77.60000000000001,1792.331283,1788.315284,1059,0.0,0.0,133261.6735737899,0.0
77.61,1792.331283,1788.917684,1059,0.0,0.0,133306.56321538673,0.0
77.62,1792.331283,1789.429724,1059,0.0,0.0,133344.719410744,0.0
77.63,1792.331283,1789.864958,1059,0.0,0.0,133377.15217679768,0.0
77.64,1792.331283,1790.234907,1059,0.0,0.0,133404.72003539512,0.0
77.65,1792.331283,1790.549363,1059,0.0,0.0,133428.15266676625,0.0
77.66,1812.54338,1793.848466,1059,0.0,0.0,133673.9952153402,0.0
77.67,1812.54338,1796.652703,1060,0.0,0.0,133882.96134064315,0.0
77.68,1812.54338,1799.036304,1060,0.0,0.0,134060.58251361756,0.0
77.69,1802.117033,1799.498414,1060,0.0,0.0,134095.01802536772,0.0
77.7,1796.00638,1798.974609,1062,0.0,0.0,134055.98512577178,0.0
77.71000000000001,1796.00638,1798.529374,1062,0.0,0.0,134022.8071052267,0.0
77.72,1796.00638,1798.150925,1062,0.0,0.0,133994.60584365187,0.0
77.73,1796.00638,1797.829243,1062,0.0,0.0,133970.63474523198,0.0
77.74,1796.00638,1797.555814,1062,0.0,0.0,133950.25936373768,0.0
77.75,1796.00638,1797.323399,1062,0.0,0.0,133932.94026338623,0.0
77.76,1805.103413,1798.490401,1062,0.0,0.0,134019.90291531643,0.0
77.77,1805.103413,1799.482353,1063,0.0,0.0,134093.8211918125,0.0
77.78,1812.497644,1801.434647,1063,0.0,0.0,134239.30223090877,0.0
77.79,1812.497644,1803.094096,1063,0.0,0.0,134362.9610470744,0.0
77.8,1799.693556,1802.584015,1065,0.0,0.0,134324.9508324739,0.0
77.81,1799.693556,1802.150446,1065,0.0,0.0,134292.64213888577,0.0
77.82000000000001,1799.693556,1801.781913,1065,0.0,0.0,134265.17979777255,0.0
77.83,1799.693556,1801.468659,1065,0.0,0.0,134241.83673703423,0.0
77.84,1799.693556,1801.202394,1065,0.0,0.0,134221.99520247284,0.0
77.85000000000001,1799.693556,1800.976068,1065,0.0,0.0,134205.12984220718,0.0
77.86,1816.549748,1803.31212,1065,0.0,0.0,134379.20775892618,0.0
77.87,1816.549748,1805.297764,1066,0.0,0.0,134527.17397323367,0.0
77.88,1816.549748,1806.985562,1066,0.0,0.0,134652.94530010584,0.0
77.89,1802.084114,1806.250345,1066,0.0,0.0,134598.15840165655,0.0
77.9,1776.54382,1801.794366,1068,0.0,0.0,134266.10777039343,0.0
77.91,1776.54382,1798.006784,1068,0.0,0.0,133983.8647449975,0.0
77.92,1776.54382,1794.78734,1068,0.0,0.0,133743.95822557353,0.0
77.93,1776.54382,1792.050812,1068,0.0,0.0,133540.03763935238,0.0
77.94,1776.54382,1789.724763,1068,0.0,0.0,133366.70512616078,0.0
77.95,1776.54382,1787.747622,1068,0.0,0.0,133219.37253838466,0.0
77.96000000000001,1843.545532,1796.117308,1068,0.0,0.0,133843.06477745806,0.0
77.97,1843.545532,1803.231542,1069,0.0,0.0,134373.20324773662,0.0
77.98,1843.545532,1809.27864,1069,0.0,0.0,134823.8208804072,0.0
77.99,1791.588971,1806.62519,1069,0.0,0.0,134626.09110036894,0.0
78.0,1793.626511,1804.675388,1073,0.0,0.0,134480.79576012204,0.0
78.01,1793.626511,1803.018057,1073,0.0,0.0,134357.29477307477,0.0
78.02,1793.626511,1801.609325,1073,0.0,0.0,134252.31888564787,0.0
78.03,1793.626511,1800.411903,1073,0.0,0.0,134163.08939623862,0.0
78.04,1793.626511,1799.394094,1073,0.0,0.0,134087.24430788538,0.0
78.05,1793.626511,1798.528956,1073,0.0,0.0,134022.77595670382,0.0
78.06,1793.626511,1797.79359,1073,0.0,0.0,133967.97795507286,0.0
78.07000000000001,1793.626511,1797.168528,1073,0.0,0.0,133921.39958662036,0.0
78.08,1793.626511,1796.637225,1073,0.0,0.0,133881.80795108035,0.0
78.09,1793.626511,1796.185618,1073,0.0,0.0,133848.15510185625,0.0
78.10000000000001,1816.264919,1799.197513,1074,0.0,0.0,134072.59548545055,0.0
78.11,1816.264919,1801.757624,1074,0.0,0.0,134263.36983013523,0.0
78.12,1816.264919,1803.933718,1074,0.0,0.0,134425.52799703588,0.0
78.13,1816.264919,1805.783398,1074,0.0,0.0,134563.36244635325,0.0
78.14,1816.264919,1807.355627,1074,0.0,0.0,134680.52180279102,0.0
78.15,1816.264919,1808.69202,1074,0.0,0.0,134780.1071328084,0.0
78.16,1816.264919,1809.827955,1074,0.0,0.0,134864.7547341153,0.0
78.17,1816.264919,1810.7935,1075,0.0,0.0,134936.70521385563,0.0
78.18,1775.937294,1805.565069,1075,0.0,0.0,134547.0930065123,0.0
78.19,1775.937294,1801.120903,1075,0.0,0.0,134215.92265635173,0.0
78.2,1789.936477,1799.443239,1077,0.0,0.0,134090.90649486458,0.0
78.21000000000001,1789.936477,1798.017225,1077,0.0,0.0,133984.6427874077,0.0
78.22,1789.936477,1796.805113,1077,0.0,0.0,133894.31862861753,0.0
78.23,1789.936477,1795.774817,1077,0.0,0.0,133817.54303403152,0.0
78.24,1789.936477,1794.899066,1077,0.0,0.0,133752.2838233442,0.0
78.25,1789.936477,1794.154678,1077,0.0,0.0,133696.81352034127,0.0
78.26,1826.723123,1799.039945,1077,0.0,0.0,134060.85383364587,0.0
78.27,1826.723123,1803.192422,1078,0.0,0.0,134370.2881036807,0.0
78.28,1812.499728,1804.588518,1078,0.0,0.0,134474.32238169323,0.0
78.29,1812.499728,1805.775199,1078,0.0,0.0,134562.75147329306,0.0
78.3,1786.148825,1802.831243,1080,0.0,0.0,134343.37376791995,0.0
78.31,1786.148825,1800.32888,1080,0.0,0.0,134156.90268854558,0.0
78.32000000000001,1786.148825,1798.201872,1080,0.0,0.0,133998.40231206227,0.0
78.33,1786.148825,1796.393915,1080,0.0,0.0,133863.6769771479,0.0
78.34,1786.148825,1794.857152,1080,0.0,0.0,133749.16047600374,0.0
78.35000000000001,1786.148825,1793.550903,1080,0.0,0.0,133651.8214164981,0.0
78.36,1822.388438,1797.876533,1080,0.0,0.0,133974.15870132612,0.0
78.37,1822.388438,1801.553319,1081,0.0,0.0,134248.14543068895,0.0
78.38,1822.388438,1804.678587,1081,0.0,0.0,134481.03414319555,0.0
78.39,1802.08087,1804.288929,1081,0.0,0.0,134451.99760938855,0.0
78.4,1789.702689,1802.100993,1083,0.0,0.0,134288.9570003634,0.0
78.41,1789.702689,1800.241248,1083,0.0,0.0,134150.3725274028,0.0
78.42,1789.702689,1798.660464,1083,0.0,0.0,134032.57566949783,0.0
78.43,1789.702689,1797.316798,1083,0.0,0.0,133932.44837008577,0.0
78.44,1789.702689,1796.174681,1083,0.0,0.0,133847.34009851934,0.0
78.45,1789.702689,1795.203883,1083,0.0,0.0,133774.99817573896,0.0
78.46000000000001,1830.956112,1800.566717,1083,0.0,0.0,134174.6258254786,0.0
78.47,1830.956112,1805.125126,1084,0.0,0.0,134514.30933520914,0.0
78.48,1796.873023,1803.887311,1084,0.0,0.0,134422.06984033337,0.0
78.49,1796.873023,1802.835168,1084,0.0,0.0,134343.6662510595,0.0
78.5,1795.506987,1801.735941,1086,0.0,0.0,134261.7540563989,0.0
78.51,1795.506987,1800.801598,1086,0.0,0.0,134192.12868721152,0.0
78.52,1795.506987,1800.007406,1086,0.0,0.0,134132.94708986915,0.0
78.53,1795.506987,1799.332343,1086,0.0,0.0,134082.64274703173,0.0
78.54,1795.506987,1798.75854,1086,0.0,0.0,134039.88409660483,0.0
78.55,1795.506987,1798.270807,1086,0.0,0.0,134003.53921020887,0.0
78.56,1747.178413,1790.606948,1086,0.0,0.0,133432.443785643,0.0
78.57000000000001,1747.178413,1784.092668,1087,0.0,0.0,132947.01268593976,0.0
78.58,1796.864668,1786.008468,1087,0.0,0.0,133089.7742652411,0.0
78.59,1796.864668,1787.636898,1087,0.0,0.0,133211.12160764734,0.0
78.60000000000001,1823.851552,1793.069096,1089,0.0,0.0,133615.91812375438,0.0
78.61,1823.851552,1797.686464,1089,0.0,0.0,133959.99514008997,0.0
78.62,1823.851552,1801.611228,1089,0.0,0.0,134252.4606933968,0.0
78.63,1823.851552,1804.947276,1089,0.0,0.0,134501.05630938246,0.0
78.64,1823.851552,1807.782918,1089,0.0,0.0,134712.36267239184,0.0
78.65,1823.851552,1810.193213,1089,0.0,0.0,134891.9730287872,0.0
78.66,1758.943803,1802.505801,1089,0.0,0.0,134319.12248183007,0.0
78.67,1758.943803,1795.971502,1090,0.0,0.0,133832.19960633808,0.0
78.68,1758.943803,1790.417347,1090,0.0,0.0,133418.3150988296,0.0
78.69,1791.695095,1790.609009,1090,0.0,0.0,133432.59736723552,0.0
78.7,1796.210328,1791.449207,1092,0.0,0.0,133495.20723956343,0.0
78.71000000000001,1796.210328,1792.163375,1092,0.0,0.0,133548.4256086868,0.0
78.72,1796.210328,1792.770418,1092,0.0,0.0,133593.66123734528,0.0
78.73,1796.210328,1793.286405,1092,0.0,0.0,133632.11155523805,0.0
78.74,1796.210328,1793.724993,1092,0.0,0.0,133664.79425465481,0.0
78.75,1796.210328,1794.097793,1092,0.0,0.0,133692.57456406264,0.0
78.76,1817.936629,1797.673619,1092,0.0,0.0,133959.03795641416,0.0
78.77,1817.936629,1800.71307,1093,0.0,0.0,134185.53175794313,0.0
78.78,1796.873113,1800.137077,1093,0.0,0.0,134142.60991310206,0.0
78.79,1796.873113,1799.647482,1093,0.0,0.0,134106.12627419503,0.0
78.8,1791.056434,1798.358825,1095,0.0,0.0,134010.09813529858,0.0
78.81,1791.056434,1797.263466,1095,0.0,0.0,133928.4741762517,0.0
78.82000000000001,1791.056434,1796.332412,1095,0.0,0.0,133859.09389675758,0.0
78.83,1791.056434,1795.541015,1095,0.0,0.0,133800.12057721778,0.0
78.84,1791.056434,1794.868328,1095,0.0,0.0,133749.993289142,0.0
78.85000000000001,1791.056434,1794.296544,1095,0.0,0.0,133707.38509055172,0.0
78.86,1837.176294,1800.728506,1095,0.0,0.0,134186.68201775005,0.0
78.87,1837.176294,1806.195674,1096,0.0,0.0,134594.08442822404,0.0
78.88,1837.176294,1810.842767,1096,0.0,0.0,134940.3764920305,0.0
78.89,1791.667921,1807.96654,1096,0.0,0.0,134726.04581609913,0.0
78.9,1792.165002,1805.59631,1098,0.0,0.0,134549.42102326712,0.0
78.91,1792.165002,1803.581613,1098,0.0,0.0,134399.28983758297,0.0
78.92,1792.165002,1801.869122,1098,0.0,0.0,134271.67843780247,0.0
78.93,1792.165002,1800.413504,1098,0.0,0.0,134163.20869955237,0.0
78.94,1792.165002,1799.176228,1098,0.0,0.0,134071.0093698772,0.0
78.95,1792.165002,1798.124544,1098,0.0,0.0,133992.63998436407,0.0
78.96000000000001,1825.940086,1802.296876,1098,0.0,0.0,134303.55380923607,0.0
78.97,1825.940086,1805.843357,1099,0.0,0.0,134567.83047095567,0.0
78.98,1825.940086,1808.857867,1099,0.0,0.0,134792.465719113,0.0
78.99,1802.002303,1807.829532,1099,0.0,0.0,134715.83625431976,0.0
79.0,1804.044805,1807.261823,1102,0.0,0.0,134673.53171656866,0.0
79.01,1804.044805,1806.77927,1102,0.0,0.0,134637.57283339888,0.0
79.02,1804.044805,1806.369101,1102,0.0,0.0,134607.0078609485,0.0
79.03,1804.044805,1806.020456,1102,0.0,0.0,134581.02753376635,0.0
79.04,1804.044805,1805.724109,1102,0.0,0.0,134558.94434880902,0.0
79.05,1804.044805,1805.472213,1102,0.0,0.0,134540.17356335142,0.0
79.06,1804.044805,1805.258102,1102,0.0,0.0,134524.21844042322,0.0
79.07000000000001,1804.044805,1805.076108,1102,0.0,0.0,134510.65661201556,0.0
79.08,1804.044805,1804.921412,1102,0.0,0.0,134499.12897589928,0.0
79.09,1788.582809,1802.470622,1102,0.0,0.0,134316.50101320166,0.0
79.10000000000001,1796.030335,1801.504579,1104,0.0,0.0,134244.51342349863,0.0
79.11,1796.030335,1800.683442,1104,0.0,0.0,134183.32393871798,0.0
79.12,1796.030335,1799.985476,1104,0.0,0.0,134131.31291018752,0.0
79.13,1796.030335,1799.392205,1104,0.0,0.0,134087.10354338842,0.0
79.14,1796.030335,1798.887925,1104,0.0,0.0,134049.52560769048,0.0
79.15,1796.030335,1798.459286,1104,0.0,0.0,134017.58428782923,0.0
79.16,1805.109987,1799.456891,1104,0.0,0.0,134091.92381456427,0.0
79.17,1805.109987,1800.304856,1105,0.0,0.0,134155.1124681775,0.0
79.18,1805.109987,1801.025625,1105,0.0,0.0,134208.8227306013,0.0
79.19,1801.995636,1801.171127,1105,0.0,0.0,134219.6652482501,0.0
79.2,1795.535624,1800.325802,1107,0.0,0.0,134156.67332214976,0.0
79.21000000000001,1795.535624,1799.607275,1107,0.0,0.0,134103.13012907605,0.0
79.22,1795.535624,1798.996527,1107,0.0,0.0,134057.61841123743,0.0
79.23,1795.535624,1798.477392,1107,0.0,0.0,134018.93351068904,0.0
79.24,1795.535624,1798.036126,1107,0.0,0.0,133986.05125207538,0.0
79.25,1795.535624,1797.661051,1107,0.0,0.0,133958.1014142236,0.0
79.26,1806.063423,1798.921407,1107,0.0,0.0,134052.02061927735,0.0
79.27,1806.063423,1799.992709,1108,0.0,0.0,134131.85189886228,0.0
79.28,1806.063423,1800.903316,1108,0.0,0.0,134199.7085088648,0.0
79.29,1802.121358,1801.086023,1108,0.0,0.0,134213.32346860456,0.0
79.3,1792.025461,1799.726938,1110,0.0,0.0,134112.04717619158,0.0
79.31,1792.025461,1798.571717,1110,0.0,0.0,134025.962420788,0.0
79.32000000000001,1792.025461,1797.589778,1110,0.0,0.0,133952.7902929993,0.0
79.33,1792.025461,1796.755131,1110,0.0,0.0,133890.59407007456,0.0
79.34,1792.025461,1796.04568,1110,0.0,0.0,133837.72720234466,0.0
79.35000000000001,1792.025461,1795.442648,1110,0.0,0.0,133792.79046537355,0.0
79.36,1812.858978,1798.055097,1110,0.0,0.0,133987.46493300292,0.0
79.37,1812.858978,1800.275679,1111,0.0,0.0,134152.93825656918,0.0
79.38,1812.858978,1802.163174,1111,0.0,0.0,134293.5906039559,0.0
79.39,1802.0357,1802.144053,1111,0.0,0.0,134292.1657453288,0.0
79.4,1785.564395,1799.657104,1113,0.0,0.0,134106.84328636542,0.0
79.41,1785.564395,1797.543198,1113,0.0,0.0,133949.31924468325,0.0
79.42,1785.564395,1795.746377,1113,0.0,0.0,133815.42374218718,0.0
79.43,1785.564395,1794.21908,1113,0.0,0.0,133701.61262840588,0.0
79.44,1785.564395,1792.920877,1113,0.0,0.0,133604.87314070686,0.0
79.45,1785.564395,1791.817405,1113,0.0,0.0,133522.64461714754,0.0
79.46000000000001,1825.736857,1796.905322,1113,0.0,0.0,133901.78600261288,0.0
79.47,1825.736857,1801.230053,1114,0.0,0.0,134224.05629576126,0.0
79.48,1825.736857,1804.906073,1114,0.0,0.0,134497.9859443381,0.0
79.49,1802.090181,1804.483689,1114,0.0,0.0,134466.51073455022,0.0
79.5,1785.440122,1801.627154,1116,0.0,0.0,134253.64746702244,0.0
79.51,1785.440122,1799.199099,1116,0.0,0.0,134072.71367099433,0.0
79.52,1785.440122,1797.135253,1116,0.0,0.0,133918.92000025895,0.0
79.53,1785.440122,1795.380983,1116,0.0,0.0,133788.19531306764,0.0
79.54,1785.440122,1793.889854,1116,0.0,0.0,133677.07936621408,0.0
79.55,1785.440122,1792.622394,1116,0.0,0.0,133582.6307853072,0.0
79.56,1759.587534,1787.667165,1116,0.0,0.0,133213.37704387278,0.0
79.57000000000001,1759.587534,1783.45522,1117,0.0,0.0,132899.5113375722,0.0
79.58,1759.587534,1779.875067,1117,0.0,0.0,132632.7255058462,0.0
79.59,1801.965605,1783.188648,1117,0.0,0.0,132879.64692598567,0.0
79.60000000000001,1797.309578,1785.306788,1119,0.0,0.0,133037.48647686854,0.0
79.61,1797.309578,1787.107206,1119,0.0,0.0,133171.650020601,0.0
79.62,1797.309578,1788.637562,1119,0.0,0.0,133285.6890849362,0.0
79.63,1797.309578,1789.938364,1119,0.0,0.0,133382.62224491034,0.0
79.64,1797.309578,1791.044046,1119,0.0,0.0,133465.01545324374,0.0
79.65,1797.309578,1791.983876,1119,0.0,0.0,133535.04970268253,0.0
79.66,1815.586714,1795.524302,1119,0.0,0.0,133798.87515792824,0.0
79.67,1815.586714,1798.533664,1120,0.0,0.0,134023.12678743526,0.0
79.68,1815.586714,1801.091621,1120,0.0,0.0,134213.74062035367,0.0
79.69,1791.823929,1799.701467,1120,0.0,0.0,134110.14912828137,0.0
79.7,1837.37899,1805.353096,1122,0.0,0.0,134531.29720306242,0.0
79.71000000000001,1837.37899,1810.15698,1122,0.0,0.0,134889.27301818962,0.0
79.72,1837.37899,1814.240281,1122,0.0,0.0,135193.55243124056,0.0
79.73,1837.37899,1817.711088,1122,0.0,0.0,135452.19001802956,0.0
79.74,1837.37899,1820.661273,1122,0.0,0.0,135672.0318960081,0.0
79.75,1837.37899,1823.16893,1122,0.0,0.0,135858.89747366036,0.0
79.76,1737.705251,1810.349378,1122,0.0,0.0,134903.6101318416,0.0
79.77,1737.705251,1799.452759,1123,0.0,0.0,134091.61590619924,0.0
79.78,1812.478341,1801.406597,1123,0.0,0.0,134237.2120010834,0.0
79.79,1812.478341,1803.067358,1123,0.0,0.0,134360.96858486158,0.0
79.8,1796.033032,1802.012209,1125,0.0,0.0,134282.34099448766,0.0
79.81,1796.033032,1801.115333,1125,0.0,0.0,134215.50759110658,0.0
79.82000000000001,1796.033032,1800.352987,1125,0.0,0.0,134158.69909390743,0.0
79.83,1796.033032,1799.704994,1125,0.0,0.0,134110.41195325795,0.0
79.84,1796.033032,1799.1542,1125,0.0,0.0,134069.36788743184,0.0
79.85000000000001,1796.033032,1798.686025,1125,0.0,0.0,134034.48042402777,0.0
79.86,1811.996108,1800.682537,1125,0.0,0.0,134183.25649993037,0.0
79.87,1811.996108,1802.379573,1126,0.0,0.0,134309.716224062,0.0
79.88,1796.870598,1801.553226,1126,0.0,0.0,134248.1385005152,0.0
79.89,1796.870598,1800.850832,1126,0.0,0.0,134195.7975062925,0.0
79.9,1793.573549,1799.75924,1128,0.0,0.0,134114.45425654162,0.0
79.91,1793.573549,1798.831386,1128,0.0,0.0,134045.31243463894,0.0
79.92,1793.573549,1798.04271,1128,0.0,0.0,133986.54187856987,0.0
79.93,1793.573549,1797.372336,1128,0.0,0.0,133936.58695062198,0.0
79.94,1793.573549,1796.802518,1128,0.0,0.0,133894.12525441445,0.0
79.95,1793.573549,1796.318173,1128,0.0,0.0,133858.03283499347,0.0
79.96000000000001,1831.063924,1801.530035,1128,0.0,0.0,134246.4103536389,0.0
79.97,1831.063924,1805.960119,1129,0.0,0.0,134576.5313413609,0.0
79.98,1831.063924,1809.72569,1129,0.0,0.0,134857.13415111747,0.0
79.99,1791.604199,1807.007466,1129,0.0,0.0,134654.57754231957,0.0
80.0,1800.771385,1806.072054,1132,0.0,0.0,134584.87251339303,0.0
80.01,1800.771385,1805.276954,1132,0.0,0.0,134525.62325370908,0.0
80.02,1800.771385,1804.601118,1132,0.0,0.0,134475.2613084597,0.0
80.03,1800.771385,1804.026658,1132,0.0,0.0,134432.45369970854,0.0
80.04,1800.771385,1803.538367,1132,0.0,0.0,134396.06723227003,0.0
80.05,1800.771385,1803.12332,1132,0.0,0.0,134365.13876102862,0.0
80.06,1800.771385,1802.77053,1132,0.0,0.0,134338.84955674753,0.0
80.07000000000001,1800.771385,1802.470658,1132,0.0,0.0,134316.5036958496,0.0
80.08,1800.771385,1802.215767,1132,0.0,0.0,134297.5097289899,0.0
80.09,1809.916908,1803.370938,1132,0.0,0.0,134383.59075849364,0.0
80.10000000000001,1793.528928,1801.894637,1134,0.0,0.0,134273.57976450457,0.0
80.11,1793.528928,1800.639781,1134,0.0,0.0,134180.07040843618,0.0
80.12,1793.528928,1799.573153,1134,0.0,0.0,134100.58742597085,0.0
80.13,1793.528928,1798.666519,1134,0.0,0.0,134033.0268759717,0.0
80.14,1793.528928,1797.89588,1134,0.0,0.0,133975.60040102064,0.0
80.15,1793.528928,1797.240838,1134,0.0,0.0,133926.7879830079,0.0
80.16,1809.955245,1799.147999,1134,0.0,0.0,134068.90580133031,0.0
80.17,1809.955245,1800.769086,1135,0.0,0.0,134189.70595808205,0.0
80.18,1796.865656,1800.183571,1135,0.0,0.0,134146.07455287033,0.0
80.19,1796.865656,1799.685884,1135,0.0,0.0,134108.9879143288,0.0
80.2,1797.019438,1799.285917,1137,0.0,0.0,134079.18317448726,0.0
80.21000000000001,1797.019438,1798.945945,1137,0.0,0.0,134053.84914189603,0.0
80.22,1797.019438,1798.656969,1137,0.0,0.0,134032.3152290971,0.0
80.23,1797.019438,1798.411339,1137,0.0,0.0,134014.01137341082,0.0
80.24,1797.019438,1798.202554,1137,0.0,0.0,133998.45313333647,0.0
80.25,1797.019438,1798.025087,1137,0.0,0.0,133985.22864790275,0.0
80.26,1809.645821,1799.768197,1137,0.0,0.0,134115.12171424375,0.0
80.27,1809.645821,1801.24984,1138,0.0,0.0,134225.5307833746,0.0
80.28,1809.645821,1802.509238,1138,0.0,0.0,134319.3786001869,0.0
80.29,1791.641882,1800.879134,1138,0.0,0.0,134197.90651465318,0.0
80.3,1786.586487,1798.735237,1140,0.0,0.0,134038.14760371283,0.0
80.31,1786.586487,1796.912925,1140,0.0,0.0,133902.35256294662,0.0
80.32000000000001,1786.586487,1795.363959,1140,0.0,0.0,133786.92671868094,0.0
80.33,1786.586487,1794.047338,1140,0.0,0.0,133688.81475850695,0.0
80.34,1786.586487,1792.92821,1140,0.0,0.0,133605.4195811813,0.0
80.35000000000001,1786.586487,1791.976952,1140,0.0,0.0,133534.53374006896,0.0
80.36,1836.868797,1798.710729,1140,0.0,0.0,134036.32131663404,0.0
80.37,1836.868797,1804.434439,1141,0.0,0.0,134462.84072318132,0.0
80.38,1836.868797,1809.299593,1141,0.0,0.0,134825.38225600545,0.0
80.39,1791.685002,1806.657404,1141,0.0,0.0,134628.49162313523,0.0
80.4,1783.341503,1803.160019,1143,0.0,0.0,134367.87349701294,0.0
80.41,1783.341503,1800.187241,1143,0.0,0.0,134146.34803392054,0.0
80.42,1783.341503,1797.660381,1143,0.0,0.0,133958.0514871654,0.0
80.43,1783.341503,1795.512549,1143,0.0,0.0,133797.9993479055,0.0
80.44,1783.341503,1793.686892,1143,0.0,0.0,133661.95504443822,0.0
80.45,1783.341503,1792.135084,1143,0.0,0.0,133546.3174200241,0.0
80.46000000000001,1843.83431,1799.889968,1143,0.0,0.0,134124.19584529768,0.0
80.47,1843.83431,1806.481619,1144,0.0,0.0,134615.392476973,0.0
80.48,1843.83431,1812.084523,1144,0.0,0.0,135032.90966233378,0.0
80.49,1802.117333,1810.589444,1144,0.0,0.0,134921.4993693907,0.0
80.5,1773.005047,1804.951785,1146,0.0,0.0,134501.39231103245,0.0
80.51,1773.005047,1800.159774,1146,0.0,0.0,134144.30124808764,0.0
80.52,1773.005047,1796.086565,1146,0.0,0.0,133840.77387066587,0.0
80.53,1773.005047,1792.624337,1146,0.0,0.0,133582.77557377602,0.0
80.54,1773.005047,1789.681443,1146,0.0,0.0,133363.47700651607,0.0
80.55,1773.005047,1787.179984,1146,0.0,0.0,133177.07329141133,0.0
80.56,1823.86825,1792.683224,1146,0.0,0.0,133587.16371508533,0.0
80.57000000000001,1823.86825,1797.360978,1147,0.0,0.0,133935.74057520818,0.0
80.58,1812.480425,1799.628895,1147,0.0,0.0,134104.7412081785,0.0
80.59,1812.480425,1801.556624,1147,0.0,0.0,134248.39171267016,0.0
80.60000000000001,1798.876524,1801.154609,1149,0.0,0.0,134218.43435997007,0.0
80.61,1798.876524,1800.812897,1149,0.0,0.0,134192.97066606345,0.0
80.62,1798.876524,1800.522441,1149,0.0,0.0,134171.32646662847,0.0
80.63,1798.876524,1800.275553,1149,0.0,0.0,134152.9288673015,0.0
80.64,1798.876524,1800.065699,1149,0.0,0.0,134137.290967488,0.0
80.65,1798.876524,1799.887323,1149,0.0,0.0,134123.99874519472,0.0
80.66,1805.054454,1800.662392,1149,0.0,0.0,134181.755334874,0.0
80.67,1805.054454,1801.321202,1150,0.0,0.0,134230.84853670068,0.0
80.68,1805.054454,1801.88119,1150,0.0,0.0,134272.57772099436,0.0
80.69,1802.220783,1801.932128,1150,0.0,0.0,134276.3735187428,0.0
80.7,1790.724143,1800.250931,1152,0.0,0.0,134151.09408517103,0.0
80.71000000000001,1790.724143,1798.821913,1152,0.0,0.0,134044.60652565013,0.0
80.72,1790.724143,1797.607247,1152,0.0,0.0,133954.09204789475,0.0
80.73,1790.724143,1796.574781,1152,0.0,0.0,133877.15474925455,0.0
80.74,1790.724143,1795.697186,1152,0.0,0.0,133811.75812738013,0.0
80.75,1790.724143,1794.951229,1152,0.0,0.0,133756.1709056394,0.0
80.76,1815.467123,1798.028613,1152,0.0,0.0,133985.4913983614,0.0
80.77,1815.467123,1800.64439,1153,0.0,0.0,134180.41386188593,0.0
80.78,1812.388176,1802.405958,1153,0.0,0.0,134311.68238142176,0.0
80.79,1812.388176,1803.90329,1153,0.0,0.0,134423.26056341286,0.0
80.8,1784.173153,1800.94377,1155,0.0,0.0,134202.72305992918,0.0
80.81,1784.173153,1798.428177,1155,0.0,0.0,134015.26610745004,0.0
80.82000000000001,1784.173153,1796.289924,1155,0.0,0.0,133855.92777608667,0.0
80.83,1784.173153,1794.472408,1155,0.0,0.0,133720.49012363565,0.0
80.84,1784.173153,1792.92752,1155,0.0,0.0,133605.36816376314,0.0
80.85000000000001,1784.173153,1791.614365,1155,0.0,0.0,133507.5144829679,0.0
80.86,1827.310842,1796.968836,1155,0.0,0.0,133906.51893869584,0.0
80.87,1827.310842,1801.520137,1156,0.0,0.0,134245.67277450123,0.0
80.88,1827.310842,1805.388743,1156,0.0,0.0,134533.95354611354,0.0
80.89,1802.085496,1804.893256,1156,0.0,0.0,134497.03084716623,0.0
80.9,1788.606525,1802.450246,1158,0.0,0.0,134314.9826344879,0.0
80.91,1788.606525,1800.373688,1158,0.0,0.0,134160.24169097032,0.0
80.92,1788.606525,1798.608614,1158,0.0,0.0,134028.7119113358,0.0
80.93,1788.606525,1797.1083,1158,0.0,0.0,133916.91151667666,0.0
80.94,1788.606525,1795.833034,1158,0.0,0.0,133821.8812482826,0.0
80.95,1788.606525,1794.749058,1158,0.0,0.0,133741.10552759943,0.0
80.96000000000001,1819.588775,1798.475015,1158,0.0,0.0,134018.7563814094,0.0
80.97,1819.588775,1801.642079,1159,0.0,0.0,134254.7596481327,0.0
80.98,1819.588775,1804.334084,1159,0.0,0.0,134455.36246955837,0.0
80.99,1802.112227,1804.000805,1159,0.0,0.0,134430.52718592333,0.0
81.0,1795.029199,1802.655064,1161,0.0,0.0,134330.2452616668,0.0
81.01,1795.029199,1801.511184,1161,0.0,0.0,134245.00561487107,0.0
81.02,1795.029199,1800.538887,1161,0.0,0.0,134172.5519896127,0.0
81.03,1795.029199,1799.712434,1161,0.0,0.0,134110.96636715817,0.0
81.04,1795.029199,1799.009948,1161,0.0,0.0,134058.6185172797,0.0
81.05,1795.029199,1798.412836,1162,0.0,0.0,134014.12292685284,0.0
81.06,1795.029199,1797.90529,1162,0.0,0.0,133976.30161537556,0.0
81.07000000000001,1795.029199,1797.473877,1162,0.0,0.0,133944.15358258973,0.0
81.08,1795.029199,1797.107175,1162,0.0,0.0,133916.82768392964,0.0
81.09,1802.152892,1797.864033,1162,0.0,0.0,133973.2272263594,0.0
81.10000000000001,1792.805167,1797.105203,1164,0.0,0.0,133916.6807344389,0.0
81.11,1792.805167,1796.460197,1164,0.0,0.0,133868.6161790475,0.0
81.12,1792.805167,1795.911943,1164,0.0,0.0,133827.7613889346,0.0
81.13,1792.805167,1795.445927,1164,0.0,0.0,133793.0348098868,0.0
81.14,1792.805167,1795.049813,1164,0.0,0.0,133763.517187889,0.0
81.15,1792.805167,1794.713116,1164,0.0,0.0,133738.42720173908,0.0
81.16,1824.696219,1799.210581,1164,0.0,0.0,134073.56928663977,0.0
81.17,1824.696219,1803.033427,1165,0.0,0.0,134358.44011469386,0.0
81.18,1824.696219,1806.282846,1165,0.0,0.0,134600.58031108807,0.0
81.19,1802.082192,1805.652748,1165,0.0,0.0,134553.62667000096,0.0
81.2,1793.81613,1803.877255,1167,0.0,0.0,134421.32048735215,0.0
81.21000000000001,1793.81613,1802.368086,1167,0.0,0.0,134308.86023582655,0.0
81.22,1793.81613,1801.085293,1167,0.0,0.0,134213.26907046651,0.0
81.23,1793.81613,1799.994919,1167,0.0,0.0,134132.01658363637,0.0
81.24,1793.81613,1799.0681,1167,0.0,0.0,134062.95188786095,0.0
81.25,1793.81613,1798.280305,1167,0.0,0.0,134004.24698214757,0.0
81.26,1743.4339,1790.053344,1167,0.0,0.0,133391.19032424432,0.0
81.27,1743.4339,1783.060428,1168,0.0,0.0,132870.09222836688,0.0
81.28,1812.474263,1787.472503,1168,0.0,0.0,133198.87122147484,0.0
81.29,1812.474263,1791.222767,1168,0.0,0.0,133478.3333842461,0.0
81.3,1824.282064,1796.181662,1170,0.0,0.0,133847.86030865877,0.0
81.31,1824.282064,1800.396722,1170,0.0,0.0,134161.95813852103,0.0
81.32000000000001,1824.282064,1803.979523,1170,0.0,0.0,134428.94129390398,0.0
81.33,1824.282064,1807.024904,1170,0.0,0.0,134655.8769871572,0.0
81.34,1824.282064,1809.613478,1170,0.0,0.0,134848.7723376001,0.0
81.35000000000001,1824.282064,1811.813766,1170,0.0,0.0,135012.73339292835,0.0
81.36,1757.983391,1803.73921,1170,0.0,0.0,134411.03365040952,0.0
81.37,1757.983391,1796.875837,1171,0.0,0.0,133899.58883946133,0.0
81.38,1757.983391,1791.04197,1171,0.0,0.0,133464.86075388125,0.0
81.39,1791.696469,1791.140145,1171,0.0,0.0,133472.17655826997,0.0
81.4,1827.911547,1796.655855,1173,0.0,0.0,133883.19622137077,0.0
81.41,1827.911547,1801.344209,1173,0.0,0.0,134232.56297226544,0.0
81.42,1827.911547,1805.32931,1173,0.0,0.0,134529.52471797774,0.0
81.43,1827.911547,1808.716645,1173,0.0,0.0,134781.94213849286,0.0
81.44,1827.911547,1811.595881,1173,0.0,0.0,134996.49703907824,0.0
81.45,1827.911547,1814.043231,1173,0.0,0.0,135178.868659865,0.0
81.46000000000001,1755.328486,1805.236019,1173,0.0,0.0,134522.572859488,0.0
81.47,1755.328486,1797.749889,1174,0.0,0.0,133964.72144407118,0.0
81.48,1755.328486,1791.386678,1174,0.0,0.0,133490.54770370788,0.0
81.49,1812.391438,1794.537392,1174,0.0,0.0,133725.3326011747,0.0
81.5,1782.170006,1792.682284,1176,0.0,0.0,133587.0936681678,0.0
81.51,1782.170006,1791.105443,1176,0.0,0.0,133469.59063472634,0.0
81.52,1782.170006,1789.765127,1176,0.0,0.0,133369.71297060538,0.0
81.53,1782.170006,1788.625859,1176,0.0,0.0,133284.81700081337,0.0
81.54,1782.170006,1787.657481,1176,0.0,0.0,133212.65541158654,0.0
81.55,1782.170006,1786.83436,1176,0.0,0.0,133151.31808309915,0.0
81.56,1846.054268,1795.717346,1176,0.0,0.0,133813.26041020645,0.0
81.57000000000001,1846.054268,1803.267884,1177,0.0,0.0,134375.9113807959,0.0
81.58,1846.054268,1809.685842,1177,0.0,0.0,134854.16475795952,0.0
81.59,1791.624623,1806.976659,1177,0.0,0.0,134652.28186637553,0.0
81.60000000000001,1796.127215,1805.349242,1179,0.0,0.0,134531.0100107007,0.0
81.61,1796.127215,1803.965938,1179,0.0,0.0,134427.92896691014,0.0
81.62,1796.127215,1802.79013,1179,0.0,0.0,134340.31010949536,0.0
81.63,1796.127215,1801.790692,1179,0.0,0.0,134265.83399127124,0.0
81.64,1796.127215,1800.941171,1179,0.0,0.0,134202.52938765407,0.0
81.65,1796.127215,1800.219077,1179,0.0,0.0,134148.7203888838,0.0
81.66,1817.750409,1802.848777,1179,0.0,0.0,134344.68036648526,0.0
81.67,1817.750409,1805.084022,1180,0.0,0.0,134511.24634744652,0.0
81.68,1817.750409,1806.98398,1180,0.0,0.0,134652.82741263407,0.0
81.69,1802.240188,1806.272411,1180,0.0,0.0,134599.8027157858,0.0
81.7,1795.491088,1804.655213,1182,0.0,0.0,134479.29235952575,0.0
81.71000000000001,1795.491088,1803.280594,1182,0.0,0.0,134376.85850454206,0.0
81.72,1795.491088,1802.112168,1182,0.0,0.0,134289.78973898364,0.0
81.73,1795.491088,1801.119006,1182,0.0,0.0,134215.7812957108,0.0
81.74,1795.491088,1800.274818,1182,0.0,0.0,134152.87409657345,0.0
81.75,1795.491088,1799.557259,1182,0.0,0.0,134099.40303692114,0.0
81.76,1806.130213,1800.543202,1182,0.0,0.0,134172.87353477124,0.0
81.77,1806.130213,1801.381254,1183,0.0,0.0,134235.32349147685,0.0
81.78,1796.844454,1800.700734,1183,0.0,0.0,134184.61250392796,0.0
81.79,1796.844454,1800.122292,1183,0.0,0.0,134141.5081645114,0.0
81.8,1799.407354,1800.015051,1185,0.0,0.0,134133.5167799588,0.0
81.81,1799.407354,1799.923896,1185,0.0,0.0,134126.7240919114,0.0
81.82000000000001,1799.407354,1799.846415,1185,0.0,0.0,134120.9503629596,0.0
81.83,1799.407354,1799.780556,1185,0.0,0.0,134116.04268217288,0.0
81.84,1799.407354,1799.724576,1185,0.0,0.0,134111.87116468186,0.0
81.85000000000001,1799.407354,1799.676992,1185,0.0,0.0,134108.32530029648,0.0
81.86,1803.998162,1800.325168,1185,0.0,0.0,134156.6260777395,0.0
81.87,1803.998162,1800.876117,1186,0.0,0.0,134197.6816938552,0.0
81.88,1803.998162,1801.344424,1186,0.0,0.0,134232.57899363487,0.0
81.89,1801.857921,1801.421448,1186,0.0,0.0,134238.31866786187,0.0
81.9,1784.920761,1798.946345,1188,0.0,0.0,134053.87894909503,0.0
81.91,1784.920761,1796.842507,1188,0.0,0.0,133897.10515461004,0.0
81.92,1784.920761,1795.054246,1188,0.0,0.0,133763.8475261712,0.0
81.93,1784.920761,1793.534223,1188,0.0,0.0,133650.57845630252,0.0
81.94,1784.920761,1792.242204,1188,0.0,0.0,133554.29978789898,0.0
81.95,1784.920761,1791.143987,1188,0.0,0.0,133472.46285641575,0.0
81.96000000000001,1827.261134,1796.561559,1188,0.0,0.0,133876.16947229372,0.0
81.97,1827.261134,1801.166496,1189,0.0,0.0,134219.3201554044,0.0
81.98,1827.666164,1805.141446,1189,0.0,0.0,134515.5254689257,0.0
81.99,1827.666164,1808.520154,1189,0.0,0.0,134767.3000226778,0.0
82.0,1993.408771,1836.253446,1192,0.0,0.0,136833.92940212597,0.0
82.01,1993.408771,1859.826745,1192,0.0,0.0,138590.5644342713,0.0
82.02,1993.408771,1879.864049,1192,0.0,0.0,140083.70420041715,0.0
82.03,1993.408771,1896.895757,1192,0.0,0.0,141352.8729718339,0.0
82.04,1993.408771,1911.372709,1192,0.0,0.0,142431.66644244175,0.0
82.05,1993.408771,1923.678118,1192,0.0,0.0,143348.64087755486,0.0
82.06,1993.408771,1934.137716,1192,0.0,0.0,144128.06917348225,0.0
82.07000000000001,1993.408771,1943.028374,1192,0.0,0.0,144790.58320266515,0.0
82.08,1993.408771,1950.585434,1192,0.0,0.0,145353.7201796332,0.0
82.09,1997.685107,1957.650385,1193,0.0,0.0,145880.18617944894,0.0
82.10000000000001,2083.603775,1976.543393,1194,0.0,0.0,147288.0552993122,0.0
82.11,2083.603775,1992.60245,1194,0.0,0.0,148484.74406609952,0.0
82.12,2083.603775,2006.252649,1194,0.0,0.0,149501.92955885362,0.0
82.13,2083.603775,2017.855318,1194,0.0,0.0,150366.5372165169,0.0
82.14,2083.603775,2027.717586,1194,0.0,0.0,151101.45367709405,0.0
82.15,2083.603775,2036.100515,1195,0.0,0.0,151726.13275800622,0.0
82.16,2007.985526,2031.883266,1195,0.0,0.0,151411.87180824776,0.0
82.17,2007.985526,2028.298605,1195,0.0,0.0,151144.75004938972,0.0
82.18,2062.459782,2033.422782,1196,0.0,0.0,151526.59345743855,0.0
82.19,2062.459782,2037.778332,1196,0.0,0.0,151851.16032074695,0.0
82.2,2050.78301,2039.729034,1198,0.0,0.0,151996.52272719142,0.0
82.21000000000001,2050.78301,2041.38713,1198,0.0,0.0,152120.08072050667,0.0
82.22,2050.78301,2042.796512,1198,0.0,0.0,152225.1050446318,0.0
82.23,2050.78301,2043.994487,1198,0.0,0.0,152314.37574249358,0.0
82.24,2050.78301,2045.012765,1198,0.0,0.0,152390.25577978764,0.0
82.25,2050.78301,2045.878302,1198,0.0,0.0,152454.7538636501,0.0
82.26,2116.150776,2056.419173,1198,0.0,0.0,153240.2384607752,0.0
82.27,2116.150776,2065.378913,1199,0.0,0.0,153907.90034225027,0.0
82.28,2116.150776,2072.994693,1199,0.0,0.0,154475.4130160221,0.0
82.29,2063.09142,2071.509202,1200,0.0,0.0,154364.71720163748,0.0
82.3,2047.466817,2067.902844,1201,0.0,0.0,154095.97862579123,0.0
82.31,2047.466817,2064.83744,1201,0.0,0.0,153867.55085867734,0.0
82.32000000000001,2047.466817,2062.231846,1201,0.0,0.0,153673.38721191973,0.0
82.33,2047.466817,2060.017092,1201,0.0,0.0,153508.34817924193,0.0
82.34,2047.466817,2058.134551,1201,0.0,0.0,153368.064994014,0.0
82.35000000000001,2047.466817,2056.534391,1202,0.0,0.0,153248.8242753926,0.0
82.36,2038.507313,2053.830329,1202,0.0,0.0,153047.32299047304,0.0
82.37,2038.507313,2051.531876,1202,0.0,0.0,152876.046875936,0.0
82.38,2038.507313,2049.578192,1203,0.0,0.0,152730.46225682343,0.0
82.39,2062.92455,2051.580146,1203,0.0,0.0,152879.64385966753,0.0
82.4,2080.401176,2055.9033,1205,0.0,0.0,153201.7966379341,0.0
82.41,2080.401176,2059.577981,1205,0.0,0.0,153475.62650691255,0.0
82.42,2080.401176,2062.701461,1205,0.0,0.0,153708.38198123992,0.0
82.43,2080.401176,2065.356418,1205,0.0,0.0,153906.22405990012,0.0
82.44,2080.401176,2067.613131,1205,0.0,0.0,154074.38979322827,0.0
82.45,2080.401176,2069.531338,1205,0.0,0.0,154217.33073734923,0.0
82.46000000000001,2026.891344,2063.135339,1205,0.0,0.0,153740.71370088923,0.0
82.47,2026.891344,2057.69874,1206,0.0,0.0,153335.58923107584,0.0
82.48,2077.499673,2060.66888,1206,0.0,0.0,153556.9181156913,0.0
82.49,2077.499673,2063.193499,1206,0.0,0.0,153745.0476676144,0.0
82.5,2055.56536,2062.049278,1208,0.0,0.0,153659.78261018157,0.0
82.51,2055.56536,2061.07669,1208,0.0,0.0,153587.30730018596,0.0
82.52,2055.56536,2060.249991,1208,0.0,0.0,153525.7033463041,0.0
82.53,2055.56536,2059.547296,1208,0.0,0.0,153473.33992216425,0.0
82.54,2055.56536,2058.950006,1208,0.0,0.0,153428.8310675338,0.0
82.55,2055.56536,2058.442309,1208,0.0,0.0,153390.99850383896,0.0
82.56,2092.907635,2063.612108,1209,0.0,0.0,153776.24157196234,0.0
82.57000000000001,2092.907635,2068.006437,1209,0.0,0.0,154103.6981686895,0.0
82.58,2092.907635,2071.741617,1209,0.0,0.0,154382.03630198893,0.0
82.59,2062.509419,2070.356787,1210,0.0,0.0,154278.84154373445,0.0
82.60000000000001,2047.711815,2066.960041,1211,0.0,0.0,154025.72283434632,0.0
82.61,2047.711815,2064.072807,1211,0.0,0.0,153810.5719388183,0.0
82.62,2047.711815,2061.618658,1211,0.0,0.0,153627.69367016762,0.0
82.63,2047.711815,2059.532632,1211,0.0,0.0,153472.24719025125,0.0
82.64,2047.711815,2057.759509,1212,0.0,0.0,153340.1176152561,0.0
82.65,2047.711815,2056.252355,1212,0.0,0.0,153227.8075174952,0.0
82.66,2091.515395,2061.541811,1212,0.0,0.0,153621.96718562613,0.0
82.67,2091.515395,2066.037848,1213,0.0,0.0,153957.00285882663,0.0
82.68,2091.515395,2069.85948,1213,0.0,0.0,154241.78322203198,0.0
82.69,2062.532313,2068.760405,1213,0.0,0.0,154159.882354107,0.0
82.7,2052.882025,2066.378648,1215,0.0,0.0,153982.39859231966,0.0
82.71000000000001,2052.882025,2064.354155,1215,0.0,0.0,153831.53742833354,0.0
82.72,2052.882025,2062.633335,1215,0.0,0.0,153703.3053681532,0.0
82.73,2052.882025,2061.170639,1215,0.0,0.0,153594.30819151792,0.0
82.74,2052.882025,2059.927347,1215,0.0,0.0,153501.66056157078,0.0
82.75,2052.882025,2058.870548,1215,0.0,0.0,153422.91001650126,0.0
82.76,2081.266557,2062.22995,1216,0.0,0.0,153673.24592579674,0.0
82.77,2081.266557,2065.085441,1216,0.0,0.0,153886.03139653534,0.0
82.78,2081.266557,2067.512608,1216,0.0,0.0,154066.8990205818,0.0
82.79,2062.478825,2066.757541,1217,0.0,0.0,154010.63293988525,0.0
82.8,2043.192005,2063.22271,1218,0.0,0.0,153747.22441283468,0.0
82.81,2043.192005,2060.218105,1218,0.0,0.0,153523.32726544098,0.0
82.82000000000001,2043.192005,2057.66419,1218,0.0,0.0,153333.01463426783,0.0
82.83,2043.192005,2055.493362,1218,0.0,0.0,153171.24887914115,0.0
82.84,2043.192005,2053.648159,1218,0.0,0.0,153033.74804689785,0.0
82.85000000000001,2043.192005,2052.079736,1219,0.0,0.0,152916.87230595798,0.0
82.86,2100.345693,2059.319629,1219,0.0,0.0,153456.37463326415,0.0
82.87,2100.345693,2065.473539,1219,0.0,0.0,153914.95168226646,0.0
82.88,2046.829867,2062.676988,1220,0.0,0.0,153706.55830229106,0.0
82.89,2046.829867,2060.29992,1220,0.0,0.0,153529.42395539326,0.0
82.9,2047.600322,2058.39498,1222,0.0,0.0,153387.47164154294,0.0
82.91,2047.600322,2056.775781,1222,0.0,0.0,153266.81217477017,0.0
82.92,2047.600322,2055.399462,1222,0.0,0.0,153164.251639191,0.0
82.93,2047.600322,2054.229591,1222,0.0,0.0,153077.07519512647,0.0
82.94,2047.600322,2053.235201,1222,0.0,0.0,153002.97524375285,0.0
82.95,2047.600322,2052.389969,1222,0.0,0.0,152939.99024782632,0.0
82.96000000000001,2084.720508,2057.23955,1223,0.0,0.0,153301.37131187788,0.0
82.97,2084.720508,2061.361694,1223,0.0,0.0,153608.5452274995,0.0
82.98,2043.590235,2058.695975,1223,0.0,0.0,153409.90118615187,0.0
82.99,2043.590235,2056.430114,1224,0.0,0.0,153241.0537621841,0.0
83.0,2059.685697,2056.918451,1226,0.0,0.0,153277.4436574505,0.0
83.01,2059.685697,2057.333538,1226,0.0,0.0,153308.3751094118,0.0
83.02,2059.685697,2057.686362,1226,0.0,0.0,153334.6668473048,0.0
83.03,2059.685697,2057.986262,1226,0.0,0.0,153357.01479470666,0.0
83.04,2059.685697,2058.241178,1226,0.0,0.0,153376.0106245163,0.0
83.05,2059.685697,2058.457856,1226,0.0,0.0,153392.1570351436,0.0
83.06,2059.685697,2058.642032,1226,0.0,0.0,153405.88146182144,0.0
83.07000000000001,2059.685697,2058.798582,1226,0.0,0.0,153417.5472543048,0.0
83.08,2059.685697,2058.931649,1227,0.0,0.0,153427.46314065668,0.0
83.09,2062.468032,2059.462106,1227,0.0,0.0,153466.99173397094,0.0
83.10000000000001,2078.638326,2062.338539,1229,0.0,0.0,153681.33776060978,0.0
83.11,2078.638326,2064.783507,1229,0.0,0.0,153863.53187952685,0.0
83.12,2078.638326,2066.86173,1229,0.0,0.0,154018.39689551,0.0
83.13,2078.638326,2068.628219,1229,0.0,0.0,154150.0321181108,0.0
83.14,2078.638326,2070.129735,1229,0.0,0.0,154261.9220834027,0.0
83.15,2078.638326,2071.406024,1229,0.0,0.0,154357.02858370807,0.0
83.16,2078.638326,2072.490869,1229,0.0,0.0,154437.86906053094,0.0
83.17,2043.558687,2068.151042,1230,0.0,0.0,154114.47384369466,0.0
83.18,2043.558687,2064.462189,1230,0.0,0.0,153839.587905658,0.0
83.19,2046.869678,2061.823312,1230,0.0,0.0,153642.94407639495,0.0
83.2,2072.838162,2063.475539,1233,0.0,0.0,153766.06472358384,0.0
83.21000000000001,2072.838162,2064.879933,1233,0.0,0.0,153870.71735193828,0.0
83.22,2072.838162,2066.073667,1233,0.0,0.0,153959.6720189733,0.0
83.23,2072.838162,2067.088341,1233,0.0,0.0,154035.28349340495,0.0
83.24,2072.838162,2067.950814,1233,0.0,0.0,154099.55325412354,0.0
83.25,2072.838162,2068.683917,1233,0.0,0.0,154154.1826215265,0.0
83.26,2072.838162,2069.307053,1233,0.0,0.0,154200.61746831614,0.0
83.27,2072.838162,2069.83672,1233,0.0,0.0,154240.08719241252,0.0
83.28,2038.918286,2065.198954,1234,0.0,0.0,153894.4901579672,0.0
83.29,2038.918286,2061.256854,1234,0.0,0.0,153600.73276065855,0.0
83.3,2069.46054,2062.487407,1236,0.0,0.0,153692.43110583758,0.0
83.31,2069.46054,2063.533377,1236,0.0,0.0,153770.37469551392,0.0
83.32000000000001,2069.46054,2064.422451,1236,0.0,0.0,153836.62670947978,0.0
83.33,2069.46054,2065.178165,1236,0.0,0.0,153892.94100332053,0.0
83.34,2069.46054,2065.820521,1236,0.0,0.0,153940.80808601904,0.0
83.35000000000001,2069.46054,2066.366524,1236,0.0,0.0,153981.49513611992,0.0
83.36,2069.46054,2066.830626,1236,0.0,0.0,154016.07908772075,0.0
83.37,2069.586612,2067.244024,1237,0.0,0.0,154046.88467878458,0.0
83.38,2069.586612,2067.595412,1237,0.0,0.0,154073.06940883346,0.0
83.39,2069.586612,2067.894092,1237,0.0,0.0,154095.32644427853,0.0
83.4,2051.787983,2065.478176,1239,0.0,0.0,153915.29722222014,0.0
83.41,2051.787983,2063.424647,1239,0.0,0.0,153762.27235366325,0.0
83.42,2051.787983,2061.679147,1239,0.0,0.0,153632.20118930863,0.0
83.43,2051.787983,2060.195472,1239,0.0,0.0,153521.6406996072,0.0
83.44,2051.787983,2058.934349,1239,0.0,0.0,153427.6643392495,0.0
83.45,2051.787983,2057.862394,1239,0.0,0.0,153347.7843994123,0.0
83.46000000000001,2051.787983,2056.951232,1240,0.0,0.0,153279.88643192124,0.0
83.47,2057.876212,2057.089979,1240,0.0,0.0,153290.22558049796,0.0
83.48,2057.876212,2057.207914,1240,0.0,0.0,153299.01386051415,0.0
83.49,2057.876212,2057.308159,1241,0.0,0.0,153306.48391715734,0.0
83.5,2064.504324,2058.387583,1243,0.0,0.0,153386.92043191663,0.0
83.51,2064.504324,2059.305095,1243,0.0,0.0,153455.29158869083,0.0
83.52,2064.504324,2060.084979,1243,0.0,0.0,153513.4069825273,0.0
83.53,2064.504324,2060.747881,1243,0.0,0.0,153562.80511199904,0.0
83.54,2064.504324,2061.311347,1243,0.0,0.0,153604.79346988746,0.0
83.55,2064.504324,2061.790294,1243,0.0,0.0,153640.48364115882,0.0
83.56,2064.504324,2062.197398,1243,0.0,0.0,153670.8202159474,0.0
83.57000000000001,2008.120353,2054.085841,1243,0.0,0.0,153066.36323300903,0.0
83.58,2008.120353,2047.191018,1244,0.0,0.0,152552.57483104456,0.0
83.59,2008.120353,2041.330418,1244,0.0,0.0,152115.8546558416,0.0
83.60000000000001,2053.978115,2043.227573,1246,0.0,0.0,152257.2268470826,0.0
83.61,2053.978115,2044.840154,1246,0.0,0.0,152377.39315374897,0.0
83.62,2053.978115,2046.210848,1246,0.0,0.0,152479.53452559313,0.0
83.63,2053.978115,2047.375938,1246,0.0,0.0,152566.35469911236,0.0
83.64,2053.978115,2048.366265,1246,0.0,0.0,152640.15188386277,0.0
83.65,2053.978115,2049.208042,1246,0.0,0.0,152702.87942010854,0.0
83.66,2053.978115,2049.923553,1247,0.0,0.0,152756.1978669023,0.0
83.67,2154.187348,2065.563122,1247,0.0,0.0,153921.62722802203,0.0
83.68,2154.187348,2078.856756,1247,0.0,0.0,154912.24221105513,0.0
83.69,2154.187348,2090.156345,1248,0.0,0.0,155754.26495408497,0.0
83.7,2042.082215,2082.945226,1250,0.0,0.0,155216.90680763428,0.0
83.71000000000001,2042.082215,2076.815774,1250,0.0,0.0,154760.15231981088,0.0
83.72,2042.082215,2071.60574,1250,0.0,0.0,154371.91102006452,0.0
83.73,2042.082215,2067.177212,1250,0.0,0.0,154041.90598234642,0.0
83.74,2042.082215,2063.412962,1250,0.0,0.0,153761.40161086433,0.0
83.75,2042.082215,2060.21335,1250,0.0,0.0,153522.9729323636,0.0
83.76,2042.082215,2057.49368,1250,0.0,0.0,153320.30857054162,0.0
83.77,2042.082215,2055.18196,1250,0.0,0.0,153148.04382573388,0.0
83.78,2054.977216,2055.151249,1251,0.0,0.0,153145.75530351762,0.0
83.79,2054.977216,2055.125144,1251,0.0,0.0,153143.81001119714,0.0
83.8,2063.828944,2056.430714,1253,0.0,0.0,153241.09847298253,0.0
83.81,2063.828944,2057.540449,1253,0.0,0.0,153323.79370275914,0.0
83.82000000000001,2063.828944,2058.483723,1253,0.0,0.0,153394.08459218076,0.0
83.83,2063.828944,2059.285506,1253,0.0,0.0,153453.83185564095,0.0
83.84,2063.828944,2059.967022,1253,0.0,0.0,153504.61706311518,0.0
83.85000000000001,2063.828944,2060.54631,1253,0.0,0.0,153547.78444475748,0.0
83.86,2063.828944,2061.038705,1253,0.0,0.0,153584.47673405707,0.0
83.87,2063.828944,2061.457241,1254,0.0,0.0,153615.66519859122,0.0
83.88,2059.263404,2061.128166,1254,0.0,0.0,153591.143188617,0.0
83.89,2059.263404,2060.848451,1254,0.0,0.0,153570.2993869914,0.0
83.9,2065.040377,2061.47724,1257,0.0,0.0,153617.15548401998,0.0
83.91,2065.040377,2062.011711,1257,0.0,0.0,153656.98319257557,0.0
83.92,2065.040377,2062.466011,1257,0.0,0.0,153690.8367187665,0.0
83.93,2065.040377,2062.852166,1257,0.0,0.0,153719.61221602885,0.0
83.94,2065.040377,2063.180398,1257,0.0,0.0,153744.07140733127,0.0
83.95,2065.040377,2063.459395,1257,0.0,0.0,153764.86170503474,0.0
83.96000000000001,2065.040377,2063.696542,1257,0.0,0.0,153782.53342454968,0.0
83.97,2065.040377,2063.898117,1257,0.0,0.0,153797.55438986322,0.0
83.98,2056.37928,2062.770292,1258,0.0,0.0,153713.51112951475,0.0
83.99,2056.37928,2061.81164,1258,0.0,0.0,153642.07430233,0.0
84.0,2053.451104,2060.557559,1262,0.0,0.0,153548.62269770954,0.0
84.01,2053.451104,2059.491591,1262,0.0,0.0,153469.18889712248,0.0
84.02,2053.451104,2058.585518,1262,0.0,0.0,153401.67015171985,0.0
84.03,2053.451104,2057.815356,1262,0.0,0.0,153344.27922185353,0.0
84.04,2053.451104,2057.160718,1262,0.0,0.0,153295.4969091117,0.0
84.05,2053.451104,2056.604276,1262,0.0,0.0,153254.03196563662,0.0
84.06,2053.451104,2056.1313,1262,0.0,0.0,153218.78674132738,0.0
84.07000000000001,2053.451104,2055.729271,1262,0.0,0.0,153188.8283453753,0.0
84.08,2053.451104,2055.387546,1262,0.0,0.0,153163.36368273472,0.0
84.09,2053.451104,2055.097079,1262,0.0,0.0,153141.7186636018,0.0
84.10000000000001,2065.690609,2056.686109,1264,0.0,0.0,153260.12999691282,0.0
84.11,2065.690609,2058.036784,1264,0.0,0.0,153360.77959296817,0.0
84.12,2065.690609,2059.184858,1264,0.0,0.0,153446.3317682448,0.0
84.13,2065.690609,2060.16072,1264,0.0,0.0,153519.0510501637,0.0
84.14,2065.690609,2060.990204,1264,0.0,0.0,153580.86253666814,0.0
84.15,2065.690609,2061.695265,1264,0.0,0.0,153633.40227038972,0.0
84.16,2065.690609,2062.294566,1264,0.0,0.0,153678.0609807128,0.0
84.17,2065.690609,2062.803973,1264,0.0,0.0,153716.0209701831,0.0
84.18,2093.467352,2067.40348,1264,0.0,0.0,154058.76702056825,0.0
84.19,2093.467352,2071.31306,1265,0.0,0.0,154350.10109260347,0.0
84.2,2061.512355,2069.842955,1266,0.0,0.0,154240.55181212592,0.0
84.21000000000001,2061.512355,2068.593365,1266,0.0,0.0,154147.43486783156,0.0
84.22,2061.512355,2067.531213,1266,0.0,0.0,154068.28542792227,0.0
84.23,2061.512355,2066.628384,1266,0.0,0.0,154001.008418903,0.0
84.24,2061.512355,2065.86098,1266,0.0,0.0,153943.82300967336,0.0
84.25,2061.512355,2065.208686,1267,0.0,0.0,153895.21536711731,0.0
84.26,2064.795564,2065.146718,1267,0.0,0.0,153890.59763585823,0.0
84.27,2064.795564,2065.094045,1268,0.0,0.0,153886.6725493844,0.0
84.28,2064.795564,2065.049273,1268,0.0,0.0,153883.33622960758,0.0
84.29,2062.535957,2064.672275,1268,0.0,0.0,153855.2430936469,0.0
84.3,2064.224167,2064.605059,1270,0.0,0.0,153850.23429193778,0.0
84.31,2064.224167,2064.547925,1270,0.0,0.0,153845.97678067783,0.0
84.32000000000001,2064.224167,2064.499362,1270,0.0,0.0,153842.3579631731,0.0
84.33,2064.224167,2064.458082,1270,0.0,0.0,153839.28186024295,0.0
84.34,2064.224167,2064.422995,1270,0.0,0.0,153836.6672472703,0.0
84.35000000000001,2064.224167,2064.393171,1270,0.0,0.0,153834.4448225177,0.0
84.36,2072.255249,2065.572483,1271,0.0,0.0,153922.32479099513,0.0
84.37,2072.255249,2066.574898,1271,0.0,0.0,153997.02274929732,0.0
84.38,2072.255249,2067.42695,1271,0.0,0.0,154060.51595796578,0.0
84.39,2062.51045,2066.689475,1272,0.0,0.0,154005.56079787842,0.0
84.4,2045.59947,2063.525975,1273,0.0,0.0,153769.82311329758,0.0
84.41,2045.59947,2060.836999,1273,0.0,0.0,153569.44600688588,0.0
84.42,2045.59947,2058.551369,1273,0.0,0.0,153399.12543662867,0.0
84.43,2045.59947,2056.608585,1273,0.0,0.0,153254.35306368713,0.0
84.44,2045.59947,2054.957217,1273,0.0,0.0,153131.29642745803,0.0
84.45,2045.59947,2053.553555,1274,0.0,0.0,153026.69834627764,0.0
84.46000000000001,2095.819287,2059.893415,1274,0.0,0.0,153499.13201688507,0.0
84.47,2095.819287,2065.282296,1274,0.0,0.0,153900.70063690143,0.0
84.48,2095.819287,2069.862845,1275,0.0,0.0,154242.03397509299,0.0
84.49,2052.082307,2067.195764,1275,0.0,0.0,154043.288440233,0.0
84.5,2068.526636,2067.395395,1277,0.0,0.0,154058.1645425597,0.0
84.51,2068.526636,2067.565081,1277,0.0,0.0,154070.80920345616,0.0
84.52,2068.526636,2067.709314,1277,0.0,0.0,154081.55715776628,0.0
84.53,2068.526636,2067.831912,1277,0.0,0.0,154090.692915204,0.0
84.54,2068.526636,2067.936121,1277,0.0,0.0,154098.4583611887,0.0
84.55,2068.526636,2068.024698,1277,0.0,0.0,154105.05894183894,0.0
84.56,1997.729013,2057.480345,1277,0.0,0.0,153319.31487304711,0.0
84.57000000000001,1997.729013,2048.517645,1278,0.0,0.0,152651.43241829987,0.0
84.58,1997.729013,2040.899351,1278,0.0,0.0,152083.73240628283,0.0
84.59,2062.519319,2044.142346,1278,0.0,0.0,152325.39389906212,0.0
84.60000000000001,2058.039843,2046.22697,1280,0.0,0.0,152480.7359047462,0.0
84.61,2058.039843,2047.998901,1280,0.0,0.0,152612.77665428846,0.0
84.62,2058.039843,2049.505043,1280,0.0,0.0,152725.0113398361,0.0
84.63,2058.039843,2050.785263,1280,0.0,0.0,152820.41077038902,0.0
84.64,2058.039843,2051.87345,1280,0.0,0.0,152901.50028635896,0.0
84.65,2058.039843,2052.798409,1281,0.0,0.0,152970.42637865932,0.0
84.66,2083.793253,2057.447635,1281,0.0,0.0,153316.87738935414,0.0
84.67,2083.793253,2061.399478,1281,0.0,0.0,153611.3608155109,0.0
84.68,2083.793253,2064.758544,1282,0.0,0.0,153861.67168675925,0.0
84.69,2052.411719,2062.906521,1282,0.0,0.0,153723.66264177416,0.0
84.7,2064.177853,2063.09722,1284,0.0,0.0,153737.87314934866,0.0
84.71000000000001,2064.177853,2063.259315,1284,0.0,0.0,153749.95214412725,0.0
84.72,2064.177853,2063.397096,1284,0.0,0.0,153760.2193083186,0.0
84.73,2064.177853,2063.51421,1284,0.0,0.0,153768.9464090589,0.0
84.74,2064.177853,2063.613756,1284,0.0,0.0,153776.364377622,0.0
84.75,2064.177853,2063.698371,1284,0.0,0.0,153782.66971796678,0.0
84.76,2072.400155,2065.003638,1284,0.0,0.0,153879.935600799,0.0
84.77,2072.400155,2066.113116,1285,0.0,0.0,153962.61167945032,0.0
84.78,2062.491338,2065.569849,1285,0.0,0.0,153922.12851059015,0.0
84.79,2062.491338,2065.108072,1285,0.0,0.0,153887.71781333306,0.0
84.8,2054.925853,2063.580739,1287,0.0,0.0,153773.90401690383,0.0
84.81,2054.925853,2062.282506,1287,0.0,0.0,153677.16229366488,0.0
84.82000000000001,2054.925853,2061.179008,1287,0.0,0.0,153594.9318326377,0.0
84.83,2054.925853,2060.241035,1287,0.0,0.0,153525.03596311994,0.0
84.84,2054.925853,2059.443758,1287,0.0,0.0,153465.62447775577,0.0
84.85000000000001,2054.925853,2058.766072,1287,0.0,0.0,153415.12467421134,0.0
84.86,2080.465802,2062.021032,1288,0.0,0.0,153657.67777482874,0.0
84.87,2080.465802,2064.787747,1288,0.0,0.0,153863.8478358356,0.0
84.88,2080.465802,2067.139455,1288,0.0,0.0,154039.09240632085,0.0
84.89,2062.476557,2066.440021,1289,0.0,0.0,153986.9719853703,0.0
84.9,2039.607985,2062.415215,1290,0.0,0.0,153687.0515025737,0.0
84.91,2039.607985,2058.994131,1290,0.0,0.0,153432.11917416635,0.0
84.92,2039.607985,2056.086209,1290,0.0,0.0,153215.42665030935,0.0
84.93,2039.607985,2053.614475,1290,0.0,0.0,153031.23798267546,0.0
84.94,2039.607985,2051.513502,1291,0.0,0.0,152874.6776822529,0.0
84.95,2039.607985,2049.727674,1291,0.0,0.0,152741.6013561016,0.0
84.96000000000001,2107.982947,2058.465965,1291,0.0,0.0,153392.76130158402,0.0
84.97,2107.982947,2065.893512,1292,0.0,0.0,153946.2472291628,0.0
84.98,2107.982947,2072.206928,1292,0.0,0.0,154416.71034584858,0.0
84.99,2062.546614,2070.757881,1292,0.0,0.0,154308.73026535902,0.0
85.0,2063.687731,2069.697358,1295,0.0,0.0,154229.70221526743,0.0
85.01,2063.687731,2068.795914,1295,0.0,0.0,154162.52841367444,0.0
85.02,2063.687731,2068.029687,1295,0.0,0.0,154105.43071212768,0.0
85.03,2063.687731,2067.378393,1295,0.0,0.0,154056.89758756896,0.0
85.04,2063.687731,2066.824794,1295,0.0,0.0,154015.64449876026,0.0
85.05,2063.687731,2066.354234,1295,0.0,0.0,153980.5793099326,0.0
85.06,2063.687731,2065.954259,1295,0.0,0.0,153950.77397394707,0.0
85.07000000000001,2063.687731,2065.61428,1295,0.0,0.0,153925.4394197299,0.0
85.08,2063.687731,2065.325297,1295,0.0,0.0,153903.90498530498,0.0
85.09,2047.110256,2062.593041,1296,0.0,0.0,153700.30273996844,0.0
85.10000000000001,2060.637982,2062.299782,1297,0.0,0.0,153678.4496665869,0.0
85.11,2060.637982,2062.050512,1297,0.0,0.0,153659.87456539032,0.0
85.12,2060.637982,2061.838633,1297,0.0,0.0,153644.0857666322,0.0
85.13,2060.637982,2061.658535,1297,0.0,0.0,153630.6652243475,0.0
85.14,2060.637982,2061.505452,1297,0.0,0.0,153619.25778576088,0.0
85.15,2060.637982,2061.375331,1298,0.0,0.0,153609.5614294292,0.0
85.16,2066.167492,2062.094156,1298,0.0,0.0,153663.1268288662,0.0
85.17,2066.167492,2062.705156,1298,0.0,0.0,153708.65732524008,0.0
85.18,2066.167492,2063.224506,1299,0.0,0.0,153747.35824715786,0.0
85.19,2062.465144,2063.110602,1299,0.0,0.0,153738.87034918903,0.0
85.2,2048.554113,2060.927129,1301,0.0,0.0,153576.16231398602,0.0
85.21000000000001,2048.554113,2059.071176,1301,0.0,0.0,153437.86041327135,0.0
85.22,2048.554113,2057.493617,1301,0.0,0.0,153320.30387590773,0.0
85.23,2048.554113,2056.152691,1301,0.0,0.0,153220.38075580844,0.0
85.24,2048.554113,2055.012904,1301,0.0,0.0,153135.44611117584,0.0
85.25,2048.554113,2054.044086,1301,0.0,0.0,153063.2517340301,0.0
85.26,2076.499023,2057.412326,1302,0.0,0.0,153314.2462333861,0.0
85.27,2076.499023,2060.275331,1302,0.0,0.0,153527.59163235666,0.0
85.28,2076.499023,2062.708885,1302,0.0,0.0,153708.93520285212,0.0
85.29,2062.505844,2062.678429,1303,0.0,0.0,153706.66568272517,0.0
85.3,2048.16758,2060.501801,1304,0.0,0.0,153544.46772321392,0.0
85.31,2048.16758,2058.651668,1304,0.0,0.0,153406.5995172438,0.0
85.32000000000001,2048.16758,2057.079055,1304,0.0,0.0,153289.4115458951,0.0
85.33,2048.16758,2055.742334,1304,0.0,0.0,153189.80177397453,0.0
85.34,2048.16758,2054.606121,1304,0.0,0.0,153105.1334566644,0.0
85.35000000000001,2048.16758,2053.64034,1305,0.0,0.0,153033.16539067664,0.0
85.36,2090.352887,2059.147222,1305,0.0,0.0,153443.52720889694,0.0
85.37,2090.352887,2063.828072,1305,0.0,0.0,153792.3347767396,0.0
85.38,2090.352887,2067.806794,1306,0.0,0.0,154088.82117214688,0.0
85.39,2062.519869,2067.013755,1306,0.0,0.0,154029.7254940554,0.0
85.4,2040.673602,2063.062732,1308,0.0,0.0,153735.30317265642,0.0
85.41,2040.673602,2059.704363,1308,0.0,0.0,153485.0442404522,0.0
85.42,2040.673602,2056.849749,1308,0.0,0.0,153272.32412199734,0.0
85.43,2040.673602,2054.423326,1308,0.0,0.0,153091.51193934088,0.0
85.44,2040.673602,2052.360868,1308,0.0,0.0,152937.8216995858,0.0
85.45,2040.673602,2050.607778,1308,0.0,0.0,152807.18494363135,0.0
85.46000000000001,2092.155432,2056.839926,1308,0.0,0.0,153271.59213170945,0.0
85.47,2092.155432,2062.137252,1309,0.0,0.0,153666.33825647944,0.0
85.48,2092.155432,2066.639979,1309,0.0,0.0,154001.87245508216,0.0
85.49,2062.500756,2066.019095,1309,0.0,0.0,153955.60542282255,0.0
85.5,2039.627351,2062.060334,1311,0.0,0.0,153660.60648116015,0.0
85.51,2039.627351,2058.695387,1311,0.0,0.0,153409.85736956948,0.0
85.52,2039.627351,2055.835181,1311,0.0,0.0,153196.72054647343,0.0
85.53,2039.627351,2053.404007,1311,0.0,0.0,153015.55432881162,0.0
85.54,2039.627351,2051.337508,1311,0.0,0.0,152861.56296182927,0.0
85.55,2039.627351,2049.580985,1311,0.0,0.0,152730.67038559003,0.0
85.56,2040.351889,2048.196621,1312,0.0,0.0,152627.51035272225,0.0
85.57000000000001,2040.351889,2047.019911,1312,0.0,0.0,152539.8242800739,0.0
85.58,2040.351889,2046.019708,1312,0.0,0.0,152465.2911555818,0.0
85.59,2063.128704,2048.586057,1313,0.0,0.0,152656.53034353384,0.0
85.60000000000001,2094.276094,2055.439563,1314,0.0,0.0,153167.2398854023,0.0
85.61,2094.276094,2061.265042,1314,0.0,0.0,153601.3429140207,0.0
85.62,2094.276094,2066.2167,1314,0.0,0.0,153970.33055168667,0.0
85.63,2094.276094,2070.425609,1314,0.0,0.0,154283.97002134728,0.0
85.64,2094.276094,2074.003182,1315,0.0,0.0,154550.56359664013,0.0
85.65,2094.276094,2077.044119,1315,0.0,0.0,154777.16813191317,0.0
85.66,2012.960755,2067.431614,1315,0.0,0.0,154060.86350990535,0.0
85.67,2012.960755,2059.260985,1316,0.0,0.0,153452.0045998282,0.0
85.68,2012.960755,2052.315951,1316,0.0,0.0,152934.47457469933,0.0
85.69,2062.840781,2053.894675,1316,0.0,0.0,153052.1179255298,0.0
85.7,2048.374852,2053.066702,1318,0.0,0.0,152990.41903571933,0.0
85.71000000000001,2048.374852,2052.362924,1318,0.0,0.0,152937.9749085883,0.0
85.72,2048.374852,2051.764713,1318,0.0,0.0,152893.39742288238,0.0
85.73,2048.374852,2051.256234,1318,0.0,0.0,152855.5065861136,0.0
85.74,2048.374852,2050.824027,1318,0.0,0.0,152823.29938603783,0.0
85.75,2048.374852,2050.456651,1318,0.0,0.0,152795.92326224755,0.0
85.76,2103.4442,2058.404783,1319,0.0,0.0,153388.20214147086,0.0
85.77,2103.4442,2065.160696,1319,0.0,0.0,153891.63924842502,0.0
85.78,2103.4442,2070.903221,1319,0.0,0.0,154319.56071109223,0.0
85.79,2062.505844,2069.643615,1320,0.0,0.0,154225.69739453643,0.0
85.8,2043.027833,2065.651247,1321,0.0,0.0,153928.19412653748,0.0
85.81,2043.027833,2062.257735,1321,0.0,0.0,153675.31640835284,0.0
85.82000000000001,2043.027833,2059.37325,1321,0.0,0.0,153460.3703627994,0.0
85.83,2043.027833,2056.921437,1321,0.0,0.0,153277.66616819057,0.0
85.84,2043.027833,2054.837397,1321,0.0,0.0,153122.36768101685,0.0
85.85000000000001,2043.027833,2053.065962,1322,0.0,0.0,152990.36389240128,0.0
85.86,2100.648135,2060.203288,1322,0.0,0.0,153522.22313227438,0.0
85.87,2100.648135,2066.270015,1322,0.0,0.0,153974.30347871478,0.0
85.88,2100.648135,2071.426733,1323,0.0,0.0,154358.57177691493,0.0
85.89,2062.508938,2070.089064,1323,0.0,0.0,154258.89136193294,0.0
85.9,2050.225651,2067.109552,1325,0.0,0.0,154036.86409464647,0.0
85.91,2050.225651,2064.576967,1325,0.0,0.0,153848.14093235653,0.0
85.92,2050.225651,2062.424269,1325,0.0,0.0,153687.7261885216,0.0
85.93,2050.225651,2060.594477,1325,0.0,0.0,153551.3737531353,0.0
85.94,2050.225651,2059.039153,1325,0.0,0.0,153435.47412344257,0.0
85.95,2050.225651,2057.717128,1325,0.0,0.0,153336.9594680109,0.0
85.96000000000001,2099.691382,2064.013266,1326,0.0,0.0,153806.1350627387,0.0
85.97,2099.691382,2069.364983,1326,0.0,0.0,154204.934295902,0.0
85.98,2099.691382,2073.913943,1326,0.0,0.0,154543.91368507562,0.0
85.99,2062.534376,2072.207008,1327,0.0,0.0,154416.71630728838,0.0
86.0,2041.922994,2067.664406,1329,0.0,0.0,154078.2107035418,0.0
86.01,2041.922994,2063.803194,1329,0.0,0.0,153790.48091800182,0.0
86.02,2041.922994,2060.521164,1329,0.0,0.0,153545.91061519645,0.0
86.03,2041.922994,2057.731438,1329,0.0,0.0,153338.0258205528,0.0
86.04,2041.922994,2055.360172,1329,0.0,0.0,153161.32382707563,0.0
86.05,2041.922994,2053.344595,1329,0.0,0.0,153011.12706555377,0.0
86.06,2041.922994,2051.631355,1329,0.0,0.0,152883.45985179325,0.0
86.07000000000001,2041.922994,2050.1751,1329,0.0,0.0,152774.94264557888,0.0
86.08,2041.922994,2048.937284,1330,0.0,0.0,152682.7030761851,0.0
86.09,2096.208872,2056.028023,1330,0.0,0.0,153211.09074611618,0.0
86.10000000000001,2047.613303,2054.765815,1332,0.0,0.0,153117.03353373145,0.0
86.11,2047.613303,2053.692938,1332,0.0,0.0,153037.08488830068,0.0
86.12,2047.613303,2052.780993,1332,0.0,0.0,152969.12857321766,0.0
86.13,2047.613303,2052.005839,1332,0.0,0.0,152911.3656495086,0.0
86.14,2047.613303,2051.346959,1332,0.0,0.0,152862.26723142213,0.0
86.15,2047.613303,2050.78691,1332,0.0,0.0,152820.53350153062,0.0
86.16,2091.79318,2056.937851,1332,0.0,0.0,153278.88930659884,0.0
86.17,2091.79318,2062.16615,1333,0.0,0.0,153668.49167756658,0.0
86.18,2062.494225,2062.215362,1333,0.0,0.0,153672.15885725158,0.0
86.19,2062.494225,2062.257191,1333,0.0,0.0,153675.27587056227,0.0
86.2,2047.47729,2060.040206,1335,0.0,0.0,153510.07058823243,0.0
86.21000000000001,2047.47729,2058.155768,1335,0.0,0.0,153369.64604236357,0.0
86.22,2047.47729,2056.553997,1335,0.0,0.0,153250.28527524843,0.0
86.23,2047.47729,2055.192491,1335,0.0,0.0,153148.82857476384,0.0
86.24,2047.47729,2054.03521,1335,0.0,0.0,153062.59031228579,0.0
86.25,2047.47729,2053.051522,1336,0.0,0.0,152989.28785251972,0.0
86.26,2098.231569,2059.828529,1336,0.0,0.0,153494.29684210973,0.0
86.27,2098.231569,2065.588985,1336,0.0,0.0,153923.5544869872,0.0
86.28,2046.833347,2062.77564,1337,0.0,0.0,153713.9096517645,0.0
86.29,2046.833347,2060.384296,1337,0.0,0.0,153535.71148593668,0.0
86.3,2052.509668,2059.203101,1338,0.0,0.0,153447.69120007026,0.0
86.31,2052.509668,2058.199086,1338,0.0,0.0,153372.87401297226,0.0
86.32000000000001,2052.509668,2057.345674,1338,0.0,0.0,153309.27945982752,0.0
86.33,2052.509668,2056.620273,1338,0.0,0.0,153255.22403004003,0.0
86.34,2052.509668,2056.003682,1339,0.0,0.0,153209.276903543,0.0
86.35000000000001,2052.509668,2055.47958,1339,0.0,0.0,153170.22187210183,0.0
86.36,2086.289791,2060.101111,1339,0.0,0.0,153514.60910686033,0.0
86.37,2086.289791,2064.029413,1340,0.0,0.0,153807.3383048418,0.0
86.38,2086.289791,2067.36847,1340,0.0,0.0,154056.15814548137,0.0
86.39,2062.517875,2066.640881,1340,0.0,0.0,154001.9396703157,0.0
86.4,2042.663939,2063.04434,1342,0.0,0.0,153733.93263764936,0.0
86.41,2042.663939,2059.987279,1342,0.0,0.0,153506.12657418728,0.0
86.42,2042.663939,2057.388778,1342,0.0,0.0,153312.49148358477,0.0
86.43,2042.663939,2055.180053,1342,0.0,0.0,153147.901719913,0.0
86.44,2042.663939,2053.302635,1342,0.0,0.0,153008.00029038542,0.0
86.45,2042.663939,2051.706831,1342,0.0,0.0,152889.0841721604,0.0
86.46000000000001,2101.760004,2059.214807,1343,0.0,0.0,153448.56350774708,0.0
86.47,2101.760004,2065.596587,1343,0.0,0.0,153924.12097280298,0.0
86.48,2062.13727,2065.077689,1343,0.0,0.0,153885.45373301997,0.0
86.49,2062.13727,2064.636626,1344,0.0,0.0,153852.58660155977,0.0
86.5,2054.612108,2063.132949,1345,0.0,0.0,153740.53560287555,0.0
86.51,2054.612108,2061.854822,1345,0.0,0.0,153645.29213849106,0.0
86.52,2054.612108,2060.768415,1345,0.0,0.0,153564.3352645564,0.0
86.53,2054.612108,2059.844969,1345,0.0,0.0,153495.521917986,0.0
86.54,2054.612108,2059.06004,1345,0.0,0.0,153437.03058085297,0.0
86.55,2054.612108,2058.39285,1346,0.0,0.0,153387.3129182086,0.0
86.56,2028.568696,2053.919227,1346,0.0,0.0,153053.94749140047,0.0
86.57000000000001,2028.568696,2050.116648,1346,0.0,0.0,152770.58691959843,0.0
86.58,2028.568696,2046.884455,1347,0.0,0.0,152529.7303702264,0.0
86.59,2062.552251,2049.234624,1347,0.0,0.0,152704.8602575138,0.0
86.60000000000001,2050.676147,2049.450853,1349,0.0,0.0,152720.97320956032,0.0
86.61,2050.676147,2049.634647,1349,0.0,0.0,152734.6691703632,0.0
86.62,2050.676147,2049.790872,1349,0.0,0.0,152746.31074449743,0.0
86.63,2050.676147,2049.923663,1349,0.0,0.0,152756.20606388204,0.0
86.64,2050.676147,2050.036535,1349,0.0,0.0,152764.61705927763,0.0
86.65,2050.676147,2050.132477,1349,0.0,0.0,152771.7664649783,0.0
86.66,2072.257858,2053.451284,1350,0.0,0.0,153019.0773161718,0.0
86.67,2072.257858,2056.27227,1350,0.0,0.0,153229.29154341217,0.0
86.68,2072.257858,2058.670109,1350,0.0,0.0,153407.9737036327,0.0
86.69,2072.960199,2060.813622,1351,0.0,0.0,153567.7039996621,0.0
86.7,2053.793167,2059.760554,1352,0.0,0.0,153489.23148124065,0.0
86.71000000000001,2053.793167,2058.865446,1352,0.0,0.0,153422.52982567882,0.0
86.72,2053.793167,2058.104604,1352,0.0,0.0,153365.83340354773,0.0
86.73,2053.793167,2057.457888,1352,0.0,0.0,153317.64142238084,0.0
86.74,2053.793167,2056.90818,1352,0.0,0.0,153276.6782830998,0.0
86.75,2053.793167,2056.440928,1353,0.0,0.0,153241.85959980733,0.0
86.76,2079.463426,2059.894303,1353,0.0,0.0,153499.19818886672,0.0
86.77,2079.463426,2062.829671,1353,0.0,0.0,153717.9359336787,0.0
86.78,2062.494328,2062.77937,1354,0.0,0.0,153714.1876038946,0.0
86.79,2062.494328,2062.736613,1354,0.0,0.0,153711.00143788237,0.0
86.8,2058.3835,2062.083646,1356,0.0,0.0,153662.3436447141,0.0
86.81,2058.3835,2061.528624,1356,0.0,0.0,153620.9845167952,0.0
86.82000000000001,2058.3835,2061.056856,1356,0.0,0.0,153585.82931022678,0.0
86.83,2058.3835,2060.655852,1356,0.0,0.0,153555.94729522197,0.0
86.84,2058.3835,2060.315,1356,0.0,0.0,153530.5476867931,0.0
86.85000000000001,2058.3835,2060.025275,1356,0.0,0.0,153508.95796001414,0.0
86.86,2072.23255,2061.856366,1356,0.0,0.0,153645.407194279,0.0
86.87,2072.23255,2063.412793,1357,0.0,0.0,153761.3890173228,0.0
86.88,2072.23255,2064.735757,1357,0.0,0.0,153859.97364515392,0.0
86.89,2072.619108,2065.91826,1358,0.0,0.0,153948.0914005609,0.0
86.9,2051.873744,2063.811582,1359,0.0,0.0,153791.1059749635,0.0
86.91,2051.873744,2062.020906,1359,0.0,0.0,153657.66838556112,0.0
86.92,2051.873744,2060.498832,1359,0.0,0.0,153544.2464792799,0.0
86.93,2051.873744,2059.205069,1359,0.0,0.0,153447.837851489,0.0
86.94,2051.873744,2058.10537,1359,0.0,0.0,153365.8904843337,0.0
86.95,2051.873744,2057.170626,1360,0.0,0.0,153296.23523342938,0.0
86.96000000000001,2083.572285,2061.130875,1360,0.0,0.0,153591.34505787175,0.0
86.97,2083.572285,2064.497087,1360,0.0,0.0,153842.18843472915,0.0
86.98,2078.123649,2066.541071,1361,0.0,0.0,153994.50202900142,0.0
86.99,2078.123649,2068.278458,1361,0.0,0.0,154123.96862884358,0.0
87.0,2065.896054,2067.921097,1363,0.0,0.0,154097.33880279667,0.0
87.01,2065.896054,2067.617341,1363,0.0,0.0,154074.70351399708,0.0
87.02,2065.896054,2067.359148,1363,0.0,0.0,154055.46348871023,0.0
87.03,2065.896054,2067.139684,1363,0.0,0.0,154039.1094709423,0.0
87.04,2065.896054,2066.953139,1363,0.0,0.0,154025.20851112876,0.0
87.05,2065.896054,2066.794576,1363,0.0,0.0,154013.3927139167,0.0
87.06,2065.896054,2066.659798,1363,0.0,0.0,154003.34932727143,0.0
87.07000000000001,2065.896054,2066.545236,1364,0.0,0.0,153994.81239646027,0.0
87.08,2065.896054,2066.447859,1364,0.0,0.0,153987.55605743345,0.0
87.09,2051.534548,2064.210862,1364,0.0,0.0,153820.85952094084,0.0
87.10000000000001,2060.699487,2063.684156,1366,0.0,0.0,153781.6104446346,0.0
87.11,2060.699487,2063.236456,1366,0.0,0.0,153748.24873722607,0.0
87.12,2060.699487,2062.85591,1366,0.0,0.0,153719.89121141087,0.0
87.13,2060.699487,2062.532447,1366,0.0,0.0,153695.78739643772,0.0
87.14,2060.699487,2062.257503,1366,0.0,0.0,153675.2991201774,0.0
87.15,2060.699487,2062.0238,1366,0.0,0.0,153657.8840406454,0.0
87.16,2079.134267,2064.59037,1367,0.0,0.0,153849.13969707483,0.0
87.17,2079.134267,2066.771955,1367,0.0,0.0,154011.70704229892,0.0
87.18,2062.483294,2066.128656,1367,0.0,0.0,153963.76968912894,0.0
87.19,2062.483294,2065.581851,1368,0.0,0.0,153923.0228755942,0.0
87.2,2052.720649,2063.652671,1369,0.0,0.0,153779.2642454884,0.0
87.21000000000001,2052.720649,2062.012868,1369,0.0,0.0,153657.06940989845,0.0
87.22,2052.720649,2060.619035,1369,0.0,0.0,153553.20376611393,0.0
87.23,2052.720649,2059.434277,1369,0.0,0.0,153464.917972623,0.0
87.24,2052.720649,2058.427233,1370,0.0,0.0,153389.8750705111,0.0
87.25,2052.720649,2057.571245,1370,0.0,0.0,153326.08855900515,0.0
87.26,2006.874055,2049.966667,1370,0.0,0.0,152759.4106358396,0.0
87.27,2006.874055,2043.502775,1371,0.0,0.0,152277.7343489862,0.0
87.28,2076.852305,2048.505204,1371,0.0,0.0,152650.50533989503,0.0
87.29,2076.852305,2052.757269,1371,0.0,0.0,152967.36070824883,0.0
87.3,2075.199587,2056.123617,1373,0.0,0.0,153218.2142195538,0.0
87.31,2075.199587,2058.985012,1373,0.0,0.0,153431.4396445487,0.0
87.32000000000001,2075.199587,2061.417199,1373,0.0,0.0,153612.68134894178,0.0
87.33,2075.199587,2063.484557,1373,0.0,0.0,153766.73672688383,0.0
87.34,2075.199587,2065.241811,1373,0.0,0.0,153897.68377577915,0.0
87.35000000000001,2075.199587,2066.735478,1373,0.0,0.0,154008.98884931,0.0
87.36,2045.644727,2063.571865,1374,0.0,0.0,153773.24274419545,0.0
87.37,2045.644727,2060.882794,1374,0.0,0.0,153572.858558574,0.0
87.38,2045.644727,2058.597084,1374,0.0,0.0,153402.53202687707,0.0
87.39,2073.599434,2060.847437,1375,0.0,0.0,153570.22382574214,0.0
87.4,2035.030267,2056.974861,1376,0.0,0.0,153281.64721768038,0.0
87.41,2035.030267,2053.683172,1376,0.0,0.0,153036.35714553867,0.0
87.42,2035.030267,2050.885236,1376,0.0,0.0,152827.86055813695,0.0
87.43,2035.030267,2048.506991,1376,0.0,0.0,152650.63850355629,0.0
87.44,2035.030267,2046.485482,1376,0.0,0.0,152499.9997012742,0.0
87.45,2035.030267,2044.7672,1377,0.0,0.0,152371.95676777113,0.0
87.46000000000001,2116.978738,2055.598931,1377,0.0,0.0,153179.11566960218,0.0
87.47,2116.978738,2064.805902,1377,0.0,0.0,153865.20071007728,0.0
87.48,2062.412657,2064.446915,1378,0.0,0.0,153838.44971776663,0.0
87.49,2062.412657,2064.141776,1378,0.0,0.0,153815.7113705767,0.0
87.5,2042.116902,2060.838045,1380,0.0,0.0,153569.5239527111,0.0
87.51,2042.116902,2058.029874,1380,0.0,0.0,153360.26467360658,0.0
87.52,2042.116902,2055.642928,1380,0.0,0.0,153182.3942379311,0.0
87.53,2042.116902,2053.614024,1380,0.0,0.0,153031.20437505867,0.0
87.54,2042.116902,2051.889456,1380,0.0,0.0,152902.69302142435,0.0
87.55,2042.116902,2050.423572,1380,0.0,0.0,152793.45828141362,0.0
87.56,2111.939961,2059.651031,1381,0.0,0.0,153481.07004661814,0.0
87.57000000000001,2111.939961,2067.49437,1381,0.0,0.0,154065.5399613463,0.0
87.58,2111.939961,2074.161209,1381,0.0,0.0,154562.33945220558,0.0
87.59,2062.475044,2072.408284,1382,0.0,0.0,154431.71499172074,0.0
87.60000000000001,2057.256435,2070.135507,1383,0.0,0.0,154262.35220128336,0.0
87.61,2057.256435,2068.203646,1383,0.0,0.0,154118.39378842668,0.0
87.62,2057.256435,2066.561564,1383,0.0,0.0,153996.02912632085,0.0
87.63,2057.256435,2065.165795,1383,0.0,0.0,153892.01921569346,0.0
87.64,2057.256435,2063.979391,1383,0.0,0.0,153803.61076557892,0.0
87.65,2057.256435,2062.970948,1384,0.0,0.0,153728.4636127887,0.0
87.66,1993.551135,2052.557976,1384,0.0,0.0,152952.5097930052,0.0
87.67,1993.551135,2043.70695,1384,0.0,0.0,152292.9490610928,0.0
87.68,1993.551135,2036.183577,1385,0.0,0.0,151732.3223719011,0.0
87.69,2062.879982,2040.188038,1385,0.0,0.0,152030.72678604187,0.0
87.7,2060.714372,2043.266988,1387,0.0,0.0,152260.16397394773,0.0
87.71000000000001,2060.714372,2045.884096,1387,0.0,0.0,152455.1856209267,0.0
87.72,2060.714372,2048.108637,1387,0.0,0.0,152620.9539612444,0.0
87.73,2060.714372,2049.999497,1387,0.0,0.0,152761.85706169216,0.0
87.74,2060.714372,2051.606729,1387,0.0,0.0,152881.62477159078,0.0
87.75,2060.714372,2052.972875,1387,0.0,0.0,152983.427235583,0.0
87.76,2078.997338,2056.876545,1387,0.0,0.0,153274.32090625403,0.0
87.77,2078.997338,2060.194664,1388,0.0,0.0,153521.58048906538,0.0
87.78,2078.997338,2063.015065,1388,0.0,0.0,153731.75112327727,0.0
87.79,2052.071226,2061.373489,1388,0.0,0.0,153609.4241672781,0.0
87.8,2068.762912,2062.481902,1390,0.0,0.0,153692.0208842622,0.0
87.81,2068.762912,2063.424054,1390,0.0,0.0,153762.22816449084,0.0
87.82000000000001,2068.762912,2064.224883,1390,0.0,0.0,153821.90433778154,0.0
87.83,2068.762912,2064.905587,1390,0.0,0.0,153872.62903664194,0.0
87.84,2068.762912,2065.484186,1390,0.0,0.0,153915.74507538413,0.0
87.85000000000001,2068.762912,2065.975995,1390,0.0,0.0,153952.39369713725,0.0
87.86,2063.501517,2065.604823,1391,0.0,0.0,153924.73470302907,0.0
87.87,2063.501517,2065.289327,1391,0.0,0.0,153901.22457294067,0.0
87.88,2063.501517,2065.021155,1392,0.0,0.0,153881.24093255837,0.0
87.89,2062.513819,2064.645055,1392,0.0,0.0,153853.2147137593,0.0
87.9,2057.584558,2063.58598,1393,0.0,0.0,153774.2945657279,0.0
87.91,2057.584558,2062.685767,1393,0.0,0.0,153707.2124957897,0.0
87.92,2057.584558,2061.920586,1393,0.0,0.0,153650.1927400681,0.0
87.93,2057.584558,2061.270181,1393,0.0,0.0,153601.725862009,0.0
87.94,2057.584558,2060.717338,1394,0.0,0.0,153560.52910880637,0.0
87.95,2057.584558,2060.247421,1394,0.0,0.0,153525.51183505094,0.0
87.96000000000001,2085.141068,2063.981468,1394,0.0,0.0,153803.76553945936,0.0
87.97,2085.141068,2067.155408,1395,0.0,0.0,154040.28119193244,0.0
87.98,2062.479994,2066.454096,1395,0.0,0.0,153988.02082618285,0.0
87.99,2062.479994,2065.85798,1395,0.0,0.0,153943.59945568134,0.0
88.0,2070.928731,2066.618593,1398,0.0,0.0,154000.2788131911,0.0
88.01,2070.928731,2067.265114,1398,0.0,0.0,154048.4562633484,0.0
88.02,2070.928731,2067.814656,1398,0.0,0.0,154089.40703264193,0.0
88.03,2070.928731,2068.281768,1398,0.0,0.0,154124.21528341476,0.0
88.04,2070.928731,2068.678812,1398,0.0,0.0,154153.80220715012,0.0
88.05,2070.928731,2069.0163,1398,0.0,0.0,154178.95113703594,0.0
88.06,2070.928731,2069.303165,1398,0.0,0.0,154200.3277423425,0.0
88.07000000000001,2070.928731,2069.547,1398,0.0,0.0,154218.4978382236,0.0
88.08,2070.928731,2069.75426,1398,0.0,0.0,154233.94243835198,0.0
88.09,2035.605798,2064.63199,1399,0.0,0.0,153852.24113612407,0.0
88.10000000000001,2064.534293,2064.617336,1400,0.0,0.0,153851.14914939107,0.0
88.11,2064.534293,2064.604879,1400,0.0,0.0,153850.22087869825,0.0
88.12,2064.534293,2064.594291,1400,0.0,0.0,153849.4318821424,0.0
88.13,2064.534293,2064.585292,1400,0.0,0.0,153848.76129468437,0.0
88.14,2064.534293,2064.577642,1400,0.0,0.0,153848.19123200476,0.0
88.15,2064.534293,2064.57114,1401,0.0,0.0,153847.70671598607,0.0
88.16,2071.688868,2065.638799,1401,0.0,0.0,153927.26652650663,0.0
88.17,2071.688868,2066.546309,1401,0.0,0.0,153994.89235427143,0.0
88.18,2071.688868,2067.317693,1402,0.0,0.0,154052.3743451305,0.0
88.19,2062.506119,2066.595957,1402,0.0,0.0,153998.5920238033,0.0
88.2,2053.564153,2064.641187,1404,0.0,0.0,153852.92647814564,0.0
88.21000000000001,2053.564153,2062.979632,1404,0.0,0.0,153729.1107270776,0.0
88.22,2053.564153,2061.56731,1404,0.0,0.0,153623.86732004024,0.0
88.23,2053.564153,2060.366836,1404,0.0,0.0,153534.41040170312,0.0
88.24,2053.564153,2059.346434,1404,0.0,0.0,153458.37208818278,0.0
88.25,2053.564153,2058.479092,1404,0.0,0.0,153393.73949933506,0.0
88.26,2079.74884,2061.669554,1405,0.0,0.0,153631.48633816018,0.0
88.27,2079.74884,2064.381447,1405,0.0,0.0,153833.5711735169,0.0
88.28,2079.74884,2066.686556,1405,0.0,0.0,154005.3432798442,0.0
88.29,2062.492094,2066.057387,1406,0.0,0.0,153958.45886597663,0.0
88.3,2054.462775,2064.318195,1407,0.0,0.0,153828.85776114918,0.0
88.31,2054.462775,2062.839882,1407,0.0,0.0,153718.69683694956,0.0
88.32000000000001,2054.462775,2061.583316,1407,0.0,0.0,153625.06005510569,0.0
88.33,2054.462775,2060.515235,1407,0.0,0.0,153545.46879799018,0.0
88.34,2054.462775,2059.607366,1407,0.0,0.0,153477.8162182644,0.0
88.35000000000001,2054.462775,2058.835677,1408,0.0,0.0,153420.3114994161,0.0
88.36,2064.869566,2059.74076,1408,0.0,0.0,153487.75647200135,0.0
88.37,2064.869566,2060.510081,1408,0.0,0.0,153545.0847322319,0.0
88.38,2064.869566,2061.164004,1409,0.0,0.0,153593.8137646056,0.0
88.39,2062.55452,2061.372581,1409,0.0,0.0,153609.3565049365,0.0
88.4,2051.611638,2059.90844,1411,0.0,0.0,153500.25164979513,0.0
88.41,2051.611638,2058.66392,1411,0.0,0.0,153407.51251174716,0.0
88.42,2051.611638,2057.606077,1411,0.0,0.0,153328.68416988847,0.0
88.43,2051.611638,2056.706912,1411,0.0,0.0,153261.68019481146,0.0
88.44,2051.611638,2055.942621,1411,0.0,0.0,153204.72676010747,0.0
88.45,2051.611638,2055.292973,1411,0.0,0.0,153156.31629217247,0.0
88.46000000000001,2083.708049,2059.555235,1411,0.0,0.0,153473.93152054507,0.0
88.47,2083.708049,2063.178157,1412,0.0,0.0,153743.90441249925,0.0
88.48,2083.708049,2066.257641,1412,0.0,0.0,153973.38139301568,0.0
88.49,2062.549432,2065.701409,1412,0.0,0.0,153931.93209832,0.0
88.5,2043.945253,2062.437986,1414,0.0,0.0,153688.74835189106,0.0
88.51,2043.945253,2059.664076,1414,0.0,0.0,153482.0421338934,0.0
88.52,2043.945253,2057.306253,1414,0.0,0.0,153306.34188585443,0.0
88.53,2043.945253,2055.302103,1414,0.0,0.0,153156.9966414881,0.0
88.54,2043.945253,2053.598575,1414,0.0,0.0,153030.05314651784,0.0
88.55,2043.945253,2052.150577,1415,0.0,0.0,152922.15123540742,0.0
88.56,2112.447106,2061.195056,1415,0.0,0.0,153596.127697459,0.0
88.57000000000001,2112.447106,2068.882864,1415,0.0,0.0,154169.00775354312,0.0
88.58,2062.478138,2067.922155,1416,0.0,0.0,154097.41764283786,0.0
88.59,2062.478138,2067.105552,1416,0.0,0.0,154036.5660226571,0.0
88.60000000000001,2049.513662,2064.466769,1418,0.0,0.0,153839.92919808583,0.0
88.61,2049.513662,2062.223803,1418,0.0,0.0,153672.7878636671,0.0
88.62,2049.513662,2060.317282,1418,0.0,0.0,153530.717736863,0.0
88.63,2049.513662,2058.696739,1418,0.0,0.0,153409.95811790184,0.0
88.64,2049.513662,2057.319277,1418,0.0,0.0,153307.31240825175,0.0
88.65,2049.513662,2056.148435,1418,0.0,0.0,153220.06360721175,0.0
88.66,2013.64343,2049.772684,1418,0.0,0.0,152744.95541116185,0.0
88.67,2013.64343,2044.353296,1419,0.0,0.0,152341.11347060069,0.0
88.68,2013.64343,2039.746816,1419,0.0,0.0,151997.84780622015,0.0
88.69,2062.837205,2043.210375,1419,0.0,0.0,152255.94528656438,0.0
88.7,2095.897848,2051.113496,1421,0.0,0.0,152844.87003620944,0.0
88.71000000000001,2095.897848,2057.831148,1421,0.0,0.0,153345.4560100675,0.0
88.72,2095.897848,2063.541153,1421,0.0,0.0,153770.95414746122,0.0
88.73,2095.897848,2068.394658,1421,0.0,0.0,154132.6276201344,0.0
88.74,2095.897848,2072.520136,1421,0.0,0.0,154440.04997875908,0.0
88.75,2095.897848,2076.026793,1421,0.0,0.0,154701.3590357526,0.0
88.76,2010.20439,2066.153432,1422,0.0,0.0,153965.61594703104,0.0
88.77,2010.20439,2057.761076,1422,0.0,0.0,153340.234384958,0.0
88.78,2062.497216,2058.471497,1422,0.0,0.0,153393.17353514527,0.0
88.79,2062.497216,2059.075355,1423,0.0,0.0,153438.1718239822,0.0
88.8,2050.789484,2057.832474,1424,0.0,0.0,153345.55482093192,0.0
88.81,2050.789484,2056.776026,1424,0.0,0.0,153266.83043167953,0.0
88.82000000000001,2050.789484,2055.878045,1424,0.0,0.0,153199.91468591138,0.0
88.83,2050.789484,2055.11476,1424,0.0,0.0,153143.0362163127,0.0
88.84,2050.789484,2054.465969,1424,0.0,0.0,153094.68961030137,0.0
88.85000000000001,2050.789484,2053.914496,1425,0.0,0.0,153053.59494675504,0.0
88.86,2103.677081,2061.378884,1425,0.0,0.0,153609.82619187376,0.0
88.87,2103.677081,2067.723614,1426,0.0,0.0,154082.62276512824,0.0
88.88,2103.677081,2073.116634,1426,0.0,0.0,154484.49981513552,0.0
88.89,2062.509213,2071.525521,1426,0.0,0.0,154365.93326083606,0.0
88.9,2049.649197,2068.244072,1428,0.0,0.0,154121.4062529871,0.0
88.91,2049.649197,2065.454841,1428,0.0,0.0,153913.55834475224,0.0
88.92,2049.649197,2063.083994,1428,0.0,0.0,153736.88757431586,0.0
88.93,2049.649197,2061.068775,1428,0.0,0.0,153586.7174902371,0.0
88.94,2049.649197,2059.355838,1428,0.0,0.0,153459.07285542975,0.0
88.95,2049.649197,2057.899842,1428,0.0,0.0,153350.57494937663,0.0
88.96000000000001,2101.21163,2064.39661,1429,0.0,0.0,153834.70108991052,0.0
88.97,2101.21163,2069.918863,1429,0.0,0.0,154246.2083242679,0.0
88.98,2062.486284,2068.803976,1429,0.0,0.0,154163.129177769,0.0
88.99,2062.486284,2067.856322,1430,0.0,0.0,154092.51189951907,0.0
89.0,2061.137397,2066.848484,1432,0.0,0.0,154017.40983011725,0.0
89.01,2061.137397,2065.991821,1432,0.0,0.0,153953.57301896313,0.0
89.02,2061.137397,2065.263657,1432,0.0,0.0,153899.31169594903,0.0
89.03,2061.137397,2064.644718,1432,0.0,0.0,153853.18960119426,0.0
89.04,2061.137397,2064.11862,1432,0.0,0.0,153813.9858318304,0.0
89.05,2061.137397,2063.671436,1432,0.0,0.0,153780.66257570844,0.0
89.06,2061.137397,2063.29133,1432,0.0,0.0,153752.33783781205,0.0
89.07000000000001,2061.137397,2062.96824,1432,0.0,0.0,153728.26181805192,0.0
89.08,2061.137397,2062.693614,1433,0.0,0.0,153707.79723851476,0.0
89.09,2066.937003,2063.330122,1433,0.0,0.0,153755.2285399648,0.0
89.10000000000001,2056.685686,2062.333457,1435,0.0,0.0,153680.95906014732,0.0
89.11,2056.685686,2061.486291,1435,0.0,0.0,153617.82994641393,0.0
89.12,2056.685686,2060.7662,1435,0.0,0.0,153564.1702071923,0.0
89.13,2056.685686,2060.154123,1435,0.0,0.0,153518.5594549352,0.0
89.14,2056.685686,2059.633857,1435,0.0,0.0,153479.7902745318,0.0
89.15,2056.685686,2059.191632,1435,0.0,0.0,153446.83655315876,0.0
89.16,2056.685686,2058.81574,1435,0.0,0.0,153418.82583410313,0.0
89.17,2082.591043,2062.382035,1436,0.0,0.0,153684.57899542202,0.0
89.18,2082.591043,2065.413387,1436,0.0,0.0,153910.46927569053,0.0
89.19,2046.669924,2062.601867,1437,0.0,0.0,153700.96043581297,0.0
89.2,2037.181461,2058.788806,1439,0.0,0.0,153416.81876636285,0.0
89.21000000000001,2037.181461,2055.547704,1439,0.0,0.0,153175.2983361525,0.0
89.22,2037.181461,2052.792768,1439,0.0,0.0,152970.0060226363,0.0
89.23,2037.181461,2050.451072,1439,0.0,0.0,152795.50752634037,0.0
89.24,2037.181461,2048.46063,1439,0.0,0.0,152647.18377468165,0.0
89.25,2037.181461,2046.768755,1439,0.0,0.0,152521.10863793435,0.0
89.26,2037.181461,2045.33066,1439,0.0,0.0,152413.94467855155,0.0
89.27,2037.181461,2044.10828,1439,0.0,0.0,152322.85536896478,0.0
89.28,2121.077662,2055.653688,1440,0.0,0.0,153183.19605158246,0.0
89.29,2121.077662,2065.467284,1440,0.0,0.0,153914.48557219305,0.0
89.3,2042.061988,2061.956489,1442,0.0,0.0,153652.86815972655,0.0
89.31,2042.061988,2058.972314,1442,0.0,0.0,153430.49341501846,0.0
89.32000000000001,2042.061988,2056.435765,1442,0.0,0.0,153241.4748633871,0.0
89.33,2042.061988,2054.279699,1442,0.0,0.0,153080.80914293713,0.0
89.34,2042.061988,2052.447042,1442,0.0,0.0,152944.24321348843,0.0
89.35000000000001,2042.061988,2050.889284,1442,0.0,0.0,152828.1622069902,0.0
89.36,2042.061988,2049.56519,1442,0.0,0.0,152729.49337382204,0.0
89.37,2042.061988,2048.439709,1443,0.0,0.0,152645.62478365932,0.0
89.38,2100.556915,2056.25729,1443,0.0,0.0,153228.17526381207,0.0
89.39,2100.556915,2062.902234,1443,0.0,0.0,153723.34318311958,0.0
89.4,2040.165532,2059.491729,1445,0.0,0.0,153469.19918060608,0.0
89.41,2040.165532,2056.592799,1445,0.0,0.0,153253.17672258115,0.0
89.42,2040.165532,2054.128709,1445,0.0,0.0,153069.55767051893,0.0
89.43,2040.165532,2052.034233,1445,0.0,0.0,152913.48151352504,0.0
89.44,2040.165532,2050.253928,1445,0.0,0.0,152780.81675027308,0.0
89.45,2040.165532,2048.740668,1445,0.0,0.0,152668.05164562038,0.0
89.46000000000001,2040.165532,2047.454398,1446,0.0,0.0,152572.20138118358,0.0
89.47,2077.184765,2051.913953,1446,0.0,0.0,152904.5184888052,0.0
89.48,2077.184765,2055.704575,1446,0.0,0.0,153186.98804891304,0.0
89.49,2077.184765,2058.926603,1447,0.0,0.0,153427.0871228421,0.0
89.5,2073.155543,2061.060944,1449,0.0,0.0,153586.13393979988,0.0
89.51,2073.155543,2062.875134,1449,0.0,0.0,153721.3237453917,0.0
89.52,2073.155543,2064.417195,1449,0.0,0.0,153836.23504288573,0.0
89.53,2073.155543,2065.727947,1449,0.0,0.0,153933.90965693336,0.0
89.54,2073.155543,2066.842087,1449,0.0,0.0,154016.93313848827,0.0
89.55,2073.155543,2067.789105,1449,0.0,0.0,154087.50302329188,0.0
89.56,2073.155543,2068.594071,1449,0.0,0.0,154147.48747753765,0.0
89.57000000000001,2081.989007,2070.603311,1450,0.0,0.0,154297.21201851033,0.0
89.58,2081.989007,2072.311166,1450,0.0,0.0,154424.4779528552,0.0
89.59,2081.989007,2073.762842,1450,0.0,0.0,154532.65394115978,0.0
89.60000000000001,2044.474836,2069.369641,1452,0.0,0.0,154205.28140073357,0.0
89.61,2044.474836,2065.63542,1452,0.0,0.0,153927.01473019365,0.0
89.62,2044.474836,2062.461333,1452,0.0,0.0,153690.48812357502,0.0
89.63,2044.474836,2059.763358,1452,0.0,0.0,153489.4404297052,0.0
89.64,2044.474836,2057.47008,1452,0.0,0.0,153318.54994580438,0.0
89.65,2044.474836,2055.520793,1452,0.0,0.0,153173.29298232615,0.0
89.66,2044.474836,2053.8639,1453,0.0,0.0,153049.82463416166,0.0
89.67,2044.474836,2052.45554,1453,0.0,0.0,152944.8764674298,0.0
89.68,2058.924356,2053.425863,1453,0.0,0.0,153017.18299416144,0.0
89.69,2058.924356,2054.250637,1454,0.0,0.0,153078.64350089847,0.0
89.7,2066.417703,2056.075697,1456,0.0,0.0,153214.64331712137,0.0
89.71000000000001,2066.417703,2057.626997,1456,0.0,0.0,153330.24308639282,0.0
89.72,2066.417703,2058.945603,1456,0.0,0.0,153428.50296479155,0.0
89.73,2066.417703,2060.066418,1456,0.0,0.0,153512.02385397864,0.0
89.74,2066.417703,2061.019111,1456,0.0,0.0,153583.01662841722,0.0
89.75,2066.417703,2061.8289,1456,0.0,0.0,153643.36048296408,0.0
89.76,2066.417703,2062.51722,1456,0.0,0.0,153694.65271089223,0.0
89.77,2066.417703,2063.102293,1456,0.0,0.0,153738.25117914914,0.0
89.78,2052.968363,2061.582203,1457,0.0,0.0,153624.97711657465,0.0
89.79,2052.968363,2060.290127,1457,0.0,0.0,153528.69420064532,0.0
89.8,2082.487757,2063.619772,1459,0.0,0.0,153776.81267789396,0.0
89.81,2082.487757,2066.44997,1459,0.0,0.0,153987.71336492585,0.0
89.82000000000001,2082.487757,2068.855638,1459,0.0,0.0,154166.9789265475,0.0
89.83,2082.487757,2070.900456,1459,0.0,0.0,154319.35466882956,0.0
89.84,2082.487757,2072.638551,1459,0.0,0.0,154448.8740274139,0.0
89.85000000000001,2082.487757,2074.115932,1459,0.0,0.0,154558.96550084007,0.0
89.86,2082.487757,2075.371706,1460,0.0,0.0,154652.54326443005,0.0
89.87,2082.487757,2076.439114,1460,0.0,0.0,154732.08437093327,0.0
89.88,2015.016264,2067.225686,1460,0.0,0.0,154045.5181677494,0.0
89.89,2015.016264,2059.394273,1461,0.0,0.0,153461.9369546575,0.0
89.9,2082.497075,2062.859693,1463,0.0,0.0,153720.17311299476,0.0
89.91,2082.497075,2065.8053,1463,0.0,0.0,153939.6738475815,0.0
89.92,2082.497075,2068.309067,1463,0.0,0.0,154126.24955022414,0.0
89.93,2082.497075,2070.437268,1463,0.0,0.0,154284.83882667826,0.0
89.94,2082.497075,2072.246239,1463,0.0,0.0,154419.639722842,0.0
89.95,2082.497075,2073.783864,1463,0.0,0.0,154534.2204584998,0.0
89.96000000000001,2082.497075,2075.090846,1463,0.0,0.0,154631.6141396975,0.0
89.97,2026.685294,2067.830013,1463,0.0,0.0,154090.55140552708,0.0
89.98,2026.685294,2061.658305,1464,0.0,0.0,153630.6480852081,0.0
89.99,2026.685294,2056.412353,1464,0.0,0.0,153239.7302480334,0.0
90.0,2052.260681,2055.789603,1468,0.0,0.0,153193.32416519072,0.0
90.01,2052.260681,2055.260264,1468,0.0,0.0,153153.8788829975,0.0
90.02,2052.260681,2054.810327,1468,0.0,0.0,153120.35047882894,0.0
90.03,2052.260681,2054.42788,1468,0.0,0.0,153091.85129430078,0.0
90.04,2052.260681,2054.1028,1468,0.0,0.0,153067.62698372593,0.0
90.05,2052.260681,2053.826482,1468,0.0,0.0,153047.0363197373,0.0
90.06,2052.260681,2053.591612,1468,0.0,0.0,153029.53427770233,0.0
90.07000000000001,2052.260681,2053.391972,1468,0.0,0.0,153014.65750471363,0.0
90.08,2052.260681,2053.222279,1468,0.0,0.0,153002.01232219124,0.0
90.09,2052.260681,2053.078039,1468,0.0,0.0,152991.2638462551,0.0
90.10000000000001,2081.233716,2057.30139,1470,0.0,0.0,153305.97950483335,0.0
90.11,2081.233716,2060.891239,1470,0.0,0.0,153573.48786306154,0.0
90.12,2081.233716,2063.942611,1470,0.0,0.0,153800.86999363676,0.0
90.13,2081.233716,2066.536277,1470,0.0,0.0,153994.14478972214,0.0
90.14,2081.233716,2068.740893,1470,0.0,0.0,154158.4283589429,0.0
90.15,2081.233716,2070.614816,1470,0.0,0.0,154298.06934806972,0.0
90.16,2081.233716,2072.207651,1470,0.0,0.0,154416.76422236068,0.0
90.17,2081.233716,2073.561561,1470,0.0,0.0,154517.65488413745,0.0
90.18,2039.90804,2068.513533,1471,0.0,0.0,154141.48594706797,0.0
90.19,2039.90804,2064.222709,1471,0.0,0.0,153821.74233565535,0.0
90.2,2065.655406,2064.437613,1472,0.0,0.0,153837.75655135541,0.0
90.21000000000001,2065.655406,2064.620282,1472,0.0,0.0,153851.36867941127,0.0
90.22,2065.655406,2064.775551,1472,0.0,0.0,153862.93901434005,0.0
90.23,2065.655406,2064.907529,1472,0.0,0.0,153872.7737505928,0.0
90.24,2065.655406,2065.019711,1473,0.0,0.0,153881.13332857023,0.0
90.25,2065.655406,2065.115065,1473,0.0,0.0,153888.2389176885,0.0
90.26,2068.215204,2065.580086,1473,0.0,0.0,153922.8913513289,0.0
90.27,2068.215204,2065.975354,1474,0.0,0.0,153952.34593110098,0.0
90.28,2062.496391,2065.453509,1474,0.0,0.0,153913.45908677977,0.0
90.29,2062.496391,2065.009941,1474,0.0,0.0,153880.40528773627,0.0
90.3,2054.84164,2063.484696,1476,0.0,0.0,153766.74708488543,0.0
90.31,2054.84164,2062.188238,1476,0.0,0.0,153670.13763109178,0.0
90.32000000000001,2054.84164,2061.086248,1476,0.0,0.0,153588.01954320454,0.0
90.33,2054.84164,2060.149557,1476,0.0,0.0,153518.2192057594,0.0
90.34,2054.84164,2059.353369,1476,0.0,0.0,153458.8888704943,0.0
90.35000000000001,2054.84164,2058.67661,1476,0.0,0.0,153408.4581451334,0.0
90.36,2080.638774,2061.970934,1477,0.0,0.0,153653.9445721981,0.0
90.37,2080.638774,2064.77111,1477,0.0,0.0,153862.60807991386,0.0
90.38,2080.638774,2067.15126,1477,0.0,0.0,154039.9720912795,0.0
90.39,2062.48295,2066.451014,1478,0.0,0.0,153987.79116171505,0.0
90.4,2055.952894,2064.876296,1479,0.0,0.0,153870.44632998193,0.0
90.41,2055.952894,2063.537785,1479,0.0,0.0,153770.70317084616,0.0
90.42,2055.952894,2062.400052,1479,0.0,0.0,153685.92158618008,0.0
90.43,2055.952894,2061.432978,1479,0.0,0.0,153613.85716842176,0.0
90.44,2055.952894,2060.610966,1479,0.0,0.0,153552.60248039343,0.0
90.45,2055.952894,2059.912255,1480,0.0,0.0,153500.53593595492,0.0
90.46000000000001,2088.567,2064.210467,1480,0.0,0.0,153820.8300863319,0.0
90.47,2088.567,2067.863947,1481,0.0,0.0,154093.0800992487,0.0
90.48,2088.567,2070.969405,1481,0.0,0.0,154324.49261022807,0.0
90.49,2072.935323,2071.264292,1481,0.0,0.0,154346.46699890925,0.0
90.5,2046.107636,2067.490794,1483,0.0,0.0,154065.27348498782,0.0
90.51,2046.107636,2064.28332,1483,0.0,0.0,153826.25894599204,0.0
90.52,2046.107636,2061.556967,1483,0.0,0.0,153623.0965803938,0.0
90.53,2046.107636,2059.239568,1483,0.0,0.0,153450.4086478792,0.0
90.54,2046.107636,2057.269778,1483,0.0,0.0,153303.62384190148,0.0
90.55,2046.107636,2055.595457,1483,0.0,0.0,153178.85679407942,0.0
90.56,2094.536363,2061.436593,1484,0.0,0.0,153614.12655098215,0.0
90.57000000000001,2094.536363,2066.401558,1484,0.0,0.0,153984.1057996387,0.0
90.58,2094.536363,2070.621779,1484,0.0,0.0,154298.58821688523,0.0
90.59,2062.692999,2069.432462,1485,0.0,0.0,154209.9626958444,0.0
90.60000000000001,2064.188359,2068.645846,1486,0.0,0.0,154151.34564684983,0.0
90.61,2064.188359,2067.977223,1486,0.0,0.0,154101.52119991527,0.0
90.62,2064.188359,2067.408894,1486,0.0,0.0,154059.17046100582,0.0
90.63,2064.188359,2066.925813,1486,0.0,0.0,154023.17223233343,0.0
90.64,2064.188359,2066.515195,1486,0.0,0.0,153992.57380130223,0.0
90.65,2064.188359,2066.16617,1487,0.0,0.0,153966.56515728112,0.0
90.66,2071.738156,2067.001968,1487,0.0,0.0,154028.84715042077,0.0
90.67,2071.738156,2067.712396,1487,0.0,0.0,154081.7868222341,0.0
90.68,2071.738156,2068.31626,1488,0.0,0.0,154126.78555817902,0.0
90.69,1990.042303,2056.575166,1488,0.0,0.0,153251.86274673406,0.0
90.7,2068.128498,2058.308166,1490,0.0,0.0,153381.00243612195,0.0
90.71000000000001,2068.128498,2059.781216,1490,0.0,0.0,153490.77117210164,0.0
90.72,2068.128498,2061.033308,1490,0.0,0.0,153584.07456042545,0.0
90.73,2068.128498,2062.097587,1490,0.0,0.0,153663.38250011503,0.0
90.74,2068.128498,2063.002223,1490,0.0,0.0,153730.7941631555,0.0
90.75,2068.128498,2063.771164,1490,0.0,0.0,153788.0941065471,0.0
90.76,2064.715437,2063.912805,1490,0.0,0.0,153798.6489102081,0.0
90.77,2064.715437,2064.0332,1491,0.0,0.0,153807.62050449767,0.0
90.78,2064.715437,2064.135536,1491,0.0,0.0,153815.24637827332,0.0
90.79,2062.48295,2063.887648,1491,0.0,0.0,153796.77426094905,0.0
90.8,2057.791136,2062.973171,1493,0.0,0.0,153728.62926629678,0.0
90.81,2057.791136,2062.195866,1493,0.0,0.0,153670.70605437548,0.0
90.82000000000001,2057.791136,2061.535156,1493,0.0,0.0,153621.47126835384,0.0
90.83,2057.791136,2060.973553,1493,0.0,0.0,153579.62173749442,0.0
90.84,2057.791136,2060.496191,1493,0.0,0.0,153544.0496772489,0.0
90.85000000000001,2057.791136,2060.090433,1494,0.0,0.0,153513.8134036847,0.0
90.86,2084.776418,2063.79333,1494,0.0,0.0,153789.74587247605,0.0
90.87,2084.776418,2066.940794,1494,0.0,0.0,154024.28858645158,0.0
90.88,2084.776418,2069.616137,1495,0.0,0.0,154223.64978900555,0.0
90.89,2062.506325,2068.549665,1495,0.0,0.0,154144.17843134783,0.0
90.9,2050.826563,2065.8912,1497,0.0,0.0,153946.0749435529,0.0
90.91,2050.826563,2063.631505,1497,0.0,0.0,153777.68699755674,0.0
90.92,2050.826563,2061.710763,1497,0.0,0.0,153634.55715031252,0.0
90.93,2050.826563,2060.078133,1497,0.0,0.0,153512.89683231746,0.0
90.94,2050.826563,2058.690398,1497,0.0,0.0,153409.48559928074,0.0
90.95,2050.826563,2057.510822,1497,0.0,0.0,153321.585958052,0.0
90.96000000000001,2085.300203,2061.67923,1497,0.0,0.0,153632.20737430244,0.0
90.97,2085.300203,2065.222375,1498,0.0,0.0,153896.23544398285,0.0
90.98,2085.300203,2068.23405,1498,0.0,0.0,154120.6594336178,0.0
90.99,2062.475869,2067.370322,1498,0.0,0.0,154056.2961528125,0.0
91.0,2065.236456,2067.050242,1501,0.0,0.0,154032.4444322243,0.0
91.01,2065.236456,2066.778175,1501,0.0,0.0,154012.17054424237,0.0
91.02,2065.236456,2066.546917,1501,0.0,0.0,153994.93766121383,0.0
91.03,2065.236456,2066.350348,1501,0.0,0.0,153980.28973299498,0.0
91.04,2065.236456,2066.183264,1501,0.0,0.0,153967.8389679276,0.0
91.05,2065.236456,2066.041243,1501,0.0,0.0,153957.25584742756,0.0
91.06,2065.236456,2065.920525,1501,0.0,0.0,153948.26018382487,0.0
91.07000000000001,2065.236456,2065.817914,1501,0.0,0.0,153940.61381759998,0.0
91.08,2065.236456,2065.730696,1501,0.0,0.0,153934.11450690808,0.0
91.09,2066.751974,2065.883887,1502,0.0,0.0,153945.52999343837,0.0
91.10000000000001,2057.148762,2064.573619,1503,0.0,0.0,153847.89144610142,0.0
91.11,2057.148762,2063.45989,1503,0.0,0.0,153764.89859144346,0.0
91.12,2057.148762,2062.513221,1503,0.0,0.0,153694.35471342088,0.0
91.13,2057.148762,2061.708552,1503,0.0,0.0,153634.39239102037,0.0
91.14,2057.148762,2061.024584,1504,0.0,0.0,153583.42446541664,0.0
91.15,2057.148762,2060.44321,1504,0.0,0.0,153540.1016392319,0.0
91.16,2086.026188,2064.280657,1504,0.0,0.0,153826.0605045651,0.0
91.17,2086.026188,2067.542487,1505,0.0,0.0,154069.12554382428,0.0
91.18,2062.475766,2066.782478,1505,0.0,0.0,154012.49119518494,0.0
91.19,2062.475766,2066.136472,1505,0.0,0.0,153964.35212179617,0.0
91.2,2052.991345,2064.164703,1507,0.0,0.0,153817.4198447017,0.0
91.21000000000001,2052.991345,2062.488699,1507,0.0,0.0,153692.52738309014,0.0
91.22,2052.991345,2061.064096,1507,0.0,0.0,153586.36882052748,0.0
91.23,2052.991345,2059.853183,1507,0.0,0.0,153496.13400881615,0.0
91.24,2052.991345,2058.823908,1507,0.0,0.0,153419.43449710542,0.0
91.25,2052.991345,2057.949023,1507,0.0,0.0,153354.2398190038,0.0
91.26,2071.820828,2060.029794,1508,0.0,0.0,153509.2947068441,0.0
91.27,2071.820828,2061.798449,1508,0.0,0.0,153641.0913354271,0.0
91.28,2071.820828,2063.301806,1508,0.0,0.0,153753.11848835216,0.0
91.29,2062.502544,2063.181917,1509,0.0,0.0,153744.18460016925,0.0
91.3,2060.051811,2062.712401,1510,0.0,0.0,153709.19720813082,0.0
91.31,2060.051811,2062.313312,1510,0.0,0.0,153679.45789509092,0.0
91.32000000000001,2060.051811,2061.974087,1510,0.0,0.0,153654.1795274437,0.0
91.33,2060.051811,2061.685746,1510,0.0,0.0,153632.69293357307,0.0
91.34,2060.051811,2061.440656,1510,0.0,0.0,153614.42931760536,0.0
91.35000000000001,2060.051811,2061.232329,1511,0.0,0.0,153598.90520677375,0.0
91.36,2067.154232,2062.120614,1511,0.0,0.0,153665.0984260397,0.0
91.37,2067.154232,2062.875657,1511,0.0,0.0,153721.36271830433,0.0
91.38,2067.154232,2063.517443,1512,0.0,0.0,153769.1873257443,0.0
91.39,2062.55342,2063.37284,1512,0.0,0.0,153758.41179977512,0.0
91.4,2050.091371,2061.38062,1514,0.0,0.0,153609.95555511714,0.0
91.41,2050.091371,2059.687232,1514,0.0,0.0,153483.76767263983,0.0
91.42,2050.091371,2058.247853,1514,0.0,0.0,153376.50803214847,0.0
91.43,2050.091371,2057.024381,1514,0.0,0.0,153285.3373489086,0.0
91.44,2050.091371,2055.98443,1514,0.0,0.0,153207.84228305824,0.0
91.45,2050.091371,2055.100471,1514,0.0,0.0,153141.97142864874,0.0
91.46000000000001,2099.988132,2061.83362,1515,0.0,0.0,153643.71220791148,0.0
91.47,2099.988132,2067.556797,1515,0.0,0.0,154070.19189636622,0.0
91.48,2077.513795,2069.050347,1515,0.0,0.0,154181.4882512913,0.0
91.49,2077.513795,2070.319864,1516,0.0,0.0,154276.09011571875,0.0
91.5,2041.631299,2066.016579,1517,0.0,0.0,153955.41793554125,0.0
91.51,2041.631299,2062.358787,1517,0.0,0.0,153682.84660101993,0.0
91.52,2041.631299,2059.249664,1517,0.0,0.0,153451.16098158032,0.0
91.53,2041.631299,2056.606909,1517,0.0,0.0,153254.22817152363,0.0
91.54,2041.631299,2054.360568,1517,0.0,0.0,153086.8353388639,0.0
91.55,2041.631299,2052.451177,1518,0.0,0.0,152944.55134540744,0.0
91.56,2033.307856,2049.579679,1518,0.0,0.0,152730.57306508548,0.0
91.57000000000001,2033.307856,2047.138906,1518,0.0,0.0,152548.69154916718,0.0
91.58,2062.489172,2049.441446,1519,0.0,0.0,152720.27221875935,0.0
91.59,2062.489172,2051.398604,1519,0.0,0.0,152866.1157133947,0.0
91.60000000000001,2061.239177,2052.87469,1521,0.0,0.0,152976.11068601435,0.0
91.61,2061.239177,2054.129363,1521,0.0,0.0,153069.60640528917,0.0
91.62,2061.239177,2055.195835,1521,0.0,0.0,153149.07776294695,0.0
91.63,2061.239177,2056.102336,1521,0.0,0.0,153216.62840205245,0.0
91.64,2061.239177,2056.872862,1521,0.0,0.0,153274.0464564698,0.0
91.65,2061.239177,2057.52781,1521,0.0,0.0,153322.85186979076,0.0
91.66,2105.252945,2064.68658,1521,0.0,0.0,153856.30907359882,0.0
91.67,2105.252945,2070.771535,1522,0.0,0.0,154309.74773409465,0.0
91.68,2062.420494,2069.518878,1522,0.0,0.0,154216.4022431024,0.0
91.69,2062.420494,2068.454121,1522,0.0,0.0,154137.0586838101,0.0
91.7,2052.977235,2066.132588,1524,0.0,0.0,153964.06269389452,0.0
91.71000000000001,2052.977235,2064.159285,1524,0.0,0.0,153817.01610619214,0.0
91.72,2052.977235,2062.481977,1524,0.0,0.0,153692.02647311203,0.0
91.73,2052.977235,2061.056266,1524,0.0,0.0,153585.78534460833,0.0
91.74,2052.977235,2059.844411,1524,0.0,0.0,153495.4803369435,0.0
91.75,2052.977235,2058.814335,1524,0.0,0.0,153418.7211363169,0.0
91.76,2098.419518,2064.755112,1525,0.0,0.0,153861.4159409924,0.0
91.77,2098.419518,2069.804773,1525,0.0,0.0,154237.70656595155,0.0
91.78,2046.860467,2066.363127,1526,0.0,0.0,153981.241998483,0.0
91.79,2046.860467,2063.437728,1526,0.0,0.0,153763.24712358642,0.0
91.8,2054.559505,2062.105995,1527,0.0,0.0,153664.00904743664,0.0
91.81,2054.559505,2060.974021,1527,0.0,0.0,153579.65661191722,0.0
91.82000000000001,2054.559505,2060.011844,1527,0.0,0.0,153507.9571087919,0.0
91.83,2054.559505,2059.193993,1527,0.0,0.0,153447.01249015043,0.0
91.84,2054.559505,2058.49882,1528,0.0,0.0,153395.20959038657,0.0
91.85000000000001,2054.559505,2057.907923,1528,0.0,0.0,153351.17712931318,0.0
91.86,2081.352887,2061.424667,1528,0.0,0.0,153613.23784934593,0.0
91.87,2081.352887,2064.4139,1529,0.0,0.0,153835.9895060845,0.0
91.88,2062.482056,2064.124124,1529,0.0,0.0,153814.3959788877,0.0
91.89,2062.482056,2063.877814,1529,0.0,0.0,153796.04145096324,0.0
91.9,2055.327003,2062.595192,1531,0.0,0.0,153700.46302818073,0.0
91.91,2055.327003,2061.504964,1531,0.0,0.0,153619.2214209782,0.0
91.92,2055.327003,2060.57827,1531,0.0,0.0,153550.16603995246,0.0
91.93,2055.327003,2059.79058,1531,0.0,0.0,153491.46895862874,0.0
91.94,2055.327003,2059.121043,1531,0.0,0.0,153441.57640224462,0.0
91.95,2055.327003,2058.551937,1531,0.0,0.0,153399.16776285123,0.0
91.96000000000001,2079.476212,2061.690578,1532,0.0,0.0,153633.0530045362,0.0
91.97,2079.476212,2064.358423,1532,0.0,0.0,153831.85547114618,0.0
91.98,2079.476212,2066.626092,1532,0.0,0.0,154000.83762365312,0.0
91.99,2060.08167,2065.644428,1533,0.0,0.0,153927.68598831363,0.0
92.0,2219.64283,2088.744189,1536,0.0,0.0,155649.03391703527,0.0
92.01,2219.64283,2108.378985,1536,0.0,0.0,157112.1795931083,0.0
92.02,2219.64283,2125.068562,1536,0.0,0.0,158355.85344757763,0.0
92.03,2219.64283,2139.254702,1536,0.0,0.0,159412.9761903434,0.0
92.04,2219.64283,2151.312921,1536,0.0,0.0,160311.53052169434,0.0
92.05,2219.64283,2161.562408,1536,0.0,0.0,161075.3017666829,0.0
92.06,2219.64283,2170.274471,1536,0.0,0.0,161724.50725413114,0.0
92.07000000000001,2219.64283,2177.679725,1536,0.0,0.0,162276.33195199518,0.0
92.08,2219.64283,2183.974191,1536,0.0,0.0,162745.38295263145,0.0
92.09,2244.517595,2193.055701,1536,0.0,0.0,163422.11889064248,0.0
92.10000000000001,2314.656744,2211.295858,1538,0.0,0.0,164781.3388614251,0.0
92.11,2314.656744,2226.799991,1538,0.0,0.0,165936.67580305724,0.0
92.12,2314.656744,2239.978504,1538,0.0,0.0,166918.71219971875,0.0
92.13,2314.656744,2251.18024,1538,0.0,0.0,167753.44313315503,0.0
92.14,2314.656744,2260.701716,1538,0.0,0.0,168462.9644563831,0.0
92.15,2314.656744,2268.79497,1539,0.0,0.0,169066.05753641616,0.0
92.16,2334.606899,2278.666759,1539,0.0,0.0,169801.68348284598,0.0
92.17,2334.606899,2287.05778,1540,0.0,0.0,170426.96556339256,0.0
92.18,2312.496994,2290.873662,1540,0.0,0.0,170711.31744811317,0.0
92.19,2312.496994,2294.117162,1540,0.0,0.0,170953.0165724811,0.0
92.2,2314.560561,2297.183672,1542,0.0,0.0,171181.5267565001,0.0
92.21000000000001,2314.560561,2299.790205,1542,0.0,0.0,171375.76037565718,0.0
92.22,2314.560561,2302.005758,1542,0.0,0.0,171540.85894821485,0.0
92.23,2314.560561,2303.888979,1542,0.0,0.0,171681.19280568097,0.0
92.24,2314.560561,2305.489716,1542,0.0,0.0,171800.47652118682,0.0
92.25,2314.560561,2306.850343,1543,0.0,0.0,171901.86772035176,0.0
92.26,2347.166248,2312.897728,1543,0.0,0.0,172352.50673968755,0.0
92.27,2347.166248,2318.038006,1543,0.0,0.0,172735.54996201152,0.0
92.28,2328.106957,2319.548349,1544,0.0,0.0,172848.09769766597,0.0
92.29,2328.106957,2320.83214,1544,0.0,0.0,172943.76323198737,0.0
92.3,2317.747719,2320.369477,1546,0.0,0.0,172909.28651178465,0.0
92.31,2317.747719,2319.976213,1546,0.0,0.0,172879.9812660793,0.0
92.32000000000001,2317.747719,2319.641939,1546,0.0,0.0,172855.0718370369,0.0
92.33,2317.747719,2319.357806,1546,0.0,0.0,172833.8988148991,0.0
92.34,2317.747719,2319.116293,1546,0.0,0.0,172815.90174980782,0.0
92.35000000000001,2317.747719,2318.911007,1547,0.0,0.0,172800.60424820622,0.0
92.36,2285.548475,2313.906627,1547,0.0,0.0,172427.68787268456,0.0
92.37,2285.548475,2309.652904,1547,0.0,0.0,172110.70895349118,0.0
92.38,2285.548475,2306.03724,1548,0.0,0.0,171841.2769131617,0.0
92.39,2344.051523,2311.739383,1548,0.0,0.0,172266.1891900603,0.0
92.4,2351.59182,2317.717248,1550,0.0,0.0,172711.64771822118,0.0
92.41,2351.59182,2322.798434,1550,0.0,0.0,173090.2875230464,0.0
92.42,2351.59182,2327.117442,1550,0.0,0.0,173412.13134969605,0.0
92.43,2351.59182,2330.788598,1550,0.0,0.0,173685.6985427338,0.0
92.44,2351.59182,2333.909082,1550,0.0,0.0,173918.23076114117,0.0
92.45,2351.59182,2336.561492,1550,0.0,0.0,174115.88304246217,0.0
92.46000000000001,2275.679631,2327.429213,1551,0.0,0.0,173435.36390024427,0.0
92.47,2275.679631,2319.666776,1551,0.0,0.0,172856.9226405368,0.0
92.48,2312.383571,2318.574295,1552,0.0,0.0,172775.5131442863,0.0
92.49,2312.383571,2317.645687,1552,0.0,0.0,172706.31513581367,0.0
92.5,2318.069624,2317.709277,1554,0.0,0.0,172711.05373526437,0.0
92.51,2318.069624,2317.763329,1554,0.0,0.0,172715.0815820565,0.0
92.52,2318.069624,2317.809274,1554,0.0,0.0,172718.50531144426,0.0
92.53,2318.069624,2317.848326,1554,0.0,0.0,172721.41538827633,0.0
92.54,2318.069624,2317.881521,1554,0.0,0.0,172723.88901319797,0.0
92.55,2318.069624,2317.909736,1554,0.0,0.0,172725.9915384929,0.0
92.56,2364.600754,2324.913389,1555,0.0,0.0,173247.8897341078,0.0
92.57000000000001,2364.600754,2330.866494,1555,0.0,0.0,173691.5031966545,0.0
92.58,2364.600754,2335.926633,1555,0.0,0.0,174068.57462118973,0.0
92.59,2312.916094,2332.475052,1556,0.0,0.0,173811.36971741755,0.0
92.60000000000001,2304.689401,2328.307204,1558,0.0,0.0,173500.79003124568,0.0
92.61,2304.689401,2324.764534,1558,0.0,0.0,173236.79735761392,0.0
92.62,2304.689401,2321.753264,1558,0.0,0.0,173012.40354776793,0.0
92.63,2304.689401,2319.193684,1558,0.0,0.0,172821.66877213988,0.0
92.64,2304.689401,2317.018042,1558,0.0,0.0,172659.54428737404,0.0
92.65,2304.689401,2315.168746,1558,0.0,0.0,172521.7384529676,0.0
92.66,2340.860615,2319.022526,1559,0.0,0.0,172808.9144207514,0.0
92.67,2340.860615,2322.298239,1559,0.0,0.0,173053.0139933676,0.0
92.68,2327.953779,2323.14657,1559,0.0,0.0,173116.2299205679,0.0
92.69,2327.953779,2323.867652,1560,0.0,0.0,173169.9635071248,0.0
92.7,2322.563376,2323.67201,1561,0.0,0.0,173155.3846570895,0.0
92.71000000000001,2322.563376,2323.505715,1561,0.0,0.0,173142.99268672208,0.0
92.72,2322.563376,2323.364364,1561,0.0,0.0,173132.45949328024,0.0
92.73,2322.563376,2323.244216,1561,0.0,0.0,173123.50630493602,0.0
92.74,2322.563376,2323.14209,1562,0.0,0.0,173115.89607993982,0.0
92.75,2322.563376,2323.055283,1562,0.0,0.0,173109.42739614483,0.0
92.76,2315.162162,2321.871315,1562,0.0,0.0,173021.20047187177,0.0
92.77,2315.162162,2320.864942,1563,0.0,0.0,172946.20757133613,0.0
92.78,2328.124069,2321.953811,1563,0.0,0.0,173027.34790858024,0.0
92.79,2328.124069,2322.87935,1564,0.0,0.0,173096.31722131907,0.0
92.8,2306.015857,2320.349826,1565,0.0,0.0,172907.82215861898,0.0
92.81,2306.015857,2318.19973,1565,0.0,0.0,172747.6013106131,0.0
92.82000000000001,2306.015857,2316.372149,1565,0.0,0.0,172611.41363451892,0.0
92.83,2306.015857,2314.818705,1565,0.0,0.0,172495.65409866118,0.0
92.84,2306.015857,2313.498278,1565,0.0,0.0,172397.25852298934,0.0
92.85000000000001,2306.015857,2312.375915,1566,0.0,0.0,172313.62227994233,0.0
92.86,2354.164383,2318.644185,1566,0.0,0.0,172780.72120712028,0.0
92.87,2354.164383,2323.972215,1567,0.0,0.0,173177.75533248053,0.0
92.88,2312.499769,2322.251348,1567,0.0,0.0,173049.51976995435,0.0
92.89,2312.499769,2320.788611,1567,0.0,0.0,172940.51953808122,0.0
92.9,2313.546649,2319.702317,1569,0.0,0.0,172859.57108468027,0.0
92.91,2313.546649,2318.778966,1569,0.0,0.0,172790.76481731955,0.0
92.92,2313.546649,2317.994119,1569,0.0,0.0,172732.27959066228,0.0
92.93,2313.546649,2317.326998,1569,0.0,0.0,172682.5670697598,0.0
92.94,2313.546649,2316.759946,1569,0.0,0.0,172640.31149033288,0.0
92.95,2313.546649,2316.277951,1570,0.0,0.0,172604.39418820565,0.0
92.96000000000001,2349.561138,2321.270429,1570,0.0,0.0,172976.42365052298,0.0
92.97,2349.561138,2325.514035,1571,0.0,0.0,173292.64867113729,0.0
92.98,2349.561138,2329.121101,1571,0.0,0.0,173561.4400057256,0.0
92.99,2322.926346,2328.191888,1571,0.0,0.0,173492.19691386455,0.0
93.0,1490.507631,2202.539249,1573,0.0,0.0,164128.81389526743,0.0
93.01,1490.507631,2095.734506,1573,0.0,0.0,156169.93834063757,0.0
93.02,1490.507631,2004.950475,1573,0.0,0.0,149404.89416018713,0.0
93.03,1490.507631,1927.784049,1573,0.0,0.0,143654.60663288555,0.0
93.04,1490.507631,1862.192586,1573,0.0,0.0,138766.862167613,0.0
93.05,1490.507631,1806.439843,1573,0.0,0.0,134612.27941311625,0.0
93.06,1490.507631,1759.050011,1573,0.0,0.0,131080.88403826085,0.0
93.07000000000001,1490.507631,1718.768654,1573,0.0,0.0,128079.1979845374,0.0
93.08,1490.507631,1684.529501,1575,0.0,0.0,125527.76487240556,0.0
93.09,5426.500001,2245.825076,1575,0.0,0.0,167354.38703645498,0.0
93.10000000000001,2314.210549,2256.082897,1577,0.0,0.0,168118.77931443337,0.0
93.11,2314.210549,2264.802045,1577,0.0,0.0,168768.51276189272,0.0
93.12,2314.210549,2272.21332,1577,0.0,0.0,169320.78613261878,0.0
93.13,2314.210549,2278.512904,1577,0.0,0.0,169790.21851636542,0.0
93.14,2314.210549,2283.867551,1577,0.0,0.0,170189.23608726086,0.0
93.15,2314.210549,2288.419001,1577,0.0,0.0,170528.4010262479,0.0
93.16,2362.626189,2299.550079,1578,0.0,0.0,171357.86666702828,0.0
93.17,2362.626189,2309.011495,1578,0.0,0.0,172062.91243933619,0.0
93.18,2362.626189,2317.053699,1579,0.0,0.0,172662.20137560513,0.0
93.19,2322.881901,2317.92793,1579,0.0,0.0,172727.34731893646,0.0
93.2,2304.666495,2315.938714,1581,0.0,0.0,172579.11492634247,0.0
93.21000000000001,2304.666495,2314.247882,1581,0.0,0.0,172453.11751186635,0.0
93.22,2304.666495,2312.810674,1581,0.0,0.0,172346.01964994727,0.0
93.23,2304.666495,2311.589047,1581,0.0,0.0,172254.9864524124,0.0
93.24,2304.666495,2310.550664,1581,0.0,0.0,172177.60823078192,0.0
93.25,2304.666495,2309.668039,1581,0.0,0.0,172111.83678338092,0.0
93.26,2261.75752,2302.481461,1582,0.0,0.0,171576.30738310283,0.0
93.27,2261.75752,2296.37287,1582,0.0,0.0,171121.10741522192,0.0
93.28,2261.75752,2291.180567,1583,0.0,0.0,170734.1873940864,0.0
93.29,2322.922087,2295.941795,1583,0.0,0.0,171088.98456951918,0.0
93.3,2353.977679,2304.647178,1585,0.0,0.0,171737.69227674516,0.0
93.31,2353.977679,2312.046753,1585,0.0,0.0,172289.09378690232,0.0
93.32000000000001,2353.977679,2318.336392,1585,0.0,0.0,172757.78508916544,0.0
93.33,2353.977679,2323.682585,1585,0.0,0.0,173156.17268491138,0.0
93.34,2353.977679,2328.226849,1585,0.0,0.0,173494.80213756952,0.0
93.35000000000001,2353.977679,2332.089474,1585,0.0,0.0,173782.63721703974,0.0
93.36,2257.678388,2320.927811,1586,0.0,0.0,172950.89244331076,0.0
93.37,2257.678388,2311.440397,1586,0.0,0.0,172243.90935210802,0.0
93.38,2257.678388,2303.376096,1586,0.0,0.0,171642.97379165192,0.0
93.39,2322.955073,2306.312942,1587,0.0,0.0,171861.82167406395,0.0
93.4,2307.890543,2306.549583,1589,0.0,0.0,171879.45568747222,0.0
93.41,2307.890543,2306.750727,1589,0.0,0.0,171894.44453552883,0.0
93.42,2307.890543,2306.921699,1589,0.0,0.0,171907.18502656984,0.0
93.43,2307.890543,2307.067026,1589,0.0,0.0,171918.0145035691,0.0
93.44,2307.890543,2307.190553,1589,0.0,0.0,171927.2194882263,0.0
93.45,2307.890543,2307.295552,1589,0.0,0.0,171935.0438034289,0.0
93.46000000000001,2347.869555,2313.381652,1589,0.0,0.0,172388.5677870317,0.0
93.47,2347.869555,2318.554838,1590,0.0,0.0,172774.06324761207,0.0
93.48,2328.116037,2319.989018,1590,0.0,0.0,172880.93546903523,0.0
93.49,2328.116037,2321.20807,1591,0.0,0.0,172971.77678272693,0.0
93.5,2306.960372,2319.070916,1592,0.0,0.0,172812.52034664262,0.0
93.51,2306.960372,2317.254334,1592,0.0,0.0,172677.15229400116,0.0
93.52,2306.960372,2315.71024,1592,0.0,0.0,172562.08950141855,0.0
93.53,2306.960372,2314.39776,1592,0.0,0.0,172464.28612027148,0.0
93.54,2306.960372,2313.282151,1593,0.0,0.0,172381.15317177848,0.0
93.55,2306.960372,2312.333884,1593,0.0,0.0,172310.49021399615,0.0
93.56,2378.97953,2322.330731,1593,0.0,0.0,173055.43523213713,0.0
93.57000000000001,2378.97953,2330.828051,1594,0.0,0.0,173688.6385012828,0.0
93.58,2378.97953,2338.050773,1594,0.0,0.0,174226.86128005668,0.0
93.59,2312.505396,2334.218967,1594,0.0,0.0,173941.32277074642,0.0
93.60000000000001,2310.334049,2330.636229,1596,0.0,0.0,173674.34430999734,0.0
93.61,2310.334049,2327.590902,1596,0.0,0.0,173447.41264071595,0.0
93.62,2310.334049,2325.002374,1596,0.0,0.0,173254.52071810095,0.0
93.63,2310.334049,2322.802125,1596,0.0,0.0,173090.5625689746,0.0
93.64,2310.334049,2320.931914,1596,0.0,0.0,172951.1981906538,0.0
93.65,2310.334049,2319.342234,1597,0.0,0.0,172832.73842064457,0.0
93.66,2356.505247,2324.916686,1597,0.0,0.0,173248.135419945,0.0
93.67,2356.505247,2329.65497,1599,0.0,0.0,173601.2228544468,0.0
93.68,2265.58909,2320.045088,1599,0.0,0.0,172885.11369314598,0.0
93.69,2265.58909,2311.876688,1599,0.0,0.0,172276.4208836849,0.0
93.7,2304.480418,2310.767248,1601,0.0,0.0,172193.74763671748,0.0
93.71000000000001,2304.480418,2309.824223,1601,0.0,0.0,172123.47530227722,0.0
93.72,2304.480418,2309.022653,1601,0.0,0.0,172063.74391115046,0.0
93.73,2304.480418,2308.341317,1601,0.0,0.0,172012.9721169157,0.0
93.74,2304.480418,2307.762183,1601,0.0,0.0,171969.816211045,0.0
93.75,2304.480418,2307.269918,1602,0.0,0.0,171933.1336090851,0.0
93.76,2344.71881,2312.887252,1602,0.0,0.0,172351.72608914744,0.0
93.77,2344.71881,2317.661986,1602,0.0,0.0,172707.52970465226,0.0
93.78,2328.103116,2319.228155,1603,0.0,0.0,172824.23748202613,0.0
93.79,2328.103116,2320.559399,1603,0.0,0.0,172923.43911887528,0.0
93.8,2316.673103,2319.976455,1605,0.0,0.0,172879.99929943465,0.0
93.81,2316.673103,2319.480952,1605,0.0,0.0,172843.07540819934,0.0
93.82000000000001,2316.673103,2319.059775,1605,0.0,0.0,172811.6901416343,0.0
93.83,2316.673103,2318.701774,1605,0.0,0.0,172785.01262406906,0.0
93.84,2316.673103,2318.397474,1605,0.0,0.0,172762.33679747884,0.0
93.85000000000001,2316.673103,2318.138818,1606,0.0,0.0,172743.06227035922,0.0
93.86,2328.828099,2319.74221,1606,0.0,0.0,172862.54383114804,0.0
93.87,2328.828099,2321.105094,1606,0.0,0.0,172964.10321743294,0.0
93.88,2328.828099,2322.263544,1607,0.0,0.0,173050.42859144992,0.0
93.89,2312.535921,2320.804401,1607,0.0,0.0,172941.6961772592,0.0
93.9,2310.357182,2319.237318,1609,0.0,0.0,172824.92029043575,0.0
93.91,2310.357182,2317.905298,1609,0.0,0.0,172725.6608276207,0.0
93.92,2310.357182,2316.77308,1609,0.0,0.0,172641.29020970993,0.0
93.93,2310.357182,2315.810695,1609,0.0,0.0,172569.57520684117,0.0
93.94,2310.357182,2314.992668,1609,0.0,0.0,172508.61747303224,0.0
93.95,2310.357182,2314.297345,1609,0.0,0.0,172456.8033955687,0.0
93.96000000000001,2343.009221,2318.604127,1610,0.0,0.0,172777.7361651829,0.0
93.97,2343.009221,2322.264891,1610,0.0,0.0,173050.5289671923,0.0
93.98,2328.116619,2323.14265,1611,0.0,0.0,173115.9378100183,0.0
93.99,2328.116619,2323.888745,1611,0.0,0.0,173171.53531524268,0.0
94.0,2319.128707,2323.17474,1614,0.0,0.0,173118.3290925529,0.0
94.01,2319.128707,2322.567835,1614,0.0,0.0,173073.1037473781,0.0
94.02,2319.128707,2322.051965,1614,0.0,0.0,173034.66214809104,0.0
94.03,2319.128707,2321.613477,1614,0.0,0.0,173001.98690047397,0.0
94.04,2319.128707,2321.240761,1614,0.0,0.0,172974.2128505779,0.0
94.05,2319.128707,2320.923953,1614,0.0,0.0,172950.60495287704,0.0
94.06,2319.128707,2320.654666,1614,0.0,0.0,172930.53822492767,0.0
94.07000000000001,2319.128707,2320.425772,1614,0.0,0.0,172913.48150244486,0.0
94.08,2319.128707,2320.231212,1614,0.0,0.0,172898.98328088268,0.0
94.09,2260.90828,2311.332773,1615,0.0,0.0,172235.88942716244,0.0
94.10000000000001,2307.613117,2310.774824,1617,0.0,0.0,172194.31218506533,0.0
94.11,2307.613117,2310.300568,1617,0.0,0.0,172158.97157771955,0.0
94.12,2307.613117,2309.89745,1617,0.0,0.0,172128.93203166834,0.0
94.13,2307.613117,2309.5548,1617,0.0,0.0,172103.39843988023,0.0
94.14,2307.613117,2309.263548,1617,0.0,0.0,172081.69492411937,0.0
94.15,2307.613117,2309.015983,1617,0.0,0.0,172063.24687610817,0.0
94.16,2348.435785,2314.928954,1617,0.0,0.0,172503.8696333498,0.0
94.17,2348.435785,2319.954978,1618,0.0,0.0,172878.39887640582,0.0
94.18,2348.435785,2324.227099,1618,0.0,0.0,173196.74877771424,0.0
94.19,2322.898238,2324.02777,1619,0.0,0.0,173181.89517982275,0.0
94.2,2311.423071,2322.137065,1620,0.0,0.0,173041.00362966454,0.0
94.21000000000001,2311.423071,2320.529966,1620,0.0,0.0,172921.24583065958,0.0
94.22,2311.423071,2319.163932,1620,0.0,0.0,172819.45171268305,0.0
94.23,2311.423071,2318.002803,1620,0.0,0.0,172732.92670495124,0.0
94.24,2311.423071,2317.015843,1621,0.0,0.0,172659.38042229787,0.0
94.25,2311.423071,2316.176927,1621,0.0,0.0,172596.8660820425,0.0
94.26,2353.861404,2321.829599,1621,0.0,0.0,173018.0918790948,0.0
94.27,2353.861404,2326.634369,1622,0.0,0.0,173376.13371716763,0.0
94.28,2312.472482,2324.510086,1622,0.0,0.0,173217.83640222708,0.0
94.29,2312.472482,2322.704446,1623,0.0,0.0,173083.28372551253,0.0
94.3,2312.514859,2321.176008,1624,0.0,0.0,172969.38758669622,0.0
94.31,2312.514859,2319.876835,1624,0.0,0.0,172872.5758165398,0.0
94.32000000000001,2312.514859,2318.772539,1624,0.0,0.0,172790.28589015067,0.0
94.33,2312.514859,2317.833887,1624,0.0,0.0,172720.33942291274,0.0
94.34,2312.514859,2317.036033,1624,0.0,0.0,172660.8849406641,0.0
94.35000000000001,2312.514859,2316.357857,1625,0.0,0.0,172610.34862330102,0.0
94.36,2351.864392,2321.683837,1625,0.0,0.0,173007.22998676673,0.0
94.37,2351.864392,2326.21092,1626,0.0,0.0,173344.5791457126,0.0
94.38,2351.864392,2330.058941,1626,0.0,0.0,173631.32596434967,0.0
94.39,2322.934166,2328.990225,1626,0.0,0.0,173551.6873883059,0.0
94.4,2300.283173,2324.684167,1628,0.0,0.0,173230.8085697218,0.0
94.41,2300.283173,2321.024018,1628,0.0,0.0,172958.06159628075,0.0
94.42,2300.283173,2317.912891,1628,0.0,0.0,172726.2266427745,0.0
94.43,2300.283173,2315.268434,1628,0.0,0.0,172529.1670030863,0.0
94.44,2300.283173,2313.020644,1628,0.0,0.0,172361.66619384845,0.0
94.45,2300.283173,2311.110024,1629,0.0,0.0,172219.29061777328,0.0
94.46000000000001,2363.165797,2318.91839,1629,0.0,0.0,172801.1544145805,0.0
94.47,2363.165797,2325.555501,1629,0.0,0.0,173295.73863441488,0.0
94.48,2328.11883,2325.94,1630,0.0,0.0,173324.39072987362,0.0
94.49,2328.11883,2326.266825,1630,0.0,0.0,173348.74507435382,0.0
94.5,2302.69156,2322.730535,1632,0.0,0.0,173085.22782554507,0.0
94.51,2302.69156,2319.724689,1632,0.0,0.0,172861.23820131665,0.0
94.52,2302.69156,2317.169719,1632,0.0,0.0,172670.84695365635,0.0
94.53,2302.69156,2314.997996,1632,0.0,0.0,172509.01450492206,0.0
94.54,2302.69156,2313.15203,1632,0.0,0.0,172371.4568154468,0.0
94.55,2302.69156,2311.58296,1633,0.0,0.0,172254.53286136265,0.0
94.56,2389.621794,2323.288785,1633,0.0,0.0,173126.8274975594,0.0
94.57000000000001,2389.621794,2333.238736,1633,0.0,0.0,173868.2779196971,0.0
94.58,2389.621794,2341.696195,1634,0.0,0.0,174498.51082695092,0.0
94.59,2312.500308,2337.316812,1634,0.0,0.0,174172.167976212,0.0
94.60000000000001,2300.799342,2331.839191,1636,0.0,0.0,173763.9866291118,0.0
94.61,2300.799342,2327.183214,1636,0.0,0.0,173417.032547417,0.0
94.62,2300.799342,2323.225633,1636,0.0,0.0,173122.12153699147,0.0
94.63,2300.799342,2319.86169,1636,0.0,0.0,172871.44724147013,0.0
94.64,2300.799342,2317.002337,1636,0.0,0.0,172658.3739822258,0.0
94.65,2300.799342,2314.571888,1636,0.0,0.0,172477.26179011207,0.0
94.66,2282.404181,2309.746732,1637,0.0,0.0,172117.70082814546,0.0
94.67,2282.404181,2305.645349,1637,0.0,0.0,171812.07398066664,0.0
94.68,2312.489594,2306.671986,1638,0.0,0.0,171888.5769139004,0.0
94.69,2312.489594,2307.544627,1638,0.0,0.0,171953.60437361605,0.0
94.7,2350.556705,2313.996439,1640,0.0,0.0,172434.38048306154,0.0
94.71000000000001,2350.556705,2319.480479,1640,0.0,0.0,172843.0401611866,0.0
94.72,2350.556705,2324.141913,1640,0.0,0.0,173190.40088759293,0.0
94.73,2350.556705,2328.104132,1640,0.0,0.0,173485.6575124901,0.0
94.74,2350.556705,2331.472018,1640,0.0,0.0,173736.62563247498,0.0
94.75,2350.556705,2334.334721,1640,0.0,0.0,173949.9485270104,0.0
94.76,2274.522944,2325.362954,1641,0.0,0.0,173281.3904175813,0.0
94.77,2274.522944,2317.736953,1641,0.0,0.0,172713.11609535874,0.0
94.78,2274.522944,2311.254851,1641,0.0,0.0,172230.08283577388,0.0
94.79,2322.949885,2313.009106,1642,0.0,0.0,172360.80640519515,0.0
94.8,2306.967577,2312.102877,1644,0.0,0.0,172293.27603498494,0.0
94.81,2306.967577,2311.332582,1644,0.0,0.0,172235.87519422494,0.0
94.82000000000001,2306.967577,2310.677831,1644,0.0,0.0,172187.08446094953,0.0
94.83,2306.967577,2310.121293,1644,0.0,0.0,172145.61236374662,0.0
94.84,2306.967577,2309.648236,1644,0.0,0.0,172110.3611034796,0.0
94.85000000000001,2306.967577,2309.246137,1644,0.0,0.0,172080.3974912677,0.0
94.86,2349.790215,2315.327749,1645,0.0,0.0,172533.58703809846,0.0
94.87,2349.790215,2320.497119,1645,0.0,0.0,172918.79813800097,0.0
94.88,2328.112894,2321.639485,1645,0.0,0.0,173003.92496454876,0.0
94.89,2328.112894,2322.610496,1646,0.0,0.0,173076.28275966254,0.0
94.9,2317.560687,2321.853025,1648,0.0,0.0,173019.83753770046,0.0
94.91,2317.560687,2321.209174,1648,0.0,0.0,172971.85905059596,0.0
94.92,2317.560687,2320.661901,1648,0.0,0.0,172931.07736263843,0.0
94.93,2317.560687,2320.196719,1648,0.0,0.0,172896.41293160044,0.0
94.94,2317.560687,2319.801314,1648,0.0,0.0,172866.94814286273,0.0
94.95,2317.560687,2319.46522,1648,0.0,0.0,172841.9030910652,0.0
94.96000000000001,2339.771213,2322.511119,1648,0.0,0.0,173068.87738464103,0.0
94.97,2339.771213,2325.100133,1649,0.0,0.0,173261.80552300275,0.0
94.98,2339.771213,2327.300795,1649,0.0,0.0,173425.79444806208,0.0
94.99,2322.924642,2326.644372,1650,0.0,0.0,173376.87912069503,0.0
95.0,2319.862836,2325.627142,1652,0.0,0.0,173301.07717826223,0.0
95.01,2319.862836,2324.762496,1652,0.0,0.0,173236.64548993533,0.0
95.02,2319.862836,2324.027547,1652,0.0,0.0,173181.8785623093,0.0
95.03,2319.862836,2323.40284,1652,0.0,0.0,173135.32664774588,0.0
95.04,2319.862836,2322.87184,1652,0.0,0.0,173095.75759115902,0.0
95.05,2319.862836,2322.420489,1652,0.0,0.0,173062.12381854223,0.0
95.06,2319.862836,2322.036841,1653,0.0,0.0,173033.53513789925,0.0
95.07000000000001,2319.862836,2321.710741,1653,0.0,0.0,173009.23481896712,0.0
95.08,2319.862836,2321.433555,1653,0.0,0.0,172988.5794733568,0.0
95.09,2339.728591,2324.17781,1653,0.0,0.0,173193.0758601434,0.0
95.10000000000001,2283.003813,2318.001711,1655,0.0,0.0,172732.84533129813,0.0
95.11,2283.003813,2312.752026,1655,0.0,0.0,172341.64931843933,0.0
95.12,2283.003813,2308.289794,1655,0.0,0.0,172009.13272613887,0.0
95.13,2283.003813,2304.496897,1655,0.0,0.0,171726.49363758706,0.0
95.14,2283.003813,2301.272934,1655,0.0,0.0,171486.25037133318,0.0
95.15,2283.003813,2298.532566,1656,0.0,0.0,171282.04363600223,0.0
95.16,2283.003813,2296.203253,1656,0.0,0.0,171108.4678960673,0.0
95.17,2392.168545,2310.598047,1657,0.0,0.0,172181.1391170498,0.0
95.18,2392.168545,2322.833622,1657,0.0,0.0,173092.90966233672,0.0
95.19,2392.168545,2333.23386,1657,0.0,0.0,173867.91456994214,0.0
95.2,2292.37882,2327.105604,1660,0.0,0.0,173411.24920564351,0.0
95.21000000000001,2292.37882,2321.896586,1660,0.0,0.0,173023.08361618253,0.0
95.22,2292.37882,2317.468921,1660,0.0,0.0,172693.14288749604,0.0
95.23,2292.37882,2313.705406,1660,0.0,0.0,172412.69328674205,0.0
95.24,2292.37882,2310.506418,1660,0.0,0.0,172174.31110747167,0.0
95.25,2292.37882,2307.787278,1660,0.0,0.0,171971.68624018825,0.0
95.26,2292.37882,2305.47601,1660,0.0,0.0,171799.4551775153,0.0
95.27,2292.37882,2303.511431,1660,0.0,0.0,171653.05868482174,0.0
95.28,2398.00938,2317.686123,1661,0.0,0.0,172709.328345554,0.0
95.29,2398.00938,2329.734612,1661,0.0,0.0,173607.15761679085,0.0
95.3,2298.313895,2325.021504,1664,0.0,0.0,173255.94624739003,0.0
95.31,2298.313895,2321.015363,1664,0.0,0.0,172957.4166430138,0.0
95.32000000000001,2298.313895,2317.610143,1664,0.0,0.0,172703.6664681162,0.0
95.33,2298.313895,2314.715706,1664,0.0,0.0,172487.9788194533,0.0
95.34,2298.313895,2312.255434,1664,0.0,0.0,172304.64427710496,0.0
95.35000000000001,2298.313895,2310.164203,1664,0.0,0.0,172148.8099310124,0.0
95.36,2298.313895,2308.386657,1664,0.0,0.0,172016.3507629151,0.0
95.37,2298.313895,2306.875743,1664,0.0,0.0,171903.76047748415,0.0
95.38,2304.026591,2306.44837,1665,0.0,0.0,171871.91349740754,0.0
95.39,2304.026591,2306.085103,1665,0.0,0.0,171844.84356806832,0.0
95.4,2344.94162,2311.913581,1667,0.0,0.0,172279.17007616072,0.0
95.41,2344.94162,2316.867786,1667,0.0,0.0,172648.34751116586,0.0
95.42,2344.94162,2321.078861,1667,0.0,0.0,172962.14838680875,0.0
95.43,2344.94162,2324.658275,1667,0.0,0.0,173228.8791497347,0.0
95.44,2344.94162,2327.700777,1667,0.0,0.0,173455.60030567358,0.0
95.45,2344.94162,2330.286903,1667,0.0,0.0,173648.31323605904,0.0
95.46000000000001,2344.94162,2332.485111,1668,0.0,0.0,173812.11929395283,0.0
95.47,2344.94162,2334.353587,1668,0.0,0.0,173951.35438354814,0.0
95.48,2254.576432,2322.387014,1669,0.0,0.0,173059.62932858133,0.0
95.49,2254.576432,2312.215427,1669,0.0,0.0,172301.6630355854,0.0
95.5,2323.270416,2313.873675,1671,0.0,0.0,172425.23235563622,0.0
95.51,2323.270416,2315.283186,1671,0.0,0.0,172530.26629258308,0.0
95.52,2323.270416,2316.481271,1671,0.0,0.0,172619.54518742455,0.0
95.53,2323.270416,2317.499642,1671,0.0,0.0,172695.43215489233,0.0
95.54,2323.270416,2318.365259,1671,0.0,0.0,172759.9362001946,0.0
95.55,2323.270416,2319.101032,1671,0.0,0.0,172814.76453065043,0.0
95.56,2323.270416,2319.72644,1672,0.0,0.0,172861.36868233004,0.0
95.57000000000001,2352.638707,2324.66328,1672,0.0,0.0,173229.2521123114,0.0
95.58,2352.638707,2328.859594,1672,0.0,0.0,173541.95302779553,0.0
95.59,2281.227644,2321.714801,1673,0.0,0.0,173009.53736203632,0.0
95.60000000000001,2327.092956,2322.521525,1675,0.0,0.0,173069.6528189213,0.0
95.61,2327.092956,2323.207239,1675,0.0,0.0,173120.7508529484,0.0
95.62,2327.092956,2323.790097,1675,0.0,0.0,173164.18426384125,0.0
95.63,2327.092956,2324.285526,1675,0.0,0.0,173201.10264074474,0.0
95.64,2327.092956,2324.70664,1675,0.0,0.0,173232.48321267596,0.0
95.65,2327.092956,2325.064587,1675,0.0,0.0,173259.1567062694,0.0
95.66,2327.092956,2325.368843,1676,0.0,0.0,173281.82925406765,0.0
95.67,2389.546657,2334.995515,1676,0.0,0.0,173999.18957254375,0.0
95.68,2389.546657,2343.178186,1676,0.0,0.0,174608.9458283449,0.0
95.69,2389.546657,2350.133457,1677,0.0,0.0,175127.23869421252,0.0
95.7,2302.042627,2342.919832,1679,0.0,0.0,174589.6938056604,0.0
95.71000000000001,2302.042627,2336.788251,1679,0.0,0.0,174132.78066902066,0.0
95.72,2302.042627,2331.576408,1679,0.0,0.0,173744.40456621718,0.0
95.73,2302.042627,2327.146341,1679,0.0,0.0,173414.28484530112,0.0
95.74000000000001,2302.042627,2323.380783,1679,0.0,0.0,173133.68300427854,0.0
95.75,2302.042627,2320.18006,1679,0.0,0.0,172895.1715362828,0.0
95.76,2302.042627,2317.459445,1679,0.0,0.0,172692.4367549533,0.0
95.77,2302.042627,2315.146922,1680,0.0,0.0,172520.11217219368,0.0
95.78,2298.726894,2312.683918,1680,0.0,0.0,172336.5740466766,0.0
95.79,2298.726894,2310.590365,1681,0.0,0.0,172180.56666979427,0.0
95.8,2340.252333,2315.03966,1683,0.0,0.0,172512.11922276314,0.0
95.81,2340.252333,2318.821561,1683,0.0,0.0,172793.93891141628,0.0
95.82000000000001,2340.252333,2322.036177,1683,0.0,0.0,173033.48565794903,0.0
95.83,2340.252333,2324.7686,1683,0.0,0.0,173237.10034779107,0.0
95.84,2340.252333,2327.09116,1683,0.0,0.0,173410.17286768995,0.0
95.85000000000001,2340.252333,2329.065336,1683,0.0,0.0,173557.284509604,0.0
95.86,2340.252333,2330.743386,1683,0.0,0.0,173682.32943503818,0.0
95.87,2340.252333,2332.169728,1684,0.0,0.0,173788.61758439813,0.0
95.88,2278.286599,2324.087258,1684,0.0,0.0,173186.3281064484,0.0
95.89,2278.286599,2317.217159,1684,0.0,0.0,172674.38208745007,0.0
95.9,2317.415454,2317.246904,1687,0.0,0.0,172676.59862528092,0.0
95.91,2317.415454,2317.272186,1687,0.0,0.0,172678.48258928963,0.0
95.92,2317.415454,2317.293676,1687,0.0,0.0,172680.08398105242,0.0
95.93,2317.415454,2317.311943,1687,0.0,0.0,172681.44520130986,0.0
95.94,2317.415454,2317.327469,1687,0.0,0.0,172682.60216773648,0.0
95.95,2317.415454,2317.340667,1687,0.0,0.0,172683.58565626538,0.0
95.96000000000001,2317.415454,2317.351885,1687,0.0,0.0,172684.42159915954,0.0
95.97,2317.415454,2317.36142,1687,0.0,0.0,172685.1321282642,0.0
95.98,2322.02367,2318.060758,1688,0.0,0.0,172737.24539548697,0.0
95.99000000000001,2322.02367,2318.655195,1688,0.0,0.0,172781.54165027098,0.0
96.0,2324.176415,2319.483378,1693,0.0,0.0,172843.2561888609,0.0
96.01,2324.176415,2320.187333,1693,0.0,0.0,172895.71350567744,0.0
96.02,2324.176415,2320.785695,1693,0.0,0.0,172940.30224360095,0.0
96.03,2324.176415,2321.294303,1693,0.0,0.0,172978.20269319142,0.0
96.04,2324.176415,2321.72662,1693,0.0,0.0,173010.41809024685,0.0
96.05,2324.176415,2322.094089,1693,0.0,0.0,173037.8011442109,0.0
96.06,2324.176415,2322.406438,1693,0.0,0.0,173061.07676616163,0.0
96.07000000000001,2324.176415,2322.671935,1693,0.0,0.0,173080.86107090107,0.0
96.08,2324.176415,2322.897607,1693,0.0,0.0,173097.67769639645,0.0
96.09,2324.176415,2323.089428,1693,0.0,0.0,173111.97181316398,0.0
96.10000000000001,2330.412279,2324.187856,1695,0.0,0.0,173193.82446794465,0.0
96.11,2330.412279,2325.121519,1695,0.0,0.0,173263.39916489384,0.0
96.12,2330.412279,2325.915133,1695,0.0,0.0,173322.53769083376,0.0
96.13,2330.412279,2326.589705,1695,0.0,0.0,173372.8054453345,0.0
96.14,2330.412279,2327.163091,1695,0.0,0.0,173415.53302175656,0.0
96.15,2330.412279,2327.650469,1695,0.0,0.0,173451.85145426347,0.0
96.16,2330.412279,2328.06474,1695,0.0,0.0,173482.72209953892,0.0
96.17,2330.412279,2328.416871,1695,0.0,0.0,173508.9621964598,0.0
96.18,2275.893977,2320.538437,1696,0.0,0.0,172921.87707261503,0.0
96.19,2275.893977,2313.841768,1696,0.0,0.0,172422.85470989512,0.0
96.2,2320.364368,2314.820158,1698,0.0,0.0,172495.76237331133,0.0
96.21000000000001,2320.364368,2315.65179,1698,0.0,0.0,172557.73392447404,0.0
96.22,2320.364368,2316.358676,1698,0.0,0.0,172610.4096535408,0.0
96.23,2320.364368,2316.95953,1698,0.0,0.0,172655.1840903137,0.0
96.24000000000001,2320.364368,2317.470256,1698,0.0,0.0,172693.2423690225,0.0
96.25,2320.364368,2317.904373,1698,0.0,0.0,172725.59189847315,0.0
96.26,2359.947259,2324.210806,1699,0.0,0.0,173195.5346559836,0.0
96.27,2359.947259,2329.571274,1699,0.0,0.0,173594.98599614153,0.0
96.28,2359.947259,2334.127672,1699,0.0,0.0,173934.5196501794,0.0
96.29,2322.91806,2332.44623,1700,0.0,0.0,173809.2219596983,0.0
96.3,2312.190886,2329.407928,1702,0.0,0.0,173582.81377934825,0.0
96.31,2312.190886,2326.825372,1702,0.0,0.0,173390.36687821333,0.0
96.32000000000001,2312.190886,2324.630199,1702,0.0,0.0,173226.78698244147,0.0
96.33,2312.190886,2322.764302,1702,0.0,0.0,173087.74407476126,0.0
96.34,2312.190886,2321.17829,1702,0.0,0.0,172969.55763676614,0.0
96.35000000000001,2312.190886,2319.830179,1702,0.0,0.0,172869.09910485594,0.0
96.36,2352.658447,2324.75442,1703,0.0,0.0,173236.04368258888,0.0
96.37,2352.658447,2328.940024,1703,0.0,0.0,173547.94651032152,0.0
96.38,2352.658447,2332.497787,1703,0.0,0.0,173813.06388408705,0.0
96.39,2333.344767,2332.624834,1704,0.0,0.0,173822.53117209495,0.0
96.4,2297.971436,2327.426824,1706,0.0,0.0,173435.18587674864,0.0
96.41,2297.971436,2323.008516,1706,0.0,0.0,173105.94241296328,0.0
96.42,2297.971436,2319.252954,1706,0.0,0.0,172826.08545384216,0.0
96.43,2297.971436,2316.060726,1706,0.0,0.0,172588.2070162338,0.0
96.44,2297.971436,2313.347333,1706,0.0,0.0,172386.01040388102,0.0
96.45,2297.971436,2311.040948,1706,0.0,0.0,172214.14321258912,0.0
96.46000000000001,2367.87109,2319.565469,1706,0.0,0.0,172849.3734457804,0.0
96.47,2367.87109,2326.811313,1707,0.0,0.0,173389.31922968876,0.0
96.48,2367.87109,2332.970279,1707,0.0,0.0,173848.27304168566,0.0
96.49000000000001,2249.924928,2320.513477,1708,0.0,0.0,172920.01710340145,0.0
96.5,2348.42311,2324.699922,1709,0.0,0.0,173231.98260076984,0.0
96.51,2348.42311,2328.2584,1709,0.0,0.0,173497.15325490353,0.0
96.52,2348.42311,2331.283106,1709,0.0,0.0,173722.54828856172,0.0
96.53,2348.42311,2333.854107,1709,0.0,0.0,173914.13413423745,0.0
96.54,2348.42311,2336.039458,1710,0.0,0.0,174076.98211423948,0.0
96.55,2348.42311,2337.897005,1710,0.0,0.0,174215.4027966419,0.0
96.56,2294.645454,2331.409273,1710,0.0,0.0,173731.950000732,0.0
96.57000000000001,2294.645454,2325.8947,1711,0.0,0.0,173321.01506459416,0.0
96.58,2312.482078,2323.882807,1711,0.0,0.0,173171.0928273745,0.0
96.59,2312.482078,2322.172698,1711,0.0,0.0,173043.65892946365,0.0
96.60000000000001,2308.530031,2320.126298,1713,0.0,0.0,172891.1652997099,0.0
96.61,2308.530031,2318.386858,1713,0.0,0.0,172761.5457144191,0.0
96.62,2308.530031,2316.908334,1713,0.0,0.0,172651.369066922,0.0
96.63,2308.530031,2315.651588,1713,0.0,0.0,172557.71887183862,0.0
96.64,2308.530031,2314.583355,1713,0.0,0.0,172478.11628798756,0.0
96.65,2308.530031,2313.675356,1714,0.0,0.0,172410.45402092207,0.0
96.66,2348.337603,2318.874693,1714,0.0,0.0,172797.89820165082,0.0
96.67,2348.337603,2323.29413,1715,0.0,0.0,173127.2257962552,0.0
96.68,2328.072502,2324.010885,1715,0.0,0.0,173180.63694343765,0.0
96.69,2328.072502,2324.620128,1715,0.0,0.0,173226.03651169027,0.0
96.7,2311.691191,2322.680787,1717,0.0,0.0,173081.52070421344,0.0
96.71000000000001,2311.691191,2321.032348,1717,0.0,0.0,172958.68233119854,0.0
96.72,2311.691191,2319.631175,1717,0.0,0.0,172854.26972531358,0.0
96.73,2311.691191,2318.440177,1717,0.0,0.0,172765.5189395192,0.0
96.74000000000001,2311.691191,2317.427829,1717,0.0,0.0,172690.08079394943,0.0
96.75,2311.691191,2316.567334,1718,0.0,0.0,172625.95842982945,0.0
96.76,2340.76073,2320.196343,1718,0.0,0.0,172896.38491283346,0.0
96.77,2340.76073,2323.281001,1718,0.0,0.0,173126.2474494681,0.0
96.78,2328.12209,2324.007164,1719,0.0,0.0,173180.3596619696,0.0
96.79,2328.12209,2324.624403,1719,0.0,0.0,173226.35507612885,0.0
96.8,2321.333517,2324.13077,1721,0.0,0.0,173189.5705335486,0.0
96.81,2321.333517,2323.711182,1721,0.0,0.0,173158.30367608127,0.0
96.82000000000001,2321.333517,2323.354532,1721,0.0,0.0,173131.72683233043,0.0
96.83,2321.333517,2323.05138,1721,0.0,0.0,173109.13655240124,0.0
96.84,2321.333517,2322.793701,1721,0.0,0.0,173089.934829365,0.0
96.85000000000001,2321.333517,2322.574673,1722,0.0,0.0,173073.6133014439,0.0
96.86,2331.004089,2323.839085,1722,0.0,0.0,173167.83475149487,0.0
96.87,2331.004089,2324.913836,1722,0.0,0.0,173247.92304365258,0.0
96.88,2331.004089,2325.827374,1723,0.0,0.0,173315.99806590533,0.0
96.89,2312.203576,2323.783804,1723,0.0,0.0,173163.715322084,0.0
96.9,2304.641642,2320.91248,1725,0.0,0.0,172949.75000789357,0.0
96.91,2304.641642,2318.471854,1725,0.0,0.0,172767.8794461209,0.0
96.92,2304.641642,2316.397323,1725,0.0,0.0,172613.28955058398,0.0
96.93,2304.641642,2314.63397,1725,0.0,0.0,172481.88801642283,0.0
96.94,2304.641642,2313.135121,1725,0.0,0.0,172370.1967906298,0.0
96.95,2304.641642,2311.861099,1725,0.0,0.0,172275.25922262442,0.0
96.96000000000001,2368.37387,2320.338015,1726,0.0,0.0,172906.94202655242,0.0
96.97,2368.37387,2327.543393,1726,0.0,0.0,173443.87236518046,0.0
96.98,2328.101137,2327.627055,1727,0.0,0.0,173450.1066898738,0.0
96.99000000000001,2328.101137,2327.698167,1727,0.0,0.0,173455.40581370052,0.0
97.0,2298.222538,2323.276823,1730,0.0,0.0,173125.93611327524,0.0
97.01,2298.222538,2319.51868,1730,0.0,0.0,172845.88682320298,0.0
97.02,2298.222538,2316.324259,1730,0.0,0.0,172607.84496762638,0.0
97.03,2298.222538,2313.609001,1730,0.0,0.0,172405.50937920858,0.0
97.04,2298.222538,2311.301031,1730,0.0,0.0,172233.52407689096,0.0
97.05,2298.222538,2309.339257,1730,0.0,0.0,172087.33660717992,0.0
97.06,2298.222538,2307.671749,1730,0.0,0.0,171963.0772504737,0.0
97.07000000000001,2298.222538,2306.254368,1730,0.0,0.0,171857.45685688785,0.0
97.08,2298.222538,2305.049593,1730,0.0,0.0,171767.6794366442,0.0
97.09,2393.781827,2318.359428,1731,0.0,0.0,172759.50168575216,0.0
97.10000000000001,2317.104769,2318.171229,1733,0.0,0.0,172745.47747317096,0.0
97.11,2317.104769,2318.01126,1733,0.0,0.0,172733.55690365474,0.0
97.12,2317.104769,2317.875286,1733,0.0,0.0,172723.42439348457,0.0
97.13,2317.104769,2317.759709,1733,0.0,0.0,172714.81182690614,0.0
97.14,2317.104769,2317.661468,1733,0.0,0.0,172707.4911043296,0.0
97.15,2317.104769,2317.577963,1733,0.0,0.0,172701.2684789619,0.0
97.16,2329.821561,2319.414503,1734,0.0,0.0,172838.12376179418,0.0
97.17,2329.821561,2320.975561,1734,0.0,0.0,172954.4506776837,0.0
97.18,2329.821561,2322.302461,1734,0.0,0.0,173053.32860835237,0.0
97.19,2322.874158,2322.388216,1735,0.0,0.0,173059.7188992141,0.0
97.2,2314.805339,2321.250784,1736,0.0,0.0,172974.9597444652,0.0
97.21000000000001,2314.805339,2320.283968,1736,0.0,0.0,172902.9145523503,0.0
97.22,2314.805339,2319.462173,1736,0.0,0.0,172841.6760347273,0.0
97.23,2314.805339,2318.763648,1736,0.0,0.0,172789.62335063636,0.0
97.24000000000001,2314.805339,2318.169902,1737,0.0,0.0,172745.37858778852,0.0
97.25,2314.805339,2317.665217,1737,0.0,0.0,172707.77047230166,0.0
97.26,2242.506346,2306.391387,1737,0.0,0.0,171867.6672383652,0.0
97.27,2242.506346,2296.808631,1738,0.0,0.0,171153.57945226016,0.0
97.28,2328.12046,2301.505405,1738,0.0,0.0,171503.57364469246,0.0
97.29,2328.12046,2305.497663,1739,0.0,0.0,171801.0687157117,0.0
97.3,2328.469677,2308.943465,1740,0.0,0.0,172057.84297997723,0.0
97.31,2328.469677,2311.872397,1740,0.0,0.0,172276.10112695833,0.0
97.32000000000001,2328.469677,2314.361989,1740,0.0,0.0,172461.62053698866,0.0
97.33,2328.469677,2316.478142,1740,0.0,0.0,172619.31202061087,0.0
97.34,2328.469677,2318.276872,1740,0.0,0.0,172753.34977796383,0.0
97.35000000000001,2328.469677,2319.805793,1741,0.0,0.0,172867.28190897283,0.0
97.36,2341.026457,2322.988893,1741,0.0,0.0,173104.48014630153,0.0
97.37,2341.026457,2325.694527,1742,0.0,0.0,173306.09857351292,0.0
97.38,2343.741094,2328.401512,1742,0.0,0.0,173507.81767453867,0.0
97.39,2343.741094,2330.702449,1742,0.0,0.0,173679.27889178108,0.0
97.4,2291.865375,2324.876888,1744,0.0,0.0,173245.16975268692,0.0
97.41,2291.865375,2319.925161,1744,0.0,0.0,172876.1769732792,0.0
97.42,2291.865375,2315.716193,1744,0.0,0.0,172562.5331070567,0.0
97.43,2291.865375,2312.138571,1744,0.0,0.0,172295.93588038196,0.0
97.44,2291.865375,2309.097591,1744,0.0,0.0,172069.32814083507,0.0
97.45,2291.865375,2306.512759,1745,0.0,0.0,171876.7116367382,0.0
97.46000000000001,2322.879034,2308.9677,1745,0.0,0.0,172059.64892364276,0.0
97.47,2322.879034,2311.0544,1745,0.0,0.0,172215.1456286893,0.0
97.48,2327.814353,2313.568393,1746,0.0,0.0,172402.4833523727,0.0
97.49000000000001,2327.814353,2315.705287,1746,0.0,0.0,172561.72041377772,0.0
97.5,2357.784951,2322.017237,1748,0.0,0.0,173032.07428707942,0.0
97.51,2357.784951,2327.382394,1748,0.0,0.0,173431.87504212695,0.0
97.52,2357.784951,2331.942778,1748,0.0,0.0,173771.70572490216,0.0
97.53,2357.784951,2335.819104,1748,0.0,0.0,174060.56177545394,0.0
97.54,2357.784951,2339.113981,1748,0.0,0.0,174306.08941097112,0.0
97.55,2357.784951,2341.914626,1749,0.0,0.0,174514.78786762766,0.0
97.56,2257.83672,2329.30294,1749,0.0,0.0,173574.99028384365,0.0
97.57000000000001,2257.83672,2318.583007,1749,0.0,0.0,172776.1623450791,0.0
97.58,2257.83672,2309.471064,1750,0.0,0.0,172097.1586008551,0.0
97.59,2323.304426,2311.546069,1750,0.0,0.0,172251.7838179228,0.0
97.60000000000001,2305.168556,2310.589442,1752,0.0,0.0,172180.4978896827,0.0
97.61,2305.168556,2309.776309,1752,0.0,0.0,172119.90484695273,0.0
97.62,2305.168556,2309.085146,1752,0.0,0.0,172068.40076435817,0.0
97.63,2305.168556,2308.497657,1752,0.0,0.0,172024.62226061965,0.0
97.64,2305.168556,2307.998292,1752,0.0,0.0,171987.41058087867,0.0
97.65,2305.168556,2307.573832,1752,0.0,0.0,171955.7806717283,0.0
97.66,2366.549056,2316.420115,1753,0.0,0.0,172614.9879647793,0.0
97.67,2366.549056,2323.939456,1753,0.0,0.0,173175.31419740574,0.0
97.68,2366.549056,2330.330896,1754,0.0,0.0,173651.59150631595,0.0
97.69,2322.927197,2329.220341,1754,0.0,0.0,173568.8351717815,0.0
97.7,2306.393855,2325.796368,1756,0.0,0.0,173313.68756087983,0.0
97.71000000000001,2306.393855,2322.885991,1756,0.0,0.0,173096.81209533938,0.0
97.72,2306.393855,2320.412171,1756,0.0,0.0,172912.46798316308,0.0
97.73,2306.393855,2318.309423,1756,0.0,0.0,172755.7754132952,0.0
97.74000000000001,2306.393855,2316.522088,1756,0.0,0.0,172622.5867885219,0.0
97.75,2306.393855,2315.002853,1756,0.0,0.0,172509.3764388351,0.0
97.76,2364.096617,2322.366918,1757,0.0,0.0,173058.1318149068,0.0
97.77,2364.096617,2328.626373,1757,0.0,0.0,173524.57386593823,0.0
97.78,2364.096617,2333.946909,1757,0.0,0.0,173921.04955342645,0.0
97.79,2312.509019,2330.731226,1758,0.0,0.0,173681.42329619048,0.0
97.8,2296.949304,2325.663938,1760,0.0,0.0,173303.8191424923,0.0
97.81,2296.949304,2321.356743,1760,0.0,0.0,172982.8555969452,0.0
97.82000000000001,2296.949304,2317.695627,1760,0.0,0.0,172710.0365646007,0.0
97.83,2296.949304,2314.583678,1760,0.0,0.0,172478.1403573007,0.0
97.84,2296.949304,2311.938522,1760,0.0,0.0,172281.02862953237,0.0
97.85000000000001,2296.949304,2309.69014,1760,0.0,0.0,172113.48370564007,0.0
97.86,2356.304703,2316.682324,1761,0.0,0.0,172634.52725434347,0.0
97.87,2356.304703,2322.625681,1761,0.0,0.0,173077.41431545216,0.0
97.88,2328.099507,2323.446755,1761,0.0,0.0,173138.59910559896,0.0
97.89,2328.099507,2324.144668,1762,0.0,0.0,173190.6061846756,0.0
97.9,2300.946953,2320.66501,1764,0.0,0.0,172931.30903909216,0.0
97.91,2300.946953,2317.707302,1764,0.0,0.0,172710.90656221964,0.0
97.92,2300.946953,2315.19325,1764,0.0,0.0,172523.5644419744,0.0
97.93,2300.946953,2313.056305,1764,0.0,0.0,172364.32358015157,0.0
97.94,2300.946953,2311.239902,1764,0.0,0.0,172228.96886623162,0.0
97.95,2300.946953,2309.69596,1764,0.0,0.0,172113.91740038458,0.0
97.96000000000001,2353.297347,2316.236168,1764,0.0,0.0,172601.28060272284,0.0
97.97,2353.297347,2321.795345,1765,0.0,0.0,173015.53933961398,0.0
97.98,2343.275135,2325.017313,1765,0.0,0.0,173255.63394246317,0.0
97.99000000000001,2343.275135,2327.755987,1766,0.0,0.0,173459.71444430665,0.0
98.0,2296.885595,2323.125428,1768,0.0,0.0,173114.65446106813,0.0
98.01,2296.885595,2319.189453,1768,0.0,0.0,172821.3534864931,0.0
98.02,2296.885595,2315.843874,1768,0.0,0.0,172572.04763947485,0.0
98.03,2296.885595,2313.000133,1768,0.0,0.0,172360.13775520504,0.0
98.04,2296.885595,2310.582952,1768,0.0,0.0,172180.01426788,0.0
98.05,2296.885595,2308.528348,1768,0.0,0.0,172026.909292476,0.0
98.06,2296.885595,2306.781935,1768,0.0,0.0,171896.77009318979,0.0
98.07000000000001,2296.885595,2305.297484,1769,0.0,0.0,171786.1517775225,0.0
98.08,2296.885595,2304.035701,1769,0.0,0.0,171692.12623528647,0.0
98.09,2315.10217,2305.695671,1769,0.0,0.0,171815.82387532873,0.0
98.10000000000001,2360.565981,2313.926218,1771,0.0,0.0,172429.1477547704,0.0
98.11,2360.565981,2320.922182,1771,0.0,0.0,172950.47298150373,0.0
98.12,2360.565981,2326.868752,1771,0.0,0.0,173393.59946893784,0.0
98.13,2360.565981,2331.923336,1771,0.0,0.0,173770.25694599788,0.0
98.14,2360.565981,2336.219733,1771,0.0,0.0,174090.41584620968,0.0
98.15,2360.565981,2339.87167,1772,0.0,0.0,174362.55087785664,0.0
98.16,2244.885696,2325.623774,1772,0.0,0.0,173300.82620164723,0.0
98.17,2244.885696,2313.513062,1773,0.0,0.0,172398.36019706193,0.0
98.18,2244.885696,2303.218957,1773,0.0,0.0,171631.2641080681,0.0
98.19,2333.139994,2307.707113,1773,0.0,0.0,171965.71250493158,0.0
98.2,2360.310257,2315.597585,1775,0.0,0.0,172553.69467642833,0.0
98.21000000000001,2360.310257,2322.304485,1775,0.0,0.0,173053.47943277896,0.0
98.22,2360.310257,2328.005351,1775,0.0,0.0,173478.29655019497,0.0
98.23,2360.310257,2332.851087,1775,0.0,0.0,173839.3910925468,0.0
98.24000000000001,2360.310257,2336.969963,1775,0.0,0.0,174146.32148335307,0.0
98.25,2360.310257,2340.471007,1776,0.0,0.0,174407.2122708276,0.0
98.26,2258.732689,2328.210259,1776,0.0,0.0,173493.5658839937,0.0
98.27,2258.732689,2317.788623,1776,0.0,0.0,172716.9664402812,0.0
98.28,2312.495953,2316.994723,1777,0.0,0.0,172657.80660219406,0.0
98.29,2312.495953,2316.319907,1777,0.0,0.0,172607.520665302,0.0
98.3,2307.206334,2314.952871,1779,0.0,0.0,172505.65188029213,0.0
98.31,2307.206334,2313.790891,1779,0.0,0.0,172419.06345774457,0.0
98.32000000000001,2307.206334,2312.803207,1779,0.0,0.0,172345.4632240611,0.0
98.33,2307.206334,2311.963676,1779,0.0,0.0,172282.9030552374,0.0
98.34,2307.206334,2311.250075,1779,0.0,0.0,172229.72693781857,0.0
98.35000000000001,2307.206334,2310.643514,1779,0.0,0.0,172184.52722683482,0.0
98.36,2351.519361,2316.774891,1780,0.0,0.0,172641.4251618031,0.0
98.37,2351.519361,2321.986561,1780,0.0,0.0,173029.78837299306,0.0
98.38,2351.519361,2326.416481,1781,0.0,0.0,173359.89713976352,0.0
98.39,2333.3387,2327.454814,1781,0.0,0.0,173437.2716354942,0.0
98.4,2298.87787,2323.168272,1783,0.0,0.0,173117.84711014616,0.0
98.41,2298.87787,2319.524712,1783,0.0,0.0,172846.3363157629,0.0
98.42,2298.87787,2316.427686,1783,0.0,0.0,172615.55214053713,0.0
98.43,2298.87787,2313.795213,1783,0.0,0.0,172419.38552452906,0.0
98.44,2298.87787,2311.557612,1783,0.0,0.0,172252.64397916608,0.0
98.45,2298.87787,2309.655651,1783,0.0,0.0,172110.91365442987,0.0
98.46000000000001,2365.937979,2318.098,1784,0.0,0.0,172740.02059474387,0.0
98.47,2365.937979,2325.273997,1784,0.0,0.0,173274.76152009206,0.0
98.48,2365.937979,2331.373594,1785,0.0,0.0,173729.291273105,0.0
98.49000000000001,2322.980781,2330.114672,1785,0.0,0.0,173635.4789268594,0.0
98.5,2308.643865,2326.894051,1787,0.0,0.0,173395.48469975256,0.0
98.51,2308.643865,2324.156523,1787,0.0,0.0,173191.48959553405,0.0
98.52,2308.643865,2321.829625,1787,0.0,0.0,173018.09381656273,0.0
98.53,2308.643865,2319.851761,1787,0.0,0.0,172870.7073522745,0.0
98.54,2308.643865,2318.170576,1787,0.0,0.0,172745.42881291872,0.0
98.55,2308.643865,2316.74157,1787,0.0,0.0,172638.9421476138,0.0
98.56,2373.436929,2325.245874,1788,0.0,0.0,173272.66585045293,0.0
98.57000000000001,2373.436929,2332.474532,1788,0.0,0.0,173811.330968059,0.0
98.58,2373.436929,2338.618892,1788,0.0,0.0,174269.1963701867,0.0
98.59,2312.546713,2334.708065,1789,0.0,0.0,173977.76937420876,0.0
98.60000000000001,2324.806437,2333.222821,1791,0.0,0.0,173867.0919657695,0.0
98.61,2324.806437,2331.960363,1791,0.0,0.0,173773.01612388535,0.0
98.62,2324.806437,2330.887274,1791,0.0,0.0,173693.05168063924,0.0
98.63,2324.806437,2329.975149,1791,0.0,0.0,173625.0819523167,0.0
98.64,2324.806437,2329.199842,1791,0.0,0.0,173567.30762735405,0.0
98.65,2324.806437,2328.540831,1791,0.0,0.0,173518.1994474099,0.0
98.66,2327.980255,2328.456745,1792,0.0,0.0,173511.93352708567,0.0
98.67,2327.980255,2328.385271,1792,0.0,0.0,173506.6074277439,0.0
98.68,2311.689059,2325.880839,1792,0.0,0.0,173319.98217063304,0.0
98.69,2311.689059,2323.752072,1793,0.0,0.0,173161.35071699243,0.0
98.7,2315.031602,2322.444002,1794,0.0,0.0,173063.87596021369,0.0
98.71000000000001,2315.031602,2321.332142,1794,0.0,0.0,172981.02237969273,0.0
98.72,2315.031602,2320.387061,1794,0.0,0.0,172910.59683624987,0.0
98.73,2315.031602,2319.583742,1794,0.0,0.0,172850.73511314578,0.0
98.74000000000001,2315.031602,2318.900921,1795,0.0,0.0,172799.852659685,0.0
98.75,2315.031602,2318.320523,1795,0.0,0.0,172756.60256306565,0.0
98.76,2254.779798,2308.789414,1795,0.0,0.0,172046.3634079692,0.0
98.77,2254.779798,2300.687972,1796,0.0,0.0,171442.66017457398,0.0
98.78,2312.483234,2302.457261,1796,0.0,0.0,171574.50404756723,0.0
98.79,2312.483234,2303.961157,1797,0.0,0.0,171686.5713656929,0.0
98.8,2361.627898,2312.611168,1798,0.0,0.0,172331.15286237022,0.0
98.81,2361.627898,2319.963678,1798,0.0,0.0,172879.04718298267,0.0
98.82000000000001,2361.627898,2326.213311,1798,0.0,0.0,173344.75731824423,0.0
98.83,2361.627898,2331.525499,1798,0.0,0.0,173740.61092949065,0.0
98.84,2361.627898,2336.040859,1798,0.0,0.0,174077.08651395375,0.0
98.85000000000001,2361.627898,2339.878915,1799,0.0,0.0,174363.09076074732,0.0
98.86,2235.685009,2324.249829,1799,0.0,0.0,173198.4425717937,0.0
98.87,2235.685009,2310.965106,1800,0.0,0.0,172208.49161863496,0.0
98.88,2235.685009,2299.673091,1800,0.0,0.0,171367.03327491693,0.0
98.89,2322.934089,2303.162241,1800,0.0,0.0,171627.03774533106,0.0
98.9,2301.35085,2302.890532,1802,0.0,0.0,171606.79053479218,0.0
98.91,2301.35085,2302.65958,1802,0.0,0.0,171589.5804542708,0.0
98.92,2301.35085,2302.46327,1802,0.0,0.0,171574.95182621325,0.0
98.93,2301.35085,2302.296407,1802,0.0,0.0,171562.51752962332,0.0
98.94,2301.35085,2302.154574,1802,0.0,0.0,171551.94841850683,0.0
98.95,2301.35085,2302.034015,1803,0.0,0.0,171542.96460326566,0.0
98.96000000000001,2373.787812,2312.797085,1803,0.0,0.0,172345.00702488146,0.0
98.97,2373.787812,2321.945694,1803,0.0,0.0,173026.74304599583,0.0
98.98,2373.787812,2329.722012,1804,0.0,0.0,173606.21869002437,0.0
98.99000000000001,2311.950603,2327.0563,1804,0.0,0.0,173407.57517030273,0.0
99.0,2327.745233,2327.15964,1807,0.0,0.0,173415.2758601477,0.0
99.01,2327.745233,2327.247479,1807,0.0,0.0,173421.82144651597,0.0
99.02,2327.745233,2327.322142,1807,0.0,0.0,173427.3851837513,0.0
99.03,2327.745233,2327.385606,1807,0.0,0.0,173432.11439393435,0.0
99.04,2327.745233,2327.43955,1807,0.0,0.0,173436.13419278277,0.0
99.05,2327.745233,2327.485403,1807,0.0,0.0,173439.55106651474,0.0
99.06,2327.745233,2327.524377,1807,0.0,0.0,173442.45533094308,0.0
99.07000000000001,2327.745233,2327.557506,1807,0.0,0.0,173444.92403767686,0.0
99.08,2327.745233,2327.585665,1808,0.0,0.0,173447.0223899639,0.0
99.09,2341.756097,2329.71123,1808,0.0,0.0,173605.41523697705,0.0
99.10000000000001,2298.476851,2325.026073,1810,0.0,0.0,173256.28672011988,0.0
99.11,2298.476851,2321.04369,1810,0.0,0.0,172959.52751432435,0.0
99.12,2298.476851,2317.658664,1810,0.0,0.0,172707.28215586508,0.0
99.13,2298.476851,2314.781392,1810,0.0,0.0,172492.87360862645,0.0
99.14,2298.476851,2312.335711,1810,0.0,0.0,172310.62635837734,0.0
99.15,2298.476851,2310.256882,1810,0.0,0.0,172155.71618448777,0.0
99.16,2353.170075,2316.693861,1811,0.0,0.0,172635.3869684788,0.0
99.17,2353.170075,2322.165293,1811,0.0,0.0,173043.10712369342,0.0
99.18,2328.115106,2323.057765,1812,0.0,0.0,173109.6123498142,0.0
99.19,2328.115106,2323.816366,1812,0.0,0.0,173166.1417771133,0.0
99.2,2311.461391,2321.96312,1814,0.0,0.0,173028.04159661743,0.0
99.21000000000001,2311.461391,2320.38786,1814,0.0,0.0,172910.65637612971,0.0
99.22,2311.461391,2319.04889,1814,0.0,0.0,172810.87901323324,0.0
99.23,2311.461391,2317.910765,1814,0.0,0.0,172726.06821751216,0.0
99.24000000000001,2311.461391,2316.943359,1814,0.0,0.0,172653.97905977877,0.0
99.25,2311.461391,2316.121064,1814,0.0,0.0,172592.70328315717,0.0
99.26,2328.024099,2317.906519,1815,0.0,0.0,172725.75181409548,0.0
99.27,2328.024099,2319.424156,1815,0.0,0.0,172838.84308402252,0.0
99.28,2312.49445,2318.3847,1815,0.0,0.0,172761.38490458083,0.0
99.29,2312.49445,2317.501163,1816,0.0,0.0,172695.54549676625,0.0
99.3,2294.512709,2314.052895,1818,0.0,0.0,172438.58747111927,0.0
99.31,2294.512709,2311.121867,1818,0.0,0.0,172220.17313441573,0.0
99.32000000000001,2294.512709,2308.630493,1818,0.0,0.0,172034.52093331417,0.0
99.33,2294.512709,2306.512825,1818,0.0,0.0,171876.71655492598,0.0
99.34,2294.512709,2304.712808,1818,0.0,0.0,171742.58289291046,0.0
99.35000000000001,2294.512709,2303.182793,1818,0.0,0.0,171628.56923921237,0.0
99.36,2341.68366,2308.957923,1819,0.0,0.0,172058.92036118277,0.0
99.37,2341.68366,2313.866784,1819,0.0,0.0,172424.71885211655,0.0
99.38,2341.68366,2318.039315,1819,0.0,0.0,172735.64750607003,0.0
99.39,2312.488746,2317.20673,1820,0.0,0.0,172673.60493925583,0.0
99.4,2296.700923,2314.130859,1822,0.0,0.0,172444.39719226377,0.0
99.41,2296.700923,2311.516369,1822,0.0,0.0,172249.57063340183,0.0
99.42,2296.700923,2309.294052,1822,0.0,0.0,172083.96802111022,0.0
99.43,2296.700923,2307.405082,1822,0.0,0.0,171943.2057596774,0.0
99.44,2296.700923,2305.799459,1822,0.0,0.0,171823.5579492365,0.0
99.45,2296.700923,2304.434678,1822,0.0,0.0,171721.85720231067,0.0
99.46000000000001,2370.389954,2314.32797,1822,0.0,0.0,172459.0855092372,0.0
99.47,2370.389954,2322.737267,1823,0.0,0.0,173085.72948070316,0.0
99.48,2370.389954,2329.88517,1823,0.0,0.0,173618.37689743415,0.0
99.49000000000001,2322.968469,2328.847665,1824,0.0,0.0,173541.0641026053,0.0
99.5,2299.170595,2324.396104,1825,0.0,0.0,173209.34269185446,0.0
99.51,2299.170595,2320.612278,1825,0.0,0.0,172927.37955605652,0.0
99.52,2299.170595,2317.396026,1825,0.0,0.0,172687.71089808005,0.0
99.53,2299.170595,2314.662211,1825,0.0,0.0,172483.99247918566,0.0
99.54,2299.170595,2312.338468,1826,0.0,0.0,172310.83180449595,0.0
99.55,2299.170595,2310.363287,1826,0.0,0.0,172163.64527199458,0.0
99.56,2378.728134,2320.618014,1826,0.0,0.0,172927.80699128925,0.0
99.57000000000001,2378.728134,2329.334532,1827,0.0,0.0,173577.3444564156,0.0
99.58,2328.115106,2329.151618,1827,0.0,0.0,173563.71407145038,0.0
99.59,2328.115106,2328.996141,1827,0.0,0.0,173552.1282367782,0.0
99.60000000000001,2311.10669,2326.312724,1829,0.0,0.0,173352.16537591367,0.0
99.61,2311.10669,2324.031819,1829,0.0,0.0,173182.1969031939,0.0
99.62,2311.10669,2322.093049,1829,0.0,0.0,173037.72364549368,0.0
99.63,2311.10669,2320.445095,1829,0.0,0.0,172914.92141370743,0.0
99.64,2311.10669,2319.044335,1829,0.0,0.0,172810.53958375534,0.0
99.65,2311.10669,2317.853688,1830,0.0,0.0,172721.81495377806,0.0
99.66,2328.868758,2319.505948,1830,0.0,0.0,172844.9380600608,0.0
99.67,2328.868758,2320.91037,1831,0.0,0.0,172949.59277491918,0.0
99.68,2218.697417,2305.578427,1831,0.0,0.0,171807.08708724874,0.0
99.69,2218.697417,2292.546275,1831,0.0,0.0,170835.9572191958,0.0
99.7,2360.029921,2302.668822,1833,0.0,0.0,171590.26914960225,0.0
99.71000000000001,2360.029921,2311.272987,1833,0.0,0.0,172231.43429417355,0.0
99.72,2360.029921,2318.586527,1833,0.0,0.0,172776.42464842973,0.0
99.73,2360.029921,2324.803036,1833,0.0,0.0,173239.66644954745,0.0
99.74000000000001,2360.029921,2330.087069,1833,0.0,0.0,173633.42200657882,0.0
99.75,2360.029921,2334.578496,1834,0.0,0.0,173968.11415181163,0.0
99.76,2226.852772,2318.419638,1834,0.0,0.0,172763.98841437188,0.0
99.77,2226.852772,2304.684608,1834,0.0,0.0,171740.4814853855,0.0
99.78,2226.852772,2293.009832,1835,0.0,0.0,170870.50055848813,0.0
99.79,2322.911092,2297.495021,1835,0.0,0.0,171204.72786045348,0.0
99.8,2314.229015,2300.00512,1837,0.0,0.0,171391.77541105522,0.0
99.81,2314.229015,2302.138704,1837,0.0,0.0,171550.765817889,0.0
99.82000000000001,2314.229015,2303.952251,1837,0.0,0.0,171685.9077084086,0.0
99.83,2314.229015,2305.493766,1837,0.0,0.0,171800.77831907605,0.0
99.84,2314.229015,2306.804053,1837,0.0,0.0,171898.41828225492,0.0
99.85000000000001,2314.229015,2307.917797,1837,0.0,0.0,171981.4122546829,0.0
99.86,2348.537737,2314.010788,1838,0.0,0.0,172435.44974180535,0.0
99.87,2348.537737,2319.18983,1838,0.0,0.0,172821.38157977813,0.0
99.88,2348.537737,2323.592016,1839,0.0,0.0,173149.42366441042,0.0
99.89,2312.497842,2321.92789,1839,0.0,0.0,173025.4163275712,0.0
99.9,2326.046447,2322.545674,1841,0.0,0.0,173071.45235403907,0.0
99.91,2326.046447,2323.07079,1841,0.0,0.0,173110.58294672956,0.0
99.92,2326.046447,2323.517138,1841,0.0,0.0,173143.84390580567,0.0
99.93,2326.046447,2323.896535,1841,0.0,0.0,173172.11581044196,0.0
99.94,2326.046447,2324.219021,1841,0.0,0.0,173196.1468213317,0.0
99.95,2326.046447,2324.493135,1841,0.0,0.0,173216.57324765425,0.0
99.96000000000001,2325.542602,2324.650555,1842,0.0,0.0,173228.3038707953,0.0
99.97,2325.542602,2324.784362,1842,0.0,0.0,173238.2749004651,0.0
99.98,2325.542602,2324.898098,1843,0.0,0.0,173246.75027941048,0.0
99.99000000000001,2312.546328,2323.045333,1843,0.0,0.0,173108.68594207132,0.0
100.0,2332.791974,2324.507329,1846,0.0,0.0,173217.63095610845,0.0
100.01,2332.791974,2325.750026,1846,0.0,0.0,173310.23424784723,0.0
100.02,2332.791974,2326.806318,1846,0.0,0.0,173388.94701229202,0.0
100.03,2332.791974,2327.704166,1846,0.0,0.0,173455.85284716653,0.0
100.04,2332.791974,2328.467338,1846,0.0,0.0,173512.72289623148,0.0
100.05,2332.791974,2329.116033,1846,0.0,0.0,173561.0623485151,0.0
100.06,2332.791974,2329.667424,1846,0.0,0.0,173602.1509015857,0.0
100.07000000000001,2332.791974,2330.136107,1846,0.0,0.0,173637.07622013232,0.0
100.08,2332.791974,2330.534487,1846,0.0,0.0,173666.7626999121,0.0
100.09,2303.002986,2326.404762,1847,0.0,0.0,173359.02386335272,0.0
100.10000000000001,2323.905826,2326.029921,1849,0.0,0.0,173331.09146271233,0.0
100.11,2323.905826,2325.711307,1849,0.0,0.0,173307.34898550823,0.0
100.12,2323.905826,2325.440485,1849,0.0,0.0,173287.16787243303,0.0
100.13,2323.905826,2325.210286,1849,0.0,0.0,173270.01390396358,0.0
100.14,2323.905826,2325.014617,1849,0.0,0.0,173255.43304194233,0.0
100.15,2323.905826,2324.848298,1849,0.0,0.0,173243.039283143,0.0
100.16,2329.788871,2325.589384,1849,0.0,0.0,173298.2635277187,0.0
100.17,2329.788871,2326.219307,1850,0.0,0.0,173345.20412815627,0.0
100.18,2312.490634,2324.160006,1850,0.0,0.0,173191.74914171878,0.0
100.19,2312.490634,2322.409601,1851,0.0,0.0,173061.3124665872,0.0
100.2,2317.204638,2321.628856,1852,0.0,0.0,173003.132912755,0.0
100.21000000000001,2317.204638,2320.965224,1852,0.0,0.0,172953.6803851452,0.0
100.22,2317.204638,2320.401136,1852,0.0,0.0,172911.64567706245,0.0
100.23,2317.204638,2319.921661,1852,0.0,0.0,172875.91616028847,0.0
100.24000000000001,2317.204638,2319.514108,1853,0.0,0.0,172845.5461269191,0.0
100.25,2317.204638,2319.167687,1853,0.0,0.0,172819.73152776307,0.0
100.26,2327.57356,2320.428568,1853,0.0,0.0,172913.6898547654,0.0
100.27,2327.57356,2321.500317,1854,0.0,0.0,172993.55444389515,0.0
100.28,2327.57356,2322.411303,1854,0.0,0.0,173061.43929621868,0.0
100.29,2322.841407,2322.475819,1855,0.0,0.0,173066.24689933498,0.0
100.3,2303.787612,2319.672588,1856,0.0,0.0,172857.35573913736,0.0
100.31,2303.787612,2317.289841,1856,0.0,0.0,172679.79820453265,0.0
100.32000000000001,2303.787612,2315.264507,1856,0.0,0.0,172528.87437091072,0.0
100.33,2303.787612,2313.542973,1856,0.0,0.0,172400.58910488035,0.0
100.34,2303.787612,2312.079669,1856,0.0,0.0,172291.54662130272,0.0
100.35000000000001,2303.787612,2310.83586,1857,0.0,0.0,172198.8604655509,0.0
100.36,2355.885211,2317.593263,1857,0.0,0.0,172702.40860432116,0.0
100.37,2355.885211,2323.337055,1858,0.0,0.0,173130.42448129095,0.0
100.38,2355.885211,2328.219278,1858,0.0,0.0,173494.23796181165,0.0
100.39,2312.512102,2325.863202,1858,0.0,0.0,173318.667896714,0.0
100.4,2306.504078,2322.959333,1860,0.0,0.0,173102.27739430015,0.0
100.41,2306.504078,2320.491045,1860,0.0,0.0,172918.34551568516,0.0
100.42,2306.504078,2318.393,1860,0.0,0.0,172762.00340395878,0.0
100.43,2306.504078,2316.609662,1860,0.0,0.0,172629.11262762084,0.0
100.44,2306.504078,2315.093824,1860,0.0,0.0,172516.15541557103,0.0
100.45,2306.504078,2313.805362,1861,0.0,0.0,172420.14180768406,0.0
100.46000000000001,2364.16426,2321.359197,1861,0.0,0.0,172983.03846411072,0.0
100.47,2364.16426,2327.779956,1861,0.0,0.0,173461.50056618484,0.0
100.48,2364.16426,2333.237602,1862,0.0,0.0,173868.1934162882,0.0
100.49000000000001,2312.517883,2330.129644,1862,0.0,0.0,173636.59461031551,0.0
100.5,2317.526733,2328.239207,1864,0.0,0.0,173495.72303098065,0.0
100.51,2317.526733,2326.632336,1864,0.0,0.0,173375.98222207907,0.0
100.52,2317.526733,2325.266496,1864,0.0,0.0,173274.20256059404,0.0
100.53,2317.526733,2324.105531,1864,0.0,0.0,173187.68977381376,0.0
100.54,2317.526733,2323.118711,1864,0.0,0.0,173114.15392368005,0.0
100.55,2317.526733,2322.279915,1865,0.0,0.0,173051.64852558437,0.0
100.56,2275.695169,2315.292203,1865,0.0,0.0,172530.93822136504,0.0
100.57000000000001,2275.695169,2309.352648,1865,0.0,0.0,172088.33447768225,0.0
100.58,2374.676094,2319.151165,1866,0.0,0.0,172818.50034141104,0.0
100.59,2374.676094,2327.479904,1866,0.0,0.0,173439.1412920474,0.0
100.60000000000001,2283.196849,2320.837446,1868,0.0,0.0,172944.15862448126,0.0
100.61,2283.196849,2315.191356,1868,0.0,0.0,172523.42330488743,0.0
100.62,2283.196849,2310.39218,1868,0.0,0.0,172165.79832049168,0.0
100.63,2283.196849,2306.31288,1868,0.0,0.0,171861.81705394812,0.0
100.64,2283.196849,2302.845476,1868,0.0,0.0,171603.43305190408,0.0
100.65,2283.196849,2299.898182,1868,0.0,0.0,171383.80660545581,0.0
100.66,2369.517477,2310.341076,1869,0.0,0.0,172161.99015275572,0.0
100.67,2369.517477,2319.217536,1869,0.0,0.0,172823.44617541242,0.0
100.68,2312.482194,2318.207235,1870,0.0,0.0,172748.16056818314,0.0
100.69,2312.482194,2317.348479,1870,0.0,0.0,172684.1677908606,0.0
100.7,2323.407564,2318.257341,1872,0.0,0.0,172751.8943669578,0.0
100.71000000000001,2323.407564,2319.029875,1872,0.0,0.0,172809.46205351385,0.0
100.72,2323.407564,2319.686528,1872,0.0,0.0,172858.39452002026,0.0
100.73,2323.407564,2320.244683,1872,0.0,0.0,172899.9871128248,0.0
100.74000000000001,2323.407564,2320.719116,1872,0.0,0.0,172935.3409098562,0.0
100.75,2323.407564,2321.122383,1872,0.0,0.0,172965.3915590889,0.0
100.76,2326.162091,2321.878339,1873,0.0,0.0,173021.7238862851,0.0
100.77,2326.162091,2322.520902,1873,0.0,0.0,173069.60639420903,0.0
100.78,2312.465082,2321.012529,1873,0.0,0.0,172957.2054590093,0.0
100.79,2312.465082,2319.730412,1874,0.0,0.0,172861.66466781544,0.0
100.8,2320.17758,2319.797487,1876,0.0,0.0,172866.66296248694,0.0
100.81,2320.17758,2319.854501,1876,0.0,0.0,172870.9115315872,0.0
100.82000000000001,2320.17758,2319.902963,1876,0.0,0.0,172874.52282277422,0.0
100.83,2320.17758,2319.944155,1876,0.0,0.0,172877.59236812065,0.0
100.84,2320.17758,2319.979169,1876,0.0,0.0,172880.20154127944,0.0
100.85000000000001,2320.17758,2320.008931,1876,0.0,0.0,172882.41934591622,0.0
100.86,2333.744856,2322.069319,1877,0.0,0.0,173035.95533341682,0.0
100.87,2333.744856,2323.82065,1877,0.0,0.0,173166.46101221393,0.0
100.88,2333.744856,2325.309281,1877,0.0,0.0,173277.39081311016,0.0
100.89,2322.913647,2324.949936,1878,0.0,0.0,173250.6131433565,0.0
100.9,2308.069596,2322.417885,1879,0.0,0.0,173061.92977367717,0.0
100.91,2308.069596,2320.265641,1879,0.0,0.0,172901.548861013,0.0
100.92,2308.069596,2318.436235,1879,0.0,0.0,172765.2251895737,0.0
100.93,2308.069596,2316.881239,1879,0.0,0.0,172649.35000178407,0.0
100.94,2308.069596,2315.559492,1880,0.0,0.0,172550.85606235568,0.0
100.95,2308.069596,2314.436008,1880,0.0,0.0,172467.13628463369,0.0
100.96000000000001,2287.106507,2310.336583,1880,0.0,0.0,172161.65534339365,0.0
100.97,2287.106507,2306.852072,1881,0.0,0.0,171901.99656196914,0.0
100.98,2287.106507,2303.890237,1881,0.0,0.0,171681.2865493216,0.0
100.99000000000001,2381.343184,2315.508179,1882,0.0,0.0,172547.03232035827,0.0
101.0,2298.565566,2312.966787,1884,0.0,0.0,172357.65287806577,0.0
101.01,2298.565566,2310.806604,1884,0.0,0.0,172196.68036702077,0.0
101.02,2298.565566,2308.970448,1884,0.0,0.0,172059.85369909942,0.0
101.03,2298.565566,2307.409716,1884,0.0,0.0,171943.5510760771,0.0
101.04,2298.565566,2306.083094,1884,0.0,0.0,171844.69386141165,0.0
101.05,2298.565566,2304.955465,1884,0.0,0.0,171760.66520659067,0.0
101.06,2298.565566,2303.99698,1884,0.0,0.0,171689.2408239115,0.0
101.07000000000001,2298.565566,2303.182268,1885,0.0,0.0,171628.53011726376,0.0
101.08,2298.565566,2302.489763,1885,0.0,0.0,171576.92603151675,0.0
101.09,2304.098436,2302.731064,1885,0.0,0.0,171594.90729879256,0.0
101.10000000000001,2312.648383,2304.218661,1887,0.0,0.0,171705.76004807954,0.0
101.11,2312.648383,2305.48312,1887,0.0,0.0,171799.9850004764,0.0
101.12,2312.648383,2306.557909,1887,0.0,0.0,171880.07612431803,0.0
101.13,2312.648383,2307.47148,1887,0.0,0.0,171948.1536056647,0.0
101.14,2312.648383,2308.248016,1887,0.0,0.0,172006.01951324605,0.0
101.15,2312.648383,2308.908071,1888,0.0,0.0,172055.20548997942,0.0
101.16,2403.228993,2323.056209,1888,0.0,0.0,173109.49639981033,0.0
101.17,2403.228993,2335.082127,1889,0.0,0.0,174005.64372532928,0.0
101.18,2312.465544,2331.689639,1889,0.0,0.0,173752.84231357387,0.0
101.19,2312.465544,2328.806025,1889,0.0,0.0,173537.96117319612,0.0
101.2,2318.531918,2327.264909,1892,0.0,0.0,173423.12029520955,0.0
101.21000000000001,2318.531918,2325.95496,1892,0.0,0.0,173325.5055191138,0.0
101.22,2318.531918,2324.841504,1892,0.0,0.0,173242.53300786912,0.0
101.23,2318.531918,2323.895066,1892,0.0,0.0,173172.00634350386,0.0
101.24000000000001,2318.531918,2323.090594,1892,0.0,0.0,173112.05870114887,0.0
101.25,2318.531918,2322.406792,1892,0.0,0.0,173061.10314553272,0.0
101.26,2318.531918,2321.825561,1892,0.0,0.0,173017.79097542155,0.0
101.27,2318.531918,2321.331515,1892,0.0,0.0,172980.97565690835,0.0
101.28,2353.511386,2326.158495,1893,0.0,0.0,173340.67253970212,0.0
101.29,2353.511386,2330.261429,1893,0.0,0.0,173646.4149645948,0.0
101.3,2301.512431,2325.949079,1895,0.0,0.0,173325.06727877143,0.0
101.31,2301.512431,2322.283582,1895,0.0,0.0,173051.9217830806,0.0
101.32000000000001,2301.512431,2319.16791,1895,0.0,0.0,172819.7481452765,0.0
101.33,2301.512431,2316.519588,1895,0.0,0.0,172622.4004935286,0.0
101.34,2301.512431,2314.268514,1895,0.0,0.0,172454.65496718747,0.0
101.35000000000001,2301.512431,2312.355102,1895,0.0,0.0,172312.0713368637,0.0
101.36,2301.512431,2310.728701,1896,0.0,0.0,172190.8751914741,0.0
101.37,2288.87676,2307.45091,1896,0.0,0.0,171946.62077045944,0.0
101.38,2288.87676,2304.664788,1897,0.0,0.0,171739.0045386783,0.0
101.39,2288.87676,2302.296584,1897,0.0,0.0,171562.53071930888,0.0
101.4,2323.454298,2305.470241,1899,0.0,0.0,171799.02528318865,0.0
101.41,2323.454298,2308.167849,1899,0.0,0.0,172000.04562895343,0.0
101.42,2323.454298,2310.460817,1899,0.0,0.0,172170.91301227506,0.0
101.43,2323.454298,2312.409839,1899,0.0,0.0,172316.15022848398,0.0
101.44,2323.454298,2314.066508,1899,0.0,0.0,172439.60188461703,0.0
101.45,2323.454298,2315.474677,1899,0.0,0.0,172544.53581841144,0.0
101.46000000000001,2323.454298,2316.67162,1900,0.0,0.0,172633.72961369992,0.0
101.47,2359.873178,2323.151854,1900,0.0,0.0,173116.62367366583,0.0
101.48,2359.873178,2328.660052,1901,0.0,0.0,173527.08355757062,0.0
101.49000000000001,2296.449468,2323.828465,1901,0.0,0.0,173167.04337036313,0.0
101.5,2314.984042,2322.501801,1903,0.0,0.0,173068.18302594183,0.0
101.51,2314.984042,2321.374137,1903,0.0,0.0,172984.15176299092,0.0
101.52,2314.984042,2320.415623,1903,0.0,0.0,172912.72521928983,0.0
101.53,2314.984042,2319.600886,1903,0.0,0.0,172852.01264969216,0.0
101.54,2314.984042,2318.908359,1903,0.0,0.0,172800.40692454923,0.0
101.55,2314.984042,2318.319712,1903,0.0,0.0,172756.5421289698,0.0
101.56,2314.984042,2317.819361,1904,0.0,0.0,172719.2569744834,0.0
101.57000000000001,2314.984042,2317.394063,1904,0.0,0.0,172687.56461925126,0.0
101.58,2361.03734,2323.940555,1904,0.0,0.0,173175.39609268482,0.0
101.59,2361.03734,2329.505072,1905,0.0,0.0,173590.0527556817,0.0
101.60000000000001,2302.341068,2325.430472,1907,0.0,0.0,173286.42172372562,0.0
101.61,2302.341068,2321.967061,1907,0.0,0.0,173028.33527204496,0.0
101.62,2302.341068,2319.023162,1907,0.0,0.0,172808.96181419768,0.0
101.63,2302.341068,2316.520848,1907,0.0,0.0,172622.49438620522,0.0
101.64,2302.341068,2314.393881,1907,0.0,0.0,172463.99706495978,0.0
101.65,2302.341068,2312.585959,1907,0.0,0.0,172329.2743381753,0.0
101.66,2302.341068,2311.049225,1907,0.0,0.0,172214.75999805308,0.0
101.67,2389.533348,2322.821844,1908,0.0,0.0,173092.0319893641,0.0
101.68,2389.533348,2332.828569,1908,0.0,0.0,173837.71309628277,0.0
101.69,2389.533348,2341.334286,1909,0.0,0.0,174471.54209305212,0.0
101.7,2297.557889,2334.767827,1911,0.0,0.0,173982.22271876573,0.0
101.71000000000001,2297.557889,2329.186336,1911,0.0,0.0,173566.301187282,0.0
101.72,2297.557889,2324.442069,1911,0.0,0.0,173212.76791160213,0.0
101.73,2297.557889,2320.409442,1911,0.0,0.0,172912.26462354834,0.0
101.74000000000001,2297.557889,2316.981709,1911,0.0,0.0,172656.8368249767,0.0
101.75,2297.557889,2314.068136,1911,0.0,0.0,172439.72319991674,0.0
101.76,2297.557889,2311.591599,1911,0.0,0.0,172255.17662234165,0.0
101.77,2297.557889,2309.486542,1912,0.0,0.0,172098.31199041792,0.0
101.78,2394.931777,2322.303327,1912,0.0,0.0,173053.39314093807,0.0
101.79,2394.931777,2333.197595,1913,0.0,0.0,173865.21217476865,0.0
101.8,2295.995499,2327.61728,1915,0.0,0.0,173449.37827644977,0.0
101.81,2295.995499,2322.874013,1915,0.0,0.0,173095.91951876724,0.0
101.82000000000001,2295.995499,2318.842236,1915,0.0,0.0,172795.4795710112,0.0
101.83,2295.995499,2315.415225,1915,0.0,0.0,172540.10557443366,0.0
101.84,2295.995499,2312.502266,1915,0.0,0.0,172323.03770342405,0.0
101.85000000000001,2295.995499,2310.026251,1915,0.0,0.0,172138.53002424355,0.0
101.86,2295.995499,2307.921638,1915,0.0,0.0,171981.6984783107,0.0
101.87,2295.995499,2306.132717,1916,0.0,0.0,171848.3916679936,0.0
101.88,2364.207632,2314.843955,1916,0.0,0.0,172497.535678094,0.0
101.89,2364.207632,2322.248506,1916,0.0,0.0,173049.30798980597,0.0
101.9,2303.799573,2319.481166,1919,0.0,0.0,172843.0913550508,0.0
101.91,2303.799573,2317.128927,1919,0.0,0.0,172667.80721550895,0.0
101.92,2303.799573,2315.129524,1919,0.0,0.0,172518.81570807603,0.0
101.93,2303.799573,2313.430031,1919,0.0,0.0,172392.17289322495,0.0
101.94,2303.799573,2311.985463,1919,0.0,0.0,172284.52657884543,0.0
101.95,2303.799573,2310.757579,1919,0.0,0.0,172193.02712220125,0.0
101.96000000000001,2303.799573,2309.713878,1919,0.0,0.0,172115.2526138609,0.0
101.97,2326.843656,2312.283345,1919,0.0,0.0,172306.72414892865,0.0
101.98,2326.843656,2314.467392,1920,0.0,0.0,172469.47495746214,0.0
101.99000000000001,2326.843656,2316.323831,1920,0.0,0.0,172607.81307392358,0.0
102.0,2327.401586,2317.985494,1925,0.0,0.0,172731.63687293525,0.0
102.01,2327.401586,2319.397908,1925,0.0,0.0,172836.88713562838,0.0
102.02,2327.401586,2320.59846,1925,0.0,0.0,172926.3498663693,0.0
102.03,2327.401586,2321.618929,1925,0.0,0.0,173002.3931725955,0.0
102.04,2327.401586,2322.486327,1925,0.0,0.0,173067.02993445104,0.0
102.05,2327.401586,2323.223616,1925,0.0,0.0,173121.97123419086,0.0
102.06,2327.401586,2323.850312,1925,0.0,0.0,173168.671365051,0.0
102.07000000000001,2327.401586,2324.383003,1925,0.0,0.0,173208.36643157128,0.0
102.08,2327.401586,2324.83579,1925,0.0,0.0,173242.10721203228,0.0
102.09,2327.401586,2325.220659,1925,0.0,0.0,173270.78687915002,0.0
102.10000000000001,2408.86116,2337.766735,1927,0.0,0.0,174205.69533712862,0.0
102.11,2408.86116,2348.430898,1927,0.0,0.0,175000.3674071816,0.0
102.12,2408.86116,2357.495438,1927,0.0,0.0,175675.83877477772,0.0
102.13,2408.86116,2365.200296,1927,0.0,0.0,176249.9893627164,0.0
102.14,2408.86116,2371.749426,1927,0.0,0.0,176738.017414627,0.0
102.15,2408.86116,2377.316186,1927,0.0,0.0,177152.84122149192,0.0
102.16,2408.86116,2382.047932,1927,0.0,0.0,177505.44145732708,0.0
102.17,2408.86116,2386.069916,1927,0.0,0.0,177805.1516503352,0.0
102.18,2387.323363,2386.257933,1928,0.0,0.0,177819.16230064083,0.0
102.19,2387.323363,2386.417748,1928,0.0,0.0,177831.0713943855,0.0
102.2,2530.209838,2407.986561,1930,0.0,0.0,179438.33614411752,0.0
102.21000000000001,2530.209838,2426.320053,1930,0.0,0.0,180804.51125218175,0.0
102.22,2530.209838,2441.903521,1930,0.0,0.0,181965.76007913277,0.0
102.23,2530.209838,2455.149468,1930,0.0,0.0,182952.82152242676,0.0
102.24000000000001,2530.209838,2466.408524,1930,0.0,0.0,183791.82382747057,0.0
102.25,2530.209838,2475.978721,1931,0.0,0.0,184504.97574204695,0.0
102.26,2402.503418,2464.957425,1931,0.0,0.0,183683.69083605043,0.0
102.27,2402.503418,2455.589324,1931,0.0,0.0,182985.59871066417,0.0
102.28,2402.503418,2447.626438,1932,0.0,0.0,182392.22039290812,0.0
102.29,2499.99725,2455.48206,1932,0.0,0.0,182977.60561219763,0.0
102.3,2522.277072,2465.501312,1934,0.0,0.0,183724.22020606895,0.0
102.31,2522.277072,2474.017676,1934,0.0,0.0,184358.84259595597,0.0
102.32000000000001,2522.277072,2481.256585,1934,0.0,0.0,184898.27159755278,0.0
102.33,2522.277072,2487.409658,1934,0.0,0.0,185356.78627499132,0.0
102.34,2522.277072,2492.639771,1934,0.0,0.0,185746.5238216062,0.0
102.35000000000001,2522.277072,2497.085366,1935,0.0,0.0,186077.80065798492,0.0
102.36,2482.085301,2494.835356,1935,0.0,0.0,185910.134418793,0.0
102.37,2482.085301,2492.922848,1936,0.0,0.0,185767.6181527388,0.0
102.38,2482.085301,2491.297216,1936,0.0,0.0,185646.47931168915,0.0
102.39,2489.645243,2491.04942,1936,0.0,0.0,185628.01405002066,0.0
102.4,2490.446673,2490.959008,1938,0.0,0.0,185621.27672884523,0.0
102.41,2490.446673,2490.882158,1938,0.0,0.0,185615.55002074977,0.0
102.42,2490.446673,2490.816835,1938,0.0,0.0,185610.68228160965,0.0
102.43,2490.446673,2490.761311,1938,0.0,0.0,185606.54474432542,0.0
102.44,2490.446673,2490.714115,1939,0.0,0.0,185603.02779292304,0.0
102.45,2490.446673,2490.673999,1939,0.0,0.0,185600.03842894177,0.0
102.46000000000001,2492.337764,2490.923564,1939,0.0,0.0,185618.6355129476,0.0
102.47,2492.337764,2491.135694,1940,0.0,0.0,185634.44301572302,0.0
102.48,2492.337764,2491.316004,1940,0.0,0.0,185647.87935582316,0.0
102.49000000000001,2499.812097,2492.590418,1941,0.0,0.0,185742.84613488353,0.0
102.5,2484.128759,2491.321169,1943,0.0,0.0,185648.2642412794,0.0
102.51,2484.128759,2490.242308,1943,0.0,0.0,185567.86968015262,0.0
102.52,2484.128759,2489.325275,1943,0.0,0.0,185499.53421749923,0.0
102.53,2484.128759,2488.545798,1943,0.0,0.0,185441.44915248768,0.0
102.54,2484.128759,2487.883242,1943,0.0,0.0,185392.07680624293,0.0
102.55,2484.128759,2487.32007,1943,0.0,0.0,185350.11035664575,0.0
102.56,2531.020927,2493.875198,1944,0.0,0.0,185838.58536750427,0.0
102.57000000000001,2531.020927,2499.447058,1944,0.0,0.0,186253.78921615568,0.0
102.58,2499.859133,2499.508869,1944,0.0,0.0,186258.3952480891,0.0
102.59,2499.859133,2499.561409,1945,0.0,0.0,186262.3104236693,0.0
102.60000000000001,2490.126221,2498.14613,1947,0.0,0.0,186156.8466669139,0.0
102.61,2490.126221,2496.943144,1947,0.0,0.0,186067.2025593674,0.0
102.62,2490.126221,2495.920605,1947,0.0,0.0,185991.00500088674,0.0
102.63,2490.126221,2495.051448,1947,0.0,0.0,185926.2371618739,0.0
102.64,2490.126221,2494.312664,1947,0.0,0.0,185871.18445772803,0.0
102.65,2490.126221,2493.684697,1947,0.0,0.0,185824.38961449327,0.0
102.66,2510.214376,2496.164149,1948,0.0,0.0,186009.1534120306,0.0
102.67,2510.214376,2498.271683,1948,0.0,0.0,186166.2026250337,0.0
102.68,2510.214376,2500.063087,1949,0.0,0.0,186299.6944635382,0.0
102.69,2499.97575,2500.049986,1949,0.0,0.0,186298.71820325506,0.0
102.7,2481.290019,2497.235991,1951,0.0,0.0,186089.02493133405,0.0
102.71000000000001,2481.290019,2494.844095,1951,0.0,0.0,185910.78563157172,0.0
102.72,2481.290019,2492.810984,1951,0.0,0.0,185759.28227148455,0.0
102.73,2481.290019,2491.082839,1951,0.0,0.0,185630.5043669737,0.0
102.74000000000001,2481.290019,2489.613916,1951,0.0,0.0,185521.043166769,0.0
102.75,2481.290019,2488.365331,1951,0.0,0.0,185428.00111306194,0.0
102.76,2523.246778,2493.597548,1952,0.0,0.0,185817.8954455432,0.0
102.77,2523.246778,2498.044933,1952,0.0,0.0,186149.30566913716,0.0
102.78,2484.36382,2495.992766,1953,0.0,0.0,185996.3822940927,0.0
102.79,2484.36382,2494.248424,1953,0.0,0.0,185866.397421579,0.0
102.8,2489.017123,2493.463729,1955,0.0,0.0,185807.92352165733,0.0
102.81,2489.017123,2492.796738,1955,0.0,0.0,185758.22068809444,0.0
102.82000000000001,2489.017123,2492.229796,1955,0.0,0.0,185715.97330564726,0.0
102.83,2489.017123,2491.747895,1955,0.0,0.0,185680.06300821176,0.0
102.84,2489.017123,2491.338279,1955,0.0,0.0,185649.5392442139,0.0
102.85000000000001,2489.017123,2490.990106,1956,0.0,0.0,185623.5940895265,0.0
102.86,2512.866931,2494.27163,1956,0.0,0.0,185868.12668622524,0.0
102.87,2512.866931,2497.060925,1956,0.0,0.0,186075.97936361196,0.0
102.88,2512.866931,2499.431826,1957,0.0,0.0,186252.65415802016,0.0
102.89,2499.999417,2499.516964,1957,0.0,0.0,186258.99847127762,0.0
102.9,2479.303636,2496.484965,1959,0.0,0.0,186033.0599778648,0.0
102.91,2479.303636,2493.907766,1959,0.0,0.0,185841.01226964162,0.0
102.92,2479.303636,2491.717146,1959,0.0,0.0,185677.7716543116,0.0
102.93,2479.303636,2489.85512,1959,0.0,0.0,185539.0172057991,0.0
102.94,2479.303636,2488.272397,1959,0.0,0.0,185421.07585749732,0.0
102.95,2479.303636,2486.927083,1960,0.0,0.0,185320.8257524256,0.0
102.96000000000001,2540.650514,2494.985597,1960,0.0,0.0,185921.3300772311,0.0
102.97,2540.650514,2501.835335,1961,0.0,0.0,186431.75883528564,0.0
102.98,2484.352889,2499.212968,1961,0.0,0.0,186236.34529815862,0.0
102.99000000000001,2484.352889,2496.983956,1961,0.0,0.0,186070.2437878748,0.0
103.0,2476.189233,2493.864748,1964,0.0,0.0,185837.80665443206,0.0
103.01,2476.189233,2491.213421,1965,0.0,0.0,185640.2350761022,0.0
103.02,2476.189233,2488.959792,1965,0.0,0.0,185472.29915627788,0.0
103.03,2476.189233,2487.044208,1965,0.0,0.0,185329.5536728639,0.0
103.04,2476.189233,2485.415962,1965,0.0,0.0,185208.2200417692,0.0
103.05,2476.189233,2484.031953,1965,0.0,0.0,185105.08646279055,0.0
103.06,2476.189233,2482.855545,1965,0.0,0.0,185017.42289457732,0.0
103.07000000000001,2476.189233,2481.855598,1965,0.0,0.0,184942.90884669256,0.0
103.08,2476.189233,2481.005643,1965,0.0,0.0,184879.5719022646,0.0
103.09,2492.635158,2482.75007,1966,0.0,0.0,185009.56310880807,0.0
103.10000000000001,2494.332724,2484.487468,1968,0.0,0.0,185139.03052834823,0.0
103.11,2494.332724,2485.964257,1968,0.0,0.0,185249.07788712002,0.0
103.12,2494.332724,2487.219527,1968,0.0,0.0,185342.61809363932,0.0
103.13,2494.332724,2488.286507,1968,0.0,0.0,185422.1273064397,0.0
103.14,2494.332724,2489.193439,1968,0.0,0.0,185489.71006280207,0.0
103.15,2494.332724,2489.964332,1968,0.0,0.0,185547.15546532444,0.0
103.16,2496.849706,2490.997138,1968,0.0,0.0,185624.1181000838,0.0
103.17,2496.849706,2491.875023,1969,0.0,0.0,185689.53633217746,0.0
103.18,2496.849706,2492.621226,1969,0.0,0.0,185745.14188534554,0.0
103.19,2501.100317,2493.89309,1970,0.0,0.0,185839.91864351265,0.0
103.2,2488.994101,2493.158241,1972,0.0,0.0,185785.15916768636,0.0
103.21000000000001,2488.994101,2492.53362,1972,0.0,0.0,185738.6136616707,0.0
103.22,2488.994101,2492.002692,1972,0.0,0.0,185699.04997037968,0.0
103.23,2488.994101,2491.551404,1972,0.0,0.0,185665.42089239668,0.0
103.24000000000001,2488.994101,2491.167808,1972,0.0,0.0,185636.83608668958,0.0
103.25,2488.994101,2490.841752,1972,0.0,0.0,185612.5390465493,0.0
103.26,2521.417021,2495.428043,1973,0.0,0.0,185954.30026708162,0.0
103.27,2521.417021,2499.326389,1973,0.0,0.0,186244.79720393478,0.0
103.28,2499.998625,2499.427225,1973,0.0,0.0,186252.3113007144,0.0
103.29,2499.998625,2499.512935,1974,0.0,0.0,186258.69823826634,0.0
103.3,2486.450879,2497.553626,1976,0.0,0.0,186112.6944554187,0.0
103.31,2486.450879,2495.888214,1976,0.0,0.0,185988.59128843492,0.0
103.32000000000001,2486.450879,2494.472614,1976,0.0,0.0,185883.10361140233,0.0
103.33,2486.450879,2493.269354,1976,0.0,0.0,185793.43908592465,0.0
103.34,2486.450879,2492.246582,1976,0.0,0.0,185717.2241647506,0.0
103.35000000000001,2486.450879,2491.377227,1976,0.0,0.0,185652.44157117428,0.0
103.36,2531.899201,2497.455523,1977,0.0,0.0,186105.3840163258,0.0
103.37,2531.899201,2502.622075,1977,0.0,0.0,186490.38512451184,0.0
103.38,2531.899201,2507.013644,1978,0.0,0.0,186817.63605156637,0.0
103.39,2500.041084,2505.96776,1978,0.0,0.0,186739.6988704378,0.0
103.4,2481.826555,2502.346579,1980,0.0,0.0,186469.85571431697,0.0
103.41,2481.826555,2499.268575,1980,0.0,0.0,186240.48902043665,0.0
103.42,2481.826555,2496.652272,1980,0.0,0.0,186045.52736044553,0.0
103.43,2481.826555,2494.428415,1980,0.0,0.0,185879.80999043796,0.0
103.44,2481.826555,2492.538136,1980,0.0,0.0,185738.95018494668,0.0
103.45,2481.826555,2490.931399,1981,0.0,0.0,185619.21936145672,0.0
103.46000000000001,2535.54421,2497.62332,1981,0.0,0.0,186117.88791272524,0.0
103.47,2535.54421,2503.311454,1981,0.0,0.0,186541.75626699917,0.0
103.48,2535.54421,2508.146367,1982,0.0,0.0,186902.04430106576,0.0
103.49000000000001,2489.605823,2505.365286,1982,0.0,0.0,186694.80371450924,0.0
103.5,2490.303828,2503.106067,1984,0.0,0.0,186526.45123907976,0.0
103.51,2490.303828,2501.185731,1984,0.0,0.0,186383.35164614243,0.0
103.52,2490.303828,2499.553446,1984,0.0,0.0,186261.71703685645,0.0
103.53,2490.303828,2498.166003,1984,0.0,0.0,186158.32756307494,0.0
103.54,2490.303828,2496.986677,1984,0.0,0.0,186070.44655134552,0.0
103.55,2490.303828,2495.984249,1985,0.0,0.0,185995.74762430936,0.0
103.56,2452.403643,2489.447158,1985,0.0,0.0,185508.6166945688,0.0
103.57000000000001,2452.403643,2483.890631,1986,0.0,0.0,185094.55543037067,0.0
103.58,2452.403643,2479.167583,1986,0.0,0.0,184742.60335207632,0.0
103.59,2500.005583,2482.293283,1986,0.0,0.0,184975.52425635772,0.0
103.60000000000001,2533.10952,2489.915718,1988,0.0,0.0,185543.5328474018,0.0
103.61,2533.10952,2496.394789,1988,0.0,0.0,186026.34024293677,0.0
103.62,2533.10952,2501.901998,1988,0.0,0.0,186436.72642854217,0.0
103.63,2533.10952,2506.583127,1988,0.0,0.0,186785.5547869061,0.0
103.64,2533.10952,2510.562086,1988,0.0,0.0,187082.0588430787,0.0
103.65,2533.10952,2513.944201,1989,0.0,0.0,187334.08727964773,0.0
103.66,2434.977215,2502.099153,1989,0.0,0.0,186451.4180243075,0.0
103.67,2434.977215,2492.030862,1990,0.0,0.0,185701.1491423647,0.0
103.68,2499.915253,2493.213521,1990,0.0,0.0,185789.27852257926,0.0
103.69,2499.915253,2494.218781,1991,0.0,0.0,185864.1884845839,0.0
103.7,2486.726741,2493.094975,1992,0.0,0.0,185780.44471206673,0.0
103.71000000000001,2486.726741,2492.13974,1992,0.0,0.0,185709.26251287895,0.0
103.72,2486.726741,2491.32779,1992,0.0,0.0,185648.7576249398,0.0
103.73,2486.726741,2490.637632,1992,0.0,0.0,185597.32843293255,0.0
103.74000000000001,2486.726741,2490.050999,1993,0.0,0.0,185553.6137165998,0.0
103.75,2486.726741,2489.55236,1993,0.0,0.0,185516.45613692485,0.0
103.76,2518.39839,2493.879265,1993,0.0,0.0,185838.88843219948,0.0
103.77,2518.39839,2497.557133,1994,0.0,0.0,186112.95579003534,0.0
103.78,2499.797266,2497.893153,1994,0.0,0.0,186137.99532750112,0.0
103.79,2499.797266,2498.17877,1995,0.0,0.0,186159.27893434698,0.0
103.8,2493.615193,2497.494234,1997,0.0,0.0,186108.26868252078,0.0
103.81,2493.615193,2496.912377,1997,0.0,0.0,186064.9098641433,0.0
103.82000000000001,2493.615193,2496.4178,1997,0.0,0.0,186028.05497657356,0.0
103.83,2493.615193,2495.997409,1997,0.0,0.0,185996.72828115436,0.0
103.84,2493.615193,2495.640076,1997,0.0,0.0,185970.10054161132,0.0
103.85000000000001,2493.615193,2495.336344,1997,0.0,0.0,185947.46704124362,0.0
103.86,2528.520975,2500.314038,1998,0.0,0.0,186318.3948294883,0.0
103.87,2528.520975,2504.545079,1998,0.0,0.0,186633.68353146606,0.0
103.88,2528.520975,2508.141463,1998,0.0,0.0,186901.67886480683,0.0
103.89,2510.539181,2508.501121,1999,0.0,0.0,186928.4798586936,0.0
103.9,2475.743007,2503.587404,2001,0.0,0.0,186562.31950836474,0.0
103.91,2475.743007,2499.410744,2001,0.0,0.0,186251.08316960026,0.0
103.92,2475.743007,2495.860584,2001,0.0,0.0,185986.53235616846,0.0
103.93,2475.743007,2492.842947,2001,0.0,0.0,185761.66409023345,0.0
103.94,2475.743007,2490.277956,2001,0.0,0.0,185570.52609772177,0.0
103.95,2475.743007,2488.097714,2001,0.0,0.0,185408.05883016816,0.0
103.96000000000001,2534.219888,2495.01604,2002,0.0,0.0,185923.59862862414,0.0
103.97,2534.219888,2500.896617,2002,0.0,0.0,186361.8074498599,0.0
103.98,2534.219888,2505.895108,2003,0.0,0.0,186734.28498889518,0.0
103.99000000000001,2489.60491,2503.451578,2003,0.0,0.0,186552.19802685824,0.0
104.0,2487.58437,2501.071497,2006,0.0,0.0,186374.83915723444,0.0
104.01,2487.58437,2499.048428,2006,0.0,0.0,186224.08410687654,0.0
104.02,2487.58437,2497.328819,2006,0.0,0.0,186095.942287991,0.0
104.03,2487.58437,2495.867152,2006,0.0,0.0,185987.021790375,0.0
104.04,2487.58437,2494.624734,2006,0.0,0.0,185894.43928915748,0.0
104.05,2487.58437,2493.56868,2006,0.0,0.0,185815.74425999602,0.0
104.06,2487.58437,2492.671033,2006,0.0,0.0,185748.853403239,0.0
104.07000000000001,2487.58437,2491.908034,2006,0.0,0.0,185691.99624578757,0.0
104.08,2487.58437,2491.259484,2007,0.0,0.0,185643.6675986136,0.0
104.09,2523.61639,2496.11302,2007,0.0,0.0,186005.34338134466,0.0
104.10000000000001,2482.734042,2494.106173,2009,0.0,0.0,185855.79716193958,0.0
104.11,2482.734042,2492.400354,2009,0.0,0.0,185728.68294623736,0.0
104.12,2482.734042,2490.950407,2009,0.0,0.0,185620.63579955016,0.0
104.13,2482.734042,2489.717952,2009,0.0,0.0,185528.79572114017,0.0
104.14,2482.734042,2488.670366,2009,0.0,0.0,185450.7317103801,0.0
104.15,2482.734042,2487.779917,2010,0.0,0.0,185384.3772341679,0.0
104.16,2465.399398,2484.422839,2010,0.0,0.0,185134.21450469823,0.0
104.17,2465.399398,2481.569323,2010,0.0,0.0,184921.57620700446,0.0
104.18,2465.399398,2479.143834,2011,0.0,0.0,184740.83362415747,0.0
104.19,2553.727679,2490.331411,2011,0.0,0.0,185574.50945726954,0.0
104.2,2461.390943,2485.990341,2013,0.0,0.0,185251.02161456257,0.0
104.21000000000001,2461.390943,2482.300431,2013,0.0,0.0,184976.0569110027,0.0
104.22,2461.390943,2479.164008,2013,0.0,0.0,184742.33695023585,0.0
104.23,2461.390943,2476.498048,2013,0.0,0.0,184543.67495005086,0.0
104.24000000000001,2461.390943,2474.231982,2013,0.0,0.0,184374.8122498936,0.0
104.25,2461.390943,2472.305826,2014,0.0,0.0,184231.27896221177,0.0
104.26,2573.713133,2487.516922,2014,0.0,0.0,185364.7793734578,0.0
104.27,2573.713133,2500.446354,2015,0.0,0.0,186328.25475282417,0.0
104.28,2484.362702,2498.033806,2015,0.0,0.0,186148.47650738078,0.0
104.29,2484.362702,2495.983141,2015,0.0,0.0,185995.66505836832,0.0
104.3,2497.863339,2496.26517,2017,0.0,0.0,186016.68129463974,0.0
104.31,2497.863339,2496.504896,2017,0.0,0.0,186034.5451960697,0.0
104.32000000000001,2497.863339,2496.708662,2017,0.0,0.0,186049.72943031543,0.0
104.33,2497.863339,2496.881864,2017,0.0,0.0,186062.63609649046,0.0
104.34,2497.863339,2497.029085,2018,0.0,0.0,186073.6067105767,0.0
104.35000000000001,2497.863339,2497.154223,2018,0.0,0.0,186082.93174372768,0.0
104.36,2412.754074,2484.494201,2018,0.0,0.0,185139.53225802435,0.0
104.37,2412.754074,2473.733182,2019,0.0,0.0,184337.6426728211,0.0
104.38,2412.754074,2464.586316,2019,0.0,0.0,183656.03653657605,0.0
104.39,2499.952168,2469.891193,2020,0.0,0.0,184051.34534674397,0.0
104.4,2488.400058,2472.667523,2022,0.0,0.0,184258.2318982952,0.0
104.41,2488.400058,2475.027403,2022,0.0,0.0,184434.08542985478,0.0
104.42,2488.400058,2477.033302,2022,0.0,0.0,184583.56100619835,0.0
104.43,2488.400058,2478.738315,2022,0.0,0.0,184710.61516039475,0.0
104.44,2488.400058,2480.187577,2022,0.0,0.0,184818.61126225375,0.0
104.45,2488.400058,2481.419449,2022,0.0,0.0,184910.4078966713,0.0
104.46000000000001,2563.244753,2493.693245,2023,0.0,0.0,185825.02659433451,0.0
104.47,2563.244753,2504.125971,2023,0.0,0.0,186602.45244263744,0.0
104.48,2515.552049,2505.839883,2023,0.0,0.0,186730.16973249216,0.0
104.49000000000001,2515.552049,2507.296708,2024,0.0,0.0,186838.729413965,0.0
104.5,2484.510012,2503.878703,2026,0.0,0.0,186584.02652647154,0.0
104.51,2484.510012,2500.973399,2026,0.0,0.0,186367.52909073152,0.0
104.52,2484.510012,2498.503891,2026,0.0,0.0,186183.50630015973,0.0
104.53,2484.510012,2496.404809,2026,0.0,0.0,186027.08691327012,0.0
104.54,2484.510012,2494.62059,2026,0.0,0.0,185894.13048657653,0.0
104.55,2484.510012,2493.104003,2026,0.0,0.0,185781.1174605467,0.0
104.56,2536.940711,2499.679509,2027,0.0,0.0,186271.110999155,0.0
104.57000000000001,2536.940711,2505.268689,2027,0.0,0.0,186687.60549952026,0.0
104.58,2484.37413,2502.134506,2028,0.0,0.0,186454.0524590674,0.0
104.59,2484.37413,2499.470449,2028,0.0,0.0,186255.53226663134,0.0
104.60000000000001,2497.177266,2499.126472,2030,0.0,0.0,186229.89978946082,0.0
104.61,2497.177266,2498.834091,2030,0.0,0.0,186208.11214288097,0.0
104.62,2497.177266,2498.585567,2030,0.0,0.0,186189.5926321104,0.0
104.63,2497.177266,2498.374322,2030,0.0,0.0,186173.85107776258,0.0
104.64,2497.177266,2498.194764,2030,0.0,0.0,186160.4707751964,0.0
104.65,2497.177266,2498.042139,2030,0.0,0.0,186149.09746585262,0.0
104.66,2401.684234,2483.588454,2031,0.0,0.0,185072.03780548886,0.0
104.67,2401.684234,2471.302821,2031,0.0,0.0,184156.53703829114,0.0
104.68,2401.684234,2460.860033,2032,0.0,0.0,183378.36138989896,0.0
104.69,2499.995333,2466.730328,2032,0.0,0.0,183815.80401708613,0.0
104.7,2494.194383,2470.849936,2034,0.0,0.0,184122.7889550664,0.0
104.71000000000001,2494.194383,2474.351603,2034,0.0,0.0,184383.72616725328,0.0
104.72,2494.194383,2477.32802,2034,0.0,0.0,184605.52280133803,0.0
104.73,2494.194383,2479.857975,2034,0.0,0.0,184794.04998129493,0.0
104.74000000000001,2494.194383,2482.008436,2034,0.0,0.0,184954.29802836984,0.0
104.75,2494.194383,2483.836328,2035,0.0,0.0,185090.50887956115,0.0
104.76,2511.215717,2487.943236,2035,0.0,0.0,185396.5474389753,0.0
104.77,2511.215717,2491.434108,2035,0.0,0.0,185656.68022938084,0.0
104.78,2484.348914,2490.371329,2036,0.0,0.0,185577.4840666873,0.0
104.79,2484.348914,2489.467967,2036,0.0,0.0,185510.16733957545,0.0
104.8,2491.343826,2489.749346,2038,0.0,0.0,185531.1351391486,0.0
104.81,2491.343826,2489.988518,2038,0.0,0.0,185548.95775760806,0.0
104.82000000000001,2491.343826,2490.191814,2038,0.0,0.0,185564.10696839503,0.0
104.83,2491.343826,2490.364616,2038,0.0,0.0,185576.98382737115,0.0
104.84,2491.343826,2490.511497,2038,0.0,0.0,185587.92910533826,0.0
104.85000000000001,2491.343826,2490.636347,2039,0.0,0.0,185597.232677306,0.0
104.86,2520.462903,2495.11033,2039,0.0,0.0,185930.62493059316,0.0
104.87,2520.462903,2498.913216,2040,0.0,0.0,186214.00837942038,0.0
104.88,2499.992875,2499.075165,2040,0.0,0.0,186226.0764945714,0.0
104.89,2499.992875,2499.212821,2040,0.0,0.0,186236.33434401304,0.0
104.9,2487.038247,2497.386635,2042,0.0,0.0,186100.25062052513,0.0
104.91,2487.038247,2495.834377,2042,0.0,0.0,185984.57946301225,0.0
104.92,2487.038247,2494.514957,2042,0.0,0.0,185886.25892696364,0.0
104.93,2487.038247,2493.393451,2042,0.0,0.0,185802.68654584035,0.0
104.94,2487.038247,2492.44017,2043,0.0,0.0,185731.64995481938,0.0
104.95,2487.038247,2491.629882,2043,0.0,0.0,185671.26891579185,0.0
104.96000000000001,2530.564499,2497.470074,2043,0.0,0.0,186106.46832770508,0.0
104.97,2530.564499,2502.434238,2044,0.0,0.0,186476.38788744572,0.0
104.98,2484.351771,2499.721868,2044,0.0,0.0,186274.26750700426,0.0
104.99000000000001,2484.351771,2497.416353,2045,0.0,0.0,186102.46514637006,0.0
105.0,2502.403199,2498.16438,2048,0.0,0.0,186158.2066203653,0.0
105.01,2502.403199,2498.800203,2048,0.0,0.0,186205.58687698713,0.0
105.02,2502.403199,2499.340653,2048,0.0,0.0,186245.86012864884,0.0
105.03,2502.403199,2499.800035,2048,0.0,0.0,186280.09235530227,0.0
105.04,2502.403199,2500.190509,2048,0.0,0.0,186309.18969579507,0.0
105.05,2502.403199,2500.522413,2048,0.0,0.0,186333.92251718376,0.0
105.06,2502.403199,2500.804531,2048,0.0,0.0,186354.94538555693,0.0
105.07000000000001,2502.403199,2501.044331,2048,0.0,0.0,186372.81480131875,0.0
105.08,2502.403199,2501.248161,2048,0.0,0.0,186388.00380471628,0.0
105.09,2516.278225,2503.502671,2049,0.0,0.0,186556.00537489628,0.0
105.10000000000001,2473.496892,2499.001804,2051,0.0,0.0,186220.60977976862,0.0
105.11,2473.496892,2495.176067,2051,0.0,0.0,185935.52352018422,0.0
105.12,2473.496892,2491.924191,2051,0.0,0.0,185693.20023307056,0.0
105.13,2473.496892,2489.160096,2051,0.0,0.0,185487.22540921677,0.0
105.14,2473.496892,2486.810615,2051,0.0,0.0,185312.14679031158,0.0
105.15,2473.496892,2484.813557,2051,0.0,0.0,185163.33002758241,0.0
105.16,2538.804033,2492.912128,2052,0.0,0.0,185766.81931980734,0.0
105.17,2538.804033,2499.795914,2052,0.0,0.0,186279.78526663518,0.0
105.18,2499.995125,2499.825796,2053,0.0,0.0,186282.0120134317,0.0
105.19,2499.995125,2499.851195,2053,0.0,0.0,186283.90469604614,0.0
105.2,2483.248009,2497.360717,2055,0.0,0.0,186098.3192630701,0.0
105.21000000000001,2483.248009,2495.243811,2055,0.0,0.0,185940.57166739594,0.0
105.22,2483.248009,2493.444441,2055,0.0,0.0,185806.48621852466,0.0
105.23,2483.248009,2491.914976,2055,0.0,0.0,185692.51354972512,0.0
105.24000000000001,2483.248009,2490.614931,2055,0.0,0.0,185595.63679987498,0.0
105.25,2483.248009,2489.509893,2055,0.0,0.0,185513.29158113187,0.0
105.26,2434.149792,2481.205878,2056,0.0,0.0,184894.49301346173,0.0
105.27,2434.149792,2474.147465,2056,0.0,0.0,184368.51421231258,0.0
105.28,2499.995125,2478.024614,2057,0.0,0.0,184657.43159117614,0.0
105.29,2499.995125,2481.32019,2057,0.0,0.0,184903.01131477347,0.0
105.3,2526.713568,2488.129197,2059,0.0,0.0,185410.4048802784,0.0
105.31,2526.713568,2493.916853,2059,0.0,0.0,185841.68941468344,0.0
105.32000000000001,2526.713568,2498.83636,2059,0.0,0.0,186208.28122421692,0.0
105.33,2526.713568,2503.017941,2059,0.0,0.0,186519.8842660463,0.0
105.34,2526.713568,2506.572285,2059,0.0,0.0,186784.74686277896,0.0
105.35000000000001,2526.713568,2509.593478,2060,0.0,0.0,187009.8801147125,0.0
105.36,2436.002301,2498.554801,2060,0.0,0.0,186187.30001140427,0.0
105.37,2436.002301,2489.171926,2060,0.0,0.0,185488.1069571253,0.0
105.38,2436.002301,2481.196482,2061,0.0,0.0,184893.79284235867,0.0
105.39,2489.697693,2482.471664,2061,0.0,0.0,184988.81685124105,0.0
105.4,2485.701598,2482.956154,2063,0.0,0.0,185024.9200757716,0.0
105.41,2485.701598,2483.367971,2063,0.0,0.0,185055.6078538816,0.0
105.42,2485.701598,2483.718015,2063,0.0,0.0,185081.69243174203,0.0
105.43,2485.701598,2484.015552,2063,0.0,0.0,185103.86429311617,0.0
105.44,2485.701598,2484.268459,2063,0.0,0.0,185122.7104162691,0.0
105.45,2485.701598,2484.48343,2064,0.0,0.0,185138.72962467503,0.0
105.46000000000001,2541.343207,2493.012396,2064,0.0,0.0,185774.29109036448,0.0
105.47,2541.343207,2500.262018,2065,0.0,0.0,186314.51840326673,0.0
105.48,2499.965,2500.217465,2065,0.0,0.0,186311.19840293133,0.0
105.49000000000001,2499.965,2500.179596,2065,0.0,0.0,186308.37648089012,0.0
105.5,2483.712862,2497.709586,2067,0.0,0.0,186124.31628228363,0.0
105.51,2483.712862,2495.610077,2067,0.0,0.0,185967.8650762092,0.0
105.52,2483.712862,2493.825495,2067,0.0,0.0,185834.88159948259,0.0
105.53,2483.712862,2492.3086,2067,0.0,0.0,185721.84562190948,0.0
105.54,2483.712862,2491.019239,2067,0.0,0.0,185625.765022343,0.0
105.55,2483.712862,2489.923283,2068,0.0,0.0,185544.0965760517,0.0
105.56,2552.204166,2499.265415,2068,0.0,0.0,186240.25354356505,0.0
105.57000000000001,2552.204166,2507.206228,2069,0.0,0.0,186831.98702556585,0.0
105.58,2552.204166,2513.955919,2069,0.0,0.0,187334.96048154056,0.0
105.59,2489.792891,2510.331465,2070,0.0,0.0,187064.8734280145,0.0
105.60000000000001,2494.797209,2508.001326,2071,0.0,0.0,186891.2361362138,0.0
105.61,2494.797209,2506.020709,2071,0.0,0.0,186743.6445238789,0.0
105.62,2494.797209,2504.337184,2071,0.0,0.0,186618.19161240934,0.0
105.63,2494.797209,2502.906187,2071,0.0,0.0,186511.5565817717,0.0
105.64,2494.797209,2501.689841,2072,0.0,0.0,186420.9169137808,0.0
105.65,2494.797209,2500.655946,2072,0.0,0.0,186343.87312892234,0.0
105.66,2496.902272,2500.092895,2072,0.0,0.0,186301.91569600286,0.0
105.67,2496.902272,2499.614301,2073,0.0,0.0,186266.25182958457,0.0
105.68,2496.902272,2499.207497,2073,0.0,0.0,186235.93761019516,0.0
105.69,2500.059168,2499.335248,2074,0.0,0.0,186245.45735887322,0.0
105.7,2487.111584,2497.501698,2076,0.0,0.0,186108.82488485292,0.0
105.71000000000001,2487.111584,2495.943181,2076,0.0,0.0,185992.68731919467,0.0
105.72,2487.111584,2494.618442,2076,0.0,0.0,185893.97042191826,0.0
105.73,2487.111584,2493.492413,2076,0.0,0.0,185810.060995893,0.0
105.74000000000001,2487.111584,2492.535289,2076,0.0,0.0,185738.73803220823,0.0
105.75,2487.111584,2491.721733,2076,0.0,0.0,185678.11346836534,0.0
105.76,2511.798335,2494.733223,2077,0.0,0.0,185902.5236721708,0.0
105.77,2511.798335,2497.29299,2077,0.0,0.0,186093.27238266435,0.0
105.78,2484.344939,2495.350783,2077,0.0,0.0,185948.54300660724,0.0
105.79,2484.344939,2493.699906,2078,0.0,0.0,185825.5229587148,0.0
105.8,2488.310981,2492.891567,2080,0.0,0.0,185765.28715526406,0.0
105.81,2488.310981,2492.20448,2080,0.0,0.0,185714.08680802662,0.0
105.82000000000001,2488.310981,2491.620455,2080,0.0,0.0,185670.56643463092,0.0
105.83,2488.310981,2491.124034,2080,0.0,0.0,185633.57413587408,0.0
105.84,2488.310981,2490.702076,2080,0.0,0.0,185602.13067075307,0.0
105.85000000000001,2488.310981,2490.343412,2080,0.0,0.0,185575.4037477556,0.0
105.86,2514.531199,2493.97158,2081,0.0,0.0,185845.7675611238,0.0
105.87,2514.531199,2497.055523,2081,0.0,0.0,186075.57681739033,0.0
105.88,2514.531199,2499.676874,2082,0.0,0.0,186270.91464423202,0.0
105.89,2500.008917,2499.726681,2082,0.0,0.0,186274.6261621255,0.0
105.9,2476.321294,2496.215873,2084,0.0,0.0,186013.00778092496,0.0
105.91,2476.321294,2493.231686,2084,0.0,0.0,185790.63214200086,0.0
105.92,2476.321294,2490.695127,2084,0.0,0.0,185601.61284518955,0.0
105.93,2476.321294,2488.539052,2084,0.0,0.0,185440.9464540776,0.0
105.94,2476.321294,2486.706389,2084,0.0,0.0,185304.38007752097,0.0
105.95,2476.321294,2485.148624,2085,0.0,0.0,185188.29854939668,0.0
105.96000000000001,2533.093708,2492.340387,2085,0.0,0.0,185724.21432549096,0.0
105.97,2533.093708,2498.453385,2085,0.0,0.0,186179.74269418616,0.0
105.98,2533.093708,2503.649434,2086,0.0,0.0,186566.9418597397,0.0
105.99000000000001,2479.18774,2499.98018,2086,0.0,0.0,186293.51639993282,0.0
106.0,2495.012302,2499.234998,2089,0.0,0.0,186237.98692964,0.0
106.01,2495.012302,2498.601594,2089,0.0,0.0,186190.7869320537,0.0
106.02,2495.012302,2498.0632,2089,0.0,0.0,186150.66688939455,0.0
106.03,2495.012302,2497.605565,2089,0.0,0.0,186116.5648456825,0.0
106.04,2495.012302,2497.216576,2089,0.0,0.0,186087.5781644157,0.0
106.05,2495.012302,2496.885935,2089,0.0,0.0,186062.93945925767,0.0
106.06,2495.012302,2496.60489,2089,0.0,0.0,186041.99654869566,0.0
106.07000000000001,2495.012302,2496.366001,2090,0.0,0.0,186024.1950188294,0.0
106.08,2495.012302,2496.162947,2090,0.0,0.0,186009.0638413978,0.0
106.09,2502.197485,2497.068127,2090,0.0,0.0,186076.5160422288,0.0
106.10000000000001,2474.95753,2493.751538,2092,0.0,0.0,185829.37047195336,0.0
106.11,2474.95753,2490.932437,2092,0.0,0.0,185619.29671113798,0.0
106.12,2474.95753,2488.536201,2092,0.0,0.0,185440.7340032672,0.0
106.13,2474.95753,2486.4994,2092,0.0,0.0,185288.9556717698,0.0
106.14,2474.95753,2484.76812,2092,0.0,0.0,185159.94415333736,0.0
106.15,2474.95753,2483.296531,2093,0.0,0.0,185050.28428815177,0.0
106.16,2535.827867,2491.176231,2093,0.0,0.0,185637.46375178112,0.0
106.17,2535.827867,2497.873977,2094,0.0,0.0,186136.5663703842,0.0
106.18,2535.827867,2503.56706,2094,0.0,0.0,186560.80351422692,0.0
106.19,2489.592213,2501.470833,2094,0.0,0.0,186404.59687621967,0.0
106.2,2471.913726,2497.037267,2096,0.0,0.0,186074.21641683095,0.0
106.21000000000001,2471.913726,2493.268736,2096,0.0,0.0,185793.39303380228,0.0
106.22,2471.913726,2490.065484,2096,0.0,0.0,185554.69310979126,0.0
106.23,2471.913726,2487.34272,2096,0.0,0.0,185351.79818928544,0.0
106.24000000000001,2471.913726,2485.028371,2097,0.0,0.0,185179.3375366627,0.0
106.25,2471.913726,2483.061174,2097,0.0,0.0,185032.7459558521,0.0
106.26,2542.005798,2491.902868,2097,0.0,0.0,185691.61128581336,0.0
106.27,2542.005798,2499.418308,2098,0.0,0.0,186251.64682373212,0.0
106.28,2499.988875,2499.503893,2098,0.0,0.0,186258.0244465344,0.0
106.29,2499.988875,2499.57664,2099,0.0,0.0,186263.44540728678,0.0
106.3,2480.374038,2496.69625,2101,0.0,0.0,186048.8045129325,0.0
106.31,2480.374038,2494.247918,2101,0.0,0.0,185866.35971547235,0.0
106.32000000000001,2480.374038,2492.166836,2101,0.0,0.0,185711.28165253482,0.0
106.33,2480.374038,2490.397916,2101,0.0,0.0,185579.4652766825,0.0
106.34,2480.374038,2488.894334,2101,0.0,0.0,185467.42135720805,0.0
106.35000000000001,2480.374038,2487.61629,2101,0.0,0.0,185372.18407781736,0.0
106.36,2520.272917,2492.514784,2102,0.0,0.0,185737.21004067283,0.0
106.37,2520.272917,2496.678504,2102,0.0,0.0,186047.4821165517,0.0
106.38,2499.998125,2497.176447,2102,0.0,0.0,186084.58783170048,0.0
106.39,2499.998125,2497.599699,2103,0.0,0.0,186116.12772311008,0.0
106.4,2478.041778,2494.666011,2105,0.0,0.0,185897.51516853366,0.0
106.41,2478.041778,2492.172376,2105,0.0,0.0,185711.69448224007,0.0
106.42,2478.041778,2490.052786,2105,0.0,0.0,185553.74688026105,0.0
106.43,2478.041778,2488.251135,2105,0.0,0.0,185419.49145583785,0.0
106.44,2478.041778,2486.719731,2105,0.0,0.0,185305.37429664144,0.0
106.45,2478.041778,2485.418038,2105,0.0,0.0,185208.37474113167,0.0
106.46000000000001,2552.353559,2495.458366,2106,0.0,0.0,185956.55987631495,0.0
106.47,2552.353559,2503.992645,2106,0.0,0.0,186592.51725612427,0.0
106.48,2515.609152,2505.735121,2107,0.0,0.0,186722.36307805497,0.0
106.49000000000001,2515.609152,2507.216226,2107,0.0,0.0,186832.7320565032,0.0
106.5,2467.482732,2501.256202,2109,0.0,0.0,186388.60300393286,0.0
106.51,2467.482732,2496.190181,2109,0.0,0.0,186011.0932645373,0.0
106.52,2467.482732,2491.884064,2109,0.0,0.0,185690.21004939137,0.0
106.53,2467.482732,2488.223864,2109,0.0,0.0,185417.45927553246,0.0
106.54,2467.482732,2485.112694,2109,0.0,0.0,185185.62111775234,0.0
106.55,2467.482732,2482.4682,2109,0.0,0.0,184988.5587208982,0.0
106.56,2471.771131,2480.86364,2110,0.0,0.0,184868.99012308847,0.0
106.57000000000001,2471.771131,2479.499763,2110,0.0,0.0,184767.35674043224,0.0
106.58,2471.771131,2478.340469,2111,0.0,0.0,184680.96847322554,0.0
106.59,2510.517004,2483.166949,2111,0.0,0.0,185040.6280970206,0.0
106.60000000000001,2474.837898,2481.917591,2113,0.0,0.0,184947.52844090157,0.0
106.61,2474.837898,2480.855637,2113,0.0,0.0,184868.39375555582,0.0
106.62,2474.837898,2479.952976,2113,0.0,0.0,184801.1292655601,0.0
106.63,2474.837898,2479.185715,2113,0.0,0.0,184743.95451240407,0.0
106.64,2474.837898,2478.533542,2113,0.0,0.0,184695.3558865257,0.0
106.65,2474.837898,2477.979196,2114,0.0,0.0,184654.04713277298,0.0
106.66,2536.073961,2486.693411,2114,0.0,0.0,185303.41298295147,0.0
106.67,2536.073961,2494.100493,2114,0.0,0.0,185855.37389971467,0.0
106.68,2536.073961,2500.396513,2115,0.0,0.0,186324.54070131882,0.0
106.69,2499.993417,2500.336049,2115,0.0,0.0,186320.03504512773,0.0
106.7,2482.988399,2497.733901,2117,0.0,0.0,186126.12818738894,0.0
106.71000000000001,2482.988399,2495.522076,2117,0.0,0.0,185961.30741792536,0.0
106.72,2482.988399,2493.642024,2117,0.0,0.0,185821.20970799282,0.0
106.73,2482.988399,2492.043981,2117,0.0,0.0,185702.12674397175,0.0
106.74000000000001,2482.988399,2490.685643,2117,0.0,0.0,185600.90611650274,0.0
106.75,2482.988399,2489.531057,2118,0.0,0.0,185514.86868002758,0.0
106.76,2533.236271,2496.086839,2118,0.0,0.0,186003.39242565635,0.0
106.77,2533.236271,2501.659254,2119,0.0,0.0,186418.63763179624,0.0
106.78,2499.974875,2501.406597,2119,0.0,0.0,186399.81013814264,0.0
106.79,2499.974875,2501.191839,2119,0.0,0.0,186383.80680207018,0.0
106.8,2484.912984,2498.75001,2121,0.0,0.0,186201.84659514675,0.0
106.81,2484.912984,2496.674456,2121,0.0,0.0,186047.18046769852,0.0
106.82000000000001,2484.912984,2494.910236,2121,0.0,0.0,185915.7143264337,0.0
106.83,2484.912984,2493.410648,2121,0.0,0.0,185803.9680318406,0.0
106.84,2484.912984,2492.135998,2122,0.0,0.0,185708.9836665329,0.0
106.85000000000001,2484.912984,2491.052546,2122,0.0,0.0,185628.2469932803,0.0
106.86,2535.987244,2497.792751,2122,0.0,0.0,186130.5135715323,0.0
106.87,2535.987244,2503.521925,2123,0.0,0.0,186557.440144417,0.0
106.88,2535.987244,2508.391723,2123,0.0,0.0,186920.32773882084,0.0
106.89,2489.546654,2505.564962,2124,0.0,0.0,186709.68317014578,0.0
106.9,2473.857511,2500.808845,2126,0.0,0.0,186355.26685619744,0.0
106.91,2473.857511,2496.766145,2126,0.0,0.0,186054.01294835648,0.0
106.92,2473.857511,2493.329849,2126,0.0,0.0,185797.94705217364,0.0
106.93,2473.857511,2490.408999,2126,0.0,0.0,185580.29115964702,0.0
106.94,2473.857511,2487.926275,2126,0.0,0.0,185395.2835392224,0.0
106.95,2473.857511,2485.815961,2126,0.0,0.0,185238.02716618666,0.0
106.96000000000001,2551.726798,2495.702586,2127,0.0,0.0,185974.75866162498,0.0
106.97,2551.726798,2504.106218,2127,0.0,0.0,186600.980488636,0.0
106.98,2551.726798,2511.249305,2127,0.0,0.0,187133.26902669182,0.0
106.99000000000001,2510.412232,2511.123744,2128,0.0,0.0,187123.91247242797,0.0
107.0,2491.038355,2508.110936,2131,0.0,0.0,186899.40405390208,0.0
107.01,2491.038355,2505.550049,2131,0.0,0.0,186708.57188325148,0.0
107.02,2491.038355,2503.373295,2131,0.0,0.0,186546.36453447255,0.0
107.03,2491.038355,2501.523054,2131,0.0,0.0,186408.4882805587,0.0
107.04,2491.038355,2499.950349,2131,0.0,0.0,186291.29345355422,0.0
107.05,2491.038355,2498.61355,2131,0.0,0.0,186191.6778692299,0.0
107.06,2491.038355,2497.47727,2131,0.0,0.0,186107.0045592139,0.0
107.07000000000001,2491.038355,2496.511433,2131,0.0,0.0,186035.03232021836,0.0
107.08,2491.038355,2495.690471,2131,0.0,0.0,185973.8558760872,0.0
107.09,2416.52558,2483.815738,2132,0.0,0.0,185088.97455399594,0.0
107.10000000000001,2484.96406,2483.987986,2134,0.0,0.0,185101.81013000157,0.0
107.11,2484.96406,2484.134397,2134,0.0,0.0,185112.7203845099,0.0
107.12,2484.96406,2484.258847,2134,0.0,0.0,185121.9941492787,0.0
107.13,2484.96406,2484.364629,2134,0.0,0.0,185129.8768120732,0.0
107.14,2484.96406,2484.454543,2134,0.0,0.0,185136.57702328585,0.0
107.15,2484.96406,2484.530971,2134,0.0,0.0,185142.2722847865,0.0
107.16,2597.499237,2501.476211,2135,0.0,0.0,186404.9976340094,0.0
107.17,2597.499237,2515.879664,2135,0.0,0.0,187478.31410633083,0.0
107.18,2597.499237,2528.1226,2136,0.0,0.0,188390.63317859618,0.0
107.19,2447.948572,2516.096496,2136,0.0,0.0,187494.47199272978,0.0
107.2,2490.413917,2512.244109,2139,0.0,0.0,187207.39982851633,0.0
107.21000000000001,2490.413917,2508.96958,2139,0.0,0.0,186963.3884852089,0.0
107.22,2490.413917,2506.186231,2139,0.0,0.0,186755.97889183438,0.0
107.23,2490.413917,2503.820384,2139,0.0,0.0,186579.68071138475,0.0
107.24000000000001,2490.413917,2501.809413,2139,0.0,0.0,186429.82717975858,0.0
107.25,2490.413917,2500.100089,2139,0.0,0.0,186302.4517784757,0.0
107.26,2490.413917,2498.647163,2139,0.0,0.0,186194.18264267445,0.0
107.27,2490.413917,2497.412176,2139,0.0,0.0,186102.15388469514,0.0
107.28,2499.454631,2497.718544,2140,0.0,0.0,186124.98381450382,0.0
107.29,2499.454631,2497.978957,2140,0.0,0.0,186144.38926974477,0.0
107.3,2503.72436,2498.840768,2143,0.0,0.0,186208.60969954924,0.0
107.31,2503.72436,2499.573306,2143,0.0,0.0,186263.19696428365,0.0
107.32000000000001,2503.72436,2500.195964,2143,0.0,0.0,186309.59619147054,0.0
107.33,2503.72436,2500.725224,2143,0.0,0.0,186349.03558674201,0.0
107.34,2503.72436,2501.175094,2143,0.0,0.0,186382.55899820474,0.0
107.35000000000001,2503.72436,2501.557484,2143,0.0,0.0,186411.05393520708,0.0
107.36,2503.72436,2501.882515,2143,0.0,0.0,186435.27459440002,0.0
107.37,2503.72436,2502.158792,2144,0.0,0.0,186455.86220315078,0.0
107.38,2512.629141,2503.729344,2144,0.0,0.0,186572.896592907,0.0
107.39,2512.629141,2505.064314,2144,0.0,0.0,186672.3758838142,0.0
107.4,2482.395426,2501.663981,2147,0.0,0.0,186418.98987836967,0.0
107.41,2482.395426,2498.773697,2147,0.0,0.0,186203.61170294968,0.0
107.42,2482.395426,2496.316957,2147,0.0,0.0,186020.54035816793,0.0
107.43,2482.395426,2494.228727,2147,0.0,0.0,185864.92964058544,0.0
107.44,2482.395426,2492.453732,2147,0.0,0.0,185732.6605678993,0.0
107.45,2482.395426,2490.944986,2147,0.0,0.0,185620.2318374866,0.0
107.46000000000001,2482.395426,2489.662552,2147,0.0,0.0,185524.6674240876,0.0
107.47,2482.395426,2488.572483,2148,0.0,0.0,185443.43766524663,0.0
107.48,2478.555493,2487.069934,2148,0.0,0.0,185331.47072286342,0.0
107.49000000000001,2478.555493,2485.792768,2149,0.0,0.0,185236.2988702744,0.0
107.5,2506.028742,2488.828164,2151,0.0,0.0,185462.49050132418,0.0
107.51,2506.028742,2491.408251,2151,0.0,0.0,185654.75341752364,0.0
107.52,2506.028742,2493.601325,2151,0.0,0.0,185818.17690001917,0.0
107.53,2506.028742,2495.465437,2151,0.0,0.0,185957.0867930741,0.0
107.54,2506.028742,2497.049933,2151,0.0,0.0,186075.1602617852,0.0
107.55,2506.028742,2498.396754,2151,0.0,0.0,186175.52266547887,0.0
107.56,2506.028742,2499.541552,2151,0.0,0.0,186260.83071979615,0.0
107.57000000000001,2566.469693,2509.580774,2152,0.0,0.0,187008.93343807434,0.0
107.58,2566.469693,2518.114111,2152,0.0,0.0,187644.8206219302,0.0
107.59,2468.629778,2510.691461,2153,0.0,0.0,187091.6996089844,0.0
107.60000000000001,2498.770266,2508.903282,2155,0.0,0.0,186958.44809102142,0.0
107.61,2498.770266,2507.38333,2155,0.0,0.0,186845.18431193053,0.0
107.62,2498.770266,2506.09137,2155,0.0,0.0,186748.9100400888,0.0
107.63,2498.770266,2504.993205,2155,0.0,0.0,186667.07698354142,0.0
107.64,2498.770266,2504.059764,2155,0.0,0.0,186597.5188295876,0.0
107.65,2498.770266,2503.266339,2155,0.0,0.0,186538.39438754923,0.0
107.66,2498.770266,2502.591928,2156,0.0,0.0,186488.13863044605,0.0
107.67,2473.349569,2498.205574,2156,0.0,0.0,186161.27631474767,0.0
107.68,2473.349569,2494.477174,2156,0.0,0.0,185883.44341347023,0.0
107.69,2473.349569,2491.308033,2157,0.0,0.0,185647.28537286638,0.0
107.7,2475.372059,2488.917637,2159,0.0,0.0,185469.15785010008,0.0
107.71000000000001,2475.372059,2486.8858,2159,0.0,0.0,185317.74942594147,0.0
107.72,2475.372059,2485.158739,2159,0.0,0.0,185189.0522989398,0.0
107.73,2475.372059,2483.690737,2159,0.0,0.0,185079.65972981064,0.0
107.74000000000001,2475.372059,2482.442935,2159,0.0,0.0,184986.67602369547,0.0
107.75,2475.372059,2481.382304,2159,0.0,0.0,184907.6399256602,0.0
107.76,2475.372059,2480.480767,2160,0.0,0.0,184840.45919389348,0.0
107.77,2475.372059,2479.714461,2160,0.0,0.0,184783.3556054249,0.0
107.78,2493.299296,2481.752186,2161,0.0,0.0,184935.20279155183,0.0
107.79,2493.299296,2483.484253,2161,0.0,0.0,185064.27295564814,0.0
107.8,2524.012772,2489.56353,2164,0.0,0.0,185517.2885029551,0.0
107.81,2524.012772,2494.730917,2164,0.0,0.0,185902.3518336689,0.0
107.82000000000001,2524.012772,2499.123195,2164,0.0,0.0,186229.65559398357,0.0
107.83,2524.012772,2502.856631,2164,0.0,0.0,186507.8637678956,0.0
107.84,2524.012772,2506.030052,2164,0.0,0.0,186744.34074552802,0.0
107.85000000000001,2524.012772,2508.72746,2164,0.0,0.0,186945.34618769333,0.0
107.86,2524.012772,2511.020257,2164,0.0,0.0,187116.2008284374,0.0
107.87,2524.012772,2512.969134,2164,0.0,0.0,187261.42723953672,0.0
107.88,2419.450362,2498.941318,2165,0.0,0.0,186216.1024841816,0.0
107.89,2419.450362,2487.017675,2165,0.0,0.0,185327.57648684047,0.0
107.9,2497.959159,2488.658898,2168,0.0,0.0,185449.87713798665,0.0
107.91,2497.959159,2490.053937,2168,0.0,0.0,185553.83265047596,0.0
107.92,2497.959159,2491.23972,2168,0.0,0.0,185642.1948249142,0.0
107.93,2497.959159,2492.247636,2168,0.0,0.0,185717.30270671978,0.0
107.94,2497.959159,2493.104364,2168,0.0,0.0,185781.14436154373,0.0
107.95,2497.959159,2493.832583,2168,0.0,0.0,185835.40978304768,0.0
107.96000000000001,2497.959159,2494.45157,2168,0.0,0.0,185881.53545466636,0.0
107.97,2497.959159,2494.977708,2169,0.0,0.0,185920.74220475013,0.0
107.98,2494.290067,2494.874562,2169,0.0,0.0,185913.05597139662,0.0
107.99000000000001,2494.290067,2494.786888,2169,0.0,0.0,185906.52268049796,0.0
108.0,2496.62556,2495.062688,2174,0.0,0.0,185927.07474416395,0.0
108.01,2496.62556,2495.297119,2174,0.0,0.0,185944.54407279805,0.0
108.02,2496.62556,2495.496385,2174,0.0,0.0,185959.39297605574,0.0
108.03,2496.62556,2495.665761,2174,0.0,0.0,185972.01453637303,0.0
108.04,2496.62556,2495.809731,2174,0.0,0.0,185982.74289244978,0.0
108.05,2496.62556,2495.932105,2174,0.0,0.0,185991.8619578561,0.0
108.06,2496.62556,2496.036124,2174,0.0,0.0,185999.61324542132,0.0
108.07000000000001,2496.62556,2496.124539,2174,0.0,0.0,186006.201754156,0.0
108.08,2496.62556,2496.199692,2174,0.0,0.0,186011.80200521,0.0
108.09,2496.62556,2496.263572,2174,0.0,0.0,186016.56221487996,0.0
108.10000000000001,2509.588273,2498.262277,2176,0.0,0.0,186165.50170875073,0.0
108.11,2509.588273,2499.961177,2176,0.0,0.0,186292.1003344294,0.0
108.12,2509.588273,2501.405241,2176,0.0,0.0,186399.70909173824,0.0
108.13,2509.588273,2502.632696,2176,0.0,0.0,186491.17658016158,0.0
108.14,2509.588273,2503.676033,2176,0.0,0.0,186568.9239639509,0.0
108.15,2509.588273,2504.562869,2176,0.0,0.0,186635.0092066387,0.0
108.16,2509.588273,2505.316679,2176,0.0,0.0,186691.18161821258,0.0
108.17,2509.588273,2505.957418,2177,0.0,0.0,186738.92820530932,0.0
108.18,2469.763862,2500.528385,2177,0.0,0.0,186334.36753866388,0.0
108.19,2469.763862,2495.913707,2178,0.0,0.0,185990.49097574115,0.0
108.2,2525.967925,2500.421839,2180,0.0,0.0,186326.4279441194,0.0
108.21000000000001,2525.967925,2504.253752,2180,0.0,0.0,186611.97442685536,0.0
108.22,2525.967925,2507.510878,2180,0.0,0.0,186854.688933455,0.0
108.23,2525.967925,2510.279435,2180,0.0,0.0,187060.99625661294,0.0
108.24000000000001,2525.967925,2512.632709,2180,0.0,0.0,187236.35752228208,0.0
108.25,2525.967925,2514.632991,2180,0.0,0.0,187385.41453103468,0.0
108.26,2437.909105,2503.124408,2181,0.0,0.0,186527.81797366895,0.0
108.27,2437.909105,2493.342113,2181,0.0,0.0,185798.860940893,0.0
108.28,2515.607894,2496.68198,2181,0.0,0.0,186047.74114111045,0.0
108.29,2515.607894,2499.520867,2182,0.0,0.0,186259.28931502122,0.0
108.3,2484.329383,2497.242144,2184,0.0,0.0,186089.48344057167,0.0
108.31,2484.329383,2495.30523,2184,0.0,0.0,185945.14848827448,0.0
108.32000000000001,2484.329383,2493.658853,2184,0.0,0.0,185822.46377137004,0.0
108.33,2484.329383,2492.259432,2184,0.0,0.0,185718.18172101636,0.0
108.34,2484.329383,2491.069925,2184,0.0,0.0,185629.54204155607,0.0
108.35000000000001,2484.329383,2490.058844,2184,0.0,0.0,185554.19831028892,0.0
108.36,2537.356334,2497.153467,2185,0.0,0.0,186082.87540812168,0.0
108.37,2537.356334,2503.183897,2185,0.0,0.0,186532.2509748126,0.0
108.38,2484.371895,2500.362097,2186,0.0,0.0,186321.97608992242,0.0
108.39,2484.371895,2497.963567,2186,0.0,0.0,186143.2424377657,0.0
108.4,2482.555702,2495.652387,2188,0.0,0.0,185971.0179326766,0.0
108.41,2482.555702,2493.687884,2188,0.0,0.0,185824.62710335077,0.0
108.42,2482.555702,2492.018057,2188,0.0,0.0,185700.1949394088,0.0
108.43,2482.555702,2490.598703,2188,0.0,0.0,185594.42752181413,0.0
108.44,2482.555702,2489.392253,2188,0.0,0.0,185504.52528392492,0.0
108.45,2482.555702,2488.36677,2188,0.0,0.0,185428.10834446014,0.0
108.46000000000001,2554.819598,2498.334695,2189,0.0,0.0,186170.89815308203,0.0
108.47,2554.819598,2506.80743,2189,0.0,0.0,186802.26939726315,0.0
108.48,2554.819598,2514.009255,2190,0.0,0.0,187338.93497344662,0.0
108.49000000000001,2489.650139,2510.355388,2190,0.0,0.0,187066.65612206483,0.0
108.5,2488.98118,2507.149257,2192,0.0,0.0,186827.74166073944,0.0
108.51,2488.98118,2504.424045,2192,0.0,0.0,186624.6643201762,0.0
108.52,2488.98118,2502.107615,2192,0.0,0.0,186452.048595601,0.0
108.53,2488.98118,2500.13865,2192,0.0,0.0,186305.32526697108,0.0
108.54,2488.98118,2498.465029,2192,0.0,0.0,186180.61038174716,0.0
108.55,2488.98118,2497.042452,2193,0.0,0.0,186074.6027926471,0.0
108.56,2441.823749,2488.759647,2193,0.0,0.0,185457.38475170053,0.0
108.57000000000001,2441.823749,2481.719262,2193,0.0,0.0,184932.74936100742,0.0
108.58,2441.823749,2475.734935,2194,0.0,0.0,184486.80929754773,0.0
108.59,2500.01925,2479.377582,2194,0.0,0.0,184758.25205699942,0.0
108.60000000000001,2506.664693,2483.470649,2196,0.0,0.0,185063.25921281232,0.0
108.61,2506.664693,2486.949756,2196,0.0,0.0,185322.51529897927,0.0
108.62,2506.664693,2489.906996,2196,0.0,0.0,185542.88290142902,0.0
108.63,2506.664693,2492.420651,2196,0.0,0.0,185730.19543802933,0.0
108.64,2506.664693,2494.557257,2196,0.0,0.0,185889.41103825107,0.0
108.65,2506.664693,2496.373372,2197,0.0,0.0,186024.7442909878,0.0
108.66,2513.286805,2498.910387,2197,0.0,0.0,186213.79756800592,0.0
108.67,2513.286805,2501.06685,2198,0.0,0.0,186374.49287210082,0.0
108.68,2513.286805,2502.899843,2198,0.0,0.0,186511.0838395966,0.0
108.69,2489.599516,2500.904794,2198,0.0,0.0,186362.4167835241,0.0
108.7,2490.798017,2499.388778,2200,0.0,0.0,186249.44630727076,0.0
108.71000000000001,2490.798017,2498.100164,2200,0.0,0.0,186153.42137264818,0.0
108.72,2490.798017,2497.004842,2200,0.0,0.0,186071.8001707672,0.0
108.73,2490.798017,2496.073818,2200,0.0,0.0,186002.42212681298,0.0
108.74000000000001,2490.798017,2495.282448,2201,0.0,0.0,185943.4508192591,0.0
108.75,2490.798017,2494.609783,2201,0.0,0.0,185893.32517057928,0.0
108.76,2517.841847,2498.094593,2201,0.0,0.0,186153.006232885,0.0
108.77,2517.841847,2501.056681,2202,0.0,0.0,186373.73509858586,0.0
108.78,2499.987625,2500.896323,2202,0.0,0.0,186361.78554156862,0.0
108.79,2499.987625,2500.760018,2203,0.0,0.0,186351.62836594143,0.0
108.8,2494.678994,2499.847864,2205,0.0,0.0,186283.65647659692,0.0
108.81,2494.678994,2499.072534,2205,0.0,0.0,186225.8804377204,0.0
108.82000000000001,2494.678994,2498.413503,2205,0.0,0.0,186176.7707674163,0.0
108.83,2494.678994,2497.853326,2205,0.0,0.0,186135.0274992211,0.0
108.84,2494.678994,2497.377177,2205,0.0,0.0,186099.54582930627,0.0
108.85000000000001,2494.678994,2496.972449,2205,0.0,0.0,186069.38630927942,0.0
108.86,2433.343115,2487.428049,2206,0.0,0.0,185358.15673548038,0.0
108.87,2433.343115,2479.315309,2206,0.0,0.0,184753.61159775115,0.0
108.88,2499.972,2482.413813,2206,0.0,0.0,184984.50591057696,0.0
108.89,2499.972,2485.047541,2207,0.0,0.0,185180.7660466717,0.0
108.9,2529.242435,2491.676775,2209,0.0,0.0,185674.76328824105,0.0
108.91,2529.242435,2497.311624,2209,0.0,0.0,186094.66095102674,0.0
108.92,2529.242435,2502.101246,2209,0.0,0.0,186451.57399047597,0.0
108.93,2529.242435,2506.172424,2209,0.0,0.0,186754.95002184514,0.0
108.94,2529.242435,2509.632926,2209,0.0,0.0,187012.81970067156,0.0
108.95,2529.242435,2512.574352,2209,0.0,0.0,187232.0088755114,0.0
108.96000000000001,2430.331689,2500.237953,2210,0.0,0.0,186312.7251276608,0.0
108.97,2430.331689,2489.752013,2210,0.0,0.0,185531.33387864745,0.0
108.98,2430.331689,2480.838965,2210,0.0,0.0,184867.15139150416,0.0
108.99000000000001,2489.636861,2482.158649,2211,0.0,0.0,184965.49160030406,0.0
109.0,2512.310031,2486.681356,2214,0.0,0.0,185302.51466849356,0.0
109.01,2512.310031,2490.525658,2214,0.0,0.0,185588.98435469854,0.0
109.02,2512.310031,2493.793314,2214,0.0,0.0,185832.48353581023,0.0
109.03,2512.310031,2496.570821,2214,0.0,0.0,186039.45779504432,0.0
109.04,2512.310031,2498.931703,2214,0.0,0.0,186215.38599363717,0.0
109.05,2512.310031,2500.938452,2214,0.0,0.0,186364.9249102785,0.0
109.06,2512.310031,2502.644189,2214,0.0,0.0,186492.033015505,0.0
109.07000000000001,2512.310031,2504.094065,2214,0.0,0.0,186600.07487141434,0.0
109.08,2512.310031,2505.32646,2215,0.0,0.0,186691.91047874457,0.0
109.09,2477.274909,2501.118727,2215,0.0,0.0,186378.35864224876,0.0
109.10000000000001,2494.474793,2500.122137,2217,0.0,0.0,186304.09475128102,0.0
109.11,2494.474793,2499.275035,2217,0.0,0.0,186240.97040669946,0.0
109.12,2494.474793,2498.554999,2217,0.0,0.0,186187.31476596772,0.0
109.13,2494.474793,2497.942968,2217,0.0,0.0,186141.7074415385,0.0
109.14,2494.474793,2497.422742,2217,0.0,0.0,186102.94124185506,0.0
109.15,2494.474793,2496.980549,2218,0.0,0.0,186069.98990505788,0.0
109.16,2510.68926,2499.036856,2218,0.0,0.0,186223.22178461135,0.0
109.17,2510.68926,2500.784716,2218,0.0,0.0,186353.46881143967,0.0
109.18,2484.367795,2498.322178,2219,0.0,0.0,186169.96541130933,0.0
109.19,2484.367795,2496.229021,2219,0.0,0.0,186013.98754355393,0.0
109.2,2488.249894,2495.032152,2221,0.0,0.0,185924.79926259723,0.0
109.21000000000001,2488.249894,2494.014813,2221,0.0,0.0,185848.9891977027,0.0
109.22,2488.249894,2493.150075,2221,0.0,0.0,185784.55065372007,0.0
109.23,2488.249894,2492.415048,2221,0.0,0.0,185729.7779136902,0.0
109.24000000000001,2488.249894,2491.790275,2221,0.0,0.0,185683.22108093897,0.0
109.25,2488.249894,2491.259218,2222,0.0,0.0,185643.64777682628,0.0
109.26,2514.543596,2494.751875,2222,0.0,0.0,185903.9135818571,0.0
109.27,2514.543596,2497.720633,2223,0.0,0.0,186125.13948260027,0.0
109.28,2514.543596,2500.244077,2223,0.0,0.0,186313.18147587648,0.0
109.29,2489.589308,2498.645862,2223,0.0,0.0,186194.08569475988,0.0
109.3,2485.247893,2496.636167,2225,0.0,0.0,186044.3272480984,0.0
109.31,2485.247893,2494.927926,2225,0.0,0.0,185917.03254980658,0.0
109.32000000000001,2485.247893,2493.475921,2225,0.0,0.0,185808.8320450809,0.0
109.33,2485.247893,2492.241716,2225,0.0,0.0,185716.86156017554,0.0
109.34,2485.247893,2491.192643,2225,0.0,0.0,185638.68674115348,0.0
109.35000000000001,2485.247893,2490.30093,2226,0.0,0.0,185572.23807419263,0.0
109.36,2515.614405,2494.097952,2226,0.0,0.0,185855.18454948347,0.0
109.37,2515.614405,2497.32542,2227,0.0,0.0,186095.68900131804,0.0
109.38,2484.374752,2495.382819,2227,0.0,0.0,185950.93026516997,0.0
109.39,2484.374752,2493.731609,2228,0.0,0.0,185827.8854027844,0.0
109.4,2483.944669,2492.263568,2229,0.0,0.0,185718.48992745334,0.0
109.41,2483.944669,2491.015733,2229,0.0,0.0,185625.5037622443,0.0
109.42,2483.944669,2489.955074,2229,0.0,0.0,185546.4655777051,0.0
109.43,2483.944669,2489.053513,2229,0.0,0.0,185479.28305750643,0.0
109.44,2483.944669,2488.287186,2230,0.0,0.0,185422.1779041599,0.0
109.45,2483.944669,2487.635809,2230,0.0,0.0,185373.63859460744,0.0
109.46000000000001,2551.409554,2497.20187,2230,0.0,0.0,186086.48230274685,0.0
109.47,2551.409554,2505.333023,2231,0.0,0.0,186692.39954036108,0.0
109.48,2551.409554,2512.244503,2231,0.0,0.0,187207.42918860723,0.0
109.49000000000001,2489.618437,2508.850593,2232,0.0,0.0,186954.52181225957,0.0
109.5,2469.776363,2502.989458,2234,0.0,0.0,186517.76176992813,0.0
109.51,2469.776363,2498.007494,2234,0.0,0.0,186146.51578983484,0.0
109.52,2469.776363,2493.772824,2234,0.0,0.0,185830.95666204474,0.0
109.53,2469.776363,2490.173355,2234,0.0,0.0,185562.73144068214,0.0
109.54,2469.776363,2487.113806,2234,0.0,0.0,185334.73997644265,0.0
109.55,2469.776363,2484.51319,2234,0.0,0.0,185140.9472802758,0.0
109.56,2466.721037,2481.844367,2235,0.0,0.0,184942.07193506445,0.0
109.57000000000001,2466.721037,2479.575867,2235,0.0,0.0,184773.02785810173,0.0
109.58,2499.98825,2482.637725,2235,0.0,0.0,185001.19138439707,0.0
109.59,2499.98825,2485.240304,2236,0.0,0.0,185195.1303593927,0.0
109.60000000000001,2527.935326,2491.644557,2238,0.0,0.0,185672.36246740277,0.0
109.61,2527.935326,2497.088172,2238,0.0,0.0,186078.00975548546,0.0
109.62,2527.935326,2501.715246,2238,0.0,0.0,186422.81004350324,0.0
109.63,2527.935326,2505.648258,2238,0.0,0.0,186715.89022125214,0.0
109.64,2527.935326,2508.991318,2238,0.0,0.0,186965.00835743506,0.0
109.65,2527.935326,2511.832919,2238,0.0,0.0,187176.7587731906,0.0
109.66,2420.133582,2498.078019,2239,0.0,0.0,186151.77117159712,0.0
109.67,2420.133582,2486.386353,2239,0.0,0.0,185280.53163572465,0.0
109.68,2499.995125,2488.427669,2240,0.0,0.0,185432.64641598004,0.0
109.69,2499.995125,2490.162787,2240,0.0,0.0,185561.94393448628,0.0
109.7,2487.392164,2489.747194,2242,0.0,0.0,185530.9747764183,0.0
109.71000000000001,2487.392164,2489.393939,2242,0.0,0.0,185504.65092126845,0.0
109.72,2487.392164,2489.093673,2242,0.0,0.0,185482.27570027957,0.0
109.73,2487.392164,2488.838447,2242,0.0,0.0,185463.2567698908,0.0
109.74000000000001,2487.392164,2488.621504,2242,0.0,0.0,185447.09061199418,0.0
109.75,2487.392164,2488.437103,2243,0.0,0.0,185433.34941876694,0.0
109.76,2529.926501,2494.660513,2243,0.0,0.0,185897.10546858425,0.0
109.77,2529.926501,2499.950411,2243,0.0,0.0,186291.29807367004,0.0
109.78,2529.926501,2504.446825,2244,0.0,0.0,186626.36184015553,0.0
109.79,2500.001333,2503.780001,2244,0.0,0.0,186576.67145109817,0.0
109.8,2480.125996,2500.2319,2246,0.0,0.0,186312.27407022292,0.0
109.81,2480.125996,2497.216014,2246,0.0,0.0,186087.53628530126,0.0
109.82000000000001,2480.125996,2494.652512,2246,0.0,0.0,185896.5092500876,0.0
109.83,2480.125996,2492.473534,2246,0.0,0.0,185734.1361732826,0.0
109.84,2480.125996,2490.621403,2246,0.0,0.0,185596.11908035376,0.0
109.85000000000001,2480.125996,2489.047092,2247,0.0,0.0,185478.80457744552,0.0
109.86,2538.691456,2496.493747,2247,0.0,0.0,186033.71439491742,0.0
109.87,2538.691456,2502.823403,2248,0.0,0.0,186505.38768388,0.0
109.88,2538.691456,2508.203611,2248,0.0,0.0,186906.31000930545,0.0
109.89,2500.173262,2506.999059,2248,0.0,0.0,186816.54920657518,0.0
109.9,2478.061633,2502.658445,2250,0.0,0.0,186493.09534407503,0.0
109.91,2478.061633,2498.968923,2250,0.0,0.0,186218.15955349812,0.0
109.92,2478.061633,2495.832829,2250,0.0,0.0,185984.46410915235,0.0
109.93,2478.061633,2493.16715,2250,0.0,0.0,185785.82304852465,0.0
109.94,2478.061633,2490.901322,2250,0.0,0.0,185616.9780836508,0.0
109.95,2478.061633,2488.975369,2251,0.0,0.0,185473.4599231224,0.0
109.96000000000001,2516.542141,2493.110385,2251,0.0,0.0,185781.59303440573,0.0
109.97,2516.542141,2496.625148,2252,0.0,0.0,186043.50613428574,0.0
109.98,2516.542141,2499.612697,2252,0.0,0.0,186266.1323027168,0.0
109.99000000000001,2500.000333,2499.670842,2253,0.0,0.0,186270.46515167208,0.0
110.0,2501.912848,2500.007143,2256,0.0,0.0,186295.52562869506,0.0
110.01,2501.912848,2500.292999,2256,0.0,0.0,186316.8270453423,0.0
110.02,2501.912848,2500.535976,2256,0.0,0.0,186334.93320478167,0.0
110.03,2501.912848,2500.742507,2256,0.0,0.0,186350.32348129002,0.0
110.04,2501.912848,2500.918058,2256,0.0,0.0,186363.4051902408,0.0
110.05,2501.912848,2501.067276,2256,0.0,0.0,186374.52461676768,0.0
110.06,2501.912848,2501.194112,2256,0.0,0.0,186383.97618147812,0.0
110.07000000000001,2501.912848,2501.301922,2256,0.0,0.0,186392.0099667712,0.0
110.08,2501.912848,2501.393561,2256,0.0,0.0,186398.83872152935,0.0
110.09,2494.546442,2500.366493,2257,0.0,0.0,186322.3036710387,0.0
110.10000000000001,2479.630376,2497.256076,2259,0.0,0.0,186090.52162531062,0.0
110.11,2479.630376,2494.612221,2259,0.0,0.0,185893.5068454568,0.0
110.12,2479.630376,2492.364944,2259,0.0,0.0,185726.0442639516,0.0
110.13,2479.630376,2490.454759,2259,0.0,0.0,185583.70110320527,0.0
110.14,2479.630376,2488.831101,2259,0.0,0.0,185462.70936068238,0.0
110.15,2479.630376,2487.450992,2259,0.0,0.0,185359.86640189332,0.0
110.16,2434.150617,2479.455936,2260,0.0,0.0,184764.09084016288,0.0
110.17,2434.150617,2472.660138,2260,0.0,0.0,184257.68158288486,0.0
110.18,2434.150617,2466.88371,2260,0.0,0.0,183827.2337365539,0.0
110.19,2500.022,2471.854453,2261,0.0,0.0,184197.64355019905,0.0
110.2,2534.378412,2481.233047,2263,0.0,0.0,184896.5175929314,0.0
110.21000000000001,2534.378412,2489.204852,2263,0.0,0.0,185490.56053670566,0.0
110.22,2534.378412,2495.980886,2263,0.0,0.0,185995.4970202843,0.0
110.23,2534.378412,2501.740515,2263,0.0,0.0,186424.69303877794,0.0
110.24000000000001,2534.378412,2506.636199,2263,0.0,0.0,186789.50960606086,0.0
110.25,2534.378412,2510.797531,2263,0.0,0.0,187099.60373296216,0.0
110.26,2419.371932,2497.083691,2264,0.0,0.0,186077.67584033936,0.0
110.27,2419.371932,2485.426927,2264,0.0,0.0,185209.03713161004,0.0
110.28,2499.98875,2487.611201,2265,0.0,0.0,185371.80485572893,0.0
110.29,2499.98875,2489.467833,2265,0.0,0.0,185510.1573541638,0.0
110.3,2486.501715,2489.022915,2267,0.0,0.0,185477.00295582387,0.0
110.31,2486.501715,2488.644735,2267,0.0,0.0,185448.82173959032,0.0
110.32000000000001,2486.501715,2488.323282,2267,0.0,0.0,185424.8677057918,0.0
110.33,2486.501715,2488.050047,2267,0.0,0.0,185404.506780789,0.0
110.34,2486.501715,2487.817797,2267,0.0,0.0,185387.19997590713,0.0
110.35000000000001,2486.501715,2487.620385,2267,0.0,0.0,185372.48922901647,0.0
110.36,2531.575818,2494.2137,2268,0.0,0.0,185863.8098586394,0.0
110.37,2531.575818,2499.818017,2268,0.0,0.0,186281.4323379304,0.0
110.38,2531.575818,2504.581687,2269,0.0,0.0,186636.41148631263,0.0
110.39,2500.384726,2503.952143,2269,0.0,0.0,186589.49912819607,0.0
110.4,2483.46332,2500.87882,2271,0.0,0.0,186360.4812530612,0.0
110.41,2483.46332,2498.266495,2271,0.0,0.0,186165.81602566352,0.0
110.42,2483.46332,2496.046018,2271,0.0,0.0,186000.35052648696,0.0
110.43,2483.46332,2494.158614,2271,0.0,0.0,185859.704960238,0.0
110.44,2483.46332,2492.554319,2271,0.0,0.0,185740.15610969756,0.0
110.45,2483.46332,2491.19067,2272,0.0,0.0,185638.5397171447,0.0
110.46000000000001,2545.031605,2499.26681,2272,0.0,0.0,186240.35749617135,0.0
110.47,2545.031605,2506.131529,2272,0.0,0.0,186751.90260834395,0.0
110.48,2545.031605,2511.96654,2273,0.0,0.0,187186.715942513,0.0
110.49000000000001,2500.3553,2510.224854,2273,0.0,0.0,187056.92898980025,0.0
110.5,2469.117884,2504.058809,2275,0.0,0.0,186597.4476649002,0.0
110.51,2469.117884,2498.81767,2275,0.0,0.0,186206.88848284664,0.0
110.52,2469.117884,2494.362702,2275,0.0,0.0,185874.9131892789,0.0
110.53,2469.117884,2490.575979,2275,0.0,0.0,185592.73417484266,0.0
110.54,2469.117884,2487.357265,2275,0.0,0.0,185352.88205355676,0.0
110.55,2469.117884,2484.621358,2276,0.0,0.0,185149.00774301193,0.0
110.56,2561.387931,2496.136344,2276,0.0,0.0,186007.08143911458,0.0
110.57000000000001,2561.387931,2505.924082,2277,0.0,0.0,186736.44407335005,0.0
110.58,2561.387931,2514.243659,2277,0.0,0.0,187356.40229009482,0.0
110.59,2489.612877,2510.549042,2277,0.0,0.0,187081.08683032147,0.0
110.60000000000001,2481.334646,2506.166882,2279,0.0,0.0,186754.5370431039,0.0
110.61,2481.334646,2502.442047,2279,0.0,0.0,186476.96979848694,0.0
110.62,2481.334646,2499.275937,2279,0.0,0.0,186241.03762193304,0.0
110.63,2481.334646,2496.584743,2279,0.0,0.0,186040.49523460324,0.0
110.64,2481.334646,2494.297228,2280,0.0,0.0,185870.0341979211,0.0
110.65,2481.334646,2492.352841,2280,0.0,0.0,185725.14237262975,0.0
110.66,2536.586669,2498.987915,2280,0.0,0.0,186219.57479930358,0.0
110.67,2536.586669,2504.627728,2281,0.0,0.0,186639.8423694281,0.0
110.68,2498.753122,2503.746537,2281,0.0,0.0,186574.17778083525,0.0
110.69,2498.753122,2502.997525,2282,0.0,0.0,186518.36290661263,0.0
110.7,2485.454455,2500.366065,2284,0.0,0.0,186322.27177733585,0.0
110.71000000000001,2485.454455,2498.129323,2284,0.0,0.0,186155.59424293262,0.0
110.72,2485.454455,2496.228093,2284,0.0,0.0,186013.9183908524,0.0
110.73,2485.454455,2494.612047,2284,0.0,0.0,185893.49387932528,0.0
110.74000000000001,2485.454455,2493.238408,2284,0.0,0.0,185791.133051979,0.0
110.75,2485.454455,2492.070815,2284,0.0,0.0,185704.1263599124,0.0
110.76,2429.976631,2482.756688,2284,0.0,0.0,185010.05626891443,0.0
110.77,2429.976631,2474.839679,2285,0.0,0.0,184420.09661332236,0.0
110.78,2499.794267,2478.582867,2285,0.0,0.0,184699.03148674444,0.0
110.79,2499.794267,2481.764577,2286,0.0,0.0,184936.12614405682,0.0
110.8,2529.090764,2488.863505,2288,0.0,0.0,185465.1240418681,0.0
110.81,2529.090764,2494.897594,2288,0.0,0.0,185914.7722699113,0.0
110.82000000000001,2529.090764,2500.02657,2288,0.0,0.0,186296.9732898294,0.0
110.83,2529.090764,2504.386199,2288,0.0,0.0,186621.8441120489,0.0
110.84,2529.090764,2508.091884,2288,0.0,0.0,186897.9843370168,0.0
110.85000000000001,2529.090764,2511.241716,2288,0.0,0.0,187132.70350961,0.0
110.86,2430.36151,2499.109685,2289,0.0,0.0,186228.6488558395,0.0
110.87,2430.36151,2488.797459,2289,0.0,0.0,185460.20242621587,0.0
110.88,2430.36151,2480.032066,2290,0.0,0.0,184807.02289396964,0.0
110.89,2500.03175,2483.032019,2290,0.0,0.0,185030.5733836397,0.0
110.9,2474.842651,2481.803614,2292,0.0,0.0,184939.03510311892,0.0
110.91,2474.842651,2480.759469,2292,0.0,0.0,184861.22750878776,0.0
110.92,2474.842651,2479.871947,2292,0.0,0.0,184795.09114675375,0.0
110.93,2474.842651,2479.117552,2292,0.0,0.0,184738.87514215146,0.0
110.94,2474.842651,2478.476317,2292,0.0,0.0,184691.091594128,0.0
110.95,2474.842651,2477.931267,2292,0.0,0.0,184650.47555967857,0.0
110.96000000000001,2536.047056,2486.648636,2293,0.0,0.0,185300.07643962064,0.0
110.97,2536.047056,2494.058399,2293,0.0,0.0,185852.23713913473,0.0
110.98,2484.348293,2492.601883,2294,0.0,0.0,185743.70048372302,0.0
110.99000000000001,2484.348293,2491.363844,2294,0.0,0.0,185651.44429681584,0.0
111.0,2502.906883,2493.0953,2297,0.0,0.0,185780.46893041587,0.0
111.01,2502.906883,2494.567038,2297,0.0,0.0,185890.13989878303,0.0
111.02,2502.906883,2495.818014,2297,0.0,0.0,185983.36012502178,0.0
111.03,2502.906883,2496.881345,2297,0.0,0.0,186062.59742164987,0.0
111.04,2502.906883,2497.785175,2297,0.0,0.0,186129.94902318448,0.0
111.05,2502.906883,2498.553431,2297,0.0,0.0,186187.1979217479,0.0
111.06,2502.906883,2499.206449,2297,0.0,0.0,186235.85951533398,0.0
111.07000000000001,2502.906883,2499.761514,2297,0.0,0.0,186277.22184752676,0.0
111.08,2502.906883,2500.233319,2298,0.0,0.0,186312.3798112611,0.0
111.09,2502.63672,2500.59383,2298,0.0,0.0,186339.2443689997,0.0
111.10000000000001,2494.968197,2499.749985,2300,0.0,0.0,186276.36272953547,0.0
111.11,2494.968197,2499.032716,2300,0.0,0.0,186222.91328010234,0.0
111.12,2494.968197,2498.423039,2300,0.0,0.0,186177.48137103888,0.0
111.13,2494.968197,2497.904812,2300,0.0,0.0,186138.8641328321,0.0
111.14,2494.968197,2497.46432,2300,0.0,0.0,186106.03955114842,0.0
111.15,2494.968197,2497.089901,2301,0.0,0.0,186078.13859710286,0.0
111.16,2509.818726,2498.999225,2301,0.0,0.0,186220.4175978535,0.0
111.17,2509.818726,2500.62215,2302,0.0,0.0,186341.35471868434,0.0
111.18,2499.984625,2500.526522,2302,0.0,0.0,186334.22871163482,0.0
111.19,2499.984625,2500.445237,2302,0.0,0.0,186328.17151622113,0.0
111.2,2494.416649,2499.540949,2304,0.0,0.0,186260.78578544376,0.0
111.21000000000001,2494.416649,2498.772304,2304,0.0,0.0,186203.50789937942,0.0
111.22,2494.416649,2498.118956,2304,0.0,0.0,186154.8217148542,0.0
111.23,2494.416649,2497.56361,2304,0.0,0.0,186113.43844310418,0.0
111.24000000000001,2494.416649,2497.091566,2304,0.0,0.0,186078.26266956842,0.0
111.25,2494.416649,2496.690328,2305,0.0,0.0,186048.36321735228,0.0
111.26,2512.29654,2499.03126,2305,0.0,0.0,186222.80478189822,0.0
111.27,2512.29654,2501.021052,2306,0.0,0.0,186371.0800968587,0.0
111.28,2512.29654,2502.712375,2306,0.0,0.0,186497.11409967154,0.0
111.29,2406.871936,2488.336309,2307,0.0,0.0,185425.83845174316,0.0
111.3,2541.36061,2496.289954,2308,0.0,0.0,186018.52814868576,0.0
111.31,2541.36061,2503.050553,2308,0.0,0.0,186522.3144469755,0.0
111.32000000000001,2541.36061,2508.797061,2308,0.0,0.0,186950.53271482608,0.0
111.33,2541.36061,2513.681594,2308,0.0,0.0,187314.51833192067,0.0
111.34,2541.36061,2517.833446,2309,0.0,0.0,187623.90602820713,0.0
111.35000000000001,2541.36061,2521.362521,2309,0.0,0.0,187886.88562966505,0.0
111.36,2420.145051,2506.1799,2309,0.0,0.0,186755.50711839326,0.0
111.37,2420.145051,2493.274673,2310,0.0,0.0,185793.83544715247,0.0
111.38,2420.145051,2482.30523,2310,0.0,0.0,184976.41452287193,0.0
111.39,2489.601175,2483.399621,2311,0.0,0.0,185057.9663484974,0.0
111.4,2490.389155,2484.448051,2313,0.0,0.0,185136.09325244714,0.0
111.41,2490.389155,2485.339217,2313,0.0,0.0,185202.50115806347,0.0
111.42,2490.389155,2486.096708,2313,0.0,0.0,185258.94787038554,0.0
111.43,2490.389155,2486.740575,2313,0.0,0.0,185306.92754977796,0.0
111.44,2490.389155,2487.287862,2313,0.0,0.0,185347.71028098746,0.0
111.45,2490.389155,2487.753056,2313,0.0,0.0,185382.37560624137,0.0
111.46000000000001,2518.485474,2492.362919,2314,0.0,0.0,185725.89336500695,0.0
111.47,2518.485474,2496.281302,2314,0.0,0.0,186017.8834189728,0.0
111.48,2518.485474,2499.611928,2314,0.0,0.0,186266.07499837686,0.0
111.49000000000001,2510.26262,2501.209531,2315,0.0,0.0,186385.1251744791,0.0
111.5,2518.509761,2503.804566,2317,0.0,0.0,186578.5019857028,0.0
111.51,2518.509761,2506.010345,2317,0.0,0.0,186742.8722193545,0.0
111.52,2518.509761,2507.885257,2317,0.0,0.0,186882.5869067807,0.0
111.53,2518.509761,2509.478933,2317,0.0,0.0,187001.34445070734,0.0
111.54,2518.509761,2510.833557,2317,0.0,0.0,187102.2883183343,0.0
111.55,2518.509761,2511.984988,2317,0.0,0.0,187188.0906505279,0.0
111.56,2463.219105,2504.670105,2318,0.0,0.0,186643.00021860134,0.0
111.57000000000001,2463.219105,2498.452455,2318,0.0,0.0,186179.67339244863,0.0
111.58,2463.219105,2493.167453,2319,0.0,0.0,185785.84562747786,0.0
111.59,2500.059585,2494.201273,2319,0.0,0.0,185862.88382348648,0.0
111.60000000000001,2481.989819,2492.369554,2321,0.0,0.0,185726.38779191932,0.0
111.61,2481.989819,2490.812594,2321,0.0,0.0,185610.36625078288,0.0
111.62,2481.989819,2489.489178,2321,0.0,0.0,185511.747940817,0.0
111.63,2481.989819,2488.364274,2321,0.0,0.0,185427.92234753876,0.0
111.64,2481.989819,2487.408106,2321,0.0,0.0,185356.6706230594,0.0
111.65,2481.989819,2486.595363,2322,0.0,0.0,185296.1066423484,0.0
111.66,2522.145441,2491.927874,2322,0.0,0.0,185693.47468285475,0.0
111.67,2522.145441,2496.460509,2322,0.0,0.0,186031.23756572188,0.0
111.68,2499.954626,2496.984627,2323,0.0,0.0,186070.29378945104,0.0
111.69,2499.954626,2497.430127,2323,0.0,0.0,186103.4915572654,0.0
111.7,2480.841069,2494.941768,2325,0.0,0.0,185918.06402792578,0.0
111.71000000000001,2480.841069,2492.826663,2325,0.0,0.0,185760.45063916477,0.0
111.72,2480.841069,2491.028824,2325,0.0,0.0,185626.47927734745,0.0
111.73,2480.841069,2489.500661,2325,0.0,0.0,185512.60363098042,0.0
111.74000000000001,2480.841069,2488.201722,2325,0.0,0.0,185415.8092980353,0.0
111.75,2480.841069,2487.097624,2326,0.0,0.0,185333.53412620974,0.0
111.76,2532.358049,2493.886688,2326,0.0,0.0,185839.4415792937,0.0
111.77,2532.358049,2499.657392,2327,0.0,0.0,186269.46288460787,0.0
111.78,2484.302334,2497.354133,2327,0.0,0.0,186097.8286365756,0.0
111.79,2484.302334,2495.396364,2327,0.0,0.0,185951.93961144396,0.0
111.8,2480.721145,2493.195081,2329,0.0,0.0,185787.9044107083,0.0
111.81,2480.721145,2491.32399,2329,0.0,0.0,185648.4744565499,0.0
111.82000000000001,2480.721145,2489.733564,2329,0.0,0.0,185529.9590961146,0.0
111.83,2480.721145,2488.381701,2329,0.0,0.0,185429.2209726784,0.0
111.84,2480.721145,2487.232617,2329,0.0,0.0,185343.59353422446,0.0
111.85000000000001,2480.721145,2486.255897,2330,0.0,0.0,185270.81031586387,0.0
111.86,2532.576211,2493.203944,2330,0.0,0.0,185788.5648637187,0.0
111.87,2532.576211,2499.109784,2331,0.0,0.0,186228.65623312126,0.0
111.88,2532.576211,2504.129748,2331,0.0,0.0,186602.7338971134,0.0
111.89,2500.064752,2503.519999,2332,0.0,0.0,186557.29662275416,0.0
111.9,2467.210649,2498.073596,2333,0.0,0.0,186151.4415784949,0.0
111.91,2467.210649,2493.444154,2333,0.0,0.0,185806.4648318594,0.0
111.92,2467.210649,2489.509128,2333,0.0,0.0,185513.23457486392,0.0
111.93,2467.210649,2486.164357,2333,0.0,0.0,185263.9889383875,0.0
111.94,2467.210649,2483.321301,2334,0.0,0.0,185052.13009894584,0.0
111.95,2467.210649,2480.904703,2334,0.0,0.0,184872.05005561325,0.0
111.96000000000001,2551.524747,2491.497709,2334,0.0,0.0,185661.4196485296,0.0
111.97,2551.524747,2500.501765,2335,0.0,0.0,186332.3838695747,0.0
111.98,2484.357982,2498.080198,2335,0.0,0.0,186151.93354631335,0.0
111.99000000000001,2484.357982,2496.021865,2336,0.0,0.0,185998.5506932973,0.0
112.0,2484.900993,2494.353734,2339,0.0,0.0,185874.24491187872,0.0
112.01,2484.900993,2492.935823,2339,0.0,0.0,185768.58502375425,0.0
112.02,2484.900993,2491.730599,2339,0.0,0.0,185678.77414492978,0.0
112.03,2484.900993,2490.706158,2339,0.0,0.0,185602.43485321818,0.0
112.04,2484.900993,2489.835383,2339,0.0,0.0,185537.54644408563,0.0
112.05,2484.900993,2489.095225,2339,0.0,0.0,185482.39135221142,0.0
112.06,2484.900993,2488.46609,2339,0.0,0.0,185435.50947195577,0.0
112.07000000000001,2484.900993,2487.931325,2339,0.0,0.0,185395.659855109,0.0
112.08,2484.900993,2487.476776,2339,0.0,0.0,185361.78777393667,0.0
112.09,2547.615788,2496.497627,2340,0.0,0.0,186034.00352474712,0.0
112.10000000000001,2482.150054,2494.345491,2342,0.0,0.0,185873.63066002665,0.0
112.11,2482.150054,2492.516176,2342,0.0,0.0,185737.3137697251,0.0
112.12,2482.150054,2490.961258,2342,0.0,0.0,185621.44439433928,0.0
112.13,2482.150054,2489.639577,2342,0.0,0.0,185522.95537309872,0.0
112.14,2482.150054,2488.516149,2342,0.0,0.0,185439.23976838455,0.0
112.15,2482.150054,2487.561234,2342,0.0,0.0,185368.0814149559,0.0
112.16,2402.796761,2474.846563,2343,0.0,0.0,184420.60959521602,0.0
112.17,2402.796761,2464.039093,2343,0.0,0.0,183615.2585745184,0.0
112.18,2402.796761,2454.852743,2344,0.0,0.0,182930.71016966645,0.0
112.19,2396.241493,2446.061056,2344,0.0,0.0,182275.5712611982,0.0
112.2,2333.959428,2429.245812,2346,0.0,0.0,181022.5329535573,0.0
112.21000000000001,2333.959428,2414.952854,2346,0.0,0.0,179957.45034735178,0.0
112.22,2333.959428,2402.80384,2346,0.0,0.0,179052.13015443247,0.0
112.23,2333.959428,2392.477178,2346,0.0,0.0,178282.6079829993,0.0
112.24000000000001,2333.959428,2383.699516,2346,0.0,0.0,177628.51418944364,0.0
112.25,2333.959428,2376.238503,2346,0.0,0.0,177072.534442566,0.0
112.26,2138.526322,2340.581675,2347,0.0,0.0,174415.45902855706,0.0
112.27,2138.526322,2310.273372,2347,0.0,0.0,172156.9449862639,0.0
112.28,2140.620291,2284.82541,2347,0.0,0.0,170260.6138216737,0.0
112.29,2140.620291,2263.194642,2348,0.0,0.0,168648.73230941658,0.0
112.3,2058.317433,2232.463061,2349,0.0,0.0,166358.6764382459,0.0
112.31,2058.317433,2206.341217,2349,0.0,0.0,164412.1289365731,0.0
112.32000000000001,2058.317433,2184.137649,2349,0.0,0.0,162757.5635154404,0.0
112.33,2058.317433,2165.264617,2349,0.0,0.0,161351.18296709209,0.0
112.34,2058.317433,2149.222539,2349,0.0,0.0,160155.75944138152,0.0
112.35000000000001,2058.317433,2135.586773,2350,0.0,0.0,159139.649466883,0.0
112.36,1992.78369,2114.166311,2350,0.0,0.0,157543.4395365742,0.0
112.37,1992.78369,2095.958918,2350,0.0,0.0,156186.66107345634,0.0
112.38,1992.78369,2080.482634,2351,0.0,0.0,155033.39938353212,0.0
112.39,1906.90801,2054.44644,2351,0.0,0.0,153093.23434833137,0.0
112.4,1801.443422,2016.495987,2352,0.0,0.0,150265.24259267657,0.0
112.41,1801.443422,1984.238102,2352,0.0,0.0,147861.4496040959,0.0
112.42,1801.443422,1956.8189,2352,0.0,0.0,145818.2255824318,0.0
112.43,1801.443422,1933.512579,2352,0.0,0.0,144081.48521617995,0.0
112.44,1801.443422,1913.702205,2352,0.0,0.0,142605.25581917018,0.0
112.45,1801.443422,1896.863388,2353,0.0,0.0,141350.46089877805,0.0
112.46000000000001,1714.655396,1869.532189,2353,0.0,0.0,139313.79468443376,0.0
112.47,1714.655396,1846.30067,2353,0.0,0.0,137582.62841341886,0.0
112.48,1714.655396,1826.553879,2354,0.0,0.0,136111.13709423385,0.0
112.49000000000001,1666.728391,1802.580056,2354,0.0,0.0,134324.65581572242,0.0
112.5,1567.82475,1767.36676,2355,0.0,0.0,131700.63151810918,0.0
112.51,1567.82475,1737.435458,2355,0.0,0.0,129470.2108353306,0.0
112.52,1567.82475,1711.993852,2355,0.0,0.0,127574.35330713147,0.0
112.53,1567.82475,1690.368487,2355,0.0,0.0,125962.87441561402,0.0
112.54,1567.82475,1671.986926,2355,0.0,0.0,124593.11730193568,0.0
112.55,1567.82475,1656.3626,2355,0.0,0.0,123428.82381864937,0.0
112.56,1538.625833,1638.702085,2356,0.0,0.0,122112.79760888008,0.0
112.57000000000001,1538.625833,1623.690647,2356,0.0,0.0,120994.17531194669,0.0
112.58,1468.401402,1600.39726,2356,0.0,0.0,119258.3987614724,0.0
112.59,1468.401402,1580.597881,2356,0.0,0.0,117782.98868984336,0.0
112.60000000000001,1354.928339,1546.74745,2357,0.0,0.0,115260.52236267301,0.0
112.61,1354.928339,1517.974583,2357,0.0,0.0,113116.42593614147,0.0
112.62,1354.928339,1493.517647,2357,0.0,0.0,111293.9440443818,0.0
112.63,1354.928339,1472.72925,2357,0.0,0.0,109744.83433206088,0.0
112.64,1354.928339,1455.059114,2357,0.0,0.0,108428.0911846392,0.0
112.65,1354.928339,1440.039497,2358,0.0,0.0,107308.85940500557,0.0
112.66,1302.353914,1419.38666,2358,0.0,0.0,105769.85135240387,0.0
112.67,1302.353914,1401.831748,2358,0.0,0.0,104461.69446670753,0.0
112.68,1249.805155,1379.027759,2358,0.0,0.0,102762.38687509479,0.0
112.69,1249.805155,1359.644369,2359,0.0,0.0,101317.97547066066,0.0
112.7,1163.052026,1330.155517,2359,0.0,0.0,99120.52527580463,0.0
112.71000000000001,1163.052026,1305.089994,2359,0.0,0.0,97252.69269959861,0.0
112.72,1163.052026,1283.784299,2359,0.0,0.0,95665.0349762904,0.0
112.73,1163.052026,1265.674458,2359,0.0,0.0,94315.52589284889,0.0
112.74000000000001,1163.052026,1250.281093,2360,0.0,0.0,93168.44316074597,0.0
112.75,1163.052026,1237.196733,2360,0.0,0.0,92193.42285708795,0.0
112.76,1067.914314,1211.80437,2360,0.0,0.0,90301.23481863175,0.0
112.77,1067.914314,1190.220862,2360,0.0,0.0,88692.87502692889,0.0
112.78,1067.914314,1171.87488,2360,0.0,0.0,87325.76918907785,0.0
112.79,1031.61299,1150.835596,2360,0.0,0.0,85757.96387995862,0.0
112.8,951.45384,1120.928333,2361,0.0,0.0,83529.33453531814,0.0
112.81,951.45384,1095.507159,2361,0.0,0.0,81634.99955884063,0.0
112.82000000000001,951.45384,1073.899161,2361,0.0,0.0,80024.81482138294,0.0
112.83,951.45384,1055.532363,2361,0.0,0.0,78656.15781689933,0.0
112.84,951.45384,1039.920584,2361,0.0,0.0,77492.79931092562,0.0
112.85000000000001,951.45384,1026.650573,2361,0.0,0.0,76503.94466654367,0.0
112.86,897.039154,1007.20886,2361,0.0,0.0,75055.18714895076,0.0
112.87,897.039154,990.683404,2362,0.0,0.0,73823.74326272271,0.0
112.88,897.039154,976.636767,2362,0.0,0.0,72777.01600413962,0.0
112.89,833.355639,955.144598,2362,0.0,0.0,71175.46261179568,0.0
112.9,769.131689,927.242661,2362,0.0,0.0,69096.26614468635,0.0
112.91,769.131689,903.526016,2362,0.0,0.0,67328.94925569448,0.0
112.92,769.131689,883.366867,2362,0.0,0.0,65826.72984416291,0.0
112.93,769.131689,866.23159,2362,0.0,0.0,64549.84331827978,0.0
112.94,769.131689,851.666605,2363,0.0,0.0,63464.48980481222,0.0
112.95,769.131689,839.286368,2363,0.0,0.0,62541.939336994285,0.0
112.96000000000001,693.872013,817.474214,2363,0.0,0.0,60916.54130327193,0.0
112.97,693.872013,798.933884,2363,0.0,0.0,59534.95304167413,0.0
112.98,693.872013,783.174604,2363,0.0,0.0,58360.603056575,0.0
112.99000000000001,645.874928,762.579652,2363,0.0,0.0,56825.90847824924,0.0
113.0,556.187322,731.620803,2364,0.0,0.0,54518.91705085939,0.0
113.01,556.187322,705.305781,2364,0.0,0.0,52557.97431149671,0.0
113.02,556.187322,682.938012,2364,0.0,0.0,50891.17296068304,0.0
113.03,556.187322,663.925408,2364,0.0,0.0,49474.39178641012,0.0
113.04,556.187322,647.764695,2364,0.0,0.0,48270.12781808533,0.0
113.05,556.187322,634.028089,2364,0.0,0.0,47246.50344873517,0.0
113.06,556.187322,622.351974,2364,0.0,0.0,46376.42274223934,0.0
113.07000000000001,556.187322,612.427276,2364,0.0,0.0,45636.85412308836,0.0
113.08,556.187322,603.991283,2364,0.0,0.0,45008.220819165435,0.0
113.09,469.119279,583.760483,2364,0.0,0.0,43500.66211860655,0.0
113.10000000000001,406.069577,557.106847,2364,0.0,0.0,41514.48654209305,0.0
113.11,406.069577,534.451256,2364,0.0,0.0,39826.23727224937,0.0
113.12,406.069577,515.194004,2364,0.0,0.0,38391.225418963535,0.0
113.13,406.069577,498.82534,2364,0.0,0.0,37171.46535857419,0.0
113.14,406.069577,484.911976,2364,0.0,0.0,36134.66933705044,0.0
113.15,406.069577,473.085616,2364,0.0,0.0,35253.39267404445,0.0
113.16,327.242387,451.209132,2364,0.0,0.0,33623.200897553295,0.0
113.17,327.242387,432.61412,2364,0.0,0.0,32237.537842825026,0.0
113.18,327.242387,416.80836,2364,0.0,0.0,31059.724261209583,0.0
113.19,302.214736,399.619317,2365,0.0,0.0,29778.83120068154,0.0
113.2,246.32472,376.625127,2365,0.0,0.0,28065.35021145699,0.0
113.21000000000001,246.32472,357.080066,2365,0.0,0.0,26608.89140787512,0.0
113.22,246.32472,340.466764,2365,0.0,0.0,25370.90141365283,0.0
113.23,246.32472,326.345457,2365,0.0,0.0,24318.609896208483,0.0
113.24000000000001,246.32472,314.342347,2365,0.0,0.0,23424.16217717289,0.0
113.25,246.32472,304.139703,2365,0.0,0.0,22663.881578733635,0.0
113.26,246.32472,295.467455,2365,0.0,0.0,22017.64302534947,0.0
113.27,173.555565,277.180672,2365,0.0,0.0,20654.94857842289,0.0
113.28,173.555565,261.636906,2365,0.0,0.0,19496.6582650022,0.0
113.29,173.555565,248.424705,2365,0.0,0.0,18512.111506046407,0.0
113.3,102.858322,226.589747,2365,0.0,0.0,16885.014163912743,0.0
113.31,102.858322,208.030033,2365,0.0,0.0,15501.981445454525,0.0
113.32000000000001,102.858322,192.254277,2365,0.0,0.0,14326.40370183124,0.0
113.33,102.858322,178.844883,2365,0.0,0.0,13327.162515426251,0.0
113.34,102.858322,167.446899,2365,0.0,0.0,12477.807574048205,0.0
113.35000000000001,102.858322,157.758613,2365,0.0,0.0,11755.855903684067,0.0
113.36,0.0,0.0,2365,0.0,0.0,0.0,0.0
113.37,0.0,0.0,2365,0.0,0.0,0.0,0.0
113.38,0.0,0.0,2365,0.0,0.0,0.0,0.0
113.39,0.0,0.0,2365,0.0,0.0,0.0,0.0
113.4,0.0,0.0,2365,0.0,0.0,0.0,0.0
113.41,0.0,0.0,2365,0.0,0.0,0.0,0.0
113.42,0.0,0.0,2365,0.0,0.0,0.0,0.0
113.43,0.0,0.0,2365,0.0,0.0,0.0,0.0
113.44,0.0,0.0,2365,0.0,0.0,0.0,0.0
113.45,0.0,0.0,2365,0.0,0.0,0.0,0.0
113.46000000000001,0.0,0.0,2365,0.0,0.0,0.0,0.0
113.47,0.0,0.0,2365,0.0,0.0,0.0,0.0
113.48,0.0,0.0,2365,0.0,0.0,0.0,0.0
113.49000000000001,0.0,0.0,2365,0.0,0.0,0.0,0.0
113.5,0.0,0.0,2365,0.0,0.0,0.0,0.0
113.51,0.0,0.0,2365,0.0,0.0,0.0,0.0
113.52,0.0,0.0,2365,0.0,0.0,0.0,0.0
113.53,0.0,0.0,2365,0.0,0.0,0.0,0.0
113.54,0.0,0.0,2365,0.0,0.0,0.0,0.0
113.55,0.0,0.0,2365,0.0,0.0,0.0,0.0
113.56,0.0,0.0,2365,0.0,0.0,0.0,0.0
113.57000000000001,0.0,0.0,2365,0.0,0.0,0.0,0.0
113.58,0.0,0.0,2365,0.0,0.0,0.0,0.0
113.59,0.0,0.0,2365,0.0,0.0,0.0,0.0
113.60000000000001,0.0,0.0,2365,0.0,0.0,0.0,0.0
113.61,0.0,0.0,2365,0.0,0.0,0.0,0.0
113.62,0.0,0.0,2365,0.0,0.0,0.0,0.0
113.63,0.0,0.0,2365,0.0,0.0,0.0,0.0
113.64,0.0,0.0,2365,0.0,0.0,0.0,0.0
113.65,0.0,0.0,2365,0.0,0.0,0.0,0.0
113.66,0.0,0.0,2365,0.0,0.0,0.0,0.0
113.67,0.0,0.0,2365,0.0,0.0,0.0,0.0
113.68,0.0,0.0,2365,0.0,0.0,0.0,0.0
113.69,0.0,0.0,2365,0.0,0.0,0.0,0.0
113.7,0.0,0.0,2365,0.0,0.0,0.0,0.0
113.71000000000001,0.0,0.0,2365,0.0,0.0,0.0,0.0
113.72,0.0,0.0,2365,0.0,0.0,0.0,0.0
113.73,0.0,0.0,2365,0.0,0.0,0.0,0.0
113.74000000000001,0.0,0.0,2365,0.0,0.0,0.0,0.0
113.75,0.0,0.0,2365,0.0,0.0,0.0,0.0
113.76,0.0,0.0,2365,0.0,0.0,0.0,0.0
113.77,0.0,0.0,2365,0.0,0.0,0.0,0.0
113.78,0.0,0.0,2365,0.0,0.0,0.0,0.0
113.79,0.0,0.0,2365,0.0,0.0,0.0,0.0
113.8,0.0,0.0,2365,0.0,0.0,0.0,0.0
113.81,0.0,0.0,2365,0.0,0.0,0.0,0.0
113.82000000000001,0.0,0.0,2365,0.0,0.0,0.0,0.0
113.83,0.0,0.0,2365,0.0,0.0,0.0,0.0
113.84,0.0,0.0,2365,0.0,0.0,0.0,0.0
113.85000000000001,0.0,0.0,2365,0.0,0.0,0.0,0.0
113.86,0.0,0.0,2365,0.0,0.0,0.0,0.0
113.87,0.0,0.0,2365,0.0,0.0,0.0,0.0
113.88,0.0,0.0,2365,0.0,0.0,0.0,0.0
113.89,0.0,0.0,2365,0.0,0.0,0.0,0.0
113.9,0.0,0.0,2365,0.0,0.0,0.0,0.0
113.91,0.0,0.0,2365,0.0,0.0,0.0,0.0
113.92,0.0,0.0,2365,0.0,0.0,0.0,0.0
113.93,0.0,0.0,2365,0.0,0.0,0.0,0.0
113.94,0.0,0.0,2365,0.0,0.0,0.0,0.0
113.95,0.0,0.0,2365,0.0,0.0,0.0,0.0
113.96000000000001,0.0,0.0,2365,0.0,0.0,0.0,0.0
113.97,0.0,0.0,2365,0.0,0.0,0.0,0.0
113.98,0.0,0.0,2365,0.0,0.0,0.0,0.0
113.99000000000001,0.0,0.0,2365,0.0,0.0,0.0,0.0
114.0,0.0,0.0,2365,0.0,0.0,0.0,0.0
114.01,0.0,0.0,2365,0.0,0.0,0.0,0.0
114.02,0.0,0.0,2365,0.0,0.0,0.0,0.0
114.03,0.0,0.0,2365,0.0,0.0,0.0,0.0
114.04,0.0,0.0,2365,0.0,0.0,0.0,0.0
114.05,0.0,0.0,2365,0.0,0.0,0.0,0.0
114.06,0.0,0.0,2365,0.0,0.0,0.0,0.0
114.07000000000001,0.0,0.0,2365,0.0,0.0,0.0,0.0
114.08,0.0,0.0,2365,0.0,0.0,0.0,0.0
114.09,0.0,0.0,2365,0.0,0.0,0.0,0.0
114.10000000000001,0.0,0.0,2365,0.0,0.0,0.0,0.0
114.11,0.0,0.0,2365,0.0,0.0,0.0,0.0
114.12,0.0,0.0,2365,0.0,0.0,0.0,0.0
114.13,0.0,0.0,2365,0.0,0.0,0.0,0.0
114.14,0.0,0.0,2365,0.0,0.0,0.0,0.0
114.15,0.0,0.0,2365,0.0,0.0,0.0,0.0
114.16,0.0,0.0,2365,0.0,0.0,0.0,0.0
114.17,0.0,0.0,2365,0.0,0.0,0.0,0.0
114.18,0.0,0.0,2365,0.0,0.0,0.0,0.0
114.19,0.0,0.0,2365,0.0,0.0,0.0,0.0
114.2,0.0,0.0,2365,0.0,0.0,0.0,0.0
114.21000000000001,0.0,0.0,2365,0.0,0.0,0.0,0.0
114.22,0.0,0.0,2365,0.0,0.0,0.0,0.0
114.23,0.0,0.0,2365,0.0,0.0,0.0,0.0
114.24000000000001,0.0,0.0,2365,0.0,0.0,0.0,0.0
114.25,0.0,0.0,2365,0.0,0.0,0.0,0.0
114.26,0.0,0.0,2365,0.0,0.0,0.0,0.0
114.27,0.0,0.0,2365,0.0,0.0,0.0,0.0
114.28,0.0,0.0,2365,0.0,0.0,0.0,0.0
114.29,0.0,0.0,2365,0.0,0.0,0.0,0.0
114.3,0.0,0.0,2365,0.0,0.0,0.0,0.0
114.31,0.0,0.0,2365,0.0,0.0,0.0,0.0
114.32000000000001,0.0,0.0,2365,0.0,0.0,0.0,0.0
114.33,0.0,0.0,2365,0.0,0.0,0.0,0.0
114.34,0.0,0.0,2365,0.0,0.0,0.0,0.0
114.35000000000001,0.0,0.0,2365,0.0,0.0,0.0,0.0
114.36,0.0,0.0,2365,0.0,0.0,0.0,0.0
114.37,0.0,0.0,2365,0.0,0.0,0.0,0.0
114.38,0.0,0.0,2365,0.0,0.0,0.0,0.0
114.39,0.0,0.0,2365,0.0,0.0,0.0,0.0
114.4,0.0,0.0,2365,0.0,0.0,0.0,0.0
114.41,0.0,0.0,2365,0.0,0.0,0.0,0.0
114.42,0.0,0.0,2365,0.0,0.0,0.0,0.0
114.43,0.0,0.0,2365,0.0,0.0,0.0,0.0
114.44,0.0,0.0,2365,0.0,0.0,0.0,0.0
114.45,0.0,0.0,2365,0.0,0.0,0.0,0.0
114.46000000000001,0.0,0.0,2365,0.0,0.0,0.0,0.0
114.47,0.0,0.0,2365,0.0,0.0,0.0,0.0
114.48,0.0,0.0,2365,0.0,0.0,0.0,0.0
114.49000000000001,0.0,0.0,2365,0.0,0.0,0.0,0.0
114.5,0.0,0.0,2365,0.0,0.0,0.0,0.0
114.51,0.0,0.0,2365,0.0,0.0,0.0,0.0
114.52,0.0,0.0,2365,0.0,0.0,0.0,0.0
114.53,0.0,0.0,2365,0.0,0.0,0.0,0.0
114.54,0.0,0.0,2365,0.0,0.0,0.0,0.0
114.55,0.0,0.0,2365,0.0,0.0,0.0,0.0
114.56,0.0,0.0,2365,0.0,0.0,0.0,0.0
114.57000000000001,0.0,0.0,2365,0.0,0.0,0.0,0.0
114.58,0.0,0.0,2365,0.0,0.0,0.0,0.0
114.59,0.0,0.0,2365,0.0,0.0,0.0,0.0
114.60000000000001,0.0,0.0,2365,0.0,0.0,0.0,0.0
114.61,0.0,0.0,2365,0.0,0.0,0.0,0.0
114.62,0.0,0.0,2365,0.0,0.0,0.0,0.0
114.63,0.0,0.0,2365,0.0,0.0,0.0,0.0
114.64,0.0,0.0,2365,0.0,0.0,0.0,0.0
114.65,0.0,0.0,2365,0.0,0.0,0.0,0.0
114.66,0.0,0.0,2365,0.0,0.0,0.0,0.0
114.67,0.0,0.0,2365,0.0,0.0,0.0,0.0
114.68,0.0,0.0,2365,0.0,0.0,0.0,0.0
114.69,0.0,0.0,2365,0.0,0.0,0.0,0.0
114.7,0.0,0.0,2365,0.0,0.0,0.0,0.0
114.71000000000001,0.0,0.0,2365,0.0,0.0,0.0,0.0
114.72,0.0,0.0,2365,0.0,0.0,0.0,0.0
114.73,0.0,0.0,2365,0.0,0.0,0.0,0.0
114.74000000000001,0.0,0.0,2365,0.0,0.0,0.0,0.0
114.75,0.0,0.0,2365,0.0,0.0,0.0,0.0
114.76,0.0,0.0,2365,0.0,0.0,0.0,0.0
114.77,0.0,0.0,2365,0.0,0.0,0.0,0.0
114.78,0.0,0.0,2365,0.0,0.0,0.0,0.0
114.79,0.0,0.0,2365,0.0,0.0,0.0,0.0
114.8,0.0,0.0,2365,0.0,0.0,0.0,0.0
114.81,0.0,0.0,2365,0.0,0.0,0.0,0.0
114.82000000000001,0.0,0.0,2365,0.0,0.0,0.0,0.0
114.83,0.0,0.0,2365,0.0,0.0,0.0,0.0
114.84,0.0,0.0,2365,0.0,0.0,0.0,0.0
114.85000000000001,0.0,0.0,2365,0.0,0.0,0.0,0.0
114.86,0.0,0.0,2365,0.0,0.0,0.0,0.0
114.87,0.0,0.0,2365,0.0,0.0,0.0,0.0
114.88,0.0,0.0,2365,0.0,0.0,0.0,0.0
114.89,0.0,0.0,2365,0.0,0.0,0.0,0.0
114.9,0.0,0.0,2365,0.0,0.0,0.0,0.0
114.91,0.0,0.0,2365,0.0,0.0,0.0,0.0
114.92,0.0,0.0,2365,0.0,0.0,0.0,0.0
114.93,0.0,0.0,2365,0.0,0.0,0.0,0.0
114.94,0.0,0.0,2365,0.0,0.0,0.0,0.0
114.95,0.0,0.0,2365,0.0,0.0,0.0,0.0
114.96000000000001,0.0,0.0,2365,0.0,0.0,0.0,0.0
114.97,0.0,0.0,2365,0.0,0.0,0.0,0.0
114.98,0.0,0.0,2365,0.0,0.0,0.0,0.0
114.99000000000001,0.0,0.0,2365,0.0,0.0,0.0,0.0
115.0,0.0,0.0,2365,0.0,0.0,0.0,0.0
115.01,0.0,0.0,2365,0.0,0.0,0.0,0.0
115.02,0.0,0.0,2365,0.0,0.0,0.0,0.0
115.03,0.0,0.0,2365,0.0,0.0,0.0,0.0
115.04,0.0,0.0,2365,0.0,0.0,0.0,0.0
115.05,0.0,0.0,2365,0.0,0.0,0.0,0.0
115.06,0.0,0.0,2365,0.0,0.0,0.0,0.0
115.07000000000001,0.0,0.0,2365,0.0,0.0,0.0,0.0
115.08,0.0,0.0,2365,0.0,0.0,0.0,0.0
115.09,0.0,0.0,2365,0.0,0.0,0.0,0.0
115.10000000000001,0.0,0.0,2365,0.0,0.0,0.0,0.0
115.11,0.0,0.0,2365,0.0,0.0,0.0,0.0
115.12,0.0,0.0,2365,0.0,0.0,0.0,0.0
115.13,0.0,0.0,2365,0.0,0.0,0.0,0.0
115.14,0.0,0.0,2365,0.0,0.0,0.0,0.0
115.15,0.0,0.0,2365,0.0,0.0,0.0,0.0
115.16,0.0,0.0,2365,0.0,0.0,0.0,0.0
115.17,0.0,0.0,2365,0.0,0.0,0.0,0.0
115.18,0.0,0.0,2365,0.0,0.0,0.0,0.0
115.19,0.0,0.0,2365,0.0,0.0,0.0,0.0
115.2,0.0,0.0,2365,0.0,0.0,0.0,0.0
115.21000000000001,0.0,0.0,2365,0.0,0.0,0.0,0.0
115.22,0.0,0.0,2365,0.0,0.0,0.0,0.0
115.23,0.0,0.0,2365,0.0,0.0,0.0,0.0
115.24000000000001,0.0,0.0,2365,0.0,0.0,0.0,0.0
115.25,0.0,0.0,2365,0.0,0.0,0.0,0.0
115.26,0.0,0.0,2365,0.0,0.0,0.0,0.0
115.27,0.0,0.0,2365,0.0,0.0,0.0,0.0
115.28,0.0,0.0,2365,0.0,0.0,0.0,0.0
115.29,0.0,0.0,2365,0.0,0.0,0.0,0.0
115.3,0.0,0.0,2365,0.0,0.0,0.0,0.0
115.31,0.0,0.0,2365,0.0,0.0,0.0,0.0
115.32000000000001,0.0,0.0,2365,0.0,0.0,0.0,0.0
115.33,0.0,0.0,2365,0.0,0.0,0.0,0.0
115.34,0.0,0.0,2365,0.0,0.0,0.0,0.0
115.35000000000001,0.0,0.0,2365,0.0,0.0,0.0,0.0
115.36,0.0,0.0,2365,0.0,0.0,0.0,0.0
115.37,0.0,0.0,2365,0.0,0.0,0.0,0.0
115.38,0.0,0.0,2365,0.0,0.0,0.0,0.0
115.39,0.0,0.0,2365,0.0,0.0,0.0,0.0
115.4,0.0,0.0,2365,0.0,0.0,0.0,0.0
115.41,0.0,0.0,2365,0.0,0.0,0.0,0.0
115.42,0.0,0.0,2365,0.0,0.0,0.0,0.0
115.43,0.0,0.0,2365,0.0,0.0,0.0,0.0
115.44,0.0,0.0,2365,0.0,0.0,0.0,0.0
115.45,0.0,0.0,2365,0.0,0.0,0.0,0.0
115.46000000000001,0.0,0.0,2365,0.0,0.0,0.0,0.0
115.47,0.0,0.0,2365,0.0,0.0,0.0,0.0
115.48,0.0,0.0,2365,0.0,0.0,0.0,0.0
115.49000000000001,0.0,0.0,2365,0.0,0.0,0.0,0.0
115.5,0.0,0.0,2365,0.0,0.0,0.0,0.0
115.51,0.0,0.0,2365,0.0,0.0,0.0,0.0
115.52,0.0,0.0,2365,0.0,0.0,0.0,0.0
115.53,0.0,0.0,2365,0.0,0.0,0.0,0.0
115.54,0.0,0.0,2365,0.0,0.0,0.0,0.0
115.55,0.0,0.0,2365,0.0,0.0,0.0,0.0
115.56,0.0,0.0,2365,0.0,0.0,0.0,0.0
115.57000000000001,0.0,0.0,2365,0.0,0.0,0.0,0.0
115.58,0.0,0.0,2365,0.0,0.0,0.0,0.0
115.59,0.0,0.0,2365,0.0,0.0,0.0,0.0
115.60000000000001,0.0,0.0,2365,0.0,0.0,0.0,0.0
115.61,0.0,0.0,2365,0.0,0.0,0.0,0.0
115.62,0.0,0.0,2365,0.0,0.0,0.0,0.0
115.63,0.0,0.0,2365,0.0,0.0,0.0,0.0
115.64,0.0,0.0,2365,0.0,0.0,0.0,0.0
115.65,0.0,0.0,2365,0.0,0.0,0.0,0.0
115.66,0.0,0.0,2365,0.0,0.0,0.0,0.0
115.67,0.0,0.0,2365,0.0,0.0,0.0,0.0
115.68,0.0,0.0,2365,0.0,0.0,0.0,0.0
115.69,0.0,0.0,2365,0.0,0.0,0.0,0.0
115.7,0.0,0.0,2365,0.0,0.0,0.0,0.0
115.71000000000001,0.0,0.0,2365,0.0,0.0,0.0,0.0
115.72,0.0,0.0,2365,0.0,0.0,0.0,0.0
115.73,0.0,0.0,2365,0.0,0.0,0.0,0.0
115.74000000000001,0.0,0.0,2365,0.0,0.0,0.0,0.0
115.75,0.0,0.0,2365,0.0,0.0,0.0,0.0
115.76,0.0,0.0,2365,0.0,0.0,0.0,0.0
115.77,0.0,0.0,2365,0.0,0.0,0.0,0.0
115.78,0.0,0.0,2365,0.0,0.0,0.0,0.0
115.79,0.0,0.0,2365,0.0,0.0,0.0,0.0
115.8,0.0,0.0,2365,0.0,0.0,0.0,0.0
115.81,0.0,0.0,2365,0.0,0.0,0.0,0.0
115.82000000000001,0.0,0.0,2365,0.0,0.0,0.0,0.0
115.83,0.0,0.0,2365,0.0,0.0,0.0,0.0
115.84,0.0,0.0,2365,0.0,0.0,0.0,0.0
115.85000000000001,0.0,0.0,2365,0.0,0.0,0.0,0.0
115.86,0.0,0.0,2365,0.0,0.0,0.0,0.0
115.87,0.0,0.0,2365,0.0,0.0,0.0,0.0
115.88,0.0,0.0,2365,0.0,0.0,0.0,0.0
115.89,0.0,0.0,2365,0.0,0.0,0.0,0.0
115.9,0.0,0.0,2365,0.0,0.0,0.0,0.0
115.91,0.0,0.0,2365,0.0,0.0,0.0,0.0
115.92,0.0,0.0,2365,0.0,0.0,0.0,0.0
115.93,0.0,0.0,2365,0.0,0.0,0.0,0.0
115.94,0.0,0.0,2365,0.0,0.0,0.0,0.0
115.95,0.0,0.0,2365,0.0,0.0,0.0,0.0
115.96000000000001,0.0,0.0,2365,0.0,0.0,0.0,0.0
115.97,0.0,0.0,2365,0.0,0.0,0.0,0.0
115.98,0.0,0.0,2365,0.0,0.0,0.0,0.0
115.99000000000001,0.0,0.0,2365,0.0,0.0,0.0,0.0
116.0,0.0,0.0,2365,0.0,0.0,0.0,0.0
116.01,0.0,0.0,2365,0.0,0.0,0.0,0.0
116.02,0.0,0.0,2365,0.0,0.0,0.0,0.0
116.03,0.0,0.0,2365,0.0,0.0,0.0,0.0
116.04,0.0,0.0,2365,0.0,0.0,0.0,0.0
116.05,0.0,0.0,2365,0.0,0.0,0.0,0.0
116.06,0.0,0.0,2365,0.0,0.0,0.0,0.0
116.07000000000001,0.0,0.0,2365,0.0,0.0,0.0,0.0
116.08,0.0,0.0,2365,0.0,0.0,0.0,0.0
116.09,0.0,0.0,2365,0.0,0.0,0.0,0.0
116.10000000000001,0.0,0.0,2365,0.0,0.0,0.0,0.0
116.11,0.0,0.0,2365,0.0,0.0,0.0,0.0
116.12,0.0,0.0,2365,0.0,0.0,0.0,0.0
116.13,0.0,0.0,2365,0.0,0.0,0.0,0.0
116.14,0.0,0.0,2365,0.0,0.0,0.0,0.0
116.15,0.0,0.0,2365,0.0,0.0,0.0,0.0
116.16,0.0,0.0,2365,0.0,0.0,0.0,0.0
116.17,0.0,0.0,2365,0.0,0.0,0.0,0.0
116.18,0.0,0.0,2365,0.0,0.0,0.0,0.0
116.19,0.0,0.0,2365,0.0,0.0,0.0,0.0
116.2,0.0,0.0,2365,0.0,0.0,0.0,0.0
116.21000000000001,0.0,0.0,2365,0.0,0.0,0.0,0.0
116.22,0.0,0.0,2365,0.0,0.0,0.0,0.0
116.23,0.0,0.0,2365,0.0,0.0,0.0,0.0
116.24000000000001,0.0,0.0,2365,0.0,0.0,0.0,0.0
116.25,0.0,0.0,2365,0.0,0.0,0.0,0.0
116.26,0.0,0.0,2365,0.0,0.0,0.0,0.0
116.27,0.0,0.0,2365,0.0,0.0,0.0,0.0
116.28,0.0,0.0,2365,0.0,0.0,0.0,0.0
116.29,0.0,0.0,2365,0.0,0.0,0.0,0.0
116.3,0.0,0.0,2365,0.0,0.0,0.0,0.0
116.31,0.0,0.0,2365,0.0,0.0,0.0,0.0
116.32000000000001,0.0,0.0,2365,0.0,0.0,0.0,0.0
116.33,0.0,0.0,2365,0.0,0.0,0.0,0.0
116.34,0.0,0.0,2365,0.0,0.0,0.0,0.0
116.35000000000001,0.0,0.0,2365,0.0,0.0,0.0,0.0
116.36,0.0,0.0,2365,0.0,0.0,0.0,0.0
116.37,0.0,0.0,2365,0.0,0.0,0.0,0.0
116.38,0.0,0.0,2365,0.0,0.0,0.0,0.0
116.39,0.0,0.0,2365,0.0,0.0,0.0,0.0
116.4,0.0,0.0,2365,0.0,0.0,0.0,0.0
116.41,0.0,0.0,2365,0.0,0.0,0.0,0.0
116.42,0.0,0.0,2365,0.0,0.0,0.0,0.0
116.43,0.0,0.0,2365,0.0,0.0,0.0,0.0
116.44,0.0,0.0,2365,0.0,0.0,0.0,0.0
116.45,0.0,0.0,2365,0.0,0.0,0.0,0.0
116.46000000000001,0.0,0.0,2365,0.0,0.0,0.0,0.0
116.47,0.0,0.0,2365,0.0,0.0,0.0,0.0
116.48,0.0,0.0,2365,0.0,0.0,0.0,0.0
116.49000000000001,0.0,0.0,2365,0.0,0.0,0.0,0.0
116.5,0.0,0.0,2365,0.0,0.0,0.0,0.0
116.51,0.0,0.0,2365,0.0,0.0,0.0,0.0
116.52,0.0,0.0,2365,0.0,0.0,0.0,0.0
116.53,0.0,0.0,2365,0.0,0.0,0.0,0.0
116.54,0.0,0.0,2365,0.0,0.0,0.0,0.0
116.55,0.0,0.0,2365,0.0,0.0,0.0,0.0
116.56,0.0,0.0,2365,0.0,0.0,0.0,0.0
116.57000000000001,0.0,0.0,2365,0.0,0.0,0.0,0.0
116.58,0.0,0.0,2365,0.0,0.0,0.0,0.0
116.59,0.0,0.0,2365,0.0,0.0,0.0,0.0
116.60000000000001,0.0,0.0,2365,0.0,0.0,0.0,0.0
116.61,0.0,0.0,2365,0.0,0.0,0.0,0.0
116.62,0.0,0.0,2365,0.0,0.0,0.0,0.0
116.63,0.0,0.0,2365,0.0,0.0,0.0,0.0
116.64,0.0,0.0,2365,0.0,0.0,0.0,0.0
116.65,0.0,0.0,2365,0.0,0.0,0.0,0.0
116.66,0.0,0.0,2365,0.0,0.0,0.0,0.0
116.67,0.0,0.0,2365,0.0,0.0,0.0,0.0
116.68,0.0,0.0,2365,0.0,0.0,0.0,0.0
116.69,0.0,0.0,2365,0.0,0.0,0.0,0.0
116.7,0.0,0.0,2365,0.0,0.0,0.0,0.0
116.71000000000001,0.0,0.0,2365,0.0,0.0,0.0,0.0
116.72,0.0,0.0,2365,0.0,0.0,0.0,0.0
116.73,0.0,0.0,2365,0.0,0.0,0.0,0.0
116.74000000000001,0.0,0.0,2365,0.0,0.0,0.0,0.0
116.75,0.0,0.0,2365,0.0,0.0,0.0,0.0
116.76,0.0,0.0,2365,0.0,0.0,0.0,0.0
116.77,0.0,0.0,2365,0.0,0.0,0.0,0.0
116.78,0.0,0.0,2365,0.0,0.0,0.0,0.0
116.79,0.0,0.0,2365,0.0,0.0,0.0,0.0
116.8,0.0,0.0,2365,0.0,0.0,0.0,0.0
116.81,0.0,0.0,2365,0.0,0.0,0.0,0.0
116.82000000000001,0.0,0.0,2365,0.0,0.0,0.0,0.0
116.83,0.0,0.0,2365,0.0,0.0,0.0,0.0
116.84,0.0,0.0,2365,0.0,0.0,0.0,0.0
116.85000000000001,0.0,0.0,2365,0.0,0.0,0.0,0.0
116.86,0.0,0.0,2365,0.0,0.0,0.0,0.0
116.87,0.0,0.0,2365,0.0,0.0,0.0,0.0
116.88,0.0,0.0,2365,0.0,0.0,0.0,0.0
116.89,0.0,0.0,2365,0.0,0.0,0.0,0.0
116.9,0.0,0.0,2365,0.0,0.0,0.0,0.0
116.91,0.0,0.0,2365,0.0,0.0,0.0,0.0
116.92,0.0,0.0,2365,0.0,0.0,0.0,0.0
116.93,0.0,0.0,2365,0.0,0.0,0.0,0.0
116.94,0.0,0.0,2365,0.0,0.0,0.0,0.0
116.95,0.0,0.0,2365,0.0,0.0,0.0,0.0
116.96000000000001,0.0,0.0,2365,0.0,0.0,0.0,0.0
116.97,0.0,0.0,2365,0.0,0.0,0.0,0.0
116.98,0.0,0.0,2365,0.0,0.0,0.0,0.0
116.99000000000001,0.0,0.0,2365,0.0,0.0,0.0,0.0
117.0,0.0,0.0,2365,0.0,0.0,0.0,0.0
117.01,0.0,0.0,2365,0.0,0.0,0.0,0.0
117.02,0.0,0.0,2365,0.0,0.0,0.0,0.0
117.03,0.0,0.0,2365,0.0,0.0,0.0,0.0
117.04,0.0,0.0,2365,0.0,0.0,0.0,0.0
117.05,0.0,0.0,2365,0.0,0.0,0.0,0.0
117.06,0.0,0.0,2365,0.0,0.0,0.0,0.0
117.07000000000001,0.0,0.0,2365,0.0,0.0,0.0,0.0
117.08,0.0,0.0,2365,0.0,0.0,0.0,0.0
117.09,0.0,0.0,2365,0.0,0.0,0.0,0.0
117.10000000000001,0.0,0.0,2365,0.0,0.0,0.0,0.0
117.11,0.0,0.0,2365,0.0,0.0,0.0,0.0
117.12,0.0,0.0,2365,0.0,0.0,0.0,0.0
117.13,0.0,0.0,2365,0.0,0.0,0.0,0.0
117.14,0.0,0.0,2365,0.0,0.0,0.0,0.0
117.15,0.0,0.0,2365,0.0,0.0,0.0,0.0
117.16,0.0,0.0,2365,0.0,0.0,0.0,0.0
117.17,0.0,0.0,2365,0.0,0.0,0.0,0.0
117.18,0.0,0.0,2365,0.0,0.0,0.0,0.0
117.19,0.0,0.0,2365,0.0,0.0,0.0,0.0
