t (s),Raw RPM,Filtered RPM,Revolutions,Torque,Power (W),N_Re,N_Po
4.76837158203125e-07,0.0,0.0,0,0.0,0.0,0.0,0.0
0.009894609451293945,0.0,0.0,0,0.0,0.0,0.0,0.0
0.01995372772216797,0.0,0.0,0,0.0,0.0,0.0,0.0
0.029931068420410156,0.0,0.0,0,0.0,0.0,0.0,0.0
0.03997969627380371,0.0,0.0,0,0.0,0.0,0.0,0.0
0.049942970275878906,0.0,0.0,0,0.0,0.0,0.0,0.0
0.07348799705505371,0.0,0.0,0,0.0,0.0,0.0,0.0
0.073516845703125,0.0,0.0,0,0.0,0.0,0.0,0.0
0.09528112411499023,0.0,0.0,0,0.0,0.0,0.0,0.0
0.09539556503295898,0.0,0.0,0,0.0,0.0,0.0,0.0
0.13819575309753418,0.0,0.0,0,0.0,0.0,0.0,0.0
0.13820385932922363,0.0,0.0,0,0.0,0.0,0.0,0.0
0.13820672035217285,0.0,0.0,0,0.0,0.0,0.0,0.0
0.13820910453796387,0.0,0.0,0,0.0,0.0,0.0,0.0
0.13991928100585938,0.0,0.0,0,0.0,0.0,0.0,0.0
0.14996600151062012,0.0,0.0,0,0.0,0.0,0.0,0.0
0.15994024276733398,0.0,0.0,0,0.0,0.0,0.0,0.0
0.17533135414123535,0.0,0.0,0,0.0,0.0,0.0,0.0
0.18035364151000977,0.0,0.0,0,0.0,0.0,0.0,0.0
0.18996310234069824,0.0,0.0,0,0.0,0.0,0.0,0.0
0.2253732681274414,0.0,0.0,0,0.0,0.0,0.0,0.0
0.2254035472869873,0.0,0.0,0,0.0,0.0,0.0,0.0
0.22547316551208496,0.0,0.0,0,0.0,0.0,0.0,0.0
0.22993898391723633,0.0,0.0,0,0.0,0.0,0.0,0.0
0.23993253707885742,0.0,0.0,0,0.0,0.0,0.0,0.0
0.24995183944702148,0.0,0.0,0,0.0,0.0,0.0,0.0
0.25991129875183105,0.0,0.0,0,0.0,0.0,0.0,0.0
0.26992297172546387,0.0,0.0,0,0.0,0.0,0.0,0.0
0.285813570022583,0.0,0.0,0,0.0,0.0,0.0,0.0
0.29836058616638184,0.0,0.0,0,0.0,0.0,0.0,0.0
0.32724618911743164,0.0,0.0,0,0.0,0.0,0.0,0.0
0.32729268074035645,0.0,0.0,0,0.0,0.0,0.0,0.0
0.3273944854736328,0.0,0.0,0,0.0,0.0,0.0,0.0
0.3297853469848633,0.0,0.0,0,0.0,0.0,0.0,0.0
0.3398585319519043,0.0,0.0,0,0.0,0.0,0.0,0.0
0.3499324321746826,0.0,0.0,0,0.0,0.0,0.0,0.0
0.35991716384887695,0.0,0.0,0,0.0,0.0,0.0,0.0
0.36987757682800293,0.0,0.0,0,0.0,0.0,0.0,0.0
0.3799397945404053,0.0,0.0,0,0.0,0.0,0.0,0.0
0.39882636070251465,0.0,0.0,0,0.0,0.0,0.0,0.0
0.42677736282348633,0.0,0.0,0,0.0,0.0,0.0,0.0
0.4268193244934082,0.0,0.0,0,0.0,0.0,0.0,0.0
0.4269254207611084,0.0,0.0,0,0.0,0.0,0.0,0.0
0.42984461784362793,0.0,0.0,0,0.0,0.0,0.0,0.0
0.4399452209472656,0.0,0.0,0,0.0,0.0,0.0,0.0
0.44989538192749023,0.0,0.0,0,0.0,0.0,0.0,0.0
0.4599463939666748,0.0,0.0,0,0.0,0.0,0.0,0.0
0.4698660373687744,0.0,0.0,0,0.0,0.0,0.0,0.0
0.4799644947052002,0.0,0.0,0,0.0,0.0,0.0,0.0
0.4898817539215088,0.0,0.0,0,0.0,0.0,0.0,0.0
0.5267047882080078,0.0,0.0,0,0.0,0.0,0.0,0.0
0.5267813205718994,0.0,0.0,0,0.0,0.0,0.0,0.0
0.5268814563751221,0.0,0.0,0,0.0,0.0,0.0,0.0
0.5298948287963867,0.0,0.0,0,0.0,0.0,0.0,0.0
0.5398950576782227,0.0,0.0,0,0.0,0.0,0.0,0.0
0.5499598979949951,0.0,0.0,0,0.0,0.0,0.0,0.0
0.5598702430725098,0.0,0.0,0,0.0,0.0,0.0,0.0
0.5699102878570557,0.0,0.0,0,0.0,0.0,0.0,0.0
0.579871654510498,0.0,0.0,0,0.0,0.0,0.0,0.0
0.5899224281311035,0.0,0.0,0,0.0,0.0,0.0,0.0
0.6340928077697754,0.0,0.0,0,0.0,0.0,0.0,0.0
0.6341023445129395,0.0,0.0,0,0.0,0.0,0.0,0.0
0.6341056823730469,0.0,0.0,0,0.0,0.0,0.0,0.0
0.6341078281402588,0.0,0.0,0,0.0,0.0,0.0,0.0
0.639897346496582,0.0,0.0,0,0.0,0.0,0.0,0.0
0.6499040126800537,0.0,0.0,0,0.0,0.0,0.0,0.0
0.6599838733673096,0.0,0.0,0,0.0,0.0,0.0,0.0
0.6699533462524414,0.0,0.0,0,0.0,0.0,0.0,0.0
0.679938554763794,0.0,0.0,0,0.0,0.0,0.0,0.0
0.6899292469024658,0.0,0.0,0,0.0,0.0,0.0,0.0
0.7371644973754883,0.0,0.0,0,0.0,0.0,0.0,0.0
0.7371780872344971,0.0,0.0,0,0.0,0.0,0.0,0.0
0.7371811866760254,0.0,0.0,0,0.0,0.0,0.0,0.0
0.7371835708618164,0.0,0.0,0,0.0,0.0,0.0,0.0
0.7398853302001953,0.0,0.0,0,0.0,0.0,0.0,0.0
0.7499701976776123,0.0,0.0,0,0.0,0.0,0.0,0.0
0.7598824501037598,0.0,0.0,0,0.0,0.0,0.0,0.0
0.7699296474456787,0.0,0.0,0,0.0,0.0,0.0,0.0
0.7799370288848877,0.0,0.0,0,0.0,0.0,0.0,0.0
0.7898604869842529,0.0,0.0,0,0.0,0.0,0.0,0.0
0.8370966911315918,0.0,0.0,0,0.0,0.0,0.0,0.0
0.8371055126190186,0.0,0.0,0,0.0,0.0,0.0,0.0
0.8371083736419678,0.0,0.0,0,0.0,0.0,0.0,0.0
0.8371100425720215,0.0,0.0,0,0.0,0.0,0.0,0.0
0.8519895076751709,0.0,0.0,0,0.0,0.0,0.0,0.0
0.8520207405090332,0.0,0.0,0,0.0,0.0,0.0,0.0
0.859882116317749,0.0,0.0,0,0.0,0.0,0.0,0.0
0.8699290752410889,0.0,0.0,0,0.0,0.0,0.0,0.0
0.8798792362213135,0.0,0.0,0,0.0,0.0,0.0,0.0
0.8899307250976562,0.0,0.0,0,0.0,0.0,0.0,0.0
0.9269871711730957,0.0,0.0,0,0.0,0.0,0.0,0.0
0.9270172119140625,0.0,0.0,0,0.0,0.0,0.0,0.0
0.9271023273468018,0.0,0.0,0,0.0,0.0,0.0,0.0
0.9298896789550781,0.0,0.0,0,0.0,0.0,0.0,0.0
0.958420991897583,0.0,0.0,0,0.0,0.0,0.0,0.0
0.9584338665008545,0.0,0.0,0,0.0,0.0,0.0,0.0
0.959815263748169,0.0,0.0,0,0.0,0.0,0.0,0.0
0.9842197895050049,0.0,0.0,0,0.0,0.0,0.0,0.0
0.9842352867126465,0.0,0.0,0,0.0,0.0,0.0,0.0
0.9898738861083984,0.0,0.0,0,0.0,0.0,0.0,0.0
1.0633468627929688,0.0,0.0,0,0.0,0.0,0.0,0.0
1.0633594989776611,0.0,0.0,0,0.0,0.0,0.0,0.0
1.0633635520935059,0.0,0.0,0,0.0,0.0,0.0,0.0
1.0633668899536133,0.0,0.0,0,0.0,0.0,0.0,0.0
1.0633692741394043,0.0,0.0,0,0.0,0.0,0.0,0.0
1.0633718967437744,0.0,0.0,0,0.0,0.0,0.0,0.0
1.063396692276001,0.0,0.0,0,0.0,0.0,0.0,0.0
1.0844690799713135,0.0,0.0,0,0.0,0.0,0.0,0.0
1.084507703781128,0.0,0.0,0,0.0,0.0,0.0,0.0
1.0899038314819336,0.0,0.0,0,0.0,0.0,0.0,0.0
1.1267015933990479,0.0,0.0,0,0.0,0.0,0.0,0.0
1.1267518997192383,0.0,0.0,0,0.0,0.0,0.0,0.0
1.12685227394104,0.0,0.0,0,0.0,0.0,0.0,0.0
1.1297516822814941,0.0,0.0,0,0.0,0.0,0.0,0.0
1.1399283409118652,0.0,0.0,0,0.0,0.0,0.0,0.0
1.1657843589782715,0.0,0.0,0,0.0,0.0,0.0,0.0
1.1658732891082764,0.0,0.0,0,0.0,0.0,0.0,0.0
1.1797575950622559,0.0,0.0,0,0.0,0.0,0.0,0.0
1.1798834800720215,0.0,0.0,0,0.0,0.0,0.0,0.0
1.2041091918945312,0.0,0.0,0,0.0,0.0,0.0,0.0
1.2267310619354248,0.0,0.0,0,0.0,0.0,0.0,0.0
1.2267677783966064,0.0,0.0,0,0.0,0.0,0.0,0.0
1.2268965244293213,0.0,0.0,0,0.0,0.0,0.0,0.0
1.2299144268035889,0.0,0.0,0,0.0,0.0,0.0,0.0
1.2399845123291016,0.0,0.0,0,0.0,0.0,0.0,0.0
1.2498831748962402,0.0,0.0,0,0.0,0.0,0.0,0.0
1.2599420547485352,0.0,0.0,0,0.0,0.0,0.0,0.0
1.2988853454589844,0.0,0.0,0,0.0,0.0,0.0,0.0
1.2988998889923096,0.0,0.0,0,0.0,0.0,0.0,0.0
1.2989349365234375,0.0,0.0,0,0.0,0.0,0.0,0.0
1.3265323638916016,0.0,0.0,0,0.0,0.0,0.0,0.0
1.326573133468628,0.0,0.0,0,0.0,0.0,0.0,0.0
1.326690673828125,0.0,0.0,0,0.0,0.0,0.0,0.0
1.329946756362915,0.0,0.0,0,0.0,0.0,0.0,0.0
1.3399913311004639,0.0,0.0,0,0.0,0.0,0.0,0.0
1.3500282764434814,0.0,0.0,0,0.0,0.0,0.0,0.0
1.359865665435791,0.0,0.0,0,0.0,0.0,0.0,0.0
1.3700811862945557,0.0,0.0,0,0.0,0.0,0.0,0.0
1.403162956237793,0.0,0.0,0,0.0,0.0,0.0,0.0
1.403177261352539,0.0,0.0,0,0.0,0.0,0.0,0.0
1.426767349243164,0.0,0.0,0,0.0,0.0,0.0,0.0
1.4268147945404053,0.0,0.0,0,0.0,0.0,0.0,0.0
1.4269204139709473,0.0,0.0,0,0.0,0.0,0.0,0.0
1.4298882484436035,0.0,0.0,0,0.0,0.0,0.0,0.0
1.43988037109375,0.0,0.0,0,0.0,0.0,0.0,0.0
1.449899673461914,0.0,0.0,0,0.0,0.0,0.0,0.0
1.459930419921875,0.0,0.0,0,0.0,0.0,0.0,0.0
1.4716994762420654,0.0,0.0,0,0.0,0.0,0.0,0.0
1.479970932006836,0.0,0.0,0,0.0,0.0,0.0,0.0
1.5008611679077148,0.0,0.0,0,0.0,0.0,0.0,0.0
1.531853437423706,0.0,0.0,0,0.0,0.0,0.0,0.0
1.5318682193756104,0.0,0.0,0,0.0,0.0,0.0,0.0
1.531872034072876,0.0,0.0,0,0.0,0.0,0.0,0.0
1.5318758487701416,0.0,0.0,0,0.0,0.0,0.0,0.0
1.5399353504180908,0.0,0.0,0,0.0,0.0,0.0,0.0
1.5499083995819092,0.0,0.0,0,0.0,0.0,0.0,0.0
1.559941291809082,0.0,0.0,0,0.0,0.0,0.0,0.0
1.5699918270111084,0.0,0.0,0,0.0,0.0,0.0,0.0
1.5800166130065918,0.0,0.0,0,0.0,0.0,0.0,0.0
1.5903987884521484,0.0,0.0,0,0.0,0.0,0.0,0.0
1.6434767246246338,0.0,0.0,0,0.0,0.0,0.0,0.0
1.6434943675994873,0.0,0.0,0,0.0,0.0,0.0,0.0
1.6435003280639648,0.0,0.0,0,0.0,0.0,0.0,0.0
1.6435041427612305,0.0,0.0,0,0.0,0.0,0.0,0.0
1.6436517238616943,0.0,0.0,0,0.0,0.0,0.0,0.0
1.6499700546264648,0.0,0.0,0,0.0,0.0,0.0,0.0
1.659966230392456,0.0,0.0,0,0.0,0.0,0.0,0.0
1.6701457500457764,0.0,0.0,0,0.0,0.0,0.0,0.0
1.6800942420959473,0.0,0.0,0,0.0,0.0,0.0,0.0
1.6899631023406982,0.0,0.0,0,0.0,0.0,0.0,0.0
1.7420892715454102,0.0,0.0,0,0.0,0.0,0.0,0.0
1.7421000003814697,0.0,0.0,0,0.0,0.0,0.0,0.0
1.7421040534973145,0.0,0.0,0,0.0,0.0,0.0,0.0
1.7421069145202637,0.0,0.0,0,0.0,0.0,0.0,0.0
1.742109775543213,0.0,0.0,0,0.0,0.0,0.0,0.0
1.7499628067016602,0.0,0.0,0,0.0,0.0,0.0,0.0
1.7598974704742432,0.0,0.0,0,0.0,0.0,0.0,0.0
1.7699556350708008,0.0,0.0,0,0.0,0.0,0.0,0.0
1.7799453735351562,0.0,0.0,0,0.0,0.0,0.0,0.0
1.7899274826049805,0.0,0.0,0,0.0,0.0,0.0,0.0
1.8295094966888428,0.0,0.0,0,0.0,0.0,0.0,0.0
1.8295204639434814,0.0,0.0,0,0.0,0.0,0.0,0.0
1.829524278640747,0.0,0.0,0,0.0,0.0,0.0,0.0
1.829838752746582,0.0,0.0,0,0.0,0.0,0.0,0.0
1.8483524322509766,0.0,0.0,0,0.0,0.0,0.0,0.0
1.8499183654785156,0.0,0.0,0,0.0,0.0,0.0,0.0
1.8600008487701416,0.0,0.0,0,0.0,0.0,0.0,0.0
1.8699069023132324,0.0,0.0,0,0.0,0.0,0.0,0.0
1.8799784183502197,0.0,0.0,0,0.0,0.0,0.0,0.0
1.8899075984954834,0.0,0.0,0,0.0,0.0,0.0,0.0
1.936924934387207,0.0,0.0,0,0.0,0.0,0.0,0.0
1.936938762664795,0.0,0.0,0,0.0,0.0,0.0,0.0
1.9369428157806396,0.0,0.0,0,0.0,0.0,0.0,0.0
1.936946153640747,0.0,0.0,0,0.0,0.0,0.0,0.0
1.9399209022521973,0.0,0.0,0,0.0,0.0,0.0,0.0
1.9515821933746338,0.0,0.0,0,0.0,0.0,0.0,0.0
1.9599039554595947,0.0,0.0,0,0.0,0.0,0.0,0.0
1.9699032306671143,0.0,0.0,0,0.0,0.0,0.0,0.0
1.980513095855713,0.0,0.0,0,0.0,0.0,0.0,0.0
1.9898910522460938,0.0,0.0,0,0.0,0.0,0.0,0.0
2.067622184753418,0.0,0.0,0,0.0,0.0,0.0,0.0
2.067636251449585,0.0,0.0,0,0.0,0.0,0.0,0.0
2.0676403045654297,0.0,0.0,0,0.0,0.0,0.0,0.0
2.067643404006958,0.0,0.0,0,0.0,0.0,0.0,0.0
2.067646026611328,0.0,0.0,0,0.0,0.0,0.0,0.0
2.067648410797119,0.0,0.0,0,0.0,0.0,0.0,0.0
2.067650556564331,0.0,0.0,0,0.0,0.0,0.0,0.0
2.0699031352996826,0.0,0.0,0,0.0,0.0,0.0,0.0
2.0798394680023193,0.0,0.0,0,0.0,0.0,0.0,0.0
2.0898258686065674,0.0,0.0,0,0.0,0.0,0.0,0.0
2.1278116703033447,0.0,0.0,0,0.0,0.0,0.0,0.0
2.127819776535034,0.0,0.0,0,0.0,0.0,0.0,0.0
2.127823829650879,0.0,0.0,0,0.0,0.0,0.0,0.0
2.1298954486846924,0.0,0.0,0,0.0,0.0,0.0,0.0
2.152566909790039,0.0,0.0,0,0.0,0.0,0.0,0.0
2.152641534805298,0.0,0.0,0,0.0,0.0,0.0,0.0
2.1610867977142334,0.0,0.0,0,0.0,0.0,0.0,0.0
2.1794519424438477,0.0,0.0,0,0.0,0.0,0.0,0.0
2.179853916168213,0.0,0.0,0,0.0,0.0,0.0,0.0
2.189899444580078,0.0,0.0,0,0.0,0.0,0.0,0.0
2.2262845039367676,0.0,0.0,0,0.0,0.0,0.0,0.0
2.2263033390045166,0.0,0.0,0,0.0,0.0,0.0,0.0
2.2263081073760986,0.0,0.0,0,0.0,0.0,0.0,0.0
2.2302777767181396,0.0,0.0,0,0.0,0.0,0.0,0.0
2.240487575531006,0.0,0.0,0,0.0,0.0,0.0,0.0
2.2499313354492188,0.0,0.0,0,0.0,0.0,0.0,0.0
2.271798610687256,0.0,0.0,0,0.0,0.0,0.0,0.0
2.2738749980926514,0.0,0.0,0,0.0,0.0,0.0,0.0
2.2912168502807617,0.0,0.0,0,0.0,0.0,0.0,0.0
2.2912535667419434,0.0,0.0,0,0.0,0.0,0.0,0.0
2.326256513595581,0.0,0.0,0,0.0,0.0,0.0,0.0
2.326279640197754,0.0,0.0,0,0.0,0.0,0.0,0.0
2.3263628482818604,0.0,0.0,0,0.0,0.0,0.0,0.0
2.329890489578247,0.0,0.0,0,0.0,0.0,0.0,0.0
2.33994197845459,0.0,0.0,0,0.0,0.0,0.0,0.0
2.351144790649414,0.0,0.0,0,0.0,0.0,0.0,0.0
2.3599019050598145,0.0,0.0,0,0.0,0.0,0.0,0.0
2.3809375762939453,0.0,0.0,0,0.0,0.0,0.0,0.0
2.380955219268799,0.0,0.0,0,0.0,0.0,0.0,0.0
2.3976356983184814,0.0,0.0,0,0.0,0.0,0.0,0.0
2.4263408184051514,0.0,0.0,0,0.0,0.0,0.0,0.0
2.4263699054718018,0.0,0.0,0,0.0,0.0,0.0,0.0
2.4264092445373535,0.0,0.0,0,0.0,0.0,0.0,0.0
2.4297893047332764,0.0,0.0,0,0.0,0.0,0.0,0.0
2.439868927001953,0.0,0.0,0,0.0,0.0,0.0,0.0
2.4499549865722656,0.0,0.0,0,0.0,0.0,0.0,0.0
2.4598875045776367,0.0,0.0,0,0.0,0.0,0.0,0.0
2.4698784351348877,0.0,0.0,0,0.0,0.0,0.0,0.0
2.47998046875,0.0,0.0,0,0.0,0.0,0.0,0.0
2.506077766418457,0.0,0.0,0,0.0,0.0,0.0,0.0
2.5260109901428223,0.0,0.0,0,0.0,0.0,0.0,0.0
2.5260438919067383,0.0,0.0,0,0.0,0.0,0.0,0.0
2.526148557662964,0.0,0.0,0,0.0,0.0,0.0,0.0
2.5298426151275635,0.0,0.0,0,0.0,0.0,0.0,0.0
2.5399253368377686,0.0,0.0,0,0.0,0.0,0.0,0.0
2.5498547554016113,0.0,0.0,0,0.0,0.0,0.0,0.0
2.5599751472473145,0.0,0.0,0,0.0,0.0,0.0,0.0
2.5699050426483154,0.0,0.0,0,0.0,0.0,0.0,0.0
2.5799269676208496,0.0,0.0,0,0.0,0.0,0.0,0.0
2.5898540019989014,0.0,0.0,0,0.0,0.0,0.0,0.0
2.6402995586395264,0.0,0.0,0,0.0,0.0,0.0,0.0
2.6403164863586426,0.0,0.0,0,0.0,0.0,0.0,0.0
2.6403205394744873,0.0,0.0,0,0.0,0.0,0.0,0.0
2.640324115753174,0.0,0.0,0,0.0,0.0,0.0,0.0
2.6403708457946777,0.0,0.0,0,0.0,0.0,0.0,0.0
2.649879217147827,0.0,0.0,0,0.0,0.0,0.0,0.0
2.6598801612854004,0.0,0.0,0,0.0,0.0,0.0,0.0
2.6699295043945312,0.0,0.0,0,0.0,0.0,0.0,0.0
2.6800403594970703,0.0,0.0,0,0.0,0.0,0.0,0.0
2.690051794052124,0.0,0.0,0,0.0,0.0,0.0,0.0
2.7407186031341553,0.0,0.0,0,0.0,0.0,0.0,0.0
2.7407310009002686,0.0,0.0,0,0.0,0.0,0.0,0.0
2.7407350540161133,0.0,0.0,0,0.0,0.0,0.0,0.0
2.7407376766204834,0.0,0.0,0,0.0,0.0,0.0,0.0
2.7407407760620117,0.0,0.0,0,0.0,0.0,0.0,0.0
2.763615369796753,0.0,0.0,0,0.0,0.0,0.0,0.0
2.767739772796631,0.0,0.0,0,0.0,0.0,0.0,0.0
2.7699265480041504,0.0,0.0,0,0.0,0.0,0.0,0.0
2.7798993587493896,0.0,0.0,0,0.0,0.0,0.0,0.0
2.789961814880371,0.0,0.0,0,0.0,0.0,0.0,0.0
2.849353313446045,0.0,0.0,0,0.0,0.0,0.0,0.0
2.8493669033050537,0.0,0.0,0,0.0,0.0,0.0,0.0
2.8493709564208984,0.0,0.0,0,0.0,0.0,0.0,0.0
2.851801872253418,0.0,0.0,0,0.0,0.0,0.0,0.0
2.8518197536468506,0.0,0.0,0,0.0,0.0,0.0,0.0
2.851862907409668,0.0,0.0,0,0.0,0.0,0.0,0.0
2.8790764808654785,0.0,0.0,0,0.0,0.0,0.0,0.0
2.8790910243988037,0.0,0.0,0,0.0,0.0,0.0,0.0
2.8798558712005615,0.0,0.0,0,0.0,0.0,0.0,0.0
2.8898766040802,0.0,0.0,0,0.0,0.0,0.0,0.0
2.9264349937438965,0.0,0.0,0,0.0,0.0,0.0,0.0
2.9264516830444336,0.0,0.0,0,0.0,0.0,0.0,0.0
2.943152904510498,0.0,0.0,0,0.0,0.0,0.0,0.0
2.9514338970184326,0.0,0.0,0,0.0,0.0,0.0,0.0
2.951448678970337,0.0,0.0,0,0.0,0.0,0.0,0.0
2.9514753818511963,0.0,0.0,0,0.0,0.0,0.0,0.0
2.9748740196228027,0.0,0.0,0,0.0,0.0,0.0,0.0
2.9749133586883545,0.0,0.0,0,0.0,0.0,0.0,0.0
2.980059862136841,0.0,0.0,0,0.0,0.0,0.0,0.0
2.9900381565093994,0.0,0.0,0,0.0,0.0,0.0,0.0
3.073967218399048,0.0,0.0,0,0.0,0.0,0.0,0.0
3.073981761932373,0.0,0.0,0,0.0,0.0,0.0,0.0
3.0739874839782715,0.0,0.0,0,0.0,0.0,0.0,0.0
3.073991537094116,0.0,0.0,0,0.0,0.0,0.0,0.0
3.0739946365356445,0.0,0.0,0,0.0,0.0,0.0,0.0
3.0739974975585938,0.0,0.0,0,0.0,0.0,0.0,0.0
3.0739996433258057,0.0,0.0,0,0.0,0.0,0.0,0.0
3.0740020275115967,0.0,0.0,0,0.0,0.0,0.0,0.0
3.0971462726593018,0.0,0.0,0,0.0,0.0,0.0,0.0
3.097160577774048,0.0,0.0,0,0.0,0.0,0.0,0.0
3.1257379055023193,0.0,0.0,0,0.0,0.0,0.0,0.0
3.1257705688476562,0.0,0.0,0,0.0,0.0,0.0,0.0
3.1258163452148438,0.0,0.0,0,0.0,0.0,0.0,0.0
3.129812479019165,0.0,0.0,0,0.0,0.0,0.0,0.0
3.1398913860321045,0.0,0.0,0,0.0,0.0,0.0,0.0
3.1501617431640625,0.0,0.0,0,0.0,0.0,0.0,0.0
3.160097122192383,0.0,0.0,0,0.0,0.0,0.0,0.0
3.1905581951141357,0.0,0.0,0,0.0,0.0,0.0,0.0
3.1924684047698975,0.0,0.0,0,0.0,0.0,0.0,0.0
3.1924803256988525,0.0,0.0,0,0.0,0.0,0.0,0.0
3.227259397506714,0.0,0.0,0,0.0,0.0,0.0,0.0
3.227292776107788,0.0,0.0,0,0.0,0.0,0.0,0.0
3.2273526191711426,0.0,0.0,0,0.0,0.0,0.0,0.0
3.2298381328582764,0.0,0.0,0,0.0,0.0,0.0,0.0
3.239884376525879,0.0,0.0,0,0.0,0.0,0.0,0.0
3.2522127628326416,0.0,0.0,0,0.0,0.0,0.0,0.0
3.2599360942840576,0.0,0.0,0,0.0,0.0,0.0,0.0
3.291071653366089,0.0,0.0,0,0.0,0.0,0.0,0.0
3.291086435317993,0.0,0.0,0,0.0,0.0,0.0,0.0
3.2912521362304688,0.0,0.0,0,0.0,0.0,0.0,0.0
3.326519250869751,0.0,0.0,0,0.0,0.0,0.0,0.0
3.3265514373779297,0.0,0.0,0,0.0,0.0,0.0,0.0
3.326690196990967,0.0,0.0,0,0.0,0.0,0.0,0.0
3.3298404216766357,0.0,0.0,0,0.0,0.0,0.0,0.0
3.3398447036743164,0.0,0.0,0,0.0,0.0,0.0,0.0
3.3498921394348145,0.0,0.0,0,0.0,0.0,0.0,0.0
3.361809492111206,0.0,0.0,0,0.0,0.0,0.0,0.0
3.3699281215667725,0.0,0.0,0,0.0,0.0,0.0,0.0
3.4029688835144043,0.0,0.0,0,0.0,0.0,0.0,0.0
3.402982473373413,0.0,0.0,0,0.0,0.0,0.0,0.0
3.4270870685577393,0.0,0.0,0,0.0,0.0,0.0,0.0
3.427098512649536,0.0,0.0,0,0.0,0.0,0.0,0.0
3.427102565765381,0.0,0.0,0,0.0,0.0,0.0,0.0
3.4297876358032227,0.0,0.0,0,0.0,0.0,0.0,0.0
3.4398045539855957,0.0,0.0,0,0.0,0.0,0.0,0.0
3.449799060821533,0.0,0.0,0,0.0,0.0,0.0,0.0
3.459926128387451,0.0,0.0,0,0.0,0.0,0.0,0.0
3.4716129302978516,0.0,0.0,0,0.0,0.0,0.0,0.0
3.4799575805664062,0.0,0.0,0,0.0,0.0,0.0,0.0
3.508517026901245,0.0,0.0,0,0.0,0.0,0.0,0.0
3.5305612087249756,0.0,0.0,0,0.0,0.0,0.0,0.0
3.5305721759796143,0.0,0.0,0,0.0,0.0,0.0,0.0
3.53057599067688,0.0,0.0,0,0.0,0.0,0.0,0.0
3.5305793285369873,0.0,0.0,0,0.0,0.0,0.0,0.0
3.5399422645568848,0.0,0.0,0,0.0,0.0,0.0,0.0
3.549899101257324,0.0,0.0,0,0.0,0.0,0.0,0.0
3.5598692893981934,0.0,0.0,0,0.0,0.0,0.0,0.0
3.569974422454834,0.0,0.0,0,0.0,0.0,0.0,0.0
3.5816762447357178,0.0,0.0,0,0.0,0.0,0.0,0.0
3.5898420810699463,0.0,0.0,0,0.0,0.0,0.0,0.0
3.63576602935791,0.0,0.0,0,0.0,0.0,0.0,0.0
3.635777235031128,0.0,0.0,0,0.0,0.0,0.0,0.0
3.6357812881469727,0.0,0.0,0,0.0,0.0,0.0,0.0
3.635784149169922,0.0,0.0,0,0.0,0.0,0.0,0.0
3.6400537490844727,0.0,0.0,0,0.0,0.0,0.0,0.0
3.6498541831970215,0.0,0.0,0,0.0,0.0,0.0,0.0
3.659947633743286,0.0,0.0,0,0.0,0.0,0.0,0.0
3.669919013977051,0.0,0.0,0,0.0,0.0,0.0,0.0
3.6800105571746826,0.0,0.0,0,0.0,0.0,0.0,0.0
3.6899397373199463,0.0,0.0,0,0.0,0.0,0.0,0.0
3.7270467281341553,0.0,0.0,0,0.0,0.0,0.0,0.0
3.7270846366882324,0.0,0.0,0,0.0,0.0,0.0,0.0
3.72712779045105,0.0,0.0,0,0.0,0.0,0.0,0.0
3.747267723083496,0.0,0.0,0,0.0,0.0,0.0,0.0
3.747283935546875,0.0,0.0,0,0.0,0.0,0.0,0.0
3.7499427795410156,0.0,0.0,0,0.0,0.0,0.0,0.0
3.7599260807037354,0.0,0.0,0,0.0,0.0,0.0,0.0
3.7701473236083984,0.0,0.0,0,0.0,0.0,0.0,0.0
3.779996395111084,0.0,0.0,0,0.0,0.0,0.0,0.0
3.793339490890503,0.0,0.0,0,0.0,0.0,0.0,0.0
3.852903127670288,0.0,0.0,0,0.0,0.0,0.0,0.0
3.852919101715088,0.0,0.0,0,0.0,0.0,0.0,0.0
3.852923631668091,0.0,0.0,0,0.0,0.0,0.0,0.0
3.852926731109619,0.0,0.0,0,0.0,0.0,0.0,0.0
3.85292911529541,0.0,0.0,0,0.0,0.0,0.0,0.0
3.852931499481201,0.0,0.0,0,0.0,0.0,0.0,0.0
3.8692057132720947,0.0,0.0,0,0.0,0.0,0.0,0.0
3.8792223930358887,0.0,0.0,0,0.0,0.0,0.0,0.0
3.8799309730529785,0.0,0.0,0,0.0,0.0,0.0,0.0
3.890019655227661,0.0,0.0,0,0.0,0.0,0.0,0.0
3.9489142894744873,0.0,0.0,0,0.0,0.0,0.0,0.0
3.948930025100708,0.0,0.0,0,0.0,0.0,0.0,0.0
3.9489357471466064,0.0,0.0,0,0.0,0.0,0.0,0.0
3.948939085006714,0.0,0.0,0,0.0,0.0,0.0,0.0
3.948941946029663,0.0,0.0,0,0.0,0.0,0.0,0.0
3.949906587600708,0.0,0.0,0,0.0,0.0,0.0,0.0
3.971637487411499,0.0,0.0,0,0.0,0.0,0.0,0.0
3.9716556072235107,0.0,0.0,0,0.0,0.0,0.0,0.0
3.9800527095794678,0.0,0.0,0,0.0,0.0,0.0,0.0
3.990035057067871,0.0,0.0,0,0.0,0.0,0.0,0.0
4.0978147983551025,0.0,0.0,0,0.0,0.0,0.0,0.0
4.097846269607544,0.0,0.0,0,0.0,0.0,0.0,0.0
4.097955703735352,0.0,0.0,0,0.0,0.0,0.0,0.0
4.098012208938599,0.0,0.0,0,0.0,0.0,0.0,0.0
4.0981011390686035,0.0,0.0,0,0.0,0.0,0.0,0.0
4.0981833934783936,0.0,0.0,0,0.0,0.0,0.0,0.0
4.098284721374512,0.0,0.0,0,0.0,0.0,0.0,0.0
4.098365783691406,0.0,0.0,0,0.0,0.0,0.0,0.0
4.098448276519775,0.0,0.0,0,0.0,0.0,0.0,0.0
4.098536252975464,0.0,0.0,0,0.0,0.0,0.0,0.0
4.151970624923706,0.0,0.0,0,0.0,0.0,0.0,0.0
4.151983976364136,0.0,0.0,0,0.0,0.0,0.0,0.0
4.1519880294799805,0.0,0.0,0,0.0,0.0,0.0,0.0
4.15199089050293,0.0,0.0,0,0.0,0.0,0.0,0.0
4.154178857803345,0.0,0.0,0,0.0,0.0,0.0,0.0
4.154192686080933,0.0,0.0,0,0.0,0.0,0.0,0.0
4.175965309143066,0.0,0.0,0,0.0,0.0,0.0,0.0
4.1801087856292725,0.0,0.0,0,0.0,0.0,0.0,0.0
4.1801228523254395,0.0,0.0,0,0.0,0.0,0.0,0.0
4.189909219741821,0.0,0.0,0,0.0,0.0,0.0,0.0
4.22961163520813,0.0,0.0,0,0.0,0.0,0.0,0.0
4.229624271392822,0.0,0.0,0,0.0,0.0,0.0,0.0
4.229628562927246,0.0,0.0,0,0.0,0.0,0.0,0.0
4.229784727096558,0.0,0.0,0,0.0,0.0,0.0,0.0
4.240081310272217,0.0,0.0,0,0.0,0.0,0.0,0.0
4.263522386550903,0.0,0.0,0,0.0,0.0,0.0,0.0
4.263535737991333,0.0,0.0,0,0.0,0.0,0.0,0.0
4.285360813140869,0.0,0.0,0,0.0,0.0,0.0,0.0
4.2854039669036865,0.0,0.0,0,0.0,0.0,0.0,0.0
4.289917707443237,0.0,0.0,0,0.0,0.0,0.0,0.0
4.326284408569336,0.0,0.0,0,0.0,0.0,0.0,0.0
4.326299667358398,0.0,0.0,0,0.0,0.0,0.0,0.0
4.326377630233765,0.0,0.0,0,0.0,0.0,0.0,0.0
4.329771995544434,0.0,0.0,0,0.0,0.0,0.0,0.0
4.339952707290649,0.0,0.0,0,0.0,0.0,0.0,0.0
4.349977731704712,0.0,0.0,0,0.0,0.0,0.0,0.0
4.383862495422363,0.0,0.0,0,0.0,0.0,0.0,0.0
4.383875608444214,0.0,0.0,0,0.0,0.0,0.0,0.0
4.3838794231414795,0.0,0.0,0,0.0,0.0,0.0,0.0
4.407864093780518,0.0,0.0,0,0.0,0.0,0.0,0.0
4.425932168960571,0.0,0.0,0,0.0,0.0,0.0,0.0
4.426035642623901,0.0,0.0,0,0.0,0.0,0.0,0.0
4.426054954528809,0.0,0.0,0,0.0,0.0,0.0,0.0
4.429877996444702,0.0,0.0,0,0.0,0.0,0.0,0.0
4.4398603439331055,0.0,0.0,0,0.0,0.0,0.0,0.0
4.449824571609497,0.0,0.0,0,0.0,0.0,0.0,0.0
4.4599339962005615,0.0,0.0,0,0.0,0.0,0.0,0.0
4.48675799369812,0.0,0.0,0,0.0,0.0,0.0,0.0
4.486768007278442,0.0,0.0,0,0.0,0.0,0.0,0.0
4.489796161651611,0.0,0.0,0,0.0,0.0,0.0,0.0
4.526376485824585,0.0,0.0,0,0.0,0.0,0.0,0.0
4.5264081954956055,0.0,0.0,0,0.0,0.0,0.0,0.0
4.5265114307403564,0.0,0.0,0,0.0,0.0,0.0,0.0
4.529825210571289,0.0,0.0,0,0.0,0.0,0.0,0.0
4.53988790512085,0.0,0.0,0,0.0,0.0,0.0,0.0
4.549800872802734,0.0,0.0,0,0.0,0.0,0.0,0.0
4.5597734451293945,0.0,0.0,0,0.0,0.0,0.0,0.0
4.569798707962036,0.0,0.0,0,0.0,0.0,0.0,0.0
4.5907862186431885,0.0,0.0,0,0.0,0.0,0.0,0.0
4.5907957553863525,0.0,0.0,0,0.0,0.0,0.0,0.0
4.626210689544678,0.0,0.0,0,0.0,0.0,0.0,0.0
4.62630820274353,0.0,0.0,0,0.0,0.0,0.0,0.0
4.626416444778442,0.0,0.0,0,0.0,0.0,0.0,0.0
4.629831314086914,0.0,0.0,0,0.0,0.0,0.0,0.0
4.639800071716309,0.0,0.0,0,0.0,0.0,0.0,0.0
4.6498682498931885,0.0,0.0,0,0.0,0.0,0.0,0.0
4.65983247756958,0.0,0.0,0,0.0,0.0,0.0,0.0
4.669777870178223,0.0,0.0,0,0.0,0.0,0.0,0.0
4.681927442550659,0.0,0.0,0,0.0,0.0,0.0,0.0
4.694681167602539,0.0,0.0,0,0.0,0.0,0.0,0.0
4.727785587310791,0.0,0.0,0,0.0,0.0,0.0,0.0
4.727810382843018,0.0,0.0,0,0.0,0.0,0.0,0.0
4.727886199951172,0.0,0.0,0,0.0,0.0,0.0,0.0
4.729712963104248,0.0,0.0,0,0.0,0.0,0.0,0.0
4.739757776260376,0.0,0.0,0,0.0,0.0,0.0,0.0
4.749744892120361,0.0,0.0,0,0.0,0.0,0.0,0.0
4.7598278522491455,0.0,0.0,0,0.0,0.0,0.0,0.0
4.769892692565918,0.0,0.0,0,0.0,0.0,0.0,0.0
4.779881954193115,0.0,0.0,0,0.0,0.0,0.0,0.0
4.808000087738037,0.0,0.0,0,0.0,0.0,0.0,0.0
4.830357074737549,0.0,0.0,0,0.0,0.0,0.0,0.0
4.830372333526611,0.0,0.0,0,0.0,0.0,0.0,0.0
4.830376148223877,0.0,0.0,0,0.0,0.0,0.0,0.0
4.830379009246826,0.0,0.0,0,0.0,0.0,0.0,0.0
4.8398778438568115,0.0,0.0,0,0.0,0.0,0.0,0.0
4.849852561950684,0.0,0.0,0,0.0,0.0,0.0,0.0
4.859906196594238,0.0,0.0,0,0.0,0.0,0.0,0.0
4.869897842407227,0.0,0.0,0,0.0,0.0,0.0,0.0
4.879847288131714,0.0,0.0,0,0.0,0.0,0.0,0.0
4.892675161361694,0.0,0.0,0,0.0,0.0,0.0,0.0
4.928980588912964,0.0,0.0,0,0.0,0.0,0.0,0.0
4.928995370864868,0.0,0.0,0,0.0,0.0,0.0,0.0
4.928999185562134,0.0,0.0,0,0.0,0.0,0.0,0.0
4.931256055831909,0.0,0.0,0,0.0,0.0,0.0,0.0
4.9523961544036865,0.0,0.0,0,0.0,0.0,0.0,0.0
4.95241117477417,0.0,0.0,0,0.0,0.0,0.0,0.0
4.959907293319702,0.0,0.0,0,0.0,0.0,0.0,0.0
4.969853401184082,0.0,0.0,0,0.0,0.0,0.0,0.0
4.979883193969727,0.0,0.0,0,0.0,0.0,0.0,0.0
4.9916832447052,0.0,0.0,0,0.0,0.0,0.0,0.0
5.055997848510742,0.0,0.0,0,0.0,0.0,0.0,0.0
5.056048393249512,0.0,0.0,0,0.0,0.0,0.0,0.0
5.056133031845093,0.0,0.0,0,0.0,0.0,0.0,0.0
5.056240558624268,0.0,0.0,0,0.0,0.0,0.0,0.0
5.0563085079193115,0.0,0.0,0,0.0,0.0,0.0,0.0
5.056389808654785,0.0,0.0,0,0.0,0.0,0.0,0.0
5.059760093688965,0.0,0.0,0,0.0,0.0,0.0,0.0
5.069944381713867,0.0,0.0,0,0.0,0.0,0.0,0.0
5.079901933670044,0.0,0.0,0,0.0,0.0,0.0,0.0
5.089954853057861,0.0,0.0,0,0.0,0.0,0.0,0.0
5.138833045959473,0.0,0.0,0,0.0,0.0,0.0,0.0
5.138844966888428,0.0,0.0,0,0.0,0.0,0.0,0.0
5.138848543167114,0.0,0.0,0,0.0,0.0,0.0,0.0
5.1388514041900635,0.0,0.0,0,0.0,0.0,0.0,0.0
5.140636444091797,0.0,0.0,0,0.0,0.0,0.0,0.0
5.156770944595337,0.0,0.0,0,0.0,0.0,0.0,0.0
5.1599156856536865,0.0,0.0,0,0.0,0.0,0.0,0.0
5.169861078262329,0.0,0.0,0,0.0,0.0,0.0,0.0
5.179932117462158,0.0,0.0,0,0.0,0.0,0.0,0.0
5.189867734909058,0.0,0.0,0,0.0,0.0,0.0,0.0
5.22616720199585,0.0,0.0,0,0.0,0.0,0.0,0.0
5.226223707199097,0.0,0.0,0,0.0,0.0,0.0,0.0
5.22625732421875,0.0,0.0,0,0.0,0.0,0.0,0.0
5.24760103225708,0.0,0.0,0,0.0,0.0,0.0,0.0
5.247613430023193,0.0,0.0,0,0.0,0.0,0.0,0.0
5.2499425411224365,0.0,0.0,0,0.0,0.0,0.0,0.0
5.264401912689209,0.0,0.0,0,0.0,0.0,0.0,0.0
5.269913673400879,0.0,0.0,0,0.0,0.0,0.0,0.0
5.279909610748291,0.0,0.0,0,0.0,0.0,0.0,0.0
5.289981365203857,0.0,0.0,0,0.0,0.0,0.0,0.0
5.326641082763672,0.0,0.0,0,0.0,0.0,0.0,0.0
5.327794790267944,0.0,0.0,0,0.0,0.0,0.0,0.0
5.3278021812438965,0.0,0.0,0,0.0,0.0,0.0,0.0
5.329864978790283,0.0,0.0,0,0.0,0.0,0.0,0.0
5.351491928100586,0.0,0.0,0,0.0,0.0,0.0,0.0
5.357429027557373,0.0,0.0,0,0.0,0.0,0.0,0.0
5.35979700088501,0.0,0.0,0,0.0,0.0,0.0,0.0
5.3743815422058105,0.0,0.0,0,0.0,0.0,0.0,0.0
5.379830598831177,0.0,0.0,0,0.0,0.0,0.0,0.0
5.389873027801514,0.0,0.0,0,0.0,0.0,0.0,0.0
5.425873279571533,0.0,0.0,0,0.0,0.0,0.0,0.0
5.425887584686279,0.0,0.0,0,0.0,0.0,0.0,0.0
5.425936937332153,0.0,0.0,0,0.0,0.0,0.0,0.0
5.429909944534302,0.0,0.0,0,0.0,0.0,0.0,0.0
5.439884424209595,0.0,0.0,0,0.0,0.0,0.0,0.0
5.456230878829956,0.0,0.0,0,0.0,0.0,0.0,0.0
5.4664459228515625,0.0,0.0,0,0.0,0.0,0.0,0.0
5.469853401184082,0.0,0.0,0,0.0,0.0,0.0,0.0
5.482913494110107,0.0,0.0,0,0.0,0.0,0.0,0.0
5.489859104156494,0.0,0.0,0,0.0,0.0,0.0,0.0
5.526304483413696,0.0,0.0,0,0.0,0.0,0.0,0.0
5.526324033737183,0.0,0.0,0,0.0,0.0,0.0,0.0
5.526432514190674,0.0,0.0,0,0.0,0.0,0.0,0.0
5.529791831970215,0.0,0.0,0,0.0,0.0,0.0,0.0
5.539790391921997,0.0,0.0,0,0.0,0.0,0.0,0.0
5.550804376602173,0.0,0.0,0,0.0,0.0,0.0,0.0
5.559894561767578,0.0,0.0,0,0.0,0.0,0.0,0.0
5.581116676330566,0.0,0.0,0,0.0,0.0,0.0,0.0
5.58113169670105,0.0,0.0,0,0.0,0.0,0.0,0.0
5.600083351135254,0.0,0.0,0,0.0,0.0,0.0,0.0
5.626726388931274,0.0,0.0,0,0.0,0.0,0.0,0.0
5.626753568649292,0.0,0.0,0,0.0,0.0,0.0,0.0
5.6268699169158936,0.0,0.0,0,0.0,0.0,0.0,0.0
5.629857301712036,0.0,0.0,0,0.0,0.0,0.0,0.0
5.639813184738159,0.0,0.0,0,0.0,0.0,0.0,0.0
5.649920225143433,0.0,0.0,0,0.0,0.0,0.0,0.0
5.660119533538818,0.0,0.0,0,0.0,0.0,0.0,0.0
5.669765472412109,0.0,0.0,0,0.0,0.0,0.0,0.0
5.6904308795928955,0.0,0.0,0,0.0,0.0,0.0,0.0
5.690441370010376,0.0,0.0,0,0.0,0.0,0.0,0.0
5.726139545440674,0.0,0.0,0,0.0,0.0,0.0,0.0
5.726183891296387,0.0,0.0,0,0.0,0.0,0.0,0.0
5.726266860961914,0.0,0.0,0,0.0,0.0,0.0,0.0
5.729686498641968,0.0,0.0,0,0.0,0.0,0.0,0.0
5.739802122116089,0.0,0.0,0,0.0,0.0,0.0,0.0
5.749935865402222,0.0,0.0,0,0.0,0.0,0.0,0.0
5.760010719299316,0.0,0.0,0,0.0,0.0,0.0,0.0
5.770031213760376,0.0,0.0,0,0.0,0.0,0.0,0.0
5.792558431625366,0.0,0.0,0,0.0,0.0,0.0,0.0
5.792569637298584,0.0,0.0,0,0.0,0.0,0.0,0.0
5.825965404510498,0.0,0.0,0,0.0,0.0,0.0,0.0
5.826025009155273,0.0,0.0,0,0.0,0.0,0.0,0.0
5.82610011100769,0.0,0.0,0,0.0,0.0,0.0,0.0
5.829793930053711,0.0,0.0,0,0.0,0.0,0.0,0.0
5.8398754596710205,0.0,0.0,0,0.0,0.0,0.0,0.0
5.849803924560547,0.0,0.0,0,0.0,0.0,0.0,0.0
5.859806060791016,0.0,0.0,0,0.0,0.0,0.0,0.0
5.869903087615967,0.0,0.0,0,0.0,0.0,0.0,0.0
5.8798651695251465,0.0,0.0,0,0.0,0.0,0.0,0.0
5.90057373046875,0.0,0.0,0,0.0,0.0,0.0,0.0
5.926854372024536,0.0,0.0,0,0.0,0.0,0.0,0.0
5.926931858062744,0.0,0.0,0,0.0,0.0,0.0,0.0
5.927050828933716,0.0,0.0,0,0.0,0.0,0.0,0.0
5.929775953292847,0.0,0.0,0,0.0,0.0,0.0,0.0
5.939879894256592,0.0,0.0,0,0.0,0.0,0.0,0.0
5.949814081192017,0.0,0.0,0,0.0,0.0,0.0,0.0
5.959897041320801,0.0,0.0,0,0.0,0.0,0.0,0.0
5.969860076904297,0.0,0.0,0,0.0,0.0,0.0,0.0
5.979905605316162,0.0,0.0,0,0.0,0.0,0.0,0.0
5.989917516708374,0.0,0.0,0,0.0,0.0,0.0,0.0
6.055912971496582,0.0,0.0,0,0.0,0.0,0.0,0.0
6.0559306144714355,0.0,0.0,0,0.0,0.0,0.0,0.0
6.055934906005859,0.0,0.0,0,0.0,0.0,0.0,0.0
6.055938482284546,0.0,0.0,0,0.0,0.0,0.0,0.0
6.0559608936309814,0.0,0.0,0,0.0,0.0,0.0,0.0
6.056045293807983,0.0,0.0,0,0.0,0.0,0.0,0.0
6.059778451919556,0.0,0.0,0,0.0,0.0,0.0,0.0
6.069836616516113,0.0,0.0,0,0.0,0.0,0.0,0.0
6.079779624938965,0.0,0.0,0,0.0,0.0,0.0,0.0
6.090765953063965,0.0,0.0,0,0.0,0.0,0.0,0.0
6.137200355529785,0.0,0.0,0,0.0,0.0,0.0,0.0
6.137213706970215,0.0,0.0,0,0.0,0.0,0.0,0.0
6.137217044830322,0.0,0.0,0,0.0,0.0,0.0,0.0
6.1372199058532715,0.0,0.0,0,0.0,0.0,0.0,0.0
6.139871597290039,0.0,0.0,0,0.0,0.0,0.0,0.0
6.14989447593689,0.0,0.0,0,0.0,0.0,0.0,0.0
6.159872531890869,0.0,0.0,0,0.0,0.0,0.0,0.0
6.16978907585144,0.0,0.0,0,0.0,0.0,0.0,0.0
6.179784536361694,0.0,0.0,0,0.0,0.0,0.0,0.0
6.1897711753845215,0.0,0.0,0,0.0,0.0,0.0,0.0
6.237963676452637,0.0,0.0,0,0.0,0.0,0.0,0.0
6.23797607421875,0.0,0.0,0,0.0,0.0,0.0,0.0
6.237979412078857,0.0,0.0,0,0.0,0.0,0.0,0.0
6.2379820346832275,0.0,0.0,0,0.0,0.0,0.0,0.0
6.239877700805664,0.0,0.0,0,0.0,0.0,0.0,0.0
6.255010604858398,0.0,0.0,0,0.0,0.0,0.0,0.0
6.259756565093994,0.0,0.0,0,0.0,0.0,0.0,0.0
6.26977276802063,0.0,0.0,0,0.0,0.0,0.0,0.0
6.2797276973724365,0.0,0.0,0,0.0,0.0,0.0,0.0
6.289796352386475,0.0,0.0,0,0.0,0.0,0.0,0.0
6.326493740081787,0.0,0.0,0,0.0,0.0,0.0,0.0
6.326549053192139,0.0,0.0,0,0.0,0.0,0.0,0.0
6.326691150665283,0.0,0.0,0,0.0,0.0,0.0,0.0
6.353887319564819,0.0,0.0,0,0.0,0.0,0.0,0.0
6.362971544265747,0.0,0.0,0,0.0,0.0,0.0,0.0
6.3629841804504395,0.0,0.0,0,0.0,0.0,0.0,0.0
6.363064527511597,0.0,0.0,0,0.0,0.0,0.0,0.0
6.380607604980469,0.0,0.0,0,0.0,0.0,0.0,0.0
6.380617618560791,0.0,0.0,0,0.0,0.0,0.0,0.0
6.389800786972046,0.0,0.0,0,0.0,0.0,0.0,0.0
6.426096200942993,0.0,0.0,0,0.0,0.0,0.0,0.0
6.426106929779053,0.0,0.0,0,0.0,0.0,0.0,0.0
6.426110506057739,0.0,0.0,0,0.0,0.0,0.0,0.0
6.4462950229644775,0.0,0.0,0,0.0,0.0,0.0,0.0
6.446481227874756,0.0,0.0,0,0.0,0.0,0.0,0.0
6.4497668743133545,0.0,0.0,0,0.0,0.0,0.0,0.0
6.463223695755005,0.0,0.0,0,0.0,0.0,0.0,0.0
6.469783782958984,0.0,0.0,0,0.0,0.0,0.0,0.0
6.47981595993042,0.0,0.0,0,0.0,0.0,0.0,0.0
6.489808559417725,0.0,0.0,0,0.0,0.0,0.0,0.0
6.527307510375977,0.0,0.0,0,0.0,0.0,0.0,0.0
6.5273144245147705,0.0,0.0,0,0.0,0.0,0.0,0.0
6.527317762374878,0.0,0.0,0,0.0,0.0,0.0,0.0
6.52978253364563,0.0,0.0,0,0.0,0.0,0.0,0.0
6.540292739868164,0.0,0.0,0,0.0,0.0,0.0,0.0
6.558345317840576,0.0,0.0,0,0.0,0.0,0.0,0.0
6.5600433349609375,0.0,0.0,0,0.0,0.0,0.0,0.0
6.575146675109863,0.0,0.0,0,0.0,0.0,0.0,0.0
6.579895734786987,0.0,0.0,0,0.0,0.0,0.0,0.0
6.589777708053589,0.0,0.0,0,0.0,0.0,0.0,0.0
6.626018047332764,0.0,0.0,0,0.0,0.0,0.0,0.0
6.626031160354614,0.0,0.0,0,0.0,0.0,0.0,0.0
6.626047849655151,0.0,0.0,0,0.0,0.0,0.0,0.0
6.62973427772522,0.0,0.0,0,0.0,0.0,0.0,0.0
6.639873504638672,0.0,0.0,0,0.0,0.0,0.0,0.0
6.657265663146973,0.0,0.0,0,0.0,0.0,0.0,0.0
6.668543577194214,0.0,0.0,0,0.0,0.0,0.0,0.0
6.670336008071899,0.0,0.0,0,0.0,0.0,0.0,0.0
6.685447692871094,0.0,0.0,0,0.0,0.0,0.0,0.0
6.68975305557251,0.0,0.0,0,0.0,0.0,0.0,0.0
6.726626873016357,0.0,0.0,0,0.0,0.0,0.0,0.0
6.726691484451294,0.0,0.0,0,0.0,0.0,0.0,0.0
6.726783990859985,0.0,0.0,0,0.0,0.0,0.0,0.0
6.7297327518463135,0.0,0.0,0,0.0,0.0,0.0,0.0
6.739816188812256,0.0,0.0,0,0.0,0.0,0.0,0.0
6.749805927276611,0.0,0.0,0,0.0,0.0,0.0,0.0
6.77414870262146,0.0,0.0,0,0.0,0.0,0.0,0.0
6.7741639614105225,0.0,0.0,0,0.0,0.0,0.0,0.0
6.792651176452637,0.0,0.0,0,0.0,0.0,0.0,0.0
6.792664289474487,0.0,0.0,0,0.0,0.0,0.0,0.0
6.827612638473511,0.0,0.0,0,0.0,0.0,0.0,0.0
6.82766056060791,0.0,0.0,0,0.0,0.0,0.0,0.0
6.827770233154297,0.0,0.0,0,0.0,0.0,0.0,0.0
6.829659938812256,0.0,0.0,0,0.0,0.0,0.0,0.0
6.839720249176025,0.0,0.0,0,0.0,0.0,0.0,0.0
6.849776268005371,0.0,0.0,0,0.0,0.0,0.0,0.0
6.859778642654419,0.0,0.0,0,0.0,0.0,0.0,0.0
6.871377229690552,0.0,0.0,0,0.0,0.0,0.0,0.0
6.885163068771362,0.0,0.0,0,0.0,0.0,0.0,0.0
6.902448892593384,0.0,0.0,0,0.0,0.0,0.0,0.0
6.926267147064209,0.0,0.0,0,0.0,0.0,0.0,0.0
6.9263036251068115,0.0,0.0,0,0.0,0.0,0.0,0.0
6.92640233039856,0.0,0.0,0,0.0,0.0,0.0,0.0
6.929741859436035,0.0,0.0,0,0.0,0.0,0.0,0.0
6.939842700958252,0.0,0.0,0,0.0,0.0,0.0,0.0
6.94974946975708,0.0,0.0,0,0.0,0.0,0.0,0.0
6.959896564483643,0.0,0.0,0,0.0,0.0,0.0,0.0
6.969857692718506,0.0,0.0,0,0.0,0.0,0.0,0.0
6.991374254226685,0.0,0.0,0,0.0,0.0,0.0,0.0
6.991382837295532,0.0,0.0,0,0.0,0.0,0.0,0.0
7.058974504470825,0.0,0.0,0,0.0,0.0,0.0,0.0
7.059049367904663,0.0,0.0,0,0.0,0.0,0.0,0.0
7.05912446975708,0.0,0.0,0,0.0,0.0,0.0,0.0
7.059203863143921,0.0,0.0,0,0.0,0.0,0.0,0.0
7.059295654296875,0.0,0.0,0,0.0,0.0,0.0,0.0
7.059368848800659,0.0,0.0,0,0.0,0.0,0.0,0.0
7.059675455093384,0.0,0.0,0,0.0,0.0,0.0,0.0
7.069807767868042,0.0,0.0,0,0.0,0.0,0.0,0.0
7.080278396606445,0.0,0.0,0,0.0,0.0,0.0,0.0
7.100534200668335,0.0,0.0,0,0.0,0.0,0.0,0.0
7.125974893569946,0.0,0.0,0,0.0,0.0,0.0,0.0
7.1260271072387695,0.0,0.0,0,0.0,0.0,0.0,0.0
7.12610125541687,0.0,0.0,0,0.0,0.0,0.0,0.0
7.129673957824707,0.0,0.0,0,0.0,0.0,0.0,0.0
7.139760971069336,0.0,0.0,0,0.0,0.0,0.0,0.0
7.14984655380249,0.0,0.0,0,0.0,0.0,0.0,0.0
7.159826993942261,0.0,0.0,0,0.0,0.0,0.0,0.0
7.17009425163269,0.0,0.0,0,0.0,0.0,0.0,0.0
7.180741786956787,0.0,0.0,0,0.0,0.0,0.0,0.0
7.19005274772644,0.0,0.0,0,0.0,0.0,0.0,0.0
7.226067543029785,0.0,0.0,0,0.0,0.0,0.0,0.0
7.22611403465271,0.0,0.0,0,0.0,0.0,0.0,0.0
7.226199626922607,0.0,0.0,0,0.0,0.0,0.0,0.0
7.229710578918457,0.0,0.0,0,0.0,0.0,0.0,0.0
7.239805459976196,0.0,0.0,0,0.0,0.0,0.0,0.0
7.2498228549957275,0.0,0.0,0,0.0,0.0,0.0,0.0
7.259821176528931,0.0,0.0,0,0.0,0.0,0.0,0.0
7.269792795181274,0.0,0.0,0,0.0,0.0,0.0,0.0
7.279855251312256,0.0,0.0,0,0.0,0.0,0.0,0.0
7.289864778518677,0.0,0.0,0,0.0,0.0,0.0,0.0
7.331762075424194,0.0,0.0,0,0.0,0.0,0.0,0.0
7.3317711353302,0.0,0.0,0,0.0,0.0,0.0,0.0
7.331773996353149,0.0,0.0,0,0.0,0.0,0.0,0.0
7.33177638053894,0.0,0.0,0,0.0,0.0,0.0,0.0
7.339806318283081,0.0,0.0,0,0.0,0.0,0.0,0.0
7.349850177764893,0.0,0.0,0,0.0,0.0,0.0,0.0
7.359747886657715,0.0,0.0,0,0.0,0.0,0.0,0.0
7.369994878768921,0.0,0.0,0,0.0,0.0,0.0,0.0
7.379760980606079,0.0,0.0,0,0.0,0.0,0.0,0.0
7.3898537158966064,0.0,0.0,0,0.0,0.0,0.0,0.0
7.433847904205322,0.0,0.0,0,0.0,0.0,0.0,0.0
7.433857202529907,0.0,0.0,0,0.0,0.0,0.0,0.0
7.433859586715698,0.0,0.0,0,0.0,0.0,0.0,0.0
7.43391752243042,0.0,0.0,0,0.0,0.0,0.0,0.0
7.448595285415649,0.0,0.0,0,0.0,0.0,0.0,0.0
7.449810028076172,0.0,0.0,0,0.0,0.0,0.0,0.0
7.459741592407227,0.0,0.0,0,0.0,0.0,0.0,0.0
7.469764232635498,0.0,0.0,0,0.0,0.0,0.0,0.0
7.479827880859375,0.0,0.0,0,0.0,0.0,0.0,0.0
7.490036964416504,0.0,0.0,0,0.0,0.0,0.0,0.0
7.5254857540130615,0.0,0.0,0,0.0,0.0,0.0,0.0
7.525524139404297,0.0,0.0,0,0.0,0.0,0.0,0.0
7.5255348682403564,0.0,0.0,0,0.0,0.0,0.0,0.0
7.535797119140625,0.0,0.0,0,0.0,0.0,0.0,0.0
7.5459911823272705,0.0,0.0,0,0.0,0.0,0.0,0.0
7.561460494995117,0.0,0.0,0,0.0,0.0,0.0,0.0
7.561473369598389,0.0,0.0,0,0.0,0.0,0.0,0.0
7.569888591766357,0.0,0.0,0,0.0,0.0,0.0,0.0
7.579835891723633,0.0,0.0,0,0.0,0.0,0.0,0.0
7.589881181716919,0.0,0.0,0,0.0,0.0,0.0,0.0
7.626477956771851,0.0,0.0,0,0.0,0.0,0.0,0.0
7.626493692398071,0.0,0.0,0,0.0,0.0,0.0,0.0
7.62652325630188,0.0,0.0,0,0.0,0.0,0.0,0.0
7.630188941955566,0.0,0.0,0,0.0,0.0,0.0,0.0
7.640095233917236,0.0,0.0,0,0.0,0.0,0.0,0.0
7.658787965774536,0.0,0.0,0,0.0,0.0,0.0,0.0
7.660294055938721,0.0,0.0,0,0.0,0.0,0.0,0.0
7.675620079040527,0.0,0.0,0,0.0,0.0,0.0,0.0
7.6799070835113525,0.0,0.0,0,0.0,0.0,0.0,0.0
7.689846754074097,0.0,0.0,0,0.0,0.0,0.0,0.0
7.734860897064209,0.0,0.0,0,0.0,0.0,0.0,0.0
7.734876394271851,0.0,0.0,0,0.0,0.0,0.0,0.0
7.735035181045532,0.0,0.0,0,0.0,0.0,0.0,0.0
7.7351579666137695,0.0,0.0,0,0.0,0.0,0.0,0.0
7.745229005813599,0.0,0.0,0,0.0,0.0,0.0,0.0
7.7557172775268555,0.0,0.0,0,0.0,0.0,0.0,0.0
7.77044677734375,0.0,0.0,0,0.0,0.0,0.0,0.0
7.770458459854126,0.0,0.0,0,0.0,0.0,0.0,0.0
7.779949903488159,0.0,0.0,0,0.0,0.0,0.0,0.0
7.7901999950408936,0.0,0.0,0,0.0,0.0,0.0,0.0
7.834817171096802,0.0,0.0,0,0.0,0.0,0.0,0.0
7.834833383560181,0.0,0.0,0,0.0,0.0,0.0,0.0
7.834914684295654,0.0,0.0,0,0.0,0.0,0.0,0.0
7.8349785804748535,0.0,0.0,0,0.0,0.0,0.0,0.0
7.840765953063965,0.0,0.0,0,0.0,0.0,0.0,0.0
7.86607027053833,0.0,0.0,0,0.0,0.0,0.0,0.0
7.8660807609558105,0.0,0.0,0,0.0,0.0,0.0,0.0
7.8807151317596436,0.0,0.0,0,0.0,0.0,0.0,0.0
7.8807268142700195,0.0,0.0,0,0.0,0.0,0.0,0.0
7.889770746231079,0.0,0.0,0,0.0,0.0,0.0,0.0
7.926303148269653,0.0,0.0,0,0.0,0.0,0.0,0.0
7.926333665847778,0.0,0.0,0,0.0,0.0,0.0,0.0
7.926423072814941,0.0,0.0,0,0.0,0.0,0.0,0.0
7.930326700210571,0.0,0.0,0,0.0,0.0,0.0,0.0
7.9398064613342285,0.0,0.0,0,0.0,0.0,0.0,0.0
7.9501330852508545,0.0,0.0,0,0.0,0.0,0.0,0.0
7.959906578063965,0.0,0.0,0,0.0,0.0,0.0,0.0
7.97278904914856,0.0,0.0,0,0.0,0.0,0.0,0.0
7.980043649673462,0.0,0.0,0,0.0,0.0,0.0,0.0
7.9933881759643555,0.0,0.0,0,0.0,0.0,0.0,0.0
8.059460639953613,0.0,0.0,0,0.0,0.0,0.0,0.0
8.059478521347046,0.0,0.0,0,0.0,0.0,0.0,0.0
8.05948257446289,0.0,0.0,0,0.0,0.0,0.0,0.0
8.05948543548584,0.0,0.0,0,0.0,0.0,0.0,0.0
8.059488534927368,0.0,0.0,0,0.0,0.0,0.0,0.0
8.0595121383667,0.0,0.0,0,0.0,0.0,0.0,0.0
8.05976152420044,0.0,0.0,0,0.0,0.0,0.0,0.0
8.092592716217041,0.0,0.0,0,0.0,0.0,0.0,0.0
8.092810153961182,0.0,0.0,0,0.0,0.0,0.0,0.0
8.092813730239868,0.0,0.0,0,0.0,0.0,0.0,0.0
8.151025533676147,0.0,0.0,0,0.0,0.0,0.0,0.0
8.151122570037842,0.0,0.0,0,0.0,0.0,0.0,0.0
8.15112829208374,0.0,0.0,0,0.0,0.0,0.0,0.0
8.151241540908813,0.0,0.0,0,0.0,0.0,0.0,0.0
8.151341915130615,0.0,0.0,0,0.0,0.0,0.0,0.0
8.15147614479065,0.0,0.0,0,0.0,0.0,0.0,0.0
8.159770727157593,0.0,0.0,0,0.0,0.0,0.0,0.0
8.169831275939941,0.0,0.0,0,0.0,0.0,0.0,0.0
8.190362691879272,0.0,0.0,0,0.0,0.0,0.0,0.0
8.190402746200562,0.0,0.0,0,0.0,0.0,0.0,0.0
8.226245403289795,0.0,0.0,0,0.0,0.0,0.0,0.0
8.226296424865723,0.0,0.0,0,0.0,0.0,0.0,0.0
8.226351261138916,0.0,0.0,0,0.0,0.0,0.0,0.0
8.229686260223389,0.0,0.0,0,0.0,0.0,0.0,0.0
8.239776372909546,0.0,0.0,0,0.0,0.0,0.0,0.0
8.24998140335083,0.0,0.0,0,0.0,0.0,0.0,0.0
8.259766101837158,0.0,0.0,0,0.0,0.0,0.0,0.0
8.269848346710205,0.0,0.0,0,0.0,0.0,0.0,0.0
8.279831171035767,0.0,0.0,0,0.0,0.0,0.0,0.0
8.301990509033203,0.0,0.0,0,0.0,0.0,0.0,0.0
8.325898170471191,0.0,0.0,0,0.0,0.0,0.0,0.0
8.325934886932373,0.0,0.0,0,0.0,0.0,0.0,0.0
8.325998544692993,0.0,0.0,0,0.0,0.0,0.0,0.0
8.329652547836304,0.0,0.0,0,0.0,0.0,0.0,0.0
8.33977460861206,0.0,0.0,0,0.0,0.0,0.0,0.0
8.349799394607544,0.0,0.0,0,0.0,0.0,0.0,0.0
8.359909534454346,0.0,0.0,0,0.0,0.0,0.0,0.0
8.369847774505615,0.0,0.0,0,0.0,0.0,0.0,0.0
8.379969596862793,0.0,0.0,0,0.0,0.0,0.0,0.0
8.389949798583984,0.0,0.0,0,0.0,0.0,0.0,0.0
8.430366277694702,0.0,0.0,0,0.0,0.0,0.0,0.0
8.430382251739502,0.0,0.0,0,0.0,0.0,0.0,0.0
8.43038558959961,0.0,0.0,0,0.0,0.0,0.0,0.0
8.4303879737854,0.0,0.0,0,0.0,0.0,0.0,0.0
8.439801931381226,0.0,0.0,0,0.0,0.0,0.0,0.0
8.449885368347168,0.0,0.0,0,0.0,0.0,0.0,0.0
8.459781408309937,0.0,0.0,0,0.0,0.0,0.0,0.0
8.46980619430542,0.0,0.0,0,0.0,0.0,0.0,0.0
8.479880571365356,0.0,0.0,0,0.0,0.0,0.0,0.0
8.489778995513916,0.0,0.0,0,0.0,0.0,0.0,0.0
8.534830808639526,0.0,0.0,0,0.0,0.0,0.0,0.0
8.534840106964111,0.0,0.0,0,0.0,0.0,0.0,0.0
8.53484296798706,0.0,0.0,0,0.0,0.0,0.0,0.0
8.534845113754272,0.0,0.0,0,0.0,0.0,0.0,0.0
8.539799213409424,0.0,0.0,0,0.0,0.0,0.0,0.0
8.549749851226807,0.0,0.0,0,0.0,0.0,0.0,0.0
8.55980920791626,0.0,0.0,0,0.0,0.0,0.0,0.0
8.569810390472412,0.0,0.0,0,0.0,0.0,0.0,0.0
8.579737663269043,0.0,0.0,0,0.0,0.0,0.0,0.0
8.589826345443726,0.0,0.0,0,0.0,0.0,0.0,0.0
8.63193130493164,0.0,0.0,0,0.0,0.0,0.0,0.0
8.631938934326172,0.0,0.0,0,0.0,0.0,0.0,0.0
8.631941556930542,0.0,0.0,0,0.0,0.0,0.0,0.0
8.631943702697754,0.0,0.0,0,0.0,0.0,0.0,0.0
8.645882606506348,0.0,0.0,0,0.0,0.0,0.0,0.0
8.649734735488892,0.0,0.0,0,0.0,0.0,0.0,0.0
8.659731149673462,0.0,0.0,0,0.0,0.0,0.0,0.0
8.669827461242676,0.0,0.0,0,0.0,0.0,0.0,0.0
8.67990493774414,0.0,0.0,0,0.0,0.0,0.0,0.0
8.689958810806274,0.0,0.0,0,0.0,0.0,0.0,0.0
8.737360715866089,0.0,0.0,0,0.0,0.0,0.0,0.0
8.73737621307373,0.0,0.0,0,0.0,0.0,0.0,0.0
8.737379789352417,0.0,0.0,0,0.0,0.0,0.0,0.0
8.737382411956787,0.0,0.0,0,0.0,0.0,0.0,0.0
8.740058422088623,0.0,0.0,0,0.0,0.0,0.0,0.0
8.749800205230713,0.0,0.0,0,0.0,0.0,0.0,0.0
8.7661612033844,0.0,0.0,0,0.0,0.0,0.0,0.0
8.769830703735352,0.0,0.0,0,0.0,0.0,0.0,0.0
8.779834270477295,0.0,0.0,0,0.0,0.0,0.0,0.0
8.789794445037842,0.0,0.0,0,0.0,0.0,0.0,0.0
8.826294422149658,0.0,0.0,0,0.0,0.0,0.0,0.0
8.826383113861084,0.0,0.0,0,0.0,0.0,0.0,0.0
8.826500415802002,0.0,0.0,0,0.0,0.0,0.0,0.0
8.82968020439148,0.0,0.0,0,0.0,0.0,0.0,0.0
8.839765071868896,0.0,0.0,0,0.0,0.0,0.0,0.0
8.853513479232788,0.0,0.0,0,0.0,0.0,0.0,0.0
8.864381074905396,0.0,0.0,0,0.0,0.0,0.0,0.0
8.879740476608276,0.0,0.0,0,0.0,0.0,0.0,0.0
8.879754066467285,0.0,0.0,0,0.0,0.0,0.0,0.0
8.889745950698853,0.0,0.0,0,0.0,0.0,0.0,0.0
8.929126262664795,0.0,0.0,0,0.0,0.0,0.0,0.0
8.929141998291016,0.0,0.0,0,0.0,0.0,0.0,0.0
8.929145574569702,0.0,0.0,0,0.0,0.0,0.0,0.0
8.929681539535522,0.0,0.0,0,0.0,0.0,0.0,0.0
8.939816951751709,0.0,0.0,0,0.0,0.0,0.0,0.0
8.949742078781128,0.0,0.0,0,0.0,0.0,0.0,0.0
8.959784269332886,0.0,0.0,0,0.0,0.0,0.0,0.0
8.980293989181519,0.0,0.0,0,0.0,0.0,0.0,0.0
8.980304479598999,0.0,0.0,0,0.0,0.0,0.0,0.0
8.99593472480774,0.0,0.0,0,0.0,0.0,0.0,0.0
9.059010982513428,0.0,0.0,0,0.0,0.0,0.0,0.0
9.059020280838013,0.0,0.0,0,0.0,0.0,0.0,0.0
9.059043645858765,0.0,0.0,0,0.0,0.0,0.0,0.0
9.05929160118103,0.0,0.0,0,0.0,0.0,0.0,0.0
9.059305429458618,0.0,0.0,0,0.0,0.0,0.0,0.0
9.059640645980835,0.0,0.0,0,0.0,0.0,0.0,0.0
9.060019969940186,0.0,0.0,0,0.0,0.0,0.0,0.0
9.080552816390991,0.0,0.0,0,0.0,0.0,0.0,0.0
9.085572242736816,0.0,0.0,0,0.0,0.0,0.0,0.0
9.100109577178955,0.0,0.0,0,0.0,0.0,0.0,0.0
9.138769626617432,0.0,0.0,0,0.0,0.0,0.0,0.0
9.138938665390015,0.0,0.0,0,0.0,0.0,0.0,0.0
9.139147996902466,0.0,0.0,0,0.0,0.0,0.0,0.0
9.139334678649902,0.0,0.0,0,0.0,0.0,0.0,0.0
9.139736413955688,0.0,0.0,0,0.0,0.0,0.0,0.0
9.149925947189331,0.0,0.0,0,0.0,0.0,0.0,0.0
9.159900665283203,0.0,0.0,0,0.0,0.0,0.0,0.0
9.169850587844849,0.0,0.0,0,0.0,0.0,0.0,0.0
9.184974193572998,0.0,0.0,0,0.0,0.0,0.0,0.0
9.189972400665283,0.0,0.0,0,0.0,0.0,0.0,0.0
9.233835220336914,0.0,0.0,0,0.0,0.0,0.0,0.0
9.233903646469116,0.0,0.0,0,0.0,0.0,0.0,0.0
9.234116792678833,0.0,0.0,0,0.0,0.0,0.0,0.0
9.234285354614258,0.0,0.0,0,0.0,0.0,0.0,0.0
9.239831447601318,0.0,0.0,0,0.0,0.0,0.0,0.0
9.249947786331177,0.0,0.0,0,0.0,0.0,0.0,0.0
9.259769678115845,0.0,0.0,0,0.0,0.0,0.0,0.0
9.26987338066101,0.0,0.0,0,0.0,0.0,0.0,0.0
9.280097723007202,0.0,0.0,0,0.0,0.0,0.0,0.0
9.290513277053833,0.0,0.0,0,0.0,0.0,0.0,0.0
9.336969137191772,0.0,0.0,0,0.0,0.0,0.0,0.0
9.33711290359497,0.0,0.0,0,0.0,0.0,0.0,0.0
9.337315797805786,0.0,0.0,0,0.0,0.0,0.0,0.0
9.337477445602417,0.0,0.0,0,0.0,0.0,0.0,0.0
9.339696168899536,0.0,0.0,0,0.0,0.0,0.0,0.0
9.350019931793213,0.0,0.0,0,0.0,0.0,0.0,0.0
9.359809398651123,0.0,0.0,0,0.0,0.0,0.0,0.0
9.369798421859741,0.0,0.0,0,0.0,0.0,0.0,0.0
9.379811763763428,0.0,0.0,0,0.0,0.0,0.0,0.0
9.389912605285645,0.0,0.0,0,0.0,0.0,0.0,0.0
9.446555614471436,0.0,0.0,0,0.0,0.0,0.0,0.0
9.4465651512146,0.0,0.0,0,0.0,0.0,0.0,0.0
9.44656777381897,0.0,0.0,0,0.0,0.0,0.0,0.0
9.44657039642334,0.0,0.0,0,0.0,0.0,0.0,0.0
9.446572542190552,0.0,0.0,0,0.0,0.0,0.0,0.0
9.449811220169067,0.0,0.0,0,0.0,0.0,0.0,0.0
9.459788799285889,0.0,0.0,0,0.0,0.0,0.0,0.0
9.469899892807007,0.0,0.0,0,0.0,0.0,0.0,0.0
9.47978138923645,0.0,0.0,0,0.0,0.0,0.0,0.0
9.48980975151062,0.0,0.0,0,0.0,0.0,0.0,0.0
9.53621768951416,0.0,0.0,0,0.0,0.0,0.0,0.0
9.536227226257324,0.0,0.0,0,0.0,0.0,0.0,0.0
9.536229610443115,0.0,0.0,0,0.0,0.0,0.0,0.0
9.536341667175293,0.0,0.0,0,0.0,0.0,0.0,0.0
9.551573753356934,0.0,0.0,0,0.0,0.0,0.0,0.0
9.551602125167847,0.0,0.0,0,0.0,0.0,0.0,0.0
9.559785842895508,0.0,0.0,0,0.0,0.0,0.0,0.0
9.569762706756592,0.0,0.0,0,0.0,0.0,0.0,0.0
9.579820394515991,0.0,0.0,0,0.0,0.0,0.0,0.0
9.58980941772461,0.0,0.0,0,0.0,0.0,0.0,0.0
9.638909816741943,0.0,0.0,0,0.0,0.0,0.0,0.0
9.638917684555054,0.0,0.0,0,0.0,0.0,0.0,0.0
9.638920545578003,0.0,0.0,0,0.0,0.0,0.0,0.0
9.638922929763794,0.0,0.0,0,0.0,0.0,0.0,0.0
9.64377737045288,0.0,0.0,0,0.0,0.0,0.0,0.0
9.659231185913086,0.0,0.0,0,0.0,0.0,0.0,0.0
9.659801959991455,0.0,0.0,0,0.0,0.0,0.0,0.0
9.669817686080933,0.0,0.0,0,0.0,0.0,0.0,0.0
9.679795503616333,0.0,0.0,0,0.0,0.0,0.0,0.0
9.689801692962646,0.0,0.0,0,0.0,0.0,0.0,0.0
9.738842964172363,0.0,0.0,0,0.0,0.0,0.0,0.0
9.738853216171265,0.0,0.0,0,0.0,0.0,0.0,0.0
9.738855838775635,0.0,0.0,0,0.0,0.0,0.0,0.0
9.738857746124268,0.0,0.0,0,0.0,0.0,0.0,0.0
9.739709854125977,0.0,0.0,0,0.0,0.0,0.0,0.0
9.755274057388306,0.0,0.0,0,0.0,0.0,0.0,0.0
9.759978294372559,0.0,0.0,0,0.0,0.0,0.0,0.0
9.78186321258545,0.0,0.0,0,0.0,0.0,0.0,0.0
9.7818763256073,0.0,0.0,0,0.0,0.0,0.0,0.0
9.789886951446533,0.0,0.0,0,0.0,0.0,0.0,0.0
9.835845470428467,0.0,0.0,0,0.0,0.0,0.0,0.0
9.835858583450317,0.0,0.0,0,0.0,0.0,0.0,0.0
9.836160898208618,0.0,0.0,0,0.0,0.0,0.0,0.0
9.83616852760315,0.0,0.0,0,0.0,0.0,0.0,0.0
9.839955806732178,0.0,0.0,0,0.0,0.0,0.0,0.0
9.85002589225769,0.0,0.0,0,0.0,0.0,0.0,0.0
9.86352252960205,0.0,0.0,0,0.0,0.0,0.0,0.0
9.872969388961792,0.0,0.0,0,0.0,0.0,0.0,0.0
9.88765263557434,0.0,0.0,0,0.0,0.0,0.0,0.0
9.889862060546875,0.0,0.0,0,0.0,0.0,0.0,0.0
9.936614036560059,0.0,0.0,0,0.0,0.0,0.0,0.0
9.936680316925049,0.0,0.0,0,0.0,0.0,0.0,0.0
9.93698763847351,0.0,0.0,0,0.0,0.0,0.0,0.0
9.937040567398071,0.0,0.0,0,0.0,0.0,0.0,0.0
9.939849853515625,0.0,0.0,0,0.0,0.0,0.0,0.0
9.94988203048706,0.0,0.0,0,0.0,0.0,0.0,0.0
9.964484930038452,0.0,0.0,0,0.0,0.0,0.0,0.0
9.974270820617676,0.0,0.0,0,0.0,0.0,0.0,0.0
9.991897821426392,0.0,0.0,0,0.0,0.0,0.0,0.0
9.991909742355347,0.0,0.0,0,0.0,0.0,0.0,0.0
10.095446825027466,0.0,0.0,0,0.0,0.0,0.0,0.0
10.095456838607788,0.0,0.0,0,0.0,0.0,0.0,0.0
10.095459699630737,0.0,0.0,0,0.0,0.0,0.0,0.0
10.095461368560791,0.0,0.0,0,0.0,0.0,0.0,0.0
10.095463514328003,0.0,0.0,0,0.0,0.0,0.0,0.0
10.095465421676636,0.0,0.0,0,0.0,0.0,0.0,0.0
10.095467567443848,0.0,0.0,0,0.0,0.0,0.0,0.0
10.09546947479248,0.0,0.0,0,0.0,0.0,0.0,0.0
10.095471143722534,0.0,0.0,0,0.0,0.0,0.0,0.0
10.095473527908325,0.0,0.0,0,0.0,0.0,0.0,0.0
10.127622365951538,0.0,0.0,0,0.0,0.0,0.0,0.0
10.127651691436768,0.0,0.0,0,0.0,0.0,0.0,0.0
10.127727031707764,0.0,0.0,0,0.0,0.0,0.0,0.0
10.129756689071655,0.0,0.0,0,0.0,0.0,0.0,0.0
10.139809846878052,0.0,0.0,0,0.0,0.0,0.0,0.0
10.149745225906372,0.0,0.0,0,0.0,0.0,0.0,0.0
10.159790515899658,0.0,0.0,0,0.0,0.0,0.0,0.0
10.170558452606201,0.0,0.0,0,0.0,0.0,0.0,0.0
10.179862022399902,0.0,0.0,0,0.0,0.0,0.0,0.0
10.191591024398804,0.0,0.0,0,0.0,0.0,0.0,0.0
10.225723028182983,0.0,0.0,0,0.0,0.0,0.0,0.0
10.225752830505371,0.0,0.0,0,0.0,0.0,0.0,0.0
10.225836515426636,0.0,0.0,0,0.0,0.0,0.0,0.0
10.229682922363281,0.0,0.0,0,0.0,0.0,0.0,0.0
10.239617109298706,0.0,0.0,0,0.0,0.0,0.0,0.0
10.24977993965149,0.0,0.0,0,0.0,0.0,0.0,0.0
10.260066032409668,0.0,0.0,0,0.0,0.0,0.0,0.0
10.270020723342896,0.0,0.0,0,0.0,0.0,0.0,0.0
10.280065536499023,0.0,0.0,0,0.0,0.0,0.0,0.0
10.289781093597412,0.0,0.0,0,0.0,0.0,0.0,0.0
10.329298973083496,0.0,0.0,0,0.0,0.0,0.0,0.0
10.329312086105347,0.0,0.0,0,0.0,0.0,0.0,0.0
10.329315185546875,0.0,0.0,0,0.0,0.0,0.0,0.0
10.329724073410034,0.0,0.0,0,0.0,0.0,0.0,0.0
10.339776277542114,0.0,0.0,0,0.0,0.0,0.0,0.0
10.349694967269897,0.0,0.0,0,0.0,0.0,0.0,0.0
10.359673976898193,0.0,0.0,0,0.0,0.0,0.0,0.0
10.369680404663086,0.0,0.0,0,0.0,0.0,0.0,0.0
10.380220174789429,0.0,0.0,0,0.0,0.0,0.0,0.0
10.389792680740356,0.0,0.0,0,0.0,0.0,0.0,0.0
10.427477598190308,0.0,0.0,0,0.0,0.0,0.0,0.0
10.42748761177063,0.0,0.0,0,0.0,0.0,0.0,0.0
10.427490472793579,0.0,0.0,0,0.0,0.0,0.0,0.0
10.44120454788208,0.0,0.0,0,0.0,0.0,0.0,0.0
10.441216230392456,0.0,0.0,0,0.0,0.0,0.0,0.0
10.449826002120972,0.0,0.0,0,0.0,0.0,0.0,0.0
10.45988941192627,0.0,0.0,0,0.0,0.0,0.0,0.0
10.469700336456299,0.0,0.0,0,0.0,0.0,0.0,0.0
10.479777336120605,0.0,0.0,0,0.0,0.0,0.0,0.0
10.48973274230957,0.0,0.0,0,0.0,0.0,0.0,0.0
10.531559467315674,0.0,0.0,0,0.0,0.0,0.0,0.0
10.531569004058838,0.0,0.0,0,0.0,0.0,0.0,0.0
10.531571865081787,0.0,0.0,0,0.0,0.0,0.0,0.0
10.53157377243042,0.0,0.0,0,0.0,0.0,0.0,0.0
10.539806604385376,0.0,0.0,0,0.0,0.0,0.0,0.0
10.552932500839233,0.0,0.0,0,0.0,0.0,0.0,0.0
10.559815406799316,0.0,0.0,0,0.0,0.0,0.0,0.0
10.569710969924927,0.0,0.0,0,0.0,0.0,0.0,0.0
10.579805135726929,0.0,0.0,0,0.0,0.0,0.0,0.0
10.589712858200073,0.0,0.0,0,0.0,0.0,0.0,0.0
10.627152919769287,0.0,0.0,0,0.0,0.0,0.0,0.0
10.62721872329712,0.0,0.0,0,0.0,0.0,0.0,0.0
10.627304315567017,0.0,0.0,0,0.0,0.0,0.0,0.0
10.629839897155762,0.0,0.0,0,0.0,0.0,0.0,0.0
10.643928050994873,0.0,0.0,0,0.0,0.0,0.0,0.0
10.650532007217407,0.0,0.0,0,0.0,0.0,0.0,0.0
10.677101612091064,0.0,0.0,0,0.0,0.0,0.0,0.0
10.677115678787231,0.0,0.0,0,0.0,0.0,0.0,0.0
10.679826736450195,0.0,0.0,0,0.0,0.0,0.0,0.0
10.690072536468506,0.0,0.0,0,0.0,0.0,0.0,0.0
10.727369785308838,0.0,0.0,0,0.0,0.0,0.0,0.0
10.727383375167847,0.0,0.0,0,0.0,0.0,0.0,0.0
10.727403163909912,0.0,0.0,0,0.0,0.0,0.0,0.0
10.729717254638672,0.0,0.0,0,0.0,0.0,0.0,0.0
10.739665985107422,0.0,0.0,0,0.0,0.0,0.0,0.0
10.755014657974243,0.0,0.0,0,0.0,0.0,0.0,0.0
10.760492324829102,0.0,0.0,0,0.0,0.0,0.0,0.0
10.776349306106567,0.0,0.0,0,0.0,0.0,0.0,0.0
10.779746055603027,0.0,0.0,0,0.0,0.0,0.0,0.0
10.789843320846558,0.0,0.0,0,0.0,0.0,0.0,0.0
10.826825380325317,0.0,0.0,0,0.0,0.0,0.0,0.0
10.82688570022583,0.0,0.0,0,0.0,0.0,0.0,0.0
10.826970100402832,0.0,0.0,0,0.0,0.0,0.0,0.0
10.829684257507324,0.0,0.0,0,0.0,0.0,0.0,0.0
10.839771032333374,0.0,0.0,0,0.0,0.0,0.0,0.0
10.8497793674469,0.0,0.0,0,0.0,0.0,0.0,0.0
10.867105960845947,0.0,0.0,0,0.0,0.0,0.0,0.0
10.871858835220337,0.0,0.0,0,0.0,0.0,0.0,0.0
10.88783311843872,0.0,0.0,0,0.0,0.0,0.0,0.0
10.889621257781982,0.0,0.0,0,0.0,0.0,0.0,0.0
10.926377058029175,0.0,0.0,0,0.0,0.0,0.0,0.0
10.926424741744995,0.0,0.0,0,0.0,0.0,0.0,0.0
10.92650556564331,0.0,0.0,0,0.0,0.0,0.0,0.0
10.929683446884155,0.0,0.0,0,0.0,0.0,0.0,0.0
10.939788341522217,0.0,0.0,0,0.0,0.0,0.0,0.0
10.949796676635742,0.0,0.0,0,0.0,0.0,0.0,0.0
10.967390537261963,0.0,0.0,0,0.0,0.0,0.0,0.0
10.972830295562744,0.0,0.0,0,0.0,0.0,0.0,0.0
10.999843835830688,0.0,0.0,0,0.0,0.0,0.0,0.0
10.999861001968384,0.0,0.0,0,0.0,0.0,0.0,0.0
11.055699825286865,0.0,0.0,0,0.0,0.0,0.0,0.0
11.056548357009888,0.0,0.0,0,0.0,0.0,0.0,0.0
11.056556701660156,0.0,0.0,0,0.0,0.0,0.0,0.0
11.056560039520264,0.0,0.0,0,0.0,0.0,0.0,0.0
11.056562662124634,0.0,0.0,0,0.0,0.0,0.0,0.0
11.056565284729004,0.0,0.0,0,0.0,0.0,0.0,0.0
11.059877157211304,0.0,0.0,0,0.0,0.0,0.0,0.0
11.070801258087158,0.0,0.0,0,0.0,0.0,0.0,0.0
11.086862802505493,0.0,0.0,0,0.0,0.0,0.0,0.0
11.093944072723389,0.0,0.0,0,0.0,0.0,0.0,0.0
11.126502752304077,0.0,0.0,0,0.0,0.0,0.0,0.0
11.13224482536316,0.0,0.0,0,0.0,0.0,0.0,0.0
11.1327805519104,0.0,0.0,0,0.0,0.0,0.0,0.0
11.132920742034912,0.0,0.0,0,0.0,0.0,0.0,0.0
11.139949798583984,0.0,0.0,0,0.0,0.0,0.0,0.0
11.149916410446167,0.0,0.0,0,0.0,0.0,0.0,0.0
11.159941911697388,0.0,0.0,0,0.0,0.0,0.0,0.0
11.169922113418579,0.0,0.0,0,0.0,0.0,0.0,0.0
11.182666778564453,0.0,0.0,0,0.0,0.0,0.0,0.0
11.190562009811401,0.0,0.0,0,0.0,0.0,0.0,0.0
11.246459245681763,0.0,0.0,0,0.0,0.0,0.0,0.0
11.246535301208496,0.0,0.0,0,0.0,0.0,0.0,0.0
11.246609687805176,0.0,0.0,0,0.0,0.0,0.0,0.0
11.246685981750488,0.0,0.0,0,0.0,0.0,0.0,0.0
11.246772766113281,0.0,0.0,0,0.0,0.0,0.0,0.0
11.249765396118164,0.0,0.0,0,0.0,0.0,0.0,0.0
11.25970196723938,0.0,0.0,0,0.0,0.0,0.0,0.0
11.26978850364685,0.0,0.0,0,0.0,0.0,0.0,0.0
11.279855012893677,0.0,0.0,0,0.0,0.0,0.0,0.0
11.289795875549316,0.0,0.0,0,0.0,0.0,0.0,0.0
11.330403327941895,0.0,0.0,0,0.0,0.0,0.0,0.0
11.330415487289429,0.0,0.0,0,0.0,0.0,0.0,0.0
11.330419301986694,0.0,0.0,0,0.0,0.0,0.0,0.0
11.330422639846802,0.0,0.0,0,0.0,0.0,0.0,0.0
11.340492248535156,0.0,0.0,0,0.0,0.0,0.0,0.0
11.361120223999023,0.0,0.0,0,0.0,0.0,0.0,0.0
11.361129999160767,0.0,0.0,0,0.0,0.0,0.0,0.0
11.369791746139526,0.0,0.0,0,0.0,0.0,0.0,0.0
11.3797287940979,0.0,0.0,0,0.0,0.0,0.0,0.0
11.389765739440918,0.0,0.0,0,0.0,0.0,0.0,0.0
11.434497356414795,0.0,0.0,0,0.0,0.0,0.0,0.0
11.434511661529541,0.0,0.0,0,0.0,0.0,0.0,0.0
11.434515476226807,0.0,0.0,0,0.0,0.0,0.0,0.0
11.434518575668335,0.0,0.0,0,0.0,0.0,0.0,0.0
11.45743989944458,0.0,0.0,0,0.0,0.0,0.0,0.0
11.457475662231445,0.0,0.0,0,0.0,0.0,0.0,0.0
11.459757804870605,0.0,0.0,0,0.0,0.0,0.0,0.0
11.469793319702148,0.0,0.0,0,0.0,0.0,0.0,0.0
11.479761362075806,0.0,0.0,0,0.0,0.0,0.0,0.0
11.489716053009033,0.0,0.0,0,0.0,0.0,0.0,0.0
11.539489030838013,0.0,0.0,0,0.0,0.0,0.0,0.0
11.539502143859863,0.0,0.0,0,0.0,0.0,0.0,0.0
11.539505958557129,0.0,0.0,0,0.0,0.0,0.0,0.0
11.539509057998657,0.0,0.0,0,0.0,0.0,0.0,0.0
11.54771900177002,0.0,0.0,0,0.0,0.0,0.0,0.0
11.549888849258423,0.0,0.0,0,0.0,0.0,0.0,0.0
11.572304964065552,0.0,0.0,0,0.0,0.0,0.0,0.0
11.57232117652893,0.0,0.0,0,0.0,0.0,0.0,0.0
11.579707622528076,0.0,0.0,0,0.0,0.0,0.0,0.0
11.589801549911499,0.0,0.0,0,0.0,0.0,0.0,0.0
11.625934839248657,0.0,0.0,0,0.0,0.0,0.0,0.0
11.625988960266113,0.0,0.0,0,0.0,0.0,0.0,0.0
11.626006126403809,0.0,0.0,0,0.0,0.0,0.0,0.0
11.629644632339478,0.0,0.0,0,0.0,0.0,0.0,0.0
11.648118734359741,0.0,0.0,0,0.0,0.0,0.0,0.0
11.656660795211792,0.0,0.0,0,0.0,0.0,0.0,0.0
11.659702777862549,0.0,0.0,0,0.0,0.0,0.0,0.0
11.680449962615967,0.0,0.0,0,0.0,0.0,0.0,0.0
11.680461645126343,0.0,0.0,0,0.0,0.0,0.0,0.0
11.689725160598755,0.0,0.0,0,0.0,0.0,0.0,0.0
11.725884437561035,0.0,0.0,0,0.0,0.0,0.0,0.0
11.725952863693237,0.0,0.0,0,0.0,0.0,0.0,0.0
11.726019859313965,0.0,0.0,0,0.0,0.0,0.0,0.0
11.729719400405884,0.0,0.0,0,0.0,0.0,0.0,0.0
11.739766359329224,0.0,0.0,0,0.0,0.0,0.0,0.0
11.765298843383789,0.0,0.0,0,0.0,0.0,0.0,0.0
11.765310764312744,0.0,0.0,0,0.0,0.0,0.0,0.0
11.770631790161133,0.0,0.0,0,0.0,0.0,0.0,0.0
11.787439584732056,0.0,0.0,0,0.0,0.0,0.0,0.0
11.789738893508911,0.0,0.0,0,0.0,0.0,0.0,0.0
11.825664043426514,0.0,0.0,0,0.0,0.0,0.0,0.0
11.825676679611206,0.0,0.0,0,0.0,0.0,0.0,0.0
11.825844764709473,0.0,0.0,0,0.0,0.0,0.0,0.0
11.829752683639526,0.0,0.0,0,0.0,0.0,0.0,0.0
11.839750289916992,0.0,0.0,0,0.0,0.0,0.0,0.0
11.849840641021729,0.0,0.0,0,0.0,0.0,0.0,0.0
11.860705375671387,0.0,0.0,0,0.0,0.0,0.0,0.0
11.87862491607666,0.0,0.0,0,0.0,0.0,0.0,0.0
11.880691528320312,0.0,0.0,0,0.0,0.0,0.0,0.0
11.896780252456665,0.0,0.0,0,0.0,0.0,0.0,0.0
11.926898956298828,0.0,0.0,0,0.0,0.0,0.0,0.0
11.92691946029663,0.0,0.0,0,0.0,0.0,0.0,0.0
11.926924705505371,0.0,0.0,0,0.0,0.0,0.0,0.0
11.929786443710327,0.0,0.0,0,0.0,0.0,0.0,0.0
11.940001010894775,0.0,0.0,0,0.0,0.0,0.0,0.0
11.949817180633545,0.0,0.0,0,0.0,0.0,0.0,0.0
11.959747552871704,0.0,0.0,0,0.0,0.0,0.0,0.0
11.969674587249756,0.0,0.0,0,0.0,0.0,0.0,0.0
11.984798669815063,0.0,0.0,0,0.0,0.0,0.0,0.0
11.991260528564453,0.0,0.0,0,0.0,0.0,0.0,0.0
12.058769941329956,0.0,0.0,0,0.0,0.0,0.0,0.0
12.058783292770386,0.0,0.0,0,0.0,0.0,0.0,0.0
12.058854579925537,0.0,0.0,0,0.0,0.0,0.0,0.0
12.058947086334229,0.0,0.0,0,0.0,0.0,0.0,0.0
12.059017181396484,0.0,0.0,0,0.0,0.0,0.0,0.0
12.059287786483765,0.0,0.0,0,0.0,0.0,0.0,0.0
12.059589147567749,0.0,0.0,0,0.0,0.0,0.0,0.0
12.069867134094238,0.0,0.0,0,0.0,0.0,0.0,0.0
12.0905179977417,0.0,0.0,0,0.0,0.0,0.0,0.0
12.090607643127441,0.0,0.0,0,0.0,0.0,0.0,0.0
12.125798463821411,0.0,0.0,0,0.0,0.0,0.0,0.0
12.125832796096802,0.0,0.0,0,0.0,0.0,0.0,0.0
12.125917434692383,0.0,0.0,0,0.0,0.0,0.0,0.0
12.129611492156982,0.0,0.0,0,0.0,0.0,0.0,0.0
12.139785528182983,0.0,0.0,0,0.0,0.0,0.0,0.0
12.14976954460144,0.0,0.0,0,0.0,0.0,0.0,0.0
12.159716129302979,0.0,0.0,0,0.0,0.0,0.0,0.0
12.169678926467896,0.0,0.0,0,0.0,0.0,0.0,0.0
12.17970085144043,0.0,0.0,0,0.0,0.0,0.0,0.0
12.189786195755005,0.0,0.0,0,0.0,0.0,0.0,0.0
12.234138488769531,0.0,0.0,0,0.0,0.0,0.0,0.0
12.234151840209961,0.0,0.0,0,0.0,0.0,0.0,0.0
12.234155893325806,0.0,0.0,0,0.0,0.0,0.0,0.0
12.234179496765137,0.0,0.0,0,0.0,0.0,0.0,0.0
12.2397141456604,0.0,0.0,0,0.0,0.0,0.0,0.0
12.249780893325806,0.0,0.0,0,0.0,0.0,0.0,0.0
12.2597177028656,0.0,0.0,0,0.0,0.0,0.0,0.0
12.269755601882935,0.0,0.0,0,0.0,0.0,0.0,0.0
12.279760599136353,0.0,0.0,0,0.0,0.0,0.0,0.0
12.289682149887085,0.0,0.0,0,0.0,0.0,0.0,0.0
12.326434135437012,0.0,0.0,0,0.0,0.0,0.0,0.0
12.326444387435913,0.0,0.0,0,0.0,0.0,0.0,0.0
12.326448202133179,0.0,0.0,0,0.0,0.0,0.0,0.0
12.329768180847168,0.0,0.0,0,0.0,0.0,0.0,0.0
12.34489631652832,0.0,0.0,0,0.0,0.0,0.0,0.0
12.349710702896118,0.0,0.0,0,0.0,0.0,0.0,0.0
12.35978102684021,0.0,0.0,0,0.0,0.0,0.0,0.0
12.369790077209473,0.0,0.0,0,0.0,0.0,0.0,0.0
12.379787683486938,0.0,0.0,0,0.0,0.0,0.0,0.0
12.38975214958191,0.0,0.0,0,0.0,0.0,0.0,0.0
12.436897277832031,0.0,0.0,0,0.0,0.0,0.0,0.0
12.436911582946777,0.0,0.0,0,0.0,0.0,0.0,0.0
12.436915159225464,0.0,0.0,0,0.0,0.0,0.0,0.0
12.436918258666992,0.0,0.0,0,0.0,0.0,0.0,0.0
12.439682483673096,0.0,0.0,0,0.0,0.0,0.0,0.0
12.456366062164307,0.0,0.0,0,0.0,0.0,0.0,0.0
12.459709167480469,0.0,0.0,0,0.0,0.0,0.0,0.0
12.46970534324646,0.0,0.0,0,0.0,0.0,0.0,0.0
12.479777574539185,0.0,0.0,0,0.0,0.0,0.0,0.0
12.489750862121582,0.0,0.0,0,0.0,0.0,0.0,0.0
12.525959730148315,0.0,0.0,0,0.0,0.0,0.0,0.0
12.52597451210022,0.0,0.0,0,0.0,0.0,0.0,0.0
12.526012897491455,0.0,0.0,0,0.0,0.0,0.0,0.0
12.542262315750122,0.0,0.0,0,0.0,0.0,0.0,0.0
12.548569679260254,0.0,0.0,0,0.0,0.0,0.0,0.0
12.550724506378174,0.0,0.0,0,0.0,0.0,0.0,0.0
12.567532777786255,0.0,0.0,0,0.0,0.0,0.0,0.0
12.569711208343506,0.0,0.0,0,0.0,0.0,0.0,0.0
12.579697847366333,0.0,0.0,0,0.0,0.0,0.0,0.0
12.589767456054688,0.0,0.0,0,0.0,0.0,0.0,0.0
12.626842737197876,0.0,0.0,0,0.0,0.0,0.0,0.0
12.626853227615356,0.0,0.0,0,0.0,0.0,0.0,0.0
12.626857042312622,0.0,0.0,0,0.0,0.0,0.0,0.0
12.629601240158081,0.0,0.0,0,0.0,0.0,0.0,0.0
12.639995574951172,0.0,0.0,0,0.0,0.0,0.0,0.0
12.660193920135498,0.0,0.0,0,0.0,0.0,0.0,0.0
12.660292387008667,0.0,0.0,0,0.0,0.0,0.0,0.0
12.679337501525879,0.0,0.0,0,0.0,0.0,0.0,0.0
12.679731369018555,0.0,0.0,0,0.0,0.0,0.0,0.0
12.689680814743042,0.0,0.0,0,0.0,0.0,0.0,0.0
12.726512908935547,0.0,0.0,0,0.0,0.0,0.0,0.0
12.726527452468872,0.0,0.0,0,0.0,0.0,0.0,0.0
12.726616144180298,0.0,0.0,0,0.0,0.0,0.0,0.0
12.730172395706177,0.0,0.0,0,0.0,0.0,0.0,0.0
12.739686965942383,0.0,0.0,0,0.0,0.0,0.0,0.0
12.76024079322815,0.0,0.0,0,0.0,0.0,0.0,0.0
12.763076066970825,0.0,0.0,0,0.0,0.0,0.0,0.0
12.78205394744873,0.0,0.0,0,0.0,0.0,0.0,0.0
12.782094240188599,0.0,0.0,0,0.0,0.0,0.0,0.0
12.789706707000732,0.0,0.0,0,0.0,0.0,0.0,0.0
12.825709342956543,0.0,0.0,0,0.0,0.0,0.0,0.0
12.825807571411133,0.0,0.0,0,0.0,0.0,0.0,0.0
12.825814962387085,0.0,0.0,0,0.0,0.0,0.0,0.0
12.829707622528076,0.0,0.0,0,0.0,0.0,0.0,0.0
12.840205907821655,0.0,0.0,0,0.0,0.0,0.0,0.0
12.849780082702637,0.0,0.0,0,0.0,0.0,0.0,0.0
12.874087572097778,0.0,0.0,0,0.0,0.0,0.0,0.0
12.874098300933838,0.0,0.0,0,0.0,0.0,0.0,0.0
12.892399787902832,0.0,0.0,0,0.0,0.0,0.0,0.0
12.892431259155273,0.0,0.0,0,0.0,0.0,0.0,0.0
12.926027536392212,0.0,0.0,0,0.0,0.0,0.0,0.0
12.926058530807495,0.0,0.0,0,0.0,0.0,0.0,0.0
12.926128625869751,0.0,0.0,0,0.0,0.0,0.0,0.0
12.929690837860107,0.0,0.0,0,0.0,0.0,0.0,0.0
12.939775228500366,0.0,0.0,0,0.0,0.0,0.0,0.0
12.95035171508789,0.0,0.0,0,0.0,0.0,0.0,0.0
12.959772825241089,0.0,0.0,0,0.0,0.0,0.0,0.0
12.984859228134155,0.0,0.0,0,0.0,0.0,0.0,0.0
12.984872341156006,0.0,0.0,0,0.0,0.0,0.0,0.0
12.98969841003418,0.0,0.0,0,0.0,0.0,0.0,0.0
13.057634353637695,0.0,0.0,0,0.0,0.0,0.0,0.0
13.057801246643066,0.0,0.0,0,0.0,0.0,0.0,0.0
13.057826519012451,0.0,0.0,0,0.0,0.0,0.0,0.0
13.057884454727173,0.0,0.0,0,0.0,0.0,0.0,0.0
13.057957649230957,0.0,0.0,0,0.0,0.0,0.0,0.0
13.058041095733643,0.0,0.0,0,0.0,0.0,0.0,0.0
13.05972170829773,0.0,0.0,0,0.0,0.0,0.0,0.0
13.06993317604065,0.0,0.0,0,0.0,0.0,0.0,0.0
13.091817378997803,0.0,0.0,0,0.0,0.0,0.0,0.0
13.09474778175354,0.0,0.0,0,0.0,0.0,0.0,0.0
13.126469850540161,0.0,0.0,0,0.0,0.0,0.0,0.0
13.12649154663086,0.0,0.0,0,0.0,0.0,0.0,0.0
13.126497030258179,0.0,0.0,0,0.0,0.0,0.0,0.0
13.12971019744873,0.0,0.0,0,0.0,0.0,0.0,0.0
13.139737367630005,0.0,0.0,0,0.0,0.0,0.0,0.0
13.14972710609436,0.0,0.0,0,0.0,0.0,0.0,0.0
13.159812450408936,0.0,0.0,0,0.0,0.0,0.0,0.0
13.169780969619751,0.0,0.0,0,0.0,0.0,0.0,0.0
13.180155038833618,0.0,0.0,0,0.0,0.0,0.0,0.0
13.189714431762695,0.0,0.0,0,0.0,0.0,0.0,0.0
13.23143744468689,0.0,0.0,0,0.0,0.0,0.0,0.0
13.231447219848633,0.0,0.0,0,0.0,0.0,0.0,0.0
13.231451272964478,0.0,0.0,0,0.0,0.0,0.0,0.0
13.231454372406006,0.0,0.0,0,0.0,0.0,0.0,0.0
13.239703178405762,0.0,0.0,0,0.0,0.0,0.0,0.0
13.249689817428589,0.0,0.0,0,0.0,0.0,0.0,0.0
13.259732007980347,0.0,0.0,0,0.0,0.0,0.0,0.0
13.269756555557251,0.0,0.0,0,0.0,0.0,0.0,0.0
13.279675006866455,0.0,0.0,0,0.0,0.0,0.0,0.0
13.301195859909058,0.0,0.0,0,0.0,0.0,0.0,0.0
13.32969069480896,0.0,0.0,0,0.0,0.0,0.0,0.0
13.329702377319336,0.0,0.0,0,0.0,0.0,0.0,0.0
13.329705953598022,0.0,0.0,0,0.0,0.0,0.0,0.0
13.32970905303955,0.0,0.0,0,0.0,0.0,0.0,0.0
13.3397536277771,0.0,0.0,0,0.0,0.0,0.0,0.0
13.355216264724731,0.0,0.0,0,0.0,0.0,0.0,0.0
13.359692096710205,0.0,0.0,0,0.0,0.0,0.0,0.0
13.36972451210022,0.0,0.0,0,0.0,0.0,0.0,0.0
13.379863023757935,0.0,0.0,0,0.0,0.0,0.0,0.0
13.389752626419067,0.0,0.0,0,0.0,0.0,0.0,0.0
13.426374435424805,0.0,0.0,0,0.0,0.0,0.0,0.0
13.426394701004028,0.0,0.0,0,0.0,0.0,0.0,0.0
13.432696104049683,0.0,0.0,0,0.0,0.0,0.0,0.0
13.432739734649658,0.0,0.0,0,0.0,0.0,0.0,0.0
13.454402208328247,0.0,0.0,0,0.0,0.0,0.0,0.0
13.454443216323853,0.0,0.0,0,0.0,0.0,0.0,0.0
13.459723472595215,0.0,0.0,0,0.0,0.0,0.0,0.0
13.469740629196167,0.0,0.0,0,0.0,0.0,0.0,0.0
13.479812622070312,0.0,0.0,0,0.0,0.0,0.0,0.0
13.489675521850586,0.0,0.0,0,0.0,0.0,0.0,0.0
13.539992809295654,0.0,0.0,0,0.0,0.0,0.0,0.0
13.540003061294556,0.0,0.0,0,0.0,0.0,0.0,0.0
13.540006637573242,0.0,0.0,0,0.0,0.0,0.0,0.0
13.540009498596191,0.0,0.0,0,0.0,0.0,0.0,0.0
13.540011882781982,0.0,0.0,0,0.0,0.0,0.0,0.0
13.558910608291626,0.0,0.0,0,0.0,0.0,0.0,0.0
13.559692144393921,0.0,0.0,0,0.0,0.0,0.0,0.0
13.569740772247314,0.0,0.0,0,0.0,0.0,0.0,0.0
13.579735279083252,0.0,0.0,0,0.0,0.0,0.0,0.0
13.589729309082031,0.0,0.0,0,0.0,0.0,0.0,0.0
13.626038789749146,0.0,0.0,0,0.0,0.0,0.0,0.0
13.626067638397217,0.0,0.0,0,0.0,0.0,0.0,0.0
13.626160860061646,0.0,0.0,0,0.0,0.0,0.0,0.0
13.62972116470337,0.0,0.0,0,0.0,0.0,0.0,0.0
13.652096509933472,0.0,0.0,0,0.0,0.0,0.0,0.0
13.652207612991333,0.0,0.0,0,0.0,0.0,0.0,0.0
13.671227216720581,0.0,0.0,0,0.0,0.0,0.0,0.0
13.671264171600342,0.0,0.0,0,0.0,0.0,0.0,0.0
13.679768562316895,0.0,0.0,0,0.0,0.0,0.0,0.0
13.689687967300415,0.0,0.0,0,0.0,0.0,0.0,0.0
13.7260422706604,0.0,0.0,0,0.0,0.0,0.0,0.0
13.726106405258179,0.0,0.0,0,0.0,0.0,0.0,0.0
13.726191282272339,0.0,0.0,0,0.0,0.0,0.0,0.0
13.72967791557312,0.0,0.0,0,0.0,0.0,0.0,0.0
13.739738702774048,0.0,0.0,0,0.0,0.0,0.0,0.0
13.76658821105957,0.0,0.0,0,0.0,0.0,0.0,0.0
13.76979374885559,0.0,0.0,0,0.0,0.0,0.0,0.0
13.769806146621704,0.0,0.0,0,0.0,0.0,0.0,0.0
13.789235830307007,0.0,0.0,0,0.0,0.0,0.0,0.0
13.78966236114502,0.0,0.0,0,0.0,0.0,0.0,0.0
13.830827474594116,0.0,0.0,0,0.0,0.0,0.0,0.0
13.830883502960205,0.0,0.0,0,0.0,0.0,0.0,0.0
13.830978870391846,0.0,0.0,0,0.0,0.0,0.0,0.0
13.831053495407104,0.0,0.0,0,0.0,0.0,0.0,0.0
13.84068489074707,0.0,0.0,0,0.0,0.0,0.0,0.0
13.849761962890625,0.0,0.0,0,0.0,0.0,0.0,0.0
13.871264696121216,0.0,0.0,0,0.0,0.0,0.0,0.0
13.871318817138672,0.0,0.0,0,0.0,0.0,0.0,0.0
13.890764951705933,0.0,0.0,0,0.0,0.0,0.0,0.0
13.890775918960571,0.0,0.0,0,0.0,0.0,0.0,0.0
13.926542043685913,0.0,0.0,0,0.0,0.0,0.0,0.0
13.926573276519775,0.0,0.0,0,0.0,0.0,0.0,0.0
13.926651239395142,0.0,0.0,0,0.0,0.0,0.0,0.0
13.929614543914795,0.0,0.0,0,0.0,0.0,0.0,0.0
13.93964672088623,0.0,0.0,0,0.0,0.0,0.0,0.0
13.949722528457642,0.0,0.0,0,0.0,0.0,0.0,0.0
13.960432291030884,0.0,0.0,0,0.0,0.0,0.0,0.0
13.969687223434448,0.0,0.0,0,0.0,0.0,0.0,0.0
13.991687536239624,0.0,0.0,0,0.0,0.0,0.0,0.0
13.991782903671265,0.0,0.0,0,0.0,0.0,0.0,0.0
14.059884071350098,0.0,0.0,0,0.0,0.0,0.0,0.0
14.059942483901978,0.0,0.0,0,0.0,0.0,0.0,0.0
14.060024738311768,0.0,0.0,0,0.0,0.0,0.0,0.0
14.060101509094238,0.0,0.0,0,0.0,0.0,0.0,0.0
14.060193538665771,0.0,0.0,0,0.0,0.0,0.0,0.0
14.060282468795776,0.0,0.0,0,0.0,0.0,0.0,0.0
14.060421228408813,0.0,0.0,0,0.0,0.0,0.0,0.0
14.070226669311523,0.0,0.0,0,0.0,0.0,0.0,0.0
14.079673767089844,0.0,0.0,0,0.0,0.0,0.0,0.0
14.10014271736145,0.0,0.0,0,0.0,0.0,0.0,0.0
14.126266241073608,0.0,0.0,0,0.0,0.0,0.0,0.0
14.126295566558838,0.0,0.0,0,0.0,0.0,0.0,0.0
14.12638235092163,0.0,0.0,0,0.0,0.0,0.0,0.0
14.129570722579956,0.0,0.0,0,0.0,0.0,0.0,0.0
14.139655351638794,0.0,0.0,0,0.0,0.0,0.0,0.0
14.14976978302002,0.0,0.0,0,0.0,0.0,0.0,0.0
14.159750938415527,0.0,0.0,0,0.0,0.0,0.0,0.0
14.169733762741089,0.0,0.0,0,0.0,0.0,0.0,0.0
14.187357425689697,0.0,0.0,0,0.0,0.0,0.0,0.0
14.1959707736969,0.0,0.0,0,0.0,0.0,0.0,0.0
14.22540283203125,0.0,0.0,0,0.0,0.0,0.0,0.0
14.225417852401733,0.0,0.0,0,0.0,0.0,0.0,0.0
14.225477933883667,0.0,0.0,0,0.0,0.0,0.0,0.0
14.229671716690063,0.0,0.0,0,0.0,0.0,0.0,0.0
14.239744901657104,0.0,0.0,0,0.0,0.0,0.0,0.0
14.24989938735962,0.0,0.0,0,0.0,0.0,0.0,0.0
14.25972843170166,0.0,0.0,0,0.0,0.0,0.0,0.0
14.269699335098267,0.0,0.0,0,0.0,0.0,0.0,0.0
14.279743671417236,0.0,0.0,0,0.0,0.0,0.0,0.0
14.289697408676147,0.0,0.0,0,0.0,0.0,0.0,0.0
14.332894325256348,0.0,0.0,0,0.0,0.0,0.0,0.0
14.332907676696777,0.0,0.0,0,0.0,0.0,0.0,0.0
14.332911252975464,0.0,0.0,0,0.0,0.0,0.0,0.0
14.332940340042114,0.0,0.0,0,0.0,0.0,0.0,0.0
14.339773178100586,0.0,0.0,0,0.0,0.0,0.0,0.0
14.349779844284058,0.0,0.0,0,0.0,0.0,0.0,0.0
14.359771013259888,0.0,0.0,0,0.0,0.0,0.0,0.0
14.369784355163574,0.0,0.0,0,0.0,0.0,0.0,0.0
14.379735708236694,0.0,0.0,0,0.0,0.0,0.0,0.0
14.389741897583008,0.0,0.0,0,0.0,0.0,0.0,0.0
14.427300453186035,0.0,0.0,0,0.0,0.0,0.0,0.0
14.427310228347778,0.0,0.0,0,0.0,0.0,0.0,0.0
14.427313566207886,0.0,0.0,0,0.0,0.0,0.0,0.0
14.443160057067871,0.0,0.0,0,0.0,0.0,0.0,0.0
14.443174362182617,0.0,0.0,0,0.0,0.0,0.0,0.0
14.449750185012817,0.0,0.0,0,0.0,0.0,0.0,0.0
14.45968508720398,0.0,0.0,0,0.0,0.0,0.0,0.0
14.469738721847534,0.0,0.0,0,0.0,0.0,0.0,0.0
14.479719638824463,0.0,0.0,0,0.0,0.0,0.0,0.0
14.489674091339111,0.0,0.0,0,0.0,0.0,0.0,0.0
14.53530764579773,0.0,0.0,0,0.0,0.0,0.0,0.0
14.535318374633789,0.0,0.0,0,0.0,0.0,0.0,0.0
14.535321712493896,0.0,0.0,0,0.0,0.0,0.0,0.0
14.535324335098267,0.0,0.0,0,0.0,0.0,0.0,0.0
14.553000688552856,0.0,0.0,0,0.0,0.0,0.0,0.0
14.553013801574707,0.0,0.0,0,0.0,0.0,0.0,0.0
14.559669971466064,0.0,0.0,0,0.0,0.0,0.0,0.0
14.56968879699707,0.0,0.0,0,0.0,0.0,0.0,0.0
14.579723596572876,0.0,0.0,0,0.0,0.0,0.0,0.0
14.58967137336731,0.0,0.0,0,0.0,0.0,0.0,0.0
14.625750064849854,0.0,0.0,0,0.0,0.0,0.0,0.0
14.625866413116455,0.0,0.0,0,0.0,0.0,0.0,0.0
14.62588620185852,0.0,0.0,0,0.0,0.0,0.0,0.0
14.639895915985107,0.0,0.0,0,0.0,0.0,0.0,0.0
14.645092010498047,0.0,0.0,0,0.0,0.0,0.0,0.0
14.662492275238037,0.0,0.0,0,0.0,0.0,0.0,0.0
14.662508964538574,0.0,0.0,0,0.0,0.0,0.0,0.0
14.669730424880981,0.0,0.0,0,0.0,0.0,0.0,0.0
14.679792165756226,0.0,0.0,0,0.0,0.0,0.0,0.0
14.689842700958252,0.0,0.0,0,0.0,0.0,0.0,0.0
14.727243900299072,0.0,0.0,0,0.0,0.0,0.0,0.0
14.727269411087036,0.0,0.0,0,0.0,0.0,0.0,0.0
14.727787733078003,0.0,0.0,0,0.0,0.0,0.0,0.0
14.7301185131073,0.0,0.0,0,0.0,0.0,0.0,0.0
14.746278285980225,0.0,0.0,0,0.0,0.0,0.0,0.0
14.749717235565186,0.0,0.0,0,0.0,0.0,0.0,0.0
14.76329755783081,0.0,0.0,0,0.0,0.0,0.0,0.0
14.769717931747437,0.0,0.0,0,0.0,0.0,0.0,0.0
14.77970814704895,0.0,0.0,0,0.0,0.0,0.0,0.0
14.789689302444458,0.0,0.0,0,0.0,0.0,0.0,0.0
14.827158451080322,0.0,0.0,0,0.0,0.0,0.0,0.0
14.827193260192871,0.0,0.0,0,0.0,0.0,0.0,0.0
14.827277421951294,0.0,0.0,0,0.0,0.0,0.0,0.0
14.829660654067993,0.0,0.0,0,0.0,0.0,0.0,0.0
14.845389366149902,0.0,0.0,0,0.0,0.0,0.0,0.0
14.853708267211914,0.0,0.0,0,0.0,0.0,0.0,0.0
14.871819496154785,0.0,0.0,0,0.0,0.0,0.0,0.0
14.871853113174438,0.0,0.0,0,0.0,0.0,0.0,0.0
14.879626512527466,0.0,0.0,0,0.0,0.0,0.0,0.0
14.88962721824646,0.0,0.0,0,0.0,0.0,0.0,0.0
14.926039218902588,0.0,0.0,0,0.0,0.0,0.0,0.0
14.926066398620605,0.0,0.0,0,0.0,0.0,0.0,0.0
14.926144123077393,0.0,0.0,0,0.0,0.0,0.0,0.0
14.929556608200073,0.0,0.0,0,0.0,0.0,0.0,0.0
14.939993858337402,0.0,0.0,0,0.0,0.0,0.0,0.0
14.949794054031372,0.0,0.0,0,0.0,0.0,0.0,0.0
14.966522932052612,0.0,0.0,0,0.0,0.0,0.0,0.0
14.975278377532959,0.0,0.0,0,0.0,0.0,0.0,0.0
14.994040727615356,0.0,0.0,0,0.0,0.0,0.0,0.0
14.994073867797852,0.0,0.0,0,0.0,0.0,0.0,0.0
15.066856861114502,0.0,0.0,0,0.0,0.0,0.0,0.0
15.066870927810669,0.0,0.0,0,0.0,0.0,0.0,0.0
15.066874742507935,0.0,0.0,0,0.0,0.0,0.0,0.0
15.066877603530884,0.0,0.0,0,0.0,0.0,0.0,0.0
15.066879749298096,0.0,0.0,0,0.0,0.0,0.0,0.0
15.066881656646729,0.0,0.0,0,0.0,0.0,0.0,0.0
15.06688380241394,0.0,0.0,0,0.0,0.0,0.0,0.0
15.073520183563232,0.0,0.0,0,0.0,0.0,0.0,0.0
15.092668771743774,83.147575,12.472136,0,0.0,0.0,929.3985972553561,0.0
15.092772722244263,83.147575,23.073452,0,0.0,0.0,1719.3874347296075,0.0
15.140514373779297,426.742176,83.623761,0,0.0,0.0,6231.475199646409,0.0
15.140644788742065,426.742176,135.091523,0,0.0,0.0,10066.74975138899,0.0
15.140796899795532,426.742176,178.839121,0,0.0,0.0,13326.733142725583,0.0
15.140956401824951,426.742176,216.024579,0,0.0,0.0,16097.71900300629,0.0
15.141125440597534,426.742176,247.632219,0,0.0,0.0,18453.057036407492,0.0
15.149759531021118,426.742176,274.498712,0,0.0,0.0,20455.09429028051,0.0
15.1597580909729,503.590215,308.862438,0,0.0,0.0,23015.810332894813,0.0
15.175283193588257,503.590215,338.071604,0,0.0,0.0,25192.418887147174,0.0
15.180456161499023,484.455759,360.029228,0,0.0,0.0,26828.65705394239,0.0
15.193231344223022,468.508812,376.301165,0,0.0,0.0,28041.209212003167,0.0
15.2413649559021,382.405304,377.216786,1,0.0,0.0,28109.439455244377,0.0
15.247387409210205,382.405304,377.995064,1,0.0,0.0,28167.435173177113,0.0
15.248595952987671,382.405304,378.6566,1,0.0,0.0,28216.73151106454,0.0
15.248602390289307,382.405304,379.218905,1,0.0,0.0,28258.633353558052,0.0
15.248605489730835,382.405304,379.696865,1,0.0,0.0,28294.249975566043,0.0
15.249694347381592,382.405304,380.103131,1,0.0,0.0,28324.524104272827,0.0
15.265086650848389,320.832579,371.212548,1,0.0,0.0,27662.015663939725,0.0
15.271002531051636,249.91393,353.017756,1,0.0,0.0,26306.176202106326,0.0
15.279768466949463,249.9986,337.564882,1,0.0,0.0,25154.65897849974,0.0
15.294599771499634,218.625711,319.724007,1,0.0,0.0,23825.19270273044,0.0
15.344565153121948,165.217358,296.548009,1,0.0,0.0,22098.163745445745,0.0
15.34457778930664,165.217358,276.848412,1,0.0,0.0,20630.189228627147,0.0
15.344581365585327,165.217358,260.103754,1,0.0,0.0,19382.410848346444,0.0
15.344584226608276,165.217358,245.870794,1,0.0,0.0,18321.799172945244,0.0
15.344587087631226,165.217358,233.772779,1,0.0,0.0,17420.279323372222,0.0
15.351487874984741,165.217358,223.489466,1,0.0,0.0,16653.987432605652,0.0
15.35978102684021,110.091924,206.479834,1,0.0,0.0,15386.463720498139,0.0
15.369734525680542,0.0,0.0,1,0.0,0.0,0.0,0.0
15.379735469818115,0.0,0.0,1,0.0,0.0,0.0,0.0
15.39150333404541,0.0,0.0,1,0.0,0.0,0.0,0.0
15.432651281356812,0.0,0.0,1,0.0,0.0,0.0,0.0
15.432732820510864,0.0,0.0,1,0.0,0.0,0.0,0.0
15.43285608291626,0.0,0.0,1,0.0,0.0,0.0,0.0
15.432983160018921,0.0,0.0,1,0.0,0.0,0.0,0.0
15.443751096725464,0.0,0.0,1,0.0,0.0,0.0,0.0
15.452481269836426,0.0,0.0,1,0.0,0.0,0.0,0.0
15.463142395019531,31.209372,4.681406,1,0.0,0.0,348.8489998491684,0.0
15.469748973846436,31.209372,8.660601,1,0.0,0.0,645.3706422691619,0.0
15.485849618911743,93.814103,21.433626,1,0.0,0.0,1597.1908852257488,0.0
15.49191427230835,124.872355,36.949435,1,0.0,0.0,2753.397898994844,0.0
15.552290916442871,176.101153,57.822193,1,0.0,0.0,4308.794024089255,0.0
15.55233097076416,176.101153,75.564037,1,0.0,0.0,5630.880708064105,0.0
15.552335023880005,176.101153,90.644605,1,0.0,0.0,6754.654434153527,0.0
15.552337646484375,176.101153,103.463087,1,0.0,0.0,7709.862041715138,0.0
15.552340269088745,176.101153,114.358797,1,0.0,0.0,8521.788530497903,0.0
15.552342653274536,212.094558,129.019161,1,0.0,0.0,9614.249496033632,0.0
15.559737205505371,212.094558,141.480471,1,0.0,0.0,10542.841361449802,0.0
15.57341456413269,187.422772,148.371816,1,0.0,0.0,11056.37058981956,0.0
15.586781024932861,187.422772,154.229459,1,0.0,0.0,11492.87041530436,0.0
15.593677282333374,171.992049,156.893848,1,0.0,0.0,11691.415347715503,0.0
15.656109809875488,172.916507,159.297247,2,0.0,0.0,11870.511828001232,0.0
15.65612268447876,172.916507,161.340136,2,0.0,0.0,12022.743825066402,0.0
15.656126022338867,172.916507,163.076592,2,0.0,0.0,12152.141048653095,0.0
15.656129121780396,172.916507,164.552579,2,0.0,0.0,12262.128643990987,0.0
15.656131029129028,172.916507,165.807168,2,0.0,0.0,12355.618103754092,0.0
15.656133651733398,172.916507,166.873569,2,0.0,0.0,12435.084170634034,0.0
15.659739255905151,178.850358,168.670087,2,0.0,0.0,12568.95709417688,0.0
15.66974949836731,187.463538,171.489105,2,0.0,0.0,12779.024669998504,0.0
15.679798364639282,187.377511,173.872366,2,0.0,0.0,12956.620506853827,0.0
15.690004110336304,187.377511,175.898138,2,0.0,0.0,13107.57697935855,0.0
15.739229679107666,205.042782,180.269834,2,0.0,0.0,13433.347010251964,0.0
15.73923921585083,205.042782,183.985777,2,0.0,0.0,13710.251640836561,0.0
15.73937201499939,205.042782,187.144327,2,0.0,0.0,13945.620461330573,0.0
15.739469528198242,205.042782,189.829096,2,0.0,0.0,14145.684070527479,0.0
15.744818210601807,205.042782,192.111149,2,0.0,0.0,14315.738089908153,0.0
15.760756254196167,236.905701,198.830331,2,0.0,0.0,14816.4380763021,0.0
15.76078724861145,236.905701,204.541637,2,0.0,0.0,15242.033161610347,0.0
15.769706964492798,187.571906,201.996177,2,0.0,0.0,15052.350580104692,0.0
15.779739618301392,187.571906,199.832536,2,0.0,0.0,14891.120385824886,0.0
15.78969669342041,187.487326,197.980755,2,0.0,0.0,14753.12937419511,0.0
15.844138145446777,201.844118,198.560259,2,0.0,0.0,14796.312851724853,0.0
15.844149589538574,201.844118,199.052838,2,0.0,0.0,14833.018852335932,0.0
15.84415316581726,201.844118,199.47153,2,0.0,0.0,14864.218941677645,0.0
15.84415578842163,201.844118,199.827418,2,0.0,0.0,14890.739002714507,0.0
15.844157934188843,201.844118,200.129923,2,0.0,0.0,14913.281069499435,0.0
15.85964846611023,201.844118,200.387053,2,0.0,0.0,14932.441882155123,0.0
15.859740018844604,181.715388,197.586303,2,0.0,0.0,14723.735601108883,0.0
15.869744539260864,181.715388,195.205666,2,0.0,0.0,14546.335299478578,0.0
15.879806995391846,218.636429,198.72028,2,0.0,0.0,14808.23729617698,0.0
15.88973355293274,218.636429,201.707703,2,0.0,0.0,15030.854075340421,0.0
15.94932746887207,198.791179,201.270224,3,0.0,0.0,14998.254016382703,0.0
15.949339628219604,198.791179,200.898367,3,0.0,0.0,14970.543977446343,0.0
15.949342727661133,198.791179,200.582289,3,0.0,0.0,14946.990477883535,0.0
15.949345350265503,198.791179,200.313623,3,0.0,0.0,14926.970025610546,0.0
15.949347972869873,198.791179,200.085256,3,0.0,0.0,14909.952574112307,0.0
15.955141544342041,198.791179,199.891144,3,0.0,0.0,14895.48773661291,0.0
15.971542596817017,180.970535,197.053053,3,0.0,0.0,14683.998879028048,0.0
15.971622943878174,180.970535,194.640675,3,0.0,0.0,14504.233301644212,0.0
15.979791164398193,187.48247,193.566945,3,0.0,0.0,14424.221092361779,0.0
15.989785194396973,218.637839,197.327579,3,0.0,0.0,14704.456006765437,0.0
16.096867084503174,183.818286,195.301185,3,0.0,0.0,14553.453184066371,0.0
16.096880435943604,183.818286,193.57875,3,0.0,0.0,14425.100777320362,0.0
16.09706473350525,183.818286,192.11468,3,0.0,0.0,14316.001212956755,0.0
16.097073316574097,183.818286,190.870221,3,0.0,0.0,14223.266620506687,0.0
16.097241401672363,183.818286,189.812431,3,0.0,0.0,14144.44222810183,0.0
16.097249507904053,183.818286,188.913309,3,0.0,0.0,14077.441457298704,0.0
16.097411394119263,183.818286,188.149056,3,0.0,0.0,14020.490854278645,0.0
16.097475290298462,183.818286,187.49944,3,0.0,0.0,13972.082770919495,0.0
16.09755229949951,183.818286,186.947267,3,0.0,0.0,13930.935944775018,0.0
16.097625970840454,183.818286,186.47792,3,0.0,0.0,13895.961146278114,0.0
16.14271569252014,210.321696,190.054486,3,0.0,0.0,14162.479681947641,0.0
16.142722606658936,210.321696,193.094568,3,0.0,0.0,14389.020504332937,0.0
16.142725467681885,210.321696,195.678637,3,0.0,0.0,14581.58015119784,0.0
16.142727851867676,210.321696,197.875096,3,0.0,0.0,14745.255877114309,0.0
16.14272975921631,210.321696,199.742086,3,0.0,0.0,14884.380232965605,0.0
16.149835109710693,210.321696,201.329027,3,0.0,0.0,15002.635898180208,0.0
16.16193461418152,256.016958,209.532217,3,0.0,0.0,15613.921188768698,0.0
16.17226791381836,256.016958,216.504928,3,0.0,0.0,16133.513648509914,0.0
16.19151735305786,234.547439,219.211305,3,0.0,0.0,16335.187442593318,0.0
16.191529512405396,218.639456,219.125528,3,0.0,0.0,16328.7955123356,0.0
16.23139238357544,194.616824,215.449222,4,0.0,0.0,16054.844551611512,0.0
16.23141860961914,194.616824,212.324362,4,0.0,0.0,15821.98624244784,0.0
16.231555223464966,194.616824,209.668232,4,0.0,0.0,15624.056754176716,0.0
16.231574058532715,194.616824,207.410521,4,0.0,0.0,15455.81665188726,0.0
16.239551544189453,194.616824,205.491466,4,0.0,0.0,15312.812516504526,0.0
16.24983859062195,205.6065,205.508721,4,0.0,0.0,15314.098324548606,0.0
16.25979495048523,187.289131,202.775783,4,0.0,0.0,15110.445257937892,0.0
16.270159006118774,187.289131,200.452785,4,0.0,0.0,14937.340099156188,0.0
16.28044629096985,203.062579,200.844254,4,0.0,0.0,14966.511585056356,0.0
16.290514945983887,203.062579,201.177003,4,0.0,0.0,14991.307374152797,0.0
16.331626653671265,199.554144,200.933574,4,0.0,0.0,14973.167532578647,0.0
16.33164405822754,199.554144,200.726659,4,0.0,0.0,14957.748641159316,0.0
16.331648349761963,199.554144,200.550782,4,0.0,0.0,14944.642639341386,0.0
16.331651210784912,199.554144,200.401287,4,0.0,0.0,14933.502571329243,0.0
16.339945554733276,199.554144,200.274215,4,0.0,0.0,14924.033420371426,0.0
16.349689483642578,204.752072,200.945894,4,0.0,0.0,14974.085594305858,0.0
16.359734296798706,187.389646,198.912457,4,0.0,0.0,14822.557941351532,0.0
16.36972713470459,187.389646,197.184035,4,0.0,0.0,14693.759395355457,0.0
16.381409645080566,203.200265,198.08647,4,0.0,0.0,14761.007044283766,0.0
16.39114475250244,218.643499,201.170024,4,0.0,0.0,14990.787313049372,0.0
16.430906295776367,196.888999,200.52787,4,0.0,0.0,14942.935282986364,0.0
16.431001663208008,196.888999,199.982039,4,0.0,0.0,14902.261049981003,0.0
16.4310085773468,196.888999,199.518083,4,0.0,0.0,14867.687978007752,0.0
16.43110227584839,196.888999,199.123721,4,0.0,0.0,14838.300911541286,0.0
16.43965244293213,196.888999,198.788512,4,0.0,0.0,14813.321808171391,0.0
16.44964838027954,183.504967,196.495981,4,0.0,0.0,14642.486989214603,0.0
16.45969271659851,218.540354,199.802637,4,0.0,0.0,14888.892372222457,0.0
16.469619750976562,218.540354,202.613294,4,0.0,0.0,15098.33690306833,0.0
16.48065733909607,218.8347,205.046505,4,0.0,0.0,15279.654913890721,0.0
16.491697549819946,218.8347,207.114734,4,0.0,0.0,15433.775197008452,0.0
16.53071928024292,201.824292,206.321168,5,0.0,0.0,15374.640247932404,0.0
16.530743837356567,201.824292,205.646637,5,0.0,0.0,15324.37554866956,0.0
16.530866146087646,201.824292,205.073285,5,0.0,0.0,15281.650505859448,0.0
16.53094220161438,201.824292,204.585936,5,0.0,0.0,15245.334234374453,0.0
16.539647340774536,201.824292,204.171689,5,0.0,0.0,15214.465377530905,0.0
16.54962134361267,181.787644,200.814083,5,0.0,0.0,14964.263302558651,0.0
16.559783697128296,181.787644,197.960117,5,0.0,0.0,14751.591471766036,0.0
16.56974506378174,187.511982,196.392897,5,0.0,0.0,14634.80537597695,0.0
16.57964324951172,187.511982,195.060759,5,0.0,0.0,14535.537120038225,0.0
16.589716911315918,203.198568,196.281431,5,0.0,0.0,14626.499152885597,0.0
16.637415409088135,204.428816,197.503538,5,0.0,0.0,14717.56811905915,0.0
16.637428522109985,204.428816,198.54233,5,0.0,0.0,14794.976818550567,0.0
16.637431621551514,204.428816,199.425303,5,0.0,0.0,14860.774198214674,0.0
16.637434482574463,204.428816,200.17583,5,0.0,0.0,14916.70196720326,0.0
16.639684915542603,204.428816,200.813778,5,0.0,0.0,14964.240574569463,0.0
16.649651288986206,199.697262,200.6463,5,0.0,0.0,14951.760449411178,0.0
16.659722328186035,199.697262,200.503945,5,0.0,0.0,14941.152439900032,0.0
16.669633626937866,203.214567,200.910538,5,0.0,0.0,14971.450935991952,0.0
16.679625749588013,203.214567,201.256142,5,0.0,0.0,14997.20465394418,0.0
16.68961191177368,187.520487,199.195794,5,0.0,0.0,14843.671647163475,0.0
16.735156297683716,207.273023,200.407378,5,0.0,0.0,14933.956460451034,0.0
16.735167026519775,207.273023,201.437225,5,0.0,0.0,15010.698596456255,0.0
16.735169887542725,207.273023,202.312595,5,0.0,0.0,15075.929415786593,0.0
16.735172271728516,207.273023,203.056659,5,0.0,0.0,15131.375574958385,0.0
16.74044704437256,207.273023,203.689114,5,0.0,0.0,15178.504854965204,0.0
16.75548028945923,210.8738,204.766817,5,0.0,0.0,15258.813124251066,0.0
16.75962257385254,187.491675,202.175545,5,0.0,0.0,15065.716724251333,0.0
16.76962661743164,187.491675,199.972965,5,0.0,0.0,14901.584873673155,0.0
16.77963161468506,218.832664,202.80192,5,0.0,0.0,15112.392934834334,0.0
16.789747714996338,218.832664,205.206531,5,0.0,0.0,15291.579730932837,0.0
16.852607011795044,188.521875,202.703833,6,0.0,0.0,15105.083688029375,0.0
16.85271120071411,188.521875,200.576539,6,0.0,0.0,14946.561999398837,0.0
16.852870225906372,188.521875,198.76834,6,0.0,0.0,14811.818631129077,0.0
16.86608862876892,188.521875,197.23137,6,0.0,0.0,14697.286704759481,0.0
16.866102933883667,188.521875,195.924946,6,0.0,0.0,14599.934604604327,0.0
16.866106033325195,188.521875,194.814485,6,0.0,0.0,14517.185274761645,0.0
16.866108894348145,188.521875,193.870594,6,0.0,0.0,14446.848407735666,0.0
16.87004041671753,164.226825,189.424028,6,0.0,0.0,14115.499214381505,0.0
16.879971742630005,164.226825,185.644448,6,0.0,0.0,13833.852482000271,0.0
16.889886379241943,218.973232,190.643766,6,0.0,0.0,14206.391647419363,0.0
16.953010082244873,208.672987,193.348149,6,0.0,0.0,14407.91685261607,0.0
16.953020572662354,208.672987,195.646875,6,0.0,0.0,14579.213310566369,0.0
16.958021879196167,208.672987,197.600791,6,0.0,0.0,14724.815217854326,0.0
16.958031177520752,208.672987,199.261621,6,0.0,0.0,14848.576943374288,0.0
16.9580340385437,208.672987,200.673326,6,0.0,0.0,14953.774372807253,0.0
16.958036184310913,208.672987,201.873275,6,0.0,0.0,15043.192169195776,0.0
16.962905406951904,190.873688,200.223337,6,0.0,0.0,14920.24209370283,0.0
16.97720694541931,218.306532,202.935816,6,0.0,0.0,15122.370596605988,0.0
16.979751348495483,218.306532,205.241424,6,0.0,0.0,15294.179887413973,0.0
16.990057229995728,203.178609,204.932001,6,0.0,0.0,15271.122305123456,0.0
17.113327741622925,199.932154,204.182024,7,0.0,0.0,15215.2355210334,0.0
17.113426446914673,199.932154,203.544544,7,0.0,0.0,15167.731788089954,0.0
17.113526582717896,199.932154,203.002685,7,0.0,0.0,15127.35354057003,0.0
17.113683700561523,199.932154,202.542105,7,0.0,0.0,15093.03204135579,0.0
17.11377739906311,199.932154,202.150613,7,0.0,0.0,15063.858841541685,0.0
17.11390495300293,199.932154,201.817844,7,0.0,0.0,15039.061562085299,0.0
17.114049434661865,199.932154,201.53499,7,0.0,0.0,15017.983848466067,0.0
17.114187002182007,199.932154,201.294565,7,0.0,0.0,15000.067858955923,0.0
17.114278554916382,199.932154,201.090203,7,0.0,0.0,14984.8392119838,0.0
17.114407300949097,199.932154,200.916496,7,0.0,0.0,14971.894914220095,0.0
17.17089319229126,204.805632,201.499866,7,0.0,0.0,15015.366478327545,0.0
17.17090129852295,204.805632,201.995731,7,0.0,0.0,15052.31734507788,0.0
17.17090392112732,204.805632,202.417216,7,0.0,0.0,15083.725563186163,0.0
17.170905590057373,204.805632,202.775479,7,0.0,0.0,15110.422604466701,0.0
17.170907020568848,204.805632,203.080002,7,0.0,0.0,15133.11504857026,0.0
17.170908451080322,204.805632,203.338846,7,0.0,0.0,15152.403585073387,0.0
17.170910120010376,204.805632,203.558864,7,0.0,0.0,15168.798885811844,0.0
17.17091155052185,204.805632,203.745879,7,0.0,0.0,15182.734869084134,0.0
17.17967939376831,216.53353,205.664027,7,0.0,0.0,15325.671416643281,0.0
17.192079782485962,155.52194,198.142714,7,0.0,0.0,14765.198234526082,0.0
17.281181812286377,225.816726,202.293816,7,0.0,0.0,15074.530042314573,0.0
17.2853581905365,225.816726,205.822252,7,0.0,0.0,15337.46202677219,0.0
17.285367250442505,225.816726,208.821423,7,0.0,0.0,15560.954243368367,0.0
17.285370111465454,225.816726,211.370719,7,0.0,0.0,15750.922675911812,0.0
17.285372018814087,225.816726,213.53762,7,0.0,0.0,15912.39579886294,0.0
17.28537344932556,225.816726,215.379486,7,0.0,0.0,16049.647964549104,0.0
17.285375118255615,225.816726,216.945072,7,0.0,0.0,16166.312297930543,0.0
17.28537678718567,225.816726,218.27582,7,0.0,0.0,16265.476973852965,0.0
17.2853786945343,225.816726,219.406956,7,0.0,0.0,16349.76696329062,0.0
17.293691873550415,225.816726,220.368421,7,0.0,0.0,16421.41340960183,0.0
17.35566020011902,192.773854,216.229236,7,0.0,0.0,16112.969632787628,0.0
17.35569167137146,192.773854,212.710929,7,0.0,0.0,15850.792441125051,0.0
17.355745315551758,192.773854,209.720368,7,0.0,0.0,15627.941824485963,0.0
17.35592269897461,192.773854,207.178391,7,0.0,0.0,15438.518789165038,0.0
17.355974435806274,192.773854,205.01771,7,0.0,0.0,15277.509168157352,0.0
17.356071949005127,192.773854,203.181132,7,0.0,0.0,15140.651053641117,0.0
17.35969829559326,192.773854,201.62004,7,0.0,0.0,15024.32160413972,0.0
17.370057821273804,133.372323,191.382883,7,0.0,0.0,14261.469166058316,0.0
17.38186550140381,133.372323,182.681299,7,0.0,0.0,13613.044552704227,0.0
17.390187740325928,172.056623,181.087597,7,0.0,0.0,13494.285071309614,0.0
17.437483072280884,211.326163,185.623382,8,0.0,0.0,13832.282685868331,0.0
17.43749499320984,211.326163,189.478799,8,0.0,0.0,14119.580639613741,0.0
17.437497854232788,211.326163,192.755904,8,0.0,0.0,14363.783941282234,0.0
17.4375,211.326163,195.541443,8,0.0,0.0,14571.35672907096,0.0
17.4396231174469,211.326163,197.909151,8,0.0,0.0,14747.793587513675,0.0
17.44966411590576,219.747891,201.184962,8,0.0,0.0,14991.900462893616,0.0
17.459749221801758,187.383747,199.114779,8,0.0,0.0,14837.634571609084,0.0
17.46990990638733,187.15031,197.320109,8,0.0,0.0,14703.899357325317,0.0
17.479731798171997,187.15031,195.794639,8,0.0,0.0,14590.224387925116,0.0
17.4909565448761,187.702127,194.580762,8,0.0,0.0,14499.76870486966,0.0
17.534884452819824,180.539599,192.474588,8,0.0,0.0,14342.820836342917,0.0
17.534895181655884,180.539599,190.684339,8,0.0,0.0,14209.415066125383,0.0
17.534897804260254,180.539599,189.162628,8,0.0,0.0,14096.020209877182,0.0
17.534899711608887,180.539599,187.869174,8,0.0,0.0,13999.634608147506,0.0
17.539517879486084,180.539599,186.769738,8,0.0,0.0,13917.706839225486,0.0
17.549553394317627,187.055015,186.812529,8,0.0,0.0,13920.895538849603,0.0
17.559696674346924,187.155148,186.863922,8,0.0,0.0,13924.725242286828,0.0
17.569587469100952,187.155148,186.907606,8,0.0,0.0,13927.98048648257,0.0
17.579611778259277,218.874835,191.70269,8,0.0,0.0,14285.300543233201,0.0
17.590089797973633,218.474896,195.718521,8,0.0,0.0,14584.552227003694,0.0
17.630816221237183,204.644031,197.057348,8,0.0,0.0,14684.318933826613,0.0
17.630877256393433,204.644031,198.19535,8,0.0,0.0,14769.120563834,0.0
17.63098978996277,204.644031,199.162652,8,0.0,0.0,14841.201971695677,0.0
17.63107180595398,204.644031,199.984859,8,0.0,0.0,14902.471190733502,0.0
17.644198179244995,204.644031,200.683735,8,0.0,0.0,14954.550030641554,0.0
17.649651050567627,199.750637,200.54377,8,0.0,0.0,14944.120119144047,0.0
17.659577131271362,199.750637,200.4248,8,0.0,0.0,14935.254713000668,0.0
17.669649124145508,203.223411,200.844592,8,0.0,0.0,14966.536772139456,0.0
17.679627895355225,218.687237,203.520989,8,0.0,0.0,15165.976516662642,0.0
17.689597845077515,218.687237,205.795926,8,0.0,0.0,15335.500265974253,0.0
17.734975576400757,197.844186,204.603165,9,0.0,0.0,15246.6181049506,0.0
17.73498773574829,197.844186,203.589318,9,0.0,0.0,15171.068256902794,0.0
17.73499035835266,197.844186,202.727548,9,0.0,0.0,15106.85088233626,0.0
17.734992742538452,197.844186,201.995044,9,0.0,0.0,15052.26615121371,0.0
17.74186611175537,197.844186,201.372415,9,0.0,0.0,15005.869085048738,0.0
17.751736640930176,192.316063,200.013962,9,0.0,0.0,14904.639888010048,0.0
17.766215085983276,192.316063,198.859277,9,0.0,0.0,14818.595074253062,0.0
17.769709587097168,187.402307,197.140732,9,0.0,0.0,14690.532542516701,0.0
17.77962374687195,187.402307,195.679968,9,0.0,0.0,14581.679334652295,0.0
17.78961992263794,203.261826,196.817247,9,0.0,0.0,14666.427088147608,0.0
17.832431077957153,200.657605,197.393301,9,0.0,0.0,14709.353478586529,0.0
17.83244228363037,200.657605,197.882946,9,0.0,0.0,14745.840843393415,0.0
17.832446098327637,200.657605,198.299145,9,0.0,0.0,14776.855159367768,0.0
17.832449197769165,200.657605,198.652914,9,0.0,0.0,14803.217316768265,0.0
17.839564323425293,200.657605,198.953618,9,0.0,0.0,14825.625176639987,0.0
17.85156011581421,208.878087,200.442288,9,0.0,0.0,14936.557883738124,0.0
17.86003303527832,208.878087,201.707658,9,0.0,0.0,15030.85072203054,0.0
17.87301540374756,203.222659,201.934908,9,0.0,0.0,15047.78493692575,0.0
17.87961769104004,156.18089,195.071805,9,0.0,0.0,14536.360245836828,0.0
17.88961410522461,156.18089,189.238168,9,0.0,0.0,14101.649299396144,0.0
17.930827617645264,238.474239,196.623579,9,0.0,0.0,14651.995336639022,0.0
17.930840730667114,238.474239,202.901178,9,0.0,0.0,15119.78944221417,0.0
17.930869579315186,238.474239,208.237137,9,0.0,0.0,15517.41442077535,0.0
17.931110382080078,238.474239,212.772702,9,0.0,0.0,15855.395641374655,0.0
17.939638376235962,238.474239,216.627933,9,0.0,0.0,16142.679734772559,0.0
17.94972038269043,247.963643,221.328289,9,0.0,0.0,16492.940850671297,0.0
17.963936805725098,247.963643,225.323593,9,0.0,0.0,16790.662903510416,0.0
17.97293519973755,218.870171,224.355579,9,0.0,0.0,16718.528438834634,0.0
17.986583471298218,218.719642,223.510189,9,0.0,0.0,16655.531669064505,0.0
17.98963761329651,187.426754,218.097673,9,0.0,0.0,16252.201816181074,0.0
18.06088423728943,166.813385,210.40503,10,0.0,0.0,15678.961465579841,0.0
18.060903787612915,166.813385,203.866283,10,0.0,0.0,15191.7071340357,0.0
18.061052799224854,166.813385,198.308349,10,0.0,0.0,14777.54102301527,0.0
18.0610613822937,166.813385,193.584104,10,0.0,0.0,14425.499746678111,0.0
18.06117868423462,166.813385,189.568496,10,0.0,0.0,14126.264680421027,0.0
18.061275959014893,166.813385,186.15523,10,0.0,0.0,13871.9149337169,0.0
18.06135058403015,166.813385,183.253953,10,0.0,0.0,13655.717581952198,0.0
18.07028889656067,166.813385,180.787868,10,0.0,0.0,13471.949866485296,0.0
18.08379817008972,166.107067,178.585748,10,0.0,0.0,13307.852294185896,0.0
18.097439765930176,155.939275,175.188777,10,0.0,0.0,13054.716818248404,0.0
18.133623123168945,241.24537,185.097266,10,0.0,0.0,13793.077575180505,0.0
18.133679628372192,241.24537,193.519482,10,0.0,0.0,14420.684244654094,0.0
18.133798122406006,241.24537,200.678365,10,0.0,0.0,14954.149868995844,0.0
18.13387131690979,241.24537,206.763416,10,0.0,0.0,15407.59568321943,0.0
18.13961434364319,241.24537,211.935709,10,0.0,0.0,15793.02459922818,0.0
18.14958095550537,235.333218,215.445335,10,0.0,0.0,16054.554900155857,0.0
18.159573554992676,235.333218,218.428518,10,0.0,0.0,16276.855723010578,0.0
18.16965365409851,218.68258,218.466627,10,0.0,0.0,16279.695529371156,0.0
18.180283784866333,218.68258,218.49902,10,0.0,0.0,16282.109390858948,0.0
18.191184282302856,171.924979,211.512914,10,0.0,0.0,15761.518762543383,0.0
18.232218742370605,169.214386,205.168135,10,0.0,0.0,15288.718537907023,0.0
18.232234716415405,169.214386,199.775072,10,0.0,0.0,14886.838283625815,0.0
18.232239246368408,169.214386,195.190969,10,0.0,0.0,14545.240108471691,0.0
18.23241662979126,169.214386,191.294482,10,0.0,0.0,14254.881700575585,0.0
18.23962712287903,169.214386,187.982467,10,0.0,0.0,14008.076975619995,0.0
18.24958610534668,196.187328,189.213197,10,0.0,0.0,14099.7885104846,0.0
18.259573459625244,218.724081,193.639829,10,0.0,0.0,14429.652262079808,0.0
18.27102780342102,218.724081,197.402467,10,0.0,0.0,14710.036510550135,0.0
18.28066873550415,203.107888,198.25828,10,0.0,0.0,14773.809981406523,0.0
18.294679403305054,203.107888,198.985721,10,0.0,0.0,14828.017427908553,0.0
18.331724405288696,197.998028,198.837567,11,0.0,0.0,14816.97728853084,0.0
18.331738233566284,197.998028,198.711637,11,0.0,0.0,14807.593237125982,0.0
18.331823110580444,197.998028,198.604595,11,0.0,0.0,14799.616681654858,0.0
18.331908226013184,197.998028,198.51361,11,0.0,0.0,14792.836661667001,0.0
18.3395574092865,197.998028,198.436273,11,0.0,0.0,14787.073663306819,0.0
18.3495454788208,191.993425,197.469846,11,0.0,0.0,14715.057458692816,0.0
18.359604597091675,187.450007,195.96687,11,0.0,0.0,14603.058697124754,0.0
18.369898319244385,187.491675,194.695591,11,0.0,0.0,14508.325531986064,0.0
18.379927158355713,187.491675,193.615003,11,0.0,0.0,14427.802278277879,0.0
18.390796899795532,187.52014,192.700774,11,0.0,0.0,14359.675764088957,0.0
18.431247234344482,202.659785,194.194626,11,0.0,0.0,14470.994623449304,0.0
18.431276082992554,202.659785,195.464399,11,0.0,0.0,14565.615564484,0.0
18.43135976791382,202.659785,196.543707,11,0.0,0.0,14646.043435155592,0.0
18.43146252632141,202.659785,197.461119,11,0.0,0.0,14714.40714013004,0.0
18.439555168151855,202.659785,198.240919,11,0.0,0.0,14772.516274454725,0.0
18.449679613113403,204.009677,199.106233,11,0.0,0.0,14836.997740803827,0.0
18.459905862808228,204.009677,199.841749,11,0.0,0.0,14891.806920134366,0.0
18.470064640045166,203.227172,200.349563,11,0.0,0.0,14929.648202434897,0.0
18.479980945587158,187.417049,198.409686,11,0.0,0.0,14785.092453311576,0.0
18.48972249031067,187.417049,196.76079,11,0.0,0.0,14662.220025571858,0.0
18.53432273864746,204.394912,197.905908,11,0.0,0.0,14747.551925648306,0.0
18.534334182739258,204.394912,198.879259,11,0.0,0.0,14820.084092875884,0.0
18.534337043762207,204.394912,199.706607,11,0.0,0.0,14881.736408938026,0.0
18.534339666366577,204.394912,200.409853,11,0.0,0.0,14934.140892494446,0.0
18.53959560394287,204.394912,201.007612,11,0.0,0.0,14978.684696065604,0.0
18.549573183059692,225.504432,204.682135,11,0.0,0.0,15252.502791200433,0.0
18.55956482887268,225.504432,207.805479,11,0.0,0.0,15485.248131080141,0.0
18.569908380508423,203.146625,207.106651,11,0.0,0.0,15433.172868035963,0.0
18.57998538017273,187.400415,204.150716,11,0.0,0.0,15212.902511572724,0.0
18.590067625045776,187.400415,201.638171,11,0.0,0.0,15025.672689949472,0.0
18.631837844848633,203.52406,201.921054,12,0.0,0.0,15046.75256459062,0.0
18.631881713867188,203.52406,202.161505,12,0.0,0.0,15064.670491568699,0.0
18.631959199905396,203.52406,202.365888,12,0.0,0.0,15079.900703418763,0.0
18.632052183151245,203.52406,202.539614,12,0.0,0.0,15092.84641702442,0.0
18.644877195358276,203.52406,202.687281,12,0.0,0.0,15103.850266137428,0.0
18.649610996246338,210.765153,203.898962,12,0.0,0.0,15194.142307670727,0.0
18.659666538238525,187.33245,201.413985,12,0.0,0.0,15008.966798198104,0.0
18.66961407661438,187.33245,199.301755,12,0.0,0.0,14851.567648679478,0.0
18.679654359817505,187.56061,197.540583,12,0.0,0.0,14720.32863827056,0.0
18.689598321914673,187.56061,196.043587,12,0.0,0.0,14608.77549432658,0.0
18.732731819152832,191.335681,195.337401,12,0.0,0.0,14556.151927857985,0.0
18.73274302482605,191.335681,194.737143,12,0.0,0.0,14511.421903811479,0.0
18.732747554779053,191.335681,194.226924,12,0.0,0.0,14473.401405727347,0.0
18.732751607894897,191.335681,193.793238,12,0.0,0.0,14441.083993533535,0.0
18.741964101791382,191.335681,193.424604,12,0.0,0.0,14413.614126102593,0.0
18.750357627868652,211.524927,196.139653,12,0.0,0.0,14615.934140258918,0.0
18.76413369178772,218.715159,199.525978,12,0.0,0.0,14868.276297596743,0.0
18.769588232040405,218.715159,202.404356,12,0.0,0.0,15082.767261740386,0.0
18.779694080352783,187.481777,200.165969,12,0.0,0.0,14915.967145231507,0.0
18.78969144821167,187.481777,198.26334,12,0.0,0.0,14774.187042473055,0.0
18.83172297477722,204.148219,199.146072,12,0.0,0.0,14839.966463299801,0.0
18.83173131942749,204.148219,199.896394,12,0.0,0.0,14895.878956098933,0.0
18.831759452819824,204.148219,200.534168,12,0.0,0.0,14943.4045973336,0.0
18.832467317581177,204.148219,201.076275,12,0.0,0.0,14983.80132531687,0.0
18.839670181274414,204.148219,201.537067,12,0.0,0.0,15018.138622346542,0.0
18.853366374969482,208.877238,202.638092,12,0.0,0.0,15100.184800366334,0.0
18.861722707748413,187.303332,200.337878,12,0.0,0.0,14928.777459635996,0.0
18.875896692276,187.303332,198.382696,12,0.0,0.0,14783.08121256341,0.0
18.879611253738403,218.879095,201.457156,12,0.0,0.0,15012.183814661212,0.0
18.889643907546997,218.654841,204.036809,12,0.0,0.0,15204.41439004987,0.0
18.932193756103516,199.574331,203.367437,13,0.0,0.0,15154.534129135298,0.0
18.932210683822632,199.574331,202.798471,13,0.0,0.0,15112.135922261512,0.0
18.932215690612793,199.574331,202.31485,13,0.0,0.0,15076.097453870596,0.0
18.93221926689148,199.574331,201.903772,13,0.0,0.0,15045.464744560615,0.0
18.93998956680298,199.574331,201.554356,13,0.0,0.0,15019.42696400253,0.0
18.94981026649475,176.34039,197.772261,13,0.0,0.0,14737.592818857986,0.0
18.961583137512207,187.48682,196.229445,13,0.0,0.0,14622.62526027595,0.0
18.970377683639526,187.48682,194.918051,13,0.0,0.0,14524.902805674017,0.0
18.989052057266235,187.48576,193.803208,13,0.0,0.0,14441.826937967002,0.0
18.989550352096558,187.48576,192.855591,13,0.0,0.0,14371.212416882936,0.0
19.065221071243286,215.156988,196.2008,13,0.0,0.0,14620.490692242183,0.0
19.065229892730713,215.156988,199.044228,13,0.0,0.0,14832.377252378845,0.0
19.065232515335083,215.156988,201.461142,13,0.0,0.0,15012.480843398605,0.0
19.065234422683716,215.156988,203.515519,13,0.0,0.0,15165.568903217201,0.0
19.06523633003235,215.156988,205.261739,13,0.0,0.0,15295.69372052991,0.0
19.065237522125244,215.156988,206.746027,13,0.0,0.0,15406.299889763708,0.0
19.065239429473877,215.156988,208.007671,13,0.0,0.0,15500.315073998037,0.0
19.069564819335938,215.156988,209.080068,13,0.0,0.0,15580.227950790022,0.0
19.08286428451538,218.140092,210.439072,13,0.0,0.0,15681.498207245244,0.0
19.0895893573761,218.140092,211.594225,13,0.0,0.0,15767.577895424984,0.0
19.131665229797363,174.234668,205.990291,13,0.0,0.0,15349.983956526981,0.0
19.13168978691101,174.234668,201.226948,13,0.0,0.0,14995.029175529875,0.0
19.131694078445435,174.234668,197.178106,13,0.0,0.0,14693.317578149237,0.0
19.131840229034424,174.234668,193.73659,13,0.0,0.0,14436.862698020295,0.0
19.13991379737854,174.234668,190.811302,13,0.0,0.0,14218.876094621493,0.0
19.150147914886475,156.418811,185.652428,13,0.0,0.0,13834.44713561903,0.0
19.15963363647461,218.748775,190.61688,13,0.0,0.0,14204.388156542918,0.0
19.17774510383606,218.725306,194.833144,13,0.0,0.0,14518.575706073987,0.0
19.182589054107666,187.463894,193.727757,13,0.0,0.0,14436.2044805498,0.0
19.197062492370605,249.849166,202.145968,13,0.0,0.0,15063.512705444047,0.0
19.231685876846313,193.114853,200.791301,14,0.0,0.0,14962.565633543281,0.0
19.2316997051239,193.114853,199.639834,14,0.0,0.0,14876.760618701734,0.0
19.23184108734131,193.114853,198.661086,14,0.0,0.0,14803.826277842516,0.0
19.231924057006836,193.114853,197.829151,14,0.0,0.0,14741.83214772658,0.0
19.239545106887817,193.114853,197.122007,14,0.0,0.0,14689.137193016533,0.0
19.24961256980896,174.373735,193.709766,14,0.0,0.0,14434.863827259682,0.0
19.260204315185547,187.484364,192.775956,14,0.0,0.0,14365.278176164873,0.0
19.269933223724365,187.478477,191.981334,14,0.0,0.0,14306.064536083632,0.0
19.28092050552368,187.478477,191.305905,14,0.0,0.0,14255.732919659184,0.0
19.289584159851074,218.776341,195.426471,14,0.0,0.0,14562.78924588094,0.0
19.33204936981201,207.10068,197.177602,14,0.0,0.0,14693.280021078579,0.0
19.33207416534424,207.10068,198.666064,14,0.0,0.0,14804.197228433268,0.0
19.332078218460083,207.10068,199.931256,14,0.0,0.0,14898.476802522155,0.0
19.332364559173584,207.10068,201.00667,14,0.0,0.0,14978.61450011211,0.0
19.33961796760559,207.10068,201.920771,14,0.0,0.0,15046.731475997376,0.0
19.349690198898315,193.680358,200.684709,14,0.0,0.0,14954.62261117096,0.0
19.35965323448181,187.464251,198.70164,14,0.0,0.0,14806.848280706588,0.0
19.369641542434692,187.306793,196.992413,14,0.0,0.0,14679.480107669431,0.0
19.3796968460083,187.306793,195.53957,14,0.0,0.0,14571.217156861943,0.0
19.390546083450317,218.766812,199.023657,14,0.0,0.0,14830.844342655588,0.0
19.432037115097046,214.119669,201.288058,14,0.0,0.0,14999.58297034724,0.0
19.43205451965332,214.119669,203.2128,14,0.0,0.0,15143.010889580839,0.0
19.432077884674072,214.119669,204.84883,14,0.0,0.0,15264.9245687668,0.0
19.43226718902588,214.119669,206.239456,14,0.0,0.0,15368.551233333865,0.0
19.439626216888428,214.119669,207.421488,14,0.0,0.0,15456.633890764073,0.0
19.449610710144043,194.581999,205.495565,14,0.0,0.0,15313.117965775617,0.0
19.46000576019287,218.695326,207.475529,14,0.0,0.0,15460.660917858251,0.0
19.469576120376587,218.695326,209.158499,14,0.0,0.0,15586.07247183929,0.0
19.480085134506226,187.547928,205.916913,14,0.0,0.0,15344.515974918266,0.0
19.490180730819702,218.594972,207.818622,14,0.0,0.0,15486.227521119163,0.0
19.53215265274048,190.932459,205.285697,15,0.0,0.0,15297.47902271015,0.0
19.532174587249756,190.932459,203.132712,15,0.0,0.0,15137.042892209982,0.0
19.532305002212524,190.932459,201.302674,15,0.0,0.0,15000.67212539634,0.0
19.532395124435425,190.932459,199.747141,15,0.0,0.0,14884.75692144215,0.0
19.539647102355957,190.932459,198.424939,15,0.0,0.0,14786.229076324986,0.0
19.549976348876953,179.183879,195.53878,15,0.0,0.0,14571.158287644048,0.0
19.55966353416443,187.388597,194.316253,15,0.0,0.0,14480.058023911612,0.0
19.57005786895752,187.466331,193.288764,15,0.0,0.0,14403.491601344112,0.0
19.579994201660156,187.466331,192.415399,15,0.0,0.0,14338.410190598439,0.0
19.59016489982605,203.130647,194.022687,15,0.0,0.0,14458.182073504893,0.0
19.642675161361694,207.435267,196.034574,15,0.0,0.0,14608.103863616569,0.0
19.642688751220703,207.435267,197.744678,15,0.0,0.0,14735.537388937395,0.0
19.642691612243652,207.435267,199.198266,15,0.0,0.0,14843.855855652895,0.0
19.642693996429443,207.435267,200.433816,15,0.0,0.0,14935.926567264674,0.0
19.642723321914673,207.435267,201.484034,15,0.0,0.0,15014.186709393683,0.0
19.649617433547974,210.494149,202.835551,15,0.0,0.0,15114.89904960283,0.0
19.659600973129272,210.494149,203.984341,15,0.0,0.0,15200.504579765502,0.0
19.66968274116516,203.124248,203.855327,15,0.0,0.0,15190.890714856854,0.0
19.6796133518219,203.124248,203.745665,15,0.0,0.0,15182.718922232702,0.0
19.690122365951538,187.526216,201.312748,15,0.0,0.0,15001.42281970153,0.0
19.73165798187256,193.079081,200.077698,15,0.0,0.0,14909.389367088423,0.0
19.731683492660522,193.079081,199.027905,15,0.0,0.0,14831.160895108287,0.0
19.731809854507446,193.079081,198.135582,15,0.0,0.0,14764.666772169065,0.0
19.731895923614502,193.079081,197.377107,15,0.0,0.0,14708.146734137625,0.0
19.747257471084595,193.079081,196.732403,15,0.0,0.0,14660.104683181406,0.0
19.749694108963013,209.272035,198.613347,15,0.0,0.0,14800.268863167566,0.0
19.75961971282959,218.716799,201.628865,15,0.0,0.0,15024.979225466235,0.0
19.77009654045105,218.734207,204.194667,15,0.0,0.0,15216.177652073757,0.0
19.77961254119873,218.734207,206.375598,15,0.0,0.0,15378.696262527545,0.0
19.789612770080566,203.135157,205.889532,15,0.0,0.0,15342.475597633134,0.0
19.835999011993408,193.398147,204.015824,16,0.0,0.0,15202.850629875717,0.0
19.83601140975952,193.398147,202.423172,16,0.0,0.0,15084.169392378313,0.0
19.836013793945312,193.398147,201.069418,16,0.0,0.0,14983.290355409115,0.0
19.836016178131104,193.398147,199.918728,16,0.0,0.0,14897.543241051499,0.0
19.841267347335815,193.398147,198.94064,16,0.0,0.0,14824.658082070526,0.0
19.859036922454834,191.058315,197.758292,16,0.0,0.0,14736.551876953163,0.0
19.85959506034851,191.058315,196.753295,16,0.0,0.0,14661.661513181805,0.0
19.86960220336914,203.176739,197.716812,16,0.0,0.0,14733.460870423554,0.0
19.879650831222534,203.176739,198.535801,16,0.0,0.0,14794.490290545942,0.0
19.889612913131714,203.124807,199.224152,16,0.0,0.0,14845.784828532005,0.0
19.931939840316772,192.087948,198.153721,16,0.0,0.0,14766.018454122788,0.0
19.93195152282715,192.087948,197.243855,16,0.0,0.0,14698.217061956253,0.0
19.931976556777954,192.087948,196.470469,16,0.0,0.0,14640.585886066503,0.0
19.936625480651855,192.087948,195.813091,16,0.0,0.0,14591.59939401201,0.0
19.94092321395874,192.087948,195.25432,16,0.0,0.0,14549.960898121093,0.0
19.951664209365845,194.15642,195.089635,16,0.0,0.0,14537.688901729376,0.0
19.968554496765137,194.15642,194.949652,16,0.0,0.0,14527.257648907917,0.0
19.96955680847168,218.792139,198.526026,16,0.0,0.0,14793.761877121957,0.0
19.979591608047485,187.490982,196.870769,16,0.0,0.0,14670.415440401166,0.0
19.990140199661255,187.490982,195.463801,16,0.0,0.0,14565.57100272159,0.0
20.064200401306152,221.925737,199.433091,16,0.0,0.0,14861.354544377946,0.0
20.064236402511597,221.925737,202.806988,16,0.0,0.0,15112.770592044842,0.0
20.064274072647095,221.925737,205.674801,16,0.0,0.0,15326.474273546608,0.0
20.064366102218628,221.925737,208.112441,16,0.0,0.0,15508.122324579208,0.0
20.06444764137268,221.925737,210.184436,16,0.0,0.0,15662.52324247492,0.0
20.064539670944214,221.925737,211.945631,16,0.0,0.0,15793.763966797773,0.0
20.064620971679688,221.925737,213.442647,16,0.0,0.0,15905.318601101697,0.0
20.07326316833496,221.925737,214.71511,16,0.0,0.0,16000.13999554924,0.0
20.07967472076416,241.706486,218.763817,16,0.0,0.0,16301.841533000234,0.0
20.08963656425476,241.706486,222.205217,16,0.0,0.0,16558.28776904149,0.0
20.13164734840393,180.286277,215.917376,17,0.0,0.0,16089.730450137591,0.0
20.13166570663452,180.286277,210.572711,17,0.0,0.0,15691.456717891586,0.0
20.13169574737549,180.286277,206.029746,17,0.0,0.0,15352.924064111976,0.0
20.131849765777588,180.286277,202.168226,17,0.0,0.0,15065.17132702881,0.0
20.139591693878174,180.286277,198.885934,17,0.0,0.0,14820.581500508117,0.0
20.149675846099854,138.8926,189.886934,17,0.0,0.0,14149.994042457552,0.0
20.162656545639038,187.281517,189.496121,17,0.0,0.0,14120.87144036364,0.0
20.172594785690308,187.281517,189.163931,17,0.0,0.0,14096.117306827711,0.0
20.1874418258667,187.602656,188.929739,17,0.0,0.0,14078.66578799498,0.0
20.189541816711426,187.602656,188.730677,17,0.0,0.0,14063.83208640875,0.0
20.231878995895386,197.736002,190.081476,17,0.0,0.0,14164.490922695812,0.0
20.231893301010132,197.736002,191.229655,17,0.0,0.0,14250.050922362112,0.0
20.231897592544556,197.736002,192.205607,17,0.0,0.0,14322.776910900764,0.0
20.232285499572754,197.736002,193.035166,17,0.0,0.0,14384.593986255026,0.0
20.239621877670288,197.736002,193.740291,17,0.0,0.0,14437.138489128447,0.0
20.251155376434326,210.207025,196.210301,17,0.0,0.0,14621.198687734899,0.0
20.259618282318115,187.402832,194.889181,17,0.0,0.0,14522.751471090854,0.0
20.274957180023193,218.695742,198.460165,17,0.0,0.0,14788.854047299237,0.0
20.27976107597351,218.695742,201.495502,17,0.0,0.0,15015.041281787158,0.0
20.299060344696045,203.175042,201.747433,17,0.0,0.0,15033.814675374688,0.0
20.331701040267944,185.467359,199.305422,17,0.0,0.0,14851.840906175716,0.0
20.331729412078857,185.467359,197.229712,17,0.0,0.0,14697.163153919895,0.0
20.331836700439453,185.467359,195.465359,17,0.0,0.0,14565.687101761445,0.0
20.331908702850342,185.467359,193.965659,17,0.0,0.0,14453.932461152663,0.0
20.339557886123657,185.467359,192.690914,17,0.0,0.0,14358.941016635195,0.0
20.349570989608765,209.781736,195.254538,17,0.0,0.0,14549.977143044513,0.0
20.35958480834961,218.738647,198.777154,17,0.0,0.0,14812.47543275762,0.0
20.370176315307617,218.738647,201.771378,17,0.0,0.0,15035.59900882096,0.0
20.38356590270996,218.729549,204.315104,17,0.0,0.0,15225.152376119227,0.0
20.389534950256348,218.729549,206.47727,17,0.0,0.0,15386.272656352963,0.0
20.431864738464355,197.841093,205.181844,18,0.0,0.0,15289.740105132538,0.0
20.43188214302063,197.841093,204.080731,18,0.0,0.0,15207.687369528976,0.0
20.431886672973633,197.841093,203.144785,18,0.0,0.0,15137.942547991854,0.0
20.432197332382202,197.841093,202.349232,18,0.0,0.0,15078.659531655092,0.0
20.4397611618042,197.841093,201.673011,18,0.0,0.0,15028.268896976748,0.0
20.4496853351593,174.742081,197.633371,18,0.0,0.0,14727.243014207623,0.0
20.45962953567505,174.742081,194.199678,18,0.0,0.0,14471.37108837186,0.0
20.47005343437195,203.21043,195.55129,18,0.0,0.0,14572.090507790754,0.0
20.480589389801025,218.670207,199.019128,18,0.0,0.0,14830.506850645643,0.0
20.491159677505493,187.452443,197.284125,18,0.0,0.0,14701.217901709082,0.0
20.53217363357544,198.350425,197.44407,18,0.0,0.0,14713.136682793416,0.0
20.532188415527344,198.350425,197.580023,18,0.0,0.0,14723.2676280856,0.0
20.5322163105011,198.350425,197.695584,18,0.0,0.0,14731.87900237605,0.0
20.532409191131592,198.350425,197.79381,18,0.0,0.0,14739.198607182638,0.0
20.540030002593994,198.350425,197.877302,18,0.0,0.0,14745.420263816433,0.0
20.549604415893555,214.774578,200.411894,18,0.0,0.0,14934.292983727013,0.0
20.56006407737732,214.774578,202.566296,18,0.0,0.0,15094.834706229407,0.0
20.569732189178467,203.185956,202.659245,18,0.0,0.0,15101.761079564041,0.0
20.579590559005737,203.185956,202.738252,18,0.0,0.0,15107.648522979774,0.0
20.58985447883606,187.514936,200.454754,18,0.0,0.0,14937.486825092948,0.0
20.631532192230225,208.558164,201.670266,18,0.0,0.0,15028.064345074054,0.0
20.631564617156982,208.558164,202.703451,18,0.0,0.0,15105.055222154395,0.0
20.63162851333618,208.558164,203.581658,18,0.0,0.0,15170.497449043181,0.0
20.631711721420288,208.558164,204.328133,18,0.0,0.0,15226.123271106557,0.0
20.639524698257446,208.558164,204.962638,18,0.0,0.0,15273.405313007917,0.0
20.649561405181885,207.825961,205.392136,18,0.0,0.0,15305.410643828878,0.0
20.659541368484497,207.825961,205.75721,18,0.0,0.0,15332.61522718929,0.0
20.669567108154297,203.121049,205.361786,18,0.0,0.0,15303.14902260965,0.0
20.68008279800415,218.715159,207.364792,18,0.0,0.0,15452.409018386963,0.0
20.689597845077515,218.715159,209.067347,18,0.0,0.0,15579.280007345877,0.0
20.731688976287842,185.818312,205.579992,19,0.0,0.0,15319.409296736929,0.0
20.731765508651733,185.818312,202.61574,19,0.0,0.0,15098.519174089819,0.0
20.73185396194458,185.818312,200.096126,19,0.0,0.0,14910.762584743381,0.0
20.731940269470215,185.818312,197.954453,19,0.0,0.0,14751.16940182911,0.0
20.73957657814026,185.818312,196.134032,19,0.0,0.0,14615.515274595875,0.0
20.749589920043945,174.874453,192.945095,19,0.0,0.0,14377.882075716738,0.0
20.75958013534546,156.184356,187.430984,19,0.0,0.0,13966.981566893679,0.0
20.769566774368286,156.184356,182.74399,19,0.0,0.0,13617.716160475384,0.0
20.779611349105835,218.819486,188.155314,19,0.0,0.0,14020.95718790599,0.0
20.790775299072266,218.688855,192.735346,19,0.0,0.0,14362.252000292949,0.0
20.840421438217163,207.452667,194.942944,19,0.0,0.0,14526.75778218177,0.0
20.840433835983276,207.452667,196.819402,19,0.0,0.0,14666.58767443187,0.0
20.840436697006226,207.452667,198.414392,19,0.0,0.0,14785.443135007054,0.0
20.840439319610596,207.452667,199.770133,19,0.0,0.0,14886.470239236962,0.0
20.840463876724243,207.452667,200.922513,19,0.0,0.0,14972.343289010083,0.0
20.849597215652466,192.875572,199.715472,19,0.0,0.0,14882.397010984432,0.0
20.859620571136475,187.470848,197.878779,19,0.0,0.0,14745.530326898506,0.0
20.869521617889404,187.470848,196.317589,19,0.0,0.0,14629.193574633367,0.0
20.879578113555908,203.16225,197.344288,19,0.0,0.0,14705.70112798297,0.0
20.889617681503296,218.703416,200.548157,19,0.0,0.0,14944.447029598372,0.0
20.938024759292603,199.965152,200.460707,19,0.0,0.0,14937.930430731107,0.0
20.938034534454346,199.965152,200.386373,19,0.0,0.0,14932.391209916934,0.0
20.938037395477295,199.965152,200.32319,19,0.0,0.0,14927.682939291088,0.0
20.93803906440735,199.965152,200.269484,19,0.0,0.0,14923.680875726019,0.0
20.942752838134766,199.965152,200.223835,19,0.0,0.0,14920.279203665506,0.0
20.96195149421692,193.058726,199.149068,19,0.0,0.0,14840.189719219828,0.0
20.961963891983032,193.058726,198.235517,19,0.0,0.0,14772.113728233102,0.0
20.969578504562378,218.763979,201.314786,19,0.0,0.0,15001.574687380109,0.0
20.97958278656006,218.763979,203.932165,19,0.0,0.0,15196.61652873636,0.0
20.990137100219727,218.734404,206.152501,19,0.0,0.0,15362.071520875283,0.0
21.064398050308228,194.811501,204.451351,20,0.0,0.0,15235.30522970263,0.0
21.064407348632812,194.811501,203.005374,20,0.0,0.0,15127.553919464872,0.0
21.06441068649292,194.811501,201.776293,20,0.0,0.0,15035.96526477788,0.0
21.06441307067871,194.811501,200.731574,20,0.0,0.0,14958.114897116235,0.0
21.064414978027344,194.811501,199.843563,20,0.0,0.0,14891.94209578154,0.0
21.064417362213135,194.811501,199.088754,20,0.0,0.0,14835.695240728342,0.0
21.064419507980347,194.811501,198.447166,20,0.0,0.0,14787.885387851831,0.0
21.069485425949097,194.811501,197.901816,20,0.0,0.0,14747.246998003195,0.0
21.079536199569702,173.590473,194.255115,20,0.0,0.0,14475.50214259032,0.0
21.090000867843628,187.417068,193.229408,20,0.0,0.0,14399.068511094081,0.0
21.15083885192871,215.418962,196.557841,20,0.0,0.0,14647.096672529977,0.0
21.15084934234619,215.418962,199.387009,20,0.0,0.0,14857.920606024587,0.0
21.15085220336914,215.418962,201.791802,20,0.0,0.0,15037.120964398604,0.0
21.15085458755493,215.418962,203.835876,20,0.0,0.0,15189.441265290621,0.0
21.150856256484985,215.418962,205.573339,20,0.0,0.0,15318.913528500634,0.0
21.150858640670776,215.418962,207.050182,20,0.0,0.0,15428.964911244246,0.0
21.162025451660156,210.889608,207.626096,20,0.0,0.0,15471.88086916354,0.0
21.17806077003479,218.628945,209.276523,20,0.0,0.0,15594.867383957187,0.0
21.17959499359131,218.628945,210.679387,20,0.0,0.0,15699.405999775681,0.0
21.189698219299316,187.425377,207.191285,20,0.0,0.0,15439.47962422272,0.0
21.244654178619385,187.702555,204.267976,20,0.0,0.0,15221.640491940654,0.0
21.244747638702393,187.702555,201.783163,20,0.0,0.0,15036.477203419596,0.0
21.244962215423584,187.702555,199.671071,20,0.0,0.0,14879.0883373846,0.0
21.24512815475464,187.702555,197.875794,20,0.0,0.0,14745.30789067645,0.0
21.24521279335022,187.702555,196.349808,20,0.0,0.0,14631.594469989623,0.0
21.250079870224,187.702555,195.05272,20,0.0,0.0,14534.938069857617,0.0
21.267457485198975,186.860054,193.82382,20,0.0,0.0,14443.362902928146,0.0
21.27252173423767,218.58001,197.537249,20,0.0,0.0,14720.080195267434,0.0
21.288326740264893,218.58001,200.693663,20,0.0,0.0,14955.28984531913,0.0
21.289589643478394,218.852335,203.417464,20,0.0,0.0,15158.262040988158,0.0
21.346138954162598,189.524505,201.33352,21,0.0,0.0,15002.97070754225,0.0
21.34615683555603,189.524505,199.562168,21,0.0,0.0,14870.973103920427,0.0
21.346161127090454,189.524505,198.056518,21,0.0,0.0,14758.775081227483,0.0
21.34717059135437,189.524505,196.776716,21,0.0,0.0,14663.406799197473,0.0
21.34717845916748,189.524505,195.688885,21,0.0,0.0,14582.343811634566,0.0
21.35155463218689,189.524505,194.764228,21,0.0,0.0,14513.440223769396,0.0
21.360159397125244,179.276909,192.44113,21,0.0,0.0,14340.327613187957,0.0
21.373977661132812,218.699787,196.379928,21,0.0,0.0,14633.838952069464,0.0
21.379640579223633,187.45383,195.041014,21,0.0,0.0,14534.065762180773,0.0
21.400867223739624,218.474896,198.556096,21,0.0,0.0,14796.002633301929,0.0
21.443281173706055,192.441201,197.638862,21,0.0,0.0,14727.652192531006,0.0
21.443385124206543,192.441201,196.859213,21,0.0,0.0,14669.554310423922,0.0
21.44352436065674,192.441201,196.196511,21,0.0,0.0,14620.171084551597,0.0
21.44371771812439,192.441201,195.633214,21,0.0,0.0,14578.195320204726,0.0
21.443888425827026,192.441201,195.154412,21,0.0,0.0,14542.515954042983,0.0
21.449687480926514,192.441201,194.747431,21,0.0,0.0,14512.188544968098,0.0
21.460195541381836,190.652337,194.133167,21,0.0,0.0,14466.414821850865,0.0
21.469686031341553,190.652337,193.611042,21,0.0,0.0,14427.50711249042,0.0
21.484911680221558,203.109198,195.035766,21,0.0,0.0,14533.67469173074,0.0
21.491137504577637,218.720845,198.588527,21,0.0,0.0,14798.41932647362,0.0
21.546272039413452,215.453318,201.118246,21,0.0,0.0,14986.928920183169,0.0
21.546419858932495,215.453318,203.268507,21,0.0,0.0,15147.162063658585,0.0
21.546552419662476,215.453318,205.096228,21,0.0,0.0,15283.36017227239,0.0
21.546786069869995,215.453318,206.649792,21,0.0,0.0,15399.128650289822,0.0
21.54687762260437,215.453318,207.970321,21,0.0,0.0,15497.531826797442,0.0
21.54977297782898,215.453318,209.09277,21,0.0,0.0,15581.174478392217,0.0
21.55973720550537,185.99141,205.627566,21,0.0,0.0,15322.954415942319,0.0
21.569917917251587,218.722441,207.591797,21,0.0,0.0,15469.324976372825,0.0
21.580052852630615,218.722441,209.261394,21,0.0,0.0,15593.740001175449,0.0
21.596492767333984,203.167706,208.347341,21,0.0,0.0,15525.62660215406,0.0
21.64330792427063,194.389166,206.253615,22,0.0,0.0,15369.606333658185,0.0
21.643320322036743,194.389166,204.473947,22,0.0,0.0,15236.989038370495,0.0
21.643325805664062,194.389166,202.96123,22,0.0,0.0,15124.264396990353,0.0
21.64332938194275,194.389166,201.675421,22,0.0,0.0,15028.448485350336,0.0
21.643354654312134,194.389166,200.582482,22,0.0,0.0,14947.004859857021,0.0
21.649686813354492,194.389166,199.653485,22,0.0,0.0,14877.777863883402,0.0
21.659703969955444,202.878388,200.13722,22,0.0,0.0,14913.824827326018,0.0
21.66968035697937,202.878388,200.548396,22,0.0,0.0,14944.464839399736,0.0
21.679707527160645,171.803573,196.236672,22,0.0,0.0,14623.163801842715,0.0
21.691588163375854,171.803573,192.571707,22,0.0,0.0,14350.057949726448,0.0
21.744976043701172,215.316438,195.983417,22,0.0,0.0,14604.291746426716,0.0
21.74510431289673,215.316438,198.88337,22,0.0,0.0,14820.390436362943,0.0
21.745248794555664,215.316438,201.34833,22,0.0,0.0,15004.074319082836,0.0
21.745386362075806,215.316438,203.443546,22,0.0,0.0,15160.205619394746,0.0
21.745548248291016,215.316438,205.22448,22,0.0,0.0,15292.917254467067,0.0
21.749557733535767,215.316438,206.738274,22,0.0,0.0,15405.72215173034,0.0
21.759689807891846,212.889161,207.660907,22,0.0,0.0,15474.474915168897,0.0
21.769996881484985,218.741907,209.323057,22,0.0,0.0,15598.335004445345,0.0
21.779651641845703,218.741907,210.735884,22,0.0,0.0,15703.616043071324,0.0
21.789676427841187,187.517364,207.253106,22,0.0,0.0,15444.086401336195,0.0
21.852460861206055,179.493409,203.089152,22,0.0,0.0,15133.796888245912,0.0
21.852471590042114,179.493409,199.54979,22,0.0,0.0,14870.05072014937,0.0
21.852474689483643,179.493409,196.541333,22,0.0,0.0,14645.86652942991,0.0
21.852476835250854,179.493409,193.984145,22,0.0,0.0,14455.310000851467,0.0
21.852478742599487,179.493409,191.810534,22,0.0,0.0,14293.336862138192,0.0
21.8524808883667,179.493409,189.962966,22,0.0,0.0,14155.659794831205,0.0
21.859618186950684,196.908071,191.004731,22,0.0,0.0,14233.290036328708,0.0
21.869659423828125,218.66942,195.154435,22,0.0,0.0,14542.517667956923,0.0
21.87970519065857,187.334509,193.981446,22,0.0,0.0,14455.10887677665,0.0
21.890023946762085,187.334509,192.984405,22,0.0,0.0,14380.811378192118,0.0
21.948317527770996,225.626786,197.880762,23,0.0,0.0,14745.678096087227,0.0
21.94832944869995,225.626786,202.042666,23,0.0,0.0,15055.814847282967,0.0
21.94833278656006,225.626786,205.580284,23,0.0,0.0,15319.43105599215,0.0
21.948335647583008,225.626786,208.587259,23,0.0,0.0,15543.504811039555,0.0
21.94833779335022,225.626786,211.143188,23,0.0,0.0,15733.967521459354,0.0
21.949618816375732,225.626786,213.315728,23,0.0,0.0,15895.860851397474,0.0
21.966853141784668,211.109746,212.984831,23,0.0,0.0,15871.203069632105,0.0
21.96962285041809,218.664568,213.836791,23,0.0,0.0,15934.689422644748,0.0
21.979660511016846,218.664568,214.560958,23,0.0,0.0,15988.65289722349,0.0
21.989710569381714,171.813748,208.148876,23,0.0,0.0,15510.837387812244,0.0
22.095657110214233,177.030978,203.481192,23,0.0,0.0,15163.010923922555,0.0
22.095672369003296,177.030978,199.513659,23,0.0,0.0,14867.358310387524,0.0
22.09567618370056,177.030978,196.141257,23,0.0,0.0,14616.053667126647,0.0
22.09577488899231,177.030978,193.274715,23,0.0,0.0,14402.444697999503,0.0
22.095865964889526,177.030978,190.838155,23,0.0,0.0,14220.877126404026,0.0
22.09597659111023,177.030978,188.767078,23,0.0,0.0,14066.544616029874,0.0
22.09604549407959,177.030978,187.006663,23,0.0,0.0,13935.362015744944,0.0
22.09614109992981,177.030978,185.51031,23,0.0,0.0,13823.856786873255,0.0
22.096227645874023,177.030978,184.23841,23,0.0,0.0,13729.077346058215,0.0
22.09634518623352,177.030978,183.157295,23,0.0,0.0,13648.514821365437,0.0
22.140051126480103,211.045481,187.340523,23,0.0,0.0,13960.240594336427,0.0
22.14006209373474,211.045481,190.896267,23,0.0,0.0,14225.207516265371,0.0
22.140065908432007,211.045481,193.918649,23,0.0,0.0,14450.429370097772,0.0
22.140068769454956,211.045481,196.487674,23,0.0,0.0,14641.86796821071,0.0
22.140071392059326,211.045481,198.671345,23,0.0,0.0,14804.590757977212,0.0
22.149619579315186,252.879295,206.802537,23,0.0,0.0,15410.510901793314,0.0
22.170028924942017,249.952309,213.275003,23,0.0,0.0,15892.826105955855,0.0
22.176921367645264,249.952309,218.776599,23,0.0,0.0,16302.794022042217,0.0
22.183993577957153,203.101308,216.425305,23,0.0,0.0,16127.580302007822,0.0
22.203939199447632,203.101308,214.426706,23,0.0,0.0,15978.648707044777,0.0
22.232322216033936,197.332123,211.862518,24,0.0,0.0,15787.570552484964,0.0
22.232333183288574,197.332123,209.682959,24,0.0,0.0,15625.154180723524,0.0
22.23233675956726,197.332123,207.830334,24,0.0,0.0,15487.100275903993,0.0
22.23233938217163,197.332123,206.255602,24,0.0,0.0,15369.754400918899,0.0
22.239519119262695,197.332123,204.91708,24,0.0,0.0,15270.010422085164,0.0
22.25947070121765,176.182793,200.606937,24,0.0,0.0,14948.827197481938,0.0
22.266451835632324,156.233221,193.95088,24,0.0,0.0,14452.831159669995,0.0
22.273500442504883,187.409781,192.969715,24,0.0,0.0,14379.716708811211,0.0
22.294505834579468,187.409781,192.135725,24,0.0,0.0,14317.569444210747,0.0
22.29454517364502,203.200255,193.795404,24,0.0,0.0,14441.245399515768,0.0
22.33196234703064,199.341981,194.627391,24,0.0,0.0,14503.243404567564,0.0
22.33197593688965,199.341981,195.334579,24,0.0,0.0,14555.941638069497,0.0
22.331993579864502,199.341981,195.93569,24,0.0,0.0,14600.735225967732,0.0
22.33220338821411,199.341981,196.446633,24,0.0,0.0,14638.809675081939,0.0
22.34030818939209,199.341981,196.880936,24,0.0,0.0,14671.173064880108,0.0
22.349575519561768,194.47579,196.520164,24,0.0,0.0,14644.289057944246,0.0
22.371705055236816,194.47579,196.213508,24,0.0,0.0,14621.437666952363,0.0
22.371718168258667,203.112773,197.248397,24,0.0,0.0,14698.555522700168,0.0
22.379570484161377,203.112773,198.128054,24,0.0,0.0,14764.105800685096,0.0
22.40871787071228,203.131399,198.878555,24,0.0,0.0,14820.031632205757,0.0
22.43167757987976,200.356541,199.100253,24,0.0,0.0,14836.552123179743,0.0
22.431690216064453,200.356541,199.288696,24,0.0,0.0,14850.59451815223,0.0
22.43181347846985,200.356541,199.448873,24,0.0,0.0,14862.530587411944,0.0
22.431917428970337,200.356541,199.585023,24,0.0,0.0,14872.676212749604,0.0
22.43950915336609,200.356541,199.700751,24,0.0,0.0,14881.300031545608,0.0
22.449580669403076,209.635355,201.190942,24,0.0,0.0,14992.3460805177,0.0
22.459572792053223,209.635355,202.457604,24,0.0,0.0,15086.735196062677,0.0
22.480626583099365,203.152649,202.56186,24,0.0,0.0,15094.504144393215,0.0
22.480639457702637,218.662535,204.976962,24,0.0,0.0,15274.472708801797,0.0
22.49469566345215,187.493063,202.354377,24,0.0,0.0,15079.0429267514,0.0
22.53216552734375,212.786265,203.91916,25,0.0,0.0,15195.647422180973,0.0
22.532180547714233,212.786265,205.249226,25,0.0,0.0,15294.76127682921,0.0
22.532267332077026,212.786265,206.379782,25,0.0,0.0,15379.00804582841,0.0
22.532338619232178,212.786265,207.340754,25,0.0,0.0,15450.617754766936,0.0
22.539514780044556,212.786265,208.157581,25,0.0,0.0,15511.486066979076,0.0
22.550012826919556,197.484538,206.556624,25,0.0,0.0,15392.185957513775,0.0
22.560394287109375,197.484538,205.195811,25,0.0,0.0,15290.780898001365,0.0
22.569666624069214,187.499128,202.541309,25,0.0,0.0,15092.97272502991,0.0
22.59188747406006,187.499128,200.284982,25,0.0,0.0,14924.835755648772,0.0
22.591899871826172,187.512329,198.369084,25,0.0,0.0,14782.066873583633,0.0
22.63204073905945,183.944236,196.205357,25,0.0,0.0,14620.830270756054,0.0
22.632068634033203,183.944236,194.366189,25,0.0,0.0,14483.779154626714,0.0
22.632153749465942,183.944236,192.802896,25,0.0,0.0,14367.285691013176,0.0
22.632269620895386,183.944236,191.474097,25,0.0,0.0,14268.266250667568,0.0
22.63951587677002,183.944236,190.344618,25,0.0,0.0,14184.0997375515,0.0
22.649600744247437,196.10153,191.208154,25,0.0,0.0,14248.448710901332,0.0
22.659518241882324,196.10153,191.942161,25,0.0,0.0,14303.145442573888,0.0
22.66963243484497,203.170896,193.626471,25,0.0,0.0,14428.65685067136,0.0
22.67987084388733,203.170896,195.058135,25,0.0,0.0,14535.341584813208,0.0
22.69569182395935,218.697152,198.603987,25,0.0,0.0,14799.571374712476,0.0
22.73256802558899,199.570135,198.74891,25,0.0,0.0,14810.370746440787,0.0
22.732579469680786,199.570135,198.872093,25,0.0,0.0,14819.550096906954,0.0
22.73258328437805,199.570135,198.9768,25,0.0,0.0,14827.352652854292,0.0
22.73258638381958,199.570135,199.0658,25,0.0,0.0,14833.984754617431,0.0
22.73956847190857,199.570135,199.14145,25,0.0,0.0,14839.622041116101,0.0
22.74956464767456,193.963484,198.364755,25,0.0,0.0,14781.744285173158,0.0
22.759532928466797,193.963484,197.704564,25,0.0,0.0,14732.548173992152,0.0
22.769572019577026,203.152649,198.521777,25,0.0,0.0,14793.445250151264,0.0
22.781498432159424,203.152649,199.216408,25,0.0,0.0,14845.207761160615,0.0
22.7896249294281,218.746566,202.145932,25,0.0,0.0,15063.510022796143,0.0
22.84495520591736,215.003661,204.074591,26,0.0,0.0,15207.229829025317,0.0
22.844969272613525,215.003661,205.713952,26,0.0,0.0,15329.391727660413,0.0
22.84497332572937,215.003661,207.107408,26,0.0,0.0,15433.229278159948,0.0
22.844976663589478,215.003661,208.291846,26,0.0,0.0,15521.491225891752,0.0
22.845006227493286,215.003661,209.298618,26,0.0,0.0,15596.513859108385,0.0
22.84951138496399,192.596819,206.793348,26,0.0,0.0,15409.82615591577,0.0
22.860249996185303,187.470136,203.894867,26,0.0,0.0,15193.837156471625,0.0
22.869555473327637,187.425367,201.424442,26,0.0,0.0,15009.746032896273,0.0
22.879576921463013,187.425367,199.324581,26,0.0,0.0,14853.268596486729,0.0
22.892093420028687,171.939641,195.21684,26,0.0,0.0,14547.167963580838,0.0
22.934296131134033,207.836194,197.109743,26,0.0,0.0,14688.223304297175,0.0
22.93431067466736,207.836194,198.71871,26,0.0,0.0,14808.12030292116,0.0
22.934314966201782,207.836194,200.086333,26,0.0,0.0,14910.032829995442,0.0
22.93431854248047,207.836194,201.248812,26,0.0,0.0,14996.658437023687,0.0
22.9559428691864,207.836194,202.236919,26,0.0,0.0,15070.290191819995,0.0
22.95599102973938,209.383052,203.308839,26,0.0,0.0,15150.167523527247,0.0
22.95955729484558,209.383052,204.219971,26,0.0,0.0,15218.063255478412,0.0
22.969594955444336,203.181251,204.064163,26,0.0,0.0,15206.452755349073,0.0
22.979565382003784,203.181251,203.931726,26,0.0,0.0,15196.58381533553,0.0
22.989580392837524,187.494441,201.466133,26,0.0,0.0,15012.852762723322,0.0
23.064303159713745,196.737355,200.756817,26,0.0,0.0,14959.995954923057,0.0
23.064329385757446,196.737355,200.153897,26,0.0,0.0,14915.067563967634,0.0
23.064414024353027,196.737355,199.641416,26,0.0,0.0,14876.87850617352,0.0
23.064523696899414,196.737355,199.205807,26,0.0,0.0,14844.417795870826,0.0
23.064591646194458,196.737355,198.835539,26,0.0,0.0,14816.826166032239,0.0
23.064689874649048,196.737355,198.520811,26,0.0,0.0,14793.37326576584,0.0
23.064772844314575,196.737355,198.253293,26,0.0,0.0,14773.438360153796,0.0
23.069468021392822,196.737355,198.025902,26,0.0,0.0,14756.493638220958,0.0
23.07956027984619,203.730531,198.881596,26,0.0,0.0,14820.258241435664,0.0
23.089943647384644,218.671847,201.850134,26,0.0,0.0,15041.467748219362,0.0
23.140786170959473,200.440892,201.638748,27,0.0,0.0,15025.715686833933,0.0
23.140799522399902,200.440892,201.459069,27,0.0,0.0,15012.326367590122,0.0
23.14080309867859,200.440892,201.306343,27,0.0,0.0,15000.945531928577,0.0
23.140806436538696,200.440892,201.176525,27,0.0,0.0,14991.271754550067,0.0
23.141945600509644,200.440892,201.06618,27,0.0,0.0,14983.049066133734,0.0
23.156259298324585,191.972581,199.70214,27,0.0,0.0,14881.403537043916,0.0
23.178361654281616,191.972581,198.542706,27,0.0,0.0,14795.004837317567,0.0
23.178409337997437,171.877381,194.542907,27,0.0,0.0,14496.94782608041,0.0
23.17951536178589,171.877381,191.143078,27,0.0,0.0,14243.59937770652,0.0
23.189557313919067,203.139484,192.942539,27,0.0,0.0,14377.69160771554,0.0
23.231663942337036,208.047956,195.208352,27,0.0,0.0,14546.535454819428,0.0
23.231683492660522,208.047956,197.134292,27,0.0,0.0,14690.052646613838,0.0
23.231722354888916,208.047956,198.771342,27,0.0,0.0,14812.042334157088,0.0
23.231873273849487,208.047956,200.162834,27,0.0,0.0,14915.733531309848,0.0
23.24024987220764,208.047956,201.345602,27,0.0,0.0,15003.871033986097,0.0
23.25296640396118,191.564454,199.87843,27,0.0,0.0,14894.540314794747,0.0
23.26016330718994,218.688046,202.699872,27,0.0,0.0,15104.788522241917,0.0
23.282389163970947,156.162674,195.719293,27,0.0,0.0,14584.60975489764,0.0
23.289574146270752,156.162674,189.7858,27,0.0,0.0,14142.457739314706,0.0
23.28958773612976,218.83875,194.143742,27,0.0,0.0,14467.202849672723,0.0
23.3322114944458,208.067834,196.232356,27,0.0,0.0,14622.842182166203,0.0
23.332220792770386,208.067834,198.007678,27,0.0,0.0,14755.13562223746,0.0
23.33222460746765,208.067834,199.516701,27,0.0,0.0,14867.584994135432,0.0
23.33222770690918,208.067834,200.799371,27,0.0,0.0,14963.166993781804,0.0
23.340103149414062,208.067834,201.88964,27,0.0,0.0,15044.411656222223,0.0
23.350780963897705,208.94318,202.947671,27,0.0,0.0,15123.25400746444,0.0
23.362680673599243,208.94318,203.846998,27,0.0,0.0,15190.270054457022,0.0
23.369507312774658,203.140053,203.740956,27,0.0,0.0,15182.368016983237,0.0
23.39815855026245,187.453137,201.297783,27,0.0,0.0,15000.30765787136,0.0
23.39817214012146,187.453137,199.221086,27,0.0,0.0,14845.556356352165,0.0
23.431868076324463,215.287119,201.630991,28,0.0,0.0,15025.137650728575,0.0
23.431880235671997,215.287119,203.67941,28,0.0,0.0,15177.781732319032,0.0
23.43201231956482,215.287119,205.420567,28,0.0,0.0,15307.529265011215,0.0
23.432067155838013,215.287119,206.90055,28,0.0,0.0,15417.81463426647,0.0
23.439784049987793,215.287119,208.158535,28,0.0,0.0,15511.55715714854,0.0
23.44960904121399,211.335745,208.635117,28,0.0,0.0,15547.071093356191,0.0
23.46193528175354,211.335745,209.040211,28,0.0,0.0,15577.257886970096,0.0
23.47400712966919,187.506938,205.81022,28,0.0,0.0,15336.565426228213,0.0
23.48100233078003,187.506938,203.064728,28,0.0,0.0,15131.976860678911,0.0
23.489519357681274,187.487335,200.728119,28,0.0,0.0,14957.85743743543,0.0
23.533265829086304,178.993588,197.467939,28,0.0,0.0,14714.91535287189,0.0
23.533402681350708,178.993588,194.696786,28,0.0,0.0,14508.414580992883,0.0
23.53349208831787,178.993588,192.341306,28,0.0,0.0,14332.888928621627,0.0
23.533666372299194,178.993588,190.339149,28,0.0,0.0,14183.692198624054,0.0
23.539625883102417,178.993588,188.637314,28,0.0,0.0,14056.874862623223,0.0
23.549583196640015,210.187506,191.869843,28,0.0,0.0,14297.75645004235,0.0
23.560089826583862,187.25795,191.178059,28,0.0,0.0,14246.206091771426,0.0
23.578635215759277,187.25795,190.590043,28,0.0,0.0,14202.38831704834,0.0
23.584954023361206,203.261449,192.490754,28,0.0,0.0,14344.025494287891,0.0
23.591885328292847,203.261449,194.106358,28,0.0,0.0,14464.417068860213,0.0
23.63121485710144,223.691067,198.544065,28,0.0,0.0,14795.106107275948,0.0
23.631237745285034,223.691067,202.316115,28,0.0,0.0,15076.191719137229,0.0
23.63131880760193,223.691067,205.522358,28,0.0,0.0,15315.114526478312,0.0
23.6314218044281,223.691067,208.247664,28,0.0,0.0,15518.198871733335,0.0
23.639492511749268,223.691067,210.564175,28,0.0,0.0,15690.820632266303,0.0
23.649485111236572,204.938975,209.720395,28,0.0,0.0,15627.943836471892,0.0
23.65946650505066,204.938975,209.003182,28,0.0,0.0,15574.498560046643,0.0
23.66954255104065,187.498434,205.77747,28,0.0,0.0,15334.124961815372,0.0
23.682581901550293,187.498434,203.035614,28,0.0,0.0,15129.807343704391,0.0
23.696463584899902,187.094977,200.644519,28,0.0,0.0,14951.627732857918,0.0
23.735254764556885,218.978815,203.394663,29,0.0,0.0,15156.562956130841,0.0
23.735279321670532,218.978815,205.732286,29,0.0,0.0,15330.75794062362,0.0
23.735331535339355,218.978815,207.719265,29,0.0,0.0,15478.823636457586,0.0
23.735408306121826,218.978815,209.408198,29,0.0,0.0,15604.679541256755,0.0
23.73945713043213,218.978815,210.84379,29,0.0,0.0,15711.656982092152,0.0
23.749557495117188,196.685708,208.720078,29,0.0,0.0,15553.40221692808,0.0
23.76016092300415,196.685708,206.914922,29,0.0,0.0,15418.885606924217,0.0
23.7696053981781,187.581804,204.014955,29,0.0,0.0,15202.78587373603,0.0
23.78020977973938,155.970127,196.808231,29,0.0,0.0,14665.7552338836,0.0
23.793249368667603,155.970127,190.682515,29,0.0,0.0,14209.279145298238,0.0
23.83170986175537,205.454211,192.898269,29,0.0,0.0,14374.392695973353,0.0
23.83172035217285,205.454211,194.781661,29,0.0,0.0,14514.739296017004,0.0
23.831724405288696,205.454211,196.382543,29,0.0,0.0,14634.033816632502,0.0
23.831727743148804,205.454211,197.743293,29,0.0,0.0,14735.43418151108,0.0
23.839470148086548,205.454211,198.899931,29,0.0,0.0,14821.62452891687,0.0
23.849520683288574,205.293642,199.858988,29,0.0,0.0,14893.09153589049,0.0
23.85952591896057,218.735826,202.690513,29,0.0,0.0,15104.091108304827,0.0
23.869895458221436,218.735826,205.09731,29,0.0,0.0,15283.440800745511,0.0
23.879966020584106,187.510932,202.459353,29,0.0,0.0,15086.865528040022,0.0
23.88952350616455,187.44446,200.207119,29,0.0,0.0,14919.03356082199,0.0
23.946280241012573,188.404008,198.436653,29,0.0,0.0,14787.101980145811,0.0
23.94629406929016,188.404008,196.931756,29,0.0,0.0,14674.960069504861,0.0
23.946298122406006,188.404008,195.652594,29,0.0,0.0,14579.639478993147,0.0
23.946301221847534,188.404008,194.565306,29,0.0,0.0,14498.616954702795,0.0
23.946304321289062,188.404008,193.641111,29,0.0,0.0,14429.747794152396,0.0
23.949537754058838,185.480875,192.417076,29,0.0,0.0,14338.535157279975,0.0
23.959479570388794,185.480875,191.376646,29,0.0,0.0,14261.004397308918,0.0
23.969568729400635,218.772895,195.486083,29,0.0,0.0,14567.231412738292,0.0
23.97948455810547,218.772895,198.979105,29,0.0,0.0,14827.52441683816,0.0
23.989897966384888,234.370008,204.28774,29,0.0,0.0,15223.113265640055,0.0
24.064463138580322,177.261083,200.233742,30,0.0,0.0,14921.01745346514,0.0
24.064478874206543,177.261083,196.787843,30,0.0,0.0,14664.23596095386,0.0
24.064483404159546,177.261083,193.858829,30,0.0,0.0,14445.971703496973,0.0
24.064486503601074,177.261083,191.369167,30,0.0,0.0,14260.447077206822,0.0
24.064489603042603,177.261083,189.252954,30,0.0,0.0,14102.751122504791,0.0
24.064491748809814,177.261083,187.454173,30,0.0,0.0,13968.709564733967,0.0
24.064495086669922,177.261083,185.92521,30,0.0,0.0,13854.774303969063,0.0
24.069459199905396,177.261083,184.625591,30,0.0,0.0,13757.929298785795,0.0
24.079445123672485,176.364355,183.386405,30,0.0,0.0,13665.587639735697,0.0
24.09060049057007,176.364355,182.333098,30,0.0,0.0,13587.09731151291,0.0
24.137417316436768,232.584564,189.870818,30,0.0,0.0,14148.793110412445,0.0
24.137427806854248,232.584564,196.27788,30,0.0,0.0,14626.23453947705,0.0
24.137431621551514,232.584564,201.723882,30,0.0,0.0,15032.059702019362,0.0
24.137434482574463,232.584564,206.352985,30,0.0,0.0,15377.011187053726,0.0
24.139450073242188,232.584564,210.287721,30,0.0,0.0,15670.219833830044,0.0
24.15780997276306,248.533002,216.024514,30,0.0,0.0,16097.714159336461,0.0
24.159443378448486,248.533002,220.900787,30,0.0,0.0,16461.084257773025,0.0
24.169517755508423,203.157536,218.239299,30,0.0,0.0,16262.755502072156,0.0
24.179540634155273,203.157536,215.977035,30,0.0,0.0,16094.17611934082,0.0
24.189494371414185,187.507472,211.7066,30,0.0,0.0,15775.951855375917,0.0
24.241568565368652,187.927553,208.139743,30,0.0,0.0,15510.156814942551,0.0
24.241580724716187,187.927553,205.107915,30,0.0,0.0,15284.231064107285,0.0
24.241584539413452,187.927553,202.53086,30,0.0,0.0,15092.194086475716,0.0
24.241586923599243,187.927553,200.340364,30,0.0,0.0,14928.96271137738,0.0
24.241759777069092,187.927553,198.478443,30,0.0,0.0,14790.216087254592,0.0
24.249434232711792,186.526295,196.685621,30,0.0,0.0,14656.618582229908,0.0
24.26804518699646,186.526295,195.161722,30,0.0,0.0,14543.060680603527,0.0
24.269413709640503,218.752844,198.70039,30,0.0,0.0,14806.755133209916,0.0
24.27947497367859,218.752844,201.708258,30,0.0,0.0,15030.895432828944,0.0
24.289469718933105,218.755469,204.26534,30,0.0,0.0,15221.44406249967,0.0
24.343749046325684,196.359943,203.07953,31,0.0,0.0,15133.079876075519,0.0
24.34376072883606,196.359943,202.071592,31,0.0,0.0,15057.970354873989,0.0
24.343764543533325,196.359943,201.214845,31,0.0,0.0,14994.127284208085,0.0
24.343767881393433,196.359943,200.48661,31,0.0,0.0,14939.860670416168,0.0
24.343812942504883,196.359943,199.86761,31,0.0,0.0,14893.73403006354,0.0
24.35075068473816,184.591836,197.576244,31,0.0,0.0,14722.986024573655,0.0
24.37087845802307,184.591836,195.628583,31,0.0,0.0,14577.85022735905,0.0
24.37090826034546,187.502259,194.409634,31,0.0,0.0,14487.016589021094,0.0
24.379421949386597,218.748381,198.060446,31,0.0,0.0,14759.067787921029,0.0
24.389463424682617,187.498969,196.476225,31,0.0,0.0,14641.014811659183,0.0
24.430935859680176,196.353442,196.457807,31,0.0,0.0,14639.6423391842,0.0
24.43104648590088,196.353442,196.442152,31,0.0,0.0,14638.475759935862,0.0
24.431055545806885,196.353442,196.428846,31,0.0,0.0,14637.484223463274,0.0
24.43108034133911,196.353442,196.417535,31,0.0,0.0,14636.641350395377,0.0
24.456591844558716,196.353442,196.407921,31,0.0,0.0,14635.924934368963,0.0
24.45663571357727,218.143797,199.668303,31,0.0,0.0,14878.882071567969,0.0
24.463703393936157,218.143797,202.439627,31,0.0,0.0,15085.395586024519,0.0
24.483893632888794,203.134212,202.543815,31,0.0,0.0,15093.159467131238,0.0
24.48392653465271,203.134212,202.632374,31,0.0,0.0,15099.758706457551,0.0
24.48947310447693,187.511457,200.364237,31,0.0,0.0,14930.741679527846,0.0
24.532958984375,210.648141,201.906822,31,0.0,0.0,15045.692024452497,0.0
24.532968759536743,210.648141,203.21802,31,0.0,0.0,15143.399873526947,0.0
24.532973289489746,210.648141,204.332538,31,0.0,0.0,15226.451522884832,0.0
24.53297710418701,210.648141,205.279879,31,0.0,0.0,15297.045477001631,0.0
24.539589405059814,210.648141,206.085118,31,0.0,0.0,15357.050274660614,0.0
24.566159963607788,203.118294,205.640094,31,0.0,0.0,15323.887977412975,0.0
24.566214323043823,203.118294,205.261824,31,0.0,0.0,15295.700054559684,0.0
24.5730562210083,203.134029,204.942655,31,0.0,0.0,15271.9162198671,0.0
24.5931236743927,203.134029,204.671361,31,0.0,0.0,15251.699934297107,0.0
24.59313702583313,203.127255,204.439745,31,0.0,0.0,15234.440373825515,0.0
24.631317377090454,194.358964,202.927628,32,0.0,0.0,15121.76044324378,0.0
24.631417989730835,194.358964,201.642328,32,0.0,0.0,15025.982461264404,0.0
24.631425380706787,194.358964,200.549824,32,0.0,0.0,14944.571251099935,0.0
24.63161039352417,194.358964,199.621195,32,0.0,0.0,14875.371677749336,0.0
24.640902996063232,194.358964,198.83186,32,0.0,0.0,14816.55201432003,0.0
24.649556636810303,171.735625,194.767425,32,0.0,0.0,14513.67845780689,0.0
24.677966117858887,171.735625,191.312655,32,0.0,0.0,14256.235916141219,0.0
24.67797827720642,203.116723,193.083265,32,0.0,0.0,14388.178227409018,0.0
24.684811115264893,203.116723,194.588284,32,0.0,0.0,14500.329229245643,0.0
24.695918083190918,203.133085,195.870004,32,0.0,0.0,14595.840436794546,0.0
24.73093581199646,196.320056,195.937512,32,0.0,0.0,14600.870997758884,0.0
24.73094654083252,196.320056,195.994893,32,0.0,0.0,14605.14691496417,0.0
24.7309627532959,196.320056,196.043668,32,0.0,0.0,14608.781530284366,0.0
24.73124933242798,196.320056,196.085126,32,0.0,0.0,14611.870897418034,0.0
24.739497423171997,196.320056,196.120365,32,0.0,0.0,14614.49683712625,0.0
24.75078248977661,218.222998,199.43576,32,0.0,0.0,14861.55343291284,0.0
24.759578704833984,218.222998,202.253846,32,0.0,0.0,15071.551557960947,0.0
24.784672021865845,187.528129,200.044989,32,0.0,0.0,14906.951957913472,0.0
24.784708738327026,187.490982,198.161887,32,0.0,0.0,14766.626968089056,0.0
24.791760206222534,187.490982,196.561252,32,0.0,0.0,14647.350853418897,0.0
24.830920696258545,212.792288,198.995907,32,0.0,0.0,14828.776468229442,0.0
24.83093237876892,212.792288,201.065364,32,0.0,0.0,14982.988259447904,0.0
24.83128523826599,212.792288,202.824403,32,0.0,0.0,15114.068322968498,0.0
24.831292629241943,212.792288,204.319586,32,0.0,0.0,15225.486365783301,0.0
24.83949041366577,212.792288,205.590491,32,0.0,0.0,15320.191661190986,0.0
24.849517583847046,218.416151,207.51434,32,0.0,0.0,15463.553035852963,0.0
24.861921072006226,218.416151,209.149612,32,0.0,0.0,15585.41023039694,0.0
24.869689464569092,203.131581,208.246907,32,0.0,0.0,15518.14246160935,0.0
24.895890951156616,187.493063,205.133831,32,0.0,0.0,15286.162272526315,0.0
24.895946264266968,187.493063,202.487715,32,0.0,0.0,15088.97900748054,0.0
24.930896282196045,200.612059,202.206367,33,0.0,0.0,15068.013517965304,0.0
24.930917978286743,200.612059,201.967221,33,0.0,0.0,15050.192836973754,0.0
24.93099880218506,200.612059,201.763946,33,0.0,0.0,15035.045191064739,0.0
24.931063175201416,200.612059,201.591163,33,0.0,0.0,15022.169747930573,0.0
24.939409017562866,200.612059,201.444298,33,0.0,0.0,15011.225662251432,0.0
24.94947052001953,201.645221,201.474436,33,0.0,0.0,15013.471485655225,0.0
24.959839582443237,201.645221,201.500054,33,0.0,0.0,15015.380487711047,0.0
24.9706711769104,187.520149,199.403068,33,0.0,0.0,14859.117290543847,0.0
24.979565382003784,187.520149,197.62063,33,0.0,0.0,14726.29358040353,0.0
24.994696617126465,187.499306,196.102432,33,0.0,0.0,14613.160505879972,0.0
25.061973571777344,194.417816,195.849739,33,0.0,0.0,14594.330329578477,0.0
25.062057971954346,194.417816,195.634951,33,0.0,0.0,14578.324757966102,0.0
25.06207823753357,194.417816,195.452381,33,0.0,0.0,14564.720007191985,0.0
25.062283754348755,194.417816,195.297196,33,0.0,0.0,14553.155931774985,0.0
25.062299251556396,194.417816,195.165289,33,0.0,0.0,14543.326486300037,0.0
25.062437534332275,194.417816,195.053168,33,0.0,0.0,14534.971453920425,0.0
25.062456369400024,194.417816,194.957865,33,0.0,0.0,14527.869665220062,0.0
25.06954526901245,194.417816,194.876858,33,0.0,0.0,14521.833185809648,0.0
25.079996824264526,318.13878,213.366146,33,0.0,0.0,15899.617899787294,0.0
25.089710474014282,318.13878,229.082041,33,0.0,0.0,17070.73492157189,0.0
25.14368176460266,599.044297,284.57638,34,0.0,0.0,21206.061927484367,0.0
25.143699169158936,599.044297,331.746567,34,0.0,0.0,24721.089796814278,0.0
25.143704414367676,599.044297,371.841227,34,0.0,0.0,27708.86356398859,0.0
25.1437087059021,599.044297,405.921687,34,0.0,0.0,30248.47119156877,0.0
25.143752813339233,599.044297,434.890079,34,0.0,0.0,32407.137749529906,0.0
25.14952802658081,701.080915,474.818704,34,0.0,0.0,35382.5389210161,0.0
25.15958857536316,701.080915,508.758036,34,0.0,0.0,37911.62997266788,0.0
25.169593572616577,640.860003,528.573331,34,0.0,0.0,39388.22607274256,0.0
25.179782390594482,640.860003,545.416332,34,0.0,0.0,40643.33277643553,0.0
25.19223189353943,578.171572,550.329618,34,0.0,0.0,41009.46100950759,0.0
25.231001377105713,521.994014,546.079277,35,0.0,0.0,40692.73411018122,0.0
25.231010675430298,521.994014,542.466488,35,0.0,0.0,40423.516309094084,0.0
25.231014013290405,521.994014,539.395617,35,0.0,0.0,40194.68115208873,0.0
25.231037855148315,521.994014,536.785376,35,0.0,0.0,40000.17122019748,0.0
25.23966360092163,521.994014,534.566672,35,0.0,0.0,39834.837841430206,0.0
25.259348392486572,468.010844,524.583298,35,0.0,0.0,39090.89680426741,0.0
25.259443521499634,468.010844,516.097429,35,0.0,0.0,38458.54684070922,0.0
25.269416093826294,421.940633,501.97391,35,0.0,0.0,37406.090489454764,0.0
25.279468059539795,406.130435,487.597389,35,0.0,0.0,36334.780935837625,0.0
25.289458990097046,406.130435,475.377346,35,0.0,0.0,35424.16780408536,0.0
25.34062647819519,317.522349,451.699096,35,0.0,0.0,33659.71203360133,0.0
25.34064030647278,317.522349,431.572584,35,0.0,0.0,32159.924665948907,0.0
25.340643882751465,317.522349,414.465049,35,0.0,0.0,30885.105418347943,0.0
25.340646505355835,317.522349,399.923644,35,0.0,0.0,29801.509039257624,0.0
25.34073495864868,317.522349,387.563449,35,0.0,0.0,28880.452061142354,0.0
25.349414587020874,265.682127,369.281251,35,0.0,0.0,27518.099279233567,0.0
25.369380235671997,265.682127,353.741382,35,0.0,0.0,26360.09936244851,0.0
25.369489431381226,218.737849,333.490852,35,0.0,0.0,24851.07042180213,0.0
25.3794207572937,218.737849,316.277902,35,0.0,0.0,23568.39585951171,0.0
25.3894522190094,250.018751,306.339029,35,0.0,0.0,22827.77094774847,0.0
25.442235469818115,280.232452,302.423043,36,0.0,0.0,22535.959513422258,0.0
25.44224739074707,280.232452,299.094454,36,0.0,0.0,22287.919727178774,0.0
25.442251443862915,280.232452,296.265154,36,0.0,0.0,22077.085957308518,0.0
25.442253828048706,280.232452,293.860249,36,0.0,0.0,21897.877252918795,0.0
25.442256212234497,280.232452,291.816079,36,0.0,0.0,21745.549798299035,0.0
25.455249309539795,316.835967,295.569062,36,0.0,0.0,22025.214575505055,0.0
25.474337100982666,316.835967,298.759098,36,0.0,0.0,22262.929669663277,0.0
25.47434902191162,390.636211,312.540665,36,0.0,0.0,23289.904442691783,0.0
25.479412317276,390.636211,324.254997,36,0.0,0.0,24162.833003491916,0.0
25.489454746246338,374.990981,331.865395,36,0.0,0.0,24729.94462140203,0.0
25.531232595443726,398.034602,341.790776,36,0.0,0.0,25469.56413634518,0.0
25.531245231628418,398.034602,350.22735,36,0.0,0.0,26098.240735224557,0.0
25.53124976158142,398.034602,357.398438,36,0.0,0.0,26632.615851723822,0.0
25.53131604194641,398.034602,363.493862,36,0.0,0.0,27086.8346411338,0.0
25.553794145584106,398.034602,368.674973,36,0.0,0.0,27472.920656843085,0.0
25.553805828094482,407.825419,374.54754,36,0.0,0.0,27910.532588920167,0.0
25.560299158096313,406.176279,379.291851,36,0.0,0.0,28264.069143391924,0.0
25.586211681365967,406.176279,383.324515,37,0.0,0.0,28564.575188611612,0.0
25.586225509643555,390.66768,384.42599,37,0.0,0.0,28646.654899730212,0.0
25.589437246322632,406.120651,387.680189,37,0.0,0.0,28889.151292151666,0.0
25.631728887557983,373.465306,385.547956,37,0.0,0.0,28730.261559132272,0.0
25.631739616394043,373.465306,383.735559,37,0.0,0.0,28595.205364309684,0.0
25.631744861602783,373.465306,382.195021,37,0.0,0.0,28480.407557725583,0.0
25.63174867630005,373.465306,380.885564,37,0.0,0.0,28382.829444484494,0.0
25.647730588912964,373.465306,379.772525,37,0.0,0.0,28299.888007244677,0.0
25.65395975112915,361.408739,377.017957,37,0.0,0.0,28094.623116351537,0.0
25.66058373451233,361.408739,374.676574,37,0.0,0.0,27920.147944188764,0.0
25.680917501449585,421.776979,381.741635,37,0.0,0.0,28446.6221409842,0.0
25.680949211120605,421.776979,387.746937,37,0.0,0.0,28894.125219438025,0.0
25.68941640853882,421.970724,392.880505,37,0.0,0.0,29276.668425999836,0.0
25.73317289352417,423.925174,397.537205,38,0.0,0.0,29623.676384206756,0.0
25.733182430267334,423.925174,401.4954,38,0.0,0.0,29918.63314868264,0.0
25.733186960220337,423.925174,404.859867,38,0.0,0.0,30169.346491634635,0.0
25.733190536499023,423.925174,407.719663,38,0.0,0.0,30382.452762351735,0.0
25.73958706855774,423.925174,410.150489,38,0.0,0.0,30563.59304775047,0.0
25.76641035079956,383.958274,406.221657,38,0.0,0.0,30270.82435523044,0.0
25.766422271728516,383.958274,402.88215,38,0.0,0.0,30021.97098149202,0.0
25.77304196357727,375.01215,398.70165,38,0.0,0.0,29710.448493617765,0.0
25.79320192337036,375.01215,395.148225,38,0.0,0.0,29445.654378924657,0.0
25.793216466903687,406.255261,396.81428,38,0.0,0.0,29569.805460980708,0.0
25.831121683120728,401.477486,397.513761,38,0.0,0.0,29621.929384277144,0.0
25.831137895584106,401.477486,398.10832,38,0.0,0.0,29666.23473025682,0.0
25.831143856048584,401.477486,398.613695,38,0.0,0.0,29703.89426316185,0.0
25.83114767074585,401.477486,399.043263,38,0.0,0.0,29735.904810242617,0.0
25.84097695350647,401.477486,399.408397,38,0.0,0.0,29763.11386468287,0.0
25.84963607788086,400.080208,399.509168,38,0.0,0.0,29770.62311779268,0.0
25.877949476242065,437.25789,405.171477,38,0.0,0.0,30192.56704478533,0.0
25.878001928329468,437.25789,409.984439,39,0.0,0.0,30551.21933429239,0.0
25.88445258140564,406.386607,409.444764,39,0.0,0.0,30511.003834078652,0.0
25.904540061950684,343.712432,399.584914,39,0.0,0.0,29776.2675580191,0.0
25.930943489074707,415.212166,401.929002,39,0.0,0.0,29950.944301364674,0.0
25.93095350265503,415.212166,403.921477,39,0.0,0.0,30099.41954811201,0.0
25.930970191955566,415.212166,405.61508,39,0.0,0.0,30225.62345195875,0.0
25.931269884109497,415.212166,407.054643,39,0.0,0.0,30332.896803761578,0.0
25.939806938171387,415.212166,408.278271,39,0.0,0.0,30424.079111809086,0.0
25.950438737869263,403.091356,407.500234,39,0.0,0.0,30366.10135271371,0.0
25.959582090377808,403.091356,406.838902,39,0.0,0.0,30316.82021649774,0.0
25.987613677978516,390.636934,404.408607,39,0.0,0.0,30135.719500155596,0.0
25.98762536048889,374.895891,399.9817,39,0.0,0.0,29805.83525611111,0.0
25.994231462478638,374.895891,396.218828,39,0.0,0.0,29525.43357042941,0.0
26.062130212783813,408.367101,398.041069,40,0.0,0.0,29661.2233204178,0.0
26.062139987945557,408.367101,399.589974,40,0.0,0.0,29776.64461908563,0.0
26.06214427947998,408.367101,400.906543,40,0.0,0.0,29874.75270432379,0.0
26.06214737892151,408.367101,402.025627,40,0.0,0.0,29958.14460285752,0.0
26.062150478363037,408.367101,402.976848,40,0.0,0.0,30029.027686804,0.0
26.062273025512695,408.367101,403.785386,40,0.0,0.0,30089.2783193362,0.0
26.062281370162964,408.367101,404.472643,40,0.0,0.0,30140.491334633174,0.0
26.069777488708496,408.367101,405.056812,40,0.0,0.0,30184.022438620494,0.0
26.09097719192505,413.314827,406.295514,40,0.0,0.0,30276.32803095989,0.0
26.090988636016846,343.666008,396.901088,40,0.0,0.0,29576.274219293686,0.0
26.134438037872314,410.952202,399.008755,40,0.0,0.0,29733.333343190458,0.0
26.134448766708374,410.952202,400.800272,40,0.0,0.0,29866.833602228613,0.0
26.134464502334595,410.952202,402.323062,40,0.0,0.0,29980.30886339594,0.0
26.13456130027771,410.952202,403.617433,40,0.0,0.0,30076.762798129177,0.0
26.139410734176636,410.952202,404.717648,40,0.0,0.0,30158.748616571127,0.0
26.14948272705078,434.178276,409.136742,40,0.0,0.0,30488.0506515024,0.0
26.159438371658325,434.178276,412.892972,41,0.0,0.0,30767.957388645777,0.0
26.169490575790405,390.699878,409.564008,41,0.0,0.0,30519.889658153297,0.0
26.194905757904053,390.699878,406.734389,41,0.0,0.0,30309.032117041887,0.0
26.201443910598755,390.633692,404.319284,41,0.0,0.0,30129.06332907931,0.0
26.245606422424316,362.026101,397.975307,41,0.0,0.0,29656.322867876814,0.0
26.24570608139038,362.026101,392.582926,41,0.0,0.0,29254.493434869793,0.0
26.24580430984497,362.026101,387.999402,41,0.0,0.0,28912.93840563613,0.0
26.245947122573853,362.026101,384.103407,41,0.0,0.0,28622.616660594715,0.0
26.246129274368286,362.026101,380.791811,41,0.0,0.0,28375.84315868001,0.0
26.250181198120117,362.026101,377.976954,41,0.0,0.0,28166.08565224531,0.0
26.25972270965576,358.509547,375.056843,41,0.0,0.0,27948.484828518736,0.0
26.26954197883606,358.509547,372.574749,41,0.0,0.0,27763.524154432434,0.0
26.280641317367554,405.999255,377.588425,41,0.0,0.0,28137.133249257316,0.0
26.31255292892456,405.999255,381.850049,41,0.0,0.0,28454.700935147677,0.0
26.357548475265503,445.442733,391.388952,42,0.0,0.0,29165.520883515375,0.0
26.358006477355957,445.442733,399.497019,42,0.0,0.0,29769.717798643018,0.0
26.358015060424805,445.442733,406.388876,42,0.0,0.0,30283.285180227413,0.0
26.35801935195923,445.442733,412.246954,42,0.0,0.0,30719.817421041058,0.0
26.358036756515503,445.442733,417.226321,42,0.0,0.0,31090.869877895246,0.0
26.358160495758057,445.442733,421.458783,42,0.0,0.0,31406.26446994721,0.0
26.359678506851196,445.442733,425.056375,42,0.0,0.0,31674.349821028776,0.0
26.369635343551636,412.873086,423.228882,42,0.0,0.0,31538.16870251837,0.0
26.38002896308899,412.873086,421.675512,42,0.0,0.0,31422.41468099242,0.0
26.39217519760132,374.532527,414.604065,42,0.0,0.0,30895.464612265972,0.0
26.452030181884766,375.34465,408.715153,42,0.0,0.0,30456.634683522392,0.0
26.4521005153656,375.34465,403.709577,42,0.0,0.0,30083.62918447595,0.0
26.452234983444214,375.34465,399.454838,42,0.0,0.0,29766.574554997274,0.0
26.45234179496765,375.34465,395.83831,42,0.0,0.0,29497.0781311181,0.0
26.452457189559937,375.34465,392.764261,42,0.0,0.0,29268.006155917203,0.0
26.452580213546753,375.34465,390.15132,42,0.0,0.0,29073.295025433137,0.0
26.45992684364319,375.34465,387.930319,42,0.0,0.0,28907.790478825984,0.0
26.471924543380737,374.6729,385.941706,43,0.0,0.0,28759.60302058437,0.0
26.47969627380371,436.632411,393.545312,43,0.0,0.0,29326.20851225656,0.0
26.489887714385986,436.632411,400.008377,43,0.0,0.0,29807.823172726115,0.0
26.562690258026123,372.864313,395.936767,43,0.0,0.0,29504.41494958207,0.0
26.56270480155945,372.864313,392.475899,43,0.0,0.0,29246.517997168634,0.0
26.562708377838135,372.864313,389.534161,43,0.0,0.0,29027.305572713605,0.0
26.562711477279663,372.864313,387.033684,43,0.0,0.0,28840.975034282237,0.0
26.562713861465454,372.864313,384.908278,43,0.0,0.0,28682.594035630675,0.0
26.562716484069824,372.864313,383.101684,43,0.0,0.0,28547.97026874664,0.0
26.562738180160522,372.864313,381.566078,43,0.0,0.0,28433.539984925425,0.0
26.569953680038452,382.056371,381.639622,43,0.0,0.0,28439.020336521688,0.0
26.579582452774048,382.056371,381.702134,43,0.0,0.0,28443.67860557133,0.0
26.589961290359497,405.10895,385.213157,43,0.0,0.0,28705.31300814129,0.0
26.688371181488037,439.876963,393.412728,44,0.0,0.0,29316.32861809741,0.0
26.688464403152466,439.876963,400.382363,44,0.0,0.0,29835.69186047881,0.0
26.688506603240967,439.876963,406.306553,44,0.0,0.0,30277.150635132508,0.0
26.68860125541687,439.876963,411.342115,44,0.0,0.0,30652.39063084714,0.0
26.688692808151245,439.876963,415.622342,44,0.0,0.0,30971.344575041985,0.0
26.688804149627686,439.876963,419.260535,44,0.0,0.0,31242.4554313335,0.0
26.688891410827637,439.876963,422.352999,44,0.0,0.0,31472.899655455392,0.0
26.6889910697937,439.876963,424.981594,44,0.0,0.0,31668.777290669794,0.0
26.689080953598022,439.876963,427.215899,44,0.0,0.0,31835.273224713543,0.0
26.68938398361206,439.876963,429.115059,44,0.0,0.0,31976.794824539218,0.0
26.7332923412323,404.237524,425.383429,44,0.0,0.0,31698.721230130377,0.0
26.733304738998413,404.237524,422.211543,44,0.0,0.0,31462.35863762386,0.0
26.733680248260498,404.237524,419.51544,44,0.0,0.0,31261.450441445115,0.0
26.733688831329346,404.237524,417.223753,44,0.0,0.0,31090.678515678082,0.0
26.75737476348877,404.237524,415.275819,44,0.0,0.0,30945.522375050205,0.0
26.757385730743408,345.611905,404.826232,44,0.0,0.0,30166.840078794146,0.0
26.763733625411987,345.611905,395.944083,44,0.0,0.0,29504.9601232506,0.0
26.784085988998413,359.38765,390.460618,45,0.0,0.0,29096.34329297399,0.0
26.784099817276,359.38765,385.799673,45,0.0,0.0,28749.019005868366,0.0
26.789438247680664,390.627891,386.523905,45,0.0,0.0,28802.987324116933,0.0
26.832394123077393,394.855692,387.773674,45,0.0,0.0,28896.11760713287,0.0
26.83240270614624,394.855692,388.835976,45,0.0,0.0,28975.278224741724,0.0
26.832406759262085,394.855692,389.738934,45,0.0,0.0,29042.564846582638,0.0
26.832410097122192,394.855692,390.506448,45,0.0,0.0,29099.75845279202,0.0
26.83955717086792,394.855692,391.158834,45,0.0,0.0,29148.372951003796,0.0
26.869358777999878,415.388884,394.793342,45,0.0,0.0,29419.20920847512,0.0
26.869369983673096,343.658346,387.123092,45,0.0,0.0,28847.637539388295,0.0
26.86941170692444,343.658346,380.603381,45,0.0,0.0,28361.80173244149,0.0
26.895800590515137,421.954306,386.806019,45,0.0,0.0,28824.00989441813,0.0
26.895813941955566,421.954306,392.078262,45,0.0,0.0,29216.88688426088,0.0
26.931588649749756,416.159595,395.690462,46,0.0,0.0,29486.060794247576,0.0
26.931605577468872,416.159595,398.760832,46,0.0,0.0,29714.858617736263,0.0
26.931609630584717,416.159595,401.370647,46,0.0,0.0,29909.33680496065,0.0
26.931612968444824,416.159595,403.588989,46,0.0,0.0,30074.64320821288,0.0
26.939743041992188,416.159595,405.47458,46,0.0,0.0,30215.15367333267,0.0
26.949528694152832,395.186983,403.93144,46,0.0,0.0,30100.161970919497,0.0
26.979756116867065,343.746838,394.90375,46,0.0,0.0,29427.436591525286,0.0
26.979768991470337,343.746838,387.230213,46,0.0,0.0,28855.61998178121,0.0
26.979804515838623,406.259019,390.084534,46,0.0,0.0,29068.31826646288,0.0
27.006328344345093,406.259019,392.510707,46,0.0,0.0,29249.111819619997,0.0
27.061565160751343,412.532571,395.513986,47,0.0,0.0,29472.91015614924,0.0
27.061577796936035,412.532571,398.066774,47,0.0,0.0,29663.13880553939,0.0
27.06158185005188,412.532571,400.236644,47,0.0,0.0,29824.83317242462,0.0
27.061584949493408,412.532571,402.081033,47,0.0,0.0,29962.27334701807,0.0
27.061756372451782,412.532571,403.648763,47,0.0,0.0,30079.097446985797,0.0
27.06176257133484,412.532571,404.981334,47,0.0,0.0,30178.397969217367,0.0
27.061842441558838,412.532571,406.11402,47,0.0,0.0,30262.803461550902,0.0
27.084367752075195,412.532571,407.076803,47,0.0,0.0,30334.548122582608,0.0
27.090436697006226,412.355173,407.868558,47,0.0,0.0,30393.548119565472,0.0
27.090458869934082,412.355173,408.54155,47,0.0,0.0,30443.69813563041,0.0
27.145565271377563,378.95918,404.104195,47,0.0,0.0,30113.035327549736,0.0
27.145729303359985,378.95918,400.332442,47,0.0,0.0,29831.97184753367,0.0
27.14588475227356,378.95918,397.126453,47,0.0,0.0,29593.06796776391,0.0
27.146121501922607,378.95918,394.401362,47,0.0,0.0,29389.999643878316,0.0
27.14623188972473,378.95918,392.085035,47,0.0,0.0,29217.391594656856,0.0
27.14999270439148,378.95918,390.116156,47,0.0,0.0,29070.674674574715,0.0
27.159981727600098,355.660464,384.947803,47,0.0,0.0,28685.539359475486,0.0
27.169689178466797,355.660464,380.554702,47,0.0,0.0,28358.174270849042,0.0
27.185391426086426,406.628001,384.465697,47,0.0,0.0,28649.613785850535,0.0
27.193865537643433,406.628001,387.790043,47,0.0,0.0,28897.337392231308,0.0
27.23985767364502,445.808165,396.492761,48,0.0,0.0,29545.84650899438,0.0
27.239931344985962,445.808165,403.890071,48,0.0,0.0,30097.079235887595,0.0
27.240050315856934,445.808165,410.177786,48,0.0,0.0,30565.62716552382,0.0
27.240164279937744,445.808165,415.522342,48,0.0,0.0,30963.892775308123,0.0
27.240286827087402,445.808165,420.065216,48,0.0,0.0,31302.418647949973,0.0
27.24945831298828,445.808165,423.926658,48,0.0,0.0,31590.165572629343,0.0
27.259806394577026,412.185847,422.165537,48,0.0,0.0,31458.93036263829,0.0
27.26995825767517,374.929176,415.080082,48,0.0,0.0,30930.936445805128,0.0
27.27983808517456,343.73601,404.378472,48,0.0,0.0,30133.47390030579,0.0
27.28964924812317,343.73601,395.282102,48,0.0,0.0,29455.63062485436,0.0
27.346271991729736,421.735009,399.250038,48,0.0,0.0,29751.31326914232,0.0
27.3464195728302,421.735009,402.622784,48,0.0,0.0,30002.643546594285,0.0
27.34659171104431,421.735009,405.489618,48,0.0,0.0,30216.27427497665,0.0
27.346757173538208,421.735009,407.926427,48,0.0,0.0,30397.860401553462,0.0
27.346913814544678,421.735009,409.997714,48,0.0,0.0,30552.208560707055,0.0
27.3494975566864,421.735009,411.758308,48,0.0,0.0,30683.404499713513,0.0
27.359530925750732,445.91818,416.882289,49,0.0,0.0,31065.23330223484,0.0
27.369535446166992,406.159751,415.273908,49,0.0,0.0,30945.379971157294,0.0
27.379851818084717,406.159751,413.906785,49,0.0,0.0,30843.504703081675,0.0
27.389960527420044,390.624277,410.414409,49,0.0,0.0,30583.259837608086,0.0
27.44378638267517,362.812198,403.274077,49,0.0,0.0,30051.176596634963,0.0
27.443897008895874,362.812198,397.204795,49,0.0,0.0,29598.90585671141,0.0
27.444065809249878,362.812198,392.045906,49,0.0,0.0,29214.475779938988,0.0
27.44422173500061,362.812198,387.66085,49,0.0,0.0,28887.710188601133,0.0
27.4443838596344,362.812198,383.933552,49,0.0,0.0,28609.95940615676,0.0
27.4494526386261,362.812198,380.765349,49,0.0,0.0,28373.871263434434,0.0
27.459486722946167,357.470686,377.27115,49,0.0,0.0,28113.4905516517,0.0
27.46950936317444,357.470686,374.30108,49,0.0,0.0,27892.166883296075,0.0
27.4799382686615,437.621571,383.799154,49,0.0,0.0,28599.944336350432,0.0
27.489874362945557,406.071775,387.140047,49,0.0,0.0,28848.90099203317,0.0
27.554554224014282,420.224754,392.102753,50,0.0,0.0,29218.711904533702,0.0
27.5545654296875,420.224754,396.321053,50,0.0,0.0,29533.051172707354,0.0
27.55456852912903,420.224754,399.906608,50,0.0,0.0,29800.23955065496,0.0
27.55457067489624,420.224754,402.95433,50,0.0,0.0,30027.349690539926,0.0
27.554572343826294,420.224754,405.544894,50,0.0,0.0,30220.393331797542,0.0
27.554574251174927,420.224754,407.746873,50,0.0,0.0,30384.480397059317,0.0
27.559529781341553,417.413638,409.196887,50,0.0,0.0,30492.532536452334,0.0
27.569486618041992,417.413638,410.4294,50,0.0,0.0,30584.37693690619,0.0
27.579505443572998,375.157022,405.138543,50,0.0,0.0,30190.11286906098,0.0
27.589829444885254,375.157022,400.641315,50,0.0,0.0,29854.988444925653,0.0
27.646038055419922,397.328789,400.144436,50,0.0,0.0,29817.96201692602,0.0
27.646047830581665,397.328789,399.722089,50,0.0,0.0,29786.48956430403,0.0
27.646050453186035,397.328789,399.363094,50,0.0,0.0,29759.73797584944,0.0
27.64605212211609,397.328789,399.057948,50,0.0,0.0,29736.999107033538,0.0
27.64605402946472,397.328789,398.798574,50,0.0,0.0,29717.671075991817,0.0
27.650997400283813,397.328789,398.578107,50,0.0,0.0,29701.242316672557,0.0
27.66667938232422,421.816509,402.063867,51,0.0,0.0,29960.994171075756,0.0
27.66950273513794,421.816509,405.026763,51,0.0,0.0,30181.783247318464,0.0
27.67950749397278,390.725221,402.881532,51,0.0,0.0,30021.924929369663,0.0
27.689491510391235,406.006396,403.350262,51,0.0,0.0,30056.853750262213,0.0
27.751846075057983,379.695955,399.802116,51,0.0,0.0,29792.45301607705,0.0
27.751856565475464,379.695955,396.786192,51,0.0,0.0,29567.71239947146,0.0
27.751859188079834,379.695955,394.222656,51,0.0,0.0,29376.68283064591,0.0
27.751861095428467,379.695955,392.043651,51,0.0,0.0,29214.307741854995,0.0
27.75186276435852,379.695955,390.191497,51,0.0,0.0,29076.288935012213,0.0
27.751864910125732,379.695955,388.617165,51,0.0,0.0,28958.97286722605,0.0
27.772664785385132,378.640263,387.12063,51,0.0,0.0,28847.454076078844,0.0
27.7726948261261,378.640263,385.848575,51,0.0,0.0,28752.663084974218,0.0
27.77948546409607,406.366648,388.926286,51,0.0,0.0,28982.007945081372,0.0
27.789573192596436,406.366648,391.54234,51,0.0,0.0,29176.951050091157,0.0
27.844518899917603,425.769944,396.676481,52,0.0,0.0,29559.536955465443,0.0
27.844528436660767,425.769944,401.0405,52,0.0,0.0,29884.734911693286,0.0
27.844531297683716,425.769944,404.749917,52,0.0,0.0,30161.15323782725,0.0
27.852816104888916,425.769944,407.902921,52,0.0,0.0,30396.108781508017,0.0
27.852824211120605,425.769944,410.582974,52,0.0,0.0,30595.82096382948,0.0
27.861912727355957,425.769944,412.86102,52,0.0,0.0,30765.576389594815,0.0
27.862043857574463,405.43756,411.747501,52,0.0,0.0,30682.59918371627,0.0
27.882610321044922,405.43756,410.80101,52,0.0,0.0,30612.06856989721,0.0
27.88263773918152,390.745486,407.792681,52,0.0,0.0,30387.893917481408,0.0
27.889464616775513,374.994413,402.872941,52,0.0,0.0,30021.28474525453,0.0
27.94518804550171,401.979771,402.738965,52,0.0,0.0,30011.30112204309,0.0
27.945196390151978,401.979771,402.625086,52,0.0,0.0,30002.81508702415,0.0
27.945200443267822,401.979771,402.528289,52,0.0,0.0,29995.601968435763,0.0
27.94520378112793,401.979771,402.446011,52,0.0,0.0,29989.470776650738,0.0
27.9452064037323,401.979771,402.376075,52,0.0,0.0,29984.25928598886,0.0
27.94955062866211,401.979771,402.316629,52,0.0,0.0,29979.829489119064,0.0
27.973162412643433,420.219431,405.00205,53,0.0,0.0,30179.941684050234,0.0
27.973170518875122,420.219431,407.284657,53,0.0,0.0,30350.036986401432,0.0
27.98720359802246,390.650334,404.789508,53,0.0,0.0,30164.103479859885,0.0
27.99333691596985,374.91943,400.308997,53,0.0,0.0,29830.22477308606,0.0
28.10411834716797,398.309199,400.009027,53,0.0,0.0,29807.871609424386,0.0
28.104130268096924,398.309199,399.754053,53,0.0,0.0,29788.871457570964,0.0
28.104133129119873,398.309199,399.537324,53,0.0,0.0,29772.72124652575,0.0
28.104135274887085,398.309199,399.353106,53,0.0,0.0,29758.993690092022,0.0
28.10413670539856,398.309199,399.19652,53,0.0,0.0,29747.32521496075,0.0
28.104138612747192,398.309199,399.063421,53,0.0,0.0,29737.40694403297,0.0
28.104140281677246,398.309199,398.950288,53,0.0,0.0,29728.97649944006,0.0
28.1041419506073,398.309199,398.854125,53,0.0,0.0,29721.81062526198,0.0
28.104143142700195,398.309199,398.772386,53,0.0,0.0,29715.719598677515,0.0
28.104145050048828,398.309199,398.702908,53,0.0,0.0,29710.542237258418,0.0
28.13957977294922,413.505388,400.92328,54,0.0,0.0,29875.999912045245,0.0
28.139596462249756,413.505388,402.810596,54,0.0,0.0,30016.638920710444,0.0
28.1396005153656,413.505388,404.414815,54,0.0,0.0,30136.18210788307,0.0
28.139604091644287,413.505388,405.778401,54,0.0,0.0,30237.7938058021,0.0
28.139607429504395,413.505388,406.937449,54,0.0,0.0,30324.163741581477,0.0
28.149749040603638,399.01745,405.749449,54,0.0,0.0,30235.636360743152,0.0
28.159775495529175,399.01745,404.739649,54,0.0,0.0,30160.388087030577,0.0
28.169498920440674,375.025352,400.282505,54,0.0,0.0,29828.250642300573,0.0
28.18921136856079,375.025352,396.493932,54,0.0,0.0,29545.933769569263,0.0
28.19613552093506,375.007988,393.27104,54,0.0,0.0,29305.77031209049,0.0
28.230762004852295,401.793651,394.549432,54,0.0,0.0,29401.03352374425,0.0
28.23077416419983,401.793651,395.636064,54,0.0,0.0,29482.007164228344,0.0
28.230778217315674,401.793651,396.559702,54,0.0,0.0,29550.834818254232,0.0
28.23110866546631,401.793651,397.344795,54,0.0,0.0,29609.338376338823,0.0
28.239407777786255,401.793651,398.012123,54,0.0,0.0,29659.066322466835,0.0
28.249386310577393,416.018299,400.713049,54,0.0,0.0,29860.333918946748,0.0
28.259746313095093,406.101854,401.52137,55,0.0,0.0,29920.56838107352,0.0
28.279935836791992,406.101854,402.208443,55,0.0,0.0,29971.76768505898,0.0
28.279945611953735,390.703864,400.482756,55,0.0,0.0,29843.172945785638,0.0
28.28952145576477,390.703864,399.015922,55,0.0,0.0,29733.86741367738,0.0
28.331625938415527,390.310046,397.710041,55,0.0,0.0,29636.55577679478,0.0
28.331637620925903,390.310046,396.600041,55,0.0,0.0,29553.840799748872,0.0
28.331640243530273,390.310046,395.656542,55,0.0,0.0,29483.533143777844,0.0
28.331642389297485,390.310046,394.854568,55,0.0,0.0,29423.771647380177,0.0
28.339388847351074,390.310046,394.172889,55,0.0,0.0,29372.974293472358,0.0
28.34936809539795,416.473756,397.518019,55,0.0,0.0,29622.246681909815,0.0
28.359407901763916,374.981963,394.137611,55,0.0,0.0,29370.345447562242,0.0
28.369409799575806,374.981963,391.264264,55,0.0,0.0,29156.229383463207,0.0
28.379443407058716,406.261274,393.513815,55,0.0,0.0,29323.861418894383,0.0
28.389505624771118,406.261274,395.425934,55,0.0,0.0,29466.34869744757,0.0
28.432602167129517,414.054696,398.220248,56,0.0,0.0,29674.575380662944,0.0
28.432610273361206,414.054696,400.595415,56,0.0,0.0,29851.568068847806,0.0
28.432613134384155,414.054696,402.614308,56,0.0,0.0,30002.011932048837,0.0
28.432615041732788,414.054696,404.330366,56,0.0,0.0,30129.88913752582,0.0
28.439382076263428,414.054696,405.789015,56,0.0,0.0,30238.58473982585,0.0
28.44937014579773,401.515652,405.148011,56,0.0,0.0,30190.818405459784,0.0
28.459492683410645,406.207876,405.306991,56,0.0,0.0,30202.665276676682,0.0
28.46980118751526,374.640607,400.707033,56,0.0,0.0,29859.88561867475,0.0
28.480616569519043,374.640607,396.797069,56,0.0,0.0,29568.522931728512,0.0
28.489704370498657,375.1744,393.553669,56,0.0,0.0,29326.831259160317,0.0
28.530992031097412,421.259843,397.709595,56,0.0,0.0,29636.52254176797,0.0
28.53101420402527,421.259843,401.242132,56,0.0,0.0,29899.760124532673,0.0
28.53112030029297,421.259843,404.244789,56,0.0,0.0,30123.51211086757,0.0
28.531216382980347,421.259843,406.797047,56,0.0,0.0,30313.701265719134,0.0
28.539388179779053,421.259843,408.966466,56,0.0,0.0,30475.36202498756,0.0
28.549400091171265,423.22934,411.105897,56,0.0,0.0,30634.788138551805,0.0
28.55938172340393,423.22934,412.924414,57,0.0,0.0,30770.3003835181,0.0
28.569406986236572,390.691203,409.589432,57,0.0,0.0,30521.784203717634,0.0
28.579729557037354,390.691203,406.754698,57,0.0,0.0,30310.545503049838,0.0
28.59208035469055,390.603654,404.332041,57,0.0,0.0,30130.013955171362,0.0
28.641090154647827,376.210395,400.113794,57,0.0,0.0,29815.678636451565,0.0
28.64110231399536,376.210395,396.528284,57,0.0,0.0,29548.49361181384,0.0
28.64110517501831,376.210395,393.480601,57,0.0,0.0,29321.386378130777,0.0
28.64110803604126,376.210395,390.89007,57,0.0,0.0,29128.34519596707,0.0
28.641131162643433,376.210395,388.688119,57,0.0,0.0,28964.26021720922,0.0
28.649431705474854,372.30848,386.231173,57,0.0,0.0,28781.173521719997,0.0
28.659374713897705,372.30848,384.142769,57,0.0,0.0,28625.549838005958,0.0
28.6694176197052,406.230054,387.455862,57,0.0,0.0,28872.43489336268,0.0
28.679403066635132,406.230054,390.271991,57,0.0,0.0,29082.28718668999,0.0
28.689407348632812,437.505272,397.356983,57,0.0,0.0,29610.24660169039,0.0
28.738380432128906,399.529427,397.68285,58,0.0,0.0,29634.52955792914,0.0
28.738389015197754,399.529427,397.959836,58,0.0,0.0,29655.16999993999,0.0
28.738391876220703,399.529427,398.195275,58,0.0,0.0,29672.714442715405,0.0
28.738394260406494,399.529427,398.395398,58,0.0,0.0,29687.62720789681,0.0
28.74342370033264,399.529427,398.565502,58,0.0,0.0,29700.303017316102,0.0
28.759267330169678,387.568078,396.915889,58,0.0,0.0,29577.377160172295,0.0
28.759366035461426,406.249228,398.315889,58,0.0,0.0,29681.702356446414,0.0
28.769378662109375,406.249228,399.50589,58,0.0,0.0,29770.37884779741,0.0
28.77939796447754,390.666606,398.179998,58,0.0,0.0,29671.576031270062,0.0
28.789751291275024,406.197357,399.382602,58,0.0,0.0,29761.19167294152,0.0
28.83155608177185,397.733329,399.135211,58,0.0,0.0,29742.756591061916,0.0
28.831565380096436,397.733329,398.924929,58,0.0,0.0,29727.086797545544,0.0
28.831568002700806,397.733329,398.746189,58,0.0,0.0,29713.767450701238,0.0
28.831570148468018,397.733329,398.59426,58,0.0,0.0,29702.44600588357,0.0
28.84425663948059,397.733329,398.46512,58,0.0,0.0,29692.822751707256,0.0
28.849491834640503,408.525591,399.974191,58,0.0,0.0,29805.275700469105,0.0
28.870777368545532,408.525591,401.256901,59,0.0,0.0,29900.86068083537,0.0
28.87080955505371,437.514175,406.695492,59,0.0,0.0,30306.1335904994,0.0
28.879368782043457,437.514175,411.318295,59,0.0,0.0,30650.615612150534,0.0
28.889381408691406,390.65719,408.219129,59,0.0,0.0,30419.671968410483,0.0
28.931514024734497,386.484229,404.958894,59,0.0,0.0,30176.725785357088,0.0
28.931521892547607,386.484229,402.187694,59,0.0,0.0,29970.221511132208,0.0
28.93154811859131,386.484229,399.832174,59,0.0,0.0,29794.692878041053,0.0
28.931554317474365,386.484229,397.829983,59,0.0,0.0,29645.493614431572,0.0
28.939441680908203,386.484229,396.128119,59,0.0,0.0,29518.67411740882,0.0
28.952824592590332,383.071517,394.169629,59,0.0,0.0,29372.731364801035,0.0
28.96248435974121,437.414136,400.656305,59,0.0,0.0,29856.10546970576,0.0
28.983689785003662,437.414136,406.16998,59,0.0,0.0,30266.973488681968,0.0
28.9837167263031,390.638731,403.840292,59,0.0,0.0,30093.369804498074,0.0
28.989367723464966,406.11314,404.181219,59,0.0,0.0,30118.775001776747,0.0
29.070950269699097,391.741905,402.315322,60,0.0,0.0,29979.73209409654,0.0
29.070960998535156,391.741905,400.72931,60,0.0,0.0,29861.545656101465,0.0
29.070963859558105,391.741905,399.381199,60,0.0,0.0,29761.087124191254,0.0
29.07096552848816,391.741905,398.235305,60,0.0,0.0,29675.697398148874,0.0
29.070967197418213,391.741905,397.261295,60,0.0,0.0,29603.116123561053,0.0
29.070968866348267,391.741905,396.433386,60,0.0,0.0,29541.422002902396,0.0
29.0709707736969,391.741905,395.729664,60,0.0,0.0,29488.982048779246,0.0
29.071113348007202,391.741905,395.1315,60,0.0,0.0,29444.408065419168,0.0
29.09348964691162,378.3105,392.60835,60,0.0,0.0,29256.38798043413,0.0
29.093520164489746,378.3105,390.463672,60,0.0,0.0,29096.57087093786,0.0
29.130911827087402,421.271329,395.084821,60,0.0,0.0,29440.929639821396,0.0
29.130931854248047,421.271329,399.012797,60,0.0,0.0,29733.634544935696,0.0
29.13093590736389,421.271329,402.351577,60,0.0,0.0,29982.43374409006,0.0
29.131141185760498,421.271329,405.18954,60,0.0,0.0,30193.91306337126,0.0
29.139758110046387,421.271329,407.601808,60,0.0,0.0,30373.670443775383,0.0
29.149763822555542,448.434354,413.72669,60,0.0,0.0,30830.08438435097,0.0
29.15951371192932,406.175548,412.594019,61,0.0,0.0,30745.680009787397,0.0
29.18938684463501,406.175548,411.631248,61,0.0,0.0,30673.93624297166,0.0
29.18939781188965,390.628965,408.480906,61,0.0,0.0,30439.179066199806,0.0
29.189447164535522,406.248497,408.146044,61,0.0,0.0,30414.22582057499,0.0
29.230594635009766,371.993515,402.723165,61,0.0,0.0,30010.12373768513,0.0
29.23060655593872,371.993515,398.113717,61,0.0,0.0,29666.63690388846,0.0
29.230770349502563,371.993515,394.195687,61,0.0,0.0,29374.67315477569,0.0
29.230777740478516,371.993515,390.865361,61,0.0,0.0,29126.50393077083,0.0
29.239391088485718,371.993515,388.034584,61,0.0,0.0,28915.560097818496,0.0
29.249348878860474,398.172146,389.555219,61,0.0,0.0,29028.87477270157,0.0
29.259394884109497,406.234969,392.057181,61,0.0,0.0,29215.315970358984,0.0
29.2694034576416,406.234969,394.183849,61,0.0,0.0,29373.79101072319,0.0
29.28270149230957,406.262797,395.995692,61,0.0,0.0,29508.80592257525,0.0
29.297081470489502,406.262797,397.535757,61,0.0,0.0,29623.56848214661,0.0
29.33055543899536,415.467936,400.225584,62,0.0,0.0,29824.009003374056,0.0
29.330578327178955,415.467936,402.511937,62,0.0,0.0,29994.38345014328,0.0
29.33071517944336,415.467936,404.455337,62,0.0,0.0,30139.201726171224,0.0
29.330780744552612,415.467936,406.107227,62,0.0,0.0,30262.29726079498,0.0
29.33940839767456,415.467936,407.511333,62,0.0,0.0,30366.928427966166,0.0
29.349395275115967,397.811527,406.056362,62,0.0,0.0,30258.50690286035,0.0
29.35948348045349,374.902825,401.383332,62,0.0,0.0,29910.282065756892,0.0
29.369714975357056,374.902825,397.411256,62,0.0,0.0,29614.29091695995,0.0
29.38148021697998,390.67274,396.400478,62,0.0,0.0,29538.96976464598,0.0
29.390328407287598,406.152239,397.863242,62,0.0,0.0,29647.972008505058,0.0
29.430586338043213,401.978757,398.48057,62,0.0,0.0,29693.97405476614,0.0
29.430601835250854,401.978757,399.005298,62,0.0,0.0,29733.075734473656,0.0
29.430721044540405,401.978757,399.451317,62,0.0,0.0,29766.312177128646,0.0
29.430805206298828,401.978757,399.830433,62,0.0,0.0,29794.56314220769,0.0
29.439372777938843,401.978757,400.152681,62,0.0,0.0,29818.57641781407,0.0
29.449400901794434,399.029709,399.984236,62,0.0,0.0,29806.024233752363,0.0
29.459394454956055,406.239478,400.922522,63,0.0,0.0,29875.943427403265,0.0
29.469391584396362,406.239478,401.720065,63,0.0,0.0,29935.374734554724,0.0
29.479434967041016,406.272568,402.402941,63,0.0,0.0,29986.261286505356,0.0
29.489600896835327,406.246263,402.979439,63,0.0,0.0,30029.220762935103,0.0
29.541669845581055,394.862242,401.76186,63,0.0,0.0,29938.4892142535,0.0
29.54169249534607,394.862242,400.726917,63,0.0,0.0,29861.36733453384,0.0
29.541695833206177,394.862242,399.847216,63,0.0,0.0,29795.813777757026,0.0
29.541698694229126,394.862242,399.09947,63,0.0,0.0,29740.093243319032,0.0
29.541733026504517,394.862242,398.463886,63,0.0,0.0,29692.73079649854,0.0
29.54934811592102,381.36567,395.899153,63,0.0,0.0,29501.612029630174,0.0
29.559427738189697,374.992388,392.763138,63,0.0,0.0,29267.92247220619,0.0
29.569392442703247,374.992388,390.097526,63,0.0,0.0,29069.286404284303,0.0
29.579389333724976,421.883986,394.865495,63,0.0,0.0,29424.585905537097,0.0
29.589705228805542,421.883986,398.918268,63,0.0,0.0,29726.590433165275,0.0
29.632928133010864,409.364036,400.485134,64,0.0,0.0,29843.350149583308,0.0
29.632935285568237,409.364036,401.816969,64,0.0,0.0,29942.59582656883,0.0
29.632937908172607,409.364036,402.949029,64,0.0,0.0,30026.954670636034,0.0
29.63294005393982,409.364036,403.91128,64,0.0,0.0,30098.659688093147,0.0
29.653575658798218,409.364036,404.729193,64,0.0,0.0,30159.608926850404,0.0
29.653603553771973,397.802961,403.690258,64,0.0,0.0,30082.189571285366,0.0
29.659351348876953,406.240981,404.072867,64,0.0,0.0,30110.70082772911,0.0
29.669400691986084,374.860439,399.691003,64,0.0,0.0,29784.173097838764,0.0
29.679370164871216,406.188341,400.665603,64,0.0,0.0,29856.798338045013,0.0
29.689421892166138,406.188341,401.494014,64,0.0,0.0,29918.529866738325,0.0
29.736425638198853,395.366578,400.574899,64,0.0,0.0,29850.039257614408,0.0
29.7364342212677,395.366578,399.793651,64,0.0,0.0,29791.822221229577,0.0
29.73643684387207,395.366578,399.12959,64,0.0,0.0,29742.33772539887,0.0
29.736438751220703,395.366578,398.565138,64,0.0,0.0,29700.275892765072,0.0
29.741500854492188,395.366578,398.085354,64,0.0,0.0,29664.523349929943,0.0
29.75760841369629,402.809938,398.794042,64,0.0,0.0,29717.33336042788,0.0
29.759351015090942,406.236432,399.9104,65,0.0,0.0,29800.522122900864,0.0
29.769345998764038,406.236432,400.859305,65,0.0,0.0,29871.232623165506,0.0
29.779380083084106,406.300422,401.675472,65,0.0,0.0,29932.051753499407,0.0
29.789412260055542,406.1883,402.352397,65,0.0,0.0,29982.494848847873,0.0
29.84694743156433,389.020739,400.352648,65,0.0,0.0,29833.477558187893,0.0
29.84695553779602,389.020739,398.652862,65,0.0,0.0,29706.812909563614,0.0
29.84695792198181,389.020739,397.208043,65,0.0,0.0,29599.147891166773,0.0
29.846959829330444,389.020739,395.979948,65,0.0,0.0,29507.63271122515,0.0
29.846961498260498,389.020739,394.936066,65,0.0,0.0,29429.84471512728,0.0
29.851972341537476,394.542606,394.877047,65,0.0,0.0,29425.446737442355,0.0
29.867931365966797,406.107091,396.561554,65,0.0,0.0,29550.9728255853,0.0
29.869340419769287,406.107091,397.993384,65,0.0,0.0,29657.66992971471,0.0
29.879364728927612,421.956269,401.587817,65,0.0,0.0,29925.519878442683,0.0
29.889387607574463,421.956269,404.643085,65,0.0,0.0,30153.192331135568,0.0
29.930795192718506,395.754018,403.309725,66,0.0,0.0,30053.833014204098,0.0
29.930802822113037,395.754018,402.176369,66,0.0,0.0,29969.37759481235,0.0
29.93086886405945,395.754018,401.213016,66,0.0,0.0,29897.590458522154,0.0
29.931072473526,395.754018,400.394166,66,0.0,0.0,29836.5713964014,0.0
29.944573879241943,395.754018,399.698144,66,0.0,0.0,29784.70523085775,0.0
29.949726581573486,384.892672,397.477323,66,0.0,0.0,29619.214097490123,0.0
29.959343433380127,406.236472,398.791196,66,0.0,0.0,29717.12128220746,0.0
29.980746746063232,374.828553,395.196799,66,0.0,0.0,29449.274016127383,0.0
29.98075771331787,374.828553,392.141562,66,0.0,0.0,29221.60387349242,0.0
29.98936176300049,406.343296,394.271822,66,0.0,0.0,29380.34658250306,0.0
30.064716339111328,416.520273,397.60909,67,0.0,0.0,29629.03311044544,0.0
30.06472659111023,416.520273,400.445767,67,0.0,0.0,29840.41659958207,0.0
30.06472945213318,416.520273,402.856943,67,0.0,0.0,30020.092606333103,0.0
30.06473207473755,416.520273,404.906443,67,0.0,0.0,30172.817241878678,0.0
30.06473422050476,416.520273,406.648517,67,0.0,0.0,30302.633107574424,0.0
30.064736127853394,416.520273,408.12928,67,0.0,0.0,30412.976600867605,0.0
30.064737796783447,416.520273,409.387929,67,0.0,0.0,30506.768603699904,0.0
30.07012367248535,416.520273,410.457781,67,0.0,0.0,30586.491832188658,0.0
30.091817378997803,417.082814,411.451536,67,0.0,0.0,30660.544464633935,0.0
30.091847896575928,417.082814,412.296228,67,0.0,0.0,30723.489220841922,0.0
30.13335156440735,381.156586,407.625281,67,0.0,0.0,30375.419604726914,0.0
30.133358478546143,381.156586,403.654977,67,0.0,0.0,30079.56050182126,0.0
30.133361101150513,381.156586,400.280218,67,0.0,0.0,29828.080219640655,0.0
30.133363246917725,381.156586,397.411674,67,0.0,0.0,29614.322065482836,0.0
30.139437198638916,381.156586,394.973411,67,0.0,0.0,29432.627589737895,0.0
30.167954921722412,357.85875,389.406211,67,0.0,0.0,29017.770994954124,0.0
30.168134689331055,405.938037,391.885985,67,0.0,0.0,29202.558787286598,0.0
30.172887802124023,405.938037,393.993793,67,0.0,0.0,29359.628418220997,0.0
30.189067363739014,406.423482,395.858246,67,0.0,0.0,29498.563721913048,0.0
30.189354419708252,406.222174,397.412835,67,0.0,0.0,29614.40858087775,0.0
30.230971097946167,413.796374,399.870366,68,0.0,0.0,29797.538869395412,0.0
30.230993270874023,413.796374,401.959267,68,0.0,0.0,29953.199588554126,0.0
30.23106622695923,413.796374,403.734834,68,0.0,0.0,30085.511285534732,0.0
30.231162786483765,413.796374,405.244065,68,0.0,0.0,30197.976157176152,0.0
30.239393711090088,413.796374,406.526911,68,0.0,0.0,30293.571271990055,0.0
30.252063035964966,389.278056,403.939583,68,0.0,0.0,30100.768770971827,0.0
30.259478330612183,389.278056,401.740354,68,0.0,0.0,29936.886630202735,0.0
30.279182195663452,375.004163,397.729925,68,0.0,0.0,29638.03749265386,0.0
30.279357194900513,406.19886,399.000265,68,0.0,0.0,29732.700685393047,0.0
30.30113387107849,374.943046,395.391682,68,0.0,0.0,29463.796307002733,0.0
30.33084774017334,407.405328,397.193729,68,0.0,0.0,29598.08124055287,0.0
30.330857753753662,407.405328,398.725469,68,0.0,0.0,29712.223437796376,0.0
30.330946445465088,407.405328,400.027448,68,0.0,0.0,29809.24430545336,0.0
30.33103108406067,407.405328,401.13413,68,0.0,0.0,29891.712031784104,0.0
30.339396238327026,407.405328,402.074809,68,0.0,0.0,29961.80954700263,0.0
30.349709272384644,420.54775,404.845751,68,0.0,0.0,30168.294595584204,0.0
30.360095262527466,420.54775,407.201051,69,0.0,0.0,30343.806834715942,0.0
30.369507312774658,421.880463,409.402962,69,0.0,0.0,30507.88883275389,0.0
30.381109476089478,421.880463,411.274588,69,0.0,0.0,30647.358654040858,0.0
30.39069628715515,375.006244,405.834336,69,0.0,0.0,30241.961969983236,0.0
30.43080163002014,377.72702,401.618239,69,0.0,0.0,29927.78686495772,0.0
30.43081259727478,377.72702,398.034556,69,0.0,0.0,29660.737984701133,0.0
30.430865049362183,377.72702,394.988425,69,0.0,0.0,29433.746402949935,0.0
30.430973052978516,377.72702,392.399215,69,0.0,0.0,29240.803659060715,0.0
30.439382314682007,377.72702,390.198385,69,0.0,0.0,29076.802214977877,0.0
30.449358463287354,402.46288,392.03806,69,0.0,0.0,29213.89111173187,0.0
30.45970129966736,402.46288,393.601783,69,0.0,0.0,29330.416618084266,0.0
30.46988582611084,406.266941,395.501556,69,0.0,0.0,29471.98389744232,0.0
30.479501008987427,406.266941,397.116364,69,0.0,0.0,29592.316155688757,0.0
30.49746799468994,406.244719,398.485617,69,0.0,0.0,29694.350147098707,0.0
30.53071880340576,400.870164,398.843299,70,0.0,0.0,29721.00389342279,0.0
30.530744075775146,400.870164,399.147329,70,0.0,0.0,29743.659600153664,0.0
30.53079891204834,400.870164,399.405754,70,0.0,0.0,29762.916913615907,0.0
30.530888319015503,400.870164,399.625416,70,0.0,0.0,29779.285685947307,0.0
30.539390563964844,400.870164,399.812128,70,0.0,0.0,29793.199090266407,0.0
30.549365520477295,401.416153,400.052732,70,0.0,0.0,29811.128418498076,0.0
30.55937147140503,401.416153,400.257245,70,0.0,0.0,29826.368317687797,0.0
30.56970453262329,390.63332,398.813656,70,0.0,0.0,29718.79495642768,0.0
30.57974410057068,390.63332,397.586606,70,0.0,0.0,29627.357647793284,0.0
30.58956217765808,406.214273,398.880756,70,0.0,0.0,29723.795114049106,0.0
30.635042667388916,391.620611,397.791734,70,0.0,0.0,29642.643375551368,0.0
30.635051488876343,391.620611,396.866066,70,0.0,0.0,29573.664449990883,0.0
30.635054111480713,391.620611,396.079247,70,0.0,0.0,29515.032273842884,0.0
30.635056495666504,391.620611,395.410452,70,0.0,0.0,29465.19500981278,0.0
30.639333248138428,391.620611,394.841976,70,0.0,0.0,29422.83331675769,0.0
30.649349689483643,422.192479,398.944551,70,0.0,0.0,29728.548989689323,0.0
30.65935444831848,406.243256,400.039357,71,0.0,0.0,29810.13174028367,0.0
30.669702529907227,437.467584,405.653591,71,0.0,0.0,30228.493214554263,0.0
30.67974877357483,437.467584,410.42569,71,0.0,0.0,30584.100475136063,0.0
30.689860820770264,390.560636,407.445932,71,0.0,0.0,30362.054876422226,0.0
30.736048936843872,375.241487,402.615265,71,0.0,0.0,30002.083245772294,0.0
30.7360577583313,375.241487,398.509198,71,0.0,0.0,29696.107355993954,0.0
30.73606038093567,375.241487,395.019042,71,0.0,0.0,29436.027920474455,0.0
30.73606276512146,375.241487,392.052409,71,0.0,0.0,29214.960370475685,0.0
30.739357233047485,375.241487,389.53077,71,0.0,0.0,29027.05288218464,0.0
30.749348163604736,391.551466,389.833875,71,0.0,0.0,29049.639659767967,0.0
30.75937509536743,391.551466,390.091514,71,0.0,0.0,29068.838402084304,0.0
30.7693874835968,421.813289,394.84978,71,0.0,0.0,29423.41485520892,0.0
30.779404878616333,421.813289,398.894306,71,0.0,0.0,29724.804832913043,0.0
30.789687395095825,421.951584,402.352898,71,0.0,0.0,29982.532182364543,0.0
30.83178472518921,412.250816,403.837586,72,0.0,0.0,30093.16815879727,0.0
30.83179497718811,412.250816,405.09957,72,0.0,0.0,30187.208679150703,0.0
30.83179783821106,412.250816,406.172257,72,0.0,0.0,30267.143166161914,0.0
30.83179998397827,412.250816,407.084041,72,0.0,0.0,30335.087483847343,0.0
30.84875226020813,412.250816,407.859057,72,0.0,0.0,30392.840124072758,0.0
30.84932518005371,392.560151,405.564221,72,0.0,0.0,30221.833541132106,0.0
30.859352111816406,406.239438,405.665504,72,0.0,0.0,30229.380947456557,0.0
30.869386672973633,343.681264,396.367868,72,0.0,0.0,29536.539732752764,0.0
30.879372119903564,343.681264,388.464877,72,0.0,0.0,28947.62467044734,0.0
30.88975715637207,406.316595,391.142635,72,0.0,0.0,29147.165833964904,0.0
30.93783712387085,421.878585,395.753027,72,0.0,0.0,29490.723012751067,0.0
30.93784737586975,421.878585,399.671861,72,0.0,0.0,29782.7466743337,0.0
30.9378502368927,421.878585,403.00287,72,0.0,0.0,30030.966794130738,0.0
30.937852382659912,421.878585,405.834227,72,0.0,0.0,30241.953847521527,0.0
30.942910194396973,421.878585,408.240881,72,0.0,0.0,30421.29288388859,0.0
30.96005082130432,404.97893,407.751588,72,0.0,0.0,30384.83174941677,0.0
30.960075616836548,404.97893,407.335689,73,0.0,0.0,30353.839788841622,0.0
30.96980333328247,421.834377,409.510492,73,0.0,0.0,30515.90175300772,0.0
30.979366540908813,421.834377,411.359075,73,0.0,0.0,30653.654456082008,0.0
30.989376544952393,375.040279,405.911256,73,0.0,0.0,30247.693894338525,0.0
31.071879386901855,394.660015,404.22357,73,0.0,0.0,30121.93091348204,0.0
31.071890592575073,394.660015,402.789036,73,0.0,0.0,30015.032312687832,0.0
31.07189393043518,394.660015,401.569683,73,0.0,0.0,29924.16856907894,0.0
31.071895837783813,394.660015,400.533233,73,0.0,0.0,29846.934390737297,0.0
31.071897745132446,394.660015,399.65225,73,0.0,0.0,29781.285301887892,0.0
31.07189965248108,394.660015,398.903415,73,0.0,0.0,29725.483617350805,0.0
31.071901559829712,394.660015,398.266905,73,0.0,0.0,29678.052166864774,0.0
31.071919679641724,394.660015,397.725871,73,0.0,0.0,29637.73539669265,0.0
31.079328536987305,400.324209,398.115622,73,0.0,0.0,29666.77886067339,0.0
31.089368104934692,400.324209,398.44691,73,0.0,0.0,29691.465778975722,0.0
31.13191819190979,408.031764,399.884638,74,0.0,0.0,29798.60239025343,0.0
31.131927251815796,408.031764,401.106707,74,0.0,0.0,29889.66852474308,0.0
31.13193106651306,408.031764,402.145466,74,0.0,0.0,29967.07476514059,0.0
31.13193368911743,408.031764,403.028411,74,0.0,0.0,30032.870058300763,0.0
31.13943386077881,408.031764,403.778914,74,0.0,0.0,30088.79603885742,0.0
31.15805435180664,384.622238,400.905412,74,0.0,0.0,29874.6684244688,0.0
31.160769939422607,406.237975,401.705297,74,0.0,0.0,29934.27425277003,0.0
31.183558464050293,374.867409,397.679614,74,0.0,0.0,29634.288417689753,0.0
31.183584213256836,374.867409,394.257783,74,0.0,0.0,29379.300424338428,0.0
31.189351558685303,375.073627,391.38016,74,0.0,0.0,29164.86572128277,0.0
31.230796098709106,423.297767,396.167801,74,0.0,0.0,29521.631140579215,0.0
31.23081135749817,423.297767,400.237296,74,0.0,0.0,29824.881758158892,0.0
31.2308292388916,423.297767,403.696367,74,0.0,0.0,30082.644801731105,0.0
31.230959177017212,423.297767,406.636577,74,0.0,0.0,30301.743362686197,0.0
31.24053168296814,423.297767,409.135755,74,0.0,0.0,30487.977102239023,0.0
31.249436855316162,418.71704,410.572948,74,0.0,0.0,30595.073846388164,0.0
31.268142700195312,374.477828,405.15868,75,0.0,0.0,30191.613437973392,0.0
31.27337336540222,374.477828,400.556552,75,0.0,0.0,29848.67207591723,0.0
31.279374599456787,422.083699,403.785624,75,0.0,0.0,30089.296054619565,0.0
31.295358180999756,422.083699,406.530336,75,0.0,0.0,30293.826496130943,0.0
31.330669164657593,371.775372,401.317091,75,0.0,0.0,29905.345919095176,0.0
31.330678939819336,371.775372,396.885833,75,0.0,0.0,29575.13744724428,0.0
31.33081865310669,371.775372,393.119264,75,0.0,0.0,29294.460268526414,0.0
31.330945014953613,371.775372,389.91768,75,0.0,0.0,29055.884640534936,0.0
31.339702129364014,371.775372,387.196334,75,0.0,0.0,28853.09538654937,0.0
31.349866151809692,367.213217,384.198866,75,0.0,0.0,28629.730074102667,0.0
31.35948348045349,367.213217,381.651019,75,0.0,0.0,28439.869618137363,0.0
31.38191294670105,390.611993,382.995165,75,0.0,0.0,28540.032686188126,0.0
31.381921529769897,390.611993,384.137689,75,0.0,0.0,28625.171286579483,0.0
31.40375065803528,437.52146,392.145255,75,0.0,0.0,29221.87906845659,0.0
31.430695056915283,424.385892,396.98135,76,0.0,0.0,29582.255182796078,0.0
31.430706024169922,424.385892,401.092032,76,0.0,0.0,29888.57497313214,0.0
31.430721521377563,424.385892,404.586111,76,0.0,0.0,30148.946742755197,0.0
31.43108081817627,424.385892,407.556078,76,0.0,0.0,30370.262735757093,0.0
31.43940305709839,424.385892,410.08055,76,0.0,0.0,30558.381333534602,0.0
31.449742078781128,383.035975,406.023864,76,0.0,0.0,30256.085216982836,0.0
31.47360348701477,383.035975,402.575681,76,0.0,0.0,29999.133525365636,0.0
31.478546619415283,406.281223,403.131512,76,0.0,0.0,30040.55293834438,0.0
31.483128309249878,374.966665,398.906785,76,0.0,0.0,29725.734743001834,0.0
31.500256299972534,374.99445,395.319935,76,0.0,0.0,29458.449864247676,0.0
31.530867338180542,422.248612,399.359236,76,0.0,0.0,29759.45048541571,0.0
31.530877351760864,422.248612,402.792643,76,0.0,0.0,30015.30109910423,0.0
31.530940055847168,422.248612,405.711038,76,0.0,0.0,30232.774049947377,0.0
31.531129837036133,422.248612,408.191674,76,0.0,0.0,30417.62607679355,0.0
31.53934383392334,422.248612,410.300215,76,0.0,0.0,30574.750329419992,0.0
31.549694538116455,421.040094,411.911197,76,0.0,0.0,30694.797481808615,0.0
31.561488151550293,437.498381,415.749275,77,0.0,0.0,30980.803367998175,0.0
31.569541454315186,437.498381,419.011641,77,0.0,0.0,31223.908348903897,0.0
31.58119535446167,375.009019,412.411247,77,0.0,0.0,30732.060206377813,0.0
31.590981006622314,374.991675,406.798312,77,0.0,0.0,30313.795530985768,0.0
31.630881547927856,369.699963,401.233559,77,0.0,0.0,29899.121281741485,0.0
31.630893230438232,369.699963,396.50352,77,0.0,0.0,29546.648248127745,0.0
31.63090968132019,369.699963,392.482986,77,0.0,0.0,29247.04610621577,0.0
31.63121724128723,369.699963,389.065533,77,0.0,0.0,28992.38435265679,0.0
31.639378309249878,369.699963,386.160697,77,0.0,0.0,28775.92179133956,0.0
31.649397373199463,386.820244,386.259629,77,0.0,0.0,28783.294005852265,0.0
31.659804821014404,386.820244,386.343722,77,0.0,0.0,28789.560447802465,0.0
31.66973376274109,421.775018,391.658416,77,0.0,0.0,29185.600801150234,0.0
31.679872035980225,421.775018,396.175907,77,0.0,0.0,29522.235183465637,0.0
31.698500871658325,406.329397,397.69893,77,0.0,0.0,29635.72780732635,0.0
31.73102569580078,421.39641,401.253552,78,0.0,0.0,29900.611120062284,0.0
31.731038808822632,421.39641,404.274981,78,0.0,0.0,30125.76195824322,0.0
31.731053829193115,421.39641,406.843195,78,0.0,0.0,30317.140122260313,0.0
31.73110008239746,421.39641,409.026177,78,0.0,0.0,30479.811569126654,0.0
31.739337682724,421.39641,410.881712,78,0.0,0.0,30618.08232131843,0.0
31.749371767044067,389.103984,407.615053,78,0.0,0.0,30374.657434650137,0.0
31.759357929229736,389.103984,404.838393,78,0.0,0.0,30167.746292159787,0.0
31.769376516342163,359.337072,398.013195,78,0.0,0.0,29659.146205759986,0.0
31.779511213302612,359.337072,392.211776,78,0.0,0.0,29226.836080157555,0.0
31.790815830230713,405.971463,394.275729,78,0.0,0.0,29380.637724318665,0.0
31.84258198738098,402.60175,395.524632,78,0.0,0.0,29473.70347474891,0.0
31.842593908309937,402.60175,396.5862,78,0.0,0.0,29552.80939614771,0.0
31.842596769332886,402.60175,397.488532,78,0.0,0.0,29620.049369722296,0.0
31.84259867668152,402.60175,398.255515,78,0.0,0.0,29677.203406875084,0.0
31.84260082244873,402.60175,398.90745,78,0.0,0.0,29725.784297470065,0.0
31.849316120147705,397.805189,398.742111,78,0.0,0.0,29713.463566308088,0.0
31.859676122665405,397.805189,398.601573,79,0.0,0.0,29702.990955998106,0.0
31.869725465774536,421.793763,402.080401,79,0.0,0.0,29962.226251643748,0.0
31.879730701446533,421.793763,405.037405,79,0.0,0.0,30182.576267846143,0.0
31.889549016952515,390.689757,402.885258,79,0.0,0.0,30022.202583427752,0.0
31.938708066940308,383.537767,399.983134,79,0.0,0.0,29805.942114919293,0.0
31.938716888427734,383.537767,397.516329,79,0.0,0.0,29622.120746494315,0.0
31.938719987869263,383.537767,395.419545,79,0.0,0.0,29465.872601962583,0.0
31.938722610473633,383.537767,393.637278,79,0.0,0.0,29333.061634399804,0.0
31.939311265945435,383.537767,392.122352,79,0.0,0.0,29220.17238276354,0.0
31.949308156967163,406.585691,394.291853,79,0.0,0.0,29381.839252507758,0.0
31.95934820175171,406.585691,396.135928,79,0.0,0.0,29519.256028450036,0.0
31.969372987747192,406.188686,397.643842,79,0.0,0.0,29631.62275988896,0.0
31.97934865951538,406.188686,398.925569,79,0.0,0.0,29727.134489063843,0.0
31.990182876586914,406.310581,400.03332,79,0.0,0.0,29809.681875133734,0.0
32.06055498123169,399.920256,400.016361,80,0.0,0.0,29808.418124416872,0.0
32.06057667732239,399.920256,400.001945,80,0.0,0.0,29807.34387296723,0.0
32.06070923805237,399.920256,399.989692,80,0.0,0.0,29806.430803945845,0.0
32.06076431274414,399.920256,399.979277,80,0.0,0.0,29805.654699003564,0.0
32.06084418296814,399.920256,399.970424,80,0.0,0.0,29804.99499117312,0.0
32.060924768447876,399.920256,399.962898,80,0.0,0.0,29804.434168725154,0.0
32.061012506484985,399.920256,399.956502,80,0.0,0.0,29803.957551614178,0.0
32.069369077682495,399.920256,399.951065,80,0.0,0.0,29803.552397262647,0.0
32.079352617263794,397.017162,399.51098,80,0.0,0.0,29770.758144403866,0.0
32.08967566490173,406.231963,400.519127,80,0.0,0.0,29845.883239866842,0.0
32.13642597198486,391.530273,399.170799,80,0.0,0.0,29745.4085375512,0.0
32.13643717765808,391.530273,398.02472,80,0.0,0.0,29660.00502567931,0.0
32.13644027709961,391.530273,397.050553,80,0.0,0.0,29587.4120517659,0.0
32.13644289970398,391.530273,396.222511,80,0.0,0.0,29525.708020213613,0.0
32.14217019081116,391.530273,395.518675,80,0.0,0.0,29473.259571038758,0.0
32.14931774139404,405.441939,397.007165,80,0.0,0.0,29584.178864897374,0.0
32.167935371398926,405.441939,398.272381,81,0.0,0.0,29678.4602274182,0.0
32.169323682785034,421.836718,401.807032,81,0.0,0.0,29941.85534122928,0.0
32.17935800552368,421.836718,404.811485,81,0.0,0.0,30165.741161887396,0.0
32.18935561180115,406.319968,405.037757,81,0.0,0.0,30182.602498181208,0.0
32.24639415740967,392.270821,403.122717,81,0.0,0.0,30039.897552557784,0.0
32.24640464782715,392.270821,401.494932,81,0.0,0.0,29918.598274259883,0.0
32.24640774726868,392.270821,400.111316,81,0.0,0.0,29815.49398085416,0.0
32.24641036987305,392.270821,398.935242,81,0.0,0.0,29727.855301652104,0.0
32.25225830078125,392.270821,397.935579,81,0.0,0.0,29653.362416878546,0.0
32.252264738082886,386.957151,396.288814,81,0.0,0.0,29530.648786991154,0.0
32.25929832458496,386.957151,394.889065,81,0.0,0.0,29426.342294734368,0.0
32.27743744850159,390.580161,394.242729,81,0.0,0.0,29378.17863040649,0.0
32.27930927276611,390.580161,393.693344,81,0.0,0.0,29337.239560438597,0.0
32.28935265541077,437.55104,400.271999,81,0.0,0.0,29827.467756220532,0.0
32.33121585845947,407.658117,401.379916,82,0.0,0.0,29910.02751227798,0.0
32.33122491836548,407.658117,402.321646,82,0.0,0.0,29980.203345911716,0.0
32.331228733062744,407.658117,403.122117,82,0.0,0.0,30039.852841759388,0.0
32.33123183250427,407.658117,403.802517,82,0.0,0.0,30090.55488714861,0.0
32.33935904502869,407.658117,404.380857,82,0.0,0.0,30133.651625729442,0.0
32.35234069824219,369.523587,399.152266,82,0.0,0.0,29744.02749550652,0.0
32.363077878952026,369.523587,394.707964,82,0.0,0.0,29412.84701089834,0.0
32.36930727958679,406.19358,396.430807,82,0.0,0.0,29541.229820987264,0.0
32.38857126235962,406.19358,397.895223,82,0.0,0.0,29650.355168577946,0.0
32.3893039226532,390.685048,396.813696,82,0.0,0.0,29569.76194247026,0.0
32.43079614639282,422.411503,400.653368,82,0.0,0.0,29855.886610347578,0.0
32.43081855773926,422.411503,403.917088,82,0.0,0.0,30099.092488621693,0.0
32.43095803260803,422.411503,406.69125,82,0.0,0.0,30305.817485154697,0.0
32.43096971511841,422.411503,409.049288,82,0.0,0.0,30481.53375456314,0.0
32.44150638580322,422.411503,411.05362,82,0.0,0.0,30630.892561204928,0.0
32.44945549964905,420.64335,412.49208,82,0.0,0.0,30738.083719656694,0.0
32.47362542152405,420.64335,413.714771,83,0.0,0.0,30829.196204340686,0.0
32.47367072105408,390.579068,410.244415,83,0.0,0.0,30570.5922251685,0.0
32.47942566871643,390.579068,407.294613,83,0.0,0.0,30350.77888758294,0.0
32.4994330406189,390.691926,404.80421,83,0.0,0.0,30165.19904345676,0.0
32.53110456466675,384.938282,401.824321,83,0.0,0.0,29943.143682885267,0.0
32.53112196922302,384.938282,399.291415,83,0.0,0.0,29754.396600318196,0.0
32.53112602233887,384.938282,397.138445,83,0.0,0.0,29593.96158758799,0.0
32.531129360198975,384.938282,395.308421,83,0.0,0.0,29457.59186402632,0.0
32.53971481323242,384.938282,393.7529,83,0.0,0.0,29341.677554288097,0.0
32.55214047431946,386.473227,392.660949,83,0.0,0.0,29260.30755257615,0.0
32.55942940711975,386.473227,391.732791,83,0.0,0.0,29191.1430772023,0.0
32.57848572731018,406.206373,393.903828,83,0.0,0.0,29352.92440659042,0.0
32.5842809677124,406.206373,395.74921,83,0.0,0.0,29490.43857755523,0.0
32.589969635009766,390.673111,394.987795,83,0.0,0.0,29433.699456611612,0.0
32.63084149360657,414.884935,397.972366,84,0.0,0.0,29656.103710446645,0.0
32.63085389137268,414.884935,400.509251,84,0.0,0.0,29845.147300125118,0.0
32.631229877471924,414.884935,402.665604,84,0.0,0.0,30005.83440724032,0.0
32.631237268447876,414.884935,404.498503,84,0.0,0.0,30142.418370044346,0.0
32.639363050460815,414.884935,406.056468,84,0.0,0.0,30258.514801768066,0.0
32.64970684051514,420.65386,408.246077,84,0.0,0.0,30421.680079402762,0.0
32.65984106063843,420.65386,410.107244,84,0.0,0.0,30560.370516955554,0.0
32.66951513290405,390.487607,407.164299,84,0.0,0.0,30341.068149277748,0.0
32.69579339027405,390.487607,404.662795,84,0.0,0.0,30154.661080863116,0.0
32.695802450180054,359.43756,397.87901,84,0.0,0.0,29649.147008287095,0.0
32.73102617263794,404.993339,398.946159,84,0.0,0.0,29728.668814629047,0.0
32.73106145858765,404.993339,399.853236,84,0.0,0.0,29796.262376101,0.0
32.73122596740723,404.993339,400.624251,84,0.0,0.0,29853.716869819065,0.0
32.73129320144653,404.993339,401.279614,84,0.0,0.0,29902.553208108915,0.0
32.739362716674805,404.993339,401.836673,84,0.0,0.0,29944.064129188395,0.0
32.749351263046265,443.263306,408.050668,84,0.0,0.0,30407.11859206081,0.0
32.759440898895264,443.263306,413.332564,85,0.0,0.0,30800.71490413187,0.0
32.769391775131226,406.191711,412.261436,85,0.0,0.0,30720.896590678512,0.0
32.790024280548096,406.191711,411.350977,85,0.0,0.0,30653.051009339557,0.0
32.790035247802734,375.043411,405.904842,85,0.0,0.0,30247.215935903594,0.0
32.83121418952942,358.791907,398.837902,85,0.0,0.0,29720.60171979115,0.0
32.83124351501465,358.791907,392.831003,85,0.0,0.0,29272.97963609558,0.0
32.831318616867065,358.791907,387.725139,85,0.0,0.0,28892.500876132042,0.0
32.83136534690857,358.791907,383.385154,85,0.0,0.0,28569.093885452232,0.0
32.83932113647461,358.791907,379.696167,85,0.0,0.0,28294.197962003895,0.0
32.84928846359253,412.271645,384.582489,85,0.0,0.0,28658.316891795712,0.0
32.859318256378174,412.271645,388.735862,85,0.0,0.0,28967.81792995616,0.0
32.87077045440674,406.17366,391.351532,85,0.0,0.0,29162.732420054963,0.0
32.87939643859863,406.17366,393.574851,85,0.0,0.0,29328.409699379947,0.0
32.90076017379761,421.956269,397.832064,85,0.0,0.0,29645.648686384036,0.0
32.93186926841736,399.422372,398.07061,86,0.0,0.0,29663.424656577183,0.0
32.93187856674194,399.422372,398.273374,86,0.0,0.0,29678.53422378956,0.0
32.93188190460205,399.422372,398.445724,86,0.0,0.0,29691.377400630878,0.0
32.93188428878784,399.422372,398.592221,86,0.0,0.0,29702.294063686997,0.0
32.939358949661255,399.422372,398.716744,86,0.0,0.0,29711.573268269593,0.0
32.949326038360596,404.660087,399.608245,86,0.0,0.0,29778.00613741501,0.0
32.959333419799805,404.660087,400.366021,86,0.0,0.0,29834.474087366307,0.0
32.96932649612427,406.200728,401.241227,86,0.0,0.0,29899.69268574508,0.0
32.98137855529785,406.200728,401.985153,86,0.0,0.0,29955.128561433237,0.0
32.989402294158936,375.046187,397.944308,86,0.0,0.0,29654.012884477313,0.0
33.06069207191467,416.978684,400.799464,87,0.0,0.0,29866.773391686766,0.0
33.06070423126221,416.978684,403.226347,87,0.0,0.0,30047.619852621992,0.0
33.060776472091675,416.978684,405.289198,87,0.0,0.0,30201.33937795004,0.0
33.06094527244568,416.978684,407.04262,87,0.0,0.0,30332.000873879577,0.0
33.06095266342163,416.978684,408.53303,87,0.0,0.0,30443.063242293083,0.0
33.06106686592102,416.978684,409.799878,87,0.0,0.0,30537.466218185564,0.0
33.061113357543945,416.978684,410.876699,87,0.0,0.0,30617.708762597773,0.0
33.06935501098633,416.978684,411.791997,87,0.0,0.0,30685.91493652585,0.0
33.07966375350952,448.747933,417.335387,87,0.0,0.0,31098.997257792984,0.0
33.08969783782959,374.997938,410.98477,87,0.0,0.0,30625.76199708816,0.0
33.16242837905884,391.359057,408.040913,87,0.0,0.0,30406.391668996777,0.0
33.162442445755005,391.359057,405.538634,87,0.0,0.0,30219.926849134205,0.0
33.16244673728943,391.359057,403.411698,87,0.0,0.0,30061.43183794671,0.0
33.16244983673096,391.359057,401.603802,87,0.0,0.0,29926.71104863014,0.0
33.16245245933533,391.359057,400.06709,87,0.0,0.0,29812.19834790386,0.0
33.16245484352112,391.359057,398.760885,87,0.0,0.0,29714.86256719012,0.0
33.16255235671997,354.089067,392.060112,87,0.0,0.0,29215.53438260919,0.0
33.169432401657104,405.947772,394.143261,87,0.0,0.0,29370.76647424721,0.0
33.179450035095215,405.947772,395.913938,87,0.0,0.0,29502.713778220826,0.0
33.18944954872131,406.405796,397.487716,87,0.0,0.0,29619.98856303646,0.0
33.24970602989197,390.191457,396.393278,88,0.0,0.0,29538.43323506514,0.0
33.24971580505371,390.191457,395.463004,88,0.0,0.0,29469.111079608923,0.0
33.249719858169556,390.191457,394.672272,88,0.0,0.0,29410.187314537332,0.0
33.24972319602966,390.191457,394.00015,88,0.0,0.0,29360.102129130075,0.0
33.249725341796875,390.191457,393.428846,88,0.0,0.0,29317.529699178514,0.0
33.24972748756409,390.191457,392.943238,88,0.0,0.0,29281.343163526883,0.0
33.28112196922302,402.276097,394.343167,88,0.0,0.0,29385.66306902319,0.0
33.28113651275635,374.963891,391.436275,88,0.0,0.0,29169.047298703434,0.0
33.28114104270935,374.963891,388.965418,88,0.0,0.0,28984.923983353227,0.0
33.28946280479431,406.262797,391.560025,88,0.0,0.0,29178.26890087408,0.0
33.354183197021484,409.210234,394.207556,88,0.0,0.0,29375.557608886098,0.0
33.3541955947876,409.210234,396.457958,88,0.0,0.0,29543.253059133007,0.0
33.35419940948486,409.210234,398.370799,88,0.0,0.0,29685.794139680274,0.0
33.35420250892639,409.210234,399.996714,88,0.0,0.0,29806.95406932316,0.0
33.35420489311218,409.210234,401.378742,88,0.0,0.0,29909.940028149103,0.0
33.35438823699951,409.210234,402.553466,88,0.0,0.0,29997.478108054762,0.0
33.36229705810547,396.048187,401.577674,89,0.0,0.0,29924.76404239568,0.0
33.38831639289856,437.289445,406.93444,89,0.0,0.0,30323.939516927483,0.0
33.38832879066467,437.289445,411.487691,89,0.0,0.0,30663.238662827713,0.0
33.389376640319824,390.744763,408.376251,89,0.0,0.0,30431.380385188328,0.0
33.462387800216675,381.349144,404.322185,89,0.0,0.0,30129.27950578959,0.0
33.46239948272705,381.349144,400.876229,89,0.0,0.0,29872.493765752468,0.0
33.46240305900574,381.349144,397.947166,89,0.0,0.0,29654.225856913705,0.0
33.46240568161011,381.349144,395.457463,89,0.0,0.0,29468.698175385667,0.0
33.46240782737732,381.349144,393.341215,89,0.0,0.0,29310.99961255373,0.0
33.46240997314453,381.349144,391.542405,89,0.0,0.0,29176.955893760976,0.0
33.462454080581665,412.344925,394.662783,89,0.0,0.0,29409.480213260584,0.0
33.4704966545105,374.984701,391.71107,89,0.0,0.0,29189.524471782108,0.0
33.49462103843689,374.984701,389.202115,89,0.0,0.0,29002.5621697693,0.0
33.49463224411011,406.262797,391.761217,89,0.0,0.0,29193.261325794647,0.0
33.54389452934265,424.760068,396.711045,90,0.0,0.0,29562.112595525454,0.0
33.544007778167725,424.760068,400.918398,90,0.0,0.0,29875.636115182242,0.0
33.544164180755615,424.760068,404.494649,90,0.0,0.0,30142.131177682604,0.0
33.54432487487793,424.760068,407.534462,90,0.0,0.0,30368.651954726618,0.0
33.54449200630188,424.760068,410.118303,90,0.0,0.0,30561.194611488132,0.0
33.56133460998535,424.760068,412.314567,90,0.0,0.0,30724.855806395113,0.0
33.56134653091431,401.718765,410.725197,90,0.0,0.0,30606.41913696497,0.0
33.57429075241089,406.231923,410.051206,90,0.0,0.0,30556.194677420695,0.0
33.58157563209534,406.231923,409.478313,90,0.0,0.0,30513.50383837136,0.0
33.60686373710632,390.647794,406.653736,90,0.0,0.0,30303.02201700253,0.0
33.66078972816467,380.375719,402.712033,90,0.0,0.0,30009.29420333876,0.0
33.66080141067505,380.375719,399.361586,90,0.0,0.0,29759.62560270945,0.0
33.66080570220947,380.375719,396.513706,90,0.0,0.0,29547.407288448638,0.0
33.660808801651,380.375719,394.093008,90,0.0,0.0,29367.021721326953,0.0
33.66081118583679,380.375719,392.035414,90,0.0,0.0,29213.693937110915,0.0
33.66081380844116,380.375719,390.28646,90,0.0,0.0,29083.36538759348,0.0
33.66083908081055,396.099817,391.158464,91,0.0,0.0,29148.345379344777,0.0
33.66956186294556,396.099817,391.899667,91,0.0,0.0,29203.578342526183,0.0
33.69902801513672,421.908204,396.400947,91,0.0,0.0,29539.004713586728,0.0
33.69903779029846,406.155975,397.864201,91,0.0,0.0,29648.043471264504,0.0
33.74516558647156,396.088357,397.597825,91,0.0,0.0,29628.19366520543,0.0
33.74517464637756,396.088357,397.371405,91,0.0,0.0,29611.321300248004,0.0
33.74517846107483,396.088357,397.178948,91,0.0,0.0,29596.979790034206,0.0
33.74518132209778,396.088357,397.015359,91,0.0,0.0,29584.78946536757,0.0
33.74518418312073,396.088357,396.876309,91,0.0,0.0,29574.427737837632,0.0
33.74943256378174,396.088357,396.758116,91,0.0,0.0,29565.62023217818,0.0
33.75972008705139,421.735418,400.504711,91,0.0,0.0,29844.808988417204,0.0
33.773237466812134,406.231963,401.363799,91,0.0,0.0,29908.826505714875,0.0
33.78680086135864,406.231963,402.094024,91,0.0,0.0,29963.241410321494,0.0
33.794151067733765,390.657913,400.378607,91,0.0,0.0,29835.411970880807,0.0
33.84422254562378,411.188937,402.000157,92,0.0,0.0,29956.246629465306,0.0
33.84440541267395,411.188937,403.378474,92,0.0,0.0,30058.95605200313,0.0
33.84442448616028,411.188937,404.550043,92,0.0,0.0,30146.259027627184,0.0
33.844801902770996,411.188937,405.545877,92,0.0,0.0,30220.466582988924,0.0
33.84480929374695,411.188937,406.392336,92,0.0,0.0,30283.54301249821,0.0
33.849464416503906,411.188937,407.111826,92,0.0,0.0,30337.1579664034,0.0
33.85943555831909,429.41534,410.457353,92,0.0,0.0,30586.459938485797,0.0
33.86948871612549,429.41534,413.301051,92,0.0,0.0,30798.366618481734,0.0
33.88529109954834,375.081618,407.568136,92,0.0,0.0,30371.161273769,0.0
33.89806771278381,343.672364,397.983771,92,0.0,0.0,29656.953588206292,0.0
33.94361710548401,415.678929,400.638044,92,0.0,0.0,29854.744696556354,0.0
33.943705320358276,415.678929,402.894177,92,0.0,0.0,30022.867209446013,0.0
33.943869829177856,415.678929,404.81189,92,0.0,0.0,30165.771341676314,0.0
33.94401574134827,415.678929,406.441946,92,0.0,0.0,30287.239850346174,0.0
33.94417905807495,415.678929,407.827493,92,0.0,0.0,30390.488038004765,0.0
33.94943189620972,415.678929,409.005208,92,0.0,0.0,30478.249001240456,0.0
33.95954751968384,452.835148,415.579699,93,0.0,0.0,30968.166904081474,0.0
33.970757246017456,406.110866,414.159374,93,0.0,0.0,30862.327129511446,0.0
33.97949695587158,406.110866,412.952098,93,0.0,0.0,30772.36333975642,0.0
33.99461078643799,406.316209,411.956715,93,0.0,0.0,30698.189392011478,0.0
34.11678695678711,345.67507,402.014468,93,0.0,0.0,29957.31305652522,0.0
34.11679935455322,345.67507,393.563558,93,0.0,0.0,29327.568167635996,0.0
34.11680364608765,345.67507,386.380285,93,0.0,0.0,28792.285049339163,0.0
34.116806745529175,345.67507,380.274503,93,0.0,0.0,28337.29440251274,0.0
34.116809368133545,345.67507,375.084588,93,0.0,0.0,27950.552330354894,0.0
34.116811990737915,345.67507,370.67316,93,0.0,0.0,27621.821550391218,0.0
34.116814613342285,345.67507,366.923447,93,0.0,0.0,27342.400447036496,0.0
34.11681652069092,345.67507,363.73619,93,0.0,0.0,27104.892438392882,0.0
34.11681842803955,345.67507,361.027022,93,0.0,0.0,26903.01066457891,0.0
34.11682081222534,345.67507,358.724229,93,0.0,0.0,26731.411141933437,0.0
34.149694204330444,451.947678,372.707746,94,0.0,0.0,27773.434824524487,0.0
34.149704456329346,451.947678,384.593736,94,0.0,0.0,28659.15499571178,0.0
34.14970827102661,451.947678,394.696828,94,0.0,0.0,29412.017178479975,0.0
34.14971113204956,451.947678,403.284455,94,0.0,0.0,30051.949944411346,0.0
34.14971399307251,451.947678,410.583939,94,0.0,0.0,30595.89287369691,0.0
34.14971661567688,519.336016,426.89675,94,0.0,0.0,31811.49088038091,0.0
34.15931010246277,519.336016,440.76264,94,0.0,0.0,32844.749234499,0.0
34.16933870315552,453.085989,442.611143,94,0.0,0.0,32982.4959761335,0.0
34.17938494682312,453.085989,444.18237,94,0.0,0.0,33099.58066553793,0.0
34.189364194869995,453.140951,445.526157,94,0.0,0.0,33199.71698162765,0.0
34.23374676704407,371.235781,434.3826,94,0.0,0.0,32369.32143075849,0.0
34.23375654220581,371.235781,424.910578,94,0.0,0.0,31663.485320570795,0.0
34.23375988006592,371.235781,416.859358,94,0.0,0.0,31063.524530037863,0.0
34.233762979507446,371.235781,410.015822,94,0.0,0.0,30553.557932602864,0.0
34.24075150489807,371.235781,404.198816,94,0.0,0.0,30120.086294975918,0.0
34.26339912414551,349.955075,396.062254,94,0.0,0.0,29513.765989514104,0.0
34.263410568237305,406.249269,397.590307,95,0.0,0.0,29627.633438901434,0.0
34.26930379867554,406.144687,398.873464,95,0.0,0.0,29723.251728812516,0.0
34.27933120727539,406.239478,399.978366,95,0.0,0.0,29805.586813107988,0.0
34.28930687904358,406.239478,400.917533,95,0.0,0.0,29875.57165711454,0.0
34.345566749572754,377.868686,397.460206,95,0.0,0.0,29617.938572929677,0.0
34.34557795524597,377.868686,394.521478,95,0.0,0.0,29398.950447646646,0.0
34.345582008361816,377.868686,392.023559,95,0.0,0.0,29212.810526252462,0.0
34.345584869384766,377.868686,389.900328,95,0.0,0.0,29054.591604245117,0.0
34.345587730407715,377.868686,388.095582,95,0.0,0.0,28920.105546620165,0.0
34.35288143157959,400.582372,389.9686,95,0.0,0.0,29059.679096959415,0.0
34.37519550323486,400.582372,391.560666,95,0.0,0.0,29178.31666691039,0.0
34.37523055076599,406.240596,393.762656,95,0.0,0.0,29342.404551870128,0.0
34.37927556037903,406.240596,395.634347,95,0.0,0.0,29481.87921682691,0.0
34.38932394981384,406.256399,397.227654,95,0.0,0.0,29600.609263612576,0.0
34.454402685165405,408.983314,398.991003,96,0.0,0.0,29732.0104997017,0.0
34.45441508293152,408.983314,400.48985,96,0.0,0.0,29843.70157645875,0.0
34.454418659210205,408.983314,401.76387,96,0.0,0.0,29938.638995428148,0.0
34.45442175865173,408.983314,402.846786,96,0.0,0.0,30019.33572703414,0.0
34.45442461967468,408.983314,403.767266,96,0.0,0.0,30087.92805322442,0.0
34.454517126083374,433.586849,408.240203,96,0.0,0.0,30421.2423606864,0.0
34.46169304847717,433.586849,412.0422,96,0.0,0.0,30704.559563013972,0.0
34.484029054641724,374.977783,406.482537,96,0.0,0.0,30290.264610376147,0.0
34.484060287475586,374.977783,401.756824,96,0.0,0.0,29938.113941618896,0.0
34.48929047584534,390.642716,400.089708,96,0.0,0.0,29813.883795967668,0.0
34.53752374649048,393.934619,399.166444,96,0.0,0.0,29745.084011672792,0.0
34.53753662109375,393.934619,398.381671,96,0.0,0.0,29686.604299347342,0.0
34.53754019737244,393.934619,397.714613,96,0.0,0.0,29636.896473078614,0.0
34.537543058395386,393.934619,397.147614,96,0.0,0.0,29594.644843105587,0.0
34.55047607421875,393.934619,396.665665,96,0.0,0.0,29558.73096880622,0.0
34.550528049468994,416.685601,399.668655,96,0.0,0.0,29782.50776963424,0.0
34.55930948257446,406.244759,400.655071,97,0.0,0.0,29856.013514497045,0.0
34.58050036430359,437.478126,406.178529,97,0.0,0.0,30267.610543041217,0.0
34.58051061630249,374.987475,401.499871,97,0.0,0.0,29918.966318648738,0.0
34.58928108215332,374.987475,397.523012,97,0.0,0.0,29622.61875027053,0.0
34.631402015686035,400.586268,397.9825,97,0.0,0.0,29656.858875831676,0.0
34.631415128707886,400.586268,398.373065,97,0.0,0.0,29685.962997462244,0.0
34.63141965866089,400.586268,398.705046,97,0.0,0.0,29710.70155673673,0.0
34.63142371177673,400.586268,398.987229,97,0.0,0.0,29731.729268779745,0.0
34.648059606552124,400.586268,399.227085,97,0.0,0.0,29749.602857549402,0.0
34.66097640991211,438.918981,405.180869,97,0.0,0.0,30193.266917816338,0.0
34.66098427772522,374.965278,400.648531,97,0.0,0.0,29855.526166794447,0.0
34.66929864883423,406.234238,401.486387,97,0.0,0.0,29917.961517972624,0.0
34.69098973274231,406.234238,402.198564,97,0.0,0.0,29971.031521763274,0.0
34.6910195350647,406.181173,402.795956,97,0.0,0.0,30015.54797722941,0.0
34.73105597496033,400.189095,402.404927,98,0.0,0.0,29986.409279248073,0.0
34.73107290267944,400.189095,402.072552,98,0.0,0.0,29961.641359882637,0.0
34.73107695579529,400.189095,401.790033,98,0.0,0.0,29940.588609792518,0.0
34.731080770492554,400.189095,401.549892,98,0.0,0.0,29922.693783393614,0.0
34.74096345901489,400.189095,401.345773,98,0.0,0.0,29907.48324429485,0.0
34.74935221672058,386.228232,399.078142,98,0.0,0.0,29738.503923471795,0.0
34.777499198913574,386.228232,397.150655,98,0.0,0.0,29594.8714523355,0.0
34.777599573135376,374.985057,393.825816,98,0.0,0.0,29347.111108582038,0.0
34.78477454185486,374.985057,390.999702,98,0.0,0.0,29136.514753051306,0.0
34.80895256996155,421.889851,395.633224,98,0.0,0.0,29481.795533115903,0.0
34.83111071586609,404.0065,396.889215,98,0.0,0.0,29575.389467111276,0.0
34.83114051818848,404.0065,397.956808,98,0.0,0.0,29654.944359444053,0.0
34.83125972747803,404.0065,398.864262,98,0.0,0.0,29722.566014201002,0.0
34.83129143714905,404.0065,399.635597,98,0.0,0.0,29780.04435367821,0.0
34.839345932006836,404.0065,400.291233,98,0.0,0.0,29828.901035381336,0.0
34.851924657821655,394.253677,399.385599,98,0.0,0.0,29761.415003379545,0.0
34.85934233665466,394.253677,398.615811,99,0.0,0.0,29704.051943244216,0.0
34.88860106468201,406.251503,399.761165,99,0.0,0.0,29789.40142956803,0.0
34.88865423202515,406.240981,400.733137,99,0.0,0.0,29861.83083647728,0.0
34.895663261413574,406.241713,401.559424,99,0.0,0.0,29923.404088944248,0.0
34.930686712265015,400.484591,401.398199,99,0.0,0.0,29911.38992482332,0.0
34.93070912361145,400.484591,401.261157,99,0.0,0.0,29901.17782943204,0.0
34.930843353271484,400.484591,401.144672,99,0.0,0.0,29892.497600512044,0.0
34.93090891838074,400.484591,401.04566,99,0.0,0.0,29885.11942455955,0.0
34.939297914505005,400.484591,400.9615,99,0.0,0.0,29878.847989903534,0.0
34.949294567108154,385.50588,398.643157,99,0.0,0.0,29706.089712399436,0.0
34.96229004859924,385.50588,396.672565,99,0.0,0.0,29559.245142987864,0.0
34.96969723701477,390.604376,395.762337,99,0.0,0.0,29491.41677530629,0.0
34.998844146728516,390.604376,394.988643,99,0.0,0.0,29433.76264787336,0.0
34.998939514160156,421.915251,399.027634,99,0.0,0.0,29734.74016846221,0.0
35.06030869483948,401.562135,399.407809,100,0.0,0.0,29763.070048100435,0.0
35.06031775474548,401.562135,399.730958,100,0.0,0.0,29787.150464422422,0.0
35.06049823760986,401.562135,400.005635,100,0.0,0.0,29807.618844377415,0.0
35.060505867004395,401.562135,400.23911,100,0.0,0.0,29825.016933806055,0.0
35.060600996017456,401.562135,400.437563,100,0.0,0.0,29839.80525393191,0.0
35.060704946517944,401.562135,400.606249,100,0.0,0.0,29852.375396830972,0.0
35.060784339904785,401.562135,400.749632,100,0.0,0.0,29863.060010843386,0.0
35.070560932159424,401.562135,400.871507,100,0.0,0.0,29872.141891769035,0.0
35.07935643196106,504.800727,416.46089,100,0.0,0.0,31033.83149267432,0.0
35.11323952674866,504.800727,429.711866,100,0.0,0.0,32021.267686976913,0.0
35.14427161216736,838.666037,491.054991,101,0.0,0.0,36592.43451247175,0.0
35.14428234100342,838.666037,543.196648,101,0.0,0.0,40477.926370030866,0.0
35.144285917282104,838.666037,587.517056,101,0.0,0.0,43780.59441542303,0.0
35.144288301467896,838.666037,625.189403,101,0.0,0.0,46587.86226890995,0.0
35.14429044723511,838.666037,657.210898,101,0.0,0.0,48974.03994809974,0.0
35.14927816390991,896.44155,693.095496,101,0.0,0.0,51648.08832636248,0.0
35.15928840637207,896.44155,723.597404,101,0.0,0.0,53921.02942553041,0.0
35.169392824172974,874.56757,746.242929,101,0.0,0.0,55608.52859721288,0.0
35.1799750328064,874.56757,765.491625,101,0.0,0.0,57042.902874513486,0.0
35.194764614105225,828.507812,774.944053,102,0.0,0.0,57747.27887906132,0.0
35.23877739906311,744.264453,770.342113,102,0.0,0.0,57404.35152638867,0.0
35.23878788948059,744.264453,766.430464,102,0.0,0.0,57112.8632766169,0.0
35.238791704177856,744.264453,763.105563,102,0.0,0.0,56865.09831274761,0.0
35.238794803619385,744.264453,760.279396,102,0.0,0.0,56654.49800776301,0.0
35.24487805366516,744.264453,757.877155,102,0.0,0.0,56475.4878193182,0.0
35.24925422668457,727.966111,753.390498,102,0.0,0.0,56141.15112493274,0.0
35.259270906448364,656.247506,738.819049,102,0.0,0.0,55055.31592713037,0.0
35.26930642127991,656.235432,726.431507,103,0.0,0.0,54132.22110534189,0.0
35.2814199924469,656.235432,715.902095,103,0.0,0.0,53347.59040994828,0.0
35.28941226005554,609.068212,699.877013,103,0.0,0.0,52153.43339212054,0.0
35.34840536117554,535.48584,675.218337,103,0.0,0.0,50315.918239577746,0.0
35.34841775894165,535.48584,654.258462,103,0.0,0.0,48754.030330109184,0.0
35.34842109680176,535.48584,636.442569,103,0.0,0.0,47426.425662949405,0.0
35.34842395782471,535.48584,621.29906,103,0.0,0.0,46297.9616995895,0.0
35.348467111587524,535.48584,608.427077,103,0.0,0.0,45338.76730465227,0.0
35.35476326942444,467.233987,587.248113,103,0.0,0.0,43760.55332166477,0.0
35.359259366989136,467.233987,569.245994,103,0.0,0.0,42419.0714659326,0.0
35.369285345077515,437.537278,549.489687,103,0.0,0.0,40946.87103348493,0.0
35.37930488586426,406.186066,527.994144,103,0.0,0.0,39345.06621741797,0.0
35.390392541885376,406.186066,509.722932,104,0.0,0.0,37983.53209022795,0.0
35.432703495025635,415.805577,495.635329,104,0.0,0.0,36933.75212736591,0.0
35.43271255493164,415.805577,483.660866,104,0.0,0.0,36041.43912540007,0.0
35.43271613121033,415.805577,473.482573,104,0.0,0.0,35282.97311471401,0.0
35.4327187538147,415.805577,464.831023,104,0.0,0.0,34638.27693483876,0.0
35.45494771003723,415.805577,457.477206,104,0.0,0.0,34090.2852192038,0.0
35.45498037338257,449.24813,456.242845,104,0.0,0.0,33998.30310949086,0.0
35.459269285202026,499.9926,462.805308,104,0.0,0.0,34487.32470985988,0.0
35.46930456161499,499.9926,468.383402,104,0.0,0.0,34902.993103706656,0.0
35.47930073738098,593.756056,487.1893,104,0.0,0.0,36304.370960821696,0.0
35.48930263519287,593.756056,503.174314,104,0.0,0.0,37495.54219153207,0.0
35.53580451011658,605.190444,518.476733,105,0.0,0.0,38635.84780984907,0.0
35.53581500053406,605.190444,531.48379,105,0.0,0.0,39605.107648758814,0.0
35.535818576812744,605.190444,542.539788,105,0.0,0.0,40428.97847829901,0.0
35.53582143783569,605.190444,551.937386,105,0.0,0.0,41129.26866105276,0.0
35.542304039001465,605.190444,559.925345,105,0.0,0.0,41724.51536855606,0.0
35.56520628929138,577.003214,562.487025,105,0.0,0.0,41915.406631978556,0.0
35.565237045288086,577.003214,564.664453,105,0.0,0.0,42077.66420588766,0.0
35.56927847862244,578.038843,566.670612,105,0.0,0.0,42227.15915691059,0.0
35.57930517196655,578.038843,568.375847,105,0.0,0.0,42354.22985410237,0.0
35.58929967880249,593.83961,572.195411,105,0.0,0.0,42638.8561140892,0.0
35.6466383934021,602.810118,576.787617,106,0.0,0.0,42981.05810857575,0.0
35.6466498374939,602.810118,580.690992,106,0.0,0.0,43271.929796437544,0.0
35.646653175354004,602.810118,584.008861,106,0.0,0.0,43519.17074974954,0.0
35.64665627479553,602.810118,586.82905,106,0.0,0.0,43729.32558614605,0.0
35.646697998046875,602.810118,589.22621,106,0.0,0.0,43907.95714864638,0.0
35.65381598472595,589.630126,589.286798,106,0.0,0.0,43912.472045069124,0.0
35.67624640464783,589.630126,589.338297,106,0.0,0.0,43916.30964741407,0.0
35.676281452178955,593.698883,589.992385,106,0.0,0.0,43965.05097525733,0.0
35.67927956581116,593.698883,590.548359,106,0.0,0.0,44006.48104430969,0.0
35.68938183784485,593.756591,591.029594,106,0.0,0.0,44042.34171275896,0.0
35.756417751312256,607.779313,593.542052,107,0.0,0.0,44229.565051316444,0.0
35.75643038749695,607.779313,595.677641,107,0.0,0.0,44388.7048667349,0.0
35.756433963775635,607.779313,597.492892,107,0.0,0.0,44523.97373592189,0.0
35.756436586380005,607.779313,599.035855,107,0.0,0.0,44638.95224864953,0.0
35.756439208984375,607.779313,600.347374,107,0.0,0.0,44736.684018001135,0.0
35.756468296051025,595.287093,599.588331,107,0.0,0.0,44680.12165374722,0.0
35.762587547302246,595.287093,598.943146,107,0.0,0.0,44632.04375963427,0.0
35.7854790687561,578.15015,595.824196,107,0.0,0.0,44399.62585183488,0.0
35.785521030426025,593.477475,595.472188,107,0.0,0.0,44373.39492062768,0.0
35.78928542137146,593.477475,595.172981,107,0.0,0.0,44351.09861419798,0.0
35.83248829841614,612.129794,597.716503,108,0.0,0.0,44540.63677982479,0.0
35.8325092792511,612.129794,599.878497,108,0.0,0.0,44701.74424296299,0.0
35.83258104324341,612.129794,601.716191,108,0.0,0.0,44838.68551956424,0.0
35.83261322975159,612.129794,603.278232,108,0.0,0.0,44955.08568664511,0.0
35.83936405181885,612.129794,604.605966,108,0.0,0.0,45054.02576532355,0.0
35.85515236854553,610.104141,605.430693,108,0.0,0.0,45115.48276971468,0.0
35.861055850982666,562.42188,598.979371,108,0.0,0.0,44634.74317408786,0.0
35.87430381774902,562.42188,593.495747,108,0.0,0.0,44226.11449544968,0.0
35.89675712585449,593.785182,593.539162,108,0.0,0.0,44229.34969430413,0.0
35.896788120269775,593.785182,593.576065,108,0.0,0.0,44232.099631959914,0.0
35.93204116821289,605.793668,595.408706,109,0.0,0.0,44368.66436912063,0.0
35.93205666542053,605.793668,596.96645,109,0.0,0.0,44484.74433236694,0.0
35.93208312988281,605.793668,598.290533,109,0.0,0.0,44583.4123458371,0.0
35.932332277297974,605.793668,599.416003,109,0.0,0.0,44667.28011630184,0.0
35.941524505615234,605.793668,600.372653,109,0.0,0.0,44738.56775845586,0.0
35.94931411743164,593.138914,599.287592,109,0.0,0.0,44657.71118574558,0.0
35.97795009613037,593.138914,598.36529,109,0.0,0.0,44588.98308776414,0.0
35.97804260253906,609.451181,600.028174,109,0.0,0.0,44712.897873250644,0.0
35.985395193099976,609.451181,601.441625,109,0.0,0.0,44818.22541110696,0.0
36.008177518844604,609.406598,602.636371,109,0.0,0.0,44907.255490355325,0.0
36.08524703979492,588.369805,600.496386,110,0.0,0.0,44747.78809382056,0.0
36.085256814956665,588.369805,598.677399,110,0.0,0.0,44612.24082539552,0.0
36.08526039123535,588.369805,597.13126,110,0.0,0.0,44497.02564350832,0.0
36.08526301383972,588.369805,595.817042,110,0.0,0.0,44399.09275008191,0.0
36.085265159606934,588.369805,594.699956,110,0.0,0.0,44315.84973850686,0.0
36.085267543792725,588.369805,593.750434,110,0.0,0.0,44245.09326063786,0.0
36.08526968955994,588.369805,592.943339,110,0.0,0.0,44184.950157575826,0.0
36.08527135848999,588.369805,592.257309,110,0.0,0.0,44133.828575861575,0.0
36.08527374267578,579.600642,590.358809,110,0.0,0.0,43992.356157914146,0.0
36.09176588058472,654.417631,599.967632,110,0.0,0.0,44708.38640465575,0.0
36.134562730789185,595.177787,599.249156,111,0.0,0.0,44654.847011999875,0.0
36.13457465171814,595.177787,598.63845,111,0.0,0.0,44609.33842391717,0.0
36.13466191291809,595.177787,598.119351,111,0.0,0.0,44570.65620601668,0.0
36.134745836257935,595.177787,597.678116,111,0.0,0.0,44537.77625746096,0.0
36.13931226730347,595.177787,597.303067,111,0.0,0.0,44509.82835707709,0.0
36.149269104003906,548.987896,590.055791,111,0.0,0.0,43969.77586339658,0.0
36.16029500961304,548.987896,583.895607,111,0.0,0.0,43510.73128847894,0.0
36.16946816444397,609.429148,587.725638,111,0.0,0.0,43796.13752834391,0.0
36.19955921173096,624.877337,593.298393,111,0.0,0.0,44211.408070602905,0.0
36.19956874847412,624.877337,598.035234,111,0.0,0.0,44564.387975634534,0.0
36.23192381858826,629.50397,602.755545,112,0.0,0.0,44916.136098170165,0.0
36.2319495677948,629.50397,606.767809,112,0.0,0.0,45215.121976244154,0.0
36.232054710388184,629.50397,610.178233,112,0.0,0.0,45469.259942799836,0.0
36.2321240901947,629.50397,613.077093,112,0.0,0.0,45685.277184564984,0.0
36.2392852306366,629.50397,615.541125,112,0.0,0.0,45868.891914583335,0.0
36.24934148788452,593.380993,612.217105,112,0.0,0.0,45621.1926010697,0.0
36.2600793838501,593.380993,609.391688,112,0.0,0.0,45410.64818458311,0.0
36.26944041252136,578.156567,604.70642,112,0.0,0.0,45061.51139622821,0.0
36.287433385849,624.150469,607.623027,112,0.0,0.0,45278.85110889213,0.0
36.299782514572144,624.150469,610.102144,112,0.0,0.0,45463.58994290033,0.0
36.331976890563965,581.378186,605.79355,113,0.0,0.0,45142.52214667499,0.0
36.33199691772461,581.378186,602.131245,113,0.0,0.0,44869.614512431646,0.0
36.332107067108154,581.378186,599.018287,113,0.0,0.0,44637.64311647229,0.0
36.332172870635986,581.378186,596.372271,113,0.0,0.0,44440.46730322624,0.0
36.339290142059326,581.378186,594.123159,113,0.0,0.0,44272.86798119591,0.0
36.34929013252258,577.680961,591.656829,113,0.0,0.0,44089.08200881966,0.0
36.359288930892944,577.680961,589.560449,113,0.0,0.0,43932.86396955885,0.0
36.36998200416565,578.131446,587.846098,113,0.0,0.0,43805.11396630333,0.0
36.379358530044556,656.213515,598.101211,113,0.0,0.0,44569.30444954495,0.0
36.41008472442627,656.213515,606.818056,113,0.0,0.0,45218.86628205643,0.0
36.43891739845276,593.713913,604.852435,114,0.0,0.0,45072.39214160962,0.0
36.43892693519592,593.713913,603.181657,114,0.0,0.0,44947.889111052136,0.0
36.43893027305603,593.713913,601.761495,114,0.0,0.0,44842.06148291568,0.0
36.4389328956604,593.713913,600.554358,114,0.0,0.0,44752.10805116227,0.0
36.439228534698486,593.713913,599.528291,114,0.0,0.0,44675.647593187,0.0
36.44927096366882,557.778095,593.265762,114,0.0,0.0,44208.97647383174,0.0
36.45929026603699,557.778095,587.942612,114,0.0,0.0,43812.30599629848,0.0
36.469289779663086,609.479404,591.173131,114,0.0,0.0,44053.03780254295,0.0
36.48074126243591,609.479404,593.919072,114,0.0,0.0,44257.65982667306,0.0
36.489373207092285,609.369912,596.236698,114,0.0,0.0,44430.36467477306,0.0
36.55013298988342,623.407392,600.312302,115,0.0,0.0,44734.07052279847,0.0
36.550145864486694,623.407392,603.776565,115,0.0,0.0,44992.22046381287,0.0
36.55014967918396,623.407392,606.721189,115,0.0,0.0,45211.64794720823,0.0
36.55015230178833,623.407392,609.22412,115,0.0,0.0,45398.161352805066,0.0
36.55015516281128,623.407392,611.351611,115,0.0,0.0,45556.69772148108,0.0
36.55017638206482,610.918262,611.286608,115,0.0,0.0,45551.85382810008,0.0
36.55924606323242,610.918262,611.231356,115,0.0,0.0,45547.73655971113,0.0
36.56928825378418,562.521348,603.924855,115,0.0,0.0,45003.27073763823,0.0
36.579285621643066,624.973376,607.082133,115,0.0,0.0,45238.54477123963,0.0
36.59146213531494,624.973376,609.76582,115,0.0,0.0,45438.52775196341,0.0
36.632129430770874,576.131351,604.720649,116,0.0,0.0,45062.57171281234,0.0
36.6321382522583,576.131351,600.432255,116,0.0,0.0,44743.00918013324,0.0
36.63214159011841,576.131351,596.787119,116,0.0,0.0,44471.38094538619,0.0
36.63214445114136,576.131351,593.688754,116,0.0,0.0,44240.49699056202,0.0
36.63924765586853,576.131351,591.055143,116,0.0,0.0,44044.245573072956,0.0
36.661277770996094,575.182773,588.674288,116,0.0,0.0,43866.82902651924,0.0
36.66130971908569,624.975688,594.119498,116,0.0,0.0,44272.595170807646,0.0
36.669262409210205,593.557687,594.035226,116,0.0,0.0,44266.315390135926,0.0
36.679301023483276,624.917823,598.667616,116,0.0,0.0,44611.51181582755,0.0
36.689308881759644,624.917823,602.605147,116,0.0,0.0,44904.928740406416,0.0
36.738221168518066,591.321396,600.912584,117,0.0,0.0,44778.802335276916,0.0
36.73823142051697,591.321396,599.473906,117,0.0,0.0,44671.59493190174,0.0
36.738234996795654,591.321396,598.25103,117,0.0,0.0,44580.46866138823,0.0
36.73823809623718,591.321396,597.211585,117,0.0,0.0,44503.01130164455,0.0
36.7444384098053,591.321396,596.328056,117,0.0,0.0,44437.17248997392,0.0
36.767555952072144,601.378193,597.085577,117,0.0,0.0,44493.62143783589,0.0
36.76758861541748,601.378193,597.729469,117,0.0,0.0,44541.60298017828,0.0
36.76923131942749,578.144801,594.791769,117,0.0,0.0,44322.69145939651,0.0
36.779289960861206,624.975688,599.319357,117,0.0,0.0,44660.078249931044,0.0
36.78935670852661,624.975688,603.167807,117,0.0,0.0,44946.85703678899,0.0
36.84210801124573,608.997451,604.042253,118,0.0,0.0,45012.01900148979,0.0
36.842120885849,608.997451,604.785533,118,0.0,0.0,45067.40673855167,0.0
36.842124462127686,608.997451,605.417321,118,0.0,0.0,45114.48631505426,0.0
36.842127323150635,608.997451,605.95434,118,0.0,0.0,45154.50389546708,0.0
36.848716020584106,608.997451,606.410807,118,0.0,0.0,45188.518902158256,0.0
36.855079889297485,564.96704,600.194242,118,0.0,0.0,44725.272928032675,0.0
36.87769412994385,564.96704,594.910161,118,0.0,0.0,44331.513794137434,0.0
36.877729415893555,593.769238,594.739023,118,0.0,0.0,44318.76093310889,0.0
36.87923836708069,624.959503,599.272095,118,0.0,0.0,44656.55638034082,0.0
36.889256715774536,624.959503,603.125206,118,0.0,0.0,44943.68249558438,0.0
36.931936502456665,594.548125,601.838644,119,0.0,0.0,44847.810471892364,0.0
36.93194937705994,594.548125,600.745066,119,0.0,0.0,44766.31922939874,0.0
36.93197822570801,594.548125,599.815525,119,0.0,0.0,44697.05169563456,0.0
36.932143688201904,594.548125,599.025415,119,0.0,0.0,44638.17428075732,0.0
36.948121309280396,594.548125,598.353821,119,0.0,0.0,44588.12844085266,0.0
36.95887589454651,609.258167,599.989473,119,0.0,0.0,44710.013952235626,0.0
36.965123891830444,609.258167,601.379777,119,0.0,0.0,44813.616622007554,0.0
36.98805379867554,562.477079,595.544372,119,0.0,0.0,44378.77392774758,0.0
36.98806715011597,562.477079,590.584278,119,0.0,0.0,44009.157656256095,0.0
36.98925471305847,593.798395,591.066396,119,0.0,0.0,44045.08412409701,0.0
37.07051706314087,629.770564,596.872021,120,0.0,0.0,44477.70767239624,0.0
37.070526361465454,629.770564,601.806802,120,0.0,0.0,44845.43766982109,0.0
37.07052946090698,629.770564,606.001367,120,0.0,0.0,45158.00825332792,0.0
37.07053184509277,629.770564,609.566746,120,0.0,0.0,45423.69315616121,0.0
37.070533990859985,629.770564,612.597319,120,0.0,0.0,45649.525386909816,0.0
37.07053565979004,629.770564,615.173306,120,0.0,0.0,45841.482779320235,0.0
37.07053756713867,629.770564,617.362894,120,0.0,0.0,46004.64649207699,0.0
37.07053995132446,629.770564,619.224045,120,0.0,0.0,46143.335737341826,0.0
37.07927393913269,623.112858,619.807367,120,0.0,0.0,46186.80372458541,0.0
37.100778579711914,593.708262,615.892501,120,0.0,0.0,45895.07575041621,0.0
37.13358116149902,572.961137,609.452797,121,0.0,0.0,45415.20190488248,0.0
37.13362455368042,572.961137,603.979048,121,0.0,0.0,45007.309091468014,0.0
37.13367533683777,572.961137,599.326361,121,0.0,0.0,44660.6001739844,0.0
37.133790731430054,572.961137,595.371577,121,0.0,0.0,44365.89759039744,0.0
37.139389991760254,572.961137,592.010011,121,0.0,0.0,44115.400424155734,0.0
37.14933228492737,592.549501,592.090935,121,0.0,0.0,44121.43071857236,0.0
37.16747808456421,592.549501,592.15972,121,0.0,0.0,44126.556439019296,0.0
37.17694282531738,578.162465,590.060131,121,0.0,0.0,43970.09927150503,0.0
37.18215489387512,593.748931,590.613451,121,0.0,0.0,44011.331569792455,0.0
37.199594259262085,624.975688,595.767787,121,0.0,0.0,44395.42236612299,0.0
37.23226547241211,579.371189,593.308297,122,0.0,0.0,44212.14609684854,0.0
37.232282876968384,579.371189,591.217731,122,0.0,0.0,44056.36130522425,0.0
37.23228693008423,579.371189,589.44075,122,0.0,0.0,43923.94423979542,0.0
37.23229002952576,579.371189,587.930316,122,0.0,0.0,43811.389723003194,0.0
37.23963928222656,579.371189,586.646447,122,0.0,0.0,43715.71837627801,0.0
37.24944186210632,628.956785,592.992998,122,0.0,0.0,44188.650646805654,0.0
37.266563177108765,628.956785,598.387566,122,0.0,0.0,44590.643050672865,0.0
37.271565198898315,593.768674,597.694732,122,0.0,0.0,44539.01444850472,0.0
37.282734632492065,593.731297,597.100217,122,0.0,0.0,44494.712381316946,0.0
37.30110812187195,593.731297,596.594879,122,0.0,0.0,44457.055605577814,0.0
37.33188605308533,606.725326,598.114446,123,0.0,0.0,44570.29069523973,0.0
37.33189630508423,606.725326,599.406078,123,0.0,0.0,44666.54052517824,0.0
37.33191251754761,606.725326,600.503965,123,0.0,0.0,44748.35286572239,0.0
37.332178354263306,606.725326,601.437169,123,0.0,0.0,44817.89335891082,0.0
37.33966374397278,606.725326,602.230393,123,0.0,0.0,44877.002822831775,0.0
37.34965801239014,590.437844,600.461511,123,0.0,0.0,44745.189278663376,0.0
37.35942888259888,590.437844,598.957961,123,0.0,0.0,44633.147743764835,0.0
37.385174036026,609.440454,600.530335,123,0.0,0.0,44750.317905312215,0.0
37.38518691062927,593.701613,599.506026,123,0.0,0.0,44673.988449976256,0.0
37.39024758338928,593.701613,598.635364,123,0.0,0.0,44609.108461377386,0.0
37.43193292617798,623.846051,602.416967,124,0.0,0.0,44890.90594366724,0.0
37.43194651603699,623.846051,605.63133,124,0.0,0.0,45130.43383714672,0.0
37.43196654319763,623.846051,608.363538,124,0.0,0.0,45334.032505619354,0.0
37.432143211364746,623.846051,610.685915,124,0.0,0.0,45507.09138872472,0.0
37.43930792808533,623.846051,612.659936,124,0.0,0.0,45654.19148034918,0.0
37.449599742889404,592.587919,609.649133,124,0.0,0.0,45429.83247040796,0.0
37.459643602371216,592.587919,607.089951,124,0.0,0.0,45239.12735294283,0.0
37.46940755844116,578.136765,602.746973,124,0.0,0.0,44915.497329896985,0.0
37.494099855422974,578.136765,599.055442,124,0.0,0.0,44640.41183266341,0.0
37.494110345840454,593.753295,598.26012,124,0.0,0.0,44581.14602998404,0.0
37.53189396858215,609.758764,599.984916,125,0.0,0.0,44709.67437372176,0.0
37.53190517425537,609.758764,601.450994,125,0.0,0.0,44818.923570224026,0.0
37.53192090988159,609.758764,602.697159,125,0.0,0.0,44911.78529037756,0.0
37.53206825256348,609.758764,603.7564,125,0.0,0.0,44990.71780839654,0.0
37.53929567337036,609.758764,604.656754,125,0.0,0.0,45057.81038537239,0.0
37.54927659034729,590.523621,602.536784,125,0.0,0.0,44899.83446655436,0.0
37.55959343910217,590.523621,600.73481,125,0.0,0.0,44765.554972818034,0.0
37.56962561607361,578.142113,597.345905,125,0.0,0.0,44513.02055904709,0.0
37.57949662208557,593.736819,596.804542,125,0.0,0.0,44472.679272453825,0.0
37.598881006240845,593.736819,596.344384,125,0.0,0.0,44438.38921983448,0.0
37.631855964660645,606.499344,597.867628,126,0.0,0.0,44551.8983121726,0.0
37.63187646865845,606.499344,599.162385,126,0.0,0.0,44648.381010852805,0.0
37.63193607330322,606.499344,600.262929,126,0.0,0.0,44730.39134571587,0.0
37.63201570510864,606.499344,601.198391,126,0.0,0.0,44800.10010054228,0.0
37.639230489730835,606.499344,601.993534,126,0.0,0.0,44859.352564500135,0.0
37.64927864074707,591.000562,600.344588,126,0.0,0.0,44736.47641086056,0.0
37.65925407409668,591.000562,598.942984,126,0.0,0.0,44632.03168771871,0.0
37.66927242279053,578.289928,595.845026,126,0.0,0.0,44401.17806171944,0.0
37.68029594421387,578.289928,593.211761,126,0.0,0.0,44204.95242745746,0.0
37.68934226036072,609.199581,595.609934,126,0.0,0.0,44383.659476689085,0.0
37.735358238220215,606.192604,597.197335,127,0.0,0.0,44501.94942018247,0.0
37.73536729812622,606.192604,598.546625,127,0.0,0.0,44602.49580881154,0.0
37.73537015914917,606.192604,599.693522,127,0.0,0.0,44687.96027640527,0.0
37.73537230491638,606.192604,600.668384,127,0.0,0.0,44760.60504032682,0.0
37.73925709724426,606.192604,601.497017,127,0.0,0.0,44822.353112015546,0.0
37.749265909194946,581.132555,598.442348,127,0.0,0.0,44594.725295603064,0.0
37.759239196777344,581.132555,595.845879,127,0.0,0.0,44401.24162557116,0.0
37.7692768573761,593.758253,595.532735,127,0.0,0.0,44377.90676181255,0.0
37.77933216094971,624.991938,599.951616,127,0.0,0.0,44707.19292441038,0.0
37.79004383087158,624.991938,603.707664,127,0.0,0.0,44987.08609927824,0.0
37.84708786010742,589.409275,601.562906,128,0.0,0.0,44827.26302834218,0.0
37.8470995426178,589.409275,599.739861,128,0.0,0.0,44691.41336588394,0.0
37.84710216522217,589.409275,598.190273,128,0.0,0.0,44575.941171423925,0.0
37.84710478782654,589.409275,596.873124,128,0.0,0.0,44477.78986574731,0.0
37.84710717201233,589.409275,595.753546,128,0.0,0.0,44394.3611553229,0.0
37.849231481552124,588.923677,594.729066,128,0.0,0.0,44318.01895740938,0.0
37.85924005508423,593.732426,594.57957,128,0.0,0.0,44306.878814879245,0.0
37.86926627159119,593.75,594.455134,128,0.0,0.0,44297.60609336241,0.0
37.87926745414734,593.744478,594.348536,128,0.0,0.0,44289.662623882105,0.0
37.88958239555359,593.744478,594.257927,128,0.0,0.0,44282.91062266125,0.0
37.934147357940674,611.861155,596.898411,129,0.0,0.0,44479.67420234602,0.0
37.934154987335205,611.861155,599.142823,129,0.0,0.0,44646.923289788865,0.0
37.934157609939575,611.861155,601.050573,129,0.0,0.0,44789.08499921168,0.0
37.934159994125366,611.861155,602.67216,129,0.0,0.0,44909.92241496208,0.0
37.93943214416504,611.861155,604.050509,129,0.0,0.0,45012.63422207582,0.0
37.957743883132935,610.818097,605.065647,129,0.0,0.0,45088.28027285819,0.0
37.95925736427307,593.516985,603.333348,129,0.0,0.0,44959.19282058644,0.0
37.96928930282593,593.728032,601.892551,129,0.0,0.0,44851.827513574885,0.0
37.97926044464111,593.728032,600.667873,129,0.0,0.0,44760.566961630175,0.0
37.98927092552185,593.885287,599.650485,129,0.0,0.0,44684.7532453538,0.0
38.069143295288086,613.370283,601.708455,130,0.0,0.0,44838.10904833682,0.0
38.06915307044983,613.370283,603.457729,130,0.0,0.0,44968.4614436134,0.0
38.06915616989136,613.370283,604.944612,130,0.0,0.0,45079.260987050315,0.0
38.06915879249573,613.370283,606.208463,130,0.0,0.0,45173.44063250477,0.0
38.06916069984436,613.370283,607.282736,130,0.0,0.0,45253.493305059754,0.0
38.06916308403015,613.370283,608.195868,130,0.0,0.0,45321.5380730056,0.0
38.06916546821594,613.370283,608.97203,130,0.0,0.0,45379.37611085596,0.0
38.069244623184204,613.370283,609.631768,130,0.0,0.0,45428.53846538417,0.0
38.07924222946167,601.87562,608.468346,130,0.0,0.0,45341.842587884435,0.0
38.08927369117737,593.686238,606.25103,130,0.0,0.0,45176.612640097475,0.0
38.13216280937195,578.403669,602.073926,131,0.0,0.0,44865.34321534219,0.0
38.13217568397522,578.403669,598.523387,131,0.0,0.0,44600.76415958939,0.0
38.13218021392822,578.403669,595.505429,131,0.0,0.0,44375.871973377216,0.0
38.13218379020691,578.403669,592.940165,131,0.0,0.0,44184.713637452274,0.0
38.13933348655701,578.403669,590.759691,131,0.0,0.0,44022.229081723264,0.0
38.157331228256226,595.409931,591.457227,131,0.0,0.0,44074.20806751488,0.0
38.162420988082886,595.409931,592.050132,131,0.0,0.0,44118.39016072695,0.0
38.16929531097412,625.08101,597.004764,131,0.0,0.0,44487.59941491697,0.0
38.18697118759155,531.245113,587.140816,131,0.0,0.0,43752.55776410433,0.0
38.18924260139465,624.998813,592.819516,131,0.0,0.0,44175.723115591354,0.0
38.231937646865845,623.038309,597.352335,132,0.0,0.0,44513.49970976997,0.0
38.23196268081665,623.038309,601.205231,132,0.0,0.0,44800.60980364408,0.0
38.23199272155762,623.038309,604.480193,132,0.0,0.0,45044.65341324428,0.0
38.23213458061218,623.038309,607.26391,132,0.0,0.0,45252.090429241856,0.0
38.24059748649597,623.038309,609.63007,132,0.0,0.0,45428.41193382469,0.0
38.25012683868408,557.84471,601.862266,132,0.0,0.0,44849.570736025475,0.0
38.2659215927124,593.734622,600.643119,132,0.0,0.0,44758.72234312405,0.0
38.27070426940918,593.719186,599.604529,132,0.0,0.0,44681.328696268094,0.0
38.295252084732056,624.695773,603.368216,132,0.0,0.0,44961.79111411763,0.0
38.29528737068176,624.695773,606.56735,132,0.0,0.0,45200.18417301564,0.0
38.33192563056946,581.941396,602.873456,133,0.0,0.0,44924.92258975436,0.0
38.33193898200989,581.941396,599.733647,133,0.0,0.0,44690.95031104847,0.0
38.33202838897705,581.941396,597.06481,133,0.0,0.0,44492.07392258516,0.0
38.33210730552673,581.941396,594.796298,133,0.0,0.0,44323.02895140646,0.0
38.33925127983093,581.941396,592.868062,133,0.0,0.0,44179.340666290154,0.0
38.351144552230835,557.736445,587.59832,133,0.0,0.0,43786.650045958755,0.0
38.3595244884491,557.736445,583.119039,133,0.0,0.0,43452.862996321666,0.0
38.38129258155823,593.773632,584.717228,133,0.0,0.0,43571.95683997033,0.0
38.381303787231445,656.235432,595.444958,133,0.0,0.0,44371.36579556016,0.0
38.405410051345825,656.235432,604.563529,133,0.0,0.0,45050.8634450705,0.0
38.431968688964844,599.482533,603.80138,134,0.0,0.0,44994.06962791683,0.0
38.43198204040527,599.482533,603.153553,134,0.0,0.0,44945.794857254936,0.0
38.43205809593201,599.482533,602.6029,134,0.0,0.0,44904.76129846641,0.0
38.43215847015381,599.482533,602.134845,134,0.0,0.0,44869.88277722207,0.0
38.439215660095215,599.482533,601.736998,134,0.0,0.0,44840.236015534865,0.0
38.449265003204346,558.358539,595.230229,134,0.0,0.0,44355.36462050962,0.0
38.459537506103516,593.571928,594.981484,134,0.0,0.0,44336.82864126162,0.0
38.47418928146362,624.94563,599.476106,134,0.0,0.0,44671.75887149588,0.0
38.47937321662903,624.94563,603.296535,134,0.0,0.0,44956.4495895504,0.0
38.496220111846924,578.22564,599.5359,134,0.0,0.0,44676.21460062875,0.0
38.53195357322693,623.094884,603.069748,135,0.0,0.0,44939.54987648796,0.0
38.53197717666626,623.094884,606.073518,135,0.0,0.0,45163.38480135391,0.0
38.53204369544983,623.094884,608.626723,135,0.0,0.0,45353.64452474894,0.0
38.53219413757324,623.094884,610.796947,135,0.0,0.0,45515.36527100524,0.0
38.53929281234741,623.094884,612.641638,135,0.0,0.0,45652.82795003387,0.0
38.549275398254395,593.667558,609.795526,135,0.0,0.0,45440.74138359235,0.0
38.55926275253296,593.667558,607.37633,135,0.0,0.0,45260.46774250267,0.0
38.56974935531616,593.76428,605.334523,135,0.0,0.0,45108.31637391062,0.0
38.57932448387146,593.724707,603.593051,135,0.0,0.0,44978.54536804927,0.0
38.60033106803894,593.724707,602.112799,135,0.0,0.0,44868.239953452736,0.0
38.631951093673706,593.346507,600.797855,136,0.0,0.0,44770.25295996025,0.0
38.63197374343872,593.346507,599.680153,136,0.0,0.0,44686.964045298846,0.0
38.632036209106445,593.346507,598.730106,136,0.0,0.0,44616.168445481235,0.0
38.63211727142334,593.346507,597.922566,136,0.0,0.0,44555.99218191038,0.0
38.639251708984375,593.346507,597.236157,136,0.0,0.0,44504.84235787515,0.0
38.64920496940613,594.982416,596.898096,136,0.0,0.0,44479.65072917685,0.0
38.659263610839844,594.982416,596.610744,136,0.0,0.0,44458.23783360559,0.0
38.66928267478943,578.069881,593.829615,136,0.0,0.0,44250.99367018513,0.0
38.6940393447876,578.069881,591.465654,136,0.0,0.0,44074.836030678445,0.0
38.69910907745361,593.720848,591.803934,136,0.0,0.0,44100.04397881817,0.0
38.73211169242859,627.704648,597.189041,137,0.0,0.0,44501.33136791254,0.0
38.73214411735535,627.704648,601.766382,137,0.0,0.0,44842.42565236867,0.0
38.732216596603394,627.704648,605.657122,137,0.0,0.0,45132.35580533407,0.0
38.732298374176025,627.704648,608.964251,137,0.0,0.0,45378.79643535466,0.0
38.73926043510437,627.704648,611.77531,137,0.0,0.0,45588.27092243546,0.0
38.749579668045044,618.355048,612.762271,137,0.0,0.0,45661.81727960683,0.0
38.759297132492065,618.355048,613.601187,137,0.0,0.0,45724.33161986218,0.0
38.76927614212036,562.535946,605.941401,137,0.0,0.0,45153.53970709951,0.0
38.77932810783386,562.434364,599.415346,137,0.0,0.0,44667.231157977585,0.0
38.789353370666504,562.434364,593.868198,137,0.0,0.0,44253.86879807645,0.0
38.84224247932434,603.497399,595.312578,138,0.0,0.0,44361.501103072456,0.0
38.842251777648926,603.497399,596.540302,138,0.0,0.0,44452.988636837064,0.0
38.842254877090454,603.497399,597.583866,138,0.0,0.0,44530.75293621178,0.0
38.842257261276245,603.497399,598.470896,138,0.0,0.0,44596.85263539109,0.0
38.84225916862488,603.497399,599.224872,138,0.0,0.0,44653.03741695251,0.0
38.84925413131714,618.83457,602.166326,138,0.0,0.0,44872.228678296284,0.0
38.85926866531372,624.986125,605.589296,138,0.0,0.0,45127.30154764657,0.0
38.86950874328613,624.986125,608.498821,138,0.0,0.0,45344.11352385333,0.0
38.87924027442932,578.090748,603.93761,138,0.0,0.0,45004.22121469428,0.0
38.88922452926636,578.090748,600.060581,138,0.0,0.0,44715.31277799038,0.0
38.93190026283264,582.253237,597.389479,139,0.0,0.0,44516.267606263114,0.0
38.93190836906433,582.253237,595.119043,139,0.0,0.0,44347.079262457526,0.0
38.93195199966431,582.253237,593.189172,139,0.0,0.0,44203.26914041558,0.0
38.93203902244568,582.253237,591.548782,139,0.0,0.0,44081.03056276121,0.0
38.95034098625183,582.253237,590.15445,139,0.0,0.0,43977.12773449601,0.0
38.95037341117859,628.530401,595.910843,139,0.0,0.0,44406.082612750266,0.0
38.95923662185669,628.530401,600.803776,139,0.0,0.0,44770.694181022496,0.0
38.96967649459839,593.775295,599.749504,139,0.0,0.0,44692.13194293227,0.0
38.97923493385315,593.570801,598.822699,139,0.0,0.0,44623.06829040882,0.0
38.98925805091858,593.570801,598.034914,139,0.0,0.0,44564.36412987538,0.0
39.06246590614319,592.754548,597.242859,140,0.0,0.0,44505.34177749331,0.0
39.062477350234985,592.754548,596.569612,140,0.0,0.0,44455.17275933907,0.0
39.062479972839355,592.754548,595.997353,140,0.0,0.0,44412.52916470004,0.0
39.06248235702515,592.754548,595.510932,140,0.0,0.0,44376.282045916574,0.0
39.06248426437378,592.754548,595.097474,140,0.0,0.0,44345.47198377293,0.0
39.06248593330383,592.754548,594.746035,140,0.0,0.0,44319.28345330622,0.0
39.062487840652466,592.754548,594.447312,140,0.0,0.0,44297.02321358723,0.0
39.06924104690552,592.754548,594.193398,140,0.0,0.0,44278.10205081098,0.0
39.07925534248352,598.484159,594.837012,140,0.0,0.0,44326.0628771501,0.0
39.089242696762085,598.484159,595.384084,140,0.0,0.0,44366.82958699016,0.0
39.14965486526489,614.534972,598.256717,141,0.0,0.0,44580.89244523909,0.0
39.149662494659424,614.534972,600.698455,141,0.0,0.0,44762.84587102478,0.0
39.14966535568237,614.534972,602.773933,141,0.0,0.0,44917.50633510524,0.0
39.149667501449585,614.534972,604.538089,141,0.0,0.0,45048.9677072182,0.0
39.14966917037964,614.534972,606.037621,141,0.0,0.0,45160.70982880343,0.0
39.14967107772827,614.534972,607.312224,141,0.0,0.0,45255.690691765274,0.0
39.17583608627319,581.768673,603.480691,141,0.0,0.0,44970.1725258683,0.0
39.17584800720215,581.768673,600.223889,141,0.0,0.0,44727.48216309977,0.0
39.1793532371521,593.846233,599.26724,141,0.0,0.0,44656.19459546374,0.0
39.18961977958679,624.208192,603.008383,141,0.0,0.0,44934.97707958128,0.0
39.245927572250366,590.609668,601.148576,142,0.0,0.0,44796.387986504866,0.0
39.24593663215637,590.609668,599.56774,142,0.0,0.0,44678.58725366401,0.0
39.24593997001648,590.609668,598.224029,142,0.0,0.0,44578.45660094208,0.0
39.24594259262085,590.609668,597.081875,142,0.0,0.0,44493.34557220974,0.0
39.24606680870056,590.609668,596.111044,142,0.0,0.0,44421.00119033547,0.0
39.25157976150513,590.609668,595.285837,142,0.0,0.0,44359.508417305624,0.0
39.27261137962341,584.566649,593.677959,142,0.0,0.0,44239.692568780745,0.0
39.272621393203735,593.590621,593.664858,142,0.0,0.0,44238.716308497605,0.0
39.279376745224,593.590621,593.653723,142,0.0,0.0,44237.88655059724,0.0
39.28938436508179,593.558192,593.639393,142,0.0,0.0,44236.81870769539,0.0
39.35572052001953,622.968337,598.038735,143,0.0,0.0,44564.648863143215,0.0
39.3557333946228,622.968337,601.778175,143,0.0,0.0,44843.30444311129,0.0
39.35573649406433,622.968337,604.9567,143,0.0,0.0,45080.16176060213,0.0
39.35573887825012,622.968337,607.658445,143,0.0,0.0,45281.490387321865,0.0
39.355741024017334,622.968337,609.954929,143,0.0,0.0,45452.61977592212,0.0
39.35574269294739,622.968337,611.90694,143,0.0,0.0,45598.07972642515,0.0
39.360833168029785,611.37114,611.82657,143,0.0,0.0,45592.09071497905,0.0
39.3796660900116,562.488525,604.425864,143,0.0,0.0,45040.60492496687,0.0
39.37967562675476,562.488525,598.135263,143,0.0,0.0,44571.84193639033,0.0
39.38937425613403,624.996531,602.164453,143,0.0,0.0,44872.08910608726,0.0
39.44517493247986,584.012624,599.441679,144,0.0,0.0,44669.193440401505,0.0
39.44518780708313,584.012624,597.12732,144,0.0,0.0,44496.732042598815,0.0
39.446500062942505,584.012624,595.160116,144,0.0,0.0,44350.139940162226,0.0
39.446510553359985,584.012624,593.487992,144,0.0,0.0,44225.53660838031,0.0
39.446513414382935,584.012624,592.066687,144,0.0,0.0,44119.623806172895,0.0
39.461883783340454,584.012624,590.858577,144,0.0,0.0,44029.597868408084,0.0
39.461894035339355,566.225489,587.163614,144,0.0,0.0,43754.25662540766,0.0
39.47189450263977,566.225489,584.022895,144,0.0,0.0,43520.21653532419,0.0
39.49217343330383,625.005219,590.170244,144,0.0,0.0,43978.30467174599,0.0
39.49218249320984,593.455468,590.663028,144,0.0,0.0,44015.025948546514,0.0
39.547197341918945,635.89617,597.447999,145,0.0,0.0,44520.62839946736,0.0
39.5472092628479,635.89617,603.215225,145,0.0,0.0,44950.3905311868,0.0
39.547213077545166,635.89617,608.117366,145,0.0,0.0,45315.68826117851,0.0
39.547216176986694,635.89617,612.284187,145,0.0,0.0,45626.19141736717,0.0
39.54721927642822,635.89617,615.825984,145,0.0,0.0,45890.11903678723,0.0
39.54935383796692,635.89617,618.836512,145,0.0,0.0,46114.45755427917,0.0
39.579726696014404,626.206028,619.94194,145,0.0,0.0,46196.83183504126,0.0
39.57980394363403,626.206028,620.881553,145,0.0,0.0,46266.84991407463,0.0
39.57980751991272,578.14483,614.471045,145,0.0,0.0,45789.15169599119,0.0
39.60478377342224,578.14483,609.022112,145,0.0,0.0,45383.108121198675,0.0
39.64509129524231,585.165902,605.443681,146,0.0,0.0,45116.450609464104,0.0
39.64516305923462,585.165902,602.402014,146,0.0,0.0,44889.791676053035,0.0
39.64534640312195,585.165902,599.816597,146,0.0,0.0,44697.13157892772,0.0
39.64548587799072,585.165902,597.618993,146,0.0,0.0,44533.37052990429,0.0
39.64568257331848,585.165902,595.751029,146,0.0,0.0,44394.173593523585,0.0
39.64933109283447,585.165902,594.16326,146,0.0,0.0,44275.856227407196,0.0
39.65934705734253,589.486083,593.461684,146,0.0,0.0,44223.57618890633,0.0
39.673797369003296,593.732426,593.502295,146,0.0,0.0,44226.60243929625,0.0
39.68404459953308,593.732426,593.536814,146,0.0,0.0,44229.17472604638,0.0
39.689369916915894,624.995344,598.255594,146,0.0,0.0,44580.808761528075,0.0
39.74555826187134,579.337178,595.417832,147,0.0,0.0,44369.34442036434,0.0
39.7455894947052,579.337178,593.005734,147,0.0,0.0,44189.59970801976,0.0
39.745795249938965,579.337178,590.95545,147,0.0,0.0,44036.81665036427,0.0
39.745981216430664,579.337178,589.212709,147,0.0,0.0,43906.951081164305,0.0
39.746140003204346,579.337178,587.73138,147,0.0,0.0,43796.565410684634,0.0
39.749300479888916,579.337178,586.47225,147,0.0,0.0,43702.73756469562,0.0
39.75929546356201,606.982031,589.548717,147,0.0,0.0,43931.989724414074,0.0
39.77167057991028,593.264413,590.106071,147,0.0,0.0,43973.52262830277,0.0
39.77940273284912,593.264413,590.579822,147,0.0,0.0,44008.82560405995,0.0
39.800296783447266,593.88802,591.076052,147,0.0,0.0,44045.80366987931,0.0
39.84526467323303,632.962965,597.359089,148,0.0,0.0,44514.00300432399,0.0
39.84528708457947,632.962965,602.69967,148,0.0,0.0,44911.97240506886,0.0
39.84544277191162,632.962965,607.239165,148,0.0,0.0,45250.246481397706,0.0
39.84556555747986,632.962965,611.097735,148,0.0,0.0,45537.77939038873,0.0
39.84568762779236,632.962965,614.377519,148,0.0,0.0,45782.18232577209,0.0
39.84926891326904,632.962965,617.165336,148,0.0,0.0,45989.92486555876,0.0
39.85934615135193,594.07781,613.702207,148,0.0,0.0,45731.859427953335,0.0
39.86933612823486,593.552169,610.679702,148,0.0,0.0,45506.628408407254,0.0
39.88062644004822,593.552169,608.110572,148,0.0,0.0,45315.1819859046,0.0
39.889421701431274,609.384019,608.301589,148,0.0,0.0,45329.416190202246,0.0
39.94478726387024,580.793684,604.175403,149,0.0,0.0,45021.94107283542,0.0
39.94490599632263,580.793684,600.668145,149,0.0,0.0,44760.58723052545,0.0
39.94503998756409,580.793684,597.686976,149,0.0,0.0,44538.436486917366,0.0
39.945186614990234,580.793684,595.152982,149,0.0,0.0,44349.608328769194,0.0
39.94534730911255,580.793684,592.999087,149,0.0,0.0,44189.10438689146,0.0
39.94927000999451,580.793684,591.168277,149,0.0,0.0,44052.676092183865,0.0
39.959288120269775,600.060212,592.502067,149,0.0,0.0,44152.0674518542,0.0
39.96975803375244,600.060212,593.635789,149,0.0,0.0,44236.55014483297,0.0
39.979297399520874,578.084852,591.303148,149,0.0,0.0,44062.726409002935,0.0
39.989293336868286,578.084852,589.320404,149,0.0,0.0,43914.976296887704,0.0
40.09868264198303,633.92511,596.01111,150,0.0,0.0,44413.554308789426,0.0
40.09869647026062,633.92511,601.69821,150,0.0,0.0,44837.3456114541,0.0
40.098763942718506,633.92511,606.532245,150,0.0,0.0,45197.56821871907,0.0
40.09889483451843,633.92511,610.641175,150,0.0,0.0,45503.757453523795,0.0
40.09899377822876,633.92511,614.133765,150,0.0,0.0,45764.01826584881,0.0
40.09909462928772,633.92511,617.102467,150,0.0,0.0,45985.23999358408,0.0
40.09910202026367,633.92511,619.625863,150,0.0,0.0,46173.278409996434,0.0
40.09920620918274,633.92511,621.77075,150,0.0,0.0,46333.11109375416,0.0
40.09927248954773,633.92511,623.593904,150,0.0,0.0,46468.96887867412,0.0
40.09937262535095,633.92511,625.143585,150,0.0,0.0,46584.44800330789,0.0
40.1420681476593,596.237215,620.80763,151,0.0,0.0,46261.34132015736,0.0
40.14209723472595,596.237215,617.122067,151,0.0,0.0,45986.7005463319,0.0
40.1422061920166,596.237215,613.98934,151,0.0,0.0,45753.256004083174,0.0
40.142277002334595,596.237215,611.326521,151,0.0,0.0,45554.828064927846,0.0
40.148738384246826,596.237215,609.063125,151,0.0,0.0,45386.16432782353,0.0
40.159961462020874,596.237215,607.139239,151,0.0,0.0,45242.800195995645,0.0
40.15997266769409,563.36929,600.573746,151,0.0,0.0,44753.55280609469,0.0
40.16921830177307,563.36929,594.993078,151,0.0,0.0,44337.692602922754,0.0
40.17922306060791,531.458146,585.462838,151,0.0,0.0,43627.51820396601,0.0
40.1898398399353,562.392752,582.002325,151,0.0,0.0,43369.64770544163,0.0
40.231834173202515,609.138474,586.072747,152,0.0,0.0,43672.96740120483,0.0
40.23187518119812,609.138474,589.532606,152,0.0,0.0,43930.78916495895,0.0
40.231964111328125,609.138474,592.473487,152,0.0,0.0,44149.93772749026,0.0
40.232043743133545,609.138474,594.973235,152,0.0,0.0,44336.213942301576,0.0
40.23926258087158,609.138474,597.098021,152,0.0,0.0,44494.54873979479,0.0
40.25788497924805,592.027206,596.337399,152,0.0,0.0,44437.86871162306,0.0
40.270894289016724,592.027206,595.69087,152,0.0,0.0,44389.690665321694,0.0
40.27108836174011,562.520841,590.715365,152,0.0,0.0,44018.92599697322,0.0
40.27922034263611,562.520841,586.486187,152,0.0,0.0,43703.77612202453,0.0
40.30296087265015,593.722511,587.571635,152,0.0,0.0,43784.661533199775,0.0
40.33179497718811,595.98634,588.833841,153,0.0,0.0,43878.718596548606,0.0
40.33181166648865,595.98634,589.906716,153,0.0,0.0,43958.667092943324,0.0
40.331841230392456,595.98634,590.81866,153,0.0,0.0,44026.62333350832,0.0
40.331995725631714,595.98634,591.593812,153,0.0,0.0,44084.386108181374,0.0
40.340545415878296,595.98634,592.252691,153,0.0,0.0,44133.48445174987,0.0
40.34930753707886,606.149914,594.337274,153,0.0,0.0,44288.82340219608,0.0
40.36821699142456,606.149914,596.10917,153,0.0,0.0,44420.861543608444,0.0
40.381937980651855,593.765408,595.757606,153,0.0,0.0,44394.66369839209,0.0
40.38219428062439,593.765408,595.458776,153,0.0,0.0,44372.39548524737,0.0
40.389370918273926,578.114276,592.857101,153,0.0,0.0,44178.52387452132,0.0
40.43248987197876,616.596031,596.417941,154,0.0,0.0,44443.87054016472,0.0
40.43250393867493,616.596031,599.444654,154,0.0,0.0,44669.415131443595,0.0
40.43250870704651,616.596031,602.017361,154,0.0,0.0,44861.12810482273,0.0
40.432512521743774,616.596031,604.204161,154,0.0,0.0,45024.08406140291,0.0
40.43928527832031,616.596031,606.062942,154,0.0,0.0,45162.596699014044,0.0
40.460307121276855,609.671216,606.604183,154,0.0,0.0,45202.92889441162,0.0
40.471035957336426,593.628009,604.657757,154,0.0,0.0,45057.88512692372,0.0
40.47879338264465,593.628009,603.003295,154,0.0,0.0,44934.59793201081,0.0
40.47923803329468,562.577608,596.939442,154,0.0,0.0,44482.73175029481,0.0
40.507683753967285,624.965252,601.143313,154,0.0,0.0,44795.99579828487,0.0
40.531731605529785,573.953813,597.064888,155,0.0,0.0,44492.07973498896,0.0
40.53175091743469,573.953813,593.598227,155,0.0,0.0,44233.75109981693,0.0
40.53182554244995,573.953813,590.651565,155,0.0,0.0,44014.171748743014,0.0
40.53191661834717,573.953813,588.146902,155,0.0,0.0,43827.52927797478,0.0
40.540624380111694,573.953813,586.017939,155,0.0,0.0,43668.88321880669,0.0
40.54931163787842,588.198958,586.345092,155,0.0,0.0,43693.26200519002,0.0
40.57374286651611,588.198958,586.623172,155,0.0,0.0,43713.98396988996,0.0
40.5737566947937,609.420707,590.042802,155,0.0,0.0,43968.80794912914,0.0
40.587252616882324,562.49685,585.910909,155,0.0,0.0,43660.90755755153,0.0
40.594664335250854,624.965314,591.76907,155,0.0,0.0,44097.44598335896,0.0
40.632100105285645,620.89344,596.137725,156,0.0,0.0,44422.98940502246,0.0
40.63211750984192,620.89344,599.851083,156,0.0,0.0,44699.70140658393,0.0
40.632150411605835,620.89344,603.007436,156,0.0,0.0,44934.9065110378,0.0
40.63225317001343,620.89344,605.690337,156,0.0,0.0,45134.83092061567,0.0
40.6392297744751,620.89344,607.970802,156,0.0,0.0,45304.76660541657,0.0
40.65092968940735,598.91848,606.612954,156,0.0,0.0,45203.58249176627,0.0
40.65930461883545,593.726904,604.680046,156,0.0,0.0,45059.5460585664,0.0
40.66984939575195,593.726904,603.037075,156,0.0,0.0,44937.11514996091,0.0
40.69226002693176,593.744508,601.64319,156,0.0,0.0,44833.24563124053,0.0
40.70139169692993,593.515917,600.424099,156,0.0,0.0,44742.401411346946,0.0
40.7345986366272,613.309532,602.356914,157,0.0,0.0,44886.43091437305,0.0
40.7346088886261,613.309532,603.999807,157,0.0,0.0,45008.85601057475,0.0
40.734612464904785,613.309532,605.396265,157,0.0,0.0,45112.917264102296,0.0
40.734615325927734,613.309532,606.583255,157,0.0,0.0,45201.36938176331,0.0
40.73920297622681,613.309532,607.592197,157,0.0,0.0,45276.55371903417,0.0
40.74926733970642,599.642046,606.399674,157,0.0,0.0,45187.689293293886,0.0
40.75976777076721,599.642046,605.38603,157,0.0,0.0,45112.15457239953,0.0
40.769351959228516,593.840175,603.654152,157,0.0,0.0,44983.098492204655,0.0
40.79057049751282,593.840175,602.182055,157,0.0,0.0,44873.400771876426,0.0
40.79058337211609,578.1459,598.576632,157,0.0,0.0,44604.73187035769,0.0
40.83806228637695,611.69686,600.544666,158,0.0,0.0,44751.38582273208,0.0
40.83807444572449,611.69686,602.217495,158,0.0,0.0,44876.0416897021,0.0
40.83807826042175,611.69686,603.6394,158,0.0,0.0,44981.99920270792,0.0
40.83808135986328,611.69686,604.848019,158,0.0,0.0,45072.063070133365,0.0
40.839242935180664,611.69686,605.875345,158,0.0,0.0,45148.61734626731,0.0
40.84927725791931,603.43686,605.509573,158,0.0,0.0,45121.36074934475,0.0
40.85930323600769,593.741925,603.744425,158,0.0,0.0,44989.82545537841,0.0
40.8701057434082,593.741925,602.24405,158,0.0,0.0,44878.020515121425,0.0
40.87926483154297,578.163708,598.631999,158,0.0,0.0,44608.85770831633,0.0
40.901121377944946,593.656143,597.885621,158,0.0,0.0,44553.23911449871,0.0
40.94824457168579,589.678202,596.654508,159,0.0,0.0,44461.49903924111,0.0
40.94825506210327,589.678202,595.608062,159,0.0,0.0,44383.519978998076,0.0
40.94825863838196,589.678202,594.718583,159,0.0,0.0,44317.237785243284,0.0
40.94826126098633,589.678202,593.962526,159,0.0,0.0,44260.89793172942,0.0
40.94826340675354,589.678202,593.319877,159,0.0,0.0,44213.009015257725,0.0
40.94915986061096,621.259415,597.510808,159,0.0,0.0,44525.30880036222,0.0
40.959169149398804,621.259415,601.073099,159,0.0,0.0,44790.763591619725,0.0
40.96922016143799,578.184062,597.639743,159,0.0,0.0,44534.91677834907,0.0
40.980307817459106,578.184062,594.721391,159,0.0,0.0,44317.44703177981,0.0
40.98926258087158,593.749614,594.575624,159,0.0,0.0,44306.58476686175,0.0
41.061797857284546,602.924995,595.82803,160,0.0,0.0,44399.91155383667,0.0
41.0618212223053,602.924995,596.892575,160,0.0,0.0,44479.23931531354,0.0
41.061914920806885,602.924995,597.797438,160,0.0,0.0,44546.667893939404,0.0
41.06201767921448,602.924995,598.566571,160,0.0,0.0,44603.98214478646,0.0
41.06208109855652,602.924995,599.220335,160,0.0,0.0,44652.699328798575,0.0
41.06217575073242,602.924995,599.776034,160,0.0,0.0,44694.10890540166,0.0
41.062260150909424,602.924995,600.248378,160,0.0,0.0,44729.3070343366,0.0
41.06908941268921,602.924995,600.649871,160,0.0,0.0,44759.225488642085,0.0
41.07913136482239,627.321268,604.65058,160,0.0,0.0,45057.350311256814,0.0
41.09026074409485,624.970689,607.698597,160,0.0,0.0,45284.482433950994,0.0
41.13628911972046,570.109519,602.060235,161,0.0,0.0,44864.322989440625,0.0
41.13630032539368,570.109519,597.267628,161,0.0,0.0,44507.18751376939,0.0
41.136303663253784,570.109519,593.193911,161,0.0,0.0,44203.62228120496,0.0
41.136306285858154,570.109519,589.731253,161,0.0,0.0,43945.591941576284,0.0
41.14356875419617,570.109519,586.787993,161,0.0,0.0,43726.26610072932,0.0
41.17079758644104,597.890105,588.453309,161,0.0,0.0,43850.36211398534,0.0
41.17081165313721,597.890105,589.868829,161,0.0,0.0,43955.843829578145,0.0
41.17083930969238,609.403977,592.799101,161,0.0,0.0,44174.20183067568,0.0
41.17911958694458,609.403977,595.289832,161,0.0,0.0,44359.806116705004,0.0
41.18907570838928,609.429361,597.410762,161,0.0,0.0,44517.85357280047,0.0
41.244319438934326,609.521889,599.227431,162,0.0,0.0,44653.22810850769,0.0
41.244333028793335,609.521889,600.7716,162,0.0,0.0,44768.29648994012,0.0
41.24433660507202,609.521889,602.084143,162,0.0,0.0,44866.104565721,0.0
41.24433994293213,609.521889,603.199805,162,0.0,0.0,44949.24146366783,0.0
41.24453401565552,609.521889,604.148118,162,0.0,0.0,45019.907849278046,0.0
41.25247240066528,591.064243,602.185536,162,0.0,0.0,44873.660169025155,0.0
41.2808518409729,591.064243,600.517343,162,0.0,0.0,44749.34976749079,0.0
41.280863761901855,609.383623,601.847285,162,0.0,0.0,44848.45438190736,0.0
41.280890226364136,609.383623,602.977735,162,0.0,0.0,44932.69325199885,0.0
41.28902626037598,593.745784,601.592943,162,0.0,0.0,44829.501325428246,0.0
41.34076809883118,621.339368,604.554907,163,0.0,0.0,45050.22095089744,0.0
41.34078049659729,621.339368,607.072576,163,0.0,0.0,45237.83260273906,0.0
41.340784549713135,621.339368,609.212595,163,0.0,0.0,45397.30253288573,0.0
41.34078788757324,621.339368,611.031611,163,0.0,0.0,45532.85196233271,0.0
41.34721899032593,621.339368,612.577774,163,0.0,0.0,45648.06893265184,0.0
41.35529136657715,615.549507,613.023534,163,0.0,0.0,45681.286075145515,0.0
41.36304831504822,615.549507,613.40243,163,0.0,0.0,45709.52064626514,0.0
41.39033341407776,562.544947,605.773808,163,0.0,0.0,45141.05101237153,0.0
41.39034700393677,562.544947,599.289479,163,0.0,0.0,44657.85180120656,0.0
41.39037227630615,593.712774,598.452973,163,0.0,0.0,44595.51704932479,0.0
41.431780099868774,592.494563,597.559212,164,0.0,0.0,44528.915769505395,0.0
41.431811571121216,592.494563,596.799514,164,0.0,0.0,44472.304595963215,0.0
41.4318163394928,592.494563,596.153772,164,0.0,0.0,44424.18519532575,0.0
41.43193435668945,592.494563,595.60489,164,0.0,0.0,44383.28360791052,0.0
41.450841426849365,592.494563,595.138341,164,0.0,0.0,44348.517310770156,0.0
41.45085430145264,596.884221,595.400223,164,0.0,0.0,44368.032232949205,0.0
41.464808225631714,593.601184,595.130367,164,0.0,0.0,44347.92310425939,0.0
41.47211670875549,593.601184,594.90099,164,0.0,0.0,44330.83038958383,0.0
41.500009298324585,609.483579,597.088378,164,0.0,0.0,44493.830162746446,0.0
41.500022172927856,593.679233,596.577007,164,0.0,0.0,44455.72381992938,0.0
41.53343319892883,616.628751,599.584768,165,0.0,0.0,44679.8561461227,0.0
41.53344464302063,616.628751,602.141366,165,0.0,0.0,44870.3687090827,0.0
41.533448457717896,616.628751,604.314473,165,0.0,0.0,45032.30429072532,0.0
41.533451557159424,616.628751,606.161615,165,0.0,0.0,45169.94961336543,0.0
41.53904867172241,616.628751,607.731685,165,0.0,0.0,45286.948085446944,0.0
41.56161165237427,591.645976,605.318829,165,0.0,0.0,45107.14688846039,0.0
41.575071573257446,591.645976,603.267901,165,0.0,0.0,44954.31584121461,0.0
41.57527804374695,578.149774,599.500182,165,0.0,0.0,44673.5529667998,0.0
41.582499504089355,578.149774,596.297621,165,0.0,0.0,44434.90453472493,0.0
41.61020040512085,609.371801,598.258748,165,0.0,0.0,44581.04379129169,0.0
41.63156723976135,601.240924,598.706074,166,0.0,0.0,44614.377628969196,0.0
41.6315815448761,601.240924,599.086302,166,0.0,0.0,44642.71145806128,0.0
41.6316282749176,601.240924,599.409495,166,0.0,0.0,44666.79515317516,0.0
41.63175630569458,601.240924,599.684209,166,0.0,0.0,44687.26629029605,0.0
41.63944387435913,601.240924,599.917716,166,0.0,0.0,44704.6667643006,0.0
41.64898419380188,593.237421,598.915672,166,0.0,0.0,44629.99645217538,0.0
41.671640157699585,593.237421,598.063935,166,0.0,0.0,44566.526716676155,0.0
41.67164993286133,578.184611,595.082036,166,0.0,0.0,44344.321574930014,0.0
41.68574905395508,578.184611,592.547422,166,0.0,0.0,44155.44721562349,0.0
41.69305109977722,609.419213,595.078191,166,0.0,0.0,44344.03505323025,0.0
41.73165225982666,614.412157,597.978286,167,0.0,0.0,44560.144324722096,0.0
41.731684923172,614.412157,600.443367,167,0.0,0.0,44743.83722411967,0.0
41.73172616958618,614.412157,602.538685,167,0.0,0.0,44899.9761252673,0.0
41.73182225227356,614.412157,604.319706,167,0.0,0.0,45032.69424340539,0.0
41.73888158798218,614.412157,605.833574,167,0.0,0.0,45145.50465500048,0.0
41.7488694190979,578.771997,601.774337,167,0.0,0.0,44843.01844303749,0.0
41.76057457923889,578.771997,598.323986,167,0.0,0.0,44585.90519640206,0.0
41.768882513046265,593.811786,597.647156,167,0.0,0.0,44535.469180263346,0.0
41.789284229278564,593.811786,597.071851,167,0.0,0.0,44492.59860380443,0.0
41.795920848846436,593.712774,596.567989,167,0.0,0.0,44455.051816629384,0.0
41.83880424499512,617.425913,599.696678,168,0.0,0.0,44688.19545520486,0.0
41.83881735801697,617.425913,602.356063,168,0.0,0.0,44886.367499557324,0.0
41.83882164955139,617.425913,604.61654,168,0.0,0.0,45054.81371862742,0.0
41.83882474899292,617.425913,606.537946,168,0.0,0.0,45197.9930458219,0.0
41.83882808685303,617.425913,608.171141,168,0.0,0.0,45319.695466485406,0.0
41.84879517555237,607.42953,608.0599,168,0.0,0.0,45311.40600994345,0.0
41.85879564285278,607.42953,607.965344,168,0.0,0.0,45304.3598861871,0.0
41.87086272239685,578.119045,603.488399,168,0.0,0.0,44970.746910591784,0.0
41.878934383392334,578.119045,599.682996,168,0.0,0.0,44687.175899965274,0.0
41.904717206954956,593.748813,598.792869,168,0.0,0.0,44620.845418548204,0.0
41.946824073791504,592.442588,597.840327,169,0.0,0.0,44549.863896327246,0.0
41.94683575630188,592.442588,597.030666,169,0.0,0.0,44489.52958008403,0.0
41.946839809417725,592.442588,596.342454,169,0.0,0.0,44438.24540009961,0.0
41.94684290885925,592.442588,595.757474,169,0.0,0.0,44394.65386201644,0.0
41.94684553146362,592.442588,595.260241,169,0.0,0.0,44357.60105464575,0.0
41.94875478744507,614.922754,598.209618,169,0.0,0.0,44577.382722082446,0.0
41.95873475074768,614.922754,600.716589,169,0.0,0.0,44764.197180388524,0.0
41.96871209144592,578.259908,597.348087,169,0.0,0.0,44513.18315731727,0.0
41.98162770271301,578.259908,594.48486,169,0.0,0.0,44299.8212153513,0.0
41.98879051208496,609.350626,596.714725,169,0.0,0.0,44465.986289486864,0.0
42.06146240234375,593.82063,596.280611,170,0.0,0.0,44433.63698359019,0.0
42.061484813690186,593.82063,595.911614,170,0.0,0.0,44406.140066126216,0.0
42.06158447265625,593.82063,595.597966,170,0.0,0.0,44382.76764529695,0.0
42.06165385246277,593.82063,595.331366,170,0.0,0.0,44362.90114720646,0.0
42.06173753738403,593.82063,595.104755,170,0.0,0.0,44346.01454931155,0.0
42.061826944351196,593.82063,594.912137,170,0.0,0.0,44331.66104170017,0.0
42.061914920806885,593.82063,594.748411,170,0.0,0.0,44319.4605080679,0.0
42.068684577941895,593.82063,594.609244,170,0.0,0.0,44309.09006193227,0.0
42.07884764671326,593.537888,594.44854,170,0.0,0.0,44297.11472168796,0.0
42.091289043426514,624.977938,599.02795,170,0.0,0.0,44638.36318388059,0.0
42.13286113739014,614.426725,601.337766,171,0.0,0.0,44810.486046421356,0.0
42.132872104644775,614.426725,603.30111,171,0.0,0.0,44956.79050938822,0.0
42.13287591934204,614.426725,604.969952,171,0.0,0.0,45081.14927310287,0.0
42.13287925720215,614.426725,606.388468,171,0.0,0.0,45186.85424461571,0.0
42.14015555381775,614.426725,607.594207,171,0.0,0.0,45276.703500208816,0.0
42.1677668094635,560.590956,600.543719,171,0.0,0.0,44751.3152541886,0.0
42.167781352996826,560.590956,594.550805,171,0.0,0.0,44304.7353046858,0.0
42.1686635017395,593.81042,594.439747,171,0.0,0.0,44296.45948493737,0.0
42.17872619628906,593.81042,594.345348,171,0.0,0.0,44289.42506050659,0.0
42.18869423866272,609.384506,596.601222,171,0.0,0.0,44457.52827323493,0.0
42.25081658363342,622.840546,600.53712,172,0.0,0.0,44750.82350992415,0.0
42.25082969665527,622.840546,603.882634,172,0.0,0.0,45000.12451327259,0.0
42.25083351135254,622.840546,606.726321,172,0.0,0.0,45212.03037357057,0.0
42.25083661079407,622.840546,609.143455,172,0.0,0.0,45392.150358549734,0.0
42.251015186309814,622.840546,611.198018,172,0.0,0.0,45545.25227871585,0.0
42.251020193099976,594.27227,608.659156,172,0.0,0.0,45356.06136695662,0.0
42.25863313674927,562.359298,601.714177,172,0.0,0.0,44838.5354403176,0.0
42.2855863571167,562.359298,595.810945,172,0.0,0.0,44398.63841385213,0.0
42.285598278045654,593.852202,595.517134,172,0.0,0.0,44376.744206536074,0.0
42.28861665725708,624.930445,599.929131,172,0.0,0.0,44705.51738724022,0.0
42.332125663757324,593.724346,598.998413,173,0.0,0.0,44636.16214579319,0.0
42.33213758468628,593.724346,598.207303,173,0.0,0.0,44577.2102129186,0.0
42.332141399383545,593.724346,597.534859,173,0.0,0.0,44527.10103271621,0.0
42.33214449882507,593.724346,596.963282,173,0.0,0.0,44484.50825935137,0.0
42.3615288734436,593.724346,596.477442,173,0.0,0.0,44448.304435524355,0.0
42.361722230911255,593.797489,596.075449,173,0.0,0.0,44418.348722220195,0.0
42.361727476119995,593.797489,595.733755,173,0.0,0.0,44392.88636963756,0.0
42.369511127471924,609.420067,597.786702,173,0.0,0.0,44545.86786871997,0.0
42.39818072319031,609.420067,599.531707,173,0.0,0.0,44675.9021466659,0.0
42.39819264411926,593.735068,598.662211,173,0.0,0.0,44611.10904605194,0.0
42.431307315826416,615.222503,601.146255,174,0.0,0.0,44796.215030233034,0.0
42.431321144104004,615.222503,603.257692,174,0.0,0.0,44953.55508697979,0.0
42.43139576911926,615.222503,605.052414,174,0.0,0.0,45087.2941761994,0.0
42.43154716491699,615.222503,606.577927,174,0.0,0.0,45200.9723498735,0.0
42.43862295150757,615.222503,607.874613,174,0.0,0.0,45297.59879377056,0.0
42.47238111495972,576.945256,603.23521,174,0.0,0.0,44951.87977336362,0.0
42.47256422042847,576.945256,599.291717,174,0.0,0.0,44658.0185724846,0.0
42.47256946563721,609.385055,600.805717,174,0.0,0.0,44770.83882045533,0.0
42.47970676422119,609.385055,602.092618,174,0.0,0.0,44866.736105748445,0.0
42.50807738304138,593.73673,600.839235,174,0.0,0.0,44773.33651469013,0.0
42.53156661987305,608.526456,601.992318,175,0.0,0.0,44859.26195061537,0.0
42.53158688545227,608.526456,602.972439,175,0.0,0.0,44932.29860468493,0.0
42.53159189224243,608.526456,603.805541,175,0.0,0.0,44994.37969730376,0.0
42.53159689903259,608.526456,604.513678,175,0.0,0.0,45047.14864838517,0.0
42.54164171218872,608.526456,605.115595,175,0.0,0.0,45092.00229778926,0.0
42.54862904548645,593.442354,603.364609,175,0.0,0.0,44961.52232770123,0.0
42.570130348205566,593.442354,601.876271,175,0.0,0.0,44850.61436057821,0.0
42.58408045768738,578.026938,598.298871,175,0.0,0.0,44584.03367689891,0.0
42.58425426483154,578.026938,595.258081,175,0.0,0.0,44357.440095771504,0.0
42.59196591377258,609.507019,597.395422,175,0.0,0.0,44516.71046672129,0.0
42.63115215301514,593.54535,596.817911,176,0.0,0.0,44473.675503560255,0.0
42.6311731338501,593.54535,596.327027,176,0.0,0.0,44437.09581095466,0.0
42.63126301765442,593.54535,595.909775,176,0.0,0.0,44406.00302752911,0.0
42.63133907318115,593.54535,595.555111,176,0.0,0.0,44379.574176521,0.0
42.63849997520447,593.54535,595.253647,176,0.0,0.0,44357.10968297129,0.0
42.64906072616577,594.250079,595.103112,176,0.0,0.0,44345.89211624192,0.0
42.65854549407959,594.250079,594.975157,176,0.0,0.0,44336.357165892456,0.0
42.68715810775757,624.935632,599.469228,176,0.0,0.0,44671.24633671019,0.0
42.68717002868652,624.935632,603.289189,176,0.0,0.0,44955.90218034195,0.0
42.694226026535034,578.083696,599.508365,176,0.0,0.0,44674.16274757202,0.0
42.731284618377686,613.835573,601.657446,177,0.0,0.0,44834.30795981058,0.0
42.73130917549133,613.835573,603.484165,177,0.0,0.0,44970.431401391055,0.0
42.7313494682312,613.835573,605.036876,177,0.0,0.0,45086.13631555675,0.0
42.73146367073059,613.835573,606.356681,177,0.0,0.0,45184.48554103429,0.0
42.7384238243103,613.835573,607.478515,177,0.0,0.0,45268.08236406071,0.0
42.74846315383911,598.360449,606.110805,177,0.0,0.0,45166.16335392066,0.0
42.75914478302002,598.360449,604.948251,177,0.0,0.0,45079.532158042624,0.0
42.76849389076233,593.803828,603.276588,177,0.0,0.0,44954.963179057486,0.0
42.78824591636658,593.803828,601.855674,177,0.0,0.0,44849.07951338703,0.0
42.802196979522705,593.737799,600.637993,177,0.0,0.0,44758.3403638697,0.0
42.839155197143555,597.696852,600.196822,178,0.0,0.0,44725.46518446581,0.0
42.83916687965393,597.696852,599.821826,178,0.0,0.0,44697.521233535794,0.0
42.839170932769775,597.696852,599.50308,178,0.0,0.0,44673.768919956085,0.0
42.839173793792725,597.696852,599.232146,178,0.0,0.0,44653.579460865134,0.0
42.839176177978516,597.696852,599.001852,178,0.0,0.0,44636.41841318604,0.0
42.84841704368591,582.975982,596.597971,178,0.0,0.0,44457.28601522559,0.0
42.85846543312073,582.975982,594.554673,178,0.0,0.0,44305.02354029952,0.0
42.870346784591675,593.782836,594.438897,178,0.0,0.0,44296.39614463962,0.0
42.87850999832153,624.764339,598.987714,178,0.0,0.0,44635.36487773965,0.0
42.89501881599426,624.764339,602.854207,178,0.0,0.0,44923.488192823585,0.0
42.95003080368042,582.561478,599.810298,179,0.0,0.0,44696.66219006248,0.0
42.95004391670227,582.561478,597.222975,179,0.0,0.0,44503.86006163424,0.0
42.950047731399536,582.561478,595.023751,179,0.0,0.0,44339.978293455126,0.0
42.950050830841064,582.561478,593.15441,179,0.0,0.0,44200.67874579209,0.0
42.950053215026855,582.561478,591.56547,179,0.0,0.0,44082.2741191008,0.0
42.950055837631226,609.649002,594.278,179,0.0,0.0,44284.406422421824,0.0
42.95836305618286,609.649002,596.58365,179,0.0,0.0,44456.2188429857,0.0
42.96837639808655,593.851608,596.173844,179,0.0,0.0,44425.68092056834,0.0
42.981422424316406,593.627238,595.791853,179,0.0,0.0,44397.21571624693,0.0
42.98839259147644,593.715208,595.480356,179,0.0,0.0,44374.00358362995,0.0
43.06203603744507,608.463347,597.427805,180,0.0,0.0,44519.12358302912,0.0
43.06204891204834,608.463347,599.083136,180,0.0,0.0,44642.475534081714,0.0
43.062053203582764,608.463347,600.490168,180,0.0,0.0,44747.324740913115,0.0
43.062055826187134,608.463347,601.686145,180,0.0,0.0,44836.4465518162,0.0
43.062058210372925,608.463347,602.702725,180,0.0,0.0,44912.20005755073,0.0
43.062060594558716,608.463347,603.566818,180,0.0,0.0,44976.59053742509,0.0
43.062063217163086,608.463347,604.301298,180,0.0,0.0,45031.32251611039,0.0
43.06988716125488,608.463347,604.925605,180,0.0,0.0,45077.8446234749,0.0
43.07838559150696,604.319408,604.834676,180,0.0,0.0,45071.068776494874,0.0
43.10096979141235,604.319408,604.757385,180,0.0,0.0,45065.30920596258,0.0
43.13939714431763,610.6177,605.636433,181,0.0,0.0,45130.81410248714,0.0
43.139416217803955,610.6177,606.383623,181,0.0,0.0,45186.493204918595,0.0
43.13941979408264,610.6177,607.018734,181,0.0,0.0,45233.82040472634,0.0
43.13942241668701,610.6177,607.558579,181,0.0,0.0,45274.04857299964,0.0
43.13942551612854,610.6177,608.017447,181,0.0,0.0,45308.24249740242,0.0
43.15699768066406,578.342507,603.566206,181,0.0,0.0,44976.54493241072,0.0
43.15826392173767,578.342507,599.782652,181,0.0,0.0,44694.60206550806,0.0
43.168285846710205,578.19554,596.544585,181,0.0,0.0,44453.307797419664,0.0
43.17828369140625,578.19554,593.792228,181,0.0,0.0,44248.207665818634,0.0
43.1890971660614,593.579969,593.760389,181,0.0,0.0,44245.83508730137,0.0
43.237346172332764,607.159816,595.770303,182,0.0,0.0,44395.60985340429,0.0
43.237356424331665,607.159816,597.47873,182,0.0,0.0,44522.91841204358,0.0
43.23736023902893,607.159816,598.930893,182,0.0,0.0,44631.13069061288,0.0
43.23736310005188,607.159816,600.165231,182,0.0,0.0,44723.11108641188,0.0
43.24513268470764,607.159816,601.214419,182,0.0,0.0,44801.29447500363,0.0
43.27458882331848,615.027937,603.286447,182,0.0,0.0,44955.697851993245,0.0
43.27460312843323,615.027937,605.04767,182,0.0,0.0,45086.94066282003,0.0
43.274627447128296,609.392916,605.699457,182,0.0,0.0,45135.510524751415,0.0
43.278223276138306,609.392916,606.253476,182,0.0,0.0,45176.79491111897,0.0
43.288278579711914,562.457647,599.684102,182,0.0,0.0,44687.258316870335,0.0
43.347452878952026,608.362802,600.985907,183,0.0,0.0,44784.26621839579,0.0
43.34746265411377,608.362802,602.092441,183,0.0,0.0,44866.722916062914,0.0
43.347466230392456,608.362802,603.032995,183,0.0,0.0,44936.811116531775,0.0
43.347469091415405,608.362802,603.832466,183,0.0,0.0,44996.3860943821,0.0
43.347471714019775,608.362802,604.512017,183,0.0,0.0,45047.02487399159,0.0
43.35468530654907,629.856808,608.313735,183,0.0,0.0,45330.32128579791,0.0
43.382691383361816,629.856808,611.545196,183,0.0,0.0,45571.123287995884,0.0
43.382704973220825,562.532177,604.193243,183,0.0,0.0,45023.27047390796,0.0
43.382728099823,562.532177,597.944083,183,0.0,0.0,44557.595585659124,0.0
43.38822102546692,593.767427,597.317585,183,0.0,0.0,44510.91020936245,0.0
43.430779457092285,588.518448,595.997714,184,0.0,0.0,44412.55606569707,0.0
43.43079090118408,588.518448,594.875824,184,0.0,0.0,44328.95506966281,0.0
43.430827617645264,588.518448,593.922218,184,0.0,0.0,44257.89426029269,0.0
43.43100428581238,588.518448,593.111652,184,0.0,0.0,44197.492505261886,0.0
43.438223123550415,588.518448,592.422672,184,0.0,0.0,44146.1510954555,0.0
43.47071862220764,588.585634,591.847116,184,0.0,0.0,44103.261814979254,0.0
43.47076201438904,588.585634,591.357894,184,0.0,0.0,44066.805971285234,0.0
43.47076654434204,609.38667,594.06221,184,0.0,0.0,44268.326183776124,0.0
43.47815251350403,609.38667,596.360879,184,0.0,0.0,44439.61839420057,0.0
43.50590395927429,593.67398,595.957844,184,0.0,0.0,44409.58503314319,0.0
43.53088593482971,616.048464,598.971437,185,0.0,0.0,44634.15194829699,0.0
43.53089880943298,616.048464,601.532991,185,0.0,0.0,44825.033822451805,0.0
43.530922412872314,616.048464,603.710312,185,0.0,0.0,44987.28342293521,0.0
43.53105187416077,616.048464,605.561035,185,0.0,0.0,45125.19559452378,0.0
43.53908824920654,616.048464,607.134149,185,0.0,0.0,45242.42089938919,0.0
43.550657510757446,592.997097,605.013591,185,0.0,0.0,45084.40116398873,0.0
43.56783962249756,592.997097,603.211117,185,0.0,0.0,44950.08441125373,0.0
43.568172454833984,578.190711,599.458056,185,0.0,0.0,44670.41382164392,0.0
43.60143256187439,578.190711,596.267954,185,0.0,0.0,44432.69380929788,0.0
43.60154676437378,609.379357,598.234665,185,0.0,0.0,44579.24917436177,0.0
43.63160276412964,586.260685,596.438568,186,0.0,0.0,44445.407622895815,0.0
43.631611824035645,586.260685,594.911886,186,0.0,0.0,44331.64233768283,0.0
43.63161563873291,586.260685,593.614206,186,0.0,0.0,44234.941822896406,0.0
43.631619453430176,586.260685,592.511178,186,0.0,0.0,44152.74638532795,0.0
43.63865113258362,586.260685,591.573604,186,0.0,0.0,44082.88024849116,0.0
43.64819264411926,612.175041,594.663819,186,0.0,0.0,44313.15688163702,0.0
43.67919111251831,612.175041,597.290503,186,0.0,0.0,44508.892112958514,0.0
43.679203510284424,609.380484,599.104,186,0.0,0.0,44644.03027757818,0.0
43.67920756340027,609.380484,600.645472,186,0.0,0.0,44758.897683971794,0.0
43.688117027282715,578.109304,597.265047,186,0.0,0.0,44506.99518281827,0.0
43.73097014427185,620.850034,600.802795,187,0.0,0.0,44770.6210788671,0.0
43.730982303619385,620.850034,603.809881,187,0.0,0.0,44994.70310541222,0.0
43.73106265068054,620.850034,606.365904,187,0.0,0.0,45185.17282052376,0.0
43.731120347976685,620.850034,608.538523,187,0.0,0.0,45347.07203738368,0.0
43.73809766769409,620.850034,610.38525,187,0.0,0.0,45484.6864350549,0.0
43.74907946586609,598.960779,608.671579,187,0.0,0.0,45356.98710403756,0.0
43.75817155838013,598.960779,607.214959,187,0.0,0.0,45248.44269875413,0.0
43.79387807846069,578.16287,602.857146,187,0.0,0.0,44923.70720121776,0.0
43.79388976097107,578.16287,599.153004,187,0.0,0.0,44647.68195751977,0.0
43.794058322906494,609.364123,600.684672,187,0.0,0.0,44761.81878946747,0.0
43.831249713897705,593.769891,599.647455,188,0.0,0.0,44684.527455821866,0.0
43.83127284049988,593.769891,598.76582,188,0.0,0.0,44618.82978123819,0.0
43.83135437965393,593.769891,598.016431,188,0.0,0.0,44562.986813730575,0.0
43.8314414024353,593.769891,597.37945,188,0.0,0.0,44515.5202652678,0.0
43.83801293373108,593.769891,596.838016,188,0.0,0.0,44475.17368789675,0.0
43.84811019897461,575.127606,593.581454,188,0.0,0.0,44232.501209447575,0.0
43.85863995552063,575.127606,590.813377,188,0.0,0.0,44026.22965492838,0.0
43.86841320991516,625.033596,595.94641,188,0.0,0.0,44408.73299436162,0.0
43.889219760894775,625.033596,600.309488,188,0.0,0.0,44733.860829153964,0.0
43.889233112335205,578.126098,596.981979,188,0.0,0.0,44485.901522347616,0.0
43.94296336174011,615.64078,599.780799,189,0.0,0.0,44694.463983658985,0.0
43.94297480583191,615.64078,602.159796,189,0.0,0.0,44871.74207577366,0.0
43.942978620529175,615.64078,604.181944,189,0.0,0.0,45022.428495056025,0.0
43.942981481552124,615.64078,605.900769,189,0.0,0.0,45150.511891831644,0.0
43.942983865737915,615.64078,607.361771,189,0.0,0.0,45259.38283497941,0.0
43.948009729385376,593.901277,605.342697,189,0.0,0.0,45108.92548402086,0.0
43.95802044868469,593.901277,603.626484,189,0.0,0.0,44981.036728254294,0.0
43.96893644332886,593.828653,602.156809,189,0.0,0.0,44871.5194905156,0.0
43.97804236412048,593.828653,600.907586,189,0.0,0.0,44778.429894326226,0.0
44.0028178691864,578.090748,597.48506,189,0.0,0.0,44523.39011096674,0.0
44.061086893081665,616.912331,600.399151,190,0.0,0.0,44740.54233634933,0.0
44.06110143661499,616.912331,602.876128,190,0.0,0.0,44925.12170184326,0.0
44.06112551689148,616.912331,604.981558,190,0.0,0.0,45082.01412897998,0.0
44.0612690448761,616.912331,606.771174,190,0.0,0.0,45215.37272930519,0.0
44.061306953430176,616.912331,608.292348,190,0.0,0.0,45328.72756938882,0.0
44.06138205528259,616.912331,609.585345,190,0.0,0.0,45425.07911639371,0.0
44.06151247024536,616.912331,610.684393,190,0.0,0.0,45506.977972332774,0.0
44.067955493927,616.912331,611.618584,190,0.0,0.0,45576.592014784575,0.0
44.08118724822998,586.378165,607.832521,190,0.0,0.0,45294.46218222659,0.0
44.0880229473114,586.378165,604.614368,190,0.0,0.0,45054.65186553719,0.0
44.13654661178589,582.49114,601.295883,191,0.0,0.0,44807.365009138826,0.0
44.136560678482056,582.49114,598.475172,191,0.0,0.0,44597.17127434772,0.0
44.13656449317932,582.49114,596.077567,191,0.0,0.0,44418.50655133856,0.0
44.13656735420227,582.49114,594.039603,191,0.0,0.0,44266.64155541029,0.0
44.13791513442993,582.49114,592.307334,191,0.0,0.0,44137.55633867845,0.0
44.164658069610596,591.757366,592.224838,191,0.0,0.0,44131.40890197,0.0
44.164671659469604,591.757366,592.154718,191,0.0,0.0,44126.18369999661,0.0
44.167969942092896,593.806679,592.402512,191,0.0,0.0,44144.648812629144,0.0
44.17794966697693,593.806679,592.613137,191,0.0,0.0,44160.3441658186,0.0
44.18817400932312,578.108957,590.43751,191,0.0,0.0,43998.22079882268,0.0
44.234376668930054,625.211277,595.653575,192,0.0,0.0,44386.911516610955,0.0
44.23438882827759,625.211277,600.08723,192,0.0,0.0,44717.29860810146,0.0
44.23439288139343,625.211277,603.855837,192,0.0,0.0,44998.127654497905,0.0
44.23439621925354,625.211277,607.059153,192,0.0,0.0,45236.83234766079,0.0
44.24218273162842,625.211277,609.781972,192,0.0,0.0,45439.73136665642,0.0
44.26953983306885,606.626462,609.308646,192,0.0,0.0,45404.46006104811,0.0
44.26955246925354,606.626462,608.906318,192,0.0,0.0,45374.47938421485,0.0
44.26957559585571,562.531277,601.950062,192,0.0,0.0,44856.11311811983,0.0
44.277880907058716,562.531277,596.037244,192,0.0,0.0,44415.50176213187,0.0
44.28791427612305,609.380667,598.038758,192,0.0,0.0,44564.65057705717,0.0
44.34285235404968,581.469158,595.553318,193,0.0,0.0,44379.44056575177,0.0
44.34286284446716,581.469158,593.440694,193,0.0,0.0,44222.012056142186,0.0
44.34286642074585,581.469158,591.644963,193,0.0,0.0,44088.197778263246,0.0
44.3428692817688,581.469158,590.118592,193,0.0,0.0,43974.45566814745,0.0
44.34287214279175,581.469158,588.821177,193,0.0,0.0,43877.77490063031,0.0
44.3500816822052,587.765618,588.662843,193,0.0,0.0,43865.97616803969,0.0
44.37697768211365,587.765618,588.52826,193,0.0,0.0,43855.94731240387,0.0
44.37699007987976,625.06485,594.008748,193,0.0,0.0,44264.3423026024,0.0
44.3778760433197,625.06485,598.667164,193,0.0,0.0,44611.47813369275,0.0
44.387922525405884,578.131446,595.586806,193,0.0,0.0,44381.936024446644,0.0
44.45328640937805,624.407048,599.909842,194,0.0,0.0,44704.08000958956,0.0
44.4532995223999,624.407048,603.584423,194,0.0,0.0,44977.90242676824,0.0
44.45330333709717,624.407048,606.707817,194,0.0,0.0,45210.65149254781,0.0
44.45330619812012,624.407048,609.362702,194,0.0,0.0,45408.48820591225,0.0
44.453309297561646,624.407048,611.619354,194,0.0,0.0,45576.64939364252,0.0
44.45348024368286,608.536057,611.156859,194,0.0,0.0,45542.18519246338,0.0
44.46104192733765,608.536057,610.763739,194,0.0,0.0,45512.890677349606,0.0
44.48714518547058,578.120202,605.867208,194,0.0,0.0,45148.01099332296,0.0
44.48725628852844,578.120202,601.705157,194,0.0,0.0,44837.86328798161,0.0
44.487799406051636,593.765972,600.51428,194,0.0,0.0,44749.12151886494,0.0
44.530468463897705,588.15334,598.660139,195,0.0,0.0,44610.95464476144,0.0
44.530478954315186,588.15334,597.084119,195,0.0,0.0,44493.512790595785,0.0
44.53048300743103,588.15334,595.744502,195,0.0,0.0,44393.687214554964,0.0
44.53056764602661,588.15334,594.605828,195,0.0,0.0,44308.83550845336,0.0
44.563541412353516,588.15334,593.637955,195,0.0,0.0,44236.711550815206,0.0
44.56355309486389,589.40538,593.003068,195,0.0,0.0,44189.40104303886,0.0
44.563719749450684,589.40538,592.463415,195,0.0,0.0,44149.18718222107,0.0
44.57088279724121,609.439936,595.009893,195,0.0,0.0,44338.945623048014,0.0
44.59738063812256,609.439936,597.1744,195,0.0,0.0,44500.24034991351,0.0
44.59739398956299,578.130897,594.317874,195,0.0,0.0,44287.3777530477,0.0
44.631128549575806,625.587979,599.00839,196,0.0,0.0,44636.90561185263,0.0
44.631141662597656,625.587979,602.995328,196,0.0,0.0,44934.00424712602,0.0
44.63114547729492,625.587979,606.384226,196,0.0,0.0,45186.538139271,0.0
44.63114881515503,625.587979,609.264789,196,0.0,0.0,45401.191925238825,0.0
44.6378653049469,625.587979,611.713267,196,0.0,0.0,45583.647602326586,0.0
44.66224646568298,605.729534,610.815708,196,0.0,0.0,45516.7633031533,0.0
44.6622588634491,605.729534,610.052782,196,0.0,0.0,45459.91158551571,0.0
44.6753249168396,578.148068,605.267075,196,0.0,0.0,45103.290284026116,0.0
44.68260431289673,593.736819,603.537536,196,0.0,0.0,44974.40850142702,0.0
44.708531618118286,593.529029,602.03626,196,0.0,0.0,44862.536420454424,0.0
44.73347759246826,582.063504,599.040347,197,0.0,0.0,44639.286983493585,0.0
44.733487367630005,582.063504,596.49382,197,0.0,0.0,44449.52489128477,0.0
44.73349118232727,582.063504,594.329273,197,0.0,0.0,44288.22718369937,0.0
44.7334942817688,582.063504,592.489407,197,0.0,0.0,44151.12405400789,0.0
44.73773765563965,582.063504,590.925522,197,0.0,0.0,44034.58647573992,0.0
44.76101303100586,604.927196,593.025773,197,0.0,0.0,44191.09297416844,0.0
44.761027574539185,604.927196,594.810986,197,0.0,0.0,44324.12347175137,0.0
44.774580240249634,578.159834,592.313313,197,0.0,0.0,44138.001881784534,0.0
44.7816960811615,578.159834,590.190292,197,0.0,0.0,43979.79860855662,0.0
44.79173493385315,625.010438,595.413314,197,0.0,0.0,44369.00774805237,0.0
44.831013202667236,592.194066,594.930426,198,0.0,0.0,44333.02390135351,0.0
44.83109426498413,592.194066,594.519972,198,0.0,0.0,44302.437691273866,0.0
44.83117079734802,592.194066,594.171087,198,0.0,0.0,44276.439479772365,0.0
44.83123159408569,592.194066,593.874534,198,0.0,0.0,44254.34094410759,0.0
44.83795499801636,592.194066,593.622463,198,0.0,0.0,44235.55711800043,0.0
44.84782648086548,597.744888,594.240827,198,0.0,0.0,44281.63636490676,0.0
44.866703748703,597.744888,594.766436,198,0.0,0.0,44320.80369496994,0.0
44.867838621139526,609.419549,596.964403,198,0.0,0.0,44484.591794026375,0.0
44.89079737663269,609.419549,598.832675,198,0.0,0.0,44623.81168195027,0.0
44.903849363327026,609.416715,600.420281,198,0.0,0.0,44742.116901633104,0.0
44.93683052062988,594.68486,599.559968,199,0.0,0.0,44678.00809978869,0.0
44.93684387207031,594.68486,598.828702,199,0.0,0.0,44623.51562194684,0.0
44.93684768676758,594.68486,598.207125,199,0.0,0.0,44577.19694871508,0.0
44.936851024627686,594.68486,597.678786,199,0.0,0.0,44537.82618451917,0.0
44.93763995170593,594.68486,597.229697,199,0.0,0.0,44504.36097161235,0.0
44.948938608169556,627.188817,601.723565,199,0.0,0.0,44839.23501527662,0.0
44.957738161087036,627.188817,605.543353,199,0.0,0.0,45123.87796729485,0.0
44.99463391304016,609.443806,606.128421,199,0.0,0.0,45167.47606296179,0.0
44.994646072387695,609.443806,606.625729,199,0.0,0.0,45204.53445918227,0.0
44.99481248855591,578.122803,602.35029,199,0.0,0.0,44885.93730715869,0.0
45.06053304672241,607.889346,603.181148,200,0.0,0.0,44947.85118139149,0.0
45.06054210662842,607.889346,603.887378,200,0.0,0.0,45000.478026651974,0.0
45.060545921325684,607.889346,604.487673,200,0.0,0.0,45045.21080786437,0.0
45.06054878234863,607.889346,604.997924,200,0.0,0.0,45083.23369052442,0.0
45.060550928115845,607.889346,605.431637,200,0.0,0.0,45115.55311470416,0.0
45.060627698898315,607.889346,605.800294,200,0.0,0.0,45143.02469604903,0.0
45.060704946517944,607.889346,606.113652,200,0.0,0.0,45166.37550665909,0.0
45.067983865737915,607.889346,606.380006,200,0.0,0.0,45186.22367332223,0.0
45.09302234649658,624.486315,609.095952,200,0.0,0.0,45388.61053012216,0.0
45.093034505844116,624.486315,611.404507,200,0.0,0.0,45560.639425468304,0.0
45.143977880477905,575.459338,606.012731,201,0.0,0.0,45158.85507584967,0.0
45.14416193962097,575.459338,601.429722,201,0.0,0.0,44817.33842338463,0.0
45.144392013549805,575.459338,597.534165,201,0.0,0.0,44527.049317226054,0.0
45.14460849761963,575.459338,594.222941,201,0.0,0.0,44280.30353600636,0.0
45.1448335647583,575.459338,591.4084,201,0.0,0.0,44070.56957725882,0.0
45.14773678779602,575.459338,589.016041,201,0.0,0.0,43892.295775663704,0.0
45.157827377319336,589.772439,589.1295,201,0.0,0.0,43900.750513123756,0.0
45.1678729057312,874.452418,631.927938,201,0.0,0.0,47090.0044021064,0.0
45.177743911743164,874.452418,668.30661,201,0.0,0.0,49800.87018538623,0.0
45.18811535835266,922.716748,706.468131,201,0.0,0.0,52644.5903057033,0.0
45.25267052650452,869.029921,730.852399,202,0.0,0.0,54461.65712363237,0.0
45.25268077850342,869.029921,751.579028,202,0.0,0.0,56006.16400829369,0.0
45.252684593200684,869.029921,769.196662,202,0.0,0.0,57318.994811819095,0.0
45.25268769264221,869.029921,784.17165,202,0.0,0.0,58434.9009277495,0.0
45.25269031524658,869.029921,796.900391,202,0.0,0.0,59383.421215711955,0.0
45.25269269943237,869.029921,807.719821,202,0.0,0.0,60189.66347165772,0.0
45.25761866569519,796.386419,806.01981,202,0.0,0.0,60062.98205648404,0.0
45.26763105392456,796.386419,804.574802,202,0.0,0.0,59955.3029541857,0.0
45.27765965461731,796.894843,803.422808,203,0.0,0.0,59869.458668359555,0.0
45.28920602798462,843.74055,809.470469,203,0.0,0.0,60320.118254662644,0.0
45.34295129776001,774.118532,804.167679,203,0.0,0.0,59924.9649635552,0.0
45.34310269355774,774.118532,799.660307,203,0.0,0.0,59589.084628854864,0.0
45.34325170516968,774.118532,795.82904,203,0.0,0.0,59303.58628474517,0.0
45.343403339385986,774.118532,792.572464,203,0.0,0.0,59060.91276304405,0.0
45.34356665611267,774.118532,789.804374,203,0.0,0.0,58854.6402397909,0.0
45.368677616119385,774.118532,787.451498,204,0.0,0.0,58679.30863228471,0.0
45.368690967559814,786.678453,787.335541,204,0.0,0.0,58670.66774886731,0.0
45.36873745918274,843.684277,795.787852,204,0.0,0.0,59300.5170374708,0.0
45.37761330604553,843.684277,802.972315,204,0.0,0.0,59835.88883218447,0.0
45.38762378692627,812.516494,804.403942,204,0.0,0.0,59942.570809160425,0.0
45.4511022567749,813.544841,805.775077,205,0.0,0.0,60044.745043441355,0.0
45.45111274719238,813.544841,806.940542,205,0.0,0.0,60131.59316120966,0.0
45.45111632347107,813.544841,807.931186,205,0.0,0.0,60205.413968165216,0.0
45.4511194229126,813.544841,808.773235,205,0.0,0.0,60268.16177330622,0.0
45.45112156867981,813.544841,809.488975,205,0.0,0.0,60321.497284721394,0.0
45.45112419128418,813.544841,810.097355,205,0.0,0.0,60366.83254394229,0.0
45.4764244556427,830.33614,813.133173,205,0.0,0.0,60593.05562158693,0.0
45.47662043571472,718.688696,798.966501,205,0.0,0.0,59537.38359519333,0.0
45.48366856575012,718.688696,786.924831,205,0.0,0.0,58640.06246218035,0.0
45.48755240440369,796.905203,788.421886,205,0.0,0.0,58751.62000268617,0.0
45.543209075927734,855.208917,798.439941,206,0.0,0.0,59498.14539851467,0.0
45.54325485229492,855.208917,806.955287,206,0.0,0.0,60132.691929080414,0.0
45.5434045791626,855.208917,814.193332,206,0.0,0.0,60672.05654712749,0.0
45.543561697006226,855.208917,820.34567,206,0.0,0.0,61130.516453838,0.0
45.54372692108154,855.208917,825.575157,206,0.0,0.0,61520.20735218653,0.0
45.553731203079224,855.208917,830.020221,206,0.0,0.0,61851.444619508686,0.0
45.569406032562256,821.257051,828.705745,206,0.0,0.0,61753.49250043896,0.0
45.56941509246826,821.257051,827.588441,207,0.0,0.0,61670.233243940485,0.0
45.57754826545715,796.979723,822.997134,207,0.0,0.0,61328.09824113353,0.0
45.58754634857178,812.469857,821.418042,207,0.0,0.0,61210.42746768005,0.0
45.64995098114014,735.405614,808.516178,207,0.0,0.0,60249.00640046434,0.0
45.6499605178833,735.405614,797.549593,207,0.0,0.0,59431.79844862019,0.0
45.649964332580566,735.405614,788.227996,207,0.0,0.0,58737.17170818217,0.0
45.64996671676636,735.405614,780.304639,207,0.0,0.0,58146.73901234295,0.0
45.64996886253357,735.405614,773.569785,207,0.0,0.0,57644.87117989472,0.0
45.64997148513794,735.405614,767.84516,208,0.0,0.0,57218.283589379906,0.0
45.67144465446472,762.335424,767.018699,208,0.0,0.0,57156.69737078141,0.0
45.67947602272034,762.335424,766.316208,208,0.0,0.0,57104.34914831297,0.0
45.67948341369629,797.459937,770.987767,208,0.0,0.0,57452.46436944234,0.0
45.68752336502075,905.441441,791.155818,208,0.0,0.0,58955.34714018623,0.0
45.76598286628723,786.579101,790.469311,209,0.0,0.0,58904.19001338726,0.0
45.765995502471924,786.579101,789.885779,209,0.0,0.0,58860.70637736424,0.0
45.76599979400635,786.579101,789.389778,209,0.0,0.0,58823.74537616627,0.0
45.76600217819214,786.579101,788.968176,209,0.0,0.0,58792.3284394523,0.0
45.76600480079651,786.579101,788.609815,209,0.0,0.0,58765.62409540802,0.0
45.76600742340088,786.579101,788.305208,209,0.0,0.0,58742.92539179268,0.0
45.76632499694824,804.940402,790.800487,209,0.0,0.0,58928.86858567389,0.0
45.76960229873657,804.940402,792.921474,209,0.0,0.0,59086.92028929521,0.0
45.79566526412964,796.98048,793.530325,209,0.0,0.0,59132.290646492846,0.0
45.79572129249573,874.999913,805.750763,209,0.0,0.0,60042.933212854055,0.0
45.84517955780029,794.514349,804.065301,210,0.0,0.0,59917.335960023665,0.0
45.84519124031067,794.514349,802.632658,210,0.0,0.0,59810.57827276242,0.0
45.8452684879303,794.514349,801.414912,210,0.0,0.0,59719.83427957525,0.0
45.84548759460449,794.514349,800.379828,210,0.0,0.0,59642.70189281797,0.0
45.845550298690796,794.514349,799.500006,210,0.0,0.0,59577.13931936348,0.0
45.847739934921265,794.514349,798.752157,210,0.0,0.0,59521.41110957177,0.0
45.86394667625427,769.969022,794.434687,210,0.0,0.0,59199.681891602035,0.0
45.877419233322144,769.969022,790.764837,210,0.0,0.0,58926.21201906877,0.0
45.87746500968933,797.114493,791.717286,211,0.0,0.0,58997.18661111597,0.0
45.90572953224182,797.114493,792.526867,211,0.0,0.0,59057.5149659194,0.0
45.944697856903076,855.012693,801.899741,212,0.0,0.0,59755.96276570695,0.0
45.944708585739136,855.012693,809.866684,212,0.0,0.0,60349.64340297818,0.0
45.9447135925293,855.012693,816.638585,212,0.0,0.0,60854.271903673834,0.0
45.94471716880798,855.012693,822.394701,212,0.0,0.0,61283.20614044283,0.0
45.94472074508667,855.012693,827.2874,212,0.0,0.0,61647.80027150367,0.0
45.94844365119934,855.012693,831.446194,212,0.0,0.0,61957.70527172769,0.0
45.95748567581177,813.5099,828.75575,212,0.0,0.0,61757.21877289589,0.0
45.97496485710144,813.5099,826.468872,212,0.0,0.0,61586.805204178054,0.0
45.98805832862854,843.844089,829.075155,212,0.0,0.0,61781.02019383583,0.0
45.988221168518066,781.196722,821.89339,212,0.0,0.0,61245.84944867898,0.0
46.0990788936615,773.852679,814.687283,214,0.0,0.0,60708.86478643091,0.0
46.099087953567505,773.852679,808.562093,214,0.0,0.0,60252.42789431215,0.0
46.09909152984619,773.852679,803.355681,214,0.0,0.0,59864.4564987522,0.0
46.09909439086914,773.852679,798.93023,214,0.0,0.0,59534.68075291185,0.0
46.09909653663635,773.852679,795.168598,214,0.0,0.0,59254.371469546844,0.0
46.099098443984985,773.852679,791.97121,214,0.0,0.0,59016.10851907221,0.0
46.09910011291504,773.852679,789.25343,214,0.0,0.0,58813.58499626515,0.0
46.09910225868225,773.852679,786.943318,214,0.0,0.0,58641.44007639714,0.0
46.09911751747131,773.852679,784.979722,214,0.0,0.0,58495.11683489495,0.0
46.099172830581665,773.852679,783.310665,214,0.0,0.0,58370.742049810884,0.0
46.14208126068115,801.495251,786.038353,214,0.0,0.0,58574.00389693557,0.0
46.14209342002869,801.495251,788.356888,214,0.0,0.0,58746.776481895155,0.0
46.142189741134644,801.495251,790.327642,214,0.0,0.0,58893.633123222295,0.0
46.142266035079956,801.495251,792.002784,214,0.0,0.0,59018.46135032017,0.0
46.14234519004822,801.495251,793.426654,214,0.0,0.0,59124.56529119075,0.0
46.14751362800598,801.495251,794.636943,214,0.0,0.0,59214.75360367176,0.0
46.157477617263794,816.136467,797.861872,214,0.0,0.0,59455.06885431111,0.0
46.169432640075684,816.136467,800.603061,215,0.0,0.0,59659.33676891788,0.0
46.17754411697388,843.87848,807.094374,215,0.0,0.0,60143.056413776256,0.0
46.20865082740784,843.87848,812.61199,215,0.0,0.0,60554.21810817998,0.0
46.237454414367676,798.59679,810.50971,215,0.0,0.0,60397.56041273487,0.0
46.23747682571411,798.59679,808.722772,215,0.0,0.0,60264.40137160652,0.0
46.23748183250427,798.59679,807.203875,215,0.0,0.0,60151.216209002836,0.0
46.2374849319458,798.59679,805.912812,215,0.0,0.0,60055.0087798048,0.0
46.23748803138733,798.59679,804.815409,215,0.0,0.0,59973.23250597137,0.0
46.24728584289551,783.692013,801.646899,216,0.0,0.0,59737.121486223856,0.0
46.2573127746582,783.692013,798.953666,216,0.0,0.0,59536.42715669748,0.0
46.26760816574097,765.691921,793.964405,216,0.0,0.0,59164.637418777624,0.0
46.27763223648071,765.691921,789.723532,216,0.0,0.0,58848.61605585003,0.0
46.289090394973755,843.762066,797.829312,216,0.0,0.0,59452.642548317766,0.0
46.33063244819641,801.224176,798.338542,217,0.0,0.0,59490.58934810253,0.0
46.33064317703247,801.224176,798.771387,217,0.0,0.0,59522.84409066059,0.0
46.33287191390991,801.224176,799.139305,217,0.0,0.0,59550.260603205425,0.0
46.332894802093506,801.224176,799.452036,217,0.0,0.0,59573.56469103115,0.0
46.35943961143494,801.224176,799.717857,217,0.0,0.0,59593.3731396017,0.0
46.35947275161743,785.475249,797.581466,217,0.0,0.0,59434.173560749376,0.0
46.359477043151855,785.475249,795.765533,217,0.0,0.0,59298.85387028819,0.0
46.367212772369385,781.336416,793.601166,217,0.0,0.0,59137.56957594232,0.0
46.37720561027527,781.336416,791.761453,217,0.0,0.0,59000.47784750443,0.0
46.387242794036865,843.787042,799.565291,217,0.0,0.0,59582.00422681973,0.0
46.440675497055054,801.652743,799.878409,218,0.0,0.0,59605.33715311042,0.0
46.44068622589111,801.652743,800.144559,218,0.0,0.0,59625.1701181021,0.0
46.44069004058838,801.652743,800.370787,218,0.0,0.0,59642.028175604035,0.0
46.44069314002991,801.652743,800.56308,218,0.0,0.0,59656.35746486627,0.0
46.4406955242157,801.652743,800.726529,218,0.0,0.0,59668.53735701328,0.0
46.46901178359985,785.239552,798.403483,218,0.0,0.0,59495.42862136771,0.0
46.46904754638672,785.239552,796.428893,218,0.0,0.0,59348.286129002765,0.0
46.46905279159546,827.970418,801.160122,219,0.0,0.0,59700.84783903335,0.0
46.47718691825867,827.970418,805.181666,219,0.0,0.0,60000.52524412262,0.0
46.487186908721924,812.678708,806.306223,219,0.0,0.0,60084.324979655794,0.0
46.55232763290405,801.540237,805.591325,219,0.0,0.0,60031.05221239439,0.0
46.552340507507324,801.540237,804.983662,219,0.0,0.0,59985.77038257758,0.0
46.55234432220459,801.540237,804.467148,219,0.0,0.0,59947.28079370021,0.0
46.55234742164612,801.540237,804.028111,219,0.0,0.0,59914.564635702634,0.0
46.55252695083618,801.540237,803.65493,219,0.0,0.0,59886.7559349378,0.0
46.552531242370605,803.36719,803.611769,220,0.0,0.0,59883.539663654665,0.0
46.58192801475525,749.918334,795.557754,220,0.0,0.0,59283.370595319175,0.0
46.58194184303284,749.918334,788.711841,220,0.0,0.0,58773.2268686045,0.0
46.58196830749512,828.224263,794.638704,220,0.0,0.0,59214.88482986508,0.0
46.58712887763977,843.694063,801.997008,220,0.0,0.0,59763.2109077541,0.0
46.62990951538086,799.285717,801.590314,221,0.0,0.0,59732.904885344455,0.0
46.6302011013031,799.285717,801.244625,221,0.0,0.0,59707.14483336245,0.0
46.630210876464844,799.285717,800.950789,221,0.0,0.0,59685.248763096446,0.0
46.630215644836426,799.285717,800.701028,221,0.0,0.0,59666.63707356314,0.0
46.66378569602966,799.285717,800.488731,221,0.0,0.0,59650.81712628215,0.0
46.66379761695862,790.913116,799.052389,221,0.0,0.0,59543.78379694874,0.0
46.66397404670715,790.913116,797.831498,221,0.0,0.0,59452.805444659956,0.0
46.6671359539032,812.575529,800.043103,221,0.0,0.0,59617.60982016411,0.0
46.692445039749146,749.954478,792.529809,221,0.0,0.0,59057.73419786757,0.0
46.692458152770996,843.430003,800.164838,221,0.0,0.0,59626.68126857014,0.0
46.730249881744385,812.920809,802.078234,222,0.0,0.0,59769.263706605925,0.0
46.730262756347656,812.920809,803.70462,222,0.0,0.0,59890.458734225555,0.0
46.7302680015564,812.920809,805.087048,222,0.0,0.0,59993.47450025044,0.0
46.73027205467224,812.920809,806.262112,222,0.0,0.0,60081.03791627519,0.0
46.75849676132202,812.920809,807.260917,222,0.0,0.0,60155.46686460703,0.0
46.75871300697327,793.511236,805.198465,222,0.0,0.0,60001.77707195992,0.0
46.758718490600586,793.511236,803.44538,222,0.0,0.0,59871.140688595486,0.0
46.78924560546875,765.593381,797.767581,223,0.0,0.0,59448.042477824056,0.0
46.78935790061951,765.593381,792.941451,223,0.0,0.0,59088.40893532804,0.0
46.789363384246826,843.851136,800.577903,223,0.0,0.0,59657.46204514083,0.0
46.83046746253967,779.869231,797.471602,223,0.0,0.0,59425.98671548976,0.0
46.83047890663147,779.869231,794.831247,223,0.0,0.0,59229.23274862666,0.0
46.83048462867737,779.869231,792.586944,223,0.0,0.0,59061.99178364551,0.0
46.83048892021179,779.869231,790.679287,223,0.0,0.0,58919.83700439645,0.0
46.83715796470642,779.869231,789.057779,223,0.0,0.0,58799.005475567836,0.0
46.87000060081482,802.878966,791.130957,224,0.0,0.0,58953.4945482544,0.0
46.87019729614258,802.878966,792.893158,224,0.0,0.0,59084.81023768257,0.0
46.8702027797699,843.812231,800.531019,224,0.0,0.0,59653.968343353605,0.0
46.89889192581177,843.812231,807.023201,224,0.0,0.0,60137.752744351674,0.0
46.89892840385437,796.912375,805.506577,224,0.0,0.0,60024.736961155926,0.0
46.929646253585815,808.868027,806.010795,225,0.0,0.0,60062.310276738026,0.0
46.92965579032898,808.868027,806.439379,225,0.0,0.0,60094.24749810942,0.0
46.92976522445679,808.868027,806.803676,225,0.0,0.0,60121.3941809859,0.0
46.92984676361084,808.868027,807.113329,225,0.0,0.0,60144.46890241581,0.0
46.93967032432556,808.868027,807.376534,225,0.0,0.0,60164.08241190533,0.0
46.94713521003723,803.41295,806.781996,225,0.0,0.0,60119.7786308036,0.0
46.96709895133972,803.41295,806.276639,225,0.0,0.0,60082.12043922253,0.0
46.98064064979553,781.302543,802.530525,225,0.0,0.0,59802.96752614023,0.0
46.98064923286438,781.302543,799.346327,225,0.0,0.0,59565.68746805047,0.0
47.009929895401,812.499716,801.319336,225,0.0,0.0,59712.71214746162,0.0
47.06089973449707,795.805734,800.492295,226,0.0,0.0,59651.08270842467,0.0
47.06091380119324,795.805734,799.789311,226,0.0,0.0,59598.69774858354,0.0
47.06094932556152,795.805734,799.191774,226,0.0,0.0,59554.17048800779,0.0
47.060954093933105,795.805734,798.683868,226,0.0,0.0,59516.32235005151,0.0
47.06095767021179,795.805734,798.252148,226,0.0,0.0,59484.151440240465,0.0
47.06101441383362,795.805734,797.885186,226,0.0,0.0,59456.806166901064,0.0
47.061439514160156,795.805734,797.573268,226,0.0,0.0,59433.56266220719,0.0
47.09121751785278,795.805734,797.308138,227,0.0,0.0,59413.80570557279,0.0
47.0912299156189,848.823264,805.035407,227,0.0,0.0,59989.626316349866,0.0
47.09123420715332,848.823264,811.603585,227,0.0,0.0,60479.073787073685,0.0
47.129514932632446,768.064447,805.072715,227,0.0,0.0,59992.40643379459,0.0
47.1295382976532,768.064447,799.521475,227,0.0,0.0,59578.739146248336,0.0
47.129669189453125,768.064447,794.80292,227,0.0,0.0,59227.12187731604,0.0
47.129722118377686,768.064447,790.792149,227,0.0,0.0,58928.247254612084,0.0
47.13701128959656,768.064447,787.382994,227,0.0,0.0,58674.20385139502,0.0
47.14702224731445,767.16262,784.349938,228,0.0,0.0,58448.18659245902,0.0
47.1584951877594,843.673141,793.248418,228,0.0,0.0,59111.28350141711,0.0
47.167070627212524,749.987175,786.759232,228,0.0,0.0,58627.722356339065,0.0
47.20391321182251,843.67002,795.29585,228,0.0,0.0,59263.85403374419,0.0
47.20392608642578,843.67002,802.551976,228,0.0,0.0,59804.566011701136,0.0
47.233452558517456,807.281738,803.26144,229,0.0,0.0,59857.433848165005,0.0
47.233463525772095,807.281738,803.864485,229,0.0,0.0,59902.37155387009,0.0
47.23346757888794,807.281738,804.377073,229,0.0,0.0,59940.568585089924,0.0
47.23347067832947,807.281738,804.812772,229,0.0,0.0,59973.036002012384,0.0
47.236939907073975,807.281738,805.183117,229,0.0,0.0,60000.633369736766,0.0
47.24698185920715,810.9445,806.047325,229,0.0,0.0,60065.03241918082,0.0
47.25715637207031,810.9445,806.781901,229,0.0,0.0,60119.77155159385,0.0
47.26706576347351,765.660909,800.613752,229,0.0,0.0,59660.13344082742,0.0
47.28850793838501,765.660909,795.370826,229,0.0,0.0,59269.44109511265,0.0
47.295737504959106,828.125455,800.28402,229,0.0,0.0,59635.56247252895,0.0
47.32965588569641,798.439618,800.00736,230,0.0,0.0,59614.94632338524,0.0
47.32966709136963,798.439618,799.772199,230,0.0,0.0,59597.422596613076,0.0
47.329750537872314,798.439618,799.572311,230,0.0,0.0,59582.527343161055,0.0
47.329862117767334,798.439618,799.402407,230,0.0,0.0,59569.86643734122,0.0
47.33691716194153,798.439618,799.257989,230,0.0,0.0,59559.10469720157,0.0
47.346962213516235,774.950553,795.611873,230,0.0,0.0,59287.403434817126,0.0
47.357415437698364,811.997374,798.069698,230,0.0,0.0,59470.55563162602,0.0
47.36731004714966,811.997374,800.15885,231,0.0,0.0,59626.23505480207,0.0
47.37711429595947,812.746628,802.047016,231,0.0,0.0,59766.93740376502,0.0
47.3995840549469,812.746628,803.651958,231,0.0,0.0,59886.53446744971,0.0
47.42962670326233,812.609073,804.995526,231,0.0,0.0,59986.65446409802,0.0
47.42964172363281,812.609073,806.137558,231,0.0,0.0,60071.75640163467,0.0
47.42973589897156,812.609073,807.108285,231,0.0,0.0,60144.09303363723,0.0
47.42981457710266,812.609073,807.933403,231,0.0,0.0,60205.57917456531,0.0
47.43688917160034,812.609073,808.634754,231,0.0,0.0,60257.84244651678,0.0
47.446932315826416,776.165305,803.764337,232,0.0,0.0,59894.908725472626,0.0
47.4569308757782,812.30261,805.045078,232,0.0,0.0,59990.34697990214,0.0
47.467244386672974,812.30261,806.133708,232,0.0,0.0,60071.469507344904,0.0
47.477301359176636,781.301839,802.408927,232,0.0,0.0,59793.90628669984,0.0
47.4870662689209,812.323645,803.896135,232,0.0,0.0,59904.730048485864,0.0
47.5416259765625,799.865625,803.291558,233,0.0,0.0,59859.67818120886,0.0
47.54163479804993,799.865625,802.777668,233,0.0,0.0,59821.38412755649,0.0
47.541637897491455,799.865625,802.340862,233,0.0,0.0,59788.834219210985,0.0
47.541640520095825,799.865625,801.969576,233,0.0,0.0,59761.166730051096,0.0
47.541643142700195,799.865625,801.653984,233,0.0,0.0,59737.649446235,0.0
47.54688286781311,753.738327,794.466635,233,0.0,0.0,59202.06259258101,0.0
47.55692386627197,812.069522,797.107068,233,0.0,0.0,59398.822371847906,0.0
47.56690430641174,812.069522,799.351436,233,0.0,0.0,59566.06818049888,0.0
47.57721424102783,797.116845,799.016248,233,0.0,0.0,59541.09064200693,0.0
47.58725547790527,812.448572,801.031096,233,0.0,0.0,59691.23307990872,0.0
47.62944984436035,801.026574,801.030418,234,0.0,0.0,59691.18255670654,0.0
47.62949013710022,801.026574,801.029841,234,0.0,0.0,59691.13955982207,0.0
47.62950563430786,801.026574,801.029351,234,0.0,0.0,59691.10304600337,0.0
47.63122057914734,801.026574,801.028935,234,0.0,0.0,59691.07204651648,0.0
47.63989520072937,801.026574,801.028581,234,0.0,0.0,59691.04566714542,0.0
47.6513569355011,768.886396,796.207253,234,0.0,0.0,59331.76996007263,0.0
47.65684509277344,768.886396,792.109125,234,0.0,0.0,59026.38566867515,0.0
47.66682505607605,796.87767,792.824406,235,0.0,0.0,59079.68697632954,0.0
47.676899433135986,796.87767,793.432396,235,0.0,0.0,59124.993173531475,0.0
47.68726468086243,812.469614,796.287978,235,0.0,0.0,59337.78542540778,0.0
47.73273062705994,806.387308,797.802878,235,0.0,0.0,59450.67273957612,0.0
47.73274064064026,806.387308,799.090542,235,0.0,0.0,59546.626882101205,0.0
47.73274350166321,806.387308,800.185057,235,0.0,0.0,59628.18794795832,0.0
47.732745885849,806.387308,801.115395,235,0.0,0.0,59697.514872566375,0.0
47.75439190864563,806.387308,801.906182,235,0.0,0.0,59756.442736127814,0.0
47.75442409515381,827.9428,805.811675,236,0.0,0.0,60047.47225310796,0.0
47.75685477256775,749.683184,797.392401,236,0.0,0.0,59420.08481558254,0.0
47.76687407493591,749.683184,790.236018,236,0.0,0.0,58886.80548623413,0.0
47.7768452167511,828.380183,795.957643,236,0.0,0.0,59313.16952275692,0.0
47.78681421279907,843.588706,803.102302,236,0.0,0.0,59845.575203104534,0.0
47.83811068534851,778.219309,799.369853,237,0.0,0.0,59567.44057845586,0.0
47.83812093734741,778.219309,796.197272,237,0.0,0.0,59331.02619594119,0.0
47.83812379837036,778.219309,793.500577,237,0.0,0.0,59130.073885108024,0.0
47.83812642097473,778.219309,791.208387,237,0.0,0.0,58959.26447678833,0.0
47.83835697174072,778.219309,789.260025,237,0.0,0.0,58814.07644245759,0.0
47.84679579734802,807.275602,791.962362,237,0.0,0.0,59015.44918383175,0.0
47.86522173881531,807.275602,794.259348,237,0.0,0.0,59186.615980466675,0.0
47.86676621437073,781.274337,792.311596,237,0.0,0.0,59041.473402114316,0.0
47.87682318687439,781.274337,790.656007,237,0.0,0.0,58918.102225418406,0.0
47.886803150177,843.679384,798.609514,237,0.0,0.0,59510.781638877386,0.0
47.929381370544434,808.740524,800.129165,238,0.0,0.0,59624.02298805107,0.0
47.92939209938049,808.740524,801.420869,238,0.0,0.0,59720.2781832854,0.0
47.92941927909851,808.740524,802.518817,238,0.0,0.0,59802.09506942738,0.0
47.92963981628418,808.740524,803.452073,238,0.0,0.0,59871.63943755167,0.0
47.94447731971741,808.740524,804.245341,238,0.0,0.0,59930.75218026451,0.0
47.94933462142944,785.982553,801.505923,238,0.0,0.0,59726.61623703104,0.0
47.9567973613739,812.078531,803.091814,238,0.0,0.0,59844.79365834845,0.0
47.976667642593384,812.078531,804.439822,239,0.0,0.0,59945.24451490494,0.0
47.97675156593323,843.989693,810.372302,239,0.0,0.0,60387.32104375656,0.0
47.986762285232544,718.720461,796.624526,239,0.0,0.0,59362.86430837611,0.0
48.060685873031616,865.683175,806.983323,240,0.0,0.0,60134.7811156538,0.0
48.060694456100464,865.683175,815.788301,240,0.0,0.0,60790.91044282472,0.0
48.060697078704834,865.683175,823.272532,240,0.0,0.0,61348.62034856461,0.0
48.06069898605347,865.683175,829.634129,240,0.0,0.0,61822.67381688022,0.0
48.06070065498352,865.683175,835.041486,240,0.0,0.0,62225.619231415374,0.0
48.06070256233215,865.683175,839.637739,240,0.0,0.0,62568.122800237164,0.0
48.06070399284363,865.683175,843.544554,240,0.0,0.0,62859.25083000979,0.0
48.06821894645691,865.683175,846.865347,240,0.0,0.0,63106.709673946025,0.0
48.08825922012329,860.198539,848.865326,240,0.0,0.0,63255.74410374539,0.0
48.08827185630798,843.720048,848.093534,240,0.0,0.0,63198.23170954338,0.0
48.12975573539734,798.253626,840.617548,241,0.0,0.0,62641.13620469157,0.0
48.12977337837219,798.253626,834.26296,241,0.0,0.0,62167.6050330193,0.0
48.12977743148804,798.253626,828.86156,241,0.0,0.0,61765.10352219429,0.0
48.129781007766724,798.253626,824.27037,241,0.0,0.0,61422.977237993015,0.0
48.13710641860962,798.253626,820.367858,241,0.0,0.0,61132.16985916295,0.0
48.14693474769592,721.29701,805.507231,241,0.0,0.0,60024.78569592619,0.0
48.17877459526062,718.345212,792.432928,241,0.0,0.0,59050.5148197674,0.0
48.17878556251526,718.345212,781.319771,241,0.0,0.0,58222.38461601733,0.0
48.17885684967041,734.592476,774.310677,241,0.0,0.0,57700.080967978945,0.0
48.20228171348572,734.592476,768.352947,242,0.0,0.0,57256.122859694515,0.0
48.2293815612793,796.321393,772.548213,242,0.0,0.0,57568.74568031748,0.0
48.229392766952515,796.321393,776.11419,242,0.0,0.0,57834.47514491318,0.0
48.22946524620056,796.321393,779.145271,242,0.0,0.0,58060.34523080443,0.0
48.2295560836792,796.321393,781.721689,242,0.0,0.0,58252.33474047169,0.0
48.236711502075195,796.321393,783.911645,242,0.0,0.0,58415.52587585147,0.0
48.247034788131714,771.596387,782.064356,242,0.0,0.0,58277.86959906574,0.0
48.257699489593506,781.086206,781.917633,242,0.0,0.0,58266.93609494222,0.0
48.272045373916626,781.086206,781.792919,243,0.0,0.0,58257.642657422126,0.0
48.276840686798096,797.006147,784.074904,243,0.0,0.0,58427.691609578986,0.0
48.303765058517456,812.459052,788.332526,243,0.0,0.0,58744.961074443985,0.0
48.32936096191406,777.190208,786.661178,243,0.0,0.0,58620.415568628014,0.0
48.32938599586487,777.190208,785.240533,243,0.0,0.0,58514.55194829884,0.0
48.329413175582886,777.190208,784.032984,243,0.0,0.0,58424.567815130555,0.0
48.32951903343201,777.190208,783.006567,243,0.0,0.0,58348.081275856195,0.0
48.33702635765076,777.190208,782.134113,243,0.0,0.0,58283.06775100609,0.0
48.34668779373169,773.228919,780.798334,244,0.0,0.0,58183.528175039064,0.0
48.35705327987671,812.040953,785.484727,244,0.0,0.0,58532.748796140964,0.0
48.36795425415039,812.040953,789.468161,244,0.0,0.0,58829.58632035167,0.0
48.37676525115967,797.10951,790.614363,244,0.0,0.0,58914.99899793724,0.0
48.40364217758179,812.4922,793.896039,244,0.0,0.0,59159.54292137156,0.0
48.42929768562317,806.480618,795.783726,245,0.0,0.0,59300.20957621378,0.0
48.429317474365234,806.480618,797.388259,245,0.0,0.0,59419.77616203756,0.0
48.429415464401245,806.480618,798.752113,245,0.0,0.0,59521.407830779885,0.0
48.429511308670044,806.480618,799.911389,245,0.0,0.0,59607.794756662646,0.0
48.43662905693054,806.480618,800.896773,245,0.0,0.0,59681.22359895221,0.0
48.44666242599487,773.260244,796.751294,245,0.0,0.0,59372.310805862755,0.0
48.45666980743408,781.061686,794.397853,245,0.0,0.0,59196.93709568807,0.0
48.46697473526001,781.061686,792.397428,245,0.0,0.0,59047.86943086189,0.0
48.47808361053467,812.629167,795.432189,245,0.0,0.0,59274.01374298334,0.0
48.48679971694946,812.48765,797.990508,245,0.0,0.0,59464.65455141677,0.0
48.53269553184509,806.368148,799.247154,246,0.0,0.0,59558.2972947004,0.0
48.53270483016968,806.368148,800.315303,246,0.0,0.0,59637.89361903969,0.0
48.53270769119263,806.368148,801.22323,246,0.0,0.0,59705.55052080938,0.0
48.53271007537842,806.368148,801.994967,246,0.0,0.0,59763.05881652153,0.0
48.53663086891174,806.368148,802.650944,246,0.0,0.0,59811.94090886175,0.0
48.546618700027466,791.493591,800.977341,246,0.0,0.0,59687.227364961785,0.0
48.55662798881531,780.922871,797.969171,246,0.0,0.0,59463.06456090756,0.0
48.56663489341736,780.922871,795.412226,247,0.0,0.0,59272.52614020248,0.0
48.57695031166077,812.724027,798.008996,247,0.0,0.0,59466.03224015157,0.0
48.58709669113159,812.724027,800.216251,247,0.0,0.0,59630.51246236731,0.0
48.641881704330444,807.238847,801.26964,247,0.0,0.0,59709.00890106587,0.0
48.64189291000366,807.238847,802.165021,247,0.0,0.0,59775.73090004096,0.0
48.64189553260803,807.238847,802.926095,247,0.0,0.0,59832.444610347484,0.0
48.641897439956665,807.238847,803.573008,247,0.0,0.0,59880.651271559815,0.0
48.64191913604736,807.238847,804.122884,247,0.0,0.0,59921.62692986442,0.0
48.64657211303711,774.424127,799.66807,248,0.0,0.0,59589.66311206819,0.0
48.65661907196045,812.298144,801.562581,248,0.0,0.0,59730.83827772426,0.0
48.66658544540405,812.298144,803.172916,248,0.0,0.0,59850.8372169686,0.0
48.67660331726074,781.349622,799.899422,248,0.0,0.0,59606.90299978849,0.0
48.68661069869995,812.185278,801.7423,248,0.0,0.0,59744.230577687966,0.0
48.74425029754639,783.120322,798.949003,249,0.0,0.0,59536.07967927589,0.0
48.74426007270813,783.120322,796.574701,249,0.0,0.0,59359.15144915873,0.0
48.74426245689392,783.120322,794.556544,249,0.0,0.0,59208.76243120374,0.0
48.74426460266113,783.120322,792.841111,249,0.0,0.0,59080.93179947508,0.0
48.74426627159119,783.120322,791.382993,249,0.0,0.0,58972.27576623165,0.0
48.746570110321045,812.916202,794.612974,249,0.0,0.0,59212.96748179356,0.0
48.76580238342285,812.152236,797.243863,249,0.0,0.0,59409.016061293856,0.0
48.76655864715576,812.152236,799.480119,249,0.0,0.0,59575.657379950404,0.0
48.776564836502075,812.72106,801.46626,249,0.0,0.0,59723.66062970261,0.0
48.78657388687134,781.236719,798.431829,249,0.0,0.0,59497.54090852028,0.0
48.8350396156311,805.003496,799.417579,250,0.0,0.0,59570.99702439685,0.0
48.835049867630005,805.003496,800.255467,250,0.0,0.0,59633.434760150936,0.0
48.835052728652954,805.003496,800.967671,250,0.0,0.0,59686.50677592752,0.0
48.83505463600159,805.003496,801.573045,250,0.0,0.0,59731.618034048406,0.0
48.840161085128784,805.003496,802.087612,250,0.0,0.0,59769.96253638497,0.0
48.850526571273804,794.627884,800.968653,250,0.0,0.0,59686.5799526009,0.0
48.860966205596924,843.491048,807.347012,250,0.0,0.0,60161.882491587894,0.0
48.866515159606934,843.491048,812.768618,251,0.0,0.0,60565.88971306713,0.0
48.87659454345703,828.262699,815.09273,251,0.0,0.0,60739.07788489787,0.0
48.88655233383179,828.262699,817.068225,251,0.0,0.0,60886.287816050404,0.0
48.9499454498291,753.527143,807.537063,251,0.0,0.0,60176.04471150011,0.0
48.949955701828,753.527143,799.435575,251,0.0,0.0,59572.33805027695,0.0
48.94995856285095,753.527143,792.54931,251,0.0,0.0,59059.18737333367,0.0
48.94996094703674,753.527143,786.695985,251,0.0,0.0,58623.00931656138,0.0
48.94999170303345,753.527143,781.720659,251,0.0,0.0,58252.25798693443,0.0
48.9499945640564,775.325208,780.761341,252,0.0,0.0,58180.77153076351,0.0
48.97115135192871,749.599039,776.086996,252,0.0,0.0,57832.44870249355,0.0
48.97118091583252,749.599039,772.113802,252,0.0,0.0,57536.374242575585,0.0
48.97650146484375,859.627043,785.240788,252,0.0,0.0,58514.57095038816,0.0
48.986531257629395,859.627043,796.398727,252,0.0,0.0,59346.03821909505,0.0
49.06238913536072,809.260235,798.327953,253,0.0,0.0,59489.80027702872,0.0
49.06239700317383,809.260235,799.967795,253,0.0,0.0,59611.99801882053,0.0
49.062400102615356,809.260235,801.361661,253,0.0,0.0,59715.86612169898,0.0
49.06240248680115,809.260235,802.546447,253,0.0,0.0,59804.154001693845,0.0
49.0624041557312,809.260235,803.553515,253,0.0,0.0,59879.1986922377,0.0
49.0624053478241,809.260235,804.409523,253,0.0,0.0,59942.98669410357,0.0
49.06240773200989,809.260235,805.13713,253,0.0,0.0,59997.20651059315,0.0
49.072941064834595,809.260235,805.755596,253,0.0,0.0,60043.2933583352,0.0
49.083391189575195,792.366059,803.747165,253,0.0,0.0,59893.629102422325,0.0
49.08646559715271,792.366059,802.039999,253,0.0,0.0,59766.41451097768,0.0
49.12970733642578,791.806255,800.504938,254,0.0,0.0,59652.02483946501,0.0
49.129725217819214,791.806255,799.200135,254,0.0,0.0,59554.79353298354,0.0
49.12972927093506,791.806255,798.091053,254,0.0,0.0,59472.14696345919,0.0
49.129732608795166,791.806255,797.148333,254,0.0,0.0,59401.897357008085,0.0
49.13672375679016,791.806255,796.347022,254,0.0,0.0,59342.18526604266,0.0
49.146621227264404,821.585513,800.132795,254,0.0,0.0,59624.2934883814,0.0
49.17015624046326,812.080723,801.924984,254,0.0,0.0,59757.84382351377,0.0
49.170166969299316,812.080723,803.448345,255,0.0,0.0,59871.36163445759,0.0
49.177111864089966,828.349441,807.18351,255,0.0,0.0,60149.698649987025,0.0
49.1964545249939,828.349441,810.358399,255,0.0,0.0,60386.285020039555,0.0
49.229366302490234,791.164676,807.479341,255,0.0,0.0,60171.74338365772,0.0
49.22938370704651,791.164676,805.032141,255,0.0,0.0,59989.38294057057,0.0
49.229387521743774,791.164676,802.952021,255,0.0,0.0,59834.37656394647,0.0
49.22939109802246,791.164676,801.18392,255,0.0,0.0,59702.621218333996,0.0
49.23683309555054,791.164676,799.681033,255,0.0,0.0,59590.6290888677,0.0
49.24682641029358,805.105546,800.49471,256,0.0,0.0,59651.262669388234,0.0
49.256563663482666,812.181462,802.247723,256,0.0,0.0,59781.89368745685,0.0
49.26649856567383,812.181462,803.737784,256,0.0,0.0,59892.93004908929,0.0
49.285990476608276,765.792747,798.046028,256,0.0,0.0,59468.79179062902,0.0
49.291152238845825,812.449222,800.206507,256,0.0,0.0,59629.786359001235,0.0
49.32916188240051,813.811229,802.247216,257,0.0,0.0,59781.855906832214,0.0
49.32917356491089,813.811229,803.981818,257,0.0,0.0,59911.11497405183,0.0
49.329198360443115,813.811229,805.456229,257,0.0,0.0,60020.985129025925,0.0
49.32933592796326,813.811229,806.709479,257,0.0,0.0,60114.374809190595,0.0
49.336498975753784,813.811229,807.774742,257,0.0,0.0,60193.75607458956,0.0
49.34648847579956,755.312566,799.905415,257,0.0,0.0,59607.34958614655,0.0
49.35678958892822,812.094278,801.733745,257,0.0,0.0,59743.593076220735,0.0
49.367488384246826,812.094278,803.287825,257,0.0,0.0,59859.40000552479,0.0
49.37647986412048,812.755571,804.707987,257,0.0,0.0,59965.227633661256,0.0
49.40277147293091,749.958677,796.49559,257,0.0,0.0,59353.25625587126,0.0
49.42889904975891,823.996065,800.620661,258,0.0,0.0,59660.648285671035,0.0
49.428919315338135,823.996065,804.126972,258,0.0,0.0,59921.93155943754,0.0
49.42901277542114,823.996065,807.107336,258,0.0,0.0,60144.022316057766,0.0
49.429086685180664,823.996065,809.640645,258,0.0,0.0,60332.799429377745,0.0
49.43644118309021,823.996065,811.793958,258,0.0,0.0,60493.26000178104,0.0
49.44636392593384,820.284439,813.06753,258,0.0,0.0,60588.16403668764,0.0
49.456421852111816,820.284439,814.150067,258,0.0,0.0,60668.83252597263,0.0
49.46641492843628,781.268477,809.217828,259,0.0,0.0,60301.29195329702,0.0
49.4781539440155,812.498863,809.709983,259,0.0,0.0,60337.96635827721,0.0
49.48640203475952,812.474813,810.124708,259,0.0,0.0,60368.87083472349,0.0
49.5367169380188,762.935065,803.046261,259,0.0,0.0,59841.39914001568,0.0
49.53672504425049,762.935065,797.029582,259,0.0,0.0,59393.048270306135,0.0
49.53672766685486,762.935065,791.915404,259,0.0,0.0,59011.94996771271,0.0
49.53672957420349,762.935065,787.568354,259,0.0,0.0,58688.01650738171,0.0
49.53673195838928,762.935065,783.87336,259,0.0,0.0,58412.67295432337,0.0
49.54634499549866,772.223648,782.125904,260,0.0,0.0,58282.45603276594,0.0
49.55642008781433,718.341838,772.558294,260,0.0,0.0,57569.496896248645,0.0
49.56638193130493,718.341838,764.425825,260,0.0,0.0,56963.481592949945,0.0
49.57670283317566,859.632589,778.70684,260,0.0,0.0,58027.67423071325,0.0
49.586729764938354,874.987488,793.148937,260,0.0,0.0,59103.87037652386,0.0
49.64516615867615,815.991672,796.575347,261,0.0,0.0,59359.199587785006,0.0
49.645177125930786,815.991672,799.487796,261,0.0,0.0,59576.22945461598,0.0
49.645179986953735,815.991672,801.963378,261,0.0,0.0,59760.70486750359,0.0
49.645182609558105,815.991672,804.067622,261,0.0,0.0,59917.50891629548,0.0
49.64520215988159,815.991672,805.856229,261,0.0,0.0,60050.79232796139,0.0
49.64630937576294,768.250092,800.215309,261,0.0,0.0,59630.44226641382,0.0
49.65636897087097,768.250092,795.420526,261,0.0,0.0,59273.14463958038,0.0
49.66641926765442,828.143799,800.329017,261,0.0,0.0,59638.915558855195,0.0
49.67644667625427,749.968426,792.774929,261,0.0,0.0,59076.00004937523,0.0
49.68645095825195,812.151425,795.681403,261,0.0,0.0,59292.58467117209,0.0
49.73214364051819,838.677346,802.130794,262,0.0,0.0,59773.18037254605,0.0
49.73215126991272,838.677346,807.612777,262,0.0,0.0,60181.68676715061,0.0
49.73215413093567,838.677346,812.272463,262,0.0,0.0,60528.91723609758,0.0
49.7321560382843,838.677346,816.233195,262,0.0,0.0,60824.0630527327,0.0
49.73703670501709,838.677346,819.599818,262,0.0,0.0,61074.93705648696,0.0
49.754947662353516,748.710037,808.966351,262,0.0,0.0,60282.55239088028,0.0
49.76408290863037,748.710037,799.927904,262,0.0,0.0,59609.0254213887,0.0
49.76630759239197,828.660356,804.237771,263,0.0,0.0,59930.18807902465,0.0
49.77636933326721,812.405598,805.462945,263,0.0,0.0,60021.485591896046,0.0
49.78633785247803,812.405598,806.504343,263,0.0,0.0,60099.08848528853,0.0
49.82982277870178,789.378951,803.935535,263,0.0,0.0,59907.666057581,0.0
49.829838037490845,789.378951,801.752047,263,0.0,0.0,59744.95690460802,0.0
49.82990312576294,789.378951,799.896083,263,0.0,0.0,59606.65418419538,0.0
49.829983949661255,789.378951,798.318513,263,0.0,0.0,59489.09682713384,0.0
49.845985412597656,789.378951,796.977579,263,0.0,0.0,59389.17311089052,0.0
49.85550045967102,773.89063,793.514537,264,0.0,0.0,59131.11415635087,0.0
49.85727047920227,773.89063,790.570951,264,0.0,0.0,58911.764022636766,0.0
49.87825155258179,781.235078,789.17057,264,0.0,0.0,58807.41043500566,0.0
49.87826061248779,781.235078,787.980246,264,0.0,0.0,58718.709874341526,0.0
49.88626575469971,828.11146,793.999928,264,0.0,0.0,59167.284521597074,0.0
49.943241357803345,806.771899,795.915724,265,0.0,0.0,59310.045802826484,0.0
49.943249464035034,806.771899,797.54415,265,0.0,0.0,59431.392847160685,0.0
49.943252086639404,806.771899,798.928312,265,0.0,0.0,59534.537827392945,0.0
49.94325375556946,806.771899,800.10485,265,0.0,0.0,59622.21108294579,0.0
49.94325566291809,806.771899,801.104908,265,0.0,0.0,59696.73340232828,0.0
49.948235750198364,790.632426,799.534035,265,0.0,0.0,59579.675092294914,0.0
49.96922063827515,812.086567,801.416915,265,0.0,0.0,59719.983539123925,0.0
49.969249963760376,812.086567,803.017363,265,0.0,0.0,59839.24571892859,0.0
49.976274490356445,781.474635,799.785954,265,0.0,0.0,59598.447591666474,0.0
49.986289739608765,812.492769,801.691976,265,0.0,0.0,59740.48053398989,0.0
50.06091856956482,803.000521,801.888258,266,0.0,0.0,59755.107075543514,0.0
50.06092619895935,803.000521,802.055097,266,0.0,0.0,59767.53958370151,0.0
50.06092882156372,803.000521,802.196911,266,0.0,0.0,59778.10727897608,0.0
50.06093120574951,803.000521,802.317452,266,0.0,0.0,59787.089752893284,0.0
50.060932874679565,803.000521,802.419913,266,0.0,0.0,59794.72494141859,0.0
50.06093454360962,803.000521,802.507004,266,0.0,0.0,59801.21478832482,0.0
50.060935974121094,803.000521,802.581032,266,0.0,0.0,59806.73120663181,0.0
50.082167625427246,803.000521,802.643955,267,0.0,0.0,59811.420102578355,0.0
50.08219838142395,798.35951,802.001288,267,0.0,0.0,59763.529844782715,0.0
50.08620357513428,798.35951,801.455021,267,0.0,0.0,59722.82312193051,0.0
50.12879514694214,791.721197,799.994948,267,0.0,0.0,59614.02140600227,0.0
50.1288115978241,791.721197,798.753885,267,0.0,0.0,59521.539876671166,0.0
50.128862380981445,791.721197,797.698982,267,0.0,0.0,59442.930617724625,0.0
50.129003047943115,791.721197,796.802314,267,0.0,0.0,59376.112714086965,0.0
50.136353492736816,791.721197,796.040147,267,0.0,0.0,59319.317555609356,0.0
50.1462767124176,803.311293,797.130819,268,0.0,0.0,59400.592248802706,0.0
50.1709303855896,812.157351,799.384799,268,0.0,0.0,59568.554324444085,0.0
50.17094039916992,749.490721,791.900687,268,0.0,0.0,59010.85328634588,0.0
50.17620086669922,749.490721,785.539192,268,0.0,0.0,58536.807418866,0.0
50.19709300994873,828.625656,792.002162,268,0.0,0.0,59018.415000125824,0.0
50.22937488555908,818.623392,795.995346,269,0.0,0.0,59315.979074810595,0.0
50.229395151138306,818.623392,799.389553,269,0.0,0.0,59568.908583003424,0.0
50.22939991950989,818.623392,802.274629,269,0.0,0.0,59783.898668693255,0.0
50.229403495788574,818.623392,804.726943,269,0.0,0.0,59966.64019681881,0.0
50.236260414123535,818.623392,806.811411,269,0.0,0.0,60121.97057769531,0.0
50.24624752998352,797.130562,805.359283,269,0.0,0.0,60013.76090725593,0.0
50.25622606277466,797.130562,804.124975,269,0.0,0.0,59921.78274699684,0.0
50.26659178733826,812.653835,805.404304,269,0.0,0.0,60017.11578201411,0.0
50.28564214706421,812.653835,806.491734,269,0.0,0.0,60098.14888786009,0.0
50.29055595397949,781.246641,802.70497,269,0.0,0.0,59815.966818185974,0.0
50.32881283760071,801.184292,802.476868,270,0.0,0.0,59798.96911395702,0.0
50.32882475852966,801.184292,802.282982,270,0.0,0.0,59784.52111752502,0.0
50.32885789871216,801.184292,802.118178,270,0.0,0.0,59772.24025349162,0.0
50.32898998260498,801.184292,801.978095,270,0.0,0.0,59761.80154887043,0.0
50.336196184158325,801.184292,801.859025,270,0.0,0.0,59752.928690927314,0.0
50.34628677368164,839.932078,807.569983,270,0.0,0.0,60178.497843972495,0.0
50.356539487838745,780.911787,803.571254,270,0.0,0.0,59880.52056699249,0.0
50.367451429367065,780.911787,800.172334,271,0.0,0.0,59627.23985547819,0.0
50.376604080200195,797.155838,799.719859,271,0.0,0.0,59593.52232463238,0.0
50.39778804779053,812.452065,801.62969,271,0.0,0.0,59735.839106007654,0.0
50.42859220504761,788.826792,799.709255,271,0.0,0.0,59592.732135788596,0.0
50.42861223220825,788.826792,798.076886,271,0.0,0.0,59471.091266990894,0.0
50.428669452667236,788.826792,796.689372,271,0.0,0.0,59367.69650243155,0.0
50.42878532409668,788.826792,795.509985,271,0.0,0.0,59279.810945104306,0.0
50.436166763305664,788.826792,794.507506,271,0.0,0.0,59205.10821765024,0.0
50.44616770744324,816.208939,797.762721,272,0.0,0.0,59447.680320357,0.0
50.456175327301025,816.208939,800.529653,272,0.0,0.0,59653.866551769235,0.0
50.4664888381958,796.889304,799.983601,272,0.0,0.0,59613.17585028647,0.0
50.4764666557312,796.889304,799.519457,272,0.0,0.0,59578.588768929716,0.0
50.486241579055786,796.890739,799.125149,272,0.0,0.0,59549.205726435095,0.0
50.5317804813385,796.214314,798.688524,273,0.0,0.0,59516.66930584712,0.0
50.53178882598877,796.214314,798.317392,273,0.0,0.0,59489.013292458825,0.0
50.5317919254303,796.214314,798.00193,273,0.0,0.0,59465.50569598237,0.0
50.53179430961609,796.214314,797.733788,273,0.0,0.0,59445.52429113999,0.0
50.536099672317505,796.214314,797.505867,273,0.0,0.0,59428.54007466856,0.0
50.54616045951843,780.676425,794.98145,273,0.0,0.0,59240.42557538092,0.0
50.5561797618866,780.858321,792.862981,273,0.0,0.0,59082.561508076884,0.0
50.56614303588867,780.858321,791.062282,273,0.0,0.0,58948.377024787165,0.0
50.57631516456604,828.383829,796.660514,273,0.0,0.0,59365.54606206435,0.0
50.60560417175293,812.476194,799.032866,274,0.0,0.0,59542.3289820867,0.0
50.62853670120239,826.058921,803.086774,274,0.0,0.0,59844.41808764186,0.0
50.62856411933899,826.058921,806.532596,274,0.0,0.0,60101.19384226734,0.0
50.62859320640564,826.058921,809.461545,274,0.0,0.0,60319.453256054396,0.0
50.62871193885803,826.058921,811.951151,274,0.0,0.0,60504.9737093367,0.0
50.63610553741455,826.058921,814.067317,274,0.0,0.0,60662.666161692854,0.0
50.646132469177246,762.177138,806.28379,274,0.0,0.0,60082.65331742149,0.0
50.656134366989136,762.177138,799.667792,274,0.0,0.0,59589.64239606493,0.0
50.66611981391907,796.886316,799.250571,275,0.0,0.0,59558.55192269732,0.0
50.67644286155701,812.477738,801.234646,275,0.0,0.0,59706.401218267005,0.0
50.686492681503296,812.240002,802.885449,275,0.0,0.0,59829.41575182765,0.0
50.746458292007446,787.615225,800.594916,275,0.0,0.0,59658.72981982955,0.0
50.746469259262085,787.615225,798.647962,275,0.0,0.0,59513.64670683906,0.0
50.746472120285034,787.615225,796.993052,275,0.0,0.0,59390.32612786335,0.0
50.746474266052246,787.615225,795.586378,275,0.0,0.0,59285.50359847499,0.0
50.74647641181946,787.615225,794.390705,275,0.0,0.0,59196.40444104309,0.0
50.74649453163147,801.920129,795.520119,276,0.0,0.0,59280.56611048932,0.0
50.7561309337616,812.085106,798.004867,276,0.0,0.0,59465.72455534055,0.0
50.76612091064453,812.085106,800.116902,276,0.0,0.0,59623.1091738497,0.0
50.77612900733948,797.121829,799.667641,276,0.0,0.0,59589.63114384735,0.0
50.786407470703125,781.232969,796.902441,276,0.0,0.0,59383.57397760649,0.0
50.83699607849121,806.880654,798.399173,277,0.0,0.0,59495.10744879918,0.0
50.83700489997864,806.880654,799.671395,277,0.0,0.0,59589.91088440935,0.0
50.83700776100159,806.880654,800.752784,277,0.0,0.0,59670.4938270334,0.0
50.83700919151306,806.880654,801.671964,277,0.0,0.0,59738.98927982716,0.0
50.837011098861694,806.880654,802.453268,277,0.0,0.0,59797.210489219826,0.0
50.85803508758545,864.666283,811.78522,277,0.0,0.0,60492.6088635203,0.0
50.85804533958435,718.347653,797.769585,277,0.0,0.0,59448.19181189072,0.0
50.86606740951538,718.347653,785.856295,277,0.0,0.0,58560.43729937609,0.0
50.87604570388794,828.425926,792.24174,277,0.0,0.0,59036.26787289222,0.0
50.88606858253479,828.425926,797.669368,278,0.0,0.0,59440.72384175144,0.0
50.94279956817627,806.322096,798.967277,278,0.0,0.0,59537.44142115925,0.0
50.94280767440796,806.322096,800.0705,278,0.0,0.0,59619.6513897372,0.0
50.94281053543091,806.322096,801.008239,278,0.0,0.0,59689.52982204355,0.0
50.94281220436096,806.322096,801.805318,278,0.0,0.0,59748.926552844256,0.0
50.942813873291016,806.322096,802.482835,278,0.0,0.0,59799.41376284715,0.0
50.94784927368164,795.146127,801.382329,278,0.0,0.0,59717.40625966797,0.0
50.96836256980896,843.382285,807.682322,278,0.0,0.0,60186.86912127552,0.0
50.968390464782715,843.382285,813.037317,279,0.0,0.0,60585.91262443404,0.0
50.976022481918335,765.821625,805.954963,279,0.0,0.0,60058.149787910625,0.0
50.98678469657898,765.821625,799.934962,279,0.0,0.0,59609.551369413915,0.0
51.059528827667236,812.543016,801.82617,280,0.0,0.0,59750.48040212476,0.0
51.05953812599182,812.543016,803.433697,280,0.0,0.0,59870.27009483258,0.0
51.05954074859619,812.543016,804.800095,280,0.0,0.0,59972.091337360114,0.0
51.059542417526245,812.543016,805.961533,280,0.0,0.0,60058.63937115314,0.0
51.05954384803772,812.543016,806.948755,280,0.0,0.0,60132.205177521806,0.0
51.059608697891235,812.543016,807.787895,280,0.0,0.0,60194.736209808565,0.0
51.059666872024536,812.543016,808.501163,280,0.0,0.0,60247.88751273431,0.0
51.08033347129822,812.543016,809.107441,280,0.0,0.0,60293.06613512479,0.0
51.08036255836487,793.863522,806.820853,280,0.0,0.0,60122.6741766262,0.0
51.08598232269287,793.863522,804.877253,280,0.0,0.0,59977.84099699877,0.0
51.140702962875366,793.950423,803.238229,281,0.0,0.0,59855.70421092879,0.0
51.14099979400635,793.950423,801.845058,281,0.0,0.0,59751.88789805849,0.0
51.1410071849823,793.950423,800.660863,281,0.0,0.0,59663.64405820004,0.0
51.1417715549469,793.950423,799.654297,281,0.0,0.0,59588.63677569086,0.0
51.14177870750427,793.950423,798.798716,281,0.0,0.0,59524.88059300985,0.0
51.14614820480347,793.950423,798.071472,281,0.0,0.0,59470.68782655331,0.0
51.1658136844635,787.590355,796.499304,281,0.0,0.0,59353.53301571339,0.0
51.170838832855225,787.590355,795.162962,281,0.0,0.0,59253.951486113845,0.0
51.191882610321045,781.379006,793.095368,281,0.0,0.0,59099.878521924424,0.0
51.19191002845764,781.379006,791.337914,282,0.0,0.0,58968.91656942962,0.0
51.24008893966675,801.538666,792.868027,282,0.0,0.0,59082.93752589145,0.0
51.240169286727905,801.538666,794.168623,282,0.0,0.0,59179.85533515813,0.0
51.24028158187866,801.538666,795.274129,282,0.0,0.0,59262.235428324,0.0
51.24049496650696,801.538666,796.21381,282,0.0,0.0,59332.258574581174,0.0
51.24061560630798,801.538666,797.012538,282,0.0,0.0,59391.77818555948,0.0
51.2460560798645,801.538666,797.691458,282,0.0,0.0,59442.369944312646,0.0
51.25609278678894,817.80725,800.708826,282,0.0,0.0,59667.21816490639,0.0
51.287973165512085,817.80725,803.27359,283,0.0,0.0,59858.33924183268,0.0
51.287983655929565,781.280548,799.974634,283,0.0,0.0,59612.50764740434,0.0
51.28801918029785,874.975063,811.224698,283,0.0,0.0,60450.83988661604,0.0
51.34251427650452,753.50447,802.566664,284,0.0,0.0,59805.660532046044,0.0
51.342660427093506,753.50447,795.207335,284,0.0,0.0,59257.25807320975,0.0
51.342833518981934,753.50447,788.951905,284,0.0,0.0,58791.1159571176,0.0
51.343029260635376,753.50447,783.63479,284,0.0,0.0,58394.89519569828,0.0
51.34314322471619,753.50447,779.115242,284,0.0,0.0,58058.10752986234,0.0
51.346057176589966,753.50447,775.273626,284,0.0,0.0,57771.83799899821,0.0
51.356269121170044,711.97244,765.778448,284,0.0,0.0,57064.276350064145,0.0
51.36714315414429,711.97244,757.707547,284,0.0,0.0,56462.84897082559,0.0
51.38918328285217,797.258362,763.640169,284,0.0,0.0,56904.93608123284,0.0
51.393667459487915,874.766088,780.309057,284,0.0,0.0,58147.0682328552,0.0
51.43936777114868,856.702568,791.768083,285,0.0,0.0,59000.97190182679,0.0
51.43937849998474,856.702568,801.508256,285,0.0,0.0,59726.790087518835,0.0
51.43959593772888,856.702568,809.787403,285,0.0,0.0,60343.73554163119,0.0
51.43974494934082,856.702568,816.824678,285,0.0,0.0,60868.13918135256,0.0
51.43993520736694,856.702568,822.806361,285,0.0,0.0,61313.88221922726,0.0
51.445987701416016,856.702568,827.890792,285,0.0,0.0,61692.76383495383,0.0
51.45598840713501,821.349152,826.909546,285,0.0,0.0,61619.64334813726,0.0
51.46636772155762,780.725977,819.982011,285,0.0,0.0,61103.417313443824,0.0
51.47792077064514,749.907761,809.470873,285,0.0,0.0,60320.14835993357,0.0
51.4864137172699,749.907761,800.536406,286,0.0,0.0,59654.369771805264,0.0
51.54084062576294,834.426918,805.619983,286,0.0,0.0,60033.18774916212,0.0
51.54095220565796,834.426918,809.941023,286,0.0,0.0,60355.18299638234,0.0
51.54116344451904,834.426918,813.613908,286,0.0,0.0,60628.87903103753,0.0
51.541293144226074,834.426918,816.735859,286,0.0,0.0,60861.520567346946,0.0
51.54147171974182,834.426918,819.389518,286,0.0,0.0,61059.26592164664,0.0
51.54594445228577,834.426918,821.645128,286,0.0,0.0,61227.3494616237,0.0
51.556020975112915,842.165859,824.723238,287,0.0,0.0,61456.72405441179,0.0
51.56600832939148,842.165859,827.339631,287,0.0,0.0,61651.692421022664,0.0
51.57634735107422,797.072993,822.799635,287,0.0,0.0,61313.381011177145,0.0
51.58603501319885,797.072993,818.940639,287,0.0,0.0,61025.816357519274,0.0
51.641494035720825,749.177234,808.476128,288,0.0,0.0,60246.02195467093,0.0
51.64159893989563,749.177234,799.581294,288,0.0,0.0,59583.19673833114,0.0
51.64180660247803,749.177234,792.020685,288,0.0,0.0,59019.795296990524,0.0
51.64196228981018,749.177234,785.594167,288,0.0,0.0,58540.9040457697,0.0
51.64214754104614,749.177234,780.131627,288,0.0,0.0,58133.846504587396,0.0
51.645933866500854,749.177234,775.488468,288,0.0,0.0,57787.84759458244,0.0
51.655977964401245,797.168925,778.740537,288,0.0,0.0,58030.18526366957,0.0
51.665958404541016,780.947071,779.071517,288,0.0,0.0,58054.849230428714,0.0
51.67600178718567,781.224845,779.394516,288,0.0,0.0,58078.9184690511,0.0
51.68621492385864,781.224845,779.669065,288,0.0,0.0,58099.377310702446,0.0
51.74164843559265,828.268229,786.95894,289,0.0,0.0,58642.60419655157,0.0
51.74179434776306,828.268229,793.155333,289,0.0,0.0,59104.34699363484,0.0
51.74196910858154,828.268229,798.422267,289,0.0,0.0,59496.82836742971,0.0
51.74212384223938,828.268229,802.899162,289,0.0,0.0,59830.437617125164,0.0
51.74231004714966,828.268229,806.704522,289,0.0,0.0,60114.00542347778,0.0
51.76024556159973,828.268229,809.939078,289,0.0,0.0,60355.038058877515,0.0
51.76027989387512,849.271532,815.838946,289,0.0,0.0,60794.684406799934,0.0
51.76597762107849,849.271532,820.853834,289,0.0,0.0,61168.38381743759,0.0
51.77601385116577,796.88771,817.258915,289,0.0,0.0,60900.49765296291,0.0
51.78599810600281,796.88771,814.203235,290,0.0,0.0,60672.79449885513,0.0
51.849427461624146,776.506833,808.548774,290,0.0,0.0,60251.43538910559,0.0
51.849438190460205,776.506833,803.742483,290,0.0,0.0,59893.280209158795,0.0
51.849441051483154,776.506833,799.657136,290,0.0,0.0,59588.848332285306,0.0
51.849443435668945,776.506833,796.18459,290,0.0,0.0,59330.08115869894,0.0
51.849445104599,776.506833,793.232927,290,0.0,0.0,59110.12914312033,0.0
51.84947466850281,776.506833,790.724013,290,0.0,0.0,58923.16989634542,0.0
51.87074255943298,736.706335,782.621361,290,0.0,0.0,58319.376496173354,0.0
51.8707754611969,874.872968,796.459102,291,0.0,0.0,59350.53724318437,0.0
51.87592911720276,874.872968,808.221182,291,0.0,0.0,60227.023889321434,0.0
51.885974645614624,781.300745,804.183117,291,0.0,0.0,59926.11537239811,0.0
51.96390223503113,792.859983,802.484647,292,0.0,0.0,59799.54878945833,0.0
51.96391224861145,792.859983,801.040947,292,0.0,0.0,59691.9671567005,0.0
51.9639151096344,792.859983,799.813802,292,0.0,0.0,59600.52276885636,0.0
51.96391701698303,792.859983,798.770729,292,0.0,0.0,59522.79505781833,0.0
51.963918685913086,792.859983,797.884117,292,0.0,0.0,59456.72650716191,0.0
51.96391987800598,792.859983,797.130497,292,0.0,0.0,59400.56825400756,0.0
51.963921785354614,757.177328,791.137522,292,0.0,0.0,58953.98375890693,0.0
51.965900182724,843.749325,799.029292,292,0.0,0.0,59542.06265476421,0.0
51.985451221466064,749.945179,791.666675,292,0.0,0.0,58993.41518075267,0.0
51.98587393760681,749.945179,785.408451,292,0.0,0.0,58527.06486137596,0.0
52.097466707229614,849.039599,794.953123,294,0.0,0.0,59238.314704070304,0.0
52.09759211540222,849.039599,803.066094,294,0.0,0.0,59842.8770554569,0.0
52.09775185585022,849.039599,809.96212,294,0.0,0.0,60356.75510257219,0.0
52.09785771369934,849.039599,815.823742,294,0.0,0.0,60793.5514351684,0.0
52.0979380607605,849.039599,820.80612,294,0.0,0.0,61164.82826571258,0.0
52.0980269908905,849.039599,825.041142,294,0.0,0.0,61480.41362383773,0.0
52.098114013671875,849.039599,828.64091,294,0.0,0.0,61748.661126081504,0.0
52.09819793701172,849.039599,831.700714,294,0.0,0.0,61976.67159241031,0.0
52.09828424453735,849.039599,834.301546,294,0.0,0.0,62170.4803844646,0.0
52.09836673736572,849.039599,836.512254,294,0.0,0.0,62335.21791732516,0.0
52.14122986793518,827.29099,835.129065,294,0.0,0.0,62232.14544310429,0.0
52.14124083518982,827.29099,833.953353,294,0.0,0.0,62144.533739417275,0.0
52.141244649887085,827.29099,832.953999,294,0.0,0.0,62070.063880704896,0.0
52.141345500946045,827.29099,832.104548,294,0.0,0.0,62006.76449334758,0.0
52.141358375549316,827.29099,831.382514,294,0.0,0.0,61952.95996565716,0.0
52.14578676223755,827.29099,830.768785,294,0.0,0.0,61907.2261096685,0.0
52.1694176197052,743.590842,817.692094,295,0.0,0.0,60932.77728453207,0.0
52.16946029663086,781.187114,812.216347,295,0.0,0.0,60524.73558415893,0.0
52.19044589996338,781.187114,807.561962,295,0.0,0.0,60177.900135115844,0.0
52.190473794937134,703.141383,791.898875,295,0.0,0.0,59010.718259734705,0.0
52.228410959243774,740.923462,784.252563,295,0.0,0.0,58440.93040246818,0.0
52.22842264175415,740.923462,777.753198,295,0.0,0.0,57956.61073869521,0.0
52.22850561141968,740.923462,772.228738,295,0.0,0.0,57544.93904311771,0.0
52.228588342666626,740.923462,767.532946,295,0.0,0.0,57195.01802735882,0.0
52.235766887664795,740.923462,763.541523,296,0.0,0.0,56897.58517886737,0.0
52.246175050735474,790.209085,767.541658,296,0.0,0.0,57195.66722815164,0.0
52.25582551956177,790.209085,770.941772,296,0.0,0.0,57449.03691415476,0.0
52.27805018424988,765.610913,770.142143,296,0.0,0.0,57389.45016246085,0.0
52.28327512741089,765.610913,769.462458,296,0.0,0.0,57338.801397439725,0.0
52.2857346534729,812.515925,775.920478,296,0.0,0.0,57820.04011461272,0.0
52.32835531234741,785.448922,777.349745,297,0.0,0.0,57926.546229114945,0.0
52.32837963104248,785.448922,778.564622,297,0.0,0.0,58017.07643016774,0.0
52.32860088348389,785.448922,779.597267,297,0.0,0.0,58094.02706752951,0.0
52.32860827445984,785.448922,780.475015,297,0.0,0.0,58159.43509065752,0.0
52.33577871322632,785.448922,781.221101,297,0.0,0.0,58215.031925219926,0.0
52.346076250076294,788.723107,782.346402,297,0.0,0.0,58298.887102143126,0.0
52.35612106323242,788.723107,783.302907,297,0.0,0.0,58370.16393918752,0.0
52.365931034088135,812.641562,787.703706,297,0.0,0.0,58698.10266735749,0.0
52.39051818847656,812.641562,791.444384,297,0.0,0.0,58976.85050060626,0.0
52.402403116226196,796.906119,792.263644,297,0.0,0.0,59037.90011510593,0.0
52.429667949676514,813.044566,795.380783,298,0.0,0.0,59270.18307081215,0.0
52.42967677116394,813.044566,798.03035,298,0.0,0.0,59467.62349746674,0.0
52.42968010902405,813.044566,800.282482,298,0.0,0.0,59635.44786384904,0.0
52.429682970047,813.044566,802.196795,298,0.0,0.0,59778.098634888396,0.0
52.43568706512451,813.044566,803.82396,298,0.0,0.0,59899.35171202795,0.0
52.44572424888611,811.164578,804.925053,298,0.0,0.0,59981.402957271566,0.0
52.45569729804993,811.164578,805.860982,298,0.0,0.0,60051.146512002735,0.0
52.46572518348694,765.607353,799.822937,299,0.0,0.0,59601.203490762055,0.0
52.475993156433105,765.607353,794.6906,299,0.0,0.0,59218.75201585497,0.0
52.48575830459595,812.516657,797.364508,299,0.0,0.0,59418.00628508277,0.0
52.53937578201294,791.943678,796.551384,299,0.0,0.0,59357.413913014774,0.0
52.53938841819763,791.943678,795.860228,299,0.0,0.0,59305.91035204618,0.0
52.53939199447632,791.943678,795.272745,299,0.0,0.0,59262.13229541567,0.0
52.53939485549927,791.943678,794.773385,299,0.0,0.0,59224.92098826464,0.0
52.53941583633423,791.943678,794.348929,299,0.0,0.0,59193.291377186266,0.0
52.54571270942688,790.978678,793.843391,300,0.0,0.0,59155.61969784769,0.0
52.55573105812073,790.978678,793.413684,300,0.0,0.0,59123.598792765275,0.0
52.565690755844116,828.174939,798.627873,300,0.0,0.0,59512.14971479053,0.0
52.57566213607788,749.878595,791.315481,300,0.0,0.0,58967.24490719531,0.0
52.58571267127991,843.747722,799.180317,300,0.0,0.0,59553.31673531227,0.0
52.65075874328613,803.886193,799.886198,301,0.0,0.0,59605.917573791696,0.0
52.650771379470825,803.886193,800.486198,301,0.0,0.0,59650.62837219488,0.0
52.65077519416809,803.886193,800.996197,301,0.0,0.0,59688.6324763196,0.0
52.65077757835388,803.886193,801.429696,301,0.0,0.0,59720.93595364792,0.0
52.65078043937683,803.886193,801.798171,301,0.0,0.0,59748.39397271727,0.0
52.65080404281616,797.625478,801.172267,301,0.0,0.0,59701.752860111024,0.0
52.6556453704834,797.625478,800.640248,301,0.0,0.0,59662.10786968491,0.0
52.665730714797974,765.617995,795.38691,301,0.0,0.0,59270.63964258184,0.0
52.67568230628967,765.617995,790.921573,301,0.0,0.0,58937.89167189964,0.0
52.68570613861084,827.997074,796.482898,302,0.0,0.0,59352.31047344904,0.0
52.72974467277527,798.710639,796.817059,302,0.0,0.0,59377.211481957725,0.0
52.72975754737854,798.710639,797.101096,302,0.0,0.0,59398.37735036781,0.0
52.729761838912964,798.710639,797.342528,302,0.0,0.0,59416.36837950128,0.0
52.72976517677307,798.710639,797.547744,302,0.0,0.0,59431.66066484312,0.0
52.75539255142212,798.710639,797.722179,302,0.0,0.0,59444.65921170889,0.0
52.75540590286255,792.469842,796.934328,302,0.0,0.0,59385.95013298764,0.0
52.755680084228516,812.416565,799.256664,302,0.0,0.0,59559.005960855095,0.0
52.76566219329834,812.416565,801.230649,303,0.0,0.0,59706.10336983164,0.0
52.77577352523804,812.597959,802.935745,303,0.0,0.0,59833.16370902179,0.0
52.78569459915161,812.493338,804.369384,303,0.0,0.0,59939.99561620839,0.0
52.83908462524414,807.960388,804.908035,303,0.0,0.0,59980.13480999285,0.0
52.83909368515015,807.960388,805.365888,303,0.0,0.0,60014.25309862835,0.0
52.839096546173096,807.960388,805.755063,303,0.0,0.0,60043.25364024262,0.0
52.83909893035889,807.960388,806.085861,303,0.0,0.0,60067.90404472626,0.0
52.83910131454468,807.960388,806.36704,304,0.0,0.0,60088.85694069993,0.0
52.866965532302856,787.248329,803.499234,304,0.0,0.0,59875.153780824156,0.0
52.86697816848755,787.248329,801.061598,304,0.0,0.0,59693.50602786354,0.0
52.86700177192688,796.792492,800.421232,304,0.0,0.0,59645.787235979784,0.0
52.87564492225647,796.792492,799.876921,304,0.0,0.0,59605.226270330386,0.0
52.88565254211426,796.99989,799.445366,304,0.0,0.0,59573.0676559889,0.0
52.94747710227966,808.30743,800.774676,305,0.0,0.0,59672.12517503115,0.0
52.94748854637146,808.30743,801.904589,305,0.0,0.0,59756.32402895806,0.0
52.94749164581299,808.30743,802.865015,305,0.0,0.0,59827.89305107003,0.0
52.94749450683594,808.30743,803.681377,305,0.0,0.0,59888.72671241341,0.0
52.94749689102173,808.30743,804.375285,305,0.0,0.0,59940.43534691068,0.0
52.94752335548401,804.807982,804.44019,305,0.0,0.0,59945.271937527956,0.0
52.975095987319946,812.364741,805.628872,305,0.0,0.0,60033.85013964047,0.0
52.97510814666748,812.364741,806.639253,305,0.0,0.0,60109.14170830949,0.0
52.97558116912842,765.693185,800.497343,305,0.0,0.0,59651.45887527523,0.0
52.985583782196045,765.693185,795.276719,306,0.0,0.0,59262.42842993709,0.0
53.059802770614624,815.042674,798.241612,307,0.0,0.0,59483.36631862051,0.0
53.05981111526489,815.042674,800.761771,307,0.0,0.0,59671.16352027549,0.0
53.05981469154358,815.042674,802.903907,307,0.0,0.0,59830.79120502253,0.0
53.05981731414795,815.042674,804.724722,307,0.0,0.0,59966.47469234672,0.0
53.05981922149658,815.042674,806.272415,307,0.0,0.0,60081.80567520177,0.0
53.05982160568237,815.042674,807.587954,307,0.0,0.0,60179.83700690267,0.0
53.059823751449585,815.042674,808.706162,307,0.0,0.0,60263.16362767073,0.0
53.08741807937622,815.042674,809.656638,307,0.0,0.0,60333.99119570919,0.0
53.087430477142334,818.412185,810.96997,307,0.0,0.0,60431.85806618996,0.0
53.087451696395874,818.412185,812.086303,307,0.0,0.0,60515.04496571301,0.0
53.12879300117493,786.191916,808.202145,307,0.0,0.0,60225.60529020609,0.0
53.12880229949951,786.191916,804.90061,307,0.0,0.0,59979.58151386262,0.0
53.128806352615356,786.191916,802.094306,307,0.0,0.0,59770.46135985915,0.0
53.128809690475464,786.191916,799.708948,307,0.0,0.0,59592.70925876341,0.0
53.14453196525574,786.191916,797.681393,308,0.0,0.0,59441.61992066944,0.0
53.14689016342163,766.392763,792.988098,308,0.0,0.0,59091.88497634991,0.0
53.15567326545715,718.639617,781.835826,308,0.0,0.0,58260.84000113393,0.0
53.18445086479187,718.639617,772.356395,308,0.0,0.0,57554.451787103964,0.0
53.184463024139404,828.194196,780.732065,308,0.0,0.0,58178.58994187343,0.0
53.18673086166382,828.194196,787.851385,308,0.0,0.0,58709.10741068647,0.0
53.22811579704285,816.076761,792.085191,309,0.0,0.0,59024.60215492685,0.0
53.22812843322754,816.076761,795.683926,309,0.0,0.0,59292.77268007939,0.0
53.22814655303955,816.076761,798.742852,309,0.0,0.0,59520.717719606524,0.0
53.22826838493347,816.076761,801.342938,309,0.0,0.0,59714.47092123481,0.0
53.235857009887695,816.076761,803.553011,309,0.0,0.0,59879.161135167036,0.0
53.245620012283325,801.818744,803.292871,309,0.0,0.0,59859.77602333936,0.0
53.26659059524536,801.818744,803.071752,309,0.0,0.0,59843.298678285835,0.0
53.2780396938324,796.863326,802.140488,309,0.0,0.0,59773.90275001225,0.0
53.27804708480835,796.863326,801.348914,309,0.0,0.0,59714.91624078691,0.0
53.307093143463135,781.270391,798.337136,310,0.0,0.0,59490.48457579828,0.0
53.3282253742218,815.621215,800.929747,310,0.0,0.0,59683.68075539645,0.0
53.32823705673218,815.621215,803.133468,310,0.0,0.0,59847.89763100958,0.0
53.32824110984802,815.621215,805.00663,310,0.0,0.0,59987.48191194046,0.0
53.32831144332886,815.621215,806.598817,310,0.0,0.0,60106.12849856911,0.0
53.33554148674011,815.621215,807.952177,310,0.0,0.0,60206.97817544735,0.0
53.34559106826782,804.906976,807.495397,310,0.0,0.0,60172.93984462299,0.0
53.35559415817261,718.626324,794.165036,310,0.0,0.0,59179.58803910167,0.0
53.390406370162964,718.626324,782.834229,311,0.0,0.0,58335.23899323085,0.0
53.39058017730713,828.180364,789.636149,311,0.0,0.0,58842.104449688595,0.0
53.39058566093445,874.849438,802.418143,311,0.0,0.0,59794.59304456331,0.0
53.428038358688354,787.286556,800.148405,311,0.0,0.0,59625.45671431986,0.0
53.42806100845337,787.286556,798.219128,311,0.0,0.0,59481.690855968336,0.0
53.428120613098145,787.286556,796.579242,311,0.0,0.0,59359.48983538464,0.0
53.42825651168823,787.286556,795.185339,311,0.0,0.0,59255.61897534029,0.0
53.435564279556274,787.286556,794.000522,312,0.0,0.0,59167.3287852875,0.0
53.44554162025452,784.527453,792.579561,312,0.0,0.0,59061.44161727117,0.0
53.45669913291931,784.527453,791.371745,312,0.0,0.0,58971.43758779758,0.0
53.465588331222534,796.862569,792.195369,312,0.0,0.0,59032.812398837625,0.0
53.48375058174133,796.862569,792.895449,312,0.0,0.0,59084.980958414475,0.0
53.50272464752197,812.518241,795.838868,312,0.0,0.0,59304.31864762304,0.0
53.5337188243866,806.595542,797.452369,313,0.0,0.0,59424.553510846956,0.0
53.533730268478394,806.595542,798.823845,313,0.0,0.0,59526.75315576497,0.0
53.53373456001282,806.595542,799.989599,313,0.0,0.0,59613.622809234505,0.0
53.533737659454346,806.595542,800.980491,313,0.0,0.0,59687.462096653406,0.0
53.535521030426025,806.595542,801.822748,313,0.0,0.0,59750.22540153787,0.0
53.545522928237915,790.963799,800.193906,313,0.0,0.0,59628.84735771677,0.0
53.55552935600281,812.414372,802.026976,313,0.0,0.0,59765.44406309835,0.0
53.56714963912964,812.414372,803.585085,313,0.0,0.0,59881.551225413685,0.0
53.57556772232056,812.597227,804.936906,313,0.0,0.0,59982.286219094014,0.0
53.612210512161255,812.485132,806.06914,314,0.0,0.0,60066.65802929275,0.0
53.6427686214447,792.390962,804.017413,314,0.0,0.0,59913.7674421671,0.0
53.64277935028076,792.390962,802.273446,314,0.0,0.0,59783.810513902405,0.0
53.642783641815186,792.390962,800.791073,314,0.0,0.0,59673.347046633506,0.0
53.6427857875824,792.390962,799.531056,314,0.0,0.0,59579.453103180844,0.0
53.64278841018677,792.390962,798.460042,314,0.0,0.0,59499.64328477918,0.0
53.6454496383667,789.894089,797.175149,314,0.0,0.0,59403.89563162473,0.0
53.65548849105835,812.435411,799.464189,314,0.0,0.0,59574.4703082528,0.0
53.665571212768555,812.435411,801.409872,315,0.0,0.0,59719.45870886867,0.0
53.67569875717163,828.135145,805.418663,315,0.0,0.0,60018.1857859379,0.0
53.686609745025635,749.75573,797.069223,315,0.0,0.0,59396.00223823862,0.0
53.7468101978302,829.239444,801.894756,315,0.0,0.0,59755.59129349022,0.0
53.746824979782104,829.239444,805.996459,315,0.0,0.0,60061.24198672818,0.0
53.74682903289795,829.239444,809.482907,315,0.0,0.0,60321.04510951354,0.0
53.74683213233948,829.239444,812.446388,315,0.0,0.0,60541.87777878471,0.0
53.746949911117554,829.239444,814.965346,316,0.0,0.0,60729.58548432489,0.0
53.7469539642334,825.508518,816.546822,316,0.0,0.0,60847.433908684034,0.0
53.755494356155396,825.508518,817.891076,316,0.0,0.0,60947.605024678516,0.0
53.76546669006348,796.906876,814.743446,316,0.0,0.0,60713.049940715435,0.0
53.77546143531799,796.906876,812.067961,316,0.0,0.0,60513.67815660583,0.0
53.785516023635864,781.295706,807.452122,316,0.0,0.0,60169.71507828816,0.0
53.82945466041565,787.847493,804.511428,317,0.0,0.0,59950.58045062237,0.0
53.82946491241455,787.847493,802.011838,317,0.0,0.0,59764.316009654634,0.0
53.82946825027466,787.847493,799.887186,317,0.0,0.0,59605.991197573065,0.0
53.82947087287903,787.847493,798.081232,317,0.0,0.0,59471.41512220733,0.0
53.842108726501465,787.847493,796.546171,317,0.0,0.0,59357.025450694644,0.0
53.85750341415405,764.759019,791.778099,317,0.0,0.0,59001.71827408813,0.0
53.857516050338745,764.759019,787.725237,317,0.0,0.0,58699.70711435819,0.0
53.86544418334961,796.855397,789.094761,317,0.0,0.0,58801.76130014541,0.0
53.87550902366638,796.855397,790.258856,317,0.0,0.0,58888.50732825736,0.0
53.88553738594055,812.542455,793.601396,318,0.0,0.0,59137.586715081714,0.0
53.936784505844116,784.135067,792.181447,318,0.0,0.0,59031.774959278686,0.0
53.93679451942444,784.135067,790.97449,318,0.0,0.0,58941.834940764806,0.0
53.936798095703125,784.135067,789.948576,318,0.0,0.0,58865.38588404311,0.0
53.93680119514465,784.135067,789.07655,318,0.0,0.0,58800.404252895874,0.0
53.936803340911865,784.135067,788.335328,318,0.0,0.0,58745.169873872524,0.0
53.965277910232544,792.168741,788.91034,318,0.0,0.0,58788.01861655823,0.0
53.965312004089355,843.573777,797.109855,318,0.0,0.0,59399.0300535065,0.0
53.96538829803467,843.573777,804.079444,319,0.0,0.0,59918.38986806001,0.0
53.97543454170227,828.192084,807.69634,319,0.0,0.0,60187.91371456221,0.0
53.98542904853821,749.99475,799.041101,319,0.0,0.0,59542.94263779478,0.0
54.07531666755676,827.080273,803.246977,320,0.0,0.0,59856.3560943695,0.0
54.075329542160034,827.080273,806.821971,320,0.0,0.0,60122.75748774721,0.0
54.07533311843872,827.080273,809.860717,320,0.0,0.0,60349.198754088065,0.0
54.07533621788025,827.080273,812.44365,320,0.0,0.0,60541.673748507994,0.0
54.07533884048462,827.080273,814.639144,320,0.0,0.0,60705.27756455703,0.0
54.07534193992615,827.080273,816.505313,320,0.0,0.0,60844.3407411325,0.0
54.07534408569336,827.080273,818.091557,320,0.0,0.0,60962.54446730296,0.0
54.07536959648132,827.080273,819.439865,320,0.0,0.0,61063.01767925866,0.0
54.07537293434143,823.573156,820.059858,320,0.0,0.0,61109.218315982645,0.0
54.08538866043091,843.747216,823.612962,320,0.0,0.0,61373.98851039861,0.0
54.12839412689209,747.066875,812.131049,321,0.0,0.0,60518.37934802193,0.0
54.128405809402466,747.066875,802.371423,321,0.0,0.0,59791.11156372765,0.0
54.12941312789917,747.066875,794.075741,321,0.0,0.0,59172.93395452931,0.0
54.12942028045654,747.066875,787.024411,321,0.0,0.0,58647.482964355324,0.0
54.14185452461243,747.066875,781.03078,321,0.0,0.0,58200.84958544844,0.0
54.15861368179321,757.157256,777.449752,321,0.0,0.0,57933.99855047479,0.0
54.15862464904785,781.186646,778.010286,321,0.0,0.0,57975.768421595014,0.0
54.18891739845276,781.186646,778.48674,321,0.0,0.0,58011.27281949901,0.0
54.18897557258606,796.93214,781.25355,321,0.0,0.0,58217.44995971558,0.0
54.1889808177948,843.734644,790.625714,322,0.0,0.0,58915.84485172503,0.0
54.228224992752075,791.792219,790.80069,322,0.0,0.0,58928.88371282736,0.0
54.2282440662384,791.792219,790.949419,322,0.0,0.0,58939.96670005354,0.0
54.22824788093567,791.792219,791.075839,322,0.0,0.0,58949.38726527708,0.0
54.22825074195862,791.792219,791.183296,322,0.0,0.0,58957.39474571711,0.0
54.242042541503906,791.792219,791.274634,322,0.0,0.0,58964.20107055802,0.0
54.258875370025635,791.340354,791.284492,322,0.0,0.0,58964.93566897579,0.0
54.25888705253601,791.340354,791.292871,322,0.0,0.0,58965.56005527549,0.0
54.28871512413025,812.501097,794.474105,323,0.0,0.0,59202.61924202113,0.0
54.28872895240784,812.501097,797.178154,323,0.0,0.0,59404.11955820673,0.0
54.288835287094116,812.519135,799.479301,323,0.0,0.0,59575.59642422858,0.0
54.32966184616089,814.081102,801.669571,323,0.0,0.0,59738.81095825953,0.0
54.32967281341553,814.081102,803.531301,323,0.0,0.0,59877.543349444815,0.0
54.32967734336853,814.081102,805.113771,323,0.0,0.0,59995.465844693324,0.0
54.32968091964722,814.081102,806.458871,323,0.0,0.0,60095.70000291355,0.0
54.33546590805054,814.081102,807.602206,324,0.0,0.0,60180.89903740074,0.0
54.361836194992065,790.666115,805.061792,324,0.0,0.0,59991.59247370965,0.0
54.361847162246704,781.124473,801.471194,324,0.0,0.0,59724.02830150147,0.0
54.36867904663086,781.124473,798.419186,324,0.0,0.0,59496.59877747991,0.0
54.39647340774536,812.567281,800.5414,324,0.0,0.0,59654.741914683975,0.0
54.396486043930054,812.470264,802.33073,324,0.0,0.0,59788.079202861954,0.0
54.42802619934082,807.093311,803.045117,325,0.0,0.0,59841.313891426726,0.0
54.428035497665405,807.093311,803.652346,325,0.0,0.0,59886.56338043267,0.0
54.42838764190674,807.093311,804.168491,325,0.0,0.0,59925.025472169036,0.0
54.42839503288269,807.093311,804.607214,325,0.0,0.0,59957.71823151544,0.0
54.435999631881714,807.093311,804.980129,325,0.0,0.0,59985.50711049299,0.0
54.44542098045349,771.843959,800.009703,325,0.0,0.0,59615.120919053,0.0
54.48034644126892,771.843959,795.784842,325,0.0,0.0,59300.292738298805,0.0
54.48035979270935,796.808905,795.938451,325,0.0,0.0,59311.739373352,0.0
54.480512619018555,796.808905,796.069019,325,0.0,0.0,59321.46903922851,0.0
54.508718490600586,812.605679,798.549518,326,0.0,0.0,59506.31085710906,0.0
54.52791380882263,815.347809,801.069262,326,0.0,0.0,59694.07713379515,0.0
54.52792286872864,815.347809,803.211044,326,0.0,0.0,59853.67843917113,0.0
54.52832245826721,815.347809,805.031558,326,0.0,0.0,59989.33949657812,0.0
54.5283317565918,815.347809,806.578996,326,0.0,0.0,60104.65147734384,0.0
54.53537583351135,815.347809,807.894318,326,0.0,0.0,60202.666638639326,0.0
54.545814990997314,769.690369,802.163726,326,0.0,0.0,59775.6343992344,0.0
54.555397748947144,781.241563,799.025401,326,0.0,0.0,59541.772705236566,0.0
54.591474533081055,812.407061,801.03265,327,0.0,0.0,59691.34888087659,0.0
54.59148621559143,812.407061,802.738812,327,0.0,0.0,59818.48865625191,0.0
54.59153151512146,796.978647,801.874787,327,0.0,0.0,59754.10324360137,0.0
54.6279194355011,799.467536,801.513699,327,0.0,0.0,59727.195688978354,0.0
54.62794303894043,799.467536,801.206775,327,0.0,0.0,59704.32432716317,0.0
54.62805414199829,799.467536,800.945889,327,0.0,0.0,59684.88362490949,0.0
54.6281316280365,799.467536,800.724136,327,0.0,0.0,59668.359035445654,0.0
54.63530421257019,799.467536,800.535646,328,0.0,0.0,59654.31313812728,0.0
54.645307779312134,790.506153,799.031222,328,0.0,0.0,59542.20647449907,0.0
54.655298471450806,790.506153,797.752462,328,0.0,0.0,59446.915840222304,0.0
54.665353536605835,796.889344,797.622994,328,0.0,0.0,59437.26814414285,0.0
54.67573356628418,781.215548,795.161877,328,0.0,0.0,59253.870634086736,0.0
54.69985771179199,812.17992,797.714584,328,0.0,0.0,59444.0932475191,0.0
54.73609137535095,806.673772,799.058462,329,0.0,0.0,59544.23634474658,0.0
54.73610162734985,806.673772,800.200759,329,0.0,0.0,59629.35802955253,0.0
54.73610520362854,806.673772,801.171711,329,0.0,0.0,59701.7114281045,0.0
54.73610830307007,806.673772,801.99702,329,0.0,0.0,59763.211801970065,0.0
54.73611092567444,806.673772,802.698533,329,0.0,0.0,59815.487145837105,0.0
54.74525570869446,808.926103,803.632668,329,0.0,0.0,59885.09701528105,0.0
54.75537705421448,718.744969,790.899513,329,0.0,0.0,58936.247804878345,0.0
54.765827655792236,718.744969,780.076332,329,0.0,0.0,58129.726031924554,0.0
54.77534866333008,828.185168,787.292657,329,0.0,0.0,58667.47211906943,0.0
54.811193227767944,828.185168,793.426534,330,0.0,0.0,59124.556349031074,0.0
54.840984582901,814.864704,796.642259,330,0.0,0.0,59364.18573602292,0.0
54.840994358062744,814.864704,799.375626,330,0.0,0.0,59567.8707708545,0.0
54.84099817276001,814.864704,801.698988,330,0.0,0.0,59741.00305418724,0.0
54.84100103378296,814.864704,803.673845,330,0.0,0.0,59888.16544285746,0.0
54.84100341796875,814.864704,805.352474,330,0.0,0.0,60013.25351421205,0.0
54.84523057937622,805.179241,805.326489,330,0.0,0.0,60011.317164051216,0.0
54.855276584625244,749.995725,797.026875,330,0.0,0.0,59392.84655008733,0.0
54.86527347564697,843.718698,804.030648,331,0.0,0.0,59914.753687861885,0.0
54.87576913833618,812.4909,805.299686,331,0.0,0.0,60009.319858168536,0.0
54.885339975357056,812.4909,806.378368,331,0.0,0.0,60089.7010805738,0.0
54.92787528038025,783.853537,802.999643,331,0.0,0.0,59837.92526001574,0.0
54.927937030792236,783.853537,800.127727,331,0.0,0.0,59623.915831170896,0.0
54.9279944896698,783.853537,797.686599,331,0.0,0.0,59442.00786136358,0.0
54.92807579040527,783.853537,795.611639,331,0.0,0.0,59287.38599760575,0.0
54.95238494873047,783.853537,793.847924,332,0.0,0.0,59155.95748792961,0.0
54.95241975784302,809.352984,796.173683,332,0.0,0.0,59329.26839090197,0.0
54.955251932144165,812.350934,798.600271,332,0.0,0.0,59510.09286902799,0.0
54.96553063392639,812.350934,800.66287,332,0.0,0.0,59663.793615820694,0.0
54.9752676486969,781.338916,797.764277,332,0.0,0.0,59447.79627036085,0.0
54.98547339439392,781.338916,795.300473,332,0.0,0.0,59264.19853044588,0.0
55.06299304962158,826.954121,800.04852,333,0.0,0.0,59618.0134841557,0.0
55.063003063201904,826.954121,804.08436,333,0.0,0.0,59918.75619853493,0.0
55.06300663948059,826.954121,807.514824,333,0.0,0.0,60174.38750575729,0.0
55.06300926208496,826.954121,810.430719,333,0.0,0.0,60391.67416160708,0.0
55.06301140785217,826.954121,812.909229,333,0.0,0.0,60576.36776319092,0.0
55.06301307678223,826.954121,815.015963,333,0.0,0.0,60733.35736179619,0.0
55.0630156993866,826.954121,816.806687,333,0.0,0.0,60866.79852806245,0.0
55.06520366668701,826.954121,818.328802,333,0.0,0.0,60980.22348958157,0.0
55.07523012161255,797.53096,815.209126,333,0.0,0.0,60747.751481716106,0.0
55.08522820472717,797.53096,812.557401,334,0.0,0.0,60550.15024522327,0.0
55.136672496795654,785.200473,808.453862,334,0.0,0.0,60244.36273694218,0.0
55.13668870925903,785.200473,804.965853,334,0.0,0.0,59984.44329156298,0.0
55.13669228553772,785.200473,802.001046,334,0.0,0.0,59763.51181142735,0.0
55.13669538497925,785.200473,799.480961,334,0.0,0.0,59575.720124104155,0.0
55.146801471710205,785.200473,797.338887,334,0.0,0.0,59416.09705947296,0.0
55.14724159240723,860.009738,806.739515,334,0.0,0.0,60116.61303175866,0.0
55.17611002922058,999.833228,835.703572,335,0.0,0.0,62274.95655420134,0.0
55.176167726516724,999.833228,860.32302,335,0.0,0.0,64109.54851474452,0.0
55.176172971725464,1000.440894,881.340701,335,0.0,0.0,65675.74401156724,0.0
55.18521189689636,1000.440894,899.20573,335,0.0,0.0,67007.01019504425,0.0
55.243243932724,1071.064074,924.984482,336,0.0,0.0,68927.99116797412,0.0
55.24325442314148,1071.064074,946.896421,336,0.0,0.0,70560.82498006093,0.0
55.243258237838745,1071.064074,965.521569,336,0.0,0.0,71948.733709157,0.0
55.243261098861694,1071.064074,981.352944,336,0.0,0.0,73128.45606927425,0.0
55.243263483047485,1071.064074,994.809614,336,0.0,0.0,74131.22016852144,0.0
55.246445417404175,993.323278,994.586664,336,0.0,0.0,74114.60638101478,0.0
55.27266883850098,993.323278,994.397156,336,0.0,0.0,74100.48462437512,0.0
55.27624440193176,1015.65872,997.58639,336,0.0,0.0,74338.13995509948,0.0
55.27625274658203,1015.65872,1000.29724,337,0.0,0.0,74540.14706818498,0.0
55.29214882850647,984.41413,997.914773,337,0.0,0.0,74362.61039861952,0.0
55.32909798622131,982.534583,995.607745,337,0.0,0.0,74190.69529225533,0.0
55.32911038398743,982.534583,993.64677,337,0.0,0.0,74044.56736242415,0.0
55.32911491394043,982.534583,991.979942,337,0.0,0.0,73920.35867795616,0.0
55.329118490219116,982.534583,990.563138,337,0.0,0.0,73814.78128125478,0.0
55.342814683914185,982.534583,989.358855,338,0.0,0.0,73725.04052386577,0.0
55.36394476890564,952.917888,983.89271,338,0.0,0.0,73317.71434530306,0.0
55.363954305648804,999.909208,986.295185,338,0.0,0.0,73496.74197095925,0.0
55.36708354949951,999.966601,988.345897,338,0.0,0.0,73649.55692231761,0.0
55.39819049835205,999.966601,990.089003,338,0.0,0.0,73779.44969058661,0.0
55.3982036113739,1000.078606,991.587443,338,0.0,0.0,73891.11043851874,0.0
55.42909383773804,1007.017757,993.90199,339,0.0,0.0,74063.58584570493,0.0
55.42911720275879,1007.017757,995.869355,339,0.0,0.0,74210.18994553908,0.0
55.42912268638611,1007.017757,997.541615,339,0.0,0.0,74334.80341176863,0.0
55.429346561431885,1007.017757,998.963037,339,0.0,0.0,74440.72493258175,0.0
55.450401067733765,1007.017757,1000.171245,339,0.0,0.0,74530.75817311028,0.0
55.46310353279114,961.851108,994.423224,339,0.0,0.0,74102.42715952975,0.0
55.46311140060425,999.9962,995.25917,340,0.0,0.0,74164.72018133302,0.0
55.46561551094055,1031.053172,1000.628271,340,0.0,0.0,74564.81483536198,0.0
55.490206241607666,1031.053172,1005.192006,340,0.0,0.0,74904.89522794631,0.0
55.49023413658142,984.458777,1002.082022,340,0.0,0.0,74673.14544851106,0.0
55.53028440475464,996.614093,1001.261832,341,0.0,0.0,74612.02653227387,0.0
55.530292987823486,996.614093,1000.564672,341,0.0,0.0,74560.07556524924,0.0
55.53029704093933,996.614093,999.972085,341,0.0,0.0,74515.91716876032,0.0
55.53039193153381,996.614093,999.468386,341,0.0,0.0,74478.38252801885,0.0
55.53517293930054,996.614093,999.040242,341,0.0,0.0,74446.47809456628,0.0
55.54536485671997,970.907204,994.820286,341,0.0,0.0,74132.01542458903,0.0
55.56243872642517,970.907204,991.233324,341,0.0,0.0,73864.72219981917,0.0
55.574901819229126,999.9842,992.545955,341,0.0,0.0,73962.53683318381,0.0
55.57510948181152,1031.249897,998.351547,342,0.0,0.0,74395.15792238913,0.0
55.60376453399658,1031.249897,1003.286299,342,0.0,0.0,74762.88575879206,0.0
55.6299569606781,986.827953,1000.817547,342,0.0,0.0,74578.91930382625,0.0
55.629967212677,986.827953,998.719108,342,0.0,0.0,74422.54783200892,0.0
55.630062103271484,986.827953,996.935435,342,0.0,0.0,74289.6320921419,0.0
55.63014531135559,986.827953,995.419312,342,0.0,0.0,74176.65364246281,0.0
55.63512849807739,986.827953,994.130609,343,0.0,0.0,74080.62207573852,0.0
55.64602613449097,965.324493,989.809691,343,0.0,0.0,73758.63591971395,0.0
55.655136585235596,965.324493,986.136911,343,0.0,0.0,73484.94770944848,0.0
55.6862473487854,999.9999,988.21636,343,0.0,0.0,73639.90408449635,0.0
55.68625855445862,1031.207927,994.665095,343,0.0,0.0,74120.45090206404,0.0
55.68630337715149,999.925806,995.454201,343,0.0,0.0,74179.25350087197,0.0
55.72748565673828,1003.401744,996.646333,344,0.0,0.0,74268.0887900753,0.0
55.727505922317505,1003.401744,997.659645,344,0.0,0.0,74343.59877099453,0.0
55.72764706611633,1003.401744,998.52096,344,0.0,0.0,74407.78223987225,0.0
55.72766590118408,1003.401744,999.253077,344,0.0,0.0,74462.33813252985,0.0
55.73519992828369,1003.401744,999.875377,344,0.0,0.0,74508.7106822737,0.0
55.746084213256836,1044.953251,1006.637058,344,0.0,0.0,75012.57760903655,0.0
55.75528001785278,999.922106,1005.629816,345,0.0,0.0,74937.51995236114,0.0
55.78157925605774,999.922106,1004.773659,345,0.0,0.0,74873.72084731367,0.0
55.781591176986694,1000.072155,1004.068434,345,0.0,0.0,74821.16889264053,0.0
55.78824067115784,1000.072155,1003.468992,345,0.0,0.0,74776.49967527985,0.0
55.83047533035278,999.73944,1002.909559,346,0.0,0.0,74734.81184847468,0.0
55.83048701286316,999.73944,1002.434041,346,0.0,0.0,74699.37719941621,0.0
55.83058309555054,999.73944,1002.029851,346,0.0,0.0,74669.2577700719,0.0
55.83065676689148,999.73944,1001.686289,346,0.0,0.0,74643.65621787024,0.0
55.835089445114136,999.73944,1001.394262,346,0.0,0.0,74621.89495066142,0.0
55.84512233734131,1022.282766,1004.527537,346,0.0,0.0,74855.3803287727,0.0
55.856205701828,999.928405,1003.837668,346,0.0,0.0,74803.97267246667,0.0
55.86515736579895,999.928405,1003.251278,346,0.0,0.0,74760.27606400727,0.0
55.887078523635864,1000.073755,1002.77465,347,0.0,0.0,74724.75869997173,0.0
55.8870906829834,968.662723,997.657861,347,0.0,0.0,74343.46583088726,0.0
55.928733587265015,1001.143164,998.180656,347,0.0,0.0,74382.42346730593,0.0
55.92874312400818,1001.143164,998.625032,347,0.0,0.0,74415.53747689129,0.0
55.928746461868286,1001.143164,999.002752,347,0.0,0.0,74443.68441484605,0.0
55.928749084472656,1001.143164,999.323814,347,0.0,0.0,74467.6093121076,0.0
55.93505358695984,1001.143164,999.596717,348,0.0,0.0,74487.9454971353,0.0
55.94508099555969,1050.682233,1007.259544,348,0.0,0.0,75058.96401912787,0.0
55.955076456069946,1050.682233,1013.772947,348,0.0,0.0,75544.3297665475,0.0
55.96540427207947,953.08235,1004.669358,348,0.0,0.0,74865.94854567327,0.0
55.97543001174927,953.08235,996.931306,348,0.0,0.0,74289.32440733087,0.0
55.998223543167114,984.440318,995.057658,348,0.0,0.0,74149.7039106533,0.0
56.06538701057434,1017.596365,998.438464,350,0.0,0.0,74401.63480316382,0.0
56.06539797782898,1017.596365,1001.312149,350,0.0,0.0,74615.77605434594,0.0
56.065401554107666,1017.596365,1003.754782,350,0.0,0.0,74797.79617373926,0.0
56.065404415130615,1017.596365,1005.831019,350,0.0,0.0,74952.51319697968,0.0
56.065407037734985,1017.596365,1007.595821,350,0.0,0.0,75084.02270771895,0.0
56.065409421920776,1017.596365,1009.095903,350,0.0,0.0,75195.80581420271,0.0
56.06541156768799,1017.596365,1010.370972,350,0.0,0.0,75290.82140255132,0.0
56.072165966033936,1017.596365,1011.454781,350,0.0,0.0,75371.58467872893,0.0
56.076783657073975,1034.678216,1014.938296,350,0.0,0.0,75631.1692402281,0.0
56.08541131019592,1034.678216,1017.899284,350,0.0,0.0,75851.81613613188,0.0
56.13021206855774,964.01949,1009.817315,351,0.0,0.0,75249.56399169879,0.0
56.1303448677063,964.01949,1002.947641,351,0.0,0.0,74737.64964284934,0.0
56.130372047424316,964.01949,997.108419,351,0.0,0.0,74302.52251339353,0.0
56.13050985336304,964.01949,992.145079,351,0.0,0.0,73932.66435648267,0.0
56.141162633895874,964.01949,987.926241,351,0.0,0.0,73618.28499762644,0.0
56.15564441680908,922.205309,978.068101,351,0.0,0.0,72883.67614734235,0.0
56.15565347671509,922.205309,969.688682,351,0.0,0.0,72259.25862460086,0.0
56.165141582489014,1000.104311,974.251027,351,0.0,0.0,72599.2354371689,0.0
56.17518854141235,998.818498,977.936147,352,0.0,0.0,72873.84319952155,0.0
56.185131549835205,998.818498,981.0685,352,0.0,0.0,73107.25987203927,0.0
56.227625370025635,1040.37563,989.964569,352,0.0,0.0,73770.17711810576,0.0
56.227662563323975,1040.37563,997.526228,352,0.0,0.0,74333.65680334358,0.0
56.22780227661133,1040.37563,1003.953639,352,0.0,0.0,74812.61459913604,0.0
56.22787380218506,1040.37563,1009.416937,352,0.0,0.0,75219.72862496032,0.0
56.250675201416016,1040.37563,1014.060741,353,0.0,0.0,75565.77559907356,0.0
56.25073528289795,1005.350822,1012.754253,353,0.0,0.0,75468.41872976656,0.0
56.25504994392395,1005.350822,1011.643739,353,0.0,0.0,75385.66545047006,0.0
56.27818202972412,1000.056153,1009.905601,353,0.0,0.0,75256.14288761182,0.0
56.27824115753174,1000.056153,1008.428184,353,0.0,0.0,75146.04873153774,0.0
56.28917670249939,984.378347,1004.820708,353,0.0,0.0,74877.22684457047,0.0
56.33494019508362,995.821899,1003.470887,354,0.0,0.0,74776.64088688481,0.0
56.334954261779785,995.821899,1002.323538,354,0.0,0.0,74691.1427371563,0.0
56.33495783805847,995.821899,1001.348292,354,0.0,0.0,74618.46935832375,0.0
56.33496022224426,995.821899,1000.519333,354,0.0,0.0,74556.6969937679,0.0
56.335001707077026,995.821899,999.814718,354,0.0,0.0,74504.19049507314,0.0
56.3450973033905,1050.877909,1007.474197,354,0.0,0.0,75074.95953081062,0.0
56.36866903305054,1050.877909,1013.984754,355,0.0,0.0,75560.11320000979,0.0
56.368680238723755,953.474353,1004.908194,355,0.0,0.0,74883.74612608565,0.0
56.37509489059448,953.474353,997.193117,355,0.0,0.0,74308.83403873212,0.0
56.38497877120972,999.971901,997.609935,355,0.0,0.0,74339.89448134681,0.0
56.4350483417511,978.386732,994.726454,356,0.0,0.0,74125.02325186276,0.0
56.43505907058716,978.386732,992.275496,356,0.0,0.0,73942.38277014159,0.0
56.435062408447266,978.386732,990.192181,356,0.0,0.0,73787.13830851602,0.0
56.43506622314453,978.386732,988.421364,356,0.0,0.0,73655.18057202276,0.0
56.43506836891174,978.386732,986.916169,356,0.0,0.0,73543.01645501862,0.0
56.44709587097168,981.348498,986.081018,356,0.0,0.0,73480.78267502323,0.0
56.45583462715149,981.348498,985.37114,356,0.0,0.0,73427.88398810846,0.0
56.483439207077026,1015.607735,989.906629,356,0.0,0.0,73765.85954533996,0.0
56.48344874382019,1030.853534,996.048665,357,0.0,0.0,74223.5517676419,0.0
56.485219955444336,1030.853534,1001.269395,357,0.0,0.0,74612.59011188774,0.0
56.53013467788696,1013.752055,1003.141794,357,0.0,0.0,74752.11753558663,0.0
56.53014588356018,1013.752055,1004.733333,357,0.0,0.0,74870.71583455299,0.0
56.530171155929565,1013.752055,1006.086142,357,0.0,0.0,74971.52445201471,0.0
56.53017497062683,1013.752055,1007.236029,357,0.0,0.0,75057.21172842047,0.0
56.5429105758667,1013.752055,1008.213432,358,0.0,0.0,75130.04584257326,0.0
56.56080412864685,991.742815,1005.74284,358,0.0,0.0,74945.94227449234,0.0
56.56081295013428,906.220276,990.814455,358,0.0,0.0,73833.50892079191,0.0
56.56495451927185,1031.097913,996.856974,358,0.0,0.0,74283.7853355527,0.0
56.59128212928772,1031.097913,1001.993115,358,0.0,0.0,74666.52027692168,0.0
56.591291666030884,1031.326989,1006.393196,358,0.0,0.0,74994.40550116955,0.0
56.62999606132507,967.621917,1000.577504,359,0.0,0.0,74561.0317801911,0.0
56.63000798225403,967.621917,995.634166,359,0.0,0.0,74192.66413226302,0.0
56.63001227378845,967.621917,991.432329,359,0.0,0.0,73879.55165387955,0.0
56.63008975982666,967.621917,987.860767,359,0.0,0.0,73613.4060062687,0.0
56.634992361068726,967.621917,984.824939,359,0.0,0.0,73387.18218344408,0.0
56.651233434677124,992.791999,986.019998,359,0.0,0.0,73476.23558682563,0.0
56.656917572021484,992.791999,987.035799,360,0.0,0.0,73551.93104304024,0.0
56.66543412208557,1046.843647,996.006976,360,0.0,0.0,74220.44518685083,0.0
56.68964600563049,937.484906,987.228665,360,0.0,0.0,73566.30303111493,0.0
56.689658403396606,1031.227725,993.828524,360,0.0,0.0,74058.11130651245,0.0
56.728721380233765,1030.248886,999.291579,361,0.0,0.0,74465.20722446337,0.0
56.728731870651245,1030.248886,1003.935175,361,0.0,0.0,74811.23869883319,0.0
56.72877597808838,1030.248886,1007.882231,361,0.0,0.0,75105.3654073367,0.0
56.729039430618286,1030.248886,1011.237229,361,0.0,0.0,75355.37313937189,0.0
56.73516798019409,1030.248886,1014.088978,361,0.0,0.0,75567.87976376442,0.0
56.74506092071533,1033.863423,1017.055145,361,0.0,0.0,75788.91258837644,0.0
56.77145075798035,906.178412,1000.423635,361,0.0,0.0,74549.56577045859,0.0
56.77146244049072,906.178412,986.286851,361,0.0,0.0,73496.12093796943,0.0
56.77783274650574,1031.324152,993.042446,362,0.0,0.0,73999.53434820047,0.0
56.80404019355774,1031.324152,998.784702,362,0.0,0.0,74427.43576552637,0.0
56.83453369140625,1005.994674,999.866198,362,0.0,0.0,74508.02668157613,0.0
56.83454442024231,1005.994674,1000.785469,363,0.0,0.0,74576.52891550763,0.0
56.83454751968384,1005.994674,1001.56685,363,0.0,0.0,74634.75586278611,0.0
56.83455014228821,1005.994674,1002.231024,363,0.0,0.0,74684.24877915051,0.0
56.83850574493408,1005.994674,1002.795571,363,0.0,0.0,74726.31769099405,0.0
56.861308336257935,1038.510184,1008.152763,363,0.0,0.0,75125.52491019272,0.0
56.86649751663208,1038.510184,1012.706376,363,0.0,0.0,75464.85103160799,0.0
56.86650371551514,968.748886,1006.112753,363,0.0,0.0,74973.5074504419,0.0
56.87654519081116,968.748886,1000.508173,363,0.0,0.0,74555.86537291761,0.0
56.88498497009277,1000.023851,1000.435524,363,0.0,0.0,74550.45171492895,0.0
56.940616846084595,1013.693899,1002.42428,364,0.0,0.0,74698.64982924418,0.0
56.94062805175781,1013.693899,1004.114723,364,0.0,0.0,74824.61825621933,0.0
56.94063186645508,1013.693899,1005.5516,364,0.0,0.0,74931.6914526813,0.0
56.94063472747803,1013.693899,1006.772945,364,0.0,0.0,75022.70363614088,0.0
56.94063711166382,1013.693899,1007.811088,364,0.0,0.0,75100.06397345205,0.0
56.944979190826416,958.859683,1000.468377,364,0.0,0.0,74552.89985469553,0.0
56.96428632736206,1031.168538,1005.073401,365,0.0,0.0,74896.05702087196,0.0
56.97109913825989,1031.168538,1008.987672,365,0.0,0.0,75187.74065683273,0.0
56.975475788116455,1015.690614,1009.993113,365,0.0,0.0,75262.66410659492,0.0
56.98633098602295,906.178412,994.420908,365,0.0,0.0,74102.25457584791,0.0
57.0652334690094,1052.950502,1003.200347,366,0.0,0.0,74756.48078788481,0.0
57.06524705886841,1052.950502,1010.66287,366,0.0,0.0,75312.57305693848,0.0
57.065250873565674,1052.950502,1017.006015,366,0.0,0.0,75785.2515191672,0.0
57.065253496170044,1052.950502,1022.397688,366,0.0,0.0,76187.0281934321,0.0
57.0652551651001,1052.950502,1026.98061,366,0.0,0.0,76528.53836283136,0.0
57.06525683403015,1052.950502,1030.876094,366,0.0,0.0,76818.82202917612,0.0
57.065258741378784,1052.950502,1034.187255,366,0.0,0.0,77065.563115762,0.0
57.06534504890442,1052.950502,1037.001742,366,0.0,0.0,77275.29305053766,0.0
57.077117919921875,1067.055473,1041.509802,367,0.0,0.0,77611.22465362016,0.0
57.09709048271179,1067.055473,1045.341653,367,0.0,0.0,77896.76651624028,0.0
57.14338254928589,981.891179,1035.824082,368,0.0,0.0,77187.53618579183,0.0
57.14339256286621,981.891179,1027.734146,368,0.0,0.0,76584.69035647393,0.0
57.14339566230774,981.891179,1020.857701,368,0.0,0.0,76072.27144626452,0.0
57.14339852333069,981.891179,1015.012723,368,0.0,0.0,75636.715391216,0.0
57.14340019226074,981.891179,1010.044491,368,0.0,0.0,75266.4926922622,0.0
57.145787477493286,981.891179,1005.821494,368,0.0,0.0,74951.80341305505,0.0
57.15507912635803,873.887745,986.031432,368,0.0,0.0,73477.0876256072,0.0
57.16500782966614,873.887745,969.209879,368,0.0,0.0,72223.57918392113,0.0
57.17501926422119,922.384756,962.186111,368,0.0,0.0,71700.1820587898,0.0
57.185749530792236,965.736708,962.7187,368,0.0,0.0,71739.86952447439,0.0
57.255006074905396,1027.098546,972.375677,369,0.0,0.0,72459.48811085986,0.0
57.255019187927246,1027.098546,980.584107,369,0.0,0.0,73071.1638757544,0.0
57.25502276420593,1027.098546,987.561273,369,0.0,0.0,73591.08831317376,0.0
57.2550253868103,1027.098546,993.491864,369,0.0,0.0,74033.02407752842,0.0
57.255027770996094,1027.098546,998.532867,369,0.0,0.0,74408.66952566658,0.0
57.25505828857422,1027.098546,1002.817718,369,0.0,0.0,74727.96804108111,0.0
57.255061626434326,956.722395,995.90342,370,0.0,0.0,74212.72840111844,0.0
57.264949321746826,956.722395,990.026266,370,0.0,0.0,73774.77465498756,0.0
57.274994134902954,1015.681218,993.874509,370,0.0,0.0,74061.53801662008,0.0
57.28493666648865,1015.681218,997.145515,370,0.0,0.0,74305.28683302282,0.0
57.341036319732666,956.196545,991.00317,371,0.0,0.0,73847.5715846597,0.0
57.34105205535889,956.196545,985.782176,371,0.0,0.0,73458.51356766257,0.0
57.341055393218994,956.196545,981.344331,371,0.0,0.0,73127.81424576319,0.0
57.34105825424194,956.196545,977.572163,371,0.0,0.0,72846.71984077821,0.0
57.34106087684631,956.196545,974.365821,371,0.0,0.0,72607.7896561554,0.0
57.36235070228577,956.196545,971.640429,371,0.0,0.0,72404.6989023526,0.0
57.36236310005188,959.954291,969.887509,371,0.0,0.0,72274.07481445774,0.0
57.364925146102905,959.954291,968.397526,371,0.0,0.0,72163.0442652291,0.0
57.37493300437927,984.629133,970.832267,372,0.0,0.0,72344.4762885874,0.0
57.384899616241455,984.629133,972.901797,372,0.0,0.0,72498.69351961966,0.0
57.44043469429016,1060.384248,986.024164,373,0.0,0.0,73476.54602880254,0.0
57.44044494628906,1060.384248,997.178177,373,0.0,0.0,74307.72073985185,0.0
57.44044780731201,1060.384248,1006.659088,373,0.0,0.0,75014.2192405179,0.0
57.4404501914978,1060.384248,1014.717862,373,0.0,0.0,75614.74294000273,0.0
57.440452337265015,1060.384248,1021.56782,373,0.0,0.0,76125.18809201664,0.0
57.46144962310791,1060.384248,1027.390284,373,0.0,0.0,76559.06644887307,0.0
57.461487770080566,1009.5689,1024.717076,373,0.0,0.0,76359.86434224338,0.0
57.46510028839111,1009.5689,1022.44485,373,0.0,0.0,76190.54261122257,0.0
57.48241400718689,1062.177151,1028.404695,373,0.0,0.0,76634.65832507136,0.0
57.48782920837402,1062.177151,1033.470564,373,0.0,0.0,77012.15673773133,0.0
57.54588556289673,932.027593,1018.254118,374,0.0,0.0,75878.25765519954,0.0
57.545897006988525,932.027593,1005.320139,374,0.0,0.0,74914.44344249931,0.0
57.545899868011475,932.027593,994.326257,374,0.0,0.0,74095.20137288183,0.0
57.54590177536011,932.027593,984.981458,374,0.0,0.0,73398.84566586954,0.0
57.54590320587158,932.027593,977.038378,374,0.0,0.0,72806.9432515688,0.0
57.545904874801636,932.027593,970.28676,374,0.0,0.0,72303.82619941318,0.0
57.55509901046753,943.984284,966.341389,375,0.0,0.0,72009.82505373517,0.0
57.58003115653992,874.606952,952.581223,375,0.0,0.0,70984.4450403677,0.0
57.58004307746887,874.606952,940.885082,375,0.0,0.0,70112.87203645716,0.0
57.60115694999695,1015.670858,952.102949,375,0.0,0.0,70948.80501970855,0.0
57.642005920410156,1105.283657,975.080055,376,0.0,0.0,72661.01294346656,0.0
57.64211320877075,1105.283657,994.610595,376,0.0,0.0,74116.3896712091,0.0
57.64227533340454,1105.283657,1011.211554,376,0.0,0.0,75353.45988979022,0.0
57.642433881759644,1105.283657,1025.32237,376,0.0,0.0,76404.96963892451,0.0
57.64259624481201,1105.283657,1037.316563,376,0.0,0.0,77298.75288097783,0.0
57.64485573768616,1105.283657,1047.511627,376,0.0,0.0,78058.46863299726,0.0
57.66249871253967,1115.729087,1057.744246,376,0.0,0.0,78820.98290840672,0.0
57.67279934883118,999.661814,1049.031881,376,0.0,0.0,78171.75491652334,0.0
57.67492318153381,999.661814,1041.626371,377,0.0,0.0,77619.91114205193,0.0
57.69389533996582,999.939554,1035.373349,377,0.0,0.0,77153.94846529738,0.0
57.74653625488281,970.654205,1025.665477,378,0.0,0.0,76430.53728543739,0.0
57.746546030044556,970.654205,1017.413786,378,0.0,0.0,75815.63779745996,0.0
57.746549129486084,970.654205,1010.399849,378,0.0,0.0,75292.97325876047,0.0
57.746551275253296,970.654205,1004.438002,378,0.0,0.0,74848.70835988098,0.0
57.74655342102051,970.654205,999.370433,378,0.0,0.0,74471.08326662552,0.0
57.74655556678772,970.654205,995.062999,378,0.0,0.0,74150.1019112771,0.0
57.754894971847534,861.757069,975.067109,378,0.0,0.0,72660.04823347303,0.0
57.76597213745117,968.483377,974.079549,378,0.0,0.0,72586.45724002128,0.0
57.77839636802673,968.483377,973.240123,378,0.0,0.0,72523.90489558729,0.0
57.788113832473755,1000.132167,977.27393,378,0.0,0.0,72824.49611487793,0.0
57.84606599807739,1013.124388,982.651499,379,0.0,0.0,73225.22178730836,0.0
57.84607458114624,1013.124388,987.222432,379,0.0,0.0,73565.83856043752,0.0
57.846091747283936,1013.124388,991.107726,379,0.0,0.0,73855.36288838943,0.0
57.846094369888306,1013.124388,994.410225,379,0.0,0.0,74101.45850008234,0.0
57.84609603881836,1013.124388,997.217349,379,0.0,0.0,74310.63975884362,0.0
57.846097469329834,1013.124388,999.603405,379,0.0,0.0,74488.4438735015,0.0
57.855488300323486,1014.939421,1001.903808,380,0.0,0.0,74659.86529813334,0.0
57.87378120422363,1030.345666,1006.170086,380,0.0,0.0,74977.7797907833,0.0
57.88102626800537,1030.345666,1009.796423,380,0.0,0.0,75248.00716169839,0.0
57.88488221168518,969.005042,1003.677716,380,0.0,0.0,74792.05336975635,0.0
57.94204044342041,983.421678,1000.63931,381,0.0,0.0,74565.6374395346,0.0
57.94216513633728,983.421678,998.056666,381,0.0,0.0,74373.18398081591,0.0
57.9423291683197,983.421678,995.861418,381,0.0,0.0,74209.59849619422,0.0
57.94248676300049,983.421678,993.995457,381,0.0,0.0,74070.55081936216,0.0
57.942652225494385,983.421678,992.40939,381,0.0,0.0,73952.36028287727,0.0
57.944782972335815,983.421678,991.061233,381,0.0,0.0,73851.89832313915,0.0
57.95536208152771,976.383395,988.859557,381,0.0,0.0,73687.83383683057,0.0
57.96485662460327,1031.211948,995.212416,381,0.0,0.0,74161.23616688544,0.0
57.980942249298096,1031.211948,1000.612346,382,0.0,0.0,74563.62813625435,0.0
57.98578357696533,1000.024251,1000.524132,382,0.0,0.0,74557.05460563714,0.0
58.11160159111023,985.550559,998.278096,384,0.0,0.0,74389.68450096661,0.0
58.1116099357605,985.550559,996.368965,384,0.0,0.0,74247.41988218947,0.0
58.11161255836487,985.550559,994.746204,384,0.0,0.0,74126.49498231019,0.0
58.1116144657135,985.550559,993.366857,384,0.0,0.0,74023.7088062351,0.0
58.111616134643555,985.550559,992.194412,384,0.0,0.0,73936.34055284537,0.0
58.11161732673645,985.550559,991.197834,384,0.0,0.0,73862.07755609363,0.0
58.11161923408508,985.550559,990.350743,384,0.0,0.0,73798.95403121001,0.0
58.11162066459656,985.550559,989.630715,384,0.0,0.0,73745.29898662226,0.0
58.111621618270874,985.550559,989.018692,384,0.0,0.0,73699.69225833706,0.0
58.11162328720093,985.550559,988.498472,384,0.0,0.0,73660.92650576156,0.0
58.14240741729736,1006.061341,991.132902,384,0.0,0.0,73857.23895349042,0.0
58.14241886138916,1006.061341,993.372168,384,0.0,0.0,74024.10457131897,0.0
58.14250206947327,1006.061341,995.275544,384,0.0,0.0,74165.94033902143,0.0
58.142598390579224,1006.061341,996.893414,384,0.0,0.0,74286.50077137572,0.0
58.14268159866333,1006.061341,998.268603,384,0.0,0.0,74388.97710161787,0.0
58.14466214179993,1006.061341,999.437514,384,0.0,0.0,74476.082008405,0.0
58.15472483634949,1037.41428,1005.134029,385,0.0,0.0,74900.57489801462,0.0
58.16472268104553,1062.205132,1013.694694,385,0.0,0.0,75538.49850970175,0.0
58.17512917518616,1031.137503,1016.311115,385,0.0,0.0,75733.46896281654,0.0
58.18533372879028,1031.137503,1018.535074,385,0.0,0.0,75899.19393365982,0.0
58.23855376243591,959.106879,1009.620844,386,0.0,0.0,75234.92336624366,0.0
58.23856282234192,959.106879,1002.04375,386,0.0,0.0,74670.2934957169,0.0
58.23856592178345,959.106879,995.603219,386,0.0,0.0,74190.35802379939,0.0
58.23856830596924,959.106879,990.128768,386,0.0,0.0,73782.41289875077,0.0
58.23857092857361,959.106879,985.475485,386,0.0,0.0,73435.65956854077,0.0
58.26018023490906,1004.456976,988.322708,386,0.0,0.0,73647.82892447732,0.0
58.26071119308472,1031.234944,994.759544,386,0.0,0.0,74127.48905239468,0.0
58.265708208084106,937.467095,986.165676,386,0.0,0.0,73487.09121964194,0.0
58.274736404418945,1031.065027,992.900579,387,0.0,0.0,73988.96270347205,0.0
58.293057918548584,1031.065027,998.625246,387,0.0,0.0,74415.5534237427,0.0
58.331554889678955,1027.508337,1002.95771,387,0.0,0.0,74738.39996456455,0.0
58.3315634727478,1027.508337,1006.640304,387,0.0,0.0,75012.8194944559,0.0
58.33156609535217,1027.508337,1009.770509,387,0.0,0.0,75246.07610231533,0.0
58.331568241119385,1027.508337,1012.431183,387,0.0,0.0,75444.3442003664,0.0
58.33465528488159,1027.508337,1014.692756,388,0.0,0.0,75612.87209116155,0.0
58.353641986846924,966.54953,1007.471272,388,0.0,0.0,75074.74156566842,0.0
58.354665994644165,966.54953,1001.333011,388,0.0,0.0,74617.33064880644,0.0
58.37410354614258,999.951102,1001.125725,388,0.0,0.0,74601.88411121009,0.0
58.37917184829712,999.883514,1000.939393,388,0.0,0.0,74587.99902373,0.0
58.385377645492554,999.883514,1000.781011,388,0.0,0.0,74576.1967142755,0.0
58.435237407684326,1017.945511,1003.355686,389,0.0,0.0,74768.05633907339,0.0
58.43525147438049,1017.945511,1005.54416,389,0.0,0.0,74931.13703878112,0.0
58.43525433540344,1017.945511,1007.404363,389,0.0,0.0,75069.75564098448,0.0
58.435256481170654,1017.945511,1008.985535,389,0.0,0.0,75187.58141187244,0.0
58.435258626937866,1017.945511,1010.329531,389,0.0,0.0,75287.7333022236,0.0
58.44466209411621,998.497522,1008.55473,389,0.0,0.0,75155.47868602895,0.0
58.46978163719177,998.497522,1007.046149,390,0.0,0.0,75043.06225108581,0.0
58.46979022026062,968.758283,1001.302969,390,0.0,0.0,74615.09197913039,0.0
58.49004530906677,1031.009569,1005.758959,390,0.0,0.0,74947.14343009146,0.0
58.498393058776855,1031.009569,1009.54655,390,0.0,0.0,75229.38712614938,0.0
58.5308997631073,976.399453,1004.574486,391,0.0,0.0,74858.87887422976,0.0
58.53091263771057,976.399453,1000.348231,391,0.0,0.0,74543.94681538727,0.0
58.530916690826416,976.399453,996.755914,391,0.0,0.0,74276.25454674166,0.0
58.530919790267944,976.399453,993.702445,391,0.0,0.0,74048.71615192598,0.0
58.53473949432373,976.399453,991.106996,391,0.0,0.0,73855.30849025137,0.0
58.560425758361816,919.689133,980.394317,391,0.0,0.0,73057.0211050395,0.0
58.56046962738037,919.689133,971.288539,391,0.0,0.0,72378.47676426911,0.0
58.58224940299988,1031.25397,980.283354,391,0.0,0.0,73048.7523645008,0.0
58.582260608673096,1062.254301,992.578996,392,0.0,0.0,73964.99898233387,0.0
58.58465766906738,1062.254301,1003.030292,392,0.0,0.0,74743.8086298474,0.0
58.6336567401886,1002.262209,1002.915079,392,0.0,0.0,74735.22318782,0.0
58.63366484642029,1002.262209,1002.817149,392,0.0,0.0,74727.92564034062,0.0
58.63366770744324,1002.262209,1002.733908,392,0.0,0.0,74721.72268772416,0.0
58.63367033004761,1002.262209,1002.663153,392,0.0,0.0,74716.45016682245,0.0
58.63539361953735,1002.262209,1002.603011,393,0.0,0.0,74711.96850542651,0.0
58.644707441329956,991.831495,1000.987284,393,0.0,0.0,74591.56776514053,0.0
58.67128038406372,991.831495,999.613916,393,0.0,0.0,74489.22713217152,0.0
58.6712908744812,937.514063,990.298938,393,0.0,0.0,73795.09362635789,0.0
58.67472004890442,999.720578,991.712184,393,0.0,0.0,73900.40588802475,0.0
58.69197058677673,999.720578,992.913443,393,0.0,0.0,73989.92130298981,0.0
58.72733521461487,1033.445803,998.993297,394,0.0,0.0,74442.97984718122,0.0
58.727346420288086,1033.445803,1004.161173,394,0.0,0.0,74828.07961719572,0.0
58.72739887237549,1033.445803,1008.553867,394,0.0,0.0,75155.41437699723,0.0
58.72755742073059,1033.445803,1012.287658,394,0.0,0.0,75433.64900479835,0.0
58.73553204536438,1033.445803,1015.46138,394,0.0,0.0,75670.14841234797,0.0
58.74470090866089,1006.674656,1014.143371,394,0.0,0.0,75571.93302119366,0.0
58.77067589759827,1006.674656,1013.023064,395,0.0,0.0,75488.44998714919,0.0
58.770684003829956,1000.015,1011.071854,395,0.0,0.0,75343.04972556201,0.0
58.7811164855957,968.570718,1004.696684,395,0.0,0.0,74867.98482446854,0.0
58.791542768478394,968.570718,999.277789,395,0.0,0.0,74464.17962128008,0.0
58.84444713592529,1006.486105,1000.359036,396,0.0,0.0,74544.75198234852,0.0
58.8444561958313,1006.486105,1001.278096,396,0.0,0.0,74613.23849298256,0.0
58.84445905685425,1006.486105,1002.059298,396,0.0,0.0,74671.45210153953,0.0
58.84446144104004,1006.486105,1002.723319,396,0.0,0.0,74720.93361665035,0.0
58.84446358680725,1006.486105,1003.287737,396,0.0,0.0,74762.99291567224,0.0
58.844640016555786,1037.512228,1008.42141,396,0.0,0.0,75145.54394662376,0.0
58.85467863082886,1037.512228,1012.785033,396,0.0,0.0,75470.71239372467,0.0
58.877342224121094,1000.060254,1010.876316,396,0.0,0.0,75328.4786253984,0.0
58.877352476119995,968.492671,1004.518769,397,0.0,0.0,74854.72695497205,0.0
58.88463068008423,968.492671,999.114855,397,0.0,0.0,74452.03810590171,0.0
58.93072533607483,983.09348,996.711649,397,0.0,0.0,74272.95600758947,0.0
58.93073320388794,983.09348,994.668923,397,0.0,0.0,74120.73615695785,0.0
58.93073582649231,983.09348,992.932607,397,0.0,0.0,73991.34936589081,0.0
58.93073797225952,983.09348,991.456738,397,0.0,0.0,73881.37056367658,0.0
58.936933517456055,983.09348,990.202249,398,0.0,0.0,73787.8885557132,0.0
58.960511207580566,1050.684388,999.27457,398,0.0,0.0,74463.93974784666,0.0
58.96059465408325,1050.684388,1006.986043,398,0.0,0.0,75038.58327233775,0.0
58.96525812149048,999.894461,1005.922306,398,0.0,0.0,74959.31572140275,0.0
58.974648237228394,968.668438,1000.334225,398,0.0,0.0,74542.90311631653,0.0
58.98555541038513,968.668438,995.584357,398,0.0,0.0,74188.95246533357,0.0
59.05693697929382,1004.277235,996.888289,400,0.0,0.0,74286.11886663936,0.0
59.05694890022278,1004.277235,997.996631,400,0.0,0.0,74368.71029284569,0.0
59.05696511268616,1004.277235,998.938722,400,0.0,0.0,74438.91302747646,0.0
59.05724287033081,1004.277235,999.739499,400,0.0,0.0,74498.58532583131,0.0
59.05725026130676,1004.277235,1000.420159,400,0.0,0.0,74549.30674589986,0.0
59.05725455284119,1004.277235,1000.99872,400,0.0,0.0,74592.4199529581,0.0
59.057419538497925,1004.277235,1001.490498,400,0.0,0.0,74629.0662646533,0.0
59.064701318740845,1004.277235,1001.908508,400,0.0,0.0,74660.21553272082,0.0
59.074671268463135,1032.811736,1006.543992,400,0.0,0.0,75005.64251709622,0.0
59.10237717628479,1032.811736,1010.484154,400,0.0,0.0,75299.25549852608,0.0
59.12950587272644,973.579419,1004.948444,401,0.0,0.0,74886.74547547851,0.0
59.129528284072876,973.579419,1000.24309,401,0.0,0.0,74536.11191862907,0.0
59.129597663879395,973.579419,996.243539,401,0.0,0.0,74238.07338785527,0.0
59.129706382751465,973.579419,992.843921,401,0.0,0.0,73984.74066277882,0.0
59.134528160095215,973.579419,989.954246,401,0.0,0.0,73769.40786881924,0.0
59.144574880599976,951.405201,984.171889,401,0.0,0.0,73338.51820528207,0.0
59.15458869934082,999.9991,986.545971,401,0.0,0.0,73515.43004143982,0.0
59.16458296775818,999.825131,988.537845,401,0.0,0.0,73663.86050287078,0.0
59.176371812820435,1031.191738,994.935929,402,0.0,0.0,74140.63290935526,0.0
59.18557286262512,1031.191738,1000.3743,402,0.0,0.0,74545.8894250599,0.0
59.22954487800598,975.026388,996.572113,402,0.0,0.0,74262.5580643128,0.0
59.22955322265625,975.026388,993.340254,402,0.0,0.0,74021.7264039519,0.0
59.2295560836792,975.026388,990.593174,402,0.0,0.0,73817.01950382283,0.0
59.22961163520813,975.026388,988.258156,402,0.0,0.0,73643.01863871313,0.0
59.24889874458313,975.026388,986.273391,403,0.0,0.0,73495.11792572525,0.0
59.24890613555908,1049.112831,995.699307,403,0.0,0.0,74197.51830912766,0.0
59.257580280303955,999.9843,996.342056,403,0.0,0.0,74245.41467739907,0.0
59.28062105178833,999.9843,996.888393,403,0.0,0.0,74286.12661651109,0.0
59.28066658973694,953.143586,990.326672,403,0.0,0.0,73797.1603084961,0.0
59.28555250167847,1031.212773,996.459587,403,0.0,0.0,74254.17285214429,0.0
59.341718912124634,1025.143927,1000.762238,404,0.0,0.0,74574.79778791146,0.0
59.34173035621643,1025.143927,1004.419491,404,0.0,0.0,74847.32895723225,0.0
59.34173321723938,1025.143927,1007.528157,404,0.0,0.0,75078.980521947,0.0
59.34173583984375,1025.143927,1010.170522,404,0.0,0.0,75275.88426998477,0.0
59.341755867004395,1025.143927,1012.416533,404,0.0,0.0,75443.25251170536,0.0
59.34451723098755,971.335856,1006.254432,404,0.0,0.0,74984.06508578683,0.0
59.36304974555969,999.889812,1005.299739,405,0.0,0.0,74912.92327535362,0.0
59.368090867996216,999.919506,1004.492704,405,0.0,0.0,74852.7846433714,0.0
59.37451720237732,999.919506,1003.806724,405,0.0,0.0,74801.66678755704,0.0
59.393879413604736,1000.050053,1003.243223,405,0.0,0.0,74759.67582153871,0.0
59.433592557907104,1003.816174,1003.329166,406,0.0,0.0,74766.08012178398,0.0
59.433600664138794,1003.816174,1003.402217,406,0.0,0.0,74771.52373600756,0.0
59.433603048324585,1003.816174,1003.464311,406,0.0,0.0,74776.1508565343,0.0
59.4336051940918,1003.816174,1003.51709,406,0.0,0.0,74780.08384191585,0.0
59.435290575027466,1003.816174,1003.561953,406,0.0,0.0,74783.42694283044,0.0
59.45779490470886,988.728625,1001.336954,406,0.0,0.0,74617.62447326993,0.0
59.45780301094055,988.728625,999.445705,406,0.0,0.0,74476.69238532119,0.0
59.47799587249756,999.965801,999.523719,406,0.0,0.0,74482.50583236558,0.0
59.478026390075684,999.965801,999.590031,407,0.0,0.0,74487.4472698051,0.0
59.4860143661499,1000.056553,999.66001,407,0.0,0.0,74492.66196474087,0.0
59.53848958015442,1008.69043,1001.014573,407,0.0,0.0,74593.6012867699,0.0
59.53849983215332,1008.69043,1002.165951,407,0.0,0.0,74679.39966950969,0.0
59.53850245475769,1008.69043,1003.144623,407,0.0,0.0,74752.32834700111,0.0
59.53850483894348,1008.69043,1003.976494,407,0.0,0.0,74814.31770796522,0.0
59.538506269454956,1008.69043,1004.683585,408,0.0,0.0,74867.0087132214,0.0
59.54762148857117,976.707151,1000.48712,408,0.0,0.0,74554.29654551962,0.0
59.56836819648743,976.707151,996.920124,408,0.0,0.0,74288.49114708464,0.0
59.568376541137695,999.962101,997.376421,408,0.0,0.0,74322.49348571627,0.0
59.57448863983154,999.962101,997.764273,408,0.0,0.0,74351.39544002006,0.0
59.584524631500244,1015.657958,1000.448326,408,0.0,0.0,74551.40569433087,0.0
59.63198494911194,996.264435,999.820742,409,0.0,0.0,74504.63939148911,0.0
59.631993770599365,996.264435,999.287296,409,0.0,0.0,74464.88806388079,0.0
59.631996154785156,996.264435,998.833867,409,0.0,0.0,74431.09944286552,0.0
59.63199853897095,996.264435,998.448452,409,0.0,0.0,74402.37908892124,0.0
59.63701915740967,996.264435,998.120849,409,0.0,0.0,74377.9667694391,0.0
59.6480929851532,990.511102,996.979387,409,0.0,0.0,74292.90730716093,0.0
59.6584198474884,999.963901,997.427064,410,0.0,0.0,74326.2673006555,0.0
59.6796510219574,999.963901,997.80759,410,0.0,0.0,74354.62333611077,0.0
59.67968130111694,999.963901,998.131037,410,0.0,0.0,74378.72595879599,0.0
59.68771743774414,999.964901,998.406116,410,0.0,0.0,74399.2242949859,0.0
59.72825574874878,1009.808289,1000.116442,411,0.0,0.0,74526.67436330215,0.0
59.7282817363739,1009.808289,1001.570219,411,0.0,0.0,74635.00691391913,0.0
59.7283833026886,1009.808289,1002.80593,411,0.0,0.0,74727.08962292848,0.0
59.72840881347656,1009.808289,1003.856284,411,0.0,0.0,74805.35989950513,0.0
59.7497079372406,1009.808289,1004.749085,411,0.0,0.0,74871.88964204707,0.0
59.74971890449524,992.879799,1002.968692,411,0.0,0.0,74739.21832121132,0.0
59.75529074668884,992.879799,1001.455358,411,0.0,0.0,74626.44770222683,0.0
59.77704095840454,999.909308,1001.22345,411,0.0,0.0,74609.16638249999,0.0
59.77704930305481,999.909308,1001.026329,412,0.0,0.0,74594.4773203466,0.0
59.78447127342224,1000.122315,1000.890727,412,0.0,0.0,74584.37253087151,0.0
59.83094549179077,996.272134,1000.197938,412,0.0,0.0,74532.74728201325,0.0
59.83095455169678,996.272134,999.609067,412,0.0,0.0,74488.86579440243,0.0
59.830958127975464,996.272134,999.108527,412,0.0,0.0,74451.56655601454,0.0
59.83096194267273,996.272134,998.683068,412,0.0,0.0,74419.86220338485,0.0
59.834869146347046,996.272134,998.321428,413,0.0,0.0,74392.91351482728,0.0
59.84529423713684,968.641835,993.869489,413,0.0,0.0,74061.16393627344,0.0
59.860466718673706,968.641835,990.085341,413,0.0,0.0,73779.17680568034,0.0
59.867148876190186,1000.035551,991.577873,413,0.0,0.0,73890.39730128419,0.0
59.88929796218872,1000.035551,992.846524,413,0.0,0.0,73984.93463312591,0.0
59.88933205604553,1015.625355,996.263349,413,0.0,0.0,74239.54958938254,0.0
59.94313836097717,1023.506301,1000.349792,414,0.0,0.0,74544.06313798111,0.0
59.94315052032471,1023.506301,1003.823268,414,0.0,0.0,74802.899613305,0.0
59.943153381347656,1023.506301,1006.775723,414,0.0,0.0,75022.9106471375,0.0
59.94315552711487,1023.506301,1009.28531,414,0.0,0.0,75209.92004452462,0.0
59.94315814971924,1023.506301,1011.418458,414,0.0,0.0,75368.8779615116,0.0
59.94505524635315,975.422654,1006.019088,414,0.0,0.0,74966.52772222117,0.0
59.95455527305603,975.422654,1001.429623,415,0.0,0.0,74624.52998156531,0.0
59.97359585762024,999.947553,1001.207312,415,0.0,0.0,74607.96381105896,0.0
59.97820568084717,999.947553,1001.018348,415,0.0,0.0,74593.88259220985,0.0
59.984694480895996,1000.055903,1000.873982,415,0.0,0.0,74583.12472700606,0.0
60.05858325958252,994.313549,999.889917,416,0.0,0.0,74509.794173955,0.0
60.058594703674316,994.313549,999.053461,416,0.0,0.0,74447.46314797309,0.0
60.05859899520874,994.313549,998.342475,416,0.0,0.0,74394.48189511728,0.0
60.05866456031799,994.313549,997.738136,416,0.0,0.0,74349.44776312364,0.0
60.05914068222046,994.313549,997.224448,416,0.0,0.0,74311.16876210672,0.0
60.05914783477783,994.313549,996.787813,416,0.0,0.0,74278.63159633878,0.0
60.05915188789368,994.313549,996.416673,416,0.0,0.0,74250.97498680648,0.0
60.06446409225464,994.313549,996.101205,416,0.0,0.0,74227.46694322207,0.0
60.0830762386322,1006.708457,997.692292,417,0.0,0.0,74346.03156005363,0.0
60.088056325912476,1006.708457,999.044717,417,0.0,0.0,74446.81156260436,0.0
60.13459229469299,1006.323338,1000.13651,417,0.0,0.0,74528.16979047273,0.0
60.134602069854736,1006.323338,1001.064534,417,0.0,0.0,74597.32428043494,0.0
60.134604930877686,1006.323338,1001.853355,417,0.0,0.0,74656.10564161361,0.0
60.1346070766449,1006.323338,1002.523852,417,0.0,0.0,74706.06973527519,0.0
60.13943004608154,1006.323338,1003.093775,418,0.0,0.0,74748.53925587243,0.0
60.14579153060913,978.609752,999.421172,418,0.0,0.0,74474.86423529248,0.0
60.15451645851135,998.859901,999.336981,418,0.0,0.0,74468.59049057856,0.0
60.17006778717041,998.859901,999.265419,418,0.0,0.0,74463.25783365298,0.0
60.17987394332886,1031.785393,1004.143415,418,0.0,0.0,74826.75632659897,0.0
60.18443822860718,906.177325,989.448502,418,0.0,0.0,73731.7208387732,0.0
60.22725582122803,1052.582582,998.918614,419,0.0,0.0,74437.41461958596,0.0
60.227267026901245,1052.582582,1006.968209,419,0.0,0.0,75037.2543183732,0.0
60.227349281311035,1052.582582,1013.810365,419,0.0,0.0,75547.11808097191,0.0
60.227447271347046,1052.582582,1019.626197,419,0.0,0.0,75980.50223446997,0.0
60.23444199562073,1052.582582,1024.569655,419,0.0,0.0,76348.87882455772,0.0
60.24447846412659,1087.107708,1033.950363,419,0.0,0.0,77047.91039833643,0.0
60.2547607421875,1087.107708,1041.923965,420,0.0,0.0,77642.08725095194,0.0
60.26481246948242,1000.039202,1035.64125,420,0.0,0.0,77173.9119113024,0.0
60.275901556015015,1000.039202,1030.300943,420,0.0,0.0,76775.9629284888,0.0
60.28492712974548,1015.590571,1028.094387,420,0.0,0.0,76611.53479435323,0.0
60.32937526702881,939.528358,1014.809483,421,0.0,0.0,75621.57035343691,0.0
60.3293936252594,939.528358,1003.517314,421,0.0,0.0,74780.10053394725,0.0
60.32943677902222,939.528358,993.918971,421,0.0,0.0,74064.85123581774,0.0
60.3295419216156,939.528358,985.760379,421,0.0,0.0,73456.88929887455,0.0
60.33438968658447,939.528358,978.825576,421,0.0,0.0,72940.12166737646,0.0
60.344762086868286,890.104738,965.51745,421,0.0,0.0,71948.42676952596,0.0
60.354435205459595,890.104738,954.205543,421,0.0,0.0,71105.48611380484,0.0
60.36479926109314,1015.559496,963.408636,421,0.0,0.0,71791.28217348624,0.0
60.37454128265381,1015.559496,971.231265,422,0.0,0.0,72374.20882048953,0.0
60.39711141586304,1015.635664,977.891925,422,0.0,0.0,72870.54786464322,0.0
60.440621852874756,1028.814182,985.530264,422,0.0,0.0,73439.74158991699,0.0
60.44063425064087,1028.814182,992.022851,422,0.0,0.0,73923.55617070397,0.0
60.440637826919556,1028.814182,997.541551,422,0.0,0.0,74334.7986426168,0.0
60.440640687942505,1028.814182,1002.232445,422,0.0,0.0,74684.3546692247,0.0
60.44066262245178,1028.814182,1006.219706,423,0.0,0.0,74981.47737381126,0.0
60.44491648674011,1018.390112,1008.045267,423,0.0,0.0,75117.51452355081,0.0
60.46743178367615,1018.390112,1009.596994,423,0.0,0.0,75233.1461120071,0.0
60.4740355014801,953.325723,1001.156303,423,0.0,0.0,74604.16272253271,0.0
60.478214502334595,953.325723,993.981716,423,0.0,0.0,74069.52686756075,0.0
60.485039710998535,1015.65354,997.232489,423,0.0,0.0,74311.76796132335,0.0
60.52862501144409,1004.982203,998.394946,424,0.0,0.0,74398.39192895564,0.0
60.52863574028015,1004.982203,999.383035,424,0.0,0.0,74472.02234242798,0.0
60.528639793395996,1004.982203,1000.22291,424,0.0,0.0,74534.60814544278,0.0
60.5286431312561,1004.982203,1000.936804,424,0.0,0.0,74587.80609663487,0.0
60.53438997268677,1004.982203,1001.543614,424,0.0,0.0,74633.02436259994,0.0
60.56885051727295,928.401147,990.572244,424,0.0,0.0,73815.45984213853,0.0
60.56886124610901,928.401147,981.246579,425,0.0,0.0,73120.52996248733,0.0
60.573089838027954,1046.815279,991.081884,425,0.0,0.0,73853.4371943022,0.0
60.575947761535645,1046.815279,999.441893,425,0.0,0.0,74476.40832271535,0.0
60.6033935546875,984.422745,997.189021,425,0.0,0.0,74308.528813015,0.0
60.64029574394226,1030.388889,1002.169001,426,0.0,0.0,74679.62694940157,0.0
60.64030718803406,1030.388889,1006.401984,426,0.0,0.0,74995.06036533017,0.0
60.640310525894165,1030.388889,1010.00002,426,0.0,0.0,75263.17880240253,0.0
60.640313148498535,1030.388889,1013.05835,426,0.0,0.0,75491.07942920327,0.0
60.640315532684326,1030.388889,1015.657931,426,0.0,0.0,75684.79499924289,0.0
60.65323734283447,997.698111,1012.963958,426,0.0,0.0,75484.04552639848,0.0
60.65582633018494,997.698111,1010.674081,426,0.0,0.0,75313.40847820662,0.0
60.68210029602051,953.152689,1002.045872,426,0.0,0.0,74670.45162290726,0.0
60.68212914466858,999.529222,1001.668375,427,0.0,0.0,74642.3213024659,0.0
60.68436050415039,999.529222,1001.347502,427,0.0,0.0,74618.41048910585,0.0
60.728631019592285,982.069845,998.455853,427,0.0,0.0,74402.93059661954,0.0
60.72863960266113,982.069845,995.997952,427,0.0,0.0,74219.77273644286,0.0
60.72864294052124,982.069845,993.908736,427,0.0,0.0,74064.08854411499,0.0
60.72864603996277,982.069845,992.132902,427,0.0,0.0,73931.75695082909,0.0
60.73444724082947,982.069845,990.623444,428,0.0,0.0,73819.27516360226,0.0
60.76629710197449,1021.091355,995.19363,428,0.0,0.0,74159.83627178743,0.0
60.76633548736572,1021.091355,999.078289,428,0.0,0.0,74449.31328081101,0.0
60.76633954048157,1015.593364,1001.55555,428,0.0,0.0,74633.91380941618,0.0
60.774375677108765,1015.593364,1003.661222,428,0.0,0.0,74790.82426990826,0.0
60.80114793777466,953.180046,996.089046,428,0.0,0.0,74226.56087889243,0.0
60.82836031913757,1018.937894,999.516373,429,0.0,0.0,74481.95842315712,0.0
60.82837247848511,1018.937894,1002.429601,429,0.0,0.0,74699.04633950803,0.0
60.82837653160095,1018.937894,1004.905845,429,0.0,0.0,74883.57108330989,0.0
60.82837963104248,1018.937894,1007.010652,429,0.0,0.0,75040.41708573427,0.0
60.85831022262573,1018.937894,1008.799739,429,0.0,0.0,75173.73626603889,0.0
60.85832095146179,987.89191,1005.663564,429,0.0,0.0,74940.03478573535,0.0
60.85834527015686,999.927005,1004.80308,430,0.0,0.0,74875.91324131338,0.0
60.864339113235474,999.927005,1004.071669,430,0.0,0.0,74821.40995836194,0.0
60.892829179763794,1000.075106,1003.472185,430,0.0,0.0,74776.73761124535,0.0
60.89286398887634,999.773351,1002.91736,430,0.0,0.0,74735.39316337193,0.0
60.93183898925781,981.627127,999.723825,431,0.0,0.0,74497.41733074104,0.0
60.93185114860535,981.627127,997.00932,431,0.0,0.0,74295.13785437525,0.0
60.931854486465454,981.627127,994.701991,431,0.0,0.0,74123.20031809385,0.0
60.93185758590698,981.627127,992.740761,431,0.0,0.0,73977.05338617336,0.0
60.93460774421692,981.627127,991.073716,431,0.0,0.0,73852.82853129995,0.0
60.94439339637756,992.037309,991.218255,431,0.0,0.0,73863.59928811727,0.0
60.96555423736572,992.037309,991.341113,431,0.0,0.0,73872.7544202343,0.0
60.97855234146118,999.952002,992.632747,431,0.0,0.0,73969.00439920882,0.0
60.97859239578247,999.952002,993.730635,432,0.0,0.0,74050.81681427096,0.0
60.98435115814209,1000.055703,994.679395,432,0.0,0.0,74121.51650942599,0.0
61.06794810295105,1011.212725,997.159395,433,0.0,0.0,74306.32114282585,0.0
61.06795835494995,1011.212725,999.267394,433,0.0,0.0,74463.40500669775,0.0
61.06796169281006,1011.212725,1001.059194,433,0.0,0.0,74596.92635432917,0.0
61.06796431541443,1011.212725,1002.582223,433,0.0,0.0,74710.41942529786,0.0
61.06796622276306,1011.212725,1003.876799,433,0.0,0.0,74806.88863622054,0.0
61.06796860694885,1011.212725,1004.977187,433,0.0,0.0,74888.88734627601,0.0
61.067970991134644,1011.212725,1005.912518,433,0.0,0.0,74958.58633924478,0.0
61.06799125671387,1011.212725,1006.707549,433,0.0,0.0,75017.83045718692,0.0
61.100182056427,984.908529,1003.437696,433,0.0,0.0,74774.16756003512,0.0
61.10028076171875,1031.149875,1007.594523,433,0.0,0.0,75083.9259833584,0.0
61.133596420288086,955.353353,999.758347,434,0.0,0.0,74499.98984104514,0.0
61.13360786437988,955.353353,993.097598,434,0.0,0.0,74003.64416478969,0.0
61.13361096382141,955.353353,987.435961,434,0.0,0.0,73581.75031389126,0.0
61.13361430168152,955.353353,982.62357,434,0.0,0.0,73223.14057416069,0.0
61.137917041778564,955.353353,978.533037,434,0.0,0.0,72918.32224695302,0.0
61.14498972892761,988.443672,980.019633,434,0.0,0.0,73029.10040372466,0.0
61.15451502799988,1031.23381,987.701759,435,0.0,0.0,73601.55704854788,0.0
61.183971881866455,968.578852,984.833323,435,0.0,0.0,73387.80694233377,0.0
61.18400001525879,968.578852,982.395152,435,0.0,0.0,73206.1193222446,0.0
61.1843056678772,1046.950799,992.078499,435,0.0,0.0,73927.70294821989,0.0
61.23116493225098,1026.551714,997.249482,436,0.0,0.0,74313.03424565209,0.0
61.2311749458313,1026.551714,1001.644817,436,0.0,0.0,74640.5658074846,0.0
61.231178522109985,1026.551714,1005.380851,436,0.0,0.0,74918.96757915374,0.0
61.231181383132935,1026.551714,1008.556481,436,0.0,0.0,75155.60916704229,0.0
61.23522424697876,1026.551714,1011.255766,436,0.0,0.0,75356.75447948856,0.0
61.262776374816895,966.646101,1004.564316,436,0.0,0.0,74858.12102619682,0.0
61.262821674346924,966.646101,998.876584,436,0.0,0.0,74434.28262815783,0.0
61.26507759094238,1015.681573,1001.397332,436,0.0,0.0,74622.12372091324,0.0
61.27434706687927,1015.681573,1003.539968,437,0.0,0.0,74781.78866465896,0.0
61.29706692695618,999.956602,1003.002463,437,0.0,0.0,74741.73486849945,0.0
61.3418333530426,1005.362205,1003.356425,437,0.0,0.0,74768.11140787342,0.0
61.34184265136719,1005.362205,1003.657292,437,0.0,0.0,74790.53141417872,0.0
61.34184694290161,1005.362205,1003.913029,437,0.0,0.0,74809.58842326411,0.0
61.34184908866882,1005.362205,1004.130405,437,0.0,0.0,74825.7868474536,0.0
61.34185218811035,1005.362205,1004.315175,438,0.0,0.0,74839.55553782187,0.0
61.34429979324341,1067.018039,1013.720605,438,0.0,0.0,75540.42934553078,0.0
61.35432291030884,1067.018039,1021.71522,438,0.0,0.0,76136.17204482436,0.0
61.36539363861084,984.629527,1016.152366,438,0.0,0.0,75721.63930525702,0.0
61.374316453933716,984.629527,1011.42394,438,0.0,0.0,75369.286469173,0.0
61.41113591194153,968.831769,1005.035115,438,0.0,0.0,74893.20402482586,0.0
61.44613075256348,982.525939,1001.658738,439,0.0,0.0,74641.60317252557,0.0
61.446141481399536,982.525939,998.788818,439,0.0,0.0,74427.7424816034,0.0
61.4461452960968,982.525939,996.349386,439,0.0,0.0,74245.96089431956,0.0
61.44614791870117,982.525939,994.275869,439,0.0,0.0,74091.44656003191,0.0
61.44615077972412,982.525939,992.513379,439,0.0,0.0,73960.1093349025,0.0
61.44615340232849,1008.818877,994.959204,439,0.0,0.0,74142.36731574332,0.0
61.4625825881958,1008.818877,997.038155,440,0.0,0.0,74297.28658082851,0.0
61.47135853767395,1046.925514,1004.521259,440,0.0,0.0,74854.9125047854,0.0
61.47464060783386,1046.925514,1010.881897,440,0.0,0.0,75328.89451034156,0.0
61.48620867729187,968.518766,1004.527428,440,0.0,0.0,74855.37220631096,0.0
61.53554129600525,1004.269132,1004.488683,441,0.0,0.0,74852.4850065041,0.0
61.53555154800415,1004.269132,1004.455751,441,0.0,0.0,74850.03097981574,0.0
61.53555512428284,1004.269132,1004.427758,441,0.0,0.0,74847.94499751624,0.0
61.535558223724365,1004.269132,1004.403964,441,0.0,0.0,74846.17191628757,0.0
61.535560846328735,1004.269132,1004.383739,441,0.0,0.0,74844.6647897914,0.0
61.54428195953369,949.936177,996.216605,441,0.0,0.0,74236.06632011494,0.0
61.57633566856384,1031.176683,1001.460617,441,0.0,0.0,74626.83959237482,0.0
61.57634902000427,1031.088738,1005.904835,441,0.0,0.0,74958.01381747123,0.0
61.583839416503906,1031.088738,1009.68242,442,0.0,0.0,75239.51188644777,0.0
61.58903503417969,953.161315,1001.204255,442,0.0,0.0,74607.73600954108,0.0
61.63956117630005,1002.922445,1001.461983,442,0.0,0.0,74626.9413839592,0.0
61.63957214355469,1002.922445,1001.681052,442,0.0,0.0,74643.26596711818,0.0
61.63957595825195,1002.922445,1001.867261,442,0.0,0.0,74657.14188888462,0.0
61.639578342437744,1002.922445,1002.025539,442,0.0,0.0,74668.93644846737,0.0
61.63958120346069,1002.922445,1002.160075,443,0.0,0.0,74678.96180175732,0.0
61.644229888916016,1030.947921,1006.478252,443,0.0,0.0,75000.74370395117,0.0
61.68267798423767,1030.947921,1010.148702,443,0.0,0.0,75274.25828728285,0.0
61.682713985443115,953.140107,1001.597413,443,0.0,0.0,74637.03335633875,0.0
61.68271827697754,999.616047,1001.300208,443,0.0,0.0,74614.88623493971,0.0
61.68431377410889,999.939904,1001.096162,443,0.0,0.0,74599.68113565477,0.0
61.73032093048096,989.638183,999.377465,444,0.0,0.0,74471.6072771828,0.0
61.73033332824707,989.638183,997.916573,444,0.0,0.0,74362.74453101475,0.0
61.730337142944336,989.638183,996.674815,444,0.0,0.0,74270.21121167549,0.0
61.73034048080444,989.638183,995.61932,444,0.0,0.0,74191.55783807453,0.0
61.73529028892517,989.638183,994.72215,444,0.0,0.0,74124.70252640222,0.0
61.755691051483154,931.375854,985.220205,444,0.0,0.0,73416.63661418016,0.0
61.766852140426636,931.375854,977.143553,445,0.0,0.0,72814.78068193891,0.0
61.766862869262695,1031.245411,985.258831,445,0.0,0.0,73419.51494634536,0.0
61.77729868888855,1031.245411,992.156818,445,0.0,0.0,73933.53912325345,0.0
61.784310817718506,999.831628,993.30804,445,0.0,0.0,74019.32588118562,0.0
61.82776474952698,1015.48705,996.634891,446,0.0,0.0,74267.23615514973,0.0
61.82777690887451,1015.48705,999.462715,446,0.0,0.0,74477.95993645594,0.0
61.828129053115845,1015.48705,1001.866366,446,0.0,0.0,74657.075195277,0.0
61.828136682510376,1015.48705,1003.909468,446,0.0,0.0,74809.3230646756,0.0
61.83423209190369,1015.48705,1005.646106,446,0.0,0.0,74938.7338505378,0.0
61.84672689437866,978.642822,1001.595613,446,0.0,0.0,74636.89922394355,0.0
61.86804676055908,978.642822,998.152694,446,0.0,0.0,74380.33979506434,0.0
61.86808514595032,1015.63668,1000.775292,446,0.0,0.0,74575.77054584872,0.0
61.89408802986145,1015.63668,1003.0045,447,0.0,0.0,74741.88666166003,0.0
61.90055727958679,984.396411,1000.213287,447,0.0,0.0,74533.89105875441,0.0
61.93001937866211,993.054159,999.139418,447,0.0,0.0,74453.86849147033,0.0
61.93002939224243,993.054159,998.226629,447,0.0,0.0,74385.84928319759,0.0
61.93003296852112,993.054159,997.450759,447,0.0,0.0,74328.03300460243,0.0
61.93003606796265,993.054159,996.791269,447,0.0,0.0,74278.88913053757,0.0
61.93715691566467,993.054159,996.230702,448,0.0,0.0,74237.11680032342,0.0
61.944992780685425,1019.134965,999.666342,448,0.0,0.0,74493.13381270002,0.0
61.95472574234009,1019.134965,1002.586635,448,0.0,0.0,74710.7481987021,0.0
61.9783673286438,999.966151,1002.193562,448,0.0,0.0,74681.45718593421,0.0
61.988394021987915,999.966151,1001.859451,448,0.0,0.0,74656.5599033254,0.0
61.988401651382446,984.41098,999.24218,448,0.0,0.0,74461.52610991285,0.0
62.057071685791016,1010.807226,1000.976937,450,0.0,0.0,74590.79672742207,0.0
62.057085037231445,1010.807226,1002.45148,450,0.0,0.0,74700.67671877179,0.0
62.05708885192871,1010.807226,1003.704842,450,0.0,0.0,74794.07474495217,0.0
62.05709195137024,1010.807226,1004.7702,450,0.0,0.0,74873.46308956087,0.0
62.05709457397461,1010.807226,1005.675754,450,0.0,0.0,74940.94316012289,0.0
62.0570969581604,1010.807226,1006.445475,450,0.0,0.0,74998.30122755241,0.0
62.05714535713196,1010.807226,1007.099737,450,0.0,0.0,75047.05552152719,0.0
62.08081007003784,1010.807226,1007.655861,450,0.0,0.0,75088.49676827915,0.0
62.084715843200684,991.224042,1005.191088,450,0.0,0.0,74904.82682042476,0.0
62.095505475997925,999.613449,1004.354442,450,0.0,0.0,74842.48163602337,0.0
62.13409686088562,990.090637,1002.214871,451,0.0,0.0,74683.0450899395,0.0
62.13410782814026,990.090637,1000.396236,451,0.0,0.0,74547.52405184953,0.0
62.134111642837524,990.090637,998.850396,451,0.0,0.0,74432.33115084353,0.0
62.13411474227905,990.090637,997.536433,451,0.0,0.0,74334.41725950643,0.0
62.13416862487793,990.090637,996.419563,451,0.0,0.0,74251.1903438188,0.0
62.14423179626465,929.940629,986.447723,451,0.0,0.0,73508.10879723732,0.0
62.1646044254303,929.940629,977.971659,451,0.0,0.0,72876.48948264304,0.0
62.186131715774536,1031.416625,985.988404,451,0.0,0.0,73473.8812652177,0.0
62.18614411354065,1031.416625,992.802637,452,0.0,0.0,73981.66426177669,0.0
62.186148166656494,999.880014,993.864244,452,0.0,0.0,74060.77308937738,0.0
62.2269561290741,1017.45795,997.4033,452,0.0,0.0,74324.49645496673,0.0
62.226967573165894,1017.45795,1000.411497,452,0.0,0.0,74548.66127100689,0.0
62.227006673812866,1017.45795,1002.968465,452,0.0,0.0,74739.20140562594,0.0
62.227115869522095,1017.45795,1005.141888,452,0.0,0.0,74901.16053495569,0.0
62.234928131103516,1017.45795,1006.989297,453,0.0,0.0,75038.8257539011,0.0
62.24422907829285,1029.341357,1010.342106,453,0.0,0.0,75288.67036604014,0.0
62.27066922187805,1029.341357,1013.191994,453,0.0,0.0,75501.0383124396,0.0
62.270681381225586,953.165986,1004.188093,453,0.0,0.0,74830.08564168407,0.0
62.284459829330444,999.9838,1003.557449,453,0.0,0.0,74783.09131377045,0.0
62.28446960449219,999.794842,1002.993058,453,0.0,0.0,74741.03402673447,0.0
62.33337140083313,972.690779,998.447716,454,0.0,0.0,74402.32424367519,0.0
62.33338403701782,972.690779,994.584176,454,0.0,0.0,74114.42098023741,0.0
62.33338809013367,972.690779,991.300166,454,0.0,0.0,73869.70313179727,0.0
62.333391189575195,972.690779,988.508758,454,0.0,0.0,73661.69299788216,0.0
62.3456494808197,972.690779,986.136061,454,0.0,0.0,73484.88436915075,0.0
62.34566020965576,996.676253,987.71709,454,0.0,0.0,73602.69948396507,0.0
62.35808062553406,996.676253,989.060965,454,0.0,0.0,73702.84235763857,0.0
62.364726066589355,1046.768805,997.717141,455,0.0,0.0,74347.8832577695,0.0
62.374244689941406,1046.768805,1005.07489,455,0.0,0.0,74896.16797817001,0.0
62.39490509033203,984.335331,1001.963957,455,0.0,0.0,74664.34748115527,0.0
62.447296142578125,1008.556196,1002.952792,456,0.0,0.0,74738.03348505363,0.0
62.44730758666992,1008.556196,1003.793303,456,0.0,0.0,74800.66668151475,0.0
62.44731116294861,1008.556196,1004.507737,456,0.0,0.0,74853.90487242538,0.0
62.44731402397156,1008.556196,1005.115006,456,0.0,0.0,74899.15734215126,0.0
62.44731664657593,1008.556196,1005.631184,456,0.0,0.0,74937.62189298151,0.0
62.45442581176758,1015.552407,1007.119368,456,0.0,0.0,75048.51838433294,0.0
62.45443344116211,1015.552407,1008.384324,456,0.0,0.0,75142.78037217446,0.0
62.46413564682007,953.151021,1000.099328,456,0.0,0.0,74525.39906229569,0.0
62.47416424751282,1031.217929,1004.767118,457,0.0,0.0,74873.23342509309,0.0
62.48861122131348,999.752361,1004.014905,457,0.0,0.0,74817.18001876099,0.0
62.54833793640137,972.739424,999.323583,457,0.0,0.0,74467.5920984502,0.0
62.54835057258606,972.739424,995.335959,457,0.0,0.0,74170.44234383064,0.0
62.548354625701904,972.739424,991.946479,457,0.0,0.0,73917.86508221121,0.0
62.54835796356201,972.739424,989.06542,457,0.0,0.0,73703.17433531673,0.0
62.54836082458496,972.739424,986.616521,457,0.0,0.0,73520.68728615207,0.0
62.54838299751282,1015.628507,990.968319,458,0.0,0.0,73844.97455793443,0.0
62.55411887168884,1015.628507,994.667347,458,0.0,0.0,74120.61871659405,0.0
62.5641827583313,1031.213186,1000.149223,458,0.0,0.0,74529.1171377729,0.0
62.57427644729614,1031.213186,1004.808817,458,0.0,0.0,74876.34075106413,0.0
62.584587812423706,968.700209,999.392526,458,0.0,0.0,74472.72959274072,0.0
62.64710259437561,1022.213045,1002.815604,459,0.0,0.0,74727.81051003475,0.0
62.6471164226532,1022.213045,1005.72522,459,0.0,0.0,74944.62926737926,0.0
62.647119998931885,1022.213045,1008.198394,459,0.0,0.0,75128.9252409293,0.0
62.64712309837341,1022.213045,1010.300592,459,0.0,0.0,75285.5768258986,0.0
62.64722013473511,1022.213045,1012.08746,459,0.0,0.0,75418.73065076716,0.0
62.64722466468811,999.803353,1010.244844,459,0.0,0.0,75281.42259658297,0.0
62.676379442214966,1031.208339,1013.389368,460,0.0,0.0,75515.74622764632,0.0
62.683687686920166,1031.208339,1016.062214,460,0.0,0.0,75714.92135876094,0.0
62.68369460105896,968.783617,1008.970424,460,0.0,0.0,75186.45537041464,0.0
62.688496589660645,968.29674,1002.869372,460,0.0,0.0,74731.81719371563,0.0
62.74013686180115,979.635705,999.384322,461,0.0,0.0,74472.11824709056,0.0
62.740150451660156,979.635705,996.422029,461,0.0,0.0,74251.37410520023,0.0
62.74015474319458,979.635705,993.90408,461,0.0,0.0,74063.74158831936,0.0
62.74015784263611,979.635705,991.763824,461,0.0,0.0,73904.25399740734,0.0
62.74020028114319,979.635705,989.944606,461,0.0,0.0,73768.68951532489,0.0
62.74441313743591,997.341242,991.054102,461,0.0,0.0,73851.36693530013,0.0
62.75442409515381,999.9949,992.395221,461,0.0,0.0,73951.30443737296,0.0
62.76606869697571,999.843025,993.512392,461,0.0,0.0,74034.55378297779,0.0
62.77846145629883,999.818933,994.458373,461,0.0,0.0,74105.0463926182,0.0
62.79099655151367,1031.231335,999.974317,462,0.0,0.0,74516.08349293037,0.0
62.84182262420654,992.470545,998.848751,462,0.0,0.0,74432.20856873791,0.0
62.84183359146118,992.470545,997.89202,462,0.0,0.0,74360.91489062608,0.0
62.84183740615845,992.470545,997.078799,462,0.0,0.0,74300.31529031236,0.0
62.84184002876282,992.470545,996.387561,462,0.0,0.0,74248.80561886798,0.0
62.84184217453003,992.470545,995.800009,462,0.0,0.0,74205.02242049565,0.0
62.84444069862366,1002.192029,996.758812,463,0.0,0.0,74276.47049989796,0.0
62.879570960998535,1002.192029,997.573794,463,0.0,0.0,74337.20132640499,0.0
62.879680156707764,1000.0114,997.939435,463,0.0,0.0,74364.4481614699,0.0
62.879685163497925,1000.0114,998.25023,463,0.0,0.0,74387.60798245276,0.0
62.884084701538086,984.244046,996.149302,463,0.0,0.0,74231.05103534006,0.0
62.956621408462524,997.883477,996.409429,464,0.0,0.0,74250.43517843378,0.0
62.95663380622864,997.883477,996.630536,464,0.0,0.0,74266.91162927133,0.0
62.95663785934448,997.883477,996.818477,464,0.0,0.0,74280.91661620916,0.0
62.95664048194885,997.883477,996.978227,464,0.0,0.0,74292.82086628399,0.0
62.95664310455322,997.883477,997.114015,464,0.0,0.0,74302.93951610662,0.0
62.95681309700012,1059.145804,1006.418783,464,0.0,0.0,74996.31219316742,0.0
62.95681881904602,1059.145804,1014.327836,464,0.0,0.0,75585.67898357272,0.0
62.972660303115845,999.953052,1012.171619,465,0.0,0.0,75425.00201090517,0.0
62.988680601119995,999.953052,1010.338834,465,0.0,0.0,75288.42654315283,0.0
62.988691329956055,937.449893,999.405493,465,0.0,0.0,74473.69586761222,0.0
63.0796480178833,1030.866805,1004.124689,466,0.0,0.0,74825.36090258081,0.0
63.07965850830078,1030.866805,1008.136007,466,0.0,0.0,75124.27628662932,0.0
63.07966232299805,1030.866805,1011.545626,466,0.0,0.0,75378.35426619714,0.0
63.07966494560242,1030.866805,1014.443803,466,0.0,0.0,75594.3206121701,0.0
63.07966756820679,1030.866805,1016.907253,466,0.0,0.0,75777.891972714,0.0
63.07967019081116,1030.866805,1019.001186,466,0.0,0.0,75933.92766643532,0.0
63.07967257499695,1030.866805,1020.781029,466,0.0,0.0,76066.55800237256,0.0
63.07967472076416,1030.866805,1022.293895,466,0.0,0.0,76179.29374693433,0.0
63.07967662811279,1033.108301,1023.916056,467,0.0,0.0,76300.17393601518,0.0
63.08432340621948,1062.168816,1029.65397,467,0.0,0.0,76727.75179619662,0.0
63.14235043525696,938.93753,1016.046504,468,0.0,0.0,75713.75068102276,0.0
63.142361879348755,938.93753,1004.480158,468,0.0,0.0,74851.84974057677,0.0
63.14236569404602,938.93753,994.648764,468,0.0,0.0,74119.23394864952,0.0
63.14236855506897,938.93753,986.292079,468,0.0,0.0,73496.51051805954,0.0
63.14237141609192,938.93753,979.188896,468,0.0,0.0,72967.19554616955,0.0
63.14413642883301,938.93753,973.151191,468,0.0,0.0,72517.27786104794,0.0
63.16621375083923,905.541507,963.009739,468,0.0,0.0,71761.55716790183,0.0
63.16622591018677,905.541507,954.389504,468,0.0,0.0,71119.19451911324,0.0
63.1806001663208,984.465522,958.900907,468,0.0,0.0,71455.37523586086,0.0
63.184324502944946,1030.816026,969.688174,468,0.0,0.0,72259.22076945823,0.0
63.2503867149353,1037.771619,979.900691,469,0.0,0.0,73020.23708408521,0.0
63.25040006637573,1037.771619,988.58133,469,0.0,0.0,73667.10091798504,0.0
63.250403881073,1037.771619,995.959874,469,0.0,0.0,74216.93524014018,0.0
63.250406980514526,1037.771619,1002.231636,469,0.0,0.0,74684.29438416488,0.0
63.2504096031189,1037.771619,1007.562633,469,0.0,0.0,75081.54960442326,0.0
63.250412464141846,1037.771619,1012.093981,469,0.0,0.0,75419.21658262779,0.0
63.272013902664185,959.543805,1004.211455,469,0.0,0.0,74831.82653113791,0.0
63.27202796936035,1093.52047,1017.607807,470,0.0,0.0,75830.0958538216,0.0
63.2746524810791,1093.52047,1028.994707,470,0.0,0.0,76678.62483771713,0.0
63.30460047721863,968.557451,1019.929118,470,0.0,0.0,76003.07530074178,0.0
63.34186840057373,991.518699,1015.667555,471,0.0,0.0,75685.51216044927,0.0
63.34187912940979,991.518699,1012.045227,471,0.0,0.0,75415.58353218554,0.0
63.34188270568848,991.518699,1008.966248,471,0.0,0.0,75186.14418325775,0.0
63.34188532829285,991.518699,1006.349115,471,0.0,0.0,74991.12067332886,0.0
63.34188771247864,991.518699,1004.124553,471,0.0,0.0,74825.35076813318,0.0
63.346742391586304,991.518699,1002.233675,471,0.0,0.0,74684.44632636146,0.0
63.35459303855896,965.660982,996.747771,471,0.0,0.0,74275.64774668933,0.0
63.364320516586304,968.57004,992.521111,471,0.0,0.0,73960.68550805793,0.0
63.3768105506897,968.57004,988.92845,471,0.0,0.0,73692.96760522123,0.0
63.398033142089844,984.316925,988.236722,472,0.0,0.0,73641.42141995816,0.0
63.44483041763306,1016.797058,992.520772,473,0.0,0.0,73960.66024645683,0.0
63.44483971595764,1016.797058,996.162215,473,0.0,0.0,74232.0132862397,0.0
63.44484353065491,1016.797058,999.257442,473,0.0,0.0,74462.66340358823,0.0
63.444846391677856,1016.797058,1001.888384,473,0.0,0.0,74658.71593254237,0.0
63.44484877586365,1016.797058,1004.124685,473,0.0,0.0,74825.36060450884,0.0
63.44485092163086,1016.797058,1006.025541,473,0.0,0.0,74967.00858685799,0.0
63.4541130065918,955.561603,998.455951,473,0.0,0.0,74402.93789938328,0.0
63.46421146392822,955.561603,992.021798,473,0.0,0.0,73923.47770325275,0.0
63.49893260002136,1031.388773,997.926845,473,0.0,0.0,74363.5099798834,0.0
63.498942613601685,999.346028,998.139722,473,0.0,0.0,74379.37314760286,0.0
63.54045557975769,1001.185439,998.59658,474,0.0,0.0,74413.41729083101,0.0
63.540483236312866,1001.185439,998.984909,474,0.0,0.0,74442.35479021954,0.0
63.54124736785889,1001.185439,999.314988,474,0.0,0.0,74466.95161626309,0.0
63.54125499725342,1001.185439,999.595556,474,0.0,0.0,74487.8589817404,0.0
63.54127550125122,1001.185439,999.834038,474,0.0,0.0,74505.63018278172,0.0
63.56501317024231,1001.185439,1000.036748,474,0.0,0.0,74520.73572602223,0.0
63.568445920944214,950.282384,992.573594,474,0.0,0.0,73964.59643611226,0.0
63.56845283508301,999.947503,993.67968,475,0.0,0.0,74047.01974971656,0.0
63.57736325263977,999.947503,994.619854,475,0.0,0.0,74117.07963334644,0.0
63.58498525619507,984.231253,993.061563,475,0.0,0.0,74000.9589087556,0.0
63.66203212738037,1018.468655,996.872627,476,0.0,0.0,74284.95176576503,0.0
63.66204476356506,1018.468655,1000.112031,476,0.0,0.0,74526.34566441587,0.0
63.66204857826233,1018.468655,1002.865525,476,0.0,0.0,74731.5305229799,0.0
63.66205143928528,1018.468655,1005.205995,476,0.0,0.0,74905.93766021109,0.0
63.66205358505249,1018.468655,1007.195394,476,0.0,0.0,75054.1836895986,0.0
63.66205620765686,1018.468655,1008.886383,476,0.0,0.0,75180.19280340029,0.0
63.66964364051819,1037.854502,1013.231601,476,0.0,0.0,75503.98974676018,0.0
63.674673557281494,968.71716,1006.554435,476,0.0,0.0,75006.42070854241,0.0
63.67469573020935,968.71716,1000.878844,476,0.0,0.0,74583.48703350913,0.0
63.68746519088745,984.046279,998.353959,477,0.0,0.0,74395.33765979871,0.0
63.75931406021118,989.19933,996.980765,478,0.0,0.0,74293.00999296125,0.0
63.75932788848877,989.19933,995.81355,478,0.0,0.0,74206.03146869762,0.0
63.75933218002319,989.19933,994.821417,478,0.0,0.0,74132.09970444402,0.0
63.75933480262756,989.19933,993.978104,478,0.0,0.0,74069.25770855436,0.0
63.75933790206909,989.19933,993.261288,478,0.0,0.0,74015.84201577408,0.0
63.75934076309204,989.19933,992.651994,478,0.0,0.0,73970.4386471036,0.0
63.759363889694214,1067.548277,1003.886437,478,0.0,0.0,74807.6068406789,0.0
63.76409149169922,937.051621,993.861214,478,0.0,0.0,74060.54729984545,0.0
63.77414345741272,937.051621,985.339775,478,0.0,0.0,73425.54673112194,0.0
63.784186601638794,1046.751222,994.551492,478,0.0,0.0,74111.9854340124,0.0
63.86125922203064,994.390513,994.527345,479,0.0,0.0,74110.18604793065,0.0
63.861273765563965,994.390513,994.506821,479,0.0,0.0,74108.65664055325,0.0
63.86127781867981,994.390513,994.489374,479,0.0,0.0,74107.3565250537,0.0
63.86128091812134,994.390513,994.474545,479,0.0,0.0,74106.25149767117,0.0
63.86128354072571,994.390513,994.461941,479,0.0,0.0,74105.31227283271,0.0
63.86128640174866,994.390513,994.451226,479,0.0,0.0,74104.51381249123,0.0
63.86138844490051,950.009104,987.784908,479,0.0,0.0,73607.75314550861,0.0
63.86404895782471,999.779349,989.584074,480,0.0,0.0,73741.8233927084,0.0
63.88840842247009,999.779349,991.113365,480,0.0,0.0,73855.78309537644,0.0
63.88841962814331,999.885863,992.42924,480,0.0,0.0,73953.83946512443,0.0
63.95133709907532,1033.883998,998.647454,481,0.0,0.0,74417.20831942762,0.0
63.95134782791138,1033.883998,1003.932935,481,0.0,0.0,74811.07177851915,0.0
63.951351165771484,1033.883998,1008.425595,481,0.0,0.0,75145.85580444263,0.0
63.951354026794434,1033.883998,1012.244355,481,0.0,0.0,75430.42215195959,0.0
63.951356410980225,1033.883998,1015.490302,481,0.0,0.0,75672.303621867,0.0
63.9513783454895,1033.883998,1018.249356,481,0.0,0.0,75877.90280049623,0.0
63.95403814315796,954.459819,1008.680925,481,0.0,0.0,75164.88248470312,0.0
63.98836636543274,1093.711283,1021.435479,481,0.0,0.0,76115.32630573085,0.0
63.98848009109497,1093.711283,1032.276849,481,0.0,0.0,76923.20348653824,0.0
63.98848795890808,984.384745,1025.093034,482,0.0,0.0,76387.87997948684,0.0
64.11457872390747,953.51267,1014.355979,483,0.0,0.0,75587.77614357184,0.0
64.11459183692932,953.51267,1005.229483,483,0.0,0.0,74907.68793893258,0.0
64.11459565162659,953.51267,997.471961,483,0.0,0.0,74329.612935182,0.0
64.11459851264954,953.51267,990.878067,483,0.0,0.0,73838.24915963862,0.0
64.11460065841675,953.51267,985.273258,483,0.0,0.0,73420.59001749294,0.0
64.11460256576538,953.51267,980.50917,483,0.0,0.0,73065.57972058782,0.0
64.11460471153259,953.51267,976.459695,483,0.0,0.0,72763.82095331488,0.0
64.11460709571838,953.51267,973.017641,483,0.0,0.0,72507.32598250336,0.0
64.11460900306702,953.51267,970.091895,483,0.0,0.0,72289.30524986179,0.0
64.11461138725281,953.51267,967.605011,483,0.0,0.0,72103.98763456823,0.0
64.14169955253601,1053.438207,980.479991,484,0.0,0.0,73063.40535994348,0.0
64.14171195030212,1053.438207,991.423723,484,0.0,0.0,73878.91035199446,0.0
64.14171576499939,1053.438207,1000.725896,484,0.0,0.0,74572.08965485217,0.0
64.14205384254456,1053.438207,1008.632742,484,0.0,0.0,75161.29198403734,0.0
64.14206147193909,1053.438207,1015.353562,484,0.0,0.0,75662.11403091093,0.0
64.14433598518372,1053.438207,1021.066259,484,0.0,0.0,76087.81277075346,0.0
64.17733478546143,1056.760477,1026.420391,484,0.0,0.0,76486.79196488029,0.0
64.17734694480896,1062.32068,1031.805435,485,0.0,0.0,76888.07465934084,0.0
64.17737936973572,1062.32068,1036.382722,485,0.0,0.0,77229.16491982511,0.0
64.18393874168396,1031.232521,1035.610191,485,0.0,0.0,77171.59745682306,0.0
64.22966504096985,978.775265,1027.084952,486,0.0,0.0,76536.31371970965,0.0
64.22967529296875,978.775265,1019.838499,486,0.0,0.0,75996.32255434094,0.0
64.22967910766602,978.775265,1013.679014,486,0.0,0.0,75537.33006750347,0.0
64.22968244552612,978.775265,1008.443452,486,0.0,0.0,75147.18647232109,0.0
64.2593286037445,978.775265,1003.993224,486,0.0,0.0,74815.5643940607,0.0
64.25934147834778,959.508347,997.320492,486,0.0,0.0,74318.32576864312,0.0
64.25938868522644,959.508347,991.648671,486,0.0,0.0,73895.67302645979,0.0
64.26461219787598,984.369241,990.556756,486,0.0,0.0,73814.30570739575,0.0
64.27402949333191,984.369241,989.628629,486,0.0,0.0,73745.14354207984,0.0
64.29972624778748,1015.674616,993.535527,487,0.0,0.0,74036.27775684622,0.0
64.34535002708435,1014.132609,996.625089,487,0.0,0.0,74266.50572973985,0.0
64.34536218643188,1014.132609,999.251217,487,0.0,0.0,74462.19952905481,0.0
64.34536600112915,1014.132609,1001.483426,487,0.0,0.0,74628.53927337611,0.0
64.3453688621521,1014.132609,1003.380804,487,0.0,0.0,74769.92808213054,0.0
64.34932971000671,1014.132609,1004.993574,487,0.0,0.0,74890.10847269841,0.0
64.34933519363403,1000.381684,1004.301791,488,0.0,0.0,74838.55818894548,0.0
64.35411977767944,1000.381684,1003.713775,488,0.0,0.0,74794.74041422241,0.0
64.36395478248596,999.944203,1003.148339,488,0.0,0.0,74752.60525587921,0.0
64.385183095932,999.944203,1002.667719,488,0.0,0.0,74716.7904159983,0.0
64.3890769481659,984.299061,999.91242,488,0.0,0.0,74511.4710524491,0.0
64.43974304199219,1024.170134,1003.551077,489,0.0,0.0,74782.61648509139,0.0
64.43975281715393,1024.170134,1006.643936,489,0.0,0.0,75013.09014382225,0.0
64.4397566318512,1024.170134,1009.272866,489,0.0,0.0,75208.99274256574,0.0
64.43975925445557,1024.170134,1011.507456,489,0.0,0.0,75375.50991423875,0.0
64.43976140022278,1024.170134,1013.406858,489,0.0,0.0,75517.04954741977,0.0
64.44396376609802,940.184752,1002.423542,489,0.0,0.0,74698.59483496216,0.0
64.45391726493835,940.184752,993.087723,489,0.0,0.0,74002.90829956598,0.0
64.46394538879395,1031.448399,998.841825,490,0.0,0.0,74431.69245708833,0.0
64.47465538978577,1031.201946,1003.695843,490,0.0,0.0,74793.40415749411,0.0
64.48886942863464,937.494563,993.765651,490,0.0,0.0,74053.42613646577,0.0
64.52908301353455,1025.815232,998.573088,491,0.0,0.0,74411.66671403754,0.0
64.52909302711487,1025.815232,1002.65941,491,0.0,0.0,74716.17124595841,0.0
64.52909660339355,1025.815232,1006.132783,491,0.0,0.0,74975.00004592858,0.0
64.52909898757935,1025.815232,1009.08515,491,0.0,0.0,75195.00452217733,0.0
64.53389883041382,1025.815232,1011.594663,491,0.0,0.0,75382.00840523266,0.0
64.54395008087158,1044.460659,1016.524562,491,0.0,0.0,75749.3746057945,0.0
64.55393624305725,1044.460659,1020.714977,491,0.0,0.0,76061.63593961233,0.0
64.56394910812378,968.811665,1012.92948,491,0.0,0.0,75481.47629488623,0.0
64.57392883300781,968.811665,1006.311808,491,0.0,0.0,74988.34063040213,0.0
64.58486485481262,1015.737595,1007.725676,492,0.0,0.0,75093.69924226335,0.0
64.63757586479187,961.109574,1000.73326,492,0.0,0.0,74572.63840538457,0.0
64.63758826255798,961.109574,994.789707,492,0.0,0.0,74129.73673874841,0.0
64.63759160041809,961.109574,989.737687,492,0.0,0.0,73753.27032583358,0.0
64.63759469985962,961.109574,985.44347,492,0.0,0.0,73433.27387485595,0.0
64.63761711120605,961.109574,981.793386,492,0.0,0.0,73161.2769250581,0.0
64.64390730857849,949.561456,976.958596,493,0.0,0.0,72800.99805670512,0.0
64.65402793884277,949.561456,972.849025,493,0.0,0.0,72494.76105586412,0.0
64.6649956703186,1031.449328,981.639071,493,0.0,0.0,73149.77768029876,0.0
64.67445635795593,1031.449328,989.110609,493,0.0,0.0,73706.54172909845,0.0
64.70246362686157,999.661864,990.693297,493,0.0,0.0,73824.48046927036,0.0
64.73595857620239,1023.340921,995.590441,494,0.0,0.0,74189.40583282939,0.0
64.73596954345703,1023.340921,999.753013,494,0.0,0.0,74499.59236204736,0.0
64.73597407341003,1023.340921,1003.291199,494,0.0,0.0,74763.25089697902,0.0
64.7359766960144,1023.340921,1006.298658,494,0.0,0.0,74987.36071873714,0.0
64.73597931861877,1023.340921,1008.854997,494,0.0,0.0,75177.85398153582,0.0
64.74397087097168,960.547077,1001.608809,494,0.0,0.0,74637.88256343645,0.0
64.75396203994751,960.547077,995.449549,494,0.0,0.0,74178.90684314836,0.0
64.76399421691895,1031.228705,1000.816423,495,0.0,0.0,74578.83554559725,0.0
64.77398443222046,1031.228705,1005.378265,495,0.0,0.0,74918.77487561262,0.0
64.78492546081543,984.481422,1002.243739,495,0.0,0.0,74685.19627548668,0.0
64.82950520515442,1017.30644,1004.503144,496,0.0,0.0,74853.56261126361,0.0
64.829514503479,1017.30644,1006.423638,496,0.0,0.0,74996.67397804454,0.0
64.82951760292053,1017.30644,1008.056058,496,0.0,0.0,75118.3186472601,0.0
64.82951998710632,1017.30644,1009.443616,496,0.0,0.0,75221.71669061133,0.0
64.83386969566345,1017.30644,1010.623039,496,0.0,0.0,75309.60493058647,0.0
64.8582661151886,951.358378,1001.73334,496,0.0,0.0,74647.16236416301,0.0
64.85827589035034,951.358378,994.177096,496,0.0,0.0,74084.08619388078,0.0
64.86395072937012,984.446815,992.717554,496,0.0,0.0,73975.32404700913,0.0
64.8853747844696,1031.232469,998.494791,496,0.0,0.0,74405.8321783999,0.0
64.89207863807678,999.972001,998.716372,497,0.0,0.0,74422.3439507682,0.0
64.9410035610199,1005.927375,999.798023,497,0.0,0.0,74502.94641710755,0.0
64.94101428985596,1005.927375,1000.717426,497,0.0,0.0,74571.45848741473,0.0
64.94101786613464,1005.927375,1001.498918,497,0.0,0.0,74629.6937061909,0.0
64.94102072715759,1005.927375,1002.163187,497,0.0,0.0,74679.19370176505,0.0
64.94102311134338,1005.927375,1002.727815,497,0.0,0.0,74721.26864956637,0.0
64.94386053085327,983.944617,999.910335,498,0.0,0.0,74511.31568242467,0.0
64.95405960083008,983.944617,997.515477,498,0.0,0.0,74332.85566035421,0.0
64.97581219673157,999.751662,997.850905,498,0.0,0.0,74357.8510831655,0.0
64.9758529663086,999.751662,998.136019,498,0.0,0.0,74379.09720745873,0.0
64.9870011806488,1000.285982,998.458513,498,0.0,0.0,74403.12881449246,0.0
65.06909155845642,986.38752,996.647864,500,0.0,0.0,74268.20287712922,0.0
65.06910920143127,986.38752,995.108813,500,0.0,0.0,74153.51587880716,0.0
65.06911325454712,986.38752,993.800619,500,0.0,0.0,74056.03188179672,0.0
65.06911659240723,986.38752,992.688654,500,0.0,0.0,73973.17047688604,0.0
65.06911897659302,986.38752,991.743484,500,0.0,0.0,73902.73830134147,0.0
65.06912207603455,986.38752,990.940089,500,0.0,0.0,73842.87091486956,0.0
65.0691249370575,986.38752,990.257204,500,0.0,0.0,73791.98369225697,0.0
65.06912779808044,986.38752,989.676751,500,0.0,0.0,73748.72949714774,0.0
65.07397675514221,1080.634741,1003.32045,500,0.0,0.0,74765.43062291916,0.0
65.10406923294067,1080.634741,1014.917594,500,0.0,0.0,75629.62656864719,0.0
65.13911271095276,952.670028,1005.580459,501,0.0,0.0,74933.8419675665,0.0
65.1391224861145,952.670028,997.643894,501,0.0,0.0,74342.42503801844,0.0
65.13912582397461,952.670028,990.897814,501,0.0,0.0,73839.72066653208,0.0
65.13912844657898,952.670028,985.163646,501,0.0,0.0,73412.42195076866,0.0
65.13916254043579,952.670028,980.289604,501,0.0,0.0,73049.21810198418,0.0
65.1438319683075,987.053156,981.304137,501,0.0,0.0,73124.81906937814,0.0
65.15550327301025,999.01547,983.960837,501,0.0,0.0,73322.79103290777,0.0
65.1816737651825,999.01547,986.219032,501,0.0,0.0,73491.06720190794,0.0
65.18168616294861,1000.463865,988.355757,501,0.0,0.0,73650.29166977137,0.0
65.1911416053772,1000.463865,990.171973,502,0.0,0.0,73785.63244882578,0.0
65.23066091537476,1053.67017,999.696702,502,0.0,0.0,74495.3961790992,0.0
65.23067331314087,1053.67017,1007.792723,502,0.0,0.0,75098.69545043091,0.0
65.23067688941956,1053.67017,1014.67434,502,0.0,0.0,75611.49976772258,0.0
65.23067998886108,1053.67017,1020.523714,502,0.0,0.0,76047.38340388738,0.0
65.23461389541626,1053.67017,1025.495683,502,0.0,0.0,76417.88457659727,0.0
65.24398064613342,1032.529044,1026.550687,503,0.0,0.0,76496.5013618615,0.0
65.25392627716064,1032.529044,1027.44744,503,0.0,0.0,76563.32559952895,0.0
65.2739360332489,1251.099091,1060.995188,503,0.0,0.0,79063.23659571086,0.0
65.28659510612488,1251.099091,1089.510773,503,0.0,0.0,81188.16088285108,0.0
65.28663229942322,1234.470733,1111.254767,503,0.0,0.0,82808.47976987483,0.0
65.33064150810242,1244.293146,1131.210524,504,0.0,0.0,84295.5428168917,0.0
65.33065271377563,1244.293146,1148.172917,504,0.0,0.0,85559.54637332293,0.0
65.33065700531006,1244.293146,1162.590952,504,0.0,0.0,86633.94946708159,0.0
65.33066058158875,1244.293146,1174.846281,504,0.0,0.0,87547.19204088794,0.0
65.33385848999023,1244.293146,1185.263311,505,0.0,0.0,88323.44825470462,0.0
65.35382604598999,1182.869375,1184.90422,505,0.0,0.0,88296.6895125223,0.0
65.35384583473206,1182.869375,1184.598994,505,0.0,0.0,88273.94468226662,0.0
65.3678777217865,1218.410064,1189.670654,505,0.0,0.0,88651.87462864917,0.0
65.37387418746948,1218.410064,1193.981565,505,0.0,0.0,88973.11508307436,0.0
65.40145516395569,1156.61173,1188.37609,505,0.0,0.0,88555.40631194245,0.0
65.44208550453186,1214.01566,1192.222026,506,0.0,0.0,88841.9977605551,0.0
65.44209575653076,1214.01566,1195.491071,506,0.0,0.0,89085.60044716504,0.0
65.44209909439087,1214.01566,1198.269759,506,0.0,0.0,89292.66271215401,0.0
65.44210147857666,1214.01566,1200.631644,506,0.0,0.0,89468.66565229821,0.0
65.44210433959961,1214.01566,1202.639247,507,0.0,0.0,89618.26820730929,0.0
65.44639372825623,1253.884702,1210.326065,507,0.0,0.0,90191.07449057604,0.0
65.45435833930969,1253.884702,1216.859861,507,0.0,0.0,90677.95988351534,0.0
65.48533940315247,1156.287175,1207.773958,507,0.0,0.0,90000.89658794207,0.0
65.49205660820007,1156.287175,1200.05094,507,0.0,0.0,89425.39275317168,0.0
65.49206233024597,1187.512944,1198.170241,508,0.0,0.0,89285.24683009485,0.0
65.52887916564941,1165.430094,1193.259219,508,0.0,0.0,88919.28730576877,0.0
65.52893137931824,1165.430094,1189.08485,508,0.0,0.0,88608.22168773621,0.0
65.52899694442749,1165.430094,1185.536636,508,0.0,0.0,88343.81588632724,0.0
65.52908420562744,1165.430094,1182.520655,508,0.0,0.0,88119.07102219579,0.0
65.53378534317017,1165.430094,1179.957071,508,0.0,0.0,87928.03787650637,0.0
65.54384541511536,1233.058446,1187.922277,509,0.0,0.0,88521.5890760162,0.0
65.5539059638977,1233.058446,1194.692702,509,0.0,0.0,89026.10758814779,0.0
65.59116458892822,1234.308409,1200.635058,509,0.0,0.0,89468.92005674115,0.0
65.5911762714386,1234.308409,1205.686061,509,0.0,0.0,89845.31068485267,0.0
65.59120678901672,1140.687053,1195.93621,509,0.0,0.0,89118.77131398239,0.0
65.62893271446228,1212.942997,1198.487228,510,0.0,0.0,89308.86806651724,0.0
65.62896037101746,1212.942997,1200.655593,510,0.0,0.0,89470.45028381648,0.0
65.62904691696167,1212.942997,1202.498704,510,0.0,0.0,89607.79522440932,0.0
65.62911438941956,1212.942997,1204.065348,510,0.0,0.0,89724.53839783196,0.0
65.6337718963623,1212.942997,1205.396995,510,0.0,0.0,89823.77006543399,0.0
65.64381194114685,1194.394603,1203.746636,511,0.0,0.0,89700.78861786416,0.0
65.6537926197052,1194.394603,1202.343831,511,0.0,0.0,89596.25439860747,0.0
65.66382884979248,1234.402095,1207.152571,511,0.0,0.0,89954.5920731298,0.0
65.6743757724762,1218.706858,1208.885714,511,0.0,0.0,90083.7424185913,0.0
65.70028257369995,1093.634293,1191.598001,511,0.0,0.0,88795.49666726585,0.0
65.72973322868347,1233.913183,1197.945278,512,0.0,0.0,89268.48303785955,0.0
65.729745388031,1233.913183,1203.340464,512,0.0,0.0,89670.52149384913,0.0
65.72974967956543,1233.913183,1207.926372,512,0.0,0.0,90012.25417398843,0.0
65.72975254058838,1233.913183,1211.824393,512,0.0,0.0,90302.72689249249,0.0
65.73388171195984,1233.913183,1215.137712,513,0.0,0.0,90549.62878891658,0.0
65.74394798278809,1319.440344,1230.783107,513,0.0,0.0,91715.4922918888,0.0
65.75386500358582,1319.440344,1244.081692,513,0.0,0.0,92706.47621352668,0.0
65.76391816139221,1187.66467,1235.619139,513,0.0,0.0,92075.86371159444,0.0
65.77418375015259,1218.526279,1233.05521,513,0.0,0.0,91884.80485719595,0.0
65.79676175117493,1218.526279,1230.87587,514,0.0,0.0,91722.40480487593,0.0
65.83104872703552,1125.606265,1215.085429,514,0.0,0.0,90545.73276446172,0.0
65.83105802536011,1125.606265,1201.663555,514,0.0,0.0,89545.56159344997,0.0
65.8310616016388,1125.606265,1190.254961,514,0.0,0.0,88695.41601612014,0.0
65.83106446266174,1125.606265,1180.557657,514,0.0,0.0,87972.792342456,0.0
65.83376836776733,1125.606265,1172.314948,514,0.0,0.0,87358.56217513068,0.0
65.84378790855408,1145.072638,1168.228602,515,0.0,0.0,87054.05585477785,0.0
65.85378837585449,1187.46402,1171.113914,515,0.0,0.0,87269.06352671506,0.0
65.8638186454773,1093.741359,1159.508031,515,0.0,0.0,86404.21636820829,0.0
65.8738272190094,1093.741359,1149.64303,515,0.0,0.0,85669.09624994444,0.0
65.88458824157715,1250.062941,1164.706017,515,0.0,0.0,86791.55987512265,0.0
65.93843388557434,1242.075448,1176.311432,516,0.0,0.0,87656.37215920666,0.0
65.93844723701477,1242.075448,1186.176034,516,0.0,0.0,88391.46254478957,0.0
65.93845081329346,1242.075448,1194.560946,516,0.0,0.0,89016.28939489041,0.0
65.9384536743164,1242.075448,1201.688122,516,0.0,0.0,89547.39227709058,0.0
65.93847584724426,1242.075448,1207.746221,516,0.0,0.0,89998.82968224987,0.0
65.94380688667297,1188.913618,1204.92133,517,0.0,0.0,89788.32446222987,0.0
65.9538300037384,1188.913618,1202.520173,517,0.0,0.0,89609.3950512942,0.0
65.96381831169128,1156.614507,1195.634323,517,0.0,0.0,89096.27529931981,0.0
65.9741199016571,1218.674808,1199.090396,517,0.0,0.0,89353.814937936,0.0
65.98493576049805,1218.674808,1202.028058,517,0.0,0.0,89572.72362703389,0.0
66.05942463874817,1191.404658,1200.434548,519,0.0,0.0,89453.97845309474,0.0
66.05944609642029,1191.404658,1199.080064,519,0.0,0.0,89353.04501798749,0.0
66.05949878692627,1191.404658,1197.928753,519,0.0,0.0,89267.25162795353,0.0
66.0596022605896,1191.404658,1196.950139,519,0.0,0.0,89194.32727250595,0.0
66.05967617034912,1191.404658,1196.118317,519,0.0,0.0,89132.34156292371,0.0
66.05982708930969,1191.404658,1195.411268,519,0.0,0.0,89079.65368742343,0.0
66.05990839004517,1191.404658,1194.810276,519,0.0,0.0,89034.86896716687,0.0
66.06372427940369,1191.404658,1194.299434,519,0.0,0.0,88996.8020443704,0.0
66.07379341125488,1143.100833,1186.619644,519,0.0,0.0,88424.51947358897,0.0
66.08380770683289,1218.492045,1191.400504,519,0.0,0.0,88780.77958634544,0.0
66.13349556922913,1212.926399,1194.629388,520,0.0,0.0,89021.38955566428,0.0
66.13350486755371,1212.926399,1197.37394,520,0.0,0.0,89225.90807429608,0.0
66.13350820541382,1212.926399,1199.706808,520,0.0,0.0,89399.74872571153,0.0
66.13351082801819,1212.926399,1201.689747,520,0.0,0.0,89547.51336883624,0.0
66.13372611999512,1212.926399,1203.375245,520,0.0,0.0,89673.11330431454,0.0
66.16092300415039,1236.188381,1208.297215,521,0.0,0.0,90039.8886516755,0.0
66.16095995903015,1236.188381,1212.48089,521,0.0,0.0,90351.6477341913,0.0
66.16375017166138,1156.382117,1204.066074,521,0.0,0.0,89724.592497898,0.0
66.17380118370056,1218.701861,1206.261442,521,0.0,0.0,89888.18692467938,0.0
66.1840991973877,1218.701861,1208.127505,521,0.0,0.0,90027.24220234714,0.0
66.23944926261902,1187.677408,1205.059991,522,0.0,0.0,89798.65720225888,0.0
66.2394585609436,1187.677408,1202.452603,522,0.0,0.0,89604.359870214,0.0
66.23946213722229,1187.677408,1200.236324,522,0.0,0.0,89439.20719759028,0.0
66.2394642829895,1187.677408,1198.352487,522,0.0,0.0,89298.82743703785,0.0
66.23946595191956,1187.677408,1196.751225,522,0.0,0.0,89179.50459958335,0.0
66.26699995994568,1185.038396,1194.994301,523,0.0,0.0,89048.58214162712,0.0
66.26701235771179,1124.988975,1184.493502,523,0.0,0.0,88266.08362969136,0.0
66.26703548431396,1124.988975,1175.567823,523,0.0,0.0,87600.95990572368,0.0
66.27389621734619,1249.729621,1186.692093,523,0.0,0.0,88429.91822797817,0.0
66.28386974334717,1249.729621,1196.147722,523,0.0,0.0,89134.53276463546,0.0
66.33854603767395,1207.594059,1197.864672,524,0.0,0.0,89262.47644016607,0.0
66.33855819702148,1207.594059,1199.32408,524,0.0,0.0,89371.22860162609,0.0
66.33856201171875,1207.594059,1200.564577,524,0.0,0.0,89463.66795377072,0.0
66.33856463432312,1207.594059,1201.618999,524,0.0,0.0,89542.24136956052,0.0
66.33856749534607,1207.594059,1202.515258,524,0.0,0.0,89609.02879533728,0.0
66.35056138038635,1219.292087,1205.031783,525,0.0,0.0,89796.55519858994,0.0
66.35380578041077,1219.292087,1207.170828,525,0.0,0.0,89955.95254820719,0.0
66.370356798172,1203.803163,1206.665678,525,0.0,0.0,89918.30978185157,0.0
66.37782764434814,1187.382805,1203.773247,525,0.0,0.0,89702.77161629133,0.0
66.38372230529785,1187.382805,1201.314681,525,0.0,0.0,89519.56420164643,0.0
66.42877578735352,1184.639303,1198.813374,526,0.0,0.0,89333.17181327727,0.0
66.42878746986389,1184.639303,1196.687264,526,0.0,0.0,89174.73835395554,0.0
66.42879176139832,1184.639303,1194.88007,526,0.0,0.0,89040.06987627313,0.0
66.42887926101685,1184.639303,1193.343955,526,0.0,0.0,88925.60166279126,0.0
66.43379497528076,1184.639303,1192.038257,526,0.0,0.0,88828.30366270218,0.0
66.45054602622986,1280.554273,1205.315659,527,0.0,0.0,89817.70906960244,0.0
66.46156167984009,1280.554273,1216.601451,527,0.0,0.0,90658.70368782309,0.0
66.46371340751648,1218.862196,1216.940563,527,0.0,0.0,90683.97363493657,0.0
66.4865620136261,1156.225719,1207.833337,527,0.0,0.0,90005.32139210604,0.0
66.48659372329712,1187.141009,1204.729487,527,0.0,0.0,89774.02870606644,0.0
66.52893424034119,1174.356175,1200.17349,528,0.0,0.0,89434.52493374552,0.0
66.52894163131714,1174.356175,1196.300893,528,0.0,0.0,89145.94676080585,0.0
66.5289454460144,1174.356175,1193.009185,528,0.0,0.0,88900.65527282219,0.0
66.52987241744995,1174.356175,1190.211234,528,0.0,0.0,88692.15756765052,0.0
66.53520512580872,1174.356175,1187.832975,528,0.0,0.0,88514.93446981789,0.0
66.54413342475891,1206.204463,1190.588698,529,0.0,0.0,88720.28542899794,0.0
66.56962513923645,1206.204463,1192.931063,529,0.0,0.0,88894.83377783411,0.0
66.56963467597961,1218.796741,1196.810915,529,0.0,0.0,89183.95257884449,0.0
66.58132195472717,1218.302517,1200.034655,529,0.0,0.0,89424.17922758499,0.0
66.59414505958557,1218.302517,1202.774834,529,0.0,0.0,89628.37187901446,0.0
66.62893342971802,1207.583053,1203.496067,530,0.0,0.0,89682.116717789,0.0
66.62895059585571,1207.583053,1204.109115,530,0.0,0.0,89727.79982702146,0.0
66.62895441055298,1207.583053,1204.630206,530,0.0,0.0,89766.63048477266,0.0
66.6289587020874,1207.583053,1205.073133,530,0.0,0.0,89799.6365177799,0.0
66.63410139083862,1207.583053,1205.449621,530,0.0,0.0,89827.69164956191,0.0
66.64620733261108,1197.503985,1204.257775,531,0.0,0.0,89738.87767250584,0.0
66.65382528305054,1197.503985,1203.244707,531,0.0,0.0,89663.38587397797,0.0
66.68144965171814,1203.173368,1203.234006,531,0.0,0.0,89662.58845688842,0.0
66.68149757385254,1203.173368,1203.22491,531,0.0,0.0,89661.91064118463,0.0
66.6837158203125,1187.372832,1200.847099,531,0.0,0.0,89484.7209274148,0.0
66.72873663902283,1212.058393,1202.528793,532,0.0,0.0,89610.03739643123,0.0
66.72875118255615,1212.058393,1203.958233,532,0.0,0.0,89716.55640254701,0.0
66.72876596450806,1212.058393,1205.173257,532,0.0,0.0,89807.09755774541,0.0
66.72899794578552,1212.058393,1206.206027,532,0.0,0.0,89884.05750985687,0.0
66.73382711410522,1212.058393,1207.083882,532,0.0,0.0,89949.47350641059,0.0
66.74407696723938,1217.868983,1208.701647,533,0.0,0.0,90070.02611437516,0.0
66.7537670135498,1217.868983,1210.076748,533,0.0,0.0,90172.49588703354,0.0
66.76382207870483,1187.620247,1206.708272,533,0.0,0.0,89921.48380143022,0.0
66.78506278991699,1155.622266,1199.045371,533,0.0,0.0,89350.45976510583,0.0
66.78507423400879,1155.622266,1192.531906,533,0.0,0.0,88865.0893975704,0.0
66.82931089401245,1209.092955,1195.016063,534,0.0,0.0,89050.2038022852,0.0
66.8293788433075,1209.092955,1197.127597,534,0.0,0.0,89207.55108727766,0.0
66.82942962646484,1209.092955,1198.922401,534,0.0,0.0,89341.2962869731,0.0
66.82955980300903,1209.092955,1200.447984,534,0.0,0.0,89454.97967690698,0.0
66.83368611335754,1209.092955,1201.744729,534,0.0,0.0,89551.61051736592,0.0
66.84374117851257,1278.098586,1213.197808,535,0.0,0.0,90405.07102780734,0.0
66.85372066497803,1278.098586,1222.932925,535,0.0,0.0,91130.51245050483,0.0
66.86408829689026,1203.134625,1219.96318,535,0.0,0.0,90909.21300049835,0.0
66.8737862110138,1203.134625,1217.438896,535,0.0,0.0,90721.10841210435,0.0
66.89684128761292,1171.935413,1210.613374,535,0.0,0.0,90212.4841818734,0.0
66.93351221084595,1145.628011,1200.86557,536,0.0,0.0,89486.09734934365,0.0
66.9335241317749,1145.628011,1192.579936,536,0.0,0.0,88868.66849698259,0.0
66.93352746963501,1145.628011,1185.537147,536,0.0,0.0,88343.85396502384,0.0
66.93353033065796,1145.628011,1179.550777,536,0.0,0.0,87897.76166129563,0.0
66.93366503715515,1145.628011,1174.462362,536,0.0,0.0,87518.58316586769,0.0
66.94372391700745,1208.852011,1179.620809,537,0.0,0.0,87902.98030568528,0.0
66.95377206802368,1217.832728,1185.352597,537,0.0,0.0,88330.10166861503,0.0
66.96371555328369,1217.832728,1190.224617,537,0.0,0.0,88693.1548420089,0.0
66.97373342514038,1218.951676,1194.533676,537,0.0,0.0,89014.257289103,0.0
66.98383593559265,1218.951676,1198.196376,537,0.0,0.0,89287.1943579553,0.0
67.05943512916565,1201.63812,1198.712637,539,0.0,0.0,89325.66509377936,0.0
67.05944681167603,1201.63812,1199.15146,539,0.0,0.0,89358.3653049255,0.0
67.06003856658936,1201.63812,1199.524459,539,0.0,0.0,89386.1604434148,0.0
67.06004571914673,1201.63812,1199.841508,539,0.0,0.0,89409.78629995303,0.0
67.060049533844,1201.63812,1200.111,539,0.0,0.0,89429.86830409183,0.0
67.06005239486694,1201.63812,1200.340068,539,0.0,0.0,89446.93799270621,0.0
67.06005501747131,1201.63812,1200.534776,539,0.0,0.0,89461.447242932,0.0
67.06373500823975,1201.63812,1200.700277,539,0.0,0.0,89473.78004600955,0.0
67.0740258693695,1169.202722,1195.975644,539,0.0,0.0,89121.70985668944,0.0
67.08402967453003,1187.428161,1194.693521,539,0.0,0.0,89026.1686183876,0.0
67.12893176078796,1211.182125,1197.166812,540,0.0,0.0,89210.47331054331,0.0
67.1289415359497,1211.182125,1199.269109,540,0.0,0.0,89367.13227279439,0.0
67.12898659706116,1211.182125,1201.056061,540,0.0,0.0,89500.2923571747,0.0
67.12904453277588,1211.182125,1202.574971,540,0.0,0.0,89613.47848851234,0.0
67.1545422077179,1211.182125,1203.866044,540,0.0,0.0,89709.68666289037,0.0
67.15455269813538,1241.587257,1209.524226,541,0.0,0.0,90131.32305410801,0.0
67.15455603599548,1241.587257,1214.333681,541,0.0,0.0,90489.71400899837,0.0
67.1636688709259,1187.59091,1210.322265,541,0.0,0.0,90190.79132218615,0.0
67.17372369766235,1187.459033,1206.89278,541,0.0,0.0,89935.23296808316,0.0
67.18370628356934,1187.459033,1203.977718,541,0.0,0.0,89718.00838572516,0.0
67.24089479446411,1188.415101,1201.643326,542,0.0,0.0,89544.05416888176,0.0
67.24090528488159,1188.415101,1199.659092,542,0.0,0.0,89396.19302495052,0.0
67.24090814590454,1188.415101,1197.972493,542,0.0,0.0,89270.51104515712,0.0
67.24091005325317,1188.415101,1196.538885,542,0.0,0.0,89163.68144802845,0.0
67.2409119606018,1188.415101,1195.320317,542,0.0,0.0,89072.87620104747,0.0
67.2467794418335,1204.937738,1196.76293,543,0.0,0.0,89180.37683274221,0.0
67.27279114723206,1204.937738,1197.989151,543,0.0,0.0,89271.7523659568,0.0
67.27280306816101,1203.173608,1198.76682,543,0.0,0.0,89329.70270242915,0.0
67.2736427783966,1203.173608,1199.427838,543,0.0,0.0,89378.96043999397,0.0
67.2838499546051,1201.404709,1199.724369,543,0.0,0.0,89401.05733626279,0.0
67.33094549179077,1189.889331,1198.249113,544,0.0,0.0,89291.12421358094,0.0
67.33095812797546,1189.889331,1196.995146,544,0.0,0.0,89197.68110401218,0.0
67.33096146583557,1189.889331,1195.929274,544,0.0,0.0,89118.25445715284,0.0
67.33096408843994,1189.889331,1195.023282,544,0.0,0.0,89050.741747708,0.0
67.35159540176392,1189.889331,1194.25319,544,0.0,0.0,88993.35603410147,0.0
67.35160446166992,1205.26692,1195.905249,545,0.0,0.0,89116.46416226677,0.0
67.3574697971344,1205.26692,1197.3095,545,0.0,0.0,89221.10613454759,0.0
67.3826470375061,1234.336921,1202.863613,545,0.0,0.0,89634.98751230017,0.0
67.38265705108643,1093.576449,1186.470538,545,0.0,0.0,88413.40839307779,0.0
67.38362550735474,1093.576449,1172.536425,545,0.0,0.0,87375.06619762725,0.0
67.42892718315125,1280.752075,1188.768773,546,0.0,0.0,88584.6682626914,0.0
67.42893576622009,1280.752075,1202.566268,546,0.0,0.0,89612.82995838152,0.0
67.42893958091736,1280.752075,1214.294139,546,0.0,0.0,90486.7674183476,0.0
67.42896127700806,1280.752075,1224.26283,546,0.0,0.0,91229.61430775549,0.0
67.43367218971252,1280.752075,1232.736216,547,0.0,0.0,91861.0340631529,0.0
67.4595627784729,1345.312626,1249.622678,547,0.0,0.0,93119.37939352823,0.0
67.45957279205322,1187.344695,1240.280981,547,0.0,0.0,92423.2548413437,0.0
67.46468949317932,1187.344695,1232.340538,547,0.0,0.0,91831.54893100193,0.0
67.48612546920776,1281.308876,1239.685789,547,0.0,0.0,92378.9023254717,0.0
67.48613429069519,1249.956876,1241.226452,548,0.0,0.0,92493.70944680547,0.0
67.52852749824524,1150.738523,1227.653262,548,0.0,0.0,91482.2625105084,0.0
67.52853727340698,1150.738523,1216.116051,548,0.0,0.0,90622.53265191487,0.0
67.52862596511841,1150.738523,1206.309422,548,0.0,0.0,89891.7622981917,0.0
67.52870965003967,1150.738523,1197.973787,548,0.0,0.0,89270.60747144569,0.0
67.53364849090576,1150.738523,1190.888497,549,0.0,0.0,88742.62585008208,0.0
67.54537749290466,1110.780309,1178.872269,549,0.0,0.0,87847.2006039574,0.0
67.5538911819458,1110.780309,1168.658475,549,0.0,0.0,87086.0891298478,0.0
67.56839656829834,1171.861582,1169.138941,549,0.0,0.0,87121.89249395713,0.0
67.57782983779907,1187.401802,1171.87837,549,0.0,0.0,87326.02925688855,0.0
67.60033535957336,1187.401802,1174.206885,550,0.0,0.0,87499.54553146161,0.0
67.62850427627563,1225.98117,1181.973028,550,0.0,0.0,88078.26295486723,0.0
67.62851405143738,1225.98117,1188.574249,550,0.0,0.0,88570.1727237771,0.0
67.6287043094635,1225.98117,1194.185287,550,0.0,0.0,88988.29603852818,0.0
67.62871146202087,1225.98117,1198.95467,550,0.0,0.0,89343.70090822922,0.0
67.6343162059784,1225.98117,1203.008645,551,0.0,0.0,89645.79500649018,0.0
67.64368677139282,1213.364056,1204.561956,551,0.0,0.0,89761.54463145431,0.0
67.66382312774658,1187.483138,1202.000134,551,0.0,0.0,89570.64278647618,0.0
67.6691210269928,1187.491925,1199.823902,551,0.0,0.0,89408.4743360919,0.0
67.69036340713501,1187.491925,1197.974106,551,0.0,0.0,89270.63124268684,0.0
67.69039034843445,1187.284152,1196.370613,552,0.0,0.0,89151.1421555803,0.0
67.72856426239014,1191.454889,1195.633254,552,0.0,0.0,89096.19563958066,0.0
67.72857904434204,1191.454889,1195.006499,552,0.0,0.0,89049.49111215866,0.0
67.72859930992126,1191.454889,1194.473758,552,0.0,0.0,89009.79231973847,0.0
67.72876834869385,1191.454889,1194.020927,552,0.0,0.0,88976.04826048562,0.0
67.73367094993591,1191.454889,1193.636022,553,0.0,0.0,88947.36591071996,0.0
67.74366617202759,1196.328575,1194.039905,553,0.0,0.0,88977.4624630391,0.0
67.76291513442993,1196.328575,1194.383205,553,0.0,0.0,89003.04449152546,0.0
67.76368451118469,1203.418815,1195.738547,553,0.0,0.0,89104.04186307441,0.0
67.7740068435669,1187.430298,1194.492309,553,0.0,0.0,89011.1747031071,0.0
67.79455757141113,1218.685288,1198.121256,554,0.0,0.0,89281.5965659952,0.0
67.82913827896118,1195.007381,1197.654175,554,0.0,0.0,89246.79062528026,0.0
67.829176902771,1195.007381,1197.257156,554,0.0,0.0,89217.20556449487,0.0
67.82928562164307,1195.007381,1196.91969,554,0.0,0.0,89192.058274005,0.0
67.82937026023865,1195.007381,1196.632843,554,0.0,0.0,89170.6830100224,0.0
67.83358263969421,1195.007381,1196.389024,554,0.0,0.0,89152.51410642928,0.0
67.8436107635498,1163.910699,1191.517275,555,0.0,0.0,88789.48112741267,0.0
67.85362768173218,1163.910699,1187.376289,555,0.0,0.0,88480.90314368527,0.0
67.8636417388916,1234.456844,1194.438372,555,0.0,0.0,89007.15542588464,0.0
67.894602060318,1234.456844,1200.441143,555,0.0,0.0,89454.4698992872,0.0
67.89461040496826,1187.540317,1198.506019,556,0.0,0.0,89310.26833420522,0.0
67.92859530448914,1203.086015,1199.193018,556,0.0,0.0,89361.46212385889,0.0
67.92862486839294,1203.086015,1199.776968,556,0.0,0.0,89404.9769084048,0.0
67.92878723144531,1203.086015,1200.273325,556,0.0,0.0,89441.96443800985,0.0
67.92879486083984,1203.086015,1200.695229,556,0.0,0.0,89473.403879159,0.0
67.9336290359497,1203.086015,1201.053847,557,0.0,0.0,89500.12737432859,0.0
67.94362330436707,1265.325204,1210.69455,557,0.0,0.0,90218.53325482535,0.0
67.9536247253418,1265.325204,1218.889148,557,0.0,0.0,90829.17828678073,0.0
67.96360611915588,1156.316026,1209.50318,557,0.0,0.0,90129.754748336,0.0
67.97454977035522,1218.059239,1210.786589,557,0.0,0.0,90225.39181678242,0.0
68.00024914741516,1218.059239,1211.877486,558,0.0,0.0,90306.68327652517,0.0
68.05855774879456,1154.599549,1203.285796,559,0.0,0.0,89666.44774397061,0.0
68.05856919288635,1154.599549,1195.982859,559,0.0,0.0,89122.24750404024,0.0
68.058584690094,1154.599549,1189.775362,559,0.0,0.0,88659.67725911451,0.0
68.05867218971252,1154.599549,1184.49899,559,0.0,0.0,88266.49258446075,0.0
68.05876421928406,1154.599549,1180.014074,559,0.0,0.0,87932.28562590864,0.0
68.05888986587524,1154.599549,1176.201895,559,0.0,0.0,87648.20968133218,0.0
68.05894088745117,1154.599549,1172.961543,559,0.0,0.0,87406.74513961987,0.0
68.06366443634033,1154.599549,1170.207244,559,0.0,0.0,87201.50029406801,0.0
68.07360768318176,1186.37682,1172.63268,559,0.0,0.0,87382.23892746108,0.0
68.0856704711914,1186.37682,1174.694301,559,0.0,0.0,87535.8667956524,0.0
68.13787889480591,1245.658488,1185.338929,560,0.0,0.0,88329.08315662738,0.0
68.13788747787476,1245.658488,1194.386863,560,0.0,0.0,89003.31707835972,0.0
68.1378903388977,1245.658488,1202.077607,560,0.0,0.0,89576.415919284,0.0
68.1378927230835,1245.658488,1208.614739,560,0.0,0.0,90063.54990426246,0.0
68.13789463043213,1245.658488,1214.171301,561,0.0,0.0,90477.61377659056,0.0
68.14358425140381,1348.547718,1234.327764,561,0.0,0.0,91979.63303278123,0.0
68.15357947349548,1348.547718,1251.460757,561,0.0,0.0,93256.34935955846,0.0
68.16357135772705,1171.980947,1239.538785,561,0.0,0.0,92367.94788179093,0.0
68.17399311065674,1187.431366,1231.722673,561,0.0,0.0,91785.5068685763,0.0
68.18407440185547,1187.431366,1225.078977,562,0.0,0.0,91290.43194772945,0.0
68.24209713935852,1180.422133,1218.38045,562,0.0,0.0,90791.27113057053,0.0
68.24210858345032,1180.422133,1212.686703,562,0.0,0.0,90366.98450677756,0.0
68.24211120605469,1180.422133,1207.847017,562,0.0,0.0,90006.34079830965,0.0
68.2421133518219,1180.422133,1203.733284,562,0.0,0.0,89699.79365356368,0.0
68.24213981628418,1180.422133,1200.236612,562,0.0,0.0,89439.22865877353,0.0
68.24380731582642,1151.418887,1192.913953,563,0.0,0.0,88893.55877489965,0.0
68.25361800193787,1187.453452,1192.094878,563,0.0,0.0,88832.5229462295,0.0
68.26356768608093,1187.453452,1191.398664,563,0.0,0.0,88780.64247323034,0.0
68.27359080314636,1187.545721,1190.820722,563,0.0,0.0,88737.57539281245,0.0
68.28390765190125,1218.711245,1195.004301,563,0.0,0.0,89049.3273216005,0.0
68.32908701896667,1200.177372,1195.780261,564,0.0,0.0,89107.15030681541,0.0
68.3290958404541,1200.177372,1196.439828,564,0.0,0.0,89156.29991876606,0.0
68.32909846305847,1200.177372,1197.00046,564,0.0,0.0,89198.07709265006,0.0
68.32910060882568,1200.177372,1197.476996,564,0.0,0.0,89233.58760102984,0.0
68.33971405029297,1200.177372,1197.882053,564,0.0,0.0,89263.77163747782,0.0
68.35015606880188,1170.690369,1193.8033,565,0.0,0.0,88959.8311322788,0.0
68.35356116294861,1170.690369,1190.33636,565,0.0,0.0,88701.4817065855,0.0
68.36361384391785,1187.485275,1189.908698,565,0.0,0.0,88669.61319080766,0.0
68.37359499931335,1187.424836,1189.536118,565,0.0,0.0,88641.84927535921,0.0
68.38358688354492,1187.424836,1189.219426,565,0.0,0.0,88618.25002174605,0.0
68.439706325531,1223.24899,1194.323861,566,0.0,0.0,88998.6222954914,0.0
68.43971753120422,1223.24899,1198.66263,566,0.0,0.0,89321.93867228644,0.0
68.43972086906433,1223.24899,1202.350584,566,0.0,0.0,89596.75761864352,0.0
68.43972301483154,1223.24899,1205.485345,566,0.0,0.0,89830.35373049884,0.0
68.43972492218018,1223.24899,1208.149892,566,0.0,0.0,90028.91043675356,0.0
68.46271514892578,1223.170035,1210.402913,567,0.0,0.0,90196.8010496355,0.0
68.46274518966675,1187.479694,1206.96443,567,0.0,0.0,89940.57218259251,0.0
68.46352815628052,1218.729282,1208.729158,567,0.0,0.0,90072.07617899994,0.0
68.4735803604126,1187.431485,1205.534507,567,0.0,0.0,89834.017184284,0.0
68.48359632492065,1187.431485,1202.819054,567,0.0,0.0,89631.66706485677,0.0
68.52868342399597,1194.118854,1201.514024,568,0.0,0.0,89534.4188427899,0.0
68.52869510650635,1194.118854,1200.404748,568,0.0,0.0,89451.75781677406,0.0
68.528728723526,1194.118854,1199.461864,568,0.0,0.0,89381.49598937141,0.0
68.52904105186462,1194.118854,1198.660413,568,0.0,0.0,89321.77346588635,0.0
68.54564023017883,1194.118854,1197.979179,568,0.0,0.0,89271.00927248734,0.0
68.54564809799194,1225.254999,1202.070552,569,0.0,0.0,89575.89019481279,0.0
68.55355024337769,1225.254999,1205.548219,569,0.0,0.0,89835.03897506352,0.0
68.57248997688293,1156.609474,1198.207407,569,0.0,0.0,89288.01636598395,0.0
68.57353138923645,1218.496796,1201.250816,569,0.0,0.0,89514.80510974638,0.0
68.58354902267456,1218.496796,1203.837713,569,0.0,0.0,89707.57549350776,0.0
68.62932324409485,1186.135889,1201.182439,570,0.0,0.0,89509.70979264234,0.0
68.62933135032654,1186.135889,1198.925457,570,0.0,0.0,89341.52401397296,0.0
68.6293580532074,1186.135889,1197.007022,570,0.0,0.0,89198.56607974859,0.0
68.62936162948608,1186.135889,1195.376352,570,0.0,0.0,89077.05181702835,0.0
68.63367676734924,1186.135889,1193.990282,570,0.0,0.0,88973.76465645716,0.0
68.65767908096313,1151.505864,1187.617619,571,0.0,0.0,88498.88657198302,0.0
68.65768909454346,1151.505864,1182.200856,571,0.0,0.0,88095.24024116487,0.0
68.66389036178589,1203.111164,1185.337402,571,0.0,0.0,88328.96936764546,0.0
68.68327379226685,1203.111164,1188.003467,571,0.0,0.0,88527.63919222013,0.0
68.68354606628418,1218.364875,1192.557678,571,0.0,0.0,88867.0098753978,0.0
68.72856640815735,1218.134655,1196.394224,572,0.0,0.0,89152.90160001545,0.0
68.72858047485352,1218.134655,1199.655289,572,0.0,0.0,89395.90963300664,0.0
68.72867369651794,1218.134655,1202.427194,572,0.0,0.0,89602.46644241965,0.0
68.72867918014526,1218.134655,1204.783313,572,0.0,0.0,89778.03971179118,0.0
68.73394680023193,1218.134655,1206.786015,572,0.0,0.0,89927.2770540973,0.0
68.74432325363159,1200.224934,1205.801852,573,0.0,0.0,89853.93919828252,0.0
68.75390958786011,1218.747319,1207.743672,573,0.0,0.0,89998.63973587468,0.0
68.76587915420532,1218.747319,1209.394219,573,0.0,0.0,90121.63519282799,0.0
68.77525019645691,1187.557834,1206.118762,573,0.0,0.0,89877.55469681912,0.0
68.79583239555359,1187.557834,1203.334622,573,0.0,0.0,89670.08615970868,0.0
68.83007907867432,1202.381724,1203.191688,574,0.0,0.0,89659.43500427707,0.0
68.83009147644043,1202.381724,1203.070193,574,0.0,0.0,89650.3814401904,0.0
68.83009552955627,1202.381724,1202.966923,574,0.0,0.0,89642.68596660525,0.0
68.83009886741638,1202.381724,1202.879143,574,0.0,0.0,89636.14477679886,0.0
68.83356380462646,1202.381724,1202.80453,574,0.0,0.0,89630.58476546343,0.0
68.84355211257935,1194.935936,1201.624241,575,0.0,0.0,89542.63199290258,0.0
68.85502600669861,1194.935936,1200.620995,575,0.0,0.0,89467.87211014454,0.0
68.88061618804932,1187.547561,1198.65998,575,0.0,0.0,89321.7411995935,0.0
68.88576459884644,1187.462951,1196.980426,575,0.0,0.0,89196.58419909136,0.0
68.88579869270325,1187.462951,1195.552805,575,0.0,0.0,89090.20074121274,0.0
68.92855548858643,1210.667229,1197.819968,576,0.0,0.0,89259.14518761304,0.0
68.92856645584106,1210.667229,1199.747057,576,0.0,0.0,89402.7480005864,0.0
68.9286413192749,1210.667229,1201.385083,576,0.0,0.0,89524.81041769506,0.0
68.92872214317322,1210.667229,1202.777405,576,0.0,0.0,89628.56346478562,0.0
68.93354558944702,1210.667229,1203.960879,576,0.0,0.0,89716.75357716797,0.0
68.9435966014862,1206.747587,1204.378885,577,0.0,0.0,89747.90254716353,0.0
68.95386481285095,1218.745856,1206.533931,577,0.0,0.0,89908.49225925619,0.0
68.96685338020325,1061.051982,1184.711638,577,0.0,0.0,88282.33868755882,0.0
68.97360706329346,1061.051982,1166.16269,577,0.0,0.0,86900.10822985995,0.0
68.99100065231323,1219.479798,1174.160256,577,0.0,0.0,87496.07083176366,0.0
69.05781197547913,1259.765534,1187.001048,579,0.0,0.0,88452.94093584592,0.0
69.05782437324524,1259.765534,1197.915721,579,0.0,0.0,89266.28050941222,0.0
69.05797076225281,1259.765534,1207.193193,579,0.0,0.0,89957.61914321769,0.0
69.05807065963745,1259.765534,1215.079044,579,0.0,0.0,90545.25696704871,0.0
69.05811214447021,1259.765534,1221.782017,579,0.0,0.0,91044.74909122378,0.0
69.05823159217834,1259.765534,1227.479545,579,0.0,0.0,91469.31746756473,0.0
69.05832934379578,1259.765534,1232.322443,579,0.0,0.0,91830.20052784009,0.0
69.06348752975464,1259.765534,1236.438907,579,0.0,0.0,92136.95118123677,0.0
69.07392811775208,1204.48812,1231.646289,579,0.0,0.0,91779.81488586757,0.0
69.08357238769531,1204.48812,1227.572564,580,0.0,0.0,91476.24905715915,0.0
69.14023971557617,1149.23676,1215.822193,581,0.0,0.0,90600.63494225293,0.0
69.14041709899902,1149.23676,1205.834378,581,0.0,0.0,89856.36297066396,0.0
69.14056587219238,1149.23676,1197.344735,581,0.0,0.0,89223.73177618379,0.0
69.14074397087097,1149.23676,1190.128539,581,0.0,0.0,88685.99530186057,0.0
69.14092946052551,1149.23676,1183.994772,581,0.0,0.0,88228.91926887866,0.0
69.14356279373169,1149.23676,1178.78107,581,0.0,0.0,87840.4046371181,0.0
69.1536271572113,1143.389606,1173.472351,581,0.0,0.0,87444.80952880444,0.0
69.16360187530518,1187.139822,1175.522471,581,0.0,0.0,87597.58036550836,0.0
69.17366576194763,1218.52238,1181.972458,581,0.0,0.0,88078.22047960873,0.0
69.18396329879761,1218.52238,1187.454946,581,0.0,0.0,88486.76450580194,0.0
69.25103402137756,1202.05203,1189.644509,583,0.0,0.0,88649.92635560875,0.0
69.25104284286499,1202.05203,1191.505637,583,0.0,0.0,88788.61388695965,0.0
69.25104594230652,1202.05203,1193.087596,583,0.0,0.0,88906.49830351154,0.0
69.25104808807373,1202.05203,1194.432261,583,0.0,0.0,89006.70004640288,0.0
69.25105023384094,1202.05203,1195.575226,583,0.0,0.0,89091.87150923106,0.0
69.25105237960815,1202.05203,1196.546747,583,0.0,0.0,89164.26730852353,0.0
69.25359177589417,1273.179316,1208.041632,583,0.0,0.0,90020.84311836168,0.0
69.26361751556396,1273.179316,1217.812285,583,0.0,0.0,90748.9326126126,0.0
69.2736566066742,1156.293072,1208.584403,583,0.0,0.0,90061.28932629518,0.0
69.28361010551453,1156.293072,1200.740703,583,0.0,0.0,89476.79251056997,0.0
69.3424985408783,1192.852548,1199.55748,585,0.0,0.0,89388.62110220492,0.0
69.34261560440063,1192.852548,1198.55174,585,0.0,0.0,89313.67537156156,0.0
69.34276270866394,1192.852548,1197.696861,585,0.0,0.0,89249.97150051467,0.0
69.34292149543762,1192.852548,1196.970214,585,0.0,0.0,89195.82322130255,0.0
69.34308218955994,1192.852548,1196.352564,585,0.0,0.0,89149.79718024631,0.0
69.35069727897644,1192.852548,1195.827562,585,0.0,0.0,89110.67508260753,0.0
69.36143946647644,1295.056479,1210.7119,585,0.0,0.0,90219.8261420792,0.0
69.36354613304138,1124.856468,1197.833585,585,0.0,0.0,89260.15989918282,0.0
69.37365627288818,1281.231422,1210.34326,585,0.0,0.0,90192.35582754026,0.0
69.38394069671631,1281.231422,1220.976485,585,0.0,0.0,90984.72245979158,0.0
69.44342875480652,1145.772574,1209.695898,587,0.0,0.0,90144.1157077471,0.0
69.44343709945679,1145.772574,1200.1074,587,0.0,0.0,89429.60003930143,0.0
69.44343972206116,1145.772574,1191.957176,587,0.0,0.0,88822.26166895994,0.0
69.44344162940979,1145.772574,1185.029485,587,0.0,0.0,88306.02400945892,0.0
69.44344353675842,1145.772574,1179.140949,587,0.0,0.0,87867.22209948236,0.0
69.4484851360321,1145.772574,1174.135693,587,0.0,0.0,87494.24044619505,0.0
69.47121572494507,1136.824257,1168.538977,587,0.0,0.0,87077.18437820183,0.0
69.47124767303467,1156.220285,1166.691173,587,0.0,0.0,86939.48972464749,0.0
69.47354364395142,1156.220285,1165.12054,587,0.0,0.0,86822.44929893347,0.0
69.48359322547913,1265.679234,1180.204344,587,0.0,0.0,87946.46416526227,0.0
69.56593155860901,1223.960043,1186.767699,589,0.0,0.0,88435.55223568494,0.0
69.56594204902649,1223.960043,1192.346551,589,0.0,0.0,88851.2771141737,0.0
69.56594467163086,1223.960043,1197.088575,589,0.0,0.0,89204.64324598553,0.0
69.56594634056091,1223.960043,1201.119295,589,0.0,0.0,89505.00442821841,0.0
69.56594824790955,1223.960043,1204.545407,589,0.0,0.0,89760.31143311637,0.0
69.56594967842102,1223.960043,1207.457603,589,0.0,0.0,89977.322446894,0.0
69.56595182418823,1219.192646,1209.217859,589,0.0,0.0,90108.49319881735,0.0
69.56598544120789,1219.192646,1210.714077,589,0.0,0.0,90219.9883677594,0.0
69.58764958381653,1187.47061,1207.227557,589,0.0,0.0,89960.17987967821,0.0
69.58766078948975,1187.484919,1204.266161,589,0.0,0.0,89739.50258043151,0.0
69.642587184906,1235.0469,1208.883272,591,0.0,0.0,90083.56044564181,0.0
69.64267921447754,1235.0469,1212.807816,591,0.0,0.0,90376.00960498925,0.0
69.64280581474304,1235.0469,1216.143679,591,0.0,0.0,90624.59143514537,0.0
69.64309573173523,1235.0469,1218.979162,591,0.0,0.0,90835.88594979316,0.0
69.6431496143341,1235.0469,1221.389323,591,0.0,0.0,91015.48632077688,0.0
69.64376664161682,1235.0469,1223.43796,591,0.0,0.0,91168.14664729076,0.0
69.67337822914124,1216.710793,1222.428885,591,0.0,0.0,91092.95239912627,0.0
69.67338871955872,1216.710793,1221.571171,591,0.0,0.0,91029.03726955694,0.0
69.67354154586792,1171.890469,1214.119065,591,0.0,0.0,90473.72125448154,0.0
69.69456553459167,1155.310963,1205.29785,591,0.0,0.0,89816.38197858783,0.0
69.74321961402893,1212.127467,1206.322293,593,0.0,0.0,89892.72141933542,0.0
69.74323630332947,1212.127467,1207.193069,593,0.0,0.0,89957.609902986,0.0
69.74324059486389,1212.127467,1207.933229,593,0.0,0.0,90012.76514389618,0.0
69.74340748786926,1212.127467,1208.562364,593,0.0,0.0,90059.64702415184,0.0
69.74356126785278,1212.127467,1209.09713,593,0.0,0.0,90099.49671551665,0.0
69.74369716644287,1212.127467,1209.55168,593,0.0,0.0,90133.36887120693,0.0
69.75418066978455,1139.430271,1199.033469,593,0.0,0.0,89349.5728519015,0.0
69.76365756988525,1139.430271,1190.092989,593,0.0,0.0,88683.3461870552,0.0
69.7844467163086,1249.521308,1199.007237,593,0.0,0.0,89347.61809579533,0.0
69.78460311889648,1249.521308,1206.584348,593,0.0,0.0,89912.24923312804,0.0
69.8437340259552,1165.829037,1200.471051,595,0.0,0.0,89456.69858355161,0.0
69.84374952316284,1165.829037,1195.274749,595,0.0,0.0,89069.48056494477,0.0
69.84449982643127,1165.829037,1190.857892,595,0.0,0.0,88740.34522677354,0.0
69.8445188999176,1165.829037,1187.103564,595,0.0,0.0,88460.58022286108,0.0
69.8445234298706,1165.829037,1183.912385,595,0.0,0.0,88222.77995463191,0.0
69.84452676773071,1165.829037,1181.199883,595,0.0,0.0,88020.64973781482,0.0
69.8539457321167,1183.716959,1181.577444,595,0.0,0.0,88048.784827408,0.0
69.86392617225647,1183.716959,1181.898372,595,0.0,0.0,88072.6997392579,0.0
69.87370014190674,1156.331001,1178.063266,595,0.0,0.0,87786.91532055644,0.0
69.90245056152344,1156.331001,1174.803426,595,0.0,0.0,87543.99857211197,0.0
69.94255018234253,1252.234204,1186.418043,597,0.0,0.0,88409.49657080747,0.0
69.94256448745728,1252.234204,1196.290467,597,0.0,0.0,89145.16983616559,0.0
69.94276547431946,1252.234204,1204.682027,597,0.0,0.0,89770.49208191277,0.0
69.94290614128113,1252.234204,1211.814854,597,0.0,0.0,90302.01606531585,0.0
69.94309306144714,1252.234204,1217.877756,597,0.0,0.0,90753.81138041639,0.0
69.94353795051575,1252.234204,1223.031223,597,0.0,0.0,91137.83742060725,0.0
69.95356369018555,1320.278954,1237.618383,597,0.0,0.0,92224.84337066577,0.0
69.96606707572937,1320.278954,1250.017469,597,0.0,0.0,93148.79842821554,0.0
69.97387981414795,1218.345692,1245.266702,597,0.0,0.0,92794.78078555297,0.0
69.99182987213135,1218.345692,1241.228551,598,0.0,0.0,92493.86586008187,0.0
70.10026144981384,1119.706268,1223.000208,600,0.0,0.0,91135.52624491976,0.0
70.10027003288269,1119.706268,1207.506117,600,0.0,0.0,89980.93761301687,0.0
70.10027265548706,1119.706268,1194.33614,600,0.0,0.0,88999.5373019807,0.0
70.10027480125427,1119.706268,1183.141659,600,0.0,0.0,88165.34699661507,0.0
70.1002767086029,1119.706268,1173.62635,600,0.0,0.0,87456.28522587658,0.0
70.10027837753296,1119.706268,1165.538338,600,0.0,0.0,86853.58276918558,0.0
70.10027980804443,1119.706268,1158.663527,600,0.0,0.0,86341.28562138381,0.0
70.10028123855591,1119.706268,1152.819939,600,0.0,0.0,85905.8331463516,0.0
70.10028290748596,1119.706268,1147.852888,600,0.0,0.0,85535.69845315264,0.0
70.10028457641602,1119.706268,1143.630895,600,0.0,0.0,85221.08399001481,0.0
70.1444878578186,1249.296752,1159.480773,601,0.0,0.0,86402.18515663683,0.0
70.14449882507324,1249.296752,1172.95317,601,0.0,0.0,87406.12120042814,0.0
70.144522190094,1249.296752,1184.404708,601,0.0,0.0,88259.46687863568,0.0
70.14468908309937,1249.296752,1194.138514,601,0.0,0.0,88984.81060823867,0.0
70.1447081565857,1249.296752,1202.41225,601,0.0,0.0,89601.35284546742,0.0
70.14486384391785,1249.296752,1209.444925,601,0.0,0.0,90125.41370240104,0.0
70.15346240997314,1249.296752,1215.422699,601,0.0,0.0,90570.86544942413,0.0
70.1635103225708,1296.257762,1227.547959,601,0.0,0.0,91474.41554183465,0.0
70.17351579666138,1296.257762,1237.854429,601,0.0,0.0,92242.43304586557,0.0
70.18381190299988,1312.843637,1249.10281,601,0.0,0.0,93080.63987128777,0.0
70.22888541221619,1216.833731,1244.262449,602,0.0,0.0,92719.94586317164,0.0
70.22889375686646,1216.833731,1240.148141,602,0.0,0.0,92413.35587057722,0.0
70.22889637947083,1216.833731,1236.650979,602,0.0,0.0,92152.75436196837,0.0
70.22889828681946,1216.833731,1233.678392,602,0.0,0.0,91931.24313181345,0.0
70.24148201942444,1216.833731,1231.151693,602,0.0,0.0,91742.95858245587,0.0
70.25227522850037,1140.330605,1217.52853,603,0.0,0.0,90727.78775827779,0.0
70.25411081314087,1218.737081,1217.709812,603,0.0,0.0,90741.29652987134,0.0
70.26340389251709,1218.737081,1217.863903,603,0.0,0.0,90752.77908259923,0.0
70.27342319488525,1203.149123,1215.656686,603,0.0,0.0,90588.30169206743,0.0
70.28343796730042,1203.149123,1213.780551,603,0.0,0.0,90448.49586913045,0.0
70.33936595916748,1150.605338,1204.304269,604,0.0,0.0,89742.3423122741,0.0
70.3393759727478,1150.605338,1196.24943,604,0.0,0.0,89142.1118411088,0.0
70.33937859535217,1150.605338,1189.402816,604,0.0,0.0,88631.915877278,0.0
70.3393805027008,1150.605338,1183.583194,604,0.0,0.0,88198.24930057001,0.0
70.33940649032593,1150.605338,1178.636516,604,0.0,0.0,87829.6327625308,0.0
70.3509612083435,1219.205886,1184.721921,605,0.0,0.0,88283.10495612546,0.0
70.3615186214447,1249.952127,1194.506452,605,0.0,0.0,89012.22861114347,0.0
70.36340737342834,1249.952127,1202.823303,605,0.0,0.0,89631.98369182744,0.0
70.37347745895386,1171.615311,1198.142105,605,0.0,0.0,89283.15019172174,0.0
70.38343167304993,1171.615311,1194.163086,605,0.0,0.0,88986.64166446928,0.0
70.44282650947571,1219.869119,1198.018991,606,0.0,0.0,89273.97598299738,0.0
70.44283676147461,1219.869119,1201.29651,606,0.0,0.0,89518.21013511677,0.0
70.44283938407898,1219.869119,1204.082401,606,0.0,0.0,89725.80915324055,0.0
70.44284105300903,1219.869119,1206.450409,606,0.0,0.0,89902.26836708248,0.0
70.44284296035767,1219.869119,1208.463216,606,0.0,0.0,90052.25871375171,0.0
70.44462656974792,1173.090038,1203.157239,607,0.0,0.0,89656.86793378674,0.0
70.46115159988403,1249.764669,1210.148354,607,0.0,0.0,90177.83182275097,0.0
70.47177863121033,1249.764669,1216.090801,607,0.0,0.0,90620.65107248208,0.0
70.47336959838867,1203.22932,1214.161579,607,0.0,0.0,90476.8893126204,0.0
70.48341941833496,1187.456658,1210.155841,607,0.0,0.0,90178.38973899704,0.0
70.54556727409363,1177.027611,1205.186606,608,0.0,0.0,89808.09229849189,0.0
70.54557728767395,1177.027611,1200.962757,608,0.0,0.0,89493.33952995102,0.0
70.54557991027832,1177.027611,1197.372485,608,0.0,0.0,89225.79965060994,0.0
70.54558205604553,1177.027611,1194.320754,608,0.0,0.0,88998.39076807366,0.0
70.54558420181274,1177.027611,1191.726783,608,0.0,0.0,88805.09324399912,0.0
70.5456178188324,1240.34265,1199.019163,609,0.0,0.0,89348.50679743158,0.0
70.56754040718079,1093.738516,1183.227066,609,0.0,0.0,88171.71135521377,0.0
70.56754851341248,1093.738516,1169.803783,609,0.0,0.0,87171.43518834375,0.0
70.57342267036438,1249.701009,1181.788367,609,0.0,0.0,88064.50238696067,0.0
70.58341121673584,1249.701009,1191.975263,609,0.0,0.0,88823.60947597784,0.0
70.62903547286987,1227.959385,1197.372882,610,0.0,0.0,89225.8292342549,0.0
70.62904524803162,1227.959385,1201.960857,610,0.0,0.0,89567.71594309472,0.0
70.62904787063599,1227.959385,1205.860636,610,0.0,0.0,89858.31966423808,0.0
70.62905025482178,1227.959385,1209.175449,610,0.0,0.0,90105.33289055021,0.0
70.64812755584717,1227.959385,1211.993039,610,0.0,0.0,90315.29405467163,0.0
70.64813590049744,1163.582623,1204.731477,611,0.0,0.0,89774.17699688116,0.0
70.65335488319397,1218.696499,1206.82623,611,0.0,0.0,89930.27379536029,0.0
70.67780613899231,1218.696499,1208.60677,611,0.0,0.0,90062.95607034166,0.0
70.67781591415405,1156.295674,1200.760106,611,0.0,0.0,89478.23838327231,0.0
70.6834089756012,1218.382901,1203.403525,611,0.0,0.0,89675.22067327928,0.0
70.7286217212677,1184.381865,1200.550276,612,0.0,0.0,89462.60227189076,0.0
70.72863435745239,1184.381865,1198.125014,612,0.0,0.0,89281.8766046292,0.0
70.72869181632996,1184.381865,1196.063542,612,0.0,0.0,89128.25983961951,0.0
70.72873330116272,1184.381865,1194.31129,612,0.0,0.0,88997.68552974686,0.0
70.73382186889648,1184.381865,1192.821877,612,0.0,0.0,88886.6974557767,0.0
70.7442717552185,1154.631859,1187.093374,613,0.0,0.0,88459.82088446822,0.0
70.76654624938965,1154.631859,1182.224147,613,0.0,0.0,88096.97583984089,0.0
70.77101683616638,1250.437278,1192.456116,613,0.0,0.0,88859.44167855212,0.0
70.77613973617554,1249.44075,1201.003811,613,0.0,0.0,89496.39879181374,0.0
70.7982177734375,1249.44075,1208.269352,613,0.0,0.0,90037.81235671564,0.0
70.82900094985962,1186.965516,1205.073777,614,0.0,0.0,89799.68450737018,0.0
70.8290147781372,1186.965516,1202.357538,614,0.0,0.0,89597.27581679702,0.0
70.8291928768158,1186.965516,1200.048734,614,0.0,0.0,89425.22836646953,0.0
70.82920002937317,1186.965516,1198.086252,614,0.0,0.0,89278.98813801639,0.0
70.83340859413147,1186.965516,1196.418141,614,0.0,0.0,89154.6838469578,0.0
70.84366965293884,1168.312297,1192.202264,615,0.0,0.0,88840.52513589169,0.0
70.85545921325684,1124.330236,1182.02146,615,0.0,0.0,88081.87201051431,0.0
70.86416363716125,1124.330236,1173.367777,615,0.0,0.0,87437.01688375075,0.0
70.87766313552856,1250.348159,1184.914834,615,0.0,0.0,88297.48044654605,0.0
70.8871910572052,1250.348159,1194.729833,615,0.0,0.0,89028.87451590697,0.0
70.92868995666504,1237.390357,1201.128911,616,0.0,0.0,89505.72099328082,0.0
70.92870593070984,1237.390357,1206.568128,616,0.0,0.0,89911.04055121119,0.0
70.9287109375,1237.390357,1211.191462,616,0.0,0.0,90255.56214191891,0.0
70.92871475219727,1237.390357,1215.121297,616,0.0,0.0,90548.40557599025,0.0
70.93339657783508,1237.390357,1218.461656,616,0.0,0.0,90797.32243906241,0.0
70.94338750839233,1150.064728,1208.202116,617,0.0,0.0,90032.80206464659,0.0
70.95382499694824,1150.064728,1199.481508,617,0.0,0.0,89382.95982091113,0.0
70.96442174911499,1234.412403,1204.721142,617,0.0,0.0,89773.40685337866,0.0
70.97353887557983,1124.436432,1192.678436,617,0.0,0.0,88876.00851972045,0.0
70.99817848205566,1124.436432,1182.442135,617,0.0,0.0,88113.21986904475,0.0
71.05864429473877,1282.381111,1197.432982,619,0.0,0.0,89230.30776589496,0.0
71.05866146087646,1282.381111,1210.175201,619,0.0,0.0,90179.83240742552,0.0
71.05866599082947,1282.381111,1221.006087,619,0.0,0.0,90986.9283415488,0.0
71.05866956710815,1282.381111,1230.212341,619,0.0,0.0,91672.9599526198,0.0
71.05867314338684,1282.381111,1238.037656,619,0.0,0.0,92256.08675496395,0.0
71.05870175361633,1282.381111,1244.689175,619,0.0,0.0,92751.74463010396,0.0
71.05884671211243,1282.381111,1250.342965,619,0.0,0.0,93173.05373827729,0.0
71.06369924545288,1282.381111,1255.148687,619,0.0,0.0,93531.16651748361,0.0
71.07449674606323,1316.595455,1264.365702,619,0.0,0.0,94218.00001672398,0.0
71.08348298072815,1316.595455,1272.200165,620,0.0,0.0,94801.80850970776,0.0
71.13333940505981,1199.117391,1261.237749,620,0.0,0.0,93984.9112233945,0.0
71.13334846496582,1199.117391,1251.919695,620,0.0,0.0,93290.54850022109,0.0
71.13335180282593,1199.117391,1243.99935,620,0.0,0.0,92700.34025258984,0.0
71.13335371017456,1199.117391,1237.267056,621,0.0,0.0,92198.66318621478,0.0
71.1333556175232,1199.117391,1231.544606,621,0.0,0.0,91772.23767234418,0.0
71.1433687210083,1165.653481,1221.660937,621,0.0,0.0,91035.72645210606,0.0
71.1533305644989,1165.653481,1213.259819,621,0.0,0.0,90409.69196334032,0.0
71.16379451751709,1078.120741,1192.988957,621,0.0,0.0,88899.14792277204,0.0
71.17341637611389,1093.574481,1178.076786,621,0.0,0.0,87787.92280388046,0.0
71.18373990058899,1093.574481,1165.40144,622,0.0,0.0,86843.3814043859,0.0
71.22825384140015,1178.96384,1167.4358,622,0.0,0.0,86994.97783745179,0.0
71.22827219963074,1178.96384,1169.165006,622,0.0,0.0,87123.83480555777,0.0
71.2283627986908,1178.96384,1170.634831,622,0.0,0.0,87233.36322099605,0.0
71.23051571846008,1178.96384,1171.884183,622,0.0,0.0,87326.46243000709,0.0
71.25155687332153,1178.96384,1172.946131,623,0.0,0.0,87405.59666824488,0.0
71.25164341926575,1156.691513,1170.507939,623,0.0,0.0,87223.90748327777,0.0
71.25349521636963,1218.283763,1177.674312,623,0.0,0.0,87757.93124741956,0.0
71.26334309577942,1218.283763,1183.76573,623,0.0,0.0,88211.85151773221,0.0
71.27333188056946,1203.300742,1186.695982,623,0.0,0.0,88430.20802846982,0.0
71.28335928916931,1203.300742,1189.186696,623,0.0,0.0,88615.81104769318,0.0
71.33313465118408,1144.84894,1182.536032,624,0.0,0.0,88120.21688544087,0.0
71.33314394950867,1144.84894,1176.882968,624,0.0,0.0,87698.9618773336,0.0
71.33314633369446,1144.84894,1172.077864,624,0.0,0.0,87340.89515024965,0.0
71.33314871788025,1144.84894,1167.993526,624,0.0,0.0,87036.53846203547,0.0
71.33981537818909,1144.84894,1164.521838,624,0.0,0.0,86777.83522489082,0.0
71.36224126815796,1197.608984,1169.48491,625,0.0,0.0,87147.67341097837,0.0
71.3622534275055,1123.716716,1162.619681,625,0.0,0.0,86636.09029462711,0.0
71.36339521408081,1123.716716,1156.784236,625,0.0,0.0,86201.24461964723,0.0
71.37337899208069,1266.17338,1173.192607,625,0.0,0.0,87423.96356615693,0.0
71.38333106040955,1266.17338,1187.139723,625,0.0,0.0,88463.27471912684,0.0
71.44362115859985,1206.098229,1189.983499,626,0.0,0.0,88675.18721152659,0.0
71.44363021850586,1206.098229,1192.400709,626,0.0,0.0,88855.31285987355,0.0
71.44363307952881,1206.098229,1194.455337,626,0.0,0.0,89008.41962370949,0.0
71.4436354637146,1206.098229,1196.201771,626,0.0,0.0,89138.56038787361,0.0
71.44363737106323,1206.098229,1197.686239,626,0.0,0.0,89249.17997034693,0.0
71.44363927841187,1223.607248,1201.574391,627,0.0,0.0,89538.91727073526,0.0
71.4714515209198,1218.43272,1204.10314,627,0.0,0.0,89727.35458198735,0.0
71.47148656845093,1218.43272,1206.252577,627,0.0,0.0,89887.52632263297,0.0
71.47331070899963,1156.379225,1198.771574,627,0.0,0.0,89330.0569609885,0.0
71.48334050178528,1156.379225,1192.412722,627,0.0,0.0,88856.2080445756,0.0
71.53079319000244,1234.480678,1198.722915,628,0.0,0.0,89326.43098975599,0.0
71.53080296516418,1234.480678,1204.08658,628,0.0,0.0,89726.12056395142,0.0
71.53080701828003,1234.480678,1208.645694,628,0.0,0.0,90065.85660887008,0.0
71.53081059455872,1234.480678,1212.520942,628,0.0,0.0,90354.63232902071,0.0
71.53337240219116,1234.480678,1215.814902,628,0.0,0.0,90600.09163153433,0.0
71.55746555328369,1182.095695,1210.757021,629,0.0,0.0,90223.18846863709,0.0
71.55747652053833,1249.820276,1216.616509,629,0.0,0.0,90659.82577982699,0.0
71.5694215297699,1249.820276,1221.597074,629,0.0,0.0,91030.967509242,0.0
71.5733368396759,1218.611992,1221.149312,629,0.0,0.0,90997.60118171763,0.0
71.59773898124695,1218.611992,1220.768714,630,0.0,0.0,90969.23978096656,0.0
71.62837409973145,1143.578203,1209.190137,630,0.0,0.0,90106.42741089514,0.0
71.62838459014893,1143.578203,1199.348347,630,0.0,0.0,89373.0369298675,0.0
71.62844347953796,1143.578203,1190.982826,630,0.0,0.0,88749.65505825302,0.0
71.62849164009094,1143.578203,1183.872132,630,0.0,0.0,88219.78038168504,0.0
71.63333296775818,1143.578203,1177.828043,630,0.0,0.0,87769.38697366844,0.0
71.64338898658752,1182.04047,1178.459907,631,0.0,0.0,87816.47221353883,0.0
71.67393231391907,1218.47097,1184.461566,631,0.0,0.0,88263.70382292835,0.0
71.68068432807922,1218.47097,1189.562977,631,0.0,0.0,88643.85075424975,0.0
71.68069362640381,1172.010367,1186.930085,631,0.0,0.0,88447.65291520077,0.0
71.68332815170288,1249.804031,1196.361177,631,0.0,0.0,89150.43900375739,0.0
71.72866153717041,1197.022938,1196.460441,632,0.0,0.0,89157.83595824521,0.0
71.72867894172668,1197.022938,1196.544816,632,0.0,0.0,89164.12341427067,0.0
71.72868347167969,1197.022938,1196.616534,632,0.0,0.0,89169.46769600382,0.0
71.72868776321411,1197.022938,1196.677495,632,0.0,0.0,89174.01038763954,0.0
71.73340344429016,1197.022938,1196.729311,632,0.0,0.0,89177.87161218966,0.0
71.74332904815674,1138.473633,1187.99096,633,0.0,0.0,88526.70719562742,0.0
71.7540819644928,1218.468777,1192.562632,633,0.0,0.0,88867.37903755663,0.0
71.76340079307556,1218.468777,1196.448554,633,0.0,0.0,89156.95016281086,0.0
71.79887247085571,1249.930191,1204.4708,633,0.0,0.0,89754.75186888891,0.0
71.7988829612732,1249.930191,1211.289708,633,0.0,0.0,90262.88323708545,0.0
71.8287832736969,1161.379023,1203.803106,634,0.0,0.0,89704.99664917387,0.0
71.82880473136902,1161.379023,1197.439493,634,0.0,0.0,89230.79295257563,0.0
71.8289041519165,1161.379023,1192.030423,634,0.0,0.0,88827.71988871101,0.0
71.82899188995361,1161.379023,1187.432713,634,0.0,0.0,88485.1077471671,0.0
71.8332793712616,1161.379023,1183.524659,634,0.0,0.0,88193.8873895958,0.0
71.84331965446472,1244.371151,1192.651633,635,0.0,0.0,88874.01121383777,0.0
71.85333299636841,1093.485267,1177.776678,635,0.0,0.0,87765.55935673513,0.0
71.86335730552673,1093.485267,1165.132967,635,0.0,0.0,86823.3753340864,0.0
71.87338590621948,1265.806137,1180.233942,635,0.0,0.0,87948.66974894753,0.0
71.90976333618164,1312.201737,1200.029111,635,0.0,0.0,89423.76609980776,0.0
71.93846774101257,1233.355329,1205.028044,636,0.0,0.0,89796.27657579786,0.0
71.9384777545929,1233.355329,1209.277137,636,0.0,0.0,90112.91047666357,0.0
71.93848180770874,1233.355329,1212.888866,636,0.0,0.0,90382.04928867353,0.0
71.93848395347595,1233.355329,1215.958835,636,0.0,0.0,90610.81723044526,0.0
71.93848729133606,1233.355329,1218.568309,636,0.0,0.0,90805.27000703257,0.0
71.94328427314758,1153.764696,1208.847767,637,0.0,0.0,90080.91468414626,0.0
71.95333123207092,1218.398614,1210.280394,637,0.0,0.0,90187.67117911956,0.0
71.96609091758728,1218.398614,1211.498127,637,0.0,0.0,90278.41420357276,0.0
71.97335195541382,1156.310533,1203.219988,637,0.0,0.0,89661.54386360174,0.0
72.00444841384888,1156.310533,1196.18357,637,0.0,0.0,89137.20408580406,0.0
72.05787014961243,1237.746267,1202.417974,639,0.0,0.0,89601.77938648418,0.0
72.05788278579712,1237.746267,1207.717218,639,0.0,0.0,89996.66843677308,0.0
72.0580382347107,1237.746267,1212.221576,639,0.0,0.0,90332.32417422942,0.0
72.05805826187134,1237.746267,1216.05028,639,0.0,0.0,90617.6315287119,0.0
72.05820274353027,1237.746267,1219.304678,639,0.0,0.0,90860.14275021484,0.0
72.05824756622314,1237.746267,1222.070916,639,0.0,0.0,91066.27726613692,0.0
72.05833435058594,1237.746267,1224.422219,639,0.0,0.0,91241.49165683333,0.0
72.06327629089355,1237.746267,1226.420826,639,0.0,0.0,91390.42384794033,0.0
72.07622337341309,1296.138048,1236.878409,639,0.0,0.0,92169.70199010312,0.0
72.08333396911621,1124.958939,1220.090489,640,0.0,0.0,90918.69981222153,0.0
72.14408349990845,1205.831581,1217.951653,640,0.0,0.0,90759.31803686572,0.0
72.1440966129303,1205.831581,1216.133642,640,0.0,0.0,90623.84349800607,0.0
72.1440999507904,1205.831581,1214.588333,640,0.0,0.0,90508.69016605665,0.0
72.14410281181335,1205.831581,1213.27482,640,0.0,0.0,90410.80980781838,0.0
72.14412713050842,1205.831581,1212.158334,641,0.0,0.0,90327.61150704173,0.0
72.1441297531128,1236.909058,1215.870943,641,0.0,0.0,90604.2676946232,0.0
72.15325474739075,1218.741591,1216.30154,641,0.0,0.0,90636.35492072321,0.0
72.1633026599884,1062.482788,1193.228727,641,0.0,0.0,88917.01510299392,0.0
72.17331981658936,1186.70728,1192.25051,641,0.0,0.0,88844.12033119128,0.0
72.18332958221436,1186.70728,1191.419025,642,0.0,0.0,88782.15973417414,0.0
72.23294496536255,1185.632026,1190.550976,642,0.0,0.0,88717.47446110235,0.0
72.23295617103577,1185.632026,1189.813133,642,0.0,0.0,88662.491878392,0.0
72.23295950889587,1185.632026,1189.185967,642,0.0,0.0,88615.75672407307,0.0
72.23296236991882,1185.632026,1188.652876,642,0.0,0.0,88576.03185035384,0.0
72.23327398300171,1185.632026,1188.199748,642,0.0,0.0,88542.26565925576,0.0
72.26155996322632,1152.979191,1182.916665,643,0.0,0.0,88148.58089432186,0.0
72.26159262657166,1218.7461,1188.29108,643,0.0,0.0,88549.07153698869,0.0
72.26324391365051,1218.7461,1192.859333,643,0.0,0.0,88889.48860188501,0.0
72.27326607704163,1218.732572,1196.740319,643,0.0,0.0,89178.69190630438,0.0
72.28329372406006,1218.732572,1200.039157,643,0.0,0.0,89424.51470760902,0.0
72.34368562698364,1151.852645,1192.81118,644,0.0,0.0,88885.90033675915,0.0
72.3436951637268,1151.852645,1186.6674,644,0.0,0.0,88428.07815506987,0.0
72.34369826316833,1151.852645,1181.445187,644,0.0,0.0,88038.92930063397,0.0
72.34370112419128,1151.852645,1177.006305,644,0.0,0.0,87708.15270357138,0.0
72.34370279312134,1151.852645,1173.233256,644,0.0,0.0,87426.99264823075,0.0
72.34370517730713,1214.402594,1179.408657,645,0.0,0.0,87887.17116351389,0.0
72.37213182449341,1249.958876,1189.99119,645,0.0,0.0,88675.76032944412,0.0
72.37216353416443,1093.137187,1175.463089,645,0.0,0.0,87593.1553377904,0.0
72.37325143814087,1093.137187,1163.114204,645,0.0,0.0,86672.94115822503,0.0
72.38326501846313,1265.914008,1178.534175,645,0.0,0.0,87822.00651616517,0.0
72.44170308113098,1246.218419,1188.686811,646,0.0,0.0,88578.56061859352,0.0
72.44171404838562,1246.218419,1197.316553,646,0.0,0.0,89221.63170998283,0.0
72.44171738624573,1246.218419,1204.651833,646,0.0,0.0,89768.2420855011,0.0
72.44171977043152,1246.218419,1210.886821,646,0.0,0.0,90232.86090469165,0.0
72.44172239303589,1246.218419,1216.18656,647,0.0,0.0,90627.78684138923,0.0
72.4533543586731,1177.444364,1210.375231,647,0.0,0.0,90194.73824243319,0.0
72.45336174964905,1177.444364,1205.435601,647,0.0,0.0,89826.64690723924,0.0
72.4817636013031,1218.660368,1207.419316,647,0.0,0.0,89974.46937632989,0.0
72.48179626464844,1218.660368,1209.105474,647,0.0,0.0,90100.11849368643,0.0
72.4832181930542,1171.992785,1203.53857,648,0.0,0.0,89685.28395622988,0.0
72.52846384048462,1214.184823,1205.135508,648,0.0,0.0,89804.28457786389,0.0
72.52847528457642,1214.184823,1206.492905,648,0.0,0.0,89905.4350838974,0.0
72.52847933769226,1214.184823,1207.646693,648,0.0,0.0,89991.41305501075,0.0
72.52857804298401,1214.184823,1208.627412,648,0.0,0.0,90064.49427084273,0.0
72.53337574005127,1214.184823,1209.461024,649,0.0,0.0,90126.6133676402,0.0
72.54936790466309,1253.385729,1216.04973,649,0.0,0.0,90617.59054381339,0.0
72.55594301223755,1253.385729,1221.65013,649,0.0,0.0,91034.9211361088,0.0
72.56532716751099,1171.836505,1214.178086,649,0.0,0.0,90478.11938120246,0.0
72.5732843875885,1187.001578,1210.10161,649,0.0,0.0,90174.34855348337,0.0
72.60190057754517,1187.001578,1206.636605,650,0.0,0.0,89916.14332011492,0.0
72.62956404685974,1190.709256,1204.247503,650,0.0,0.0,89738.11222363717,0.0
72.6295759677887,1190.709256,1202.216766,650,0.0,0.0,89586.78576927568,0.0
72.62957978248596,1190.709256,1200.490639,650,0.0,0.0,89458.15824208347,0.0
72.62958264350891,1190.709256,1199.023432,650,0.0,0.0,89348.8249147622,0.0
72.6364860534668,1190.709256,1197.776306,650,0.0,0.0,89255.89158281323,0.0
72.64394688606262,1134.008031,1188.211064,651,0.0,0.0,88543.10890491365,0.0
72.67982268333435,1218.716729,1192.786914,651,0.0,0.0,88884.09208303574,0.0
72.67988681793213,1249.963626,1201.363421,651,0.0,0.0,89523.19620883669,0.0
72.67989206314087,1218.398614,1203.9187,651,0.0,0.0,89713.61048255823,0.0
72.68325757980347,1187.423649,1201.444442,651,0.0,0.0,89529.23373149907,0.0
72.728342294693,1186.716003,1199.235176,652,0.0,0.0,89364.60365359068,0.0
72.72835683822632,1186.716003,1197.3573,652,0.0,0.0,89224.66809482037,0.0
72.72850155830383,1186.716003,1195.761106,652,0.0,0.0,89105.7229145764,0.0
72.72858595848083,1186.716003,1194.40434,652,0.0,0.0,89004.61942939922,0.0
72.7333037853241,1186.716003,1193.251089,652,0.0,0.0,88918.68147445042,0.0
72.75048637390137,1210.326661,1195.812425,653,0.0,0.0,89109.54710368183,0.0
72.75562834739685,1210.326661,1197.98956,653,0.0,0.0,89271.78284381771,0.0
72.76335310935974,1203.609272,1198.832517,653,0.0,0.0,89334.59831130032,0.0
72.79826235771179,1187.014748,1197.059852,653,0.0,0.0,89202.50286554798,0.0
72.79827332496643,1187.014748,1195.553086,653,0.0,0.0,89090.22168077,0.0
72.83140420913696,1196.368647,1195.67542,654,0.0,0.0,89099.33776545642,0.0
72.83141493797302,1196.368647,1195.779404,654,0.0,0.0,89107.0864448917,0.0
72.83141875267029,1196.368647,1195.867791,654,0.0,0.0,89113.67286712246,0.0
72.83142161369324,1196.368647,1195.942919,654,0.0,0.0,89119.27125522653,0.0
72.83321714401245,1196.368647,1196.006778,654,0.0,0.0,89124.02990001858,0.0
72.84326910972595,1175.22619,1192.88969,655,0.0,0.0,88891.7507447302,0.0
72.85385966300964,1175.22619,1190.240165,655,0.0,0.0,88694.31344783152,0.0
72.86330223083496,1218.753534,1194.517171,655,0.0,0.0,89013.02736955692,0.0
72.894198179245,1218.753534,1198.152625,655,0.0,0.0,89283.93412105372,0.0
72.89421010017395,1218.843851,1201.256309,655,0.0,0.0,89515.21443710578,0.0
72.93112635612488,1200.908899,1201.204198,656,0.0,0.0,89511.33122974643,0.0
72.93113732337952,1200.908899,1201.159903,656,0.0,0.0,89508.03045505434,0.0
72.93114113807678,1200.908899,1201.122252,656,0.0,0.0,89505.22477793653,0.0
72.93114399909973,1200.908899,1201.090249,656,0.0,0.0,89502.8399784677,0.0
72.93319177627563,1200.908899,1201.063047,656,0.0,0.0,89500.81293990412,0.0
72.94322276115417,1188.893859,1199.237669,657,0.0,0.0,89364.78942695807,0.0
72.9532401561737,1218.691381,1202.155725,657,0.0,0.0,89582.2371162001,0.0
72.96488857269287,1218.691381,1204.636074,657,0.0,0.0,89767.06775638103,0.0
72.97331690788269,1187.11217,1202.007488,657,0.0,0.0,89571.19079182862,0.0
72.99488615989685,1187.11217,1199.773191,657,0.0,0.0,89404.69545392884,0.0
73.06028175354004,1211.031567,1201.461947,659,0.0,0.0,89530.53816904248,0.0
73.06029224395752,1211.031567,1202.89739,659,0.0,0.0,89637.50450669628,0.0
73.0602958202362,1211.031567,1204.117517,659,0.0,0.0,89728.4259272351,0.0
73.06029891967773,1211.031567,1205.154624,659,0.0,0.0,89805.709063901,0.0
73.06030106544495,1211.031567,1206.036166,659,0.0,0.0,89871.39980831093,0.0
73.06030368804932,1211.031567,1206.785476,659,0.0,0.0,89927.23688889676,0.0
73.06030607223511,1211.031567,1207.422389,659,0.0,0.0,89974.69837013571,0.0
73.06321573257446,1211.031567,1207.963766,659,0.0,0.0,90015.04069998092,0.0
73.10097336769104,1181.006331,1203.920151,659,0.0,0.0,89713.71860817235,0.0
73.10098576545715,1181.006331,1200.483078,659,0.0,0.0,89457.59481150558,0.0
73.13831233978271,1212.544764,1202.292331,660,0.0,0.0,89592.41672174456,0.0
73.13832306861877,1212.544764,1203.830196,660,0.0,0.0,89707.01534172175,0.0
73.13832688331604,1212.544764,1205.137381,660,0.0,0.0,89804.42415007288,0.0
73.13833022117615,1212.544764,1206.248489,660,0.0,0.0,89887.22169305987,0.0
73.13833284378052,1212.544764,1207.19293,661,0.0,0.0,89957.59954498438,0.0
73.14319491386414,1241.734259,1212.374129,661,0.0,0.0,90343.69211827742,0.0
73.15319681167603,1241.734259,1216.778149,661,0.0,0.0,90671.87086891681,0.0
73.16339707374573,1156.25873,1207.700236,661,0.0,0.0,89995.40297214227,0.0
73.17324447631836,1187.429704,1204.659656,661,0.0,0.0,89768.82503979428,0.0
73.19503474235535,1186.928731,1202.000017,661,0.0,0.0,89570.6340678705,0.0
73.24903440475464,1183.614719,1199.242223,662,0.0,0.0,89365.12878191793,0.0
73.24904823303223,1183.614719,1196.898097,662,0.0,0.0,89190.44920688846,0.0
73.24905204772949,1183.614719,1194.90559,662,0.0,0.0,89041.97157556523,0.0
73.24905514717102,1183.614719,1193.21196,662,0.0,0.0,88915.76565973254,0.0
73.24915385246277,1183.614719,1191.772374,662,0.0,0.0,88808.49059401578,0.0
73.24915814399719,1136.342363,1183.457872,663,0.0,0.0,88188.91055610754,0.0
73.2531852722168,1136.342363,1176.390546,663,0.0,0.0,87662.2675760481,0.0
73.26323938369751,1250.186528,1187.459943,663,0.0,0.0,88487.13687223464,0.0
73.27322101593018,1124.962651,1178.085349,663,0.0,0.0,87788.56090149166,0.0
73.28444600105286,1124.962651,1170.116945,663,0.0,0.0,87194.77139342633,0.0
73.33108735084534,1276.56675,1186.084415,664,0.0,0.0,88384.63528039139,0.0
73.3310968875885,1276.56675,1199.656766,664,0.0,0.0,89396.01969608873,0.0
73.33110070228577,1276.56675,1211.193263,664,0.0,0.0,90255.6963488321,0.0
73.33110356330872,1276.56675,1220.999286,664,0.0,0.0,90986.42154464891,0.0
73.33355474472046,1276.56675,1229.334406,665,0.0,0.0,91607.5379946263,0.0
73.34718823432922,1319.527363,1242.863349,665,0.0,0.0,92615.68773309512,0.0
73.36283922195435,1319.527363,1254.362951,665,0.0,0.0,93472.61504432673,0.0
73.36319208145142,1234.372902,1251.364444,665,0.0,0.0,93249.17230768078,0.0
73.3731837272644,1234.372902,1248.815713,665,0.0,0.0,93059.24597780583,0.0
73.38324213027954,1234.049458,1246.600774,666,0.0,0.0,92894.19315929853,0.0
73.44602632522583,1142.391789,1230.969427,666,0.0,0.0,91729.37648515294,0.0
73.44603705406189,1142.391789,1217.682781,666,0.0,0.0,90739.28223388527,0.0
73.44604086875916,1142.391789,1206.389132,666,0.0,0.0,89897.70212775955,0.0
73.44604396820068,1142.391789,1196.789531,666,0.0,0.0,89182.35908598939,0.0
73.44604659080505,1142.391789,1188.62987,667,0.0,0.0,88574.31748930707,0.0
73.44608879089355,1072.582273,1171.22273,667,0.0,0.0,87277.17227711345,0.0
73.47825884819031,1072.582273,1156.426662,667,0.0,0.0,86174.59892126688,0.0
73.47827196121216,1203.102863,1163.428092,667,0.0,0.0,86696.33146337367,0.0
73.47829508781433,1203.102863,1169.379307,667,0.0,0.0,87139.80408690541,0.0
73.48316645622253,1187.535329,1172.102711,668,0.0,0.0,87342.7466989295,0.0
73.55069470405579,1221.369137,1179.492675,668,0.0,0.0,87893.43201661427,0.0
73.55070638656616,1221.369137,1185.774144,668,0.0,0.0,88361.51450683913,0.0
73.550710439682,1221.369137,1191.113393,668,0.0,0.0,88759.38464961157,0.0
73.55071306228638,1221.369137,1195.651754,668,0.0,0.0,89097.57422253142,0.0
73.55071592330933,1221.369137,1199.509362,669,0.0,0.0,89385.035445209,0.0
73.55434942245483,1148.129132,1191.802327,669,0.0,0.0,88810.72263159006,0.0
73.55435490608215,1148.129132,1185.251348,669,0.0,0.0,88322.55679590248,0.0
73.58677458763123,1234.40944,1192.625062,669,0.0,0.0,88872.03119613048,0.0
73.58678722381592,1234.40944,1198.892719,669,0.0,0.0,89339.08444377608,0.0
73.58679127693176,1202.837822,1199.484484,670,0.0,0.0,89383.18158647121,0.0
73.62850713729858,1190.519355,1198.139715,670,0.0,0.0,89282.97209370809,0.0
73.62851905822754,1190.519355,1196.996661,670,0.0,0.0,89197.79399877814,0.0
73.62852334976196,1190.519355,1196.025065,670,0.0,0.0,89125.39261063591,0.0
73.62859392166138,1190.519355,1195.199208,670,0.0,0.0,89063.85140090779,0.0
73.63433122634888,1190.519355,1194.49723,671,0.0,0.0,89011.541406172,0.0
73.64662146568298,1199.830094,1195.29716,671,0.0,0.0,89071.15058778312,0.0
73.6626706123352,1199.830094,1195.9771,671,0.0,0.0,89121.81835489356,0.0
73.66638851165771,1187.490263,1194.704074,671,0.0,0.0,89026.9550068135,0.0
73.68320059776306,1187.490263,1193.622003,671,0.0,0.0,88946.32124291528,0.0
73.68321466445923,1202.928021,1195.017905,672,0.0,0.0,89050.3410644363,0.0
73.7412314414978,1209.047746,1197.122381,672,0.0,0.0,89207.16240140355,0.0
73.74125814437866,1209.047746,1198.911186,672,0.0,0.0,89340.46056763295,0.0
73.7412621974945,1209.047746,1200.43167,672,0.0,0.0,89453.76399029842,0.0
73.74126529693604,1209.047746,1201.724082,672,0.0,0.0,89550.07194427485,0.0
73.74129223823547,1209.047746,1202.822631,673,0.0,0.0,89631.93361573326,0.0
73.76298880577087,1225.798744,1206.269048,673,0.0,0.0,89888.75370856715,0.0
73.76299905776978,1225.798744,1209.198502,673,0.0,0.0,90107.05075394285,0.0
73.76318025588989,1188.493878,1206.092809,673,0.0,0.0,89875.62073123417,0.0
73.79707956314087,1188.493878,1203.452969,673,0.0,0.0,89678.9051411397,0.0
73.79708981513977,1171.569279,1198.670416,674,0.0,0.0,89322.51886941372,0.0
73.82865834236145,1183.961231,1196.464038,674,0.0,0.0,89158.10399948165,0.0
73.82872414588928,1183.961231,1194.588617,674,0.0,0.0,89018.35138239479,0.0
73.82875895500183,1183.961231,1192.994509,674,0.0,0.0,88899.56164669326,0.0
73.82885384559631,1183.961231,1191.639517,674,0.0,0.0,88798.59035644337,0.0
73.83316946029663,1183.961231,1190.487774,675,0.0,0.0,88712.76477463453,0.0
73.85237956047058,1284.585759,1204.602472,675,0.0,0.0,89764.56380263447,0.0
73.85947895050049,1124.932842,1192.652027,675,0.0,0.0,88874.04057392872,0.0
73.87390446662903,1124.932842,1182.494149,675,0.0,0.0,88117.09584815834,0.0
73.87396359443665,1250.086193,1192.632956,675,0.0,0.0,88872.61944120147,0.0
73.89097189903259,1249.950877,1201.230644,676,0.0,0.0,89513.30193270407,0.0
73.92842674255371,1199.076669,1200.907548,676,0.0,0.0,89489.22546583595,0.0
73.92843842506409,1199.076669,1200.632916,676,0.0,0.0,89468.76043919082,0.0
73.92844295501709,1199.076669,1200.399479,676,0.0,0.0,89451.36518144608,0.0
73.92868041992188,1199.076669,1200.201058,676,0.0,0.0,89436.57924589617,0.0
73.9347517490387,1199.076669,1200.032399,677,0.0,0.0,89424.011114983,0.0
73.9432430267334,1215.399667,1202.33749,677,0.0,0.0,89595.78187998637,0.0
73.96456718444824,1187.44229,1200.10321,677,0.0,0.0,89429.28780889255,0.0
73.96458601951599,1187.44229,1198.204072,677,0.0,0.0,89287.76784846283,0.0
73.98521161079407,1124.980707,1187.220567,677,0.0,0.0,88469.29905210371,0.0
73.98524522781372,1218.054734,1191.845692,678,0.0,0.0,88813.95410454467,0.0
74.05853724479675,1225.920886,1196.956971,679,0.0,0.0,89194.83637946377,0.0
74.05855941772461,1225.920886,1201.301558,679,0.0,0.0,89518.58630196734,0.0
74.05860233306885,1225.920886,1204.994457,679,0.0,0.0,89793.77373982126,0.0
74.05881834030151,1225.920886,1208.133422,679,0.0,0.0,90027.68312533741,0.0
74.05882573127747,1225.920886,1210.801541,679,0.0,0.0,90226.5060098786,0.0
74.0589849948883,1225.920886,1213.069443,679,0.0,0.0,90395.50552507896,0.0
74.05904698371887,1225.920886,1214.997159,679,0.0,0.0,90539.15506083664,0.0
74.0745599269867,1225.920886,1216.635718,679,0.0,0.0,90661.25719603787,0.0
74.07457208633423,1161.758957,1208.404204,679,0.0,0.0,90047.86125769276,0.0
74.09436988830566,1161.758957,1201.407417,680,0.0,0.0,89526.47470264761,0.0
74.12820792198181,1214.914672,1203.433505,680,0.0,0.0,89677.4547228395,0.0
74.12827134132385,1214.914672,1205.15568,680,0.0,0.0,89805.78775490621,0.0
74.12836623191833,1214.914672,1206.619529,680,0.0,0.0,89914.87085079239,0.0
74.1284589767456,1214.914672,1207.863801,680,0.0,0.0,90007.59150837694,0.0
74.13311266899109,1214.914672,1208.921431,681,0.0,0.0,90086.40397790223,0.0
74.143141746521,1170.157246,1203.106804,681,0.0,0.0,89653.10961859096,0.0
74.15440821647644,1218.713317,1205.447781,681,0.0,0.0,89827.55453644683,0.0
74.16328644752502,1218.749513,1207.44304,681,0.0,0.0,89976.23724129875,0.0
74.18475651741028,1218.749513,1209.139011,681,0.0,0.0,90102.61760376317,0.0
74.18476867675781,1155.870585,1201.148747,682,0.0,0.0,89507.19913227603,0.0
74.23749995231628,1191.449194,1199.693814,682,0.0,0.0,89398.7804388541,0.0
74.23751044273376,1191.449194,1198.457121,682,0.0,0.0,89306.62455317136,0.0
74.23751449584961,1191.449194,1197.405932,682,0.0,0.0,89228.29205406694,0.0
74.23751711845398,1191.449194,1196.512422,682,0.0,0.0,89161.70947826486,0.0
74.23751997947693,1191.449194,1195.752937,683,0.0,0.0,89105.11417705614,0.0
74.2431960105896,1238.776184,1202.206424,683,0.0,0.0,89586.01510414718,0.0
74.25312542915344,1238.776184,1207.691888,683,0.0,0.0,89994.78089590048,0.0
74.26317501068115,1156.274108,1199.979221,683,0.0,0.0,89420.04839692054,0.0
74.2735161781311,1156.274108,1193.423454,683,0.0,0.0,88931.52576906167,0.0
74.28324389457703,1218.961673,1197.254187,684,0.0,0.0,89216.9843205608,0.0
74.35138773918152,1187.025823,1195.719932,684,0.0,0.0,89102.65471055398,0.0
74.35140180587769,1187.025823,1194.415816,684,0.0,0.0,89005.47459793667,0.0
74.35140609741211,1187.025823,1193.307317,684,0.0,0.0,88922.87147240476,0.0
74.35140919685364,1187.025823,1192.365093,684,0.0,0.0,88852.65882688033,0.0
74.35141253471375,1187.025823,1191.564202,685,0.0,0.0,88792.97803347379,0.0
74.35151410102844,1126.310124,1181.776091,685,0.0,0.0,88063.58760402532,0.0
74.35311436653137,1218.677245,1187.311264,685,0.0,0.0,88476.05761090832,0.0
74.36313700675964,1218.677245,1192.016161,685,0.0,0.0,88826.65711303298,0.0
74.3731210231781,1250.035251,1200.719024,685,0.0,0.0,89475.17703490566,0.0
74.38425827026367,1124.464305,1189.280817,686,0.0,0.0,88622.82475612068,0.0
74.4329743385315,1234.918016,1196.126396,686,0.0,0.0,89132.94359382424,0.0
74.4329845905304,1234.918016,1201.945139,686,0.0,0.0,89566.54466921256,0.0
74.43298816680908,1234.918016,1206.891071,686,0.0,0.0,89935.10561682573,0.0
74.43299150466919,1234.918016,1211.095112,686,0.0,0.0,90248.38233287534,0.0
74.43309569358826,1234.918016,1214.668548,687,0.0,0.0,90514.66762721319,0.0
74.44838666915894,1295.834502,1226.843441,687,0.0,0.0,91421.91627138559,0.0
74.4642813205719,1295.834502,1237.1921,687,0.0,0.0,92193.07761520626,0.0
74.46429395675659,1187.457667,1229.731935,687,0.0,0.0,91637.16105959033,0.0
74.47310781478882,1187.457667,1223.390795,687,0.0,0.0,91164.63200594629,0.0
74.48317384719849,1203.179083,1220.359038,688,0.0,0.0,90938.71154588884,0.0
74.53992795944214,1151.76264,1210.069579,688,0.0,0.0,90171.96166751062,0.0
74.53993797302246,1151.76264,1201.323538,688,0.0,0.0,89520.22420754886,0.0
74.53994083404541,1151.76264,1193.889403,688,0.0,0.0,88966.24735540363,0.0
74.53994297981262,1151.76264,1187.570389,688,0.0,0.0,88495.3670869687,0.0
74.53994536399841,1151.76264,1182.199226,689,0.0,0.0,88095.11877682921,0.0
74.54309320449829,1107.056231,1170.927777,689,0.0,0.0,87255.19297024443,0.0
74.56676626205444,1218.731475,1178.098332,689,0.0,0.0,87789.52836865111,0.0
74.56679511070251,1218.514705,1184.160788,689,0.0,0.0,88241.29044872483,0.0
74.57310748100281,1218.514705,1189.313875,689,0.0,0.0,88625.2881720767,0.0
74.58316159248352,1187.323564,1189.015329,690,0.0,0.0,88603.04112204323,0.0
74.64773178100586,1226.05214,1194.57085,690,0.0,0.0,89017.02742113608,0.0
74.6477427482605,1226.05214,1199.293044,690,0.0,0.0,89368.91586106068,0.0
74.64774632453918,1226.05214,1203.306908,690,0.0,0.0,89668.02096793042,0.0
74.64774870872498,1226.05214,1206.718693,690,0.0,0.0,89922.26035348048,0.0
74.64775061607361,1226.05214,1209.61871,691,0.0,0.0,90138.36381256852,0.0
74.6477918624878,1155.024169,1201.429529,691,0.0,0.0,89528.12244460477,0.0
74.67477083206177,1155.024169,1194.468725,691,0.0,0.0,89009.41727065785,0.0
74.67478275299072,1218.734766,1198.108631,691,0.0,0.0,89280.65577627883,0.0
74.67480611801147,1218.734766,1201.202551,691,0.0,0.0,89511.20849860483,0.0
74.68311476707458,1171.720391,1196.780227,692,0.0,0.0,89181.66577054214,0.0
74.7283387184143,1200.309757,1197.309657,692,0.0,0.0,89221.11783387316,0.0
74.72835183143616,1200.309757,1197.759672,692,0.0,0.0,89254.65205044551,0.0
74.72835659980774,1200.309757,1198.142185,692,0.0,0.0,89283.15615316152,0.0
74.72844648361206,1200.309757,1198.46732,692,0.0,0.0,89307.38456222623,0.0
74.73317646980286,1200.309757,1198.743686,693,0.0,0.0,89327.97880307873,0.0
74.75120782852173,1231.944126,1203.723752,693,0.0,0.0,89699.08334801307,0.0
74.76304459571838,1231.944126,1207.956808,693,0.0,0.0,90014.52220375542,0.0
74.7630865573883,1188.049532,1204.970717,693,0.0,0.0,89792.00468256444,0.0
74.78980112075806,1188.049532,1202.432539,693,0.0,0.0,89602.86474111541,0.0
74.78982996940613,1187.214712,1200.149865,694,0.0,0.0,89432.7644460584,0.0
74.83138537406921,1180.999033,1197.27724,694,0.0,0.0,89218.70218395343,0.0
74.83139514923096,1180.999033,1194.835509,694,0.0,0.0,89036.74927979372,0.0
74.83139824867249,1180.999033,1192.760038,694,0.0,0.0,88882.08933733925,0.0
74.83140134811401,1180.999033,1190.995887,694,0.0,0.0,88750.62833781626,0.0
74.83587670326233,1180.999033,1189.496359,694,0.0,0.0,88638.88651430303,0.0
74.84314894676208,1165.146843,1185.843932,695,0.0,0.0,88366.7149688374,0.0
74.87298488616943,1165.146843,1182.739368,695,0.0,0.0,88135.3690769477,0.0
74.87308073043823,1203.088967,1185.791808,695,0.0,0.0,88362.83079274412,0.0
74.87309527397156,1203.088967,1188.386382,695,0.0,0.0,88556.17325117107,0.0
74.89992046356201,1234.456906,1195.296961,695,0.0,0.0,89071.13575870165,0.0
74.92824459075928,1202.06934,1196.312818,696,0.0,0.0,89146.8353879241,0.0
74.92825746536255,1202.06934,1197.176296,696,0.0,0.0,89211.18003923008,0.0
74.92826175689697,1202.06934,1197.910253,696,0.0,0.0,89265.87304500277,0.0
74.92833089828491,1202.06934,1198.534116,696,0.0,0.0,89312.36206637646,0.0
74.93312048912048,1202.06934,1199.064399,696,0.0,0.0,89351.87769355919,0.0
74.94376468658447,1206.243155,1200.141213,697,0.0,0.0,89432.11971634543,0.0
74.95318460464478,1206.243155,1201.056504,697,0.0,0.0,89500.3253686475,0.0
74.98416757583618,1203.160253,1201.372066,697,0.0,0.0,89523.84041692369,0.0
74.98421835899353,1187.472213,1199.287088,697,0.0,0.0,89368.47203186853,0.0
74.98422312736511,1218.100996,1202.109175,697,0.0,0.0,89578.76830342399,0.0
75.05785393714905,1198.596777,1201.582315,699,0.0,0.0,89539.50775134616,0.0
75.05788207054138,1198.596777,1201.134484,699,0.0,0.0,89506.13628207998,0.0
75.0579035282135,1198.596777,1200.753828,699,0.0,0.0,89477.77055928505,0.0
75.058278799057,1198.596777,1200.430271,699,0.0,0.0,89453.65973962014,0.0
75.05828642845154,1198.596777,1200.155247,699,0.0,0.0,89433.16550192007,0.0
75.05829048156738,1198.596777,1199.921476,699,0.0,0.0,89415.74535516421,0.0
75.05835771560669,1198.596777,1199.722771,699,0.0,0.0,89400.93825650304,0.0
75.0631513595581,1198.596777,1199.553872,699,0.0,0.0,89388.35224127054,0.0
75.09605479240417,1174.860615,1195.849884,699,0.0,0.0,89112.33847334412,0.0
75.09606575965881,1174.860615,1192.701493,699,0.0,0.0,88877.72668118507,0.0
75.14014410972595,1224.64997,1197.493765,701,0.0,0.0,89234.83719332718,0.0
75.14041113853455,1224.64997,1201.567196,701,0.0,0.0,89538.38111374438,0.0
75.14042973518372,1224.64997,1205.029612,701,0.0,0.0,89796.39342001772,0.0
75.14076733589172,1224.64997,1207.972665,701,0.0,0.0,90015.70383563923,0.0
75.14091801643372,1224.64997,1210.474261,701,0.0,0.0,90202.11775970962,0.0
75.14319705963135,1224.64997,1212.600617,701,0.0,0.0,90360.56955045866,0.0
75.15331745147705,1185.801287,1208.580718,701,0.0,0.0,90061.01472747499,0.0
75.16356706619263,1185.801287,1205.163803,701,0.0,0.0,89806.39306459858,0.0
75.17332696914673,1219.71864,1207.347029,701,0.0,0.0,89969.08269385627,0.0
75.1833143234253,1219.71864,1209.20277,702,0.0,0.0,90107.3687967555,0.0
75.24364995956421,1191.400928,1206.532494,703,0.0,0.0,89908.38517689404,0.0
75.24368023872375,1191.400928,1204.262759,703,0.0,0.0,89739.24907020455,0.0
75.24395298957825,1191.400928,1202.333484,703,0.0,0.0,89595.48336088905,0.0
75.24586725234985,1191.400928,1200.693601,703,0.0,0.0,89473.28256385932,0.0
75.24587321281433,1191.400928,1199.2997,703,0.0,0.0,89369.41185285099,0.0
75.24587631225586,1191.400928,1198.114884,703,0.0,0.0,89281.12173731619,0.0
75.25323939323425,1191.400928,1197.107791,703,0.0,0.0,89206.0751838224,0.0
75.26336216926575,1284.228918,1210.17596,703,0.0,0.0,90179.88896658551,0.0
75.27321791648865,1284.228918,1221.283903,703,0.0,0.0,91007.63063349744,0.0
75.28319811820984,1438.137382,1253.811925,704,0.0,0.0,93431.55369032519,0.0
75.34077334403992,1539.203473,1296.620657,705,0.0,0.0,96621.57466757244,0.0
75.3407826423645,1539.203473,1333.00808,705,0.0,0.0,99333.09255784698,0.0
75.34078621864319,1539.203473,1363.937389,705,0.0,0.0,101637.88272359544,0.0
75.34087610244751,1539.203473,1390.227301,705,0.0,0.0,103596.95431604495,0.0
75.34101891517639,1539.203473,1412.573727,705,0.0,0.0,105262.16522924142,0.0
75.36643409729004,1539.203473,1431.568189,705,0.0,0.0,106677.59449800663,0.0
75.36644577980042,1397.695954,1426.487354,705,0.0,0.0,106298.98084899847,0.0
75.36649513244629,1593.715416,1451.571563,706,0.0,0.0,108168.20586850276,0.0
75.37314200401306,1593.715416,1472.893141,706,0.0,0.0,109757.04716116271,0.0
75.3832037448883,1390.194665,1460.48837,706,0.0,0.0,108832.66846879807,0.0
75.4473443031311,1353.146258,1444.387053,707,0.0,0.0,107632.83057144322,0.0
75.44735360145569,1353.146258,1430.700934,707,0.0,0.0,106612.96839222469,0.0
75.4473569393158,1353.146258,1419.067733,707,0.0,0.0,105746.08555106666,0.0
75.44735956192017,1353.146258,1409.179511,707,0.0,0.0,105009.23505038662,0.0
75.44736123085022,1353.146258,1400.774523,707,0.0,0.0,104382.91217697118,0.0
75.44736361503601,1353.146258,1393.630284,707,0.0,0.0,103850.53779418244,0.0
75.47562980651855,1324.472885,1383.256674,708,0.0,0.0,103077.51715181019,0.0
75.47564244270325,1324.472885,1374.439106,708,0.0,0.0,102420.44964305278,0.0
75.4756920337677,1328.070416,1367.483802,708,0.0,0.0,101902.15431809123,0.0
75.48314571380615,1328.070416,1361.571794,708,0.0,0.0,101461.60332168112,0.0
75.54376149177551,1427.449559,1371.453459,710,0.0,0.0,102197.96520785261,0.0
75.54378199577332,1427.449559,1379.852874,710,0.0,0.0,102823.87279246886,0.0
75.543785572052,1427.449559,1386.992377,710,0.0,0.0,103355.8942580222,0.0
75.54378890991211,1427.449559,1393.060954,710,0.0,0.0,103808.11246275762,0.0
75.54379224777222,1427.449559,1398.219245,710,0.0,0.0,104192.49797776766,0.0
75.54805159568787,1427.449559,1402.603792,710,0.0,0.0,104519.22563944488,0.0
75.553790807724,1441.361919,1408.417511,710,0.0,0.0,104952.45233641456,0.0
75.57733917236328,1311.89102,1393.938537,710,0.0,0.0,103873.50819041609,0.0
75.57734775543213,1311.89102,1381.63141,711,0.0,0.0,102956.40573338358,0.0
75.58316040039062,1468.50476,1394.662412,711,0.0,0.0,103927.44990573959,0.0
75.65267968177795,1375.957764,1391.856715,712,0.0,0.0,103718.37498416052,0.0
75.65269017219543,1375.957764,1389.471872,712,0.0,0.0,103540.66125983342,0.0
75.65269303321838,1375.957764,1387.444756,712,0.0,0.0,103389.60463514028,0.0
75.65269565582275,1375.957764,1385.721707,712,0.0,0.0,103261.20647434388,0.0
75.65269756317139,1375.957764,1384.257116,712,0.0,0.0,103152.06808610367,0.0
75.65269994735718,1375.957764,1383.012213,712,0.0,0.0,103059.30040766278,0.0
75.6577980518341,1267.451934,1365.678171,712,0.0,0.0,101767.60231203864,0.0
75.66380214691162,1267.451934,1350.944235,713,0.0,0.0,100669.65890840271,0.0
75.68810844421387,1359.406062,1352.213509,713,0.0,0.0,100764.24266495672,0.0
75.6881172657013,1561.404987,1383.592231,713,0.0,0.0,103102.52218744316,0.0
75.74373078346252,1424.210703,1389.685002,714,0.0,0.0,103556.54328060619,0.0
75.74374103546143,1424.210703,1394.863857,714,0.0,0.0,103942.4611837135,0.0
75.74374556541443,1424.210703,1399.265884,714,0.0,0.0,104270.49141998416,0.0
75.74374914169312,1424.210703,1403.007607,714,0.0,0.0,104549.31712454015,0.0
75.74375176429749,1424.210703,1406.188071,714,0.0,0.0,104786.31893242785,0.0
75.74375438690186,1424.210703,1408.891466,714,0.0,0.0,104987.77051384318,0.0
75.76782846450806,1280.090082,1389.571258,715,0.0,0.0,103548.06730551692,0.0
75.76827883720398,1280.090082,1373.149082,715,0.0,0.0,102324.31963805396,0.0
75.7784411907196,1391.714782,1375.933937,715,0.0,0.0,102531.84145553251,0.0
75.79006361961365,1498.685203,1394.346627,715,0.0,0.0,103903.91823995001,0.0
75.8432605266571,1417.422137,1397.807953,717,0.0,0.0,104161.84932160623,0.0
75.84327721595764,1417.422137,1400.750081,717,0.0,0.0,104381.09080808022,0.0
75.84328126907349,1417.422137,1403.250889,717,0.0,0.0,104567.44601196871,0.0
75.84356307983398,1417.422137,1405.376576,717,0.0,0.0,104725.84795017751,0.0
75.84367775917053,1417.422137,1407.183411,717,0.0,0.0,104860.4896758989,0.0
75.84389567375183,1417.422137,1408.719219,717,0.0,0.0,104974.93501235559,0.0
75.8545434474945,1402.865496,1407.841161,717,0.0,0.0,104909.50388864843,0.0
75.86406922340393,1402.865496,1407.094811,717,0.0,0.0,104853.8873813347,0.0
75.889080286026,1359.578461,1399.967359,717,0.0,0.0,104322.7639321673,0.0
75.88917660713196,1359.578461,1393.909024,718,0.0,0.0,103871.30894076063,0.0
75.94040298461914,1440.159864,1400.84665,719,0.0,0.0,104388.28693656522,0.0
75.9404149055481,1440.159864,1406.743632,719,0.0,0.0,104827.71822554733,0.0
75.94059991836548,1440.159864,1411.756067,719,0.0,0.0,105201.23484353752,0.0
75.94074416160583,1440.159864,1416.016637,719,0.0,0.0,105518.72398745867,0.0
75.94087171554565,1440.159864,1419.638121,719,0.0,0.0,105788.58972253263,0.0
75.94412994384766,1440.159864,1422.716382,719,0.0,0.0,106017.97556753833,0.0
75.95321893692017,1375.857029,1415.687479,719,0.0,0.0,105494.19579249066,0.0
75.97318243980408,1468.749413,1423.646769,720,0.0,0.0,106087.30614352826,0.0
75.97319102287292,1468.749413,1430.412166,720,0.0,0.0,106591.4499791692,0.0
75.98403120040894,1390.032429,1424.355205,720,0.0,0.0,106140.09737549086,0.0
76.09502720832825,1364.180252,1415.328962,723,0.0,0.0,105467.4798236388,0.0
76.09503626823425,1364.180252,1407.656656,723,0.0,0.0,104895.75494554947,0.0
76.0950391292572,1364.180252,1401.135195,723,0.0,0.0,104409.78873210729,0.0
76.09504103660583,1364.180252,1395.591954,723,0.0,0.0,103996.71751402177,0.0
76.09504318237305,1364.180252,1390.880199,723,0.0,0.0,103645.60696747137,0.0
76.09506440162659,1364.180252,1386.875207,723,0.0,0.0,103347.16298427402,0.0
76.09522676467896,1364.180252,1383.470964,723,0.0,0.0,103093.48561345991,0.0
76.09690690040588,1364.180252,1380.577357,723,0.0,0.0,102877.85981473477,0.0
76.09691214561462,1364.180252,1378.117791,723,0.0,0.0,102694.57788209253,0.0
76.09691500663757,1364.180252,1376.02716,723,0.0,0.0,102538.78824679842,0.0
76.14207553863525,1416.819441,1382.146002,724,0.0,0.0,102994.75209867007,0.0
76.14208817481995,1416.819441,1387.347018,724,0.0,0.0,103382.32139511639,0.0
76.14218854904175,1416.819441,1391.767881,724,0.0,0.0,103711.75525238493,0.0
76.1422917842865,1416.819441,1395.525615,724,0.0,0.0,103991.77406459632,0.0
76.14238119125366,1416.819441,1398.719689,724,0.0,0.0,104229.79006242778,0.0
76.142986536026,1416.819441,1401.434652,724,0.0,0.0,104432.10366803635,0.0
76.15301251411438,1445.511495,1408.046178,724,0.0,0.0,104924.78134490878,0.0
76.16306591033936,1437.361151,1412.443424,724,0.0,0.0,105252.4553106342,0.0
76.17305660247803,1437.361151,1416.181083,725,0.0,0.0,105530.97817404901,0.0
76.18312525749207,1421.516422,1416.981384,725,0.0,0.0,105590.61500183713,0.0
76.23307800292969,1383.501745,1411.959438,726,0.0,0.0,105216.38964317426,0.0
76.23308730125427,1383.501745,1407.690784,726,0.0,0.0,104898.2980957626,0.0
76.23309087753296,1383.501745,1404.062428,726,0.0,0.0,104627.92027301091,0.0
76.23309350013733,1383.501745,1400.978326,726,0.0,0.0,104398.09916838277,0.0
76.23309564590454,1383.501745,1398.356839,726,0.0,0.0,104202.75120709348,0.0
76.24301266670227,1370.857998,1394.232013,726,0.0,0.0,103895.37743420304,0.0
76.25318694114685,1339.144148,1385.968833,726,0.0,0.0,103279.6218089542,0.0
76.26314091682434,1339.144148,1378.94513,727,0.0,0.0,102756.22952749269,0.0
76.2731363773346,1406.881338,1383.135561,727,0.0,0.0,103068.4920535985,0.0
76.28318619728088,1468.610776,1395.956843,727,0.0,0.0,104023.90831155269,0.0
76.3369402885437,1429.179311,1400.940214,728,0.0,0.0,104395.25913846822,0.0
76.3369505405426,1429.179311,1405.176078,728,0.0,0.0,104710.90724074711,0.0
76.33695387840271,1429.179311,1408.776563,728,0.0,0.0,104979.20817239498,0.0
76.33695602416992,1429.179311,1411.836975,728,0.0,0.0,105207.26394566617,0.0
76.33695769309998,1429.179311,1414.438326,728,0.0,0.0,105401.11141256108,0.0
76.34953618049622,1308.101749,1398.487839,728,0.0,0.0,104212.51306474481,0.0
76.35302114486694,1374.080877,1394.826795,729,0.0,0.0,103939.69939769611,0.0
76.36306309700012,1374.080877,1391.714907,729,0.0,0.0,103707.80773599392,0.0
76.37311625480652,1452.716932,1400.865211,729,0.0,0.0,104389.67006511384,0.0
76.38342094421387,1405.970774,1401.631045,729,0.0,0.0,104446.73848108767,0.0
76.43690371513367,1409.899556,1402.871322,730,0.0,0.0,104539.16143927287,0.0
76.43691182136536,1409.899556,1403.925557,730,0.0,0.0,104617.72092019719,0.0
76.43691492080688,1409.899556,1404.821657,730,0.0,0.0,104684.49649761234,0.0
76.43691730499268,1409.899556,1405.583342,730,0.0,0.0,104741.25573841525,0.0
76.43691945075989,1409.899556,1406.230774,731,0.0,0.0,104789.50107446822,0.0
76.4604983329773,1417.424008,1407.909759,731,0.0,0.0,104914.61567422985,0.0
76.46050715446472,1417.424008,1409.336897,731,0.0,0.0,105020.96313991574,0.0
76.46300411224365,1390.651561,1406.534096,731,0.0,0.0,104812.10402245697,0.0
76.47303891181946,1406.246906,1406.491018,732,0.0,0.0,104808.8939361676,0.0
76.48303985595703,1406.246906,1406.454401,732,0.0,0.0,104806.16531065905,0.0
76.52919864654541,1384.260567,1403.125326,733,0.0,0.0,104558.08930866889,0.0
76.52920651435852,1384.260567,1400.295612,733,0.0,0.0,104347.2246883477,0.0
76.52920913696289,1384.260567,1397.890355,733,0.0,0.0,104167.98975362293,0.0
76.52921199798584,1384.260567,1395.845887,733,0.0,0.0,104015.64009263997,0.0
76.55014324188232,1384.260567,1394.108089,733,0.0,0.0,103886.14286590085,0.0
76.55017280578613,1403.631065,1395.536536,733,0.0,0.0,103992.58787564526,0.0
76.55298924446106,1403.631065,1396.750715,733,0.0,0.0,104083.06606313589,0.0
76.5631172657013,1406.246906,1398.175144,734,0.0,0.0,104189.21165956701,0.0
76.57302665710449,1406.246906,1399.385908,734,0.0,0.0,104279.43536809675,0.0
76.58303713798523,1406.249508,1400.415448,734,0.0,0.0,104356.1546270768,0.0
76.62896585464478,1395.710582,1399.709718,735,0.0,0.0,104303.565040815,0.0
76.62897491455078,1395.710582,1399.109848,735,0.0,0.0,104258.86392975143,0.0
76.62897753715515,1395.710582,1398.599958,735,0.0,0.0,104220.86794808843,0.0
76.62897968292236,1395.710582,1398.166551,735,0.0,0.0,104188.57132641588,0.0
76.63833737373352,1395.710582,1397.798156,735,0.0,0.0,104161.11926878632,0.0
76.64863753318787,1417.344081,1400.730045,735,0.0,0.0,104379.59776548554,0.0
76.65937352180481,1406.147914,1401.542725,736,0.0,0.0,104440.15705156272,0.0
76.6630027294159,1406.241703,1402.247572,736,0.0,0.0,104492.68083843286,0.0
76.67301654815674,1406.163521,1402.834964,736,0.0,0.0,104536.45211392561,0.0
76.6830153465271,1374.599854,1398.599698,736,0.0,0.0,104220.84857340914,0.0
76.72949528694153,1409.613243,1400.251729,737,0.0,0.0,104343.95461507051,0.0
76.72951292991638,1409.613243,1401.655957,737,0.0,0.0,104448.59487343737,0.0
76.72951626777649,1409.613243,1402.84955,737,0.0,0.0,104537.53903343479,0.0
76.72951936721802,1409.613243,1403.864104,737,0.0,0.0,104613.14156570673,0.0
76.7330892086029,1409.613243,1404.726475,738,0.0,0.0,104677.40372558965,0.0
76.75479626655579,1437.091387,1409.581212,738,0.0,0.0,105039.16900443553,0.0
76.75663614273071,1437.091387,1413.707738,738,0.0,0.0,105346.66945792145,0.0
76.7631447315216,1407.114672,1412.718778,738,0.0,0.0,105272.97413927338,0.0
76.78278684616089,1374.923142,1407.049433,739,0.0,0.0,104850.50590365147,0.0
76.78298354148865,1374.945965,1402.233912,739,0.0,0.0,104491.66292258922,0.0
76.82865977287292,1379.826942,1398.872867,740,0.0,0.0,104241.20458022413,0.0
76.82867312431335,1379.826942,1396.015978,740,0.0,0.0,104028.31493332528,0.0
76.82891154289246,1379.826942,1393.587623,740,0.0,0.0,103847.35878189799,0.0
76.82891893386841,1379.826942,1391.523521,740,0.0,0.0,103693.54603455527,0.0
76.83301901817322,1379.826942,1389.769034,740,0.0,0.0,103562.80517695856,0.0
76.84358358383179,1359.837296,1385.279273,740,0.0,0.0,103228.23717870934,0.0
76.86522603034973,1359.837296,1381.462977,740,0.0,0.0,102943.85444353784,0.0
76.87060737609863,1437.552399,1389.87639,741,0.0,0.0,103570.80513108084,0.0
76.87299060821533,1437.37811,1397.001648,741,0.0,0.0,104101.76508776209,0.0
76.89189314842224,1437.37811,1403.058117,741,0.0,0.0,104553.08102858574,0.0
76.92820739746094,1395.382548,1401.906782,742,0.0,0.0,104467.28585011984,0.0
76.92822194099426,1395.382548,1400.928147,742,0.0,0.0,104394.35992979433,0.0
76.92838907241821,1395.382548,1400.096307,742,0.0,0.0,104332.37287888813,0.0
76.92839670181274,1395.382548,1399.389243,742,0.0,0.0,104279.6838856179,0.0
76.93334364891052,1395.382548,1398.788239,742,0.0,0.0,104234.89827114536,0.0
76.94335985183716,1383.597119,1396.509571,742,0.0,0.0,104065.09649518569,0.0
76.95308065414429,1406.206126,1397.964054,743,0.0,0.0,104173.4816555088,0.0
76.97757148742676,1406.206126,1399.200365,743,0.0,0.0,104265.60907531655,0.0
76.97758173942566,1406.16331,1400.244807,743,0.0,0.0,104343.43880149291,0.0
76.9829773902893,1406.16331,1401.132582,743,0.0,0.0,104409.59401658025,0.0
77.05671072006226,1408.9422,1402.304025,745,0.0,0.0,104496.88760293661,0.0
77.05672860145569,1408.9422,1403.299751,745,0.0,0.0,104571.08711035468,0.0
77.05673265457153,1408.9422,1404.146119,745,0.0,0.0,104634.15675872617,0.0
77.05785298347473,1408.9422,1404.865531,745,0.0,0.0,104687.76590022759,0.0
77.05785775184631,1408.9422,1405.477031,745,0.0,0.0,104733.33365560017,0.0
77.05786037445068,1408.9422,1405.996806,745,0.0,0.0,104772.06624766688,0.0
77.0578625202179,1408.9422,1406.438616,745,0.0,0.0,104804.98904407106,0.0
77.0630784034729,1408.9422,1406.814153,745,0.0,0.0,104832.97330923764,0.0
77.0734076499939,1374.098983,1401.906878,746,0.0,0.0,104467.29300384759,0.0
77.09408593177795,1374.098983,1397.735693,746,0.0,0.0,104156.46465111853,0.0
77.12816047668457,1418.285754,1400.818203,747,0.0,0.0,104386.16712309491,0.0
77.1281967163086,1418.285754,1403.438335,747,0.0,0.0,104581.41411249785,0.0
77.12823534011841,1418.285754,1405.665448,747,0.0,0.0,104747.37411310473,0.0
77.12832140922546,1418.285754,1407.558494,747,0.0,0.0,104888.4401098947,0.0
77.13297963142395,1418.285754,1409.167583,747,0.0,0.0,105008.34619971433,0.0
77.14306974411011,1361.806218,1402.063378,747,0.0,0.0,104478.9550704311,0.0
77.15297365188599,1437.457882,1407.372554,747,0.0,0.0,104874.58423346953,0.0
77.16321015357971,1437.457882,1411.885353,748,0.0,0.0,105210.86897734142,0.0
77.17303824424744,1421.51358,1413.329587,748,0.0,0.0,105318.49040270982,0.0
77.19820237159729,1421.51358,1414.557186,748,0.0,0.0,105409.96862172475,0.0
77.22810053825378,1339.284101,1403.266223,749,0.0,0.0,104568.58867093992,0.0
77.2281231880188,1339.284101,1393.668905,749,0.0,0.0,103853.41575375767,0.0
77.22824501991272,1339.284101,1385.511184,749,0.0,0.0,103245.51872199016,0.0
77.2283124923706,1339.284101,1378.577122,749,0.0,0.0,102728.80630832809,0.0
77.23293566703796,1339.284101,1372.683169,749,0.0,0.0,102289.60073435992,0.0
77.24298787117004,1423.502897,1380.306128,749,0.0,0.0,102857.64837283459,0.0
77.25298738479614,1437.415336,1388.872509,750,0.0,0.0,103495.99792939452,0.0
77.26294660568237,1437.415336,1396.153933,750,0.0,0.0,104038.59506364816,0.0
77.27298665046692,1343.7629,1388.295278,750,0.0,0.0,103452.98383127274,0.0
77.28387904167175,1437.418067,1395.663697,750,0.0,0.0,104002.06365870482,0.0
77.33677268028259,1402.559848,1396.698119,751,0.0,0.0,104079.14671454788,0.0
77.33678221702576,1402.559848,1397.577379,751,0.0,0.0,104144.66740888788,0.0
77.3367850780487,1402.559848,1398.324749,751,0.0,0.0,104200.35992455887,0.0
77.33678698539734,1402.559848,1398.960014,751,0.0,0.0,104247.69860013819,0.0
77.33678936958313,1402.559848,1399.499989,752,0.0,0.0,104287.93645575114,0.0
77.34296178817749,1420.063917,1402.584578,752,0.0,0.0,104517.79385064398,0.0
77.35297107696533,1420.063917,1405.206479,752,0.0,0.0,104713.17266238421,0.0
77.36296820640564,1390.639671,1403.021458,752,0.0,0.0,104550.3492733213,0.0
77.3729476928711,1374.939365,1398.809144,752,0.0,0.0,104236.45606987973,0.0
77.38297653198242,1436.734221,1404.497906,753,0.0,0.0,104660.37122145596,0.0
77.4291021823883,1377.889652,1400.506667,754,0.0,0.0,104362.95208427602,0.0
77.42910981178284,1377.889652,1397.114115,754,0.0,0.0,104110.14590336879,0.0
77.4291124343872,1377.889652,1394.230446,754,0.0,0.0,103895.2606645012,0.0
77.42911434173584,1377.889652,1391.779327,754,0.0,0.0,103712.60818538249,0.0
77.45020127296448,1377.889652,1389.695875,754,0.0,0.0,103557.35351479126,0.0
77.45023250579834,1345.621821,1383.084767,754,0.0,0.0,103064.70698644168,0.0
77.45293855667114,1437.4793,1391.243947,754,0.0,0.0,103672.71273996729,0.0
77.46298861503601,1437.4793,1398.17925,755,0.0,0.0,104189.51763046406,0.0
77.47295331954956,1390.580432,1397.039427,755,0.0,0.0,104104.58030318354,0.0
77.48298025131226,1390.580432,1396.070578,755,0.0,0.0,104032.38361597998,0.0
77.53436017036438,1438.222696,1402.393396,756,0.0,0.0,104503.54735087679,0.0
77.53436970710754,1438.222696,1407.767791,756,0.0,0.0,104904.03650318368,0.0
77.5343725681305,1438.222696,1412.336026,756,0.0,0.0,105244.45222675604,0.0
77.53437447547913,1438.222696,1416.219027,756,0.0,0.0,105533.80568494003,0.0
77.53437614440918,1438.222696,1419.519577,756,0.0,0.0,105779.75606105613,0.0
77.55000138282776,1434.866804,1421.821661,756,0.0,0.0,105951.3027504415,0.0
77.56079697608948,1434.866804,1423.778433,757,0.0,0.0,106097.11748112986,0.0
77.56292247772217,1406.284313,1421.154315,757,0.0,0.0,105901.57346298955,0.0
77.57294750213623,1374.962326,1414.225516,757,0.0,0.0,105385.25323754745,0.0
77.58296394348145,1374.397327,1408.251288,757,0.0,0.0,104940.06573134291,0.0
77.62968373298645,1353.09826,1399.978334,758,0.0,0.0,104323.5817671881,0.0
77.62969470024109,1353.09826,1392.946323,758,0.0,0.0,103799.57039020471,0.0
77.62969827651978,1353.09826,1386.969113,758,0.0,0.0,103354.16067133211,0.0
77.6297013759613,1353.09826,1381.888485,758,0.0,0.0,102975.56244754941,0.0
77.63381361961365,1353.09826,1377.569952,759,0.0,0.0,102653.7540169485,0.0
77.64592003822327,1420.505346,1384.010261,759,0.0,0.0,103133.67294587062,0.0
77.66156888008118,1406.206267,1387.339662,759,0.0,0.0,103381.77324072797,0.0
77.66326260566711,1406.206267,1390.169652,759,0.0,0.0,103592.65842801637,0.0
77.68247413635254,1421.857085,1394.922767,759,0.0,0.0,103946.85103893671,0.0
77.68297219276428,1436.949648,1401.226799,760,0.0,0.0,104416.6148787355,0.0
77.74102735519409,1395.069393,1400.303189,761,0.0,0.0,104347.78931121355,0.0
77.7410364151001,1395.069393,1399.518119,761,0.0,0.0,104289.28746704292,0.0
77.74103927612305,1395.069393,1398.85081,761,0.0,0.0,104239.56093675684,0.0
77.74104118347168,1395.069393,1398.283598,761,0.0,0.0,104197.29343445039,0.0
77.74104332923889,1395.069393,1397.801467,761,0.0,0.0,104161.3659978755,0.0
77.74775767326355,1397.337334,1397.731847,761,0.0,0.0,104156.17805490077,0.0
77.77175736427307,1397.337334,1397.67267,761,0.0,0.0,104151.76830337224,0.0
77.77177166938782,1407.110448,1399.088337,762,0.0,0.0,104257.2609731107,0.0
77.77295351028442,1406.1541,1400.148201,762,0.0,0.0,104336.23991584203,0.0
77.7830708026886,1405.487944,1400.949163,762,0.0,0.0,104395.92600002637,0.0
77.82866215705872,1413.429936,1402.821279,763,0.0,0.0,104535.43233513205,0.0
77.82868194580078,1413.429936,1404.412577,763,0.0,0.0,104654.01267526108,0.0
77.82871603965759,1413.429936,1405.765181,763,0.0,0.0,104754.80601653332,0.0
77.82878804206848,1413.429936,1406.914894,763,0.0,0.0,104840.48032680753,0.0
77.83301377296448,1413.429936,1407.892151,763,0.0,0.0,104913.30356133272,0.0
77.86051344871521,1383.837976,1404.284024,763,0.0,0.0,104644.43316314917,0.0
77.86052393913269,1383.837976,1401.217117,764,0.0,0.0,104415.89339548527,0.0
77.86293768882751,1437.754267,1406.69769,764,0.0,0.0,104824.29471971358,0.0
77.88165235519409,1437.754267,1411.356176,764,0.0,0.0,105171.43576706375,0.0
77.88290524482727,1359.450517,1403.570327,764,0.0,0.0,104591.24989200257,0.0
77.92824387550354,1405.000111,1403.784795,765,0.0,0.0,104607.23161785581,0.0
77.92825770378113,1405.000111,1403.967092,765,0.0,0.0,104620.81602521666,0.0
77.92834281921387,1405.000111,1404.122045,765,0.0,0.0,104632.36281245826,0.0
77.92834877967834,1405.000111,1404.253755,765,0.0,0.0,104642.17757788773,0.0
77.93396759033203,1405.000111,1404.365708,766,0.0,0.0,104650.52009124379,0.0
77.94301414489746,1473.087979,1414.674049,766,0.0,0.0,105418.67701844775,0.0
77.96769666671753,1473.087979,1423.436138,766,0.0,0.0,106071.61034323082,0.0
77.96773648262024,1359.407694,1413.831872,766,0.0,0.0,105355.91967500308,0.0
77.978839635849,1374.9758,1408.003461,766,0.0,0.0,104921.59815961648,0.0
77.98971176147461,1374.258175,1402.941668,767,0.0,0.0,104544.40348231366,0.0
78.05653977394104,1391.051124,1401.158087,768,0.0,0.0,104411.49459810238,0.0
78.05655097961426,1391.051124,1399.642042,768,0.0,0.0,104298.52196082709,0.0
78.05655455589294,1391.051124,1398.353405,768,0.0,0.0,104202.4953122906,0.0
78.0565574169159,1391.051124,1397.258062,768,0.0,0.0,104120.8725455317,0.0
78.05656027793884,1391.051124,1396.327022,768,0.0,0.0,104051.49330928951,0.0
78.05656218528748,1391.051124,1395.535637,768,0.0,0.0,103992.52088396564,0.0
78.05656480789185,1391.051124,1394.86296,768,0.0,0.0,103942.39434106987,0.0
78.0730652809143,1391.051124,1394.291185,769,0.0,0.0,103899.78681314157,0.0
78.07831621170044,1434.681001,1400.349657,769,0.0,0.0,104351.25201351388,0.0
78.08882689476013,1434.681001,1405.499359,769,0.0,0.0,104734.99749344474,0.0
78.1281406879425,1356.422109,1398.137771,770,0.0,0.0,104186.42669845247,0.0
78.12815189361572,1356.422109,1391.880422,770,0.0,0.0,103720.14158232344,0.0
78.12815594673157,1356.422109,1386.561675,770,0.0,0.0,103323.79920753244,0.0
78.1284921169281,1356.422109,1382.04074,770,0.0,0.0,102986.90818523419,0.0
78.13297963142395,1356.422109,1378.197945,770,0.0,0.0,102700.55079765117,0.0
78.14326357841492,1401.649056,1381.715612,770,0.0,0.0,102962.68029779548,0.0
78.15364289283752,1401.649056,1384.705629,771,0.0,0.0,103185.49037664403,0.0
78.16298079490662,1359.395119,1380.909052,771,0.0,0.0,102902.57706186202,0.0
78.19001126289368,1468.648076,1394.069906,771,0.0,0.0,103883.29754520846,0.0
78.1900486946106,1468.025383,1405.163227,771,0.0,0.0,104709.94960996331,0.0
78.22819185256958,1384.234293,1402.023887,772,0.0,0.0,104476.01228019818,0.0
78.22820281982422,1384.234293,1399.355448,772,0.0,0.0,104277.16554989782,0.0
78.22827816009521,1384.234293,1397.087275,772,0.0,0.0,104108.14584032021,0.0
78.22836136817932,1384.234293,1395.159328,772,0.0,0.0,103964.47909090514,0.0
78.23290276527405,1384.234293,1393.520573,773,0.0,0.0,103842.36235017642,0.0
78.24291825294495,1326.338217,1383.443219,773,0.0,0.0,103091.41811162373,0.0
78.25327730178833,1437.402832,1391.537161,773,0.0,0.0,103694.56246003899,0.0
78.26432251930237,1437.402832,1398.417012,773,0.0,0.0,104207.23517854733,0.0
78.27321600914001,1453.164017,1406.629063,773,0.0,0.0,104819.18077311023,0.0
78.2943549156189,1453.164017,1413.609306,774,0.0,0.0,105339.3345024074,0.0
78.32810378074646,1367.527765,1406.697075,775,0.0,0.0,104824.24889114521,0.0
78.32811665534973,1367.527765,1400.821678,775,0.0,0.0,104386.42607313568,0.0
78.3284752368927,1367.527765,1395.827591,775,0.0,0.0,104014.27671136065,0.0
78.32848262786865,1367.527765,1391.582617,775,0.0,0.0,103697.94975012599,0.0
78.33289742469788,1367.527765,1387.974389,775,0.0,0.0,103429.07182562472,0.0
78.34291434288025,1402.610748,1390.169843,775,0.0,0.0,103592.67266095387,0.0
78.35292744636536,1402.610748,1392.035979,775,0.0,0.0,103731.73337843546,0.0
78.36325168609619,1375.001238,1389.480768,776,0.0,0.0,103541.32417193774,0.0
78.37521195411682,1468.071604,1401.269393,776,0.0,0.0,104419.78889831415,0.0
78.38301062583923,1468.716073,1411.386395,776,0.0,0.0,105173.68762642532,0.0
78.42815113067627,1383.426261,1407.192375,777,0.0,0.0,104861.15765522707,0.0
78.42816734313965,1383.426261,1403.627458,777,0.0,0.0,104595.50717970853,0.0
78.42825484275818,1383.426261,1400.597278,777,0.0,0.0,104369.70423453288,0.0
78.42835974693298,1383.426261,1398.021626,777,0.0,0.0,104177.77180565157,0.0
78.43289351463318,1383.426261,1395.832321,777,0.0,0.0,104014.62918148808,0.0
78.4429292678833,1328.657359,1385.756077,777,0.0,0.0,103263.76765791242,0.0
78.45292162895203,1328.657359,1377.191269,778,0.0,0.0,102625.53531816232,0.0
78.46292304992676,1468.730906,1390.922215,778,0.0,0.0,103648.73791564755,0.0
78.47293472290039,1468.683322,1402.586381,778,0.0,0.0,104517.92820659319,0.0
78.48376107215881,1468.683322,1412.500922,778,0.0,0.0,105256.73994644519,0.0
78.54066753387451,1383.889669,1408.209234,779,0.0,0.0,104936.93195148282,0.0
78.54067611694336,1383.889669,1404.561299,779,0.0,0.0,104665.09514086126,0.0
78.54067945480347,1383.889669,1401.460555,779,0.0,0.0,104434.03390772142,0.0
78.54068160057068,1383.889669,1398.824922,779,0.0,0.0,104237.63181484173,0.0
78.54068326950073,1383.889669,1396.584634,779,0.0,0.0,104070.6900396199,0.0
78.54288268089294,1446.840028,1404.122943,780,0.0,0.0,104632.4297296199,0.0
78.5529396533966,1446.840028,1410.530506,780,0.0,0.0,105109.90849220114,0.0
78.56291651725769,1359.335987,1402.851328,780,0.0,0.0,104537.67152643407,0.0
78.57292056083679,1359.335987,1396.324027,780,0.0,0.0,104051.27012788746,0.0
78.5829529762268,1437.289725,1402.468882,781,0.0,0.0,104509.1724164239,0.0
78.62922024726868,1407.097391,1403.163158,782,0.0,0.0,104560.9084735442,0.0
78.62922859191895,1407.097391,1403.753293,782,0.0,0.0,104604.88415190364,0.0
78.62923121452332,1407.097391,1404.254908,782,0.0,0.0,104642.26349713867,0.0
78.62923312187195,1407.097391,1404.68128,782,0.0,0.0,104674.03588469996,0.0
78.64880871772766,1407.097391,1405.043697,782,0.0,0.0,104701.04247374143,0.0
78.6488389968872,1341.338171,1395.487868,782,0.0,0.0,103988.96123375079,0.0
78.65287375450134,1437.493388,1401.788696,782,0.0,0.0,104458.48631788611,0.0
78.66290187835693,1437.493388,1407.1444,783,0.0,0.0,104857.58265430473,0.0
78.67291331291199,1453.073852,1414.033818,783,0.0,0.0,105370.96828649363,0.0
78.68330025672913,1312.156215,1398.752177,783,0.0,0.0,104232.21100312533,0.0
78.72969818115234,1434.990871,1404.187981,784,0.0,0.0,104637.27623113079,0.0
78.72970652580261,1434.990871,1408.808415,784,0.0,0.0,104981.58171964622,0.0
78.72970938682556,1434.990871,1412.735783,784,0.0,0.0,105274.24131781816,0.0
78.72971177101135,1434.990871,1416.074046,784,0.0,0.0,105523.00199116788,0.0
78.73289680480957,1434.990871,1418.91157,784,0.0,0.0,105734.44859704826,0.0
78.75103497505188,1507.268147,1432.165056,784,0.0,0.0,106722.07183152417,0.0
78.75288367271423,1507.268147,1443.43052,785,0.0,0.0,107561.55164789487,0.0
78.76291394233704,1422.565229,1440.300726,785,0.0,0.0,107328.32566693235,0.0
78.77302527427673,1406.160146,1435.179639,785,0.0,0.0,106946.71251949533,0.0
78.78301477432251,1374.24032,1426.038741,785,0.0,0.0,106265.5511066584,0.0
78.83614039421082,1338.833983,1412.958028,786,0.0,0.0,105290.80257013669,0.0
78.83614993095398,1338.833983,1401.839421,786,0.0,0.0,104462.2662433011,0.0
78.83615231513977,1338.833983,1392.388605,786,0.0,0.0,103758.01036176499,0.0
78.83615446090698,1338.833983,1384.355412,786,0.0,0.0,103159.39290717005,0.0
78.84131360054016,1338.833983,1377.527198,787,0.0,0.0,102650.5680744903,0.0
78.84300780296326,1424.610838,1384.589744,787,0.0,0.0,103176.85485852245,0.0
78.86269927024841,1374.625002,1383.095032,787,0.0,0.0,103065.47191368436,0.0
78.86286664009094,1374.625002,1381.824528,787,0.0,0.0,102970.79649999362,0.0
78.87286353111267,1406.315675,1385.4982,787,0.0,0.0,103244.55118031272,0.0
78.88290572166443,1406.315675,1388.620821,788,0.0,0.0,103477.24264368034,0.0
78.92797994613647,1375.407746,1386.63886,789,0.0,0.0,103329.55087915703,0.0
78.9279990196228,1375.407746,1384.954193,789,0.0,0.0,103204.01286813452,0.0
78.92804956436157,1375.407746,1383.522226,789,0.0,0.0,103097.30555503946,0.0
78.92812943458557,1375.407746,1382.305054,789,0.0,0.0,103006.60433518277,0.0
78.94775438308716,1375.407746,1381.270458,789,0.0,0.0,102929.50831320818,0.0
78.94776201248169,1415.198257,1386.359627,789,0.0,0.0,103308.74299520618,0.0
78.95285892486572,1468.648663,1398.702983,789,0.0,0.0,104228.54516476423,0.0
78.9740822315216,1468.648663,1409.194835,790,0.0,0.0,105010.3769641778,0.0
78.97408986091614,1437.537807,1413.446281,790,0.0,0.0,105327.18620589125,0.0
78.98291039466858,1280.492845,1393.503265,790,0.0,0.0,103841.0725926785,0.0
79.06426405906677,1462.245852,1403.814653,792,0.0,0.0,104609.45657622031,0.0
79.06427383422852,1462.245852,1412.579333,792,0.0,0.0,105262.5829771345,0.0
79.06427645683289,1462.245852,1420.029311,792,0.0,0.0,105817.74041791154,0.0
79.06427884101868,1462.245852,1426.361792,792,0.0,0.0,106289.62422021665,0.0
79.06428074836731,1462.245852,1431.744401,792,0.0,0.0,106690.72546335366,0.0
79.06428217887878,1462.245852,1436.319618,792,0.0,0.0,107031.66147158343,0.0
79.06428408622742,1462.245852,1440.208553,792,0.0,0.0,107321.45711956365,0.0
79.06432294845581,1462.245852,1443.514148,792,0.0,0.0,107567.78343897632,0.0
79.08594036102295,1497.062224,1451.546359,792,0.0,0.0,108166.32771689784,0.0
79.0859682559967,1468.741041,1454.125562,792,0.0,0.0,108358.5247591877,0.0
79.12829947471619,1393.716124,1445.064146,793,0.0,0.0,107683.28618581523,0.0
79.1283175945282,1393.716124,1437.361943,794,0.0,0.0,107109.33344315946,0.0
79.12832164764404,1393.716124,1430.81507,794,0.0,0.0,106621.47357836895,0.0
79.12832522392273,1393.716124,1425.250228,794,0.0,0.0,106206.79269702292,0.0
79.13331842422485,1393.716124,1420.520112,794,0.0,0.0,105854.31392552335,0.0
79.1444137096405,1360.23859,1411.477884,794,0.0,0.0,105180.50520348383,0.0
79.1660988330841,1360.23859,1403.79199,794,0.0,0.0,104607.76777484665,0.0
79.17056035995483,1312.541804,1390.104462,794,0.0,0.0,103587.80059976986,0.0
79.17570805549622,1312.470207,1378.459324,794,0.0,0.0,102720.02823727758,0.0
79.19764232635498,1343.21446,1373.172594,795,0.0,0.0,102326.07170520739,0.0
79.22798776626587,1374.171924,1373.322494,796,0.0,0.0,102337.24195300846,0.0
79.22799754142761,1374.171924,1373.449908,796,0.0,0.0,102346.73658912138,0.0
79.22820997238159,1374.171924,1373.558211,796,0.0,0.0,102354.80711178713,0.0
79.22821712493896,1374.171924,1373.650268,796,0.0,0.0,102361.66701506815,0.0
79.23292374610901,1374.171924,1373.728516,796,0.0,0.0,102367.49789932389,0.0
79.2429609298706,1377.618485,1374.312011,796,0.0,0.0,102410.978778181,0.0
79.25579190254211,1377.618485,1374.807983,796,0.0,0.0,102447.93761835706,0.0
79.26305770874023,1390.8097,1377.20824,797,0.0,0.0,102626.79996309514,0.0
79.2821912765503,1390.8097,1379.248459,797,0.0,0.0,102778.83299710743,0.0
79.28673219680786,1390.65775,1380.959853,797,0.0,0.0,102906.36265064482,0.0
79.32785177230835,1391.925886,1382.604758,798,0.0,0.0,103028.93767705717,0.0
79.32786345481873,1391.925886,1384.002927,798,0.0,0.0,103133.12643087815,0.0
79.32790732383728,1391.925886,1385.191371,798,0.0,0.0,103221.68689770727,0.0
79.32817053794861,1391.925886,1386.201548,798,0.0,0.0,103296.96326470486,0.0
79.33287906646729,1391.925886,1387.060199,798,0.0,0.0,103360.9482176377,0.0
79.34291648864746,1386.748191,1387.013397,798,0.0,0.0,103357.46062632625,0.0
79.35291314125061,1386.748191,1386.973617,799,0.0,0.0,103354.49630039213,0.0
79.36319732666016,1406.268774,1389.86789,799,0.0,0.0,103570.17172810347,0.0
79.37313652038574,1406.268774,1392.328023,799,0.0,0.0,103753.4959124502,0.0
79.39621663093567,1390.217527,1392.011448,799,0.0,0.0,103729.90537744272,0.0
79.42794847488403,1401.278814,1393.401553,800,0.0,0.0,103833.49321813317,0.0
79.42797040939331,1401.278814,1394.583142,800,0.0,0.0,103921.54286409056,0.0
79.4280731678009,1401.278814,1395.587493,800,0.0,0.0,103996.38508923564,0.0
79.42821598052979,1401.278814,1396.441191,800,0.0,0.0,104060.00095452764,0.0
79.43282127380371,1401.278814,1397.166835,801,0.0,0.0,104114.07449218848,0.0
79.44287490844727,1421.879657,1400.873758,801,0.0,0.0,104390.30697043707,0.0
79.45285296440125,1374.899907,1396.97768,801,0.0,0.0,104099.97904040186,0.0
79.46288847923279,1406.158178,1398.354755,801,0.0,0.0,104202.595911587,0.0
79.47320222854614,1406.158178,1399.525268,801,0.0,0.0,104289.82019620588,0.0
79.48302817344666,1406.272711,1400.537385,802,0.0,0.0,104365.24112811829,0.0
79.53528904914856,1387.974214,1398.652909,803,0.0,0.0,104224.81375056552,0.0
79.53529787063599,1387.974214,1397.051105,803,0.0,0.0,104105.45052435646,0.0
79.5353012084961,1387.974214,1395.689571,803,0.0,0.0,104003.99173736798,0.0
79.53530359268188,1387.974214,1394.532268,803,0.0,0.0,103917.75183549397,0.0
79.53530526161194,1387.974214,1393.54856,803,0.0,0.0,103844.44788536796,0.0
79.54286623001099,1398.571176,1394.301952,803,0.0,0.0,103900.5891484189,0.0
79.55284023284912,1398.571176,1394.942336,803,0.0,0.0,103948.30928162663,0.0
79.56288266181946,1406.080005,1396.612986,804,0.0,0.0,104072.80277388047,0.0
79.57283473014832,1406.080005,1398.033039,804,0.0,0.0,104178.62227955519,0.0
79.58332300186157,1406.068266,1399.238323,804,0.0,0.0,104268.43762945953,0.0
79.63260221481323,1394.790774,1398.571191,805,0.0,0.0,104218.724288859,0.0
79.63261413574219,1394.790774,1398.004128,805,0.0,0.0,104176.46788973415,0.0
79.6326174736023,1394.790774,1397.522125,805,0.0,0.0,104140.54999146293,0.0
79.63262009620667,1394.790774,1397.112422,805,0.0,0.0,104110.01974439927,0.0
79.63283443450928,1394.790774,1396.764175,805,0.0,0.0,104084.06907538007,0.0
79.65486311912537,1420.378305,1400.306294,805,0.0,0.0,104348.02068959527,0.0
79.65489053726196,1420.378305,1403.317096,806,0.0,0.0,104572.37962501851,0.0
79.66282868385315,1390.620411,1401.412593,806,0.0,0.0,104430.45987553305,0.0
79.67295002937317,1406.246625,1402.137698,806,0.0,0.0,104484.49324799329,0.0
79.68289065361023,1405.499604,1402.641984,806,0.0,0.0,104522.07163079923,0.0
79.7424213886261,1396.843779,1401.772253,807,0.0,0.0,104457.26101845589,0.0
79.742431640625,1396.843779,1401.032982,807,0.0,0.0,104402.17202404531,0.0
79.74243474006653,1396.843779,1400.404602,807,0.0,0.0,104355.34640487767,0.0
79.74243664741516,1396.843779,1399.870478,807,0.0,0.0,104315.54455406714,0.0
79.7424385547638,1396.843779,1399.416473,808,0.0,0.0,104281.71301068542,0.0
79.74419713020325,1413.181666,1401.481252,808,0.0,0.0,104435.57620671231,0.0
79.76453471183777,1413.181666,1403.236314,808,0.0,0.0,104566.35991215748,0.0
79.7645435333252,1391.22587,1401.434748,808,0.0,0.0,104432.11082176407,0.0
79.77284169197083,1374.874474,1397.450707,808,0.0,0.0,104135.22806512899,0.0
79.78288769721985,1405.69995,1398.688093,809,0.0,0.0,104227.43559178385,0.0
79.82857728004456,1398.749003,1398.69723,810,0.0,0.0,104228.11646272556,0.0
79.82858896255493,1398.749003,1398.704996,810,0.0,0.0,104228.69516949289,0.0
79.82866740226746,1398.749003,1398.711597,810,0.0,0.0,104229.18706279332,0.0
79.8286726474762,1398.749003,1398.717208,810,0.0,0.0,104229.6051832764,0.0
79.8340356349945,1398.749003,1398.721977,810,0.0,0.0,104229.96055960568,0.0
79.84989023208618,1452.118713,1406.731487,810,0.0,0.0,104826.81320446964,0.0
79.85658121109009,1374.989413,1401.970176,810,0.0,0.0,104472.00984404312,0.0
79.87824010848999,1374.989413,1397.923062,811,0.0,0.0,104170.42701376189,0.0
79.87825107574463,1406.217095,1399.167167,811,0.0,0.0,104263.1352268409,0.0
79.88282704353333,1406.217095,1400.224656,811,0.0,0.0,104341.93718932856,0.0
79.92810583114624,1404.771208,1400.906639,812,0.0,0.0,104392.75719670756,0.0
79.92811608314514,1404.771208,1401.486324,812,0.0,0.0,104435.95416199481,0.0
79.92814135551453,1404.771208,1401.979057,812,0.0,0.0,104472.67163837749,0.0
79.92814421653748,1404.771208,1402.397879,812,0.0,0.0,104503.88141505887,0.0
79.94584560394287,1404.771208,1402.753879,812,0.0,0.0,104530.40982211143,0.0
79.94585514068604,1390.939637,1400.981742,812,0.0,0.0,104398.35372186168,0.0
79.95280504226685,1390.939637,1399.475427,813,0.0,0.0,104286.10614470053,0.0
79.97249746322632,1406.287337,1400.497213,813,0.0,0.0,104362.2475911292,0.0
79.97281455993652,1406.135119,1401.342899,813,0.0,0.0,104425.26641822653,0.0
79.98283433914185,1374.28441,1397.284126,813,0.0,0.0,104122.81478261431,0.0
80.06301307678223,1398.873469,1397.522527,815,0.0,0.0,104140.57994769784,0.0
80.06302165985107,1398.873469,1397.725168,815,0.0,0.0,104155.68034919654,0.0
80.06302452087402,1398.873469,1397.897414,815,0.0,0.0,104168.51577616614,0.0
80.06302618980408,1398.873469,1398.043822,815,0.0,0.0,104179.4258071205,0.0
80.06302809715271,1398.873469,1398.168269,815,0.0,0.0,104188.69934833531,0.0
80.06302952766418,1398.873469,1398.274049,815,0.0,0.0,104196.5818620938,0.0
80.06303119659424,1398.873469,1398.363962,815,0.0,0.0,104203.2819987885,0.0
80.06303286552429,1398.873469,1398.440388,815,0.0,0.0,104208.97711125312,0.0
80.08528971672058,1491.373865,1412.38041,815,0.0,0.0,105247.75963354991,0.0
80.08529829978943,1491.373865,1424.229428,816,0.0,0.0,106130.72472533959,0.0
80.12827014923096,1367.134272,1415.665154,817,0.0,0.0,105492.53217820008,0.0
80.12828707695007,1367.134272,1408.385522,817,0.0,0.0,104950.0685801977,0.0
80.12829113006592,1367.134272,1402.197835,817,0.0,0.0,104488.97453679924,0.0
80.1282947063446,1367.134272,1396.9383,817,0.0,0.0,104097.0445216667,0.0
80.13320803642273,1367.134272,1392.467696,817,0.0,0.0,103763.90406469248,0.0
80.14298582077026,1341.220695,1384.780646,817,0.0,0.0,103191.08049325038,0.0
80.17442727088928,1341.220695,1378.246653,817,0.0,0.0,102704.18042026558,0.0
80.17443752288818,1389.790778,1379.978272,818,0.0,0.0,102833.21720029914,0.0
80.17444014549255,1389.790778,1381.450148,818,0.0,0.0,102942.89845214997,0.0
80.19617438316345,1422.206445,1387.563592,818,0.0,0.0,103398.460055872,0.0
80.22813296318054,1416.88616,1391.961977,819,0.0,0.0,103726.21889759638,0.0
80.22814273834229,1416.88616,1395.700605,819,0.0,0.0,104004.8139689506,0.0
80.22822856903076,1416.88616,1398.878438,819,0.0,0.0,104241.6197199873,0.0
80.22834253311157,1416.88616,1401.579596,819,0.0,0.0,104442.9046046426,0.0
80.23286080360413,1416.88616,1403.875581,819,0.0,0.0,104613.9968087622,0.0
80.24327278137207,1332.069342,1393.104645,819,0.0,0.0,103811.36822857933,0.0
80.2531726360321,1332.069342,1383.94935,820,0.0,0.0,103129.13398013475,0.0
80.26302862167358,1437.558149,1391.99067,820,0.0,0.0,103728.35704249401,0.0
80.28165912628174,1468.654537,1403.49025,820,0.0,0.0,104585.28271432969,0.0
80.29103875160217,1468.654537,1413.264893,820,0.0,0.0,105313.66953539,0.0
80.32801270484924,1397.509261,1410.901548,821,0.0,0.0,105137.55779896968,0.0
80.3280246257782,1397.509261,1408.892705,821,0.0,0.0,104987.86284164188,0.0
80.32803869247437,1397.509261,1407.185189,821,0.0,0.0,104860.62216889819,0.0
80.32808637619019,1397.509261,1405.733799,821,0.0,0.0,104752.46749274083,0.0
80.3331847190857,1397.509261,1404.500119,822,0.0,0.0,104660.53612978409,0.0
80.3428590297699,1354.720747,1397.033213,822,0.0,0.0,104104.11724834806,0.0
80.35319328308105,1354.720747,1390.686343,822,0.0,0.0,103631.1612065793,0.0
80.36319971084595,1406.460617,1393.052484,822,0.0,0.0,103807.48129532018,0.0
80.37292408943176,1406.140321,1395.01566,822,0.0,0.0,103953.7732392635,0.0
80.39730310440063,1436.826416,1401.287273,823,0.0,0.0,104421.12128010657,0.0
80.42789006233215,1401.32843,1401.293447,824,0.0,0.0,104421.58135422214,0.0
80.42791104316711,1401.32843,1401.298694,824,0.0,0.0,104421.97235015417,0.0
80.4280457496643,1401.32843,1401.303155,824,0.0,0.0,104422.30477494032,0.0
80.42811870574951,1401.32843,1401.306946,824,0.0,0.0,104422.5872726682,0.0
80.43277716636658,1401.32843,1401.310169,824,0.0,0.0,104422.82744417364,0.0
80.44283390045166,1400.597794,1401.203313,824,0.0,0.0,104414.86474905002,0.0
80.45283055305481,1374.992025,1397.271619,824,0.0,0.0,104121.88278602161,0.0
80.46315312385559,1374.992025,1393.92968,825,0.0,0.0,103872.84818451366,0.0
80.47320055961609,1406.304283,1395.785871,825,0.0,0.0,104011.16782051169,0.0
80.48300075531006,1406.304283,1397.363633,825,0.0,0.0,104128.73948502871,0.0
80.53653597831726,1427.441642,1401.875334,826,0.0,0.0,104464.94240813956,0.0
80.53654432296753,1427.441642,1405.71028,826,0.0,0.0,104750.7149039614,0.0
80.53654742240906,1427.441642,1408.969985,826,0.0,0.0,104993.62159247621,0.0
80.53654932975769,1427.441642,1411.740733,826,0.0,0.0,105200.09218456631,0.0
80.53655123710632,1427.441642,1414.09587,826,0.0,0.0,105375.59227726448,0.0
80.54280734062195,1391.216905,1410.664025,826,0.0,0.0,105119.8580606878,0.0
80.55280661582947,1406.189674,1409.992872,827,0.0,0.0,105069.84508321997,0.0
80.56281042098999,1405.900774,1409.379058,827,0.0,0.0,105024.10489320155,0.0
80.57279515266418,1405.900774,1408.857315,827,0.0,0.0,104985.22564971609,0.0
80.58284711837769,1374.886366,1403.761673,827,0.0,0.0,104605.50861272133,0.0
80.631751537323,1401.688603,1403.450712,828,0.0,0.0,104582.33642175091,0.0
80.63176131248474,1401.688603,1403.186396,828,0.0,0.0,104562.64012276636,0.0
80.63176393508911,1401.688603,1402.961727,828,0.0,0.0,104545.89823882228,0.0
80.63176655769348,1401.688603,1402.770759,828,0.0,0.0,104531.66768590649,0.0
80.63344240188599,1401.688603,1402.608435,829,0.0,0.0,104519.57162650653,0.0
80.66012716293335,1399.444834,1402.133895,829,0.0,0.0,104484.2098560494,0.0
80.66015577316284,1399.444834,1401.730536,829,0.0,0.0,104454.1523511609,0.0
80.66284799575806,1406.131182,1402.390633,829,0.0,0.0,104503.34145765014,0.0
80.67281889915466,1406.131182,1402.951715,829,0.0,0.0,104545.1521646329,0.0
80.68286466598511,1390.46753,1401.079087,830,0.0,0.0,104405.60767631262,0.0
80.75123023986816,1387.58228,1399.054566,831,0.0,0.0,104254.74442582257,0.0
80.75124216079712,1387.58228,1397.333723,831,0.0,0.0,104126.51065172833,0.0
80.75124549865723,1387.58228,1395.871007,831,0.0,0.0,104017.51198473311,0.0
80.75124788284302,1387.58228,1394.627698,831,0.0,0.0,103924.86308797999,0.0
80.75125026702881,1387.58228,1393.570885,831,0.0,0.0,103846.11149965854,0.0
80.75133299827576,1440.784123,1400.652871,831,0.0,0.0,104373.84691355893,0.0
80.75342178344727,1440.784123,1406.672559,831,0.0,0.0,104822.42200792248,0.0
80.77879428863525,1391.466002,1404.391575,832,0.0,0.0,104652.44764828096,0.0
80.77882647514343,1391.466002,1402.452739,832,0.0,0.0,104507.96947239287,0.0
80.78281307220459,1374.668705,1398.285134,832,0.0,0.0,104197.40789409427,0.0
80.82850217819214,1385.454577,1396.36055,833,0.0,0.0,104053.99174870427,0.0
80.82851529121399,1385.454577,1394.724654,833,0.0,0.0,103932.08805492998,0.0
80.82855010032654,1385.454577,1393.334143,833,0.0,0.0,103828.46995993257,0.0
80.8287250995636,1385.454577,1392.152208,833,0.0,0.0,103740.3945307481,0.0
80.83282470703125,1385.454577,1391.147563,833,0.0,0.0,103665.53039731181,0.0
80.85732364654541,1472.384238,1403.333065,833,0.0,0.0,104573.56960291801,0.0
80.86344981193542,1406.166474,1403.758076,834,0.0,0.0,104605.24057148492,0.0
80.86345648765564,1406.166474,1404.119336,834,0.0,0.0,104632.16094320347,0.0
80.89152979850769,1406.300627,1404.446529,834,0.0,0.0,104656.5427103067,0.0
80.89155960083008,1406.169145,1404.704922,834,0.0,0.0,104675.797639193,0.0
80.92787575721741,1381.40987,1401.210664,835,0.0,0.0,104415.41253084844,0.0
80.92789006233215,1381.40987,1398.240545,835,0.0,0.0,104194.08521111097,0.0
80.92808103561401,1381.40987,1395.715943,835,0.0,0.0,104005.95692599377,0.0
80.92808842658997,1381.40987,1393.570032,835,0.0,0.0,103846.04793580681,0.0
80.93598890304565,1381.40987,1391.746008,836,0.0,0.0,103710.12532022917,0.0
80.94285583496094,1397.553349,1392.617109,836,0.0,0.0,103775.03802222885,0.0
80.96291971206665,1397.553349,1393.357545,836,0.0,0.0,103830.21383010631,0.0
80.9747314453125,1343.666491,1385.903887,836,0.0,0.0,103274.78216309904,0.0
80.97474002838135,1343.666491,1379.568278,836,0.0,0.0,102802.66526849828,0.0
81.00226497650146,1436.826631,1388.157031,837,0.0,0.0,103442.68194169465,0.0
81.05616879463196,1415.093563,1392.19751,838,0.0,0.0,103743.77034506355,0.0
81.05618500709534,1415.093563,1395.631918,838,0.0,0.0,103999.69555126742,0.0
81.05619025230408,1415.093563,1398.551165,838,0.0,0.0,104217.23199144429,0.0
81.05619430541992,1415.093563,1401.032525,838,0.0,0.0,104402.13796932054,0.0
81.05631899833679,1415.093563,1403.14168,838,0.0,0.0,104559.30797599735,0.0
81.05634689331055,1415.093563,1404.934463,838,0.0,0.0,104692.90257482014,0.0
81.05637192726135,1415.093563,1406.458328,838,0.0,0.0,104806.45794283459,0.0
81.08596348762512,1415.093563,1407.753613,839,0.0,0.0,104902.9799870174,0.0
81.08597493171692,1424.262539,1410.229952,839,0.0,0.0,105087.511810029,0.0
81.08600616455078,1437.393345,1414.304461,839,0.0,0.0,105391.13606084735,0.0
81.13902449607849,1360.239665,1406.194742,840,0.0,0.0,104786.81604198809,0.0
81.139230966568,1360.239665,1399.30148,840,0.0,0.0,104273.14396261744,0.0
81.1396312713623,1360.239665,1393.442208,840,0.0,0.0,103836.52274731499,0.0
81.13963866233826,1360.239665,1388.461826,840,0.0,0.0,103465.3946546935,0.0
81.1398069858551,1360.239665,1384.228502,840,0.0,0.0,103149.93582812781,0.0
81.14290761947632,1360.239665,1380.630176,840,0.0,0.0,102881.7957808362,0.0
81.15355372428894,1343.240021,1375.021653,841,0.0,0.0,102463.85987884841,0.0
81.16293597221375,1343.240021,1370.254408,841,0.0,0.0,102108.61432862568,0.0
81.1972861289978,1422.16057,1378.040333,841,0.0,0.0,102688.80586705466,0.0
81.19729804992676,1529.182545,1400.711664,841,0.0,0.0,104378.22805017645,0.0
81.24272108078003,1396.404112,1400.065532,843,0.0,0.0,104330.07958752004,0.0
81.24287819862366,1396.404112,1399.516319,843,0.0,0.0,104289.15333464768,0.0
81.2430465221405,1396.404112,1399.049487,843,0.0,0.0,104254.36594891407,0.0
81.24330759048462,1396.404112,1398.652681,843,0.0,0.0,104224.79676046212,0.0
81.24333071708679,1396.404112,1398.315396,843,0.0,0.0,104199.66295772976,0.0
81.24362254142761,1396.404112,1398.028703,843,0.0,0.0,104178.29916951874,0.0
81.2528715133667,1404.439906,1398.990383,843,0.0,0.0,104249.96163719939,0.0
81.26323652267456,1404.439906,1399.807812,843,0.0,0.0,104310.87480924591,0.0
81.27292895317078,1359.379826,1393.743614,843,0.0,0.0,103858.98291882082,0.0
81.29815793037415,1468.747209,1404.994153,844,0.0,0.0,104697.35055408129,0.0
81.34175729751587,1387.677846,1402.396707,845,0.0,0.0,104503.79407996598,0.0
81.34177899360657,1387.677846,1400.188878,845,0.0,0.0,104339.27108441976,0.0
81.34198355674744,1387.677846,1398.312223,845,0.0,0.0,104199.4265121242,0.0
81.34212636947632,1387.677846,1396.717067,845,0.0,0.0,104080.55868156147,0.0
81.34227967262268,1387.677846,1395.361184,845,0.0,0.0,103979.52099577592,0.0
81.34279918670654,1387.677846,1394.208683,845,0.0,0.0,103893.63892932514,0.0
81.35287594795227,1392.108434,1393.893646,845,0.0,0.0,103870.16300299755,0.0
81.36292099952698,1392.108434,1393.625864,846,0.0,0.0,103850.20842463421,0.0
81.37422943115234,1404.008571,1395.18327,846,0.0,0.0,103966.26320079742,0.0
81.38302850723267,1404.008571,1396.507065,846,0.0,0.0,104064.90975308433,0.0
81.44581580162048,1448.260516,1404.270083,847,0.0,0.0,104643.3943077483,0.0
81.4458258152008,1448.260516,1410.868648,847,0.0,0.0,105135.10615685723,0.0
81.44582915306091,1448.260516,1416.477428,847,0.0,0.0,105553.06120997034,0.0
81.44583201408386,1448.260516,1421.244891,847,0.0,0.0,105908.32300511649,0.0
81.44583439826965,1448.260516,1425.297235,847,0.0,0.0,106210.29556452381,0.0
81.44583678245544,1448.260516,1428.741727,847,0.0,0.0,106466.97221021284,0.0
81.45282983779907,1382.803214,1421.85095,848,0.0,0.0,105953.48530806556,0.0
81.46286296844482,1382.803214,1415.99379,848,0.0,0.0,105517.02147477347,0.0
81.47285676002502,1453.337405,1421.595332,848,0.0,0.0,105934.43716662185,0.0
81.48410940170288,1374.849591,1414.583471,848,0.0,0.0,105411.92732728481,0.0
81.55475378036499,1404.296154,1413.040373,850,0.0,0.0,105296.93875462752,0.0
81.55476665496826,1404.296154,1411.728741,850,0.0,0.0,105199.19856474223,0.0
81.55476999282837,1404.296154,1410.613853,850,0.0,0.0,105116.11934372534,0.0
81.5547730922699,1404.296154,1409.666198,850,0.0,0.0,105045.50199095736,0.0
81.55477499961853,1404.296154,1408.860691,850,0.0,0.0,104985.47722247509,0.0
81.5547776222229,1404.296154,1408.176011,850,0.0,0.0,104934.45624005728,0.0
81.55479907989502,1389.65028,1405.397151,850,0.0,0.0,104727.38115797276,0.0
81.5628924369812,1343.722454,1396.145946,850,0.0,0.0,104037.99988840341,0.0
81.57290816307068,1374.928504,1392.96333,850,0.0,0.0,103800.83771778544,0.0
81.58293962478638,1374.928504,1390.258106,851,0.0,0.0,103599.24984295298,0.0
81.64370059967041,1433.670902,1396.770025,852,0.0,0.0,104084.50500566453,0.0
81.64371132850647,1433.670902,1402.305157,852,0.0,0.0,104496.97195730962,0.0
81.64371514320374,1433.670902,1407.010019,852,0.0,0.0,104847.56885130439,0.0
81.64371800422668,1433.670902,1411.009151,852,0.0,0.0,105145.57615903729,0.0
81.6437201499939,1433.670902,1414.408414,852,0.0,0.0,105398.88243022471,0.0
81.64372277259827,1433.670902,1417.297787,852,0.0,0.0,105614.19271974907,0.0
81.66557478904724,1350.414031,1407.265224,852,0.0,0.0,104866.58621681518,0.0
81.67567205429077,1350.414031,1398.737545,853,0.0,0.0,104231.12065578827,0.0
81.67567992210388,1390.730417,1397.536476,853,0.0,0.0,104141.61939924273,0.0
81.68288922309875,1374.730003,1394.115505,853,0.0,0.0,103886.6954913691,0.0
81.74872779846191,1426.40317,1398.958655,854,0.0,0.0,104247.59733017982,0.0
81.74874019622803,1426.40317,1403.075332,854,0.0,0.0,104554.3638559099,0.0
81.7487440109253,1426.40317,1406.574508,854,0.0,0.0,104815.1154437654,0.0
81.7487473487854,1426.40317,1409.548807,854,0.0,0.0,105036.75424873177,0.0
81.74874997138977,1426.40317,1412.076962,854,0.0,0.0,105225.1472962935,0.0
81.74875235557556,1426.40317,1414.225893,855,0.0,0.0,105385.28133083247,0.0
81.75286149978638,1414.394877,1414.25124,855,0.0,0.0,105387.17013851099,0.0
81.78079462051392,1343.697596,1403.668194,855,0.0,0.0,104598.5427448481,0.0
81.78080558776855,1343.697596,1394.672604,855,0.0,0.0,103928.20939316848,0.0
81.78285574913025,1343.533355,1387.001717,855,0.0,0.0,103356.59025611734,0.0
81.86126852035522,1429.165093,1393.326223,857,0.0,0.0,103827.87977739367,0.0
81.86128211021423,1429.165093,1398.702054,857,0.0,0.0,104228.47593754473,0.0
81.86128616333008,1429.165093,1403.27151,857,0.0,0.0,104568.98264759184,0.0
81.86128950119019,1429.165093,1407.155547,857,0.0,0.0,104858.41330642106,0.0
81.86129236221313,1429.165093,1410.456979,857,0.0,0.0,105104.42940741083,0.0
81.86129522323608,1429.165093,1413.263196,857,0.0,0.0,105313.54307834852,0.0
81.86129784584045,1512.870572,1428.204303,857,0.0,0.0,106426.92445001108,0.0
81.86399817466736,1512.870572,1440.904243,857,0.0,0.0,107373.29854513219,0.0
81.89516305923462,1375.202292,1431.04895,858,0.0,0.0,106638.9018475865,0.0
81.89517402648926,1372.085416,1422.20442,858,0.0,0.0,105979.82518458484,0.0
81.94083976745605,1332.838818,1408.79958,859,0.0,0.0,104980.92335313973,0.0
81.94085097312927,1332.838818,1397.405466,859,0.0,0.0,104131.85679641138,0.0
81.9416389465332,1332.838818,1387.720468,859,0.0,0.0,103410.15014122249,0.0
81.94164395332336,1332.838818,1379.488221,859,0.0,0.0,102796.69958118534,0.0
81.94164681434631,1332.838818,1372.49081,859,0.0,0.0,102275.26652690985,0.0
81.95195245742798,1332.838818,1366.543011,859,0.0,0.0,101832.04845685698,0.0
81.96737289428711,1321.291712,1359.755316,859,0.0,0.0,101326.2430189114,0.0
81.97392058372498,1321.291712,1353.985776,860,0.0,0.0,100896.30845254612,0.0
81.97393035888672,1452.998371,1368.837665,860,0.0,0.0,102003.04147752213,0.0
82.00757360458374,1452.998371,1381.461771,860,0.0,0.0,102943.76457483304,0.0
82.11206269264221,1389.813578,1382.714542,863,0.0,0.0,103037.11856087699,0.0
82.11207723617554,1389.813578,1383.779397,863,0.0,0.0,103116.46942293303,0.0
82.11208128929138,1389.813578,1384.684525,863,0.0,0.0,103183.91774882817,0.0
82.11208462715149,1389.813578,1385.453883,863,0.0,0.0,103241.24876622466,0.0
82.11208724975586,1389.813578,1386.107837,863,0.0,0.0,103289.98010865625,0.0
82.11209011077881,1389.813578,1386.663698,863,0.0,0.0,103331.40175717494,0.0
82.11209273338318,1389.813578,1387.13618,863,0.0,0.0,103366.61016959349,0.0
82.1120958328247,1389.813578,1387.53779,863,0.0,0.0,103396.53734250469,0.0
82.11209845542908,1389.813578,1387.879158,863,0.0,0.0,103421.97540222017,0.0
82.11210107803345,1389.813578,1388.169321,863,0.0,0.0,103443.59776788195,0.0
82.14051580429077,1384.554311,1387.62707,864,0.0,0.0,103403.19030930706,0.0
82.14053440093994,1384.554311,1387.166156,864,0.0,0.0,103368.8439210817,0.0
82.14061069488525,1384.554311,1386.774379,864,0.0,0.0,103339.64948363838,0.0
82.14070272445679,1384.554311,1386.441369,864,0.0,0.0,103314.83424534461,0.0
82.14077854156494,1384.554311,1386.15831,864,0.0,0.0,103293.74125553593,0.0
82.14276051521301,1384.554311,1385.91771,864,0.0,0.0,103275.81222537626,0.0
82.1528012752533,1424.178217,1391.656786,864,0.0,0.0,103703.47667547062,0.0
82.16378426551819,1499.783281,1407.87576,864,0.0,0.0,104912.08213683832,0.0
82.18843960762024,1499.783281,1421.661889,864,0.0,0.0,105939.39686097071,0.0
82.19596457481384,1390.620967,1417.00575,865,0.0,0.0,105592.4307073603,0.0
82.22978186607361,1408.338784,1415.705705,866,0.0,0.0,105495.55395751014,0.0
82.22979283332825,1408.338784,1414.600667,866,0.0,0.0,105413.20873876703,0.0
82.22979664802551,1408.338784,1413.661385,866,0.0,0.0,105343.2153251908,0.0
82.22979974746704,1408.338784,1412.862995,866,0.0,0.0,105283.72090129557,0.0
82.23280334472656,1408.338784,1412.184363,866,0.0,0.0,105233.15060372565,0.0
82.24315166473389,1442.243901,1416.693294,866,0.0,0.0,105569.14711198384,0.0
82.25317072868347,1442.243901,1420.525885,866,0.0,0.0,105854.744117922,0.0
82.26363945007324,1390.637724,1416.042661,867,0.0,0.0,105520.6632438214,0.0
82.2989354133606,1390.637724,1412.23192,867,0.0,0.0,105236.6944561251,0.0
82.29894638061523,1390.534685,1408.977335,867,0.0,0.0,104994.16929975666,0.0
82.33274793624878,1388.343948,1405.882327,868,0.0,0.0,104763.53550184955,0.0
82.33275985717773,1388.343948,1403.25157,868,0.0,0.0,104567.4967587249,0.0
82.33276391029358,1388.343948,1401.015427,868,0.0,0.0,104400.86386060204,0.0
82.33276700973511,1388.343948,1399.114705,868,0.0,0.0,104259.2258636645,0.0
82.33276987075806,1388.343948,1397.499092,868,0.0,0.0,104138.83361843022,0.0
82.3427243232727,1397.668285,1397.524471,868,0.0,0.0,104140.72481068468,0.0
82.35275959968567,1397.668285,1397.546043,869,0.0,0.0,104142.33231292327,0.0
82.36407160758972,1390.622219,1396.507469,869,0.0,0.0,104064.93985835527,0.0
82.37278366088867,1390.622219,1395.624682,869,0.0,0.0,103999.15633903866,0.0
82.3876793384552,1406.214704,1397.213185,869,0.0,0.0,104117.52840136513,0.0
82.44425296783447,1394.484247,1396.803844,870,0.0,0.0,104087.02512981651,0.0
82.44426369667053,1394.484247,1396.455905,870,0.0,0.0,104061.09741234049,0.0
82.44426846504211,1394.484247,1396.160156,870,0.0,0.0,104039.05878914558,0.0
82.4442708492279,1394.484247,1395.90877,870,0.0,0.0,104020.32600786662,0.0
82.4442732334137,1394.484247,1395.695091,871,0.0,0.0,104004.40307671328,0.0
82.44429731369019,1420.780774,1399.457944,871,0.0,0.0,104284.80334655302,0.0
82.45273733139038,1405.979068,1400.436112,871,0.0,0.0,104357.69446697381,0.0
82.4627411365509,1405.979068,1401.267556,871,0.0,0.0,104419.65200875304,0.0
82.48654532432556,1390.854004,1399.705523,871,0.0,0.0,104303.25243781615,0.0
82.48655843734741,1406.041625,1400.655938,872,0.0,0.0,104374.07546025678,0.0
82.53445053100586,1387.491746,1398.681309,873,0.0,0.0,104226.93006168994,0.0
82.53446197509766,1387.491746,1397.002875,873,0.0,0.0,104101.85652134482,0.0
82.53446578979492,1387.491746,1395.576206,873,0.0,0.0,103995.54400459967,0.0
82.53446888923645,1387.491746,1394.363537,873,0.0,0.0,103905.178339285,0.0
82.5344717502594,1387.491746,1393.332768,873,0.0,0.0,103828.36749768625,0.0
82.5501708984375,1441.622849,1400.57628,873,0.0,0.0,104368.13950562476,0.0
82.56767296791077,1441.622849,1406.733266,873,0.0,0.0,104826.9457719869,0.0
82.56768584251404,1359.534677,1399.653477,874,0.0,0.0,104299.37407412667,0.0
82.57271242141724,1359.534677,1393.635657,874,0.0,0.0,103850.93817938215,0.0
82.58609366416931,1453.139604,1402.561249,874,0.0,0.0,104516.05542028409,0.0
82.63121557235718,1385.561294,1400.011256,875,0.0,0.0,104326.03504869647,0.0
82.63122582435608,1385.561294,1397.843762,875,0.0,0.0,104164.51773657292,0.0
82.6312301158905,1385.561294,1396.001392,875,0.0,0.0,104027.2280138161,0.0
82.63123297691345,1385.561294,1394.435377,875,0.0,0.0,103910.53171221382,0.0
82.63371729850769,1385.561294,1393.104265,875,0.0,0.0,103811.33991174036,0.0
82.66410613059998,1343.003947,1385.589217,875,0.0,0.0,103251.33358487647,0.0
82.66411757469177,1343.003947,1379.201426,876,0.0,0.0,102775.3281921386,0.0
82.66412162780762,1437.515741,1387.948574,876,0.0,0.0,103427.14814352342,0.0
82.67273449897766,1499.9859,1404.754173,876,0.0,0.0,104679.46772507994,0.0
82.68354892730713,1311.834244,1390.816183,876,0.0,0.0,103640.83662335372,0.0
82.73279643058777,1463.570961,1401.7294,877,0.0,0.0,104454.06769871591,0.0
82.73280644416809,1463.570961,1411.005634,877,0.0,0.0,105145.31407924066,0.0
82.73281025886536,1463.570961,1418.890433,877,0.0,0.0,105732.87351013852,0.0
82.73281335830688,1463.570961,1425.592512,877,0.0,0.0,106232.29901522397,0.0
82.73281598091125,1463.570961,1431.28928,878,0.0,0.0,106656.81075788691,0.0
82.76156163215637,1546.270119,1448.536406,878,0.0,0.0,107942.03204725438,0.0
82.76514601707458,1546.270119,1463.196463,878,0.0,0.0,109034.47013576492,0.0
82.76515197753906,1406.949395,1454.759402,878,0.0,0.0,108405.75724662082,0.0
82.77275109291077,1406.949395,1447.587901,879,0.0,0.0,107871.35135418868,0.0
82.78281784057617,1422.001203,1443.749896,879,0.0,0.0,107585.35090781293,0.0
82.84569430351257,1315.595424,1424.526726,880,0.0,0.0,106152.87877691239,0.0
82.84570503234863,1315.595424,1408.18703,880,0.0,0.0,104935.27735386994,0.0
82.8457088470459,1315.595424,1394.298289,880,0.0,0.0,103900.31618899465,0.0
82.84571170806885,1315.595424,1382.49286,880,0.0,0.0,103020.59926219097,0.0
82.84571409225464,1315.595424,1372.458244,880,0.0,0.0,102272.8397738085,0.0
82.84573745727539,1302.509224,1361.965891,880,0.0,0.0,101490.97064087828,0.0
82.87245559692383,1374.500781,1363.846125,880,0.0,0.0,101631.08191308634,0.0
82.87831735610962,1405.945051,1370.160964,881,0.0,0.0,102101.65106888238,0.0
82.87832713127136,1405.945051,1375.528577,881,0.0,0.0,102501.63484013133,0.0
82.8826916217804,1422.302686,1382.544693,881,0.0,0.0,103024.46175354702,0.0
82.93795037269592,1396.824023,1384.686593,882,0.0,0.0,103184.07185204668,0.0
82.9379665851593,1396.824023,1386.507207,882,0.0,0.0,103319.74036125343,0.0
82.93797159194946,1396.824023,1388.05473,882,0.0,0.0,103435.05867604891,0.0
82.93797445297241,1396.824023,1389.370124,882,0.0,0.0,103533.0792026402,0.0
82.93797731399536,1396.824023,1390.488209,882,0.0,0.0,103616.3966576946,0.0
82.95256972312927,1392.89062,1390.84857,882,0.0,0.0,103643.25003773357,0.0
82.95902848243713,1406.046686,1393.128288,883,0.0,0.0,103813.13005759043,0.0
82.96269369125366,1406.046686,1395.066047,883,0.0,0.0,103957.5279775954,0.0
82.99122142791748,1406.232703,1396.741046,883,0.0,0.0,104082.34554861965,0.0
82.9912314414978,1406.232703,1398.164794,883,0.0,0.0,104188.44039829455,0.0
83.06836366653442,1392.81415,1397.362198,885,0.0,0.0,104128.63255170254,0.0
83.06837439537048,1392.81415,1396.679991,885,0.0,0.0,104077.79585229213,0.0
83.06837797164917,1392.81415,1396.100115,885,0.0,0.0,104034.58465406737,0.0
83.06838083267212,1392.81415,1395.60722,885,0.0,0.0,103997.85510576917,0.0
83.06838345527649,1392.81415,1395.18826,885,0.0,0.0,103966.63504560411,0.0
83.0683856010437,1392.81415,1394.832143,885,0.0,0.0,103940.0979199459,0.0
83.06838774681091,1392.81415,1394.529444,885,0.0,0.0,103917.54139666948,0.0
83.06839036941528,1392.81415,1394.27215,885,0.0,0.0,103898.36836306223,0.0
83.0726900100708,1416.621412,1397.624539,885,0.0,0.0,104148.18167764235,0.0
83.10011339187622,1416.621412,1400.47407,886,0.0,0.0,104360.52302111678,0.0
83.12792015075684,1390.518337,1398.98071,887,0.0,0.0,104249.24082461112,0.0
83.12793326377869,1390.518337,1397.711354,887,0.0,0.0,104154.65095758133,0.0
83.12793731689453,1390.518337,1396.632402,887,0.0,0.0,104074.24961531677,0.0
83.12807297706604,1390.518337,1395.715292,887,0.0,0.0,104005.90841477753,0.0
83.13274836540222,1390.518337,1394.935749,887,0.0,0.0,103947.81843157815,0.0
83.14291071891785,1443.247879,1402.182568,887,0.0,0.0,104487.83687053388,0.0
83.16723036766052,1443.247879,1408.342365,887,0.0,0.0,104946.85260698653,0.0
83.18070435523987,1421.856231,1410.369445,888,0.0,0.0,105097.90654903179,0.0
83.18071508407593,1281.247309,1391.001125,888,0.0,0.0,103654.61813081753,0.0
83.18343663215637,1281.247309,1374.538052,888,0.0,0.0,102427.82290081745,0.0
83.22781133651733,1487.325948,1391.456237,889,0.0,0.0,103688.53216562234,0.0
83.22782945632935,1487.325948,1405.836693,889,0.0,0.0,104760.13494755898,0.0
83.22789239883423,1487.325948,1418.060082,889,0.0,0.0,105670.99741653034,0.0
83.2279748916626,1487.325948,1428.449962,889,0.0,0.0,106445.2304667193,0.0
83.23270654678345,1487.325948,1437.28136,889,0.0,0.0,107103.32855937992,0.0
83.24273729324341,1463.1053,1441.154951,890,0.0,0.0,107391.98080320895,0.0
83.25319576263428,1499.935803,1449.972079,890,0.0,0.0,108049.01552404754,0.0
83.27293992042542,1499.935803,1457.466637,890,0.0,0.0,108607.49497714597,0.0
83.28762936592102,1499.994075,1463.845753,890,0.0,0.0,109082.85392625694,0.0
83.2877426147461,1499.994075,1469.268001,890,0.0,0.0,109486.90898829045,0.0
83.3277816772461,1351.66212,1451.627119,892,0.0,0.0,108172.34579036292,0.0
83.32781672477722,1351.66212,1436.632369,892,0.0,0.0,107054.96704976911,0.0
83.32783365249634,1351.66212,1423.886832,892,0.0,0.0,106105.19515752337,0.0
83.3279447555542,1351.66212,1413.053125,892,0.0,0.0,105297.8890081296,0.0
83.3327157497406,1351.66212,1403.844474,892,0.0,0.0,104611.67877741899,0.0
83.34269666671753,1335.552398,1393.600663,892,0.0,0.0,103848.33049658326,0.0
83.35309386253357,1335.552398,1384.893423,892,0.0,0.0,103199.48440943623,0.0
83.36273741722107,1281.276971,1369.350955,892,0.0,0.0,102041.29082037609,0.0
83.37651205062866,1281.276971,1356.139858,892,0.0,0.0,101056.82632928937,0.0
83.39785623550415,1405.840971,1363.595025,893,0.0,0.0,101612.3704439546,0.0
83.43087077140808,1398.908738,1368.892082,894,0.0,0.0,102007.09652338331,0.0
83.43088436126709,1398.908738,1373.39458,894,0.0,0.0,102342.61365736459,0.0
83.43088889122009,1398.908738,1377.221704,894,0.0,0.0,102627.80327341132,0.0
83.43089175224304,1398.908738,1380.474759,894,0.0,0.0,102870.21441724381,0.0
83.43271040916443,1398.908738,1383.239856,894,0.0,0.0,103076.26390813095,0.0
83.44268894195557,1344.926329,1377.492827,894,0.0,0.0,102648.00681640377,0.0
83.4528124332428,1437.310562,1386.465487,894,0.0,0.0,103316.63147040443,0.0
83.4635398387909,1437.310562,1394.092248,895,0.0,0.0,103884.96242630499,0.0
83.47277569770813,1359.549702,1388.910867,895,0.0,0.0,103498.85629073644,0.0
83.48755097389221,1406.192346,1391.503088,895,0.0,0.0,103692.02340831564,0.0
83.54273843765259,1387.157716,1390.851283,896,0.0,0.0,103643.45220506033,0.0
83.54274940490723,1387.157716,1390.297248,896,0.0,0.0,103602.16662640483,0.0
83.54275393486023,1387.157716,1389.826318,896,0.0,0.0,103567.07386591811,0.0
83.54275727272034,1387.157716,1389.426028,896,0.0,0.0,103537.24505676344,0.0
83.5427598953247,1387.157716,1389.085781,896,0.0,0.0,103511.89053172294,0.0
83.54276275634766,1338.11567,1381.440264,896,0.0,0.0,102942.16191626429,0.0
83.55275630950928,1338.11567,1374.941575,897,0.0,0.0,102457.89262665754,0.0
83.56271457672119,1453.286169,1386.693264,897,0.0,0.0,103333.60495628424,0.0
83.57519054412842,1468.741481,1399.000497,897,0.0,0.0,104250.71531222446,0.0
83.58276748657227,1468.741481,1409.461644,897,0.0,0.0,105030.25903652975,0.0
83.64684343338013,1360.635248,1402.137685,898,0.0,0.0,104484.49227925931,0.0
83.64685702323914,1360.635248,1395.912319,898,0.0,0.0,104020.59047223916,0.0
83.64686107635498,1360.635248,1390.620759,898,0.0,0.0,103626.27401824182,0.0
83.64686393737793,1360.635248,1386.122932,898,0.0,0.0,103291.1049578261,0.0
83.64686727523804,1360.635248,1382.299779,899,0.0,0.0,103006.21125274681,0.0
83.65255117416382,1428.246029,1389.191717,899,0.0,0.0,103519.784670289,0.0
83.65267562866211,1428.246029,1395.049863,899,0.0,0.0,103956.32197832645,0.0
83.66296482086182,1359.348221,1389.694617,899,0.0,0.0,103557.25977115062,0.0
83.67271947860718,1359.348221,1385.142658,899,0.0,0.0,103218.05690250295,0.0
83.69272422790527,1437.310706,1392.967865,900,0.0,0.0,103801.17565690338,0.0
83.74884676933289,1385.621132,1391.865855,901,0.0,0.0,103719.0560786562,0.0
83.74886059761047,1385.621132,1390.929147,901,0.0,0.0,103649.2544744051,0.0
83.74886465072632,1385.621132,1390.132944,901,0.0,0.0,103589.92302137005,0.0
83.74886798858643,1385.621132,1389.456173,901,0.0,0.0,103539.49140179319,0.0
83.74887037277222,1385.621132,1388.880917,901,0.0,0.0,103496.62447671616,0.0
83.7489709854126,1468.02228,1400.752121,901,0.0,0.0,104381.24282479478,0.0
83.75277805328369,1468.02228,1410.842645,901,0.0,0.0,105133.16846537242,0.0
83.76277017593384,1375.651853,1405.564026,902,0.0,0.0,104739.81634877867,0.0
83.77302575111389,1375.651853,1401.0772,902,0.0,0.0,104405.46706085165,0.0
83.78378772735596,1437.507619,1406.541763,902,0.0,0.0,104812.67535194255,0.0
83.83477902412415,1397.359103,1405.164364,903,0.0,0.0,104710.03433692628,0.0
83.83479070663452,1397.359103,1403.993575,903,0.0,0.0,104622.78948534015,0.0
83.8348240852356,1397.359103,1402.998404,903,0.0,0.0,104548.63133541065,0.0
83.83482789993286,1397.359103,1402.152509,903,0.0,0.0,104485.59693405186,0.0
83.83483076095581,1397.359103,1401.433498,903,0.0,0.0,104432.01767426741,0.0
83.85102963447571,1348.234322,1393.453622,903,0.0,0.0,103837.3732957366,0.0
83.86196994781494,1348.234322,1386.670727,904,0.0,0.0,103331.92554417822,0.0
83.86836457252502,1406.311878,1389.616899,904,0.0,0.0,103551.46838143344,0.0
83.87264370918274,1468.741188,1401.485542,904,0.0,0.0,104435.89588892089,0.0
83.88269186019897,1468.741188,1411.573889,904,0.0,0.0,105187.65930381835,0.0
83.93927550315857,1402.455294,1410.2061,905,0.0,0.0,105085.73440675653,0.0
83.93930149078369,1402.455294,1409.043479,905,0.0,0.0,104999.09821817264,0.0
83.93930792808533,1402.455294,1408.055251,905,0.0,0.0,104925.45744669865,0.0
83.93931365013123,1402.455294,1407.215258,905,0.0,0.0,104862.86285056015,0.0
83.94572687149048,1402.455294,1406.501263,906,0.0,0.0,104809.65737305036,0.0
83.94573450088501,1378.429348,1402.290476,906,0.0,0.0,104495.87795859067,0.0
83.97325253486633,1374.900045,1398.181911,906,0.0,0.0,104189.715922855,0.0
83.97908616065979,1374.900045,1394.689631,906,0.0,0.0,103929.47821110916,0.0
83.97909331321716,1406.179058,1396.413045,906,0.0,0.0,104057.90357097457,0.0
83.9826385974884,1406.179058,1397.877947,907,0.0,0.0,104167.06513431197,0.0
84.05576729774475,1412.833226,1400.121239,908,0.0,0.0,104334.23076159778,0.0
84.05578851699829,1412.833226,1402.028037,908,0.0,0.0,104476.32152988714,0.0
84.05589628219604,1412.833226,1403.648816,908,0.0,0.0,104597.09873509567,0.0
84.0560040473938,1412.833226,1405.026477,908,0.0,0.0,104699.75927382728,0.0
84.05608534812927,1412.833226,1406.19749,908,0.0,0.0,104787.02081744479,0.0
84.05617380142212,1412.833226,1407.19285,908,0.0,0.0,104861.19305127578,0.0
84.0562653541565,1412.833226,1408.038907,908,0.0,0.0,104924.23952455015,0.0
84.06662178039551,1412.833226,1408.758055,909,0.0,0.0,104977.82899330024,0.0
84.08325338363647,1429.380343,1411.851398,909,0.0,0.0,105208.33871874178,0.0
84.08326482772827,1429.380343,1414.480739,909,0.0,0.0,105404.27194438221,0.0
84.12786602973938,1375.099632,1408.573573,910,0.0,0.0,104964.0817641152,0.0
84.12787771224976,1375.099632,1403.552482,910,0.0,0.0,104589.92011834006,0.0
84.12788248062134,1375.099632,1399.284555,910,0.0,0.0,104271.88274551248,0.0
84.1279149055481,1375.099632,1395.656816,910,0.0,0.0,104001.55090036515,0.0
84.132732629776,1375.099632,1392.573239,910,0.0,0.0,103771.7689176856,0.0
84.15186619758606,1374.603106,1389.877719,910,0.0,0.0,103570.90416549932,0.0
84.16566014289856,1374.973875,1387.642142,911,0.0,0.0,103404.31344456294,0.0
84.16567158699036,1437.400963,1395.105965,911,0.0,0.0,103960.50258701315,0.0
84.19504356384277,1437.400963,1401.450215,911,0.0,0.0,104433.26339162892,0.0
84.19507837295532,1406.34964,1402.185129,911,0.0,0.0,104488.02771112506,0.0
84.22791266441345,1395.563059,1401.191818,912,0.0,0.0,104414.0081646706,0.0
84.22792959213257,1395.563059,1400.347505,912,0.0,0.0,104351.09165078361,0.0
84.22793531417847,1395.563059,1399.629838,912,0.0,0.0,104297.61254318757,0.0
84.22796368598938,1395.563059,1399.019821,912,0.0,0.0,104252.15529800505,0.0
84.25182676315308,1395.563059,1398.501307,913,0.0,0.0,104213.51667313298,0.0
84.25883936882019,1417.428109,1401.340327,913,0.0,0.0,104425.07475793736,0.0
84.25914120674133,1406.218079,1402.07199,913,0.0,0.0,104479.59681942416,0.0
84.26264023780823,1406.218079,1402.693903,913,0.0,0.0,104525.94053070305,0.0
84.2901930809021,1406.291064,1403.233477,913,0.0,0.0,104566.14850459904,0.0
84.29020285606384,1406.291064,1403.692115,914,0.0,0.0,104600.32528986245,0.0
84.32799696922302,1390.77555,1401.75463,915,0.0,0.0,104455.94778778877,0.0
84.32800817489624,1390.77555,1400.107768,915,0.0,0.0,104333.22692965565,0.0
84.3280131816864,1390.77555,1398.707936,915,0.0,0.0,104228.91425240507,0.0
84.32801723480225,1390.77555,1397.518078,915,0.0,0.0,104140.24841712769,0.0
84.33269715309143,1390.77555,1396.506699,915,0.0,0.0,104064.8824794973,0.0
84.36337852478027,1400.545328,1397.112493,915,0.0,0.0,104110.0250351771,0.0
84.36338925361633,1406.054137,1398.45374,915,0.0,0.0,104209.97207555358,0.0
84.37065768241882,1406.150445,1399.608245,916,0.0,0.0,104296.00347607103,0.0
84.37329244613647,1406.150445,1400.589575,916,0.0,0.0,104369.13022239937,0.0
84.38454270362854,1406.261109,1401.440305,916,0.0,0.0,104432.5249182753,0.0
84.42773842811584,1401.639926,1401.470249,917,0.0,0.0,104434.75628518761,0.0
84.42776036262512,1401.639926,1401.4957,917,0.0,0.0,104436.65284273787,0.0
84.42795825004578,1401.639926,1401.517334,917,0.0,0.0,104438.26496509228,0.0
84.42796540260315,1401.639926,1401.535723,917,0.0,0.0,104439.63527654535,0.0
84.43281722068787,1401.639926,1401.551354,917,0.0,0.0,104440.80006736175,0.0
84.4427101612091,1399.351022,1401.221304,917,0.0,0.0,104416.20540234013,0.0
84.48165965080261,1399.351022,1400.940762,918,0.0,0.0,104395.29997433074,0.0
84.48167157173157,1406.310612,1401.746239,918,0.0,0.0,104455.32250727311,0.0
84.48184275627136,1406.310612,1402.430895,918,0.0,0.0,104506.34170125898,0.0
84.48433899879456,1390.63981,1400.662232,918,0.0,0.0,104374.54447653203,0.0
84.52767062187195,1405.411926,1401.374686,919,0.0,0.0,104427.63512180795,0.0
84.52769088745117,1405.411926,1401.980272,919,0.0,0.0,104472.76217774425,0.0
84.52771139144897,1405.411926,1402.49502,919,0.0,0.0,104511.12016783832,0.0
84.52789068222046,1405.411926,1402.932556,919,0.0,0.0,104543.7244743219,0.0
84.53264689445496,1405.411926,1403.304462,920,0.0,0.0,104571.43816464015,0.0
84.54462504386902,1408.718769,1404.116608,920,0.0,0.0,104631.95765810674,0.0
84.55292201042175,1408.718769,1404.806932,920,0.0,0.0,104683.39922010154,0.0
84.5636875629425,1390.606366,1402.676847,920,0.0,0.0,104524.66955174044,0.0
84.58509397506714,1390.606366,1400.866275,920,0.0,0.0,104389.749352263,0.0
84.5910017490387,1406.306604,1401.682324,921,0.0,0.0,104450.5596894732,0.0
84.62761640548706,1391.070242,1400.090512,922,0.0,0.0,104331.94104709357,0.0
84.62763810157776,1391.070242,1398.737471,922,0.0,0.0,104231.11514145647,0.0
84.62776350975037,1391.070242,1397.587387,922,0.0,0.0,104145.41318500524,0.0
84.62782716751099,1391.070242,1396.609815,922,0.0,0.0,104072.5664773109,0.0
84.63261222839355,1391.070242,1395.778879,922,0.0,0.0,104010.6467906743,0.0
84.64265322685242,1389.302039,1394.807353,922,0.0,0.0,103938.25061879186,0.0
84.6526780128479,1405.991579,1396.484987,922,0.0,0.0,104063.2645447391,0.0
84.66271042823792,1405.991579,1397.910976,923,0.0,0.0,104169.52638924604,0.0
84.67808246612549,1406.401751,1399.184592,923,0.0,0.0,104264.43370294452,0.0
84.69288206100464,1405.99931,1400.2068,923,0.0,0.0,104340.60659596806,0.0
84.72763419151306,1396.776281,1399.692222,924,0.0,0.0,104302.26127393355,0.0
84.72765874862671,1396.776281,1399.254831,924,0.0,0.0,104269.66777255958,0.0
84.72777366638184,1396.776281,1398.883048,924,0.0,0.0,104241.96324795502,0.0
84.7278470993042,1396.776281,1398.567033,924,0.0,0.0,104218.41444302606,0.0
84.73260736465454,1396.776281,1398.298421,924,0.0,0.0,104198.39801472494,0.0
84.74274396896362,1412.914719,1400.490865,924,0.0,0.0,104361.77455088208,0.0
84.7527220249176,1412.914719,1402.354443,925,0.0,0.0,104500.64465132645,0.0
84.76355051994324,1391.238884,1400.687109,925,0.0,0.0,104376.3982607518,0.0
84.77345538139343,1391.238884,1399.269876,925,0.0,0.0,104270.78889582955,0.0
84.78713393211365,1406.363915,1400.333982,925,0.0,0.0,104350.08394390561,0.0
84.82840251922607,1406.805459,1401.304703,926,0.0,0.0,104422.42012880018,0.0
84.82845044136047,1406.805459,1402.129817,926,0.0,0.0,104483.90597165628,0.0
84.82854890823364,1406.805459,1402.831163,926,0.0,0.0,104536.16887101776,0.0
84.82864141464233,1406.805459,1403.427308,926,0.0,0.0,104580.59240254121,0.0
84.83258390426636,1406.805459,1403.93403,927,0.0,0.0,104618.35231118863,0.0
84.84266805648804,1382.432854,1400.708854,927,0.0,0.0,104378.01865460392,0.0
84.85266327857971,1374.963288,1396.847019,927,0.0,0.0,104090.2424443516,0.0
84.86265277862549,1374.963288,1393.56446,927,0.0,0.0,103845.63272152563,0.0
84.87350249290466,1406.297111,1395.474357,927,0.0,0.0,103987.95442108873,0.0
84.88271450996399,1437.49885,1401.778031,928,0.0,0.0,104457.69158344448,0.0
84.93131971359253,1397.149541,1401.083758,929,0.0,0.0,104405.9557498782,0.0
84.93133330345154,1397.149541,1400.493625,929,0.0,0.0,104361.98022055473,0.0
84.93133640289307,1397.149541,1399.992013,929,0.0,0.0,104324.60109887371,0.0
84.93133902549744,1397.149541,1399.565642,929,0.0,0.0,104292.82878583042,0.0
84.93951654434204,1397.149541,1399.203227,929,0.0,0.0,104265.82234582491,0.0
84.94259858131409,1371.152819,1394.995666,929,0.0,0.0,103952.28332642467,0.0
84.95267915725708,1374.922592,1391.984705,929,0.0,0.0,103727.91254263988,0.0
84.96290755271912,1406.024895,1394.090733,930,0.0,0.0,103884.84953153903,0.0
84.9727475643158,1406.024895,1395.880858,930,0.0,0.0,104018.2460615249,0.0
84.98269486427307,1422.006962,1399.799773,930,0.0,0.0,104310.2757590653,0.0
85.05553007125854,1396.025236,1399.233593,932,0.0,0.0,104268.0851593321,0.0
85.05555725097656,1396.025236,1398.752339,932,0.0,0.0,104232.22307504089,0.0
85.05560374259949,1396.025236,1398.343274,932,0.0,0.0,104201.74037045956,0.0
85.05574798583984,1396.025236,1397.995568,932,0.0,0.0,104175.83001567693,0.0
85.05583143234253,1396.025236,1397.700018,932,0.0,0.0,104153.8062215635,0.0
85.05592656135559,1396.025236,1397.448801,932,0.0,0.0,104135.08603382605,0.0
85.0560200214386,1396.025236,1397.235266,932,0.0,0.0,104119.17383326434,0.0
85.06259202957153,1396.025236,1397.053762,932,0.0,0.0,104105.6485186754,0.0
85.07260465621948,1376.94402,1394.037301,932,0.0,0.0,103880.86788590523,0.0
85.08260655403137,1376.94402,1391.473309,932,0.0,0.0,103689.8043368729,0.0
85.13444995880127,1427.369949,1396.857805,933,0.0,0.0,104091.04619547092,0.0
85.1344587802887,1427.369949,1401.434626,933,0.0,0.0,104432.1017305684,0.0
85.13446140289307,1427.369949,1405.324925,933,0.0,0.0,104721.99902109698,0.0
85.13446354866028,1427.369949,1408.631678,933,0.0,0.0,104968.41163235057,0.0
85.13446545600891,1427.369949,1411.442419,934,0.0,0.0,105177.86242270822,0.0
85.16059613227844,1432.902961,1414.6615,934,0.0,0.0,105417.74189209915,0.0
85.16060853004456,1406.217657,1413.394924,934,0.0,0.0,105323.35918510196,0.0
85.1627140045166,1435.683,1416.738135,934,0.0,0.0,105572.48857350252,0.0
85.17265129089355,1435.683,1419.579865,934,0.0,0.0,105784.24860207968,0.0
85.18263983726501,1375.880495,1413.024959,935,0.0,0.0,105295.79013421654,0.0
85.2365734577179,1378.671387,1407.871923,936,0.0,0.0,104911.79621128253,0.0
85.23658919334412,1378.671387,1403.491843,936,0.0,0.0,104585.40142149945,0.0
85.23659300804138,1378.671387,1399.768774,936,0.0,0.0,104307.96577566581,0.0
85.23659634590149,1378.671387,1396.604166,936,0.0,0.0,104072.14552514393,0.0
85.2365996837616,1378.671387,1393.914249,936,0.0,0.0,103871.69829729671,0.0
85.24403262138367,1383.816294,1392.399556,936,0.0,0.0,103758.82640835384,0.0
85.26732277870178,1383.816294,1391.112067,936,0.0,0.0,103662.88530647829,0.0
85.26733493804932,1672.768928,1433.360596,937,0.0,0.0,106811.16107806242,0.0
85.27259612083435,1781.123362,1485.525011,937,0.0,0.0,110698.34881620496,0.0
85.28265762329102,1781.123362,1529.864763,937,0.0,0.0,114002.45833773763,0.0
85.33293914794922,1715.256871,1557.67358,939,0.0,0.0,116074.7156889348,0.0
85.33294916152954,1715.256871,1581.311073,939,0.0,0.0,117836.1343294013,0.0
85.33295202255249,1715.256871,1601.402943,939,0.0,0.0,119333.34024458996,0.0
85.3329541683197,1715.256871,1618.481032,939,0.0,0.0,120605.96523524127,0.0
85.33295631408691,1715.256871,1632.997408,939,0.0,0.0,121687.6965033762,0.0
85.34721422195435,1647.391566,1635.156532,939,0.0,0.0,121848.590099862,0.0
85.37233519554138,1624.454183,1633.551179,939,0.0,0.0,121728.96240928042,0.0
85.37234473228455,1624.454183,1632.18663,939,0.0,0.0,121627.27895052994,0.0
85.37259531021118,1578.506762,1624.13465,940,0.0,0.0,121027.26152631905,0.0
85.38258004188538,1531.209117,1610.19582,940,0.0,0.0,119988.56782947507,0.0
85.42774295806885,1578.614033,1605.458552,941,0.0,0.0,119635.55610525857,0.0
85.42775559425354,1578.614033,1601.431874,941,0.0,0.0,119335.49612477094,0.0
85.42776894569397,1578.614033,1598.009198,941,0.0,0.0,119080.44516371186,0.0
85.42785286903381,1578.614033,1595.099923,941,0.0,0.0,118863.65181700444,0.0
85.45071911811829,1578.614033,1592.62704,941,0.0,0.0,118679.37752819163,0.0
85.45072817802429,1597.379296,1593.339878,942,0.0,0.0,118732.49678837853,0.0
85.45651388168335,1597.379296,1593.945791,942,0.0,0.0,118777.64821169998,0.0
85.48092865943909,1593.782752,1593.921335,942,0.0,0.0,118775.82579955706,0.0
85.48109769821167,1593.782752,1593.900547,942,0.0,0.0,118774.27671942838,0.0
85.4831006526947,1578.16327,1591.539956,943,0.0,0.0,118598.37020557275,0.0
85.52875566482544,1592.871078,1591.739624,944,0.0,0.0,118613.24906506535,0.0
85.52876472473145,1592.871078,1591.909342,944,0.0,0.0,118625.89611053767,0.0
85.52876901626587,1592.871078,1592.053603,944,0.0,0.0,118636.64615135176,0.0
85.52877283096313,1592.871078,1592.176224,944,0.0,0.0,118645.7836227034,0.0
85.53409743309021,1592.871078,1592.280452,944,0.0,0.0,118653.55048453,0.0
85.54290294647217,1596.319691,1592.886338,944,0.0,0.0,118698.69989586553,0.0
85.5584557056427,1596.319691,1593.401341,944,0.0,0.0,118737.07688804895,0.0
85.56818699836731,1593.728086,1593.450353,945,0.0,0.0,118740.72916413451,0.0
85.59100365638733,1593.716373,1593.490256,945,0.0,0.0,118743.70265578231,0.0
85.59109783172607,1593.716373,1593.524173,945,0.0,0.0,118746.23008269804,0.0
85.62761497497559,1603.957583,1595.089185,946,0.0,0.0,118862.85164274902,0.0
85.62764167785645,1603.957583,1596.419444,946,0.0,0.0,118961.97987937076,0.0
85.62769341468811,1603.957583,1597.550165,946,0.0,0.0,119046.23894383952,0.0
85.62781620025635,1603.957583,1598.511278,946,0.0,0.0,119117.85915981563,0.0
85.63263463973999,1603.957583,1599.328223,947,0.0,0.0,119178.73626515147,0.0
85.64467287063599,1598.09444,1599.143156,947,0.0,0.0,119164.945442938,0.0
85.65263056755066,1598.09444,1598.985849,947,0.0,0.0,119153.22324033066,0.0
85.67588424682617,1593.756136,1598.201392,947,0.0,0.0,119094.76707569236,0.0
85.6759204864502,1593.756136,1597.534603,948,0.0,0.0,119045.07929476492,0.0
85.6970579624176,1593.250197,1596.891943,948,0.0,0.0,118997.18955859524,0.0
85.7276964187622,1604.660046,1598.057158,949,0.0,0.0,119084.01904686422,0.0
85.72770738601685,1604.660046,1599.047591,949,0.0,0.0,119157.82413052233,0.0
85.72772336006165,1604.660046,1599.889459,949,0.0,0.0,119220.55844790585,0.0
85.72787737846375,1604.660046,1600.605047,949,0.0,0.0,119273.8826325854,0.0
85.73264575004578,1604.660046,1601.213297,949,0.0,0.0,119319.20820446665,0.0
85.7427270412445,1601.940397,1601.322362,950,0.0,0.0,119327.3355098464,0.0
85.75299000740051,1601.940397,1601.415067,950,0.0,0.0,119334.24370078967,0.0
85.76276588439941,1610.328073,1602.752018,950,0.0,0.0,119433.87061184958,0.0
85.78145790100098,1593.731035,1601.398871,950,0.0,0.0,119333.03680730477,0.0
85.7855613231659,1593.731035,1600.248695,951,0.0,0.0,119247.32799519779,0.0
85.82808876037598,1584.109852,1597.827869,952,0.0,0.0,119066.93288977243,0.0
85.82811570167542,1584.109852,1595.770166,952,0.0,0.0,118913.59698309469,0.0
85.82825493812561,1584.109852,1594.021119,952,0.0,0.0,118783.2615034035,0.0
85.82829666137695,1584.109852,1592.534429,952,0.0,0.0,118672.47634194011,0.0
85.83260416984558,1584.109852,1591.270742,952,0.0,0.0,118578.3089174372,0.0
85.84261083602905,1651.925711,1600.368988,952,0.0,0.0,119256.29198865163,0.0
85.85260319709778,1593.712707,1599.370546,952,0.0,0.0,119181.89009035284,0.0
85.8626070022583,1593.712707,1598.52187,953,0.0,0.0,119118.64845444345,0.0
85.87275099754333,1609.447586,1600.160727,953,0.0,0.0,119240.77279600789,0.0
85.90091729164124,1593.550487,1599.169191,953,0.0,0.0,119166.88551899872,0.0
85.9276614189148,1603.903056,1599.879271,954,0.0,0.0,119219.79925854894,0.0
85.92768335342407,1603.903056,1600.482839,954,0.0,0.0,119264.77593716666,0.0
85.92778396606445,1603.903056,1600.995871,954,0.0,0.0,119303.0060543773,0.0
85.9278826713562,1603.903056,1601.431949,954,0.0,0.0,119335.50171362075,0.0
85.93255019187927,1603.903056,1601.802615,955,0.0,0.0,119363.12300162228,0.0
85.94262361526489,1604.938535,1602.273003,955,0.0,0.0,119398.1753733544,0.0
85.95260548591614,1624.811522,1605.653781,955,0.0,0.0,119650.10417936098,0.0
85.96292495727539,1624.811522,1608.527442,955,0.0,0.0,119864.24364211119,0.0
85.97296690940857,1500.196826,1592.27785,956,0.0,0.0,118653.35658870093,0.0
85.98311257362366,1500.196826,1578.465696,956,0.0,0.0,117624.10253368784,0.0
86.05580043792725,1675.616078,1593.038253,958,0.0,0.0,118710.02029743124,0.0
86.05584239959717,1675.616078,1605.424927,958,0.0,0.0,119633.05043759804,0.0
86.05611228942871,1675.616078,1615.9536,958,0.0,0.0,120417.62606419163,0.0
86.05616617202759,1675.616078,1624.902972,958,0.0,0.0,121084.51534307029,0.0
86.05617189407349,1675.616078,1632.509938,958,0.0,0.0,121651.37121521351,0.0
86.05624318122864,1675.616078,1638.975859,958,0.0,0.0,122133.19869908347,0.0
86.05631852149963,1675.616078,1644.471892,958,0.0,0.0,122542.75207155065,0.0
86.06263875961304,1675.616078,1649.14352,958,0.0,0.0,122890.87243442184,0.0
86.07262349128723,1690.425623,1655.335835,958,0.0,0.0,123352.31134711196,0.0
86.08291745185852,1687.463551,1660.154992,959,0.0,0.0,123711.42527561252,0.0
86.12772822380066,1593.558702,1650.165549,960,0.0,0.0,122967.03198872384,0.0
86.12773823738098,1593.558702,1641.674522,960,0.0,0.0,122334.29766133541,0.0
86.12784123420715,1593.558702,1634.457149,960,0.0,0.0,121796.47347932933,0.0
86.12792873382568,1593.558702,1628.322382,960,0.0,0.0,121339.32292835006,0.0
86.13594603538513,1593.558702,1623.10783,960,0.0,0.0,120950.74495629176,0.0
86.1467638015747,1552.319511,1612.489582,960,0.0,0.0,120159.49438008656,0.0
86.15256786346436,1499.950952,1595.608787,961,0.0,0.0,118901.57134320219,0.0
86.16260552406311,1530.990191,1585.915998,961,0.0,0.0,118179.28411829603,0.0
86.17265391349792,1530.990191,1577.677127,961,0.0,0.0,117565.33995104449,0.0
86.1826057434082,1531.293565,1570.719593,961,0.0,0.0,117046.87845094889,0.0
86.23330974578857,1568.496619,1570.386147,963,0.0,0.0,117022.03072280828,0.0
86.23331785202026,1568.496619,1570.102718,963,0.0,0.0,117000.91016134061,0.0
86.23332071304321,1568.496619,1569.861803,963,0.0,0.0,116982.95765801177,0.0
86.23332238197327,1568.496619,1569.657025,963,0.0,0.0,116967.69801155273,0.0
86.2333242893219,1568.496619,1569.482964,963,0.0,0.0,116954.72733441797,0.0
86.25462198257446,1626.103257,1577.976008,963,0.0,0.0,117587.61196460707,0.0
86.25464701652527,1626.103257,1585.195096,963,0.0,0.0,118125.56394497858,0.0
86.26266646385193,1562.87298,1581.846778,963,0.0,0.0,117876.05399316561,0.0
86.2727267742157,1652.957309,1592.513358,964,0.0,0.0,118670.90617321817,0.0
86.28265762329102,1652.957309,1601.57995,964,0.0,0.0,119346.53045174485,0.0
86.32789993286133,1523.284706,1589.835664,965,0.0,0.0,118471.36977885244,0.0
86.32791328430176,1523.284706,1579.85302,965,0.0,0.0,117727.4831398277,0.0
86.32796907424927,1523.284706,1571.367773,965,0.0,0.0,117095.17952646385,0.0
86.32813096046448,1523.284706,1564.155313,965,0.0,0.0,116557.72145137869,0.0
86.34728002548218,1523.284706,1558.024722,965,0.0,0.0,116100.88208755631,0.0
86.34728741645813,1564.449219,1558.988396,966,0.0,0.0,116172.69314412364,0.0
86.35253286361694,1564.449219,1559.80752,966,0.0,0.0,116233.73262417567,0.0
86.37301588058472,1609.34925,1567.238779,966,0.0,0.0,116787.49516256053,0.0
86.3730239868164,1609.34925,1573.55535,966,0.0,0.0,117258.19338352798,0.0
86.38262414932251,1639.458771,1583.440863,967,0.0,0.0,117994.8420149532,0.0
86.42885637283325,1629.085739,1590.287595,968,0.0,0.0,118505.0467719077,0.0
86.42886447906494,1629.085739,1596.107316,968,0.0,0.0,118938.72072589742,0.0
86.42886877059937,1629.085739,1601.05408,968,0.0,0.0,119307.34367248439,0.0
86.42887210845947,1629.085739,1605.258828,968,0.0,0.0,119620.67307275809,0.0
86.43281126022339,1629.085739,1608.832865,968,0.0,0.0,119887.00315241236,0.0
86.46385073661804,1571.52544,1603.236751,968,0.0,0.0,119469.99194425353,0.0
86.46385884284973,1571.52544,1598.480055,968,0.0,0.0,119115.53248438473,0.0
86.4638614654541,1640.705066,1604.813806,969,0.0,0.0,119587.51092454647,0.0
86.47429585456848,1499.429017,1589.006088,969,0.0,0.0,118409.55143669223,0.0
86.48509216308594,1499.429017,1575.569527,969,0.0,0.0,117408.28581985354,0.0
86.5283727645874,1688.267548,1592.474231,971,0.0,0.0,118667.99050753632,0.0
86.52838230133057,1688.267548,1606.843228,971,0.0,0.0,119738.73938774146,0.0
86.52838635444641,1688.267548,1619.056876,971,0.0,0.0,120648.87597690074,0.0
86.5284116268158,1688.267548,1629.438477,971,0.0,0.0,121422.49209258973,0.0
86.53260898590088,1688.267548,1638.262837,971,0.0,0.0,122080.06572758508,0.0
86.55916476249695,1663.949192,1642.115791,971,0.0,0.0,122367.18014350304,0.0
86.55917310714722,1718.725766,1653.607287,971,0.0,0.0,123223.50341184823,0.0
86.57986354827881,1718.725766,1663.375059,972,0.0,0.0,123951.37821974882,0.0
86.57989072799683,1687.241768,1666.955065,972,0.0,0.0,124218.1530973292,0.0
86.58254146575928,1687.241768,1669.99807,972,0.0,0.0,124444.9117358207,0.0
86.62787818908691,1546.76595,1651.513252,973,0.0,0.0,123067.46011729115,0.0
86.62789487838745,1546.76595,1635.801157,973,0.0,0.0,121896.62626389645,0.0
86.62789940834045,1546.76595,1622.445876,973,0.0,0.0,120901.41746988145,0.0
86.6279034614563,1546.76595,1611.093887,973,0.0,0.0,120055.48998379099,0.0
86.63289642333984,1546.76595,1601.444696,973,0.0,0.0,119336.45159453282,0.0
86.64330196380615,1516.501901,1588.703277,974,0.0,0.0,118386.98656740012,0.0
86.6532473564148,1562.486563,1584.77077,974,0.0,0.0,118093.94402123988,0.0
86.6741201877594,1406.175473,1557.981475,974,0.0,0.0,116097.65940772538,0.0
86.68046426773071,1406.175473,1535.210575,974,0.0,0.0,114400.8175421266,0.0
86.68293642997742,1624.72729,1548.638082,975,0.0,0.0,115401.40847301736,0.0
86.72766375541687,1647.432404,1563.45723,976,0.0,0.0,116505.70170424251,0.0
86.72767519950867,1647.432404,1576.053507,976,0.0,0.0,117444.35104020551,0.0
86.72767901420593,1647.432404,1586.760341,976,0.0,0.0,118242.20286772292,0.0
86.7279646396637,1647.432404,1595.861151,976,0.0,0.0,118920.37700308257,0.0
86.73256015777588,1647.432404,1603.596839,976,0.0,0.0,119496.82498087922,0.0
86.74269604682922,1536.521165,1593.535488,976,0.0,0.0,118747.07325383794,0.0
86.75257349014282,1536.521165,1584.983339,977,0.0,0.0,118109.78423741614,0.0
86.77795696258545,1625.749227,1591.098222,977,0.0,0.0,118565.45307253633,0.0
86.77796626091003,1625.749227,1596.295873,977,0.0,0.0,118952.7716159216,0.0
86.78309869766235,1562.561799,1591.235762,977,0.0,0.0,118575.7022778903,0.0
86.82810688018799,1598.729544,1592.359829,979,0.0,0.0,118659.46549960478,0.0
86.82817721366882,1598.729544,1593.315287,979,0.0,0.0,118730.66431630596,0.0
86.82826280593872,1598.729544,1594.127425,979,0.0,0.0,118791.18321362858,0.0
86.82835102081299,1598.729544,1594.817743,979,0.0,0.0,118842.62432851543,0.0
86.83253455162048,1598.729544,1595.404513,979,0.0,0.0,118886.34925381382,0.0
86.84253239631653,1686.07375,1609.004899,979,0.0,0.0,119899.82278156652,0.0
86.85300540924072,1686.07375,1620.565227,979,0.0,0.0,120761.2752727045,0.0
86.86405801773071,1593.822599,1616.553832,979,0.0,0.0,120462.3541507702,0.0
86.8728437423706,1562.35267,1608.423658,980,0.0,0.0,119856.50986627539,0.0
86.88963198661804,1562.35267,1601.51301,980,0.0,0.0,119341.542217003,0.0
86.92787837982178,1578.739943,1598.09705,981,0.0,0.0,119086.99171881405,0.0
86.927889585495,1578.739943,1595.193484,981,0.0,0.0,118870.62379535343,0.0
86.92793321609497,1578.739943,1592.725453,981,0.0,0.0,118686.71106786371,0.0
86.92803263664246,1578.739943,1590.627626,981,0.0,0.0,118530.38520106077,0.0
86.93252778053284,1578.739943,1588.844474,981,0.0,0.0,118397.50828507033,0.0
86.94254732131958,1607.636184,1591.66323,982,0.0,0.0,118607.55633717668,0.0
86.95253491401672,1607.636184,1594.059173,982,0.0,0.0,118786.09721127423,0.0
86.96288704872131,1609.385702,1596.358153,982,0.0,0.0,118957.41259679585,0.0
86.97453093528748,1593.641154,1595.950603,982,0.0,0.0,118927.04278698048,0.0
86.9827811717987,1593.641154,1595.604186,983,0.0,0.0,118901.22848589641,0.0
87.05632877349854,1574.216885,1592.396091,985,0.0,0.0,118662.16767122428,0.0
87.05634045600891,1574.216885,1589.66921,985,0.0,0.0,118458.96596012343,0.0
87.05635690689087,1574.216885,1587.351361,985,0.0,0.0,118286.24449451003,0.0
87.05651879310608,1574.216885,1585.38119,985,0.0,0.0,118139.43129717534,0.0
87.05653810501099,1574.216885,1583.706544,985,0.0,0.0,118014.64003100415,0.0
87.05673480033875,1574.216885,1582.283095,985,0.0,0.0,117908.56746221041,0.0
87.05674195289612,1574.216885,1581.073164,985,0.0,0.0,117818.40582717246,0.0
87.06259775161743,1574.216885,1580.044722,985,0.0,0.0,117741.76838895353,0.0
87.07289624214172,1617.110192,1585.604542,985,0.0,0.0,118156.07504091691,0.0
87.08342218399048,1617.110192,1590.33039,985,0.0,0.0,118508.23576960382,0.0
87.13839745521545,1622.092244,1595.094668,987,0.0,0.0,118863.26022492841,0.0
87.13849425315857,1622.092244,1599.144304,987,0.0,0.0,119165.03098959895,0.0
87.13868474960327,1622.092244,1602.586495,987,0.0,0.0,119421.5361693761,0.0
87.13885498046875,1622.092244,1605.512358,987,0.0,0.0,119639.56562062337,0.0
87.13903546333313,1622.092244,1607.999341,987,0.0,0.0,119824.89061319863,0.0
87.1426203250885,1622.092244,1610.113276,987,0.0,0.0,119982.41681590275,0.0
87.15267944335938,1658.520364,1617.374339,987,0.0,0.0,120523.49668921255,0.0
87.1626615524292,1499.830819,1599.742811,987,0.0,0.0,119209.63053263212,0.0
87.17315196990967,1499.830819,1584.756012,988,0.0,0.0,118092.84428463514,0.0
87.18370342254639,1609.494505,1588.466786,988,0.0,0.0,118369.3637316915,0.0
87.2425708770752,1655.907551,1598.582901,990,0.0,0.0,119123.19636233903,0.0
87.24259305000305,1655.907551,1607.181599,990,0.0,0.0,119763.95411701895,0.0
87.2427613735199,1655.907551,1614.490491,990,0.0,0.0,120308.59811162346,0.0
87.24290800094604,1655.907551,1620.70305,990,0.0,0.0,120771.54556665171,0.0
87.24307036399841,1655.907551,1625.983725,990,0.0,0.0,121165.05089224802,0.0
87.24322843551636,1655.907551,1630.472299,990,0.0,0.0,121499.53043763437,0.0
87.25268840789795,1659.131669,1634.771205,990,0.0,0.0,121819.87630350151,0.0
87.26262903213501,1499.553133,1614.488494,990,0.0,0.0,120308.44929918277,0.0
87.27264595031738,1656.244038,1620.751826,990,0.0,0.0,120775.18025648988,0.0
87.28307914733887,1528.419825,1606.902025,991,0.0,0.0,119743.12082243101,0.0
87.34952664375305,1617.90834,1608.552973,992,0.0,0.0,119866.14616110125,0.0
87.34953546524048,1617.90834,1609.956278,992,0.0,0.0,119970.71763935658,0.0
87.34953832626343,1617.90834,1611.149087,992,0.0,0.0,120059.6033772441,0.0
87.34954118728638,1617.90834,1612.162975,992,0.0,0.0,120135.15628052979,0.0
87.34954333305359,1617.90834,1613.02478,992,0.0,0.0,120199.37626322621,0.0
87.34954524040222,1617.90834,1613.757314,992,0.0,0.0,120253.9632298887,0.0
87.35262250900269,1617.90834,1614.379968,993,0.0,0.0,120300.36215900359,0.0
87.36260604858398,1569.799962,1607.692967,993,0.0,0.0,119802.060236282,0.0
87.37262845039368,1562.387352,1600.897125,993,0.0,0.0,119295.6477002121,0.0
87.38262820243835,1562.387352,1595.120659,993,0.0,0.0,118865.19702219727,0.0
87.45206642150879,1596.115684,1595.269913,995,0.0,0.0,118876.31913137205,0.0
87.4520742893219,1596.115684,1595.396778,995,0.0,0.0,118885.77285710441,0.0
87.45207691192627,1596.115684,1595.504614,995,0.0,0.0,118893.8085798654,0.0
87.45207858085632,1596.115684,1595.596275,995,0.0,0.0,118900.63897401947,0.0
87.45208048820496,1596.115684,1595.674186,995,0.0,0.0,118906.44474571012,0.0
87.45208191871643,1596.115684,1595.740411,995,0.0,0.0,118911.37970008388,0.0
87.4536862373352,1627.383792,1600.486918,995,0.0,0.0,119265.07989607779,0.0
87.47343230247498,1627.383792,1604.521449,995,0.0,0.0,119565.72506639853,0.0
87.47346615791321,1499.984925,1588.84097,996,0.0,0.0,118397.24717400767,0.0
87.48262524604797,1499.984925,1575.512564,996,0.0,0.0,117404.04105117115,0.0
87.54661774635315,1650.534046,1586.765786,998,0.0,0.0,118242.60861821844,0.0
87.54662919044495,1650.534046,1596.331025,998,0.0,0.0,118955.39107256405,0.0
87.54663228988647,1650.534046,1604.461478,998,0.0,0.0,119561.2561475801,0.0
87.54663419723511,1650.534046,1611.372363,998,0.0,0.0,120076.24145761787,0.0
87.5466365814209,1650.534046,1617.246616,998,0.0,0.0,120513.97902703845,0.0
87.5523316860199,1650.534046,1622.23973,998,0.0,0.0,120886.05588280207,0.0
87.55261206626892,1687.783118,1632.071238,998,0.0,0.0,121618.68016978104,0.0
87.57464790344238,1531.167929,1616.935742,998,0.0,0.0,120490.8133191338,0.0
87.57465648651123,1531.167929,1604.07057,998,0.0,0.0,119532.12646627646,0.0
87.58261752128601,1593.747291,1602.522078,999,0.0,0.0,119416.73594354151,0.0
87.6417019367218,1589.873717,1600.624824,1000,0.0,0.0,119275.35637501879,0.0
87.64199328422546,1589.873717,1599.012158,1000,0.0,0.0,119155.18373432262,0.0
87.64199876785278,1589.873717,1597.641392,1000,0.0,0.0,119053.03699718272,0.0
87.64200139045715,1589.873717,1596.476241,1000,0.0,0.0,118966.21227806558,0.0
87.64227032661438,1589.873717,1595.485862,1000,0.0,0.0,118892.41121837932,0.0
87.64265656471252,1589.873717,1594.64404,1000,0.0,0.0,118829.6803288237,0.0
87.66529083251953,1558.929356,1589.286838,1001,0.0,0.0,118430.47236444506,0.0
87.66532444953918,1468.182107,1571.121128,1001,0.0,0.0,117076.80003501025,0.0
87.68818950653076,1468.182107,1555.680275,1001,0.0,0.0,115926.17859224966,0.0
87.68819856643677,1656.208843,1570.75956,1001,0.0,0.0,117049.8567117485,0.0
87.7443962097168,1608.394745,1576.404838,1003,0.0,0.0,117470.5315227285,0.0
87.7444076538086,1608.394745,1581.203324,1003,0.0,0.0,117828.10508970608,0.0
87.74441051483154,1608.394745,1585.282037,1003,0.0,0.0,118132.04261418521,0.0
87.74441242218018,1608.394745,1588.748943,1003,0.0,0.0,118390.38950626658,0.0
87.74441432952881,1608.394745,1591.695814,1003,0.0,0.0,118609.98443160193,0.0
87.74441623687744,1608.394745,1594.200653,1003,0.0,0.0,118796.64001753772,0.0
87.7526912689209,1608.394745,1596.329767,1003,0.0,0.0,118955.2973289234,0.0
87.7693076133728,1612.422121,1598.74362,1004,0.0,0.0,119135.1728203533,0.0
87.77616047859192,1612.422121,1600.795395,1004,0.0,0.0,119288.06698434283,0.0
87.79744625091553,1562.449611,1595.043528,1004,0.0,0.0,118859.4493745445,0.0
87.84444880485535,1594.39057,1594.945584,1006,0.0,0.0,118852.15078381318,0.0
87.844562292099,1594.39057,1594.862332,1006,0.0,0.0,118845.94701149875,0.0
87.84471607208252,1594.39057,1594.791568,1006,0.0,0.0,118840.6738199351,0.0
87.84488773345947,1594.39057,1594.731418,1006,0.0,0.0,118836.19156239516,0.0
87.84504771232605,1594.39057,1594.680291,1006,0.0,0.0,118832.38168074522,0.0
87.84518218040466,1594.39057,1594.636833,1006,0.0,0.0,118829.14327761688,0.0
87.85518169403076,1594.39057,1594.599893,1006,0.0,0.0,118826.3905827952,0.0
87.86273074150085,1676.723357,1606.918413,1006,0.0,0.0,119744.34202337137,0.0
87.88734865188599,1676.723357,1617.389154,1006,0.0,0.0,120524.60067334311,0.0
87.88738918304443,1594.189199,1613.909161,1007,0.0,0.0,120265.2785642306,0.0
87.94330501556396,1580.260762,1608.861901,1008,0.0,0.0,119889.1668569831,0.0
87.94462251663208,1580.260762,1604.57173,1008,0.0,0.0,119569.47190582269,0.0
87.94463205337524,1580.260762,1600.925085,1008,0.0,0.0,119297.73122341768,0.0
87.94463634490967,1580.260762,1597.825437,1008,0.0,0.0,119066.7516620029,0.0
87.94463920593262,1580.260762,1595.190736,1008,0.0,0.0,118870.41901989676,0.0
87.9446427822113,1580.260762,1592.95124,1008,0.0,0.0,118703.53626292884,0.0
87.95264315605164,1580.260762,1591.047668,1009,0.0,0.0,118561.68588969887,0.0
87.98027753829956,1619.671186,1595.341196,1009,0.0,0.0,118881.63099777634,0.0
87.98028588294983,1619.671186,1598.990694,1009,0.0,0.0,119153.58428002776,0.0
87.9826271533966,1578.095095,1595.856354,1009,0.0,0.0,118920.01954024931,0.0
88.09564399719238,1627.563988,1600.612499,1012,0.0,0.0,119274.43794070158,0.0
88.09570336341858,1627.563988,1604.655223,1012,0.0,0.0,119575.6936369745,0.0
88.09586787223816,1627.563988,1608.091537,1012,0.0,0.0,119831.76087448128,0.0
88.09602928161621,1627.563988,1611.012405,1012,0.0,0.0,120049.41810833184,0.0
88.09620475769043,1627.563988,1613.495142,1012,0.0,0.0,120234.42669749043,0.0
88.11596345901489,1627.563988,1615.605469,1012,0.0,0.0,120391.68403926014,0.0
88.11597609519958,1627.563988,1617.399247,1012,0.0,0.0,120525.35278349026,0.0
88.11597943305969,1627.563988,1618.923958,1012,0.0,0.0,120638.97119373048,0.0
88.1159815788269,1627.563988,1620.219963,1012,0.0,0.0,120735.54689087137,0.0
88.11598372459412,1627.563988,1621.321566,1012,0.0,0.0,120817.63614029362,0.0
88.14453291893005,1580.029826,1615.127805,1014,0.0,0.0,120356.08947457936,0.0
88.14454865455627,1580.029826,1609.863108,1014,0.0,0.0,119963.77479754452,0.0
88.1446762084961,1580.029826,1605.388116,1014,0.0,0.0,119630.30735559802,0.0
88.14469647407532,1580.029826,1601.584372,1014,0.0,0.0,119346.8599703291,0.0
88.14479064941406,1580.029826,1598.35119,1014,0.0,0.0,119105.92972265772,0.0
88.14488506317139,1580.029826,1595.602986,1014,0.0,0.0,118901.1390642996,0.0
88.15247964859009,1580.029826,1593.267012,1014,0.0,0.0,118727.06695998444,0.0
88.16249966621399,1541.726363,1585.535914,1014,0.0,0.0,118150.96101979556,0.0
88.17371201515198,1541.726363,1578.964482,1014,0.0,0.0,117661.2710675084,0.0
88.18259358406067,1562.516719,1576.497317,1015,0.0,0.0,117477.42287260438,0.0
88.23270893096924,1608.428646,1581.287017,1016,0.0,0.0,117834.34172445735,0.0
88.23271894454956,1608.428646,1585.358261,1016,0.0,0.0,118137.72267401435,0.0
88.23272204399109,1608.428646,1588.818819,1016,0.0,0.0,118395.59652584864,0.0
88.2327241897583,1608.428646,1591.760293,1016,0.0,0.0,118614.78927755234,0.0
88.23272728919983,1608.428646,1594.260546,1016,0.0,0.0,118801.10312395231,0.0
88.24254179000854,1657.956385,1603.814922,1016,0.0,0.0,119513.07608929282,0.0
88.25250434875488,1657.956385,1611.936141,1017,0.0,0.0,120118.25306512148,0.0
88.26254272460938,1593.767053,1609.210778,1017,0.0,0.0,119915.16447234059,0.0
88.27340865135193,1593.767053,1606.894219,1017,0.0,0.0,119742.53913494377,0.0
88.28255939483643,1562.512344,1600.236938,1017,0.0,0.0,119246.45188710307,0.0
88.34203624725342,1577.81527,1596.873688,1019,0.0,0.0,118995.82923255384,0.0
88.34204936027527,1577.81527,1594.014925,1019,0.0,0.0,118782.799938928,0.0
88.34205222129822,1577.81527,1591.584977,1019,0.0,0.0,118601.72508033091,0.0
88.34205436706543,1577.81527,1589.519521,1019,0.0,0.0,118447.81143561979,0.0
88.34207701683044,1577.81527,1587.763883,1019,0.0,0.0,118316.98480780817,0.0
88.34248995780945,1624.031626,1593.204045,1019,0.0,0.0,118722.37478524602,0.0
88.35247492790222,1624.031626,1597.828182,1019,0.0,0.0,119066.95621390559,0.0
88.363126039505,1593.933781,1597.244022,1020,0.0,0.0,119023.42578058026,0.0
88.37251949310303,1593.933781,1596.747486,1020,0.0,0.0,118986.42491225373,0.0
88.3825294971466,1593.733106,1596.295329,1020,0.0,0.0,118952.73107813105,0.0
88.43358087539673,1579.981346,1593.848231,1021,0.0,0.0,118770.37823587962,0.0
88.43358826637268,1579.981346,1591.768198,1021,0.0,0.0,118615.3783423213,0.0
88.43359112739563,1579.981346,1590.000171,1021,0.0,0.0,118483.62851104062,0.0
88.43359279632568,1579.981346,1588.497347,1021,0.0,0.0,118371.64107620815,0.0
88.4335949420929,1579.981346,1587.219947,1021,0.0,0.0,118276.45178640778,0.0
88.4545693397522,1640.14097,1595.1581,1022,0.0,0.0,118867.98705053562,0.0
88.45458054542542,1640.14097,1601.905531,1022,0.0,0.0,119370.79209583637,0.0
88.46247673034668,1593.817179,1600.692278,1022,0.0,0.0,119280.38291201126,0.0
88.47251439094543,1593.643067,1599.634896,1022,0.0,0.0,119201.58892294932,0.0
88.4825279712677,1593.643067,1598.736122,1023,0.0,0.0,119134.61408440926,0.0
88.52993845939636,1596.978345,1598.472455,1024,0.0,0.0,119114.96614760498,0.0
88.52994632720947,1596.978345,1598.248339,1024,0.0,0.0,119098.26547211343,0.0
88.52994918823242,1596.978345,1598.05784,1024,0.0,0.0,119084.0698681384,0.0
88.52995157241821,1596.978345,1597.895916,1024,0.0,0.0,119072.00361593733,0.0
88.54968500137329,1596.978345,1597.75828,1024,0.0,0.0,119061.74725685564,0.0
88.54971528053284,1490.187522,1581.622666,1024,0.0,0.0,117859.35361574605,0.0
88.5524799823761,1490.187522,1567.907395,1025,0.0,0.0,116837.3190878691,0.0
88.56253743171692,1640.765614,1578.836127,1025,0.0,0.0,117651.70630995998,0.0
88.57251119613647,1656.141854,1590.431986,1025,0.0,0.0,118515.80650006143,0.0
88.58251881599426,1656.141854,1600.288467,1025,0.0,0.0,119250.29172498794,0.0
88.63440203666687,1641.408233,1606.456432,1027,0.0,0.0,119709.91612444284,0.0
88.6344141960144,1641.408233,1611.699202,1027,0.0,0.0,120100.59684535004,0.0
88.63441801071167,1641.408233,1616.155556,1027,0.0,0.0,120432.67542086217,0.0
88.6344211101532,1641.408233,1619.943458,1027,0.0,0.0,120714.94229201725,0.0
88.64108514785767,1641.408233,1623.163174,1027,0.0,0.0,120954.86908033647,0.0
88.64275431632996,1511.007608,1606.339839,1027,0.0,0.0,119701.22784757917,0.0
88.66184711456299,1511.007608,1592.040005,1027,0.0,0.0,118635.63285562395,0.0
88.66247248649597,1578.353782,1589.987071,1027,0.0,0.0,118482.6523252755,0.0
88.67252659797668,1624.806648,1595.210008,1028,0.0,0.0,118871.85513074147,0.0
88.68253231048584,1624.806648,1599.649504,1028,0.0,0.0,119202.67748185444,0.0
88.7287757396698,1601.143088,1599.873541,1029,0.0,0.0,119219.37227042421,0.0
88.7288064956665,1601.143088,1600.063973,1029,0.0,0.0,119233.56288169339,0.0
88.7288327217102,1601.143088,1600.225841,1029,0.0,0.0,119245.62496088662,0.0
88.72940945625305,1601.143088,1600.363428,1029,0.0,0.0,119255.87766858646,0.0
88.746657371521,1601.143088,1600.480377,1029,0.0,0.0,119264.5924738572,0.0
88.74707627296448,1608.288075,1601.651531,1030,0.0,0.0,119351.86452451235,0.0
88.7530255317688,1608.288075,1602.647013,1030,0.0,0.0,119426.04584953902,0.0
88.76251077651978,1609.942344,1603.741313,1030,0.0,0.0,119507.59089402674,0.0
88.78274607658386,1593.628247,1602.224353,1030,0.0,0.0,119394.5500727839,0.0
88.78275799751282,1593.628247,1600.934937,1031,0.0,0.0,119298.46537472746,0.0
88.82942199707031,1605.572337,1601.630547,1032,0.0,0.0,119350.3008388562,0.0
88.82943916320801,1605.572337,1602.221815,1032,0.0,0.0,119394.36094610664,0.0
88.82946252822876,1605.572337,1602.724394,1032,0.0,0.0,119431.8121266911,0.0
88.829580783844,1605.572337,1603.151585,1032,0.0,0.0,119463.6455444922,0.0
88.8324842453003,1605.572337,1603.514698,1032,0.0,0.0,119490.70399805982,0.0
88.85030817985535,1590.262301,1601.526838,1032,0.0,0.0,119342.57265187021,0.0
88.8602557182312,1590.262301,1599.837158,1033,0.0,0.0,119216.66108212704,0.0
88.86249947547913,1593.85894,1598.940425,1033,0.0,0.0,119149.83833481955,0.0
88.88317632675171,1593.85894,1598.178202,1033,0.0,0.0,119093.03900333407,0.0
88.88318538665771,1609.352389,1599.85433,1033,0.0,0.0,119217.94070517733,0.0
88.92869400978088,1590.637428,1598.471795,1035,0.0,0.0,119114.91696572673,0.0
88.92872428894043,1590.637428,1597.29664,1035,0.0,0.0,119027.34676856421,0.0
88.92880749702454,1590.637428,1596.297758,1035,0.0,0.0,118952.91208234658,0.0
88.92888450622559,1590.637428,1595.448709,1035,0.0,0.0,118889.64265122419,0.0
88.93323636054993,1590.637428,1594.727017,1035,0.0,0.0,118835.86360868887,0.0
88.94257831573486,1604.112717,1596.134872,1035,0.0,0.0,118940.77414383211,0.0
88.96093678474426,1624.083854,1600.327219,1035,0.0,0.0,119253.1794464208,0.0
88.96677231788635,1624.083854,1603.890715,1036,0.0,0.0,119518.7240318651,0.0
88.97254252433777,1594.149733,1602.429567,1036,0.0,0.0,119409.84220908974,0.0
88.99554395675659,1594.149733,1601.187592,1036,0.0,0.0,119317.29271934506,0.0
89.05662035942078,1592.380366,1599.866508,1038,0.0,0.0,119218.84818534892,0.0
89.05665111541748,1592.380366,1598.743587,1038,0.0,0.0,119135.17036125938,0.0
89.05669403076172,1592.380366,1597.789104,1038,0.0,0.0,119064.04419960559,0.0
89.05682921409607,1592.380366,1596.977793,1038,0.0,0.0,119003.58692866679,0.0
89.05691576004028,1592.380366,1596.288179,1038,0.0,0.0,118952.19827445007,0.0
89.05700206756592,1592.380366,1595.702007,1038,0.0,0.0,118908.5179109141,0.0
89.0571494102478,1592.380366,1595.203761,1038,0.0,0.0,118871.38961681207,0.0
89.07412958145142,1592.380366,1594.780252,1038,0.0,0.0,118839.8305742772,0.0
89.07414388656616,1562.063696,1589.872769,1038,0.0,0.0,118474.1347691437,0.0
89.08399796485901,1656.202136,1599.822174,1039,0.0,0.0,119215.5445044549,0.0
89.1286506652832,1599.593384,1599.787855,1040,0.0,0.0,119212.98712130424,0.0
89.12868356704712,1599.593384,1599.758685,1040,0.0,0.0,119210.81343132188,0.0
89.12882494926453,1599.593384,1599.73389,1040,0.0,0.0,119208.96575757787,0.0
89.12883257865906,1599.593384,1599.712814,1040,0.0,0.0,119207.39521626594,0.0
89.13245892524719,1599.593384,1599.694899,1040,0.0,0.0,119206.06022634362,0.0
89.14255547523499,1619.086162,1602.603589,1040,0.0,0.0,119422.8099800226,0.0
89.15252947807312,1619.086162,1605.075975,1041,0.0,0.0,119607.04723339074,0.0
89.16252994537354,1547.006496,1596.365553,1041,0.0,0.0,118957.96402997618,0.0
89.18369579315186,1656.131752,1605.330483,1041,0.0,0.0,119626.0126598574,0.0
89.18370699882507,1656.131752,1612.950673,1041,0.0,0.0,120193.85395799746,0.0
89.22858667373657,1548.920232,1603.346107,1043,0.0,0.0,119478.1409343705,0.0
89.22861433029175,1548.920232,1595.182226,1043,0.0,0.0,118869.78487173941,0.0
89.22874450683594,1548.920232,1588.242927,1043,0.0,0.0,118352.68220732526,0.0
89.22881531715393,1548.920232,1582.344522,1043,0.0,0.0,117913.14487923295,0.0
89.23244667053223,1548.920232,1577.330879,1043,0.0,0.0,117539.53824350199,0.0
89.24252247810364,1617.355417,1583.33456,1043,0.0,0.0,117986.92052828212,0.0
89.25256085395813,1656.202136,1594.264696,1043,0.0,0.0,118801.41237364126,0.0
89.26257634162903,1655.454223,1603.443125,1043,0.0,0.0,119485.3705214363,0.0
89.27352046966553,1655.454223,1611.24479,1044,0.0,0.0,120066.73497314341,0.0
89.28263425827026,1547.195656,1601.63742,1044,0.0,0.0,119350.81300105191,0.0
89.33348441123962,1627.878165,1605.573531,1045,0.0,0.0,119644.12411007457,0.0
89.33349251747131,1627.878165,1608.919226,1045,0.0,0.0,119893.43860118052,0.0
89.33349537849426,1627.878165,1611.763067,1045,0.0,0.0,120105.35593725009,0.0
89.33349752426147,1627.878165,1614.180332,1045,0.0,0.0,120285.48568408692,0.0
89.33349967002869,1627.878165,1616.235007,1045,0.0,0.0,120438.59595026872,0.0
89.34249377250671,1548.281725,1606.042014,1046,0.0,0.0,119679.03452502178,0.0
89.35250878334045,1687.48245,1618.25808,1046,0.0,0.0,120589.35129869862,0.0
89.36249303817749,1655.883387,1623.901876,1046,0.0,0.0,121009.91567400654,0.0
89.37251448631287,1655.883387,1628.699103,1046,0.0,0.0,121367.39542282547,0.0
89.38273358345032,1546.999301,1616.444132,1047,0.0,0.0,120454.17952646218,0.0
89.44306921958923,1585.263881,1611.767095,1048,0.0,0.0,120105.65609574335,0.0
89.44308114051819,1585.263881,1607.791613,1048,0.0,0.0,119809.4111386475,0.0
89.44308400154114,1585.263881,1604.412453,1048,0.0,0.0,119557.60290276058,0.0
89.44308662414551,1585.263881,1601.540167,1048,0.0,0.0,119343.56590225674,0.0
89.44308876991272,1585.263881,1599.098724,1048,0.0,0.0,119161.63445928025,0.0
89.44309091567993,1667.062076,1609.293227,1048,0.0,0.0,119921.30840670317,0.0
89.45251083374023,1624.949952,1611.641736,1049,0.0,0.0,120096.31459411497,0.0
89.46251273155212,1624.949952,1613.637968,1049,0.0,0.0,120245.06980497831,0.0
89.47255754470825,1515.617801,1598.934943,1049,0.0,0.0,119149.42982715814,0.0
89.48255109786987,1515.617801,1586.437372,1049,0.0,0.0,118218.13586464047,0.0
89.53248906135559,1621.700309,1591.726812,1051,0.0,0.0,118612.29434048347,0.0
89.53249979019165,1621.700309,1596.222837,1051,0.0,0.0,118947.32911946798,0.0
89.5325026512146,1621.700309,1600.044458,1051,0.0,0.0,119232.10866297533,0.0
89.53250455856323,1621.700309,1603.292835,1051,0.0,0.0,119474.17121161628,0.0
89.53250670433044,1621.700309,1606.053956,1051,0.0,0.0,119679.92441894599,0.0
89.5553367137909,1571.036113,1600.80128,1051,0.0,0.0,119288.50552275716,0.0
89.55534529685974,1571.036113,1596.336505,1051,0.0,0.0,118955.79943118947,0.0
89.56250333786011,1656.208264,1605.317269,1051,0.0,0.0,119625.02797904056,0.0
89.57249450683594,1656.196174,1612.949104,1052,0.0,0.0,120193.73703925963,0.0
89.58249878883362,1468.688462,1591.310008,1052,0.0,0.0,118581.23494112071,0.0
89.63948607444763,1633.851268,1597.691197,1053,0.0,0.0,119056.74836604016,0.0
89.63949775695801,1633.851268,1603.115208,1053,0.0,0.0,119460.93480330301,0.0
89.63950181007385,1633.851268,1607.725617,1053,0.0,0.0,119804.49324889513,0.0
89.63950443267822,1633.851268,1611.644464,1053,0.0,0.0,120096.51787921172,0.0
89.63950729370117,1633.851268,1614.975485,1053,0.0,0.0,120344.73889322471,0.0
89.65185689926147,1708.152107,1628.951978,1054,0.0,0.0,121386.2391614025,0.0
89.65403032302856,1708.152107,1640.831998,1054,0.0,0.0,122271.51446014567,0.0
89.6804666519165,1593.749761,1633.769662,1054,0.0,0.0,121745.24332489294,0.0
89.68049645423889,1624.949952,1632.446706,1054,0.0,0.0,121646.65929320581,0.0
89.6824278831482,1624.949952,1631.322192,1055,0.0,0.0,121562.86276194653,0.0
89.72872042655945,1537.859699,1617.302818,1056,0.0,0.0,120518.1670875249,0.0
89.7287335395813,1537.859699,1605.38635,1056,0.0,0.0,119630.1757568147,0.0
89.72873830795288,1537.859699,1595.257353,1056,0.0,0.0,118875.38318532547,0.0
89.72885155677795,1537.859699,1586.647705,1056,0.0,0.0,118233.8094585747,0.0
89.73252558708191,1537.859699,1579.329504,1056,0.0,0.0,117688.47177593295,0.0
89.75371217727661,1458.81139,1561.251787,1056,0.0,0.0,116341.35650863795,0.0
89.76648688316345,1458.81139,1545.885727,1056,0.0,0.0,115196.30849045234,0.0
89.76649737358093,1578.718282,1550.81061,1057,0.0,0.0,115563.30090873953,0.0
89.78287601470947,1624.844665,1561.915718,1057,0.0,0.0,116390.83131712902,0.0
89.78288722038269,1624.844665,1571.35506,1057,0.0,0.0,117094.2321791637,0.0
89.83064103126526,1609.908371,1577.138057,1059,0.0,0.0,117525.16953421912,0.0
89.83064913749695,1609.908371,1582.053604,1059,0.0,0.0,117891.46625248317,0.0
89.83065247535706,1609.908371,1586.231819,1059,0.0,0.0,118202.81846673352,0.0
89.83065533638,1609.908371,1589.783302,1059,0.0,0.0,118467.46786747579,0.0
89.8337140083313,1609.908371,1592.802063,1059,0.0,0.0,118692.41989163985,0.0
89.84255194664001,1688.276732,1607.123263,1059,0.0,0.0,119759.60703512619,0.0
89.86076259613037,1688.276732,1619.296283,1059,0.0,0.0,120666.71610708958,0.0
89.87682151794434,1546.9409,1608.442976,1059,0.0,0.0,119857.94940494798,0.0
89.87697410583496,1592.841602,1606.10277,1060,0.0,0.0,119683.56194046806,0.0
89.89251565933228,1592.841602,1604.113595,1060,0.0,0.0,119535.33260311195,0.0
89.92869138717651,1592.397429,1602.35617,1061,0.0,0.0,119404.37281163907,0.0
89.92870712280273,1592.397429,1600.862359,1061,0.0,0.0,119293.0570075166,0.0
89.92873477935791,1592.397429,1599.592619,1061,0.0,0.0,119198.43852557582,0.0
89.92887997627258,1592.397429,1598.513341,1061,0.0,0.0,119118.01289044417,0.0
89.93249106407166,1592.397429,1597.595954,1061,0.0,0.0,119049.65104841963,0.0
89.94336867332458,1509.104722,1584.322269,1062,0.0,0.0,118060.52262491547,0.0
89.95287251472473,1509.104722,1573.039637,1062,0.0,0.0,117219.76348356646,0.0
89.98841309547424,1656.705594,1585.58953,1062,0.0,0.0,118154.95637674087,0.0
89.98842430114746,1499.49467,1572.675301,1062,0.0,0.0,117192.61389448805,0.0
89.98857474327087,1499.49467,1561.698207,1063,0.0,0.0,116374.62283300988,0.0
90.0594277381897,1708.746328,1583.755425,1065,0.0,0.0,118018.28254523205,0.0
90.059490442276,1708.746328,1602.50406,1065,0.0,0.0,119415.39327826547,0.0
90.05957078933716,1708.746328,1618.440401,1065,0.0,0.0,120602.9374944914,0.0
90.05967664718628,1708.746328,1631.98629,1065,0.0,0.0,121612.35001494312,0.0
90.05979347229004,1708.746328,1643.500295,1065,0.0,0.0,122470.3506088904,0.0
90.0598738193512,1708.746328,1653.2872,1065,0.0,0.0,123199.65116963407,0.0
90.05997657775879,1708.746328,1661.60607,1065,0.0,0.0,123819.55670215472,0.0
90.06254363059998,1708.746328,1668.677108,1065,0.0,0.0,124346.47629302026,0.0
90.0864531993866,1829.366709,1692.780548,1065,0.0,0.0,126142.6163707927,0.0
90.0864646434784,1829.366709,1713.268472,1066,0.0,0.0,127669.33543689927,0.0
90.12908339500427,1645.584048,1703.115809,1067,0.0,0.0,126912.779322485,0.0
90.12910485267639,1645.584048,1694.486045,1067,0.0,0.0,126269.7065916998,0.0
90.12921595573425,1645.584048,1687.150745,1067,0.0,0.0,125723.09472582155,0.0
90.12929463386536,1645.584048,1680.91574,1067,0.0,0.0,125258.47463982504,0.0
90.13241291046143,1645.584048,1675.615986,1067,0.0,0.0,124863.5475853575,0.0
90.14247274398804,1517.674435,1651.924754,1067,0.0,0.0,123098.124422232,0.0
90.15495109558105,1517.674435,1631.787206,1067,0.0,0.0,121597.51467396096,0.0
90.1625759601593,1530.506021,1616.595028,1068,0.0,0.0,120465.42399418856,0.0
90.1798734664917,1530.506021,1603.681677,1068,0.0,0.0,119503.14693873744,0.0
90.19719243049622,1484.74485,1585.841153,1068,0.0,0.0,118173.70681878521,0.0
90.22906875610352,1464.865088,1567.694743,1069,0.0,0.0,116821.47268669904,0.0
90.22907876968384,1464.865088,1552.270295,1069,0.0,0.0,115672.0737116848,0.0
90.22908234596252,1464.865088,1539.159514,1069,0.0,0.0,114695.0845680191,0.0
90.22908544540405,1464.865088,1528.01535,1069,0.0,0.0,113864.64378472554,0.0
90.23242163658142,1464.865088,1518.542811,1069,0.0,0.0,113158.76914873325,0.0
90.2424304485321,1550.888747,1523.394701,1070,0.0,0.0,113520.32227484068,0.0
90.25259757041931,1550.888747,1527.518808,1070,0.0,0.0,113827.64246929102,0.0
90.26249814033508,1562.560784,1532.775104,1070,0.0,0.0,114219.33112063023,0.0
90.27264332771301,1562.560784,1537.242956,1070,0.0,0.0,114552.26650407573,0.0
90.28261041641235,1593.508026,1545.682717,1071,0.0,0.0,115181.1805918126,0.0
90.34726524353027,1596.163252,1553.254797,1072,0.0,0.0,115745.4368291007,0.0
90.3472957611084,1596.163252,1559.691065,1072,0.0,0.0,116225.0546307956,0.0
90.3473014831543,1596.163252,1565.161893,1072,0.0,0.0,116632.72977713982,0.0
90.34730553627014,1596.163252,1569.812097,1072,0.0,0.0,116979.25366643602,0.0
90.34730911254883,1596.163252,1573.76477,1072,0.0,0.0,117273.79894253062,0.0
90.34745383262634,1631.305167,1582.39583,1072,0.0,0.0,117916.96824864039,0.0
90.35243940353394,1631.305167,1589.73223,1073,0.0,0.0,118463.66208431573,0.0
90.36247730255127,1593.693982,1590.326493,1073,0.0,0.0,118507.94537296817,0.0
90.37250757217407,1593.693982,1590.831616,1073,0.0,0.0,118545.58612733787,0.0
90.38304328918457,1578.117741,1588.924535,1073,0.0,0.0,118403.47427045528,0.0
90.42896842956543,1594.292248,1589.729692,1075,0.0,0.0,118463.47295763846,0.0
90.42897748947144,1594.292248,1590.414075,1075,0.0,0.0,118514.47180821108,0.0
90.42898106575012,1594.292248,1590.995801,1075,0.0,0.0,118557.82086473092,0.0
90.42900943756104,1594.292248,1591.490268,1075,0.0,0.0,118594.66755532098,0.0
90.43239498138428,1594.292248,1591.910565,1075,0.0,0.0,118625.98724604842,0.0
90.45937705039978,1637.485463,1598.7468,1075,0.0,0.0,119135.40978758484,0.0
90.45938730239868,1637.485463,1604.557599,1075,0.0,0.0,119568.4188920023,0.0
90.46242260932922,1593.773668,1602.940009,1075,0.0,0.0,119447.87932468725,0.0
90.47290444374084,1593.773668,1601.565058,1076,0.0,0.0,119345.42072972849,0.0
90.48249459266663,1578.120581,1598.048387,1076,0.0,0.0,119083.36544950957,0.0
90.55168271064758,1587.329652,1596.440576,1077,0.0,0.0,118963.5545936905,0.0
90.55169653892517,1587.329652,1595.073938,1077,0.0,0.0,118861.7154668436,0.0
90.55170035362244,1587.329652,1593.912295,1077,0.0,0.0,118775.15215686112,0.0
90.55170273780823,1587.329652,1592.924899,1077,0.0,0.0,118701.57338436092,0.0
90.55170512199402,1587.329652,1592.085612,1077,0.0,0.0,118639.03139792856,0.0
90.55172801017761,1638.101334,1598.98797,1078,0.0,0.0,119153.38129300298,0.0
90.55238175392151,1638.101334,1604.854975,1078,0.0,0.0,119590.57875597889,0.0
90.56244993209839,1609.401877,1605.53701,1078,0.0,0.0,119641.40263829377,0.0
90.57247376441956,1609.401877,1606.11674,1078,0.0,0.0,119684.6029568909,0.0
90.58244848251343,1578.12792,1601.918417,1079,0.0,0.0,119371.7523347501,0.0
90.63628339767456,1584.076407,1599.242115,1080,0.0,0.0,119172.31966943663,0.0
90.63629484176636,1584.076407,1596.967259,1080,0.0,0.0,119002.80195608281,0.0
90.63629865646362,1584.076407,1595.033631,1080,0.0,0.0,118858.71186992487,0.0
90.63630151748657,1584.076407,1593.390048,1080,0.0,0.0,118736.235356305,0.0
90.63630437850952,1584.076407,1591.993002,1080,0.0,0.0,118632.13028619502,0.0
90.65120244026184,1626.00874,1597.095362,1080,0.0,0.0,119012.3479350959,0.0
90.66763114929199,1626.00874,1601.432369,1080,0.0,0.0,119335.53301117964,0.0
90.66764450073242,1609.404854,1602.628242,1081,0.0,0.0,119424.64707221098,0.0
90.6724169254303,1609.404854,1603.644734,1081,0.0,0.0,119500.39402036177,0.0
90.68246555328369,1578.087047,1599.811081,1081,0.0,0.0,119214.71787631043,0.0
90.7436535358429,1594.763415,1599.053931,1083,0.0,0.0,119158.29657462545,0.0
90.74366521835327,1594.763415,1598.410354,1083,0.0,0.0,119110.33850545224,0.0
90.7436695098877,1594.763415,1597.863313,1083,0.0,0.0,119069.57410567011,0.0
90.74367308616638,1594.763415,1597.398328,1083,0.0,0.0,119034.92435467761,0.0
90.74367642402649,1594.763415,1597.003091,1083,0.0,0.0,119005.47208496345,0.0
90.74370265007019,1657.09709,1606.017191,1083,0.0,0.0,119677.18476477383,0.0
90.75679898262024,1657.09709,1613.679176,1083,0.0,0.0,120248.14054261269,0.0
90.77195072174072,1594.596093,1610.816713,1083,0.0,0.0,120034.83553239664,0.0
90.78903365135193,1594.596093,1608.38362,1084,0.0,0.0,119853.52631469796,0.0
90.78904628753662,1562.462423,1601.495441,1084,0.0,0.0,119340.23301030775,0.0
90.82977819442749,1608.413316,1602.533122,1085,0.0,0.0,119417.55892030413,0.0
90.82979011535645,1608.413316,1603.415151,1085,0.0,0.0,119483.28595497874,0.0
90.82990097999573,1608.413316,1604.164876,1085,0.0,0.0,119539.15396053347,0.0
90.82991170883179,1608.413316,1604.802142,1085,0.0,0.0,119586.64174662551,0.0
90.83271908760071,1608.413316,1605.343818,1085,0.0,0.0,119627.00635735191,0.0
90.84890222549438,1637.419903,1610.155231,1086,0.0,0.0,119985.54321848108,0.0
90.86739754676819,1437.32594,1584.230837,1086,0.0,0.0,118053.70929538283,0.0
90.86756086349487,1437.32594,1562.195103,1086,0.0,0.0,116411.6505278155,0.0
90.882577419281,1609.567424,1569.300951,1086,0.0,0.0,116941.16409016837,0.0
90.88258743286133,1687.473675,1587.02686,1087,0.0,0.0,118262.06332985562,0.0
90.9288866519928,1657.75801,1597.636532,1088,0.0,0.0,119052.67483971563,0.0
90.9289002418518,1657.75801,1606.654754,1088,0.0,0.0,119724.69468271105,0.0
90.92896723747253,1657.75801,1614.320242,1088,0.0,0.0,120295.91149709455,0.0
90.92905354499817,1657.75801,1620.835907,1088,0.0,0.0,120781.44580422412,0.0
90.94538021087646,1657.75801,1626.374223,1088,0.0,0.0,121194.15002117277,0.0
90.96376729011536,1490.549239,1606.000475,1088,0.0,0.0,119675.9391219303,0.0
90.96377778053284,1490.549239,1588.68279,1089,0.0,0.0,118385.45991718864,0.0
90.96381211280823,1593.782673,1589.447772,1089,0.0,0.0,118442.46484382874,0.0
90.98005056381226,1624.995613,1594.779948,1089,0.0,0.0,118839.80792080601,0.0
90.99279475212097,1624.962626,1599.30735,1089,0.0,0.0,119177.18085099303,0.0
91.07085299491882,1596.220151,1598.84427,1091,0.0,0.0,119142.67305678545,0.0
91.07086372375488,1596.220151,1598.450652,1091,0.0,0.0,119113.341431709,0.0
91.07086730003357,1596.220151,1598.116077,1091,0.0,0.0,119088.40957274941,0.0
91.07086968421936,1596.220151,1597.831688,1091,0.0,0.0,119067.21747400427,0.0
91.07087182998657,1596.220151,1597.589957,1091,0.0,0.0,119049.2041639896,0.0
91.07087445259094,1596.220151,1597.384486,1091,0.0,0.0,119033.89287655841,0.0
91.07087659835815,1596.220151,1597.209836,1091,0.0,0.0,119020.87830832324,0.0
91.07087898254395,1596.220151,1597.061383,1091,0.0,0.0,119009.81588806433,0.0
91.07497143745422,1581.900078,1594.787187,1092,0.0,0.0,118840.34735658871,0.0
91.08980512619019,1624.860262,1599.298149,1092,0.0,0.0,119176.4952108995,0.0
91.12899112701416,1594.846722,1598.630435,1093,0.0,0.0,119126.73850082452,0.0
91.1290032863617,1594.846722,1598.062878,1093,0.0,0.0,119084.44528980898,0.0
91.12901973724365,1594.846722,1597.580454,1093,0.0,0.0,119048.49601946089,0.0
91.12910890579224,1594.846722,1597.170394,1093,0.0,0.0,119017.9391694722,0.0
91.13241839408875,1594.846722,1596.821843,1093,0.0,0.0,118991.9658469818,0.0
91.14244198799133,1520.894211,1585.432698,1094,0.0,0.0,118143.26957018225,0.0
91.15323996543884,1520.894211,1575.751925,1094,0.0,0.0,117421.87775353211,0.0
91.1845874786377,1609.38868,1580.797438,1094,0.0,0.0,117797.85927783827,0.0
91.18464183807373,1609.38868,1585.086125,1094,0.0,0.0,118117.4436442906,0.0
91.18464708328247,1656.202633,1595.753601,1095,0.0,0.0,118912.36259246875,0.0
91.228675365448,1608.776768,1597.707076,1096,0.0,0.0,119057.9316373199,0.0
91.2287061214447,1608.776768,1599.36753,1096,0.0,0.0,119181.66534407286,0.0
91.22882747650146,1608.776768,1600.778915,1096,0.0,0.0,119286.83892774669,0.0
91.2288830280304,1608.776768,1601.978593,1096,0.0,0.0,119376.23652975794,0.0
91.23238134384155,1608.776768,1602.99832,1096,0.0,0.0,119452.22454363009,0.0
91.24243140220642,1611.466919,1604.268609,1096,0.0,0.0,119546.8839359514,0.0
91.25312399864197,1611.466919,1605.348356,1097,0.0,0.0,119627.34452002382,0.0
91.26242685317993,1593.725138,1603.604873,1097,0.0,0.0,119497.42365846984,0.0
91.30197811126709,1593.725138,1602.122913,1097,0.0,0.0,119386.99096713382,0.0
91.3019905090332,1609.345388,1603.206284,1097,0.0,0.0,119467.72160442863,0.0
91.33317136764526,1596.607079,1602.216403,1099,0.0,0.0,119393.95765470504,0.0
91.33318209648132,1596.607079,1601.375005,1099,0.0,0.0,119331.25836078031,0.0
91.33318591117859,1596.607079,1600.659816,1099,0.0,0.0,119277.96390878166,0.0
91.33318901062012,1596.607079,1600.051905,1099,0.0,0.0,119232.66359850153,0.0
91.33319163322449,1596.607079,1599.535181,1099,0.0,0.0,119194.15836084468,0.0
91.34240436553955,1629.521542,1604.033135,1099,0.0,0.0,119529.33688504608,0.0
91.35240316390991,1629.521542,1607.856396,1099,0.0,0.0,119814.23863806907,0.0
91.3639919757843,1593.735497,1605.738262,1099,0.0,0.0,119656.39953429416,0.0
91.37242674827576,1593.735497,1603.937847,1100,0.0,0.0,119522.23621411568,0.0
91.38253879547119,1609.37669,1604.753673,1100,0.0,0.0,119583.02993381249,0.0
91.44524836540222,1596.222509,1603.473999,1101,0.0,0.0,119487.67119008614,0.0
91.44526028633118,1596.222509,1602.386275,1101,0.0,0.0,119406.61617594895,0.0
91.44526410102844,1596.222509,1601.46171,1101,0.0,0.0,119337.71944373954,0.0
91.44526720046997,1596.222509,1600.67583,1101,0.0,0.0,119279.15723999102,0.0
91.44526982307434,1596.222509,1600.007832,1101,0.0,0.0,119229.37936680482,0.0
91.44527244567871,1658.691611,1608.810399,1102,0.0,0.0,119885.32903108415,0.0
91.45241379737854,1593.657249,1606.537426,1102,0.0,0.0,119715.95163511932,0.0
91.46240639686584,1593.657249,1604.6054,1102,0.0,0.0,119571.9809267931,0.0
91.47240900993347,1578.277225,1600.656174,1102,0.0,0.0,119277.69251423534,0.0
91.48246669769287,1624.61659,1604.250236,1103,0.0,0.0,119545.51481678631,0.0
91.52867150306702,1581.241257,1600.798889,1104,0.0,0.0,119288.32735022552,0.0
91.52870392799377,1581.241257,1597.865244,1104,0.0,0.0,119069.71799992297,0.0
91.52879357337952,1581.241257,1595.371646,1104,0.0,0.0,118883.9000707953,0.0
91.52887678146362,1581.241257,1593.252088,1104,0.0,0.0,118725.95485339216,0.0
91.5542483329773,1581.241257,1591.450463,1104,0.0,0.0,118591.7013664369,0.0
91.5579526424408,1499.607048,1577.673951,1104,0.0,0.0,117565.10328188495,0.0
91.5579628944397,1593.745697,1580.084713,1105,0.0,0.0,117744.74843818508,0.0
91.56239104270935,1624.953689,1586.815059,1105,0.0,0.0,118246.2803435013,0.0
91.57295417785645,1624.953689,1592.535854,1105,0.0,0.0,118672.5825300863,0.0
91.58247971534729,1656.251739,1602.093236,1105,0.0,0.0,119384.77949652683,0.0
91.65000629425049,1628.309937,1606.025741,1107,0.0,0.0,119677.82189365105,0.0
91.65001964569092,1628.309937,1609.368371,1107,0.0,0.0,119926.90798709521,0.0
91.65002393722534,1628.309937,1612.209606,1107,0.0,0.0,120138.63112926368,0.0
91.65002679824829,1628.309937,1614.624655,1107,0.0,0.0,120318.59574421842,0.0
91.65002965927124,1628.309937,1616.677447,1107,0.0,0.0,120471.56569301123,0.0
91.65012979507446,1477.470547,1595.796412,1107,0.0,0.0,118915.55278245283,0.0
91.65236210823059,1477.470547,1578.047533,1107,0.0,0.0,117592.9418643667,0.0
91.66241359710693,1609.413948,1582.752495,1107,0.0,0.0,117943.54621016118,0.0
91.67242002487183,1656.227144,1593.773692,1108,0.0,0.0,118764.823738876,0.0
91.68241548538208,1656.165867,1603.132518,1108,0.0,0.0,119462.22470983694,0.0
91.73476719856262,1600.776422,1602.779104,1109,0.0,0.0,119435.8890063255,0.0
91.7347800731659,1600.776422,1602.478702,1109,0.0,0.0,119413.50365088898,0.0
91.73478412628174,1600.776422,1602.22336,1109,0.0,0.0,119394.47607641252,0.0
91.73478722572327,1600.776422,1602.006319,1109,0.0,0.0,119378.30261575215,0.0
91.73478984832764,1600.776422,1601.821834,1109,0.0,0.0,119364.55516301314,0.0
91.74412679672241,1614.250366,1603.686114,1110,0.0,0.0,119503.47757509163,0.0
91.77731084823608,1614.250366,1605.270752,1110,0.0,0.0,119621.56162535836,0.0
91.77732491493225,1563.397703,1598.989794,1110,0.0,0.0,119153.51721383017,0.0
91.77735638618469,1563.397703,1593.650981,1110,0.0,0.0,118755.67956090457,0.0
91.78238272666931,1656.185823,1603.031207,1111,0.0,0.0,119454.67521700855,0.0
91.84688234329224,1604.006791,1603.177545,1112,0.0,0.0,119465.5800317031,0.0
91.84689283370972,1604.006791,1603.301932,1112,0.0,0.0,119474.84910183807,0.0
91.84689664840698,1604.006791,1603.40766,1112,0.0,0.0,119482.7277406607,0.0
91.84689927101135,1604.006791,1603.49753,1112,0.0,0.0,119489.42467308152,0.0
91.84690141677856,1604.006791,1603.573919,1112,0.0,0.0,119495.1170283802,0.0
91.84690403938293,1507.51028,1589.164373,1112,0.0,0.0,118421.346517901,0.0
91.87808752059937,1507.51028,1576.916259,1113,0.0,0.0,117508.64159144543,0.0
91.87819814682007,1656.351534,1588.831551,1113,0.0,0.0,118396.54528899072,0.0
91.87820363044739,1499.966851,1575.501846,1113,0.0,0.0,117403.24236727566,0.0
91.88236212730408,1718.702564,1596.981953,1113,0.0,0.0,119003.89692353572,0.0
91.93930172920227,1613.47273,1599.45557,1115,0.0,0.0,119188.22590855857,0.0
91.93931579589844,1613.47273,1601.558144,1115,0.0,0.0,119344.9055122949,0.0
91.9393196105957,1613.47273,1603.345332,1115,0.0,0.0,119478.08318292258,0.0
91.93932271003723,1613.47273,1604.864441,1115,0.0,0.0,119591.28414334169,0.0
91.93932628631592,1613.47273,1606.155685,1115,0.0,0.0,119687.50506029725,0.0
91.95834875106812,1548.833853,1597.55741,1115,0.0,0.0,119046.77882673021,0.0
91.95835757255554,1548.833853,1590.248876,1115,0.0,0.0,118502.16150956876,0.0
91.96236515045166,1656.385244,1600.169331,1115,0.0,0.0,119241.413948857,0.0
91.99080562591553,1656.385244,1608.601718,1116,0.0,0.0,119869.7785408815,0.0
91.99081683158875,1578.145753,1604.033323,1116,0.0,0.0,119529.35089442959,0.0
92.0690655708313,1638.455159,1609.196599,1118,0.0,0.0,119914.10788165635,0.0
92.06907749176025,1638.455159,1613.585383,1118,0.0,0.0,120241.15127608829,0.0
92.06908130645752,1638.455159,1617.315849,1118,0.0,0.0,120519.13813154821,0.0
92.06908392906189,1638.455159,1620.486746,1118,0.0,0.0,120755.42702575537,0.0
92.06908631324768,1638.455159,1623.182008,1118,0.0,0.0,120956.27255229835,0.0
92.06908893585205,1638.455159,1625.47298,1118,0.0,0.0,121126.99119769728,0.0
92.06909108161926,1638.455159,1627.420307,1118,0.0,0.0,121272.10210590079,0.0
92.06909346580505,1638.455159,1629.075535,1118,0.0,0.0,121395.44638159964,0.0
92.072350025177,1601.498566,1624.93899,1118,0.0,0.0,121087.19933229842,0.0
92.10010480880737,1624.822894,1624.921575,1119,0.0,0.0,121085.90160137478,0.0
92.12858128547668,1557.815581,1614.855676,1120,0.0,0.0,120335.81096648156,0.0
92.12859082221985,1557.815581,1606.299662,1120,0.0,0.0,119698.23393800005,0.0
92.1286940574646,1557.815581,1599.02705,1120,0.0,0.0,119156.29345633899,0.0
92.12878632545471,1557.815581,1592.845329,1120,0.0,0.0,118695.6439873127,0.0
92.13241839408875,1557.815581,1587.590867,1120,0.0,0.0,118304.0920019806,0.0
92.14245247840881,1464.904565,1569.187922,1120,0.0,0.0,116932.7413954472,0.0
92.1798939704895,1464.904565,1553.545418,1121,0.0,0.0,115767.09332400525,0.0
92.17990756034851,1656.624563,1569.00729,1121,0.0,0.0,116919.2810605519,0.0
92.18007779121399,1531.21616,1563.33862,1121,0.0,0.0,116496.86312457819,0.0
92.18236470222473,1687.434696,1581.953032,1121,0.0,0.0,117883.97182845483,0.0
92.22862672805786,1630.526619,1589.23907,1123,0.0,0.0,118426.91278874819,0.0
92.22865390777588,1630.526619,1595.432202,1123,0.0,0.0,118888.41258264212,0.0
92.22873663902283,1630.526619,1600.696365,1123,0.0,0.0,119280.68746706638,0.0
92.22883319854736,1630.526619,1605.170903,1123,0.0,0.0,119614.1210778421,0.0
92.24941062927246,1630.526619,1608.97426,1123,0.0,0.0,119897.53962464604,0.0
92.24942398071289,1606.574214,1608.614253,1123,0.0,0.0,119870.71262397815,0.0
92.25252652168274,1593.726572,1606.381101,1123,0.0,0.0,119704.30260918532,0.0
92.26242017745972,1593.726572,1604.482922,1124,0.0,0.0,119562.85411151504,0.0
92.29501175880432,1593.759164,1602.874358,1124,0.0,0.0,119442.98714364399,0.0
92.29518365859985,1593.759164,1601.507079,1124,0.0,0.0,119341.10025076079,0.0
92.32855272293091,1592.171593,1600.106756,1125,0.0,0.0,119236.75098517352,0.0
92.32857370376587,1592.171593,1598.916482,1125,0.0,0.0,119148.05415040927,0.0
92.32865405082703,1592.171593,1597.904748,1125,0.0,0.0,119072.66175888982,0.0
92.32873106002808,1592.171593,1597.044775,1125,0.0,0.0,119008.57829316452,0.0
92.33235716819763,1592.171593,1596.313798,1125,0.0,0.0,118954.1073510239,0.0
92.34243440628052,1645.191612,1603.64547,1126,0.0,0.0,119500.4488656078,0.0
92.352459192276,1645.191612,1609.877391,1126,0.0,0.0,119964.8391381005,0.0
92.38071608543396,1609.402118,1609.8061,1126,0.0,0.0,119959.52667555225,0.0
92.38073086738586,1609.402118,1609.745503,1126,0.0,0.0,119955.01110846752,0.0
92.39029741287231,1578.109219,1605.00006,1127,0.0,0.0,119601.39019962277,0.0
92.42862606048584,1555.762433,1597.614416,1128,0.0,0.0,119051.02679968649,0.0
92.4286584854126,1555.762433,1591.336619,1128,0.0,0.0,118583.21793954787,0.0
92.42872905731201,1555.762433,1586.000491,1128,0.0,0.0,118185.58036744515,0.0
92.42882513999939,1555.762433,1581.464782,1128,0.0,0.0,117847.58841625425,0.0
92.43234777450562,1555.762433,1577.60943,1128,0.0,0.0,117560.29530617865,0.0
92.4424078464508,1698.308278,1595.714257,1128,0.0,0.0,118909.43075638151,0.0
92.45364785194397,1698.308278,1611.10336,1129,0.0,0.0,120056.1958927798,0.0
92.46263194084167,1578.122317,1606.156204,1129,0.0,0.0,119687.54373513786,0.0
92.49150705337524,1578.122317,1601.951121,1129,0.0,0.0,119374.18937133504,0.0
92.49152183532715,1625.025919,1605.412341,1129,0.0,0.0,119632.11255408355,0.0
92.54010558128357,1601.814717,1604.872697,1131,0.0,0.0,119591.89936392772,0.0
92.54011869430542,1601.814717,1604.414,1131,0.0,0.0,119557.71818210247,0.0
92.54012250900269,1601.814717,1604.024108,1131,0.0,0.0,119528.6642110841,0.0
92.54012537002563,1601.814717,1603.692699,1131,0.0,0.0,119503.9682761041,0.0
92.54012775421143,1601.814717,1603.411002,1131,0.0,0.0,119482.97677980781,0.0
92.54234766960144,1521.188936,1591.077692,1131,0.0,0.0,118563.92321805099,0.0
92.55237317085266,1521.188936,1580.594379,1131,0.0,0.0,117782.72772781666,0.0
92.56238389015198,1656.267142,1591.945293,1132,0.0,0.0,118628.57510705998,0.0
92.57253313064575,1656.267142,1601.593571,1132,0.0,0.0,119347.5454613866,0.0
92.5834653377533,1593.735497,1600.414859,1132,0.0,0.0,119259.71020370757,0.0
92.65046834945679,1615.808462,1602.7239,1133,0.0,0.0,119431.77531480041,0.0
92.65048146247864,1615.808462,1604.686584,1133,0.0,0.0,119578.03059588904,0.0
92.65048551559448,1615.808462,1606.354866,1133,0.0,0.0,119702.34762952516,0.0
92.65048861503601,1615.808462,1607.772905,1133,0.0,0.0,119808.01705595326,0.0
92.65049123764038,1615.808462,1608.978239,1133,0.0,0.0,119897.83613175746,0.0
92.65049362182617,1655.36135,1615.935705,1134,0.0,0.0,120416.29256462926,0.0
92.65237092971802,1655.36135,1621.849552,1134,0.0,0.0,120856.98059963646,0.0
92.66240334510803,1594.098629,1617.686914,1134,0.0,0.0,120546.78915223067,0.0
92.67341136932373,1562.494531,1609.408056,1134,0.0,0.0,119929.86523381958,0.0
92.68246698379517,1562.416254,1602.359286,1135,0.0,0.0,119404.60500971878,0.0
92.75378513336182,1596.025738,1601.409254,1136,0.0,0.0,119333.81052767114,0.0
92.75379848480225,1596.025738,1600.601726,1136,0.0,0.0,119273.63515831626,0.0
92.75380229949951,1596.025738,1599.915328,1136,0.0,0.0,119222.486153979,0.0
92.75380563735962,1596.025738,1599.33189,1136,0.0,0.0,119179.00952264773,0.0
92.75380873680115,1596.025738,1598.835967,1136,0.0,0.0,119142.05433385354,0.0
92.75381112098694,1516.53265,1586.490469,1136,0.0,0.0,118222.09254674516,0.0
92.75381326675415,1516.53265,1575.996797,1137,0.0,0.0,117440.12512457643,0.0
92.76240158081055,1688.726269,1592.906217,1137,0.0,0.0,118700.18123913463,0.0
92.77241897583008,1688.726269,1607.279225,1137,0.0,0.0,119771.22901102713,0.0
92.78364968299866,1577.85353,1602.865371,1137,0.0,0.0,119442.31745040191,0.0
92.82974123954773,1625.058863,1606.194395,1139,0.0,0.0,119690.38965197423,0.0
92.82975196838379,1625.058863,1609.024065,1139,0.0,0.0,119901.25099350349,0.0
92.82975554466248,1625.058863,1611.429285,1139,0.0,0.0,120080.48317106238,0.0
92.829758644104,1625.058863,1613.473721,1139,0.0,0.0,120232.83044746945,0.0
92.83233737945557,1625.058863,1615.211493,1139,0.0,0.0,120362.32573674065,0.0
92.86371946334839,1649.343003,1620.331219,1139,0.0,0.0,120743.83746518327,0.0
92.86373281478882,1649.343003,1624.682987,1139,0.0,0.0,121068.1225014257,0.0
92.86373686790466,1531.297087,1610.675102,1140,0.0,0.0,120024.28296427552,0.0
92.87238430976868,1593.244304,1608.060482,1140,0.0,0.0,119829.44671807394,0.0
92.88241720199585,1593.244304,1605.838055,1140,0.0,0.0,119663.83590880258,0.0
92.93986988067627,1577.434136,1601.577467,1141,0.0,0.0,119346.34542355746,0.0
92.93988251686096,1577.434136,1597.955968,1141,0.0,0.0,119076.4785707135,0.0
92.93988609313965,1577.434136,1594.877693,1141,0.0,0.0,118847.09168245585,0.0
92.9398889541626,1577.434136,1592.261159,1141,0.0,0.0,118652.11280880736,0.0
92.93989181518555,1577.434136,1590.037106,1141,0.0,0.0,118486.38083327233,0.0
92.94238233566284,1524.468049,1580.201747,1142,0.0,0.0,117753.46957748561,0.0
92.97482538223267,1624.312916,1586.818422,1142,0.0,0.0,118246.53094752636,0.0
92.9748420715332,1624.312916,1592.442596,1142,0.0,0.0,118665.6331306905,0.0
92.9748466014862,1562.898226,1588.010941,1142,0.0,0.0,118335.39507519467,0.0
92.98238849639893,1624.875372,1593.540606,1143,0.0,0.0,118747.45463694833,0.0
93.07539963722229,1579.766277,1591.474456,1145,0.0,0.0,118593.48927674706,0.0
93.07541489601135,1579.766277,1589.718229,1145,0.0,0.0,118462.61875783499,0.0
93.07541918754578,1579.766277,1588.225436,1145,0.0,0.0,118351.3788130338,0.0
93.07542252540588,1579.766277,1586.956562,1145,0.0,0.0,118256.82486367872,0.0
93.07542562484741,1579.766277,1585.87802,1145,0.0,0.0,118176.45407379311,0.0
93.07542848587036,1579.766277,1584.961258,1145,0.0,0.0,118108.13880551692,0.0
93.075430393219,1579.766277,1584.182011,1145,0.0,0.0,118050.07087964476,0.0
93.07543325424194,1579.766277,1583.519651,1145,0.0,0.0,118000.71313892753,0.0
93.08634638786316,1639.757988,1591.955401,1145,0.0,0.0,118629.3283349771,0.0
93.08636116981506,1656.147484,1601.584214,1145,0.0,0.0,119346.84819648552,0.0
93.1536328792572,1565.006564,1596.097566,1147,0.0,0.0,118937.99417542336,0.0
93.15364646911621,1565.006564,1591.433916,1147,0.0,0.0,118590.46831713495,0.0
93.1536500453949,1565.006564,1587.469813,1147,0.0,0.0,118295.07130033078,0.0
93.15365242958069,1565.006564,1584.100326,1147,0.0,0.0,118043.98387703214,0.0
93.15365529060364,1565.006564,1581.236262,1147,0.0,0.0,117830.55956350241,0.0
93.15365767478943,1565.006564,1578.801807,1147,0.0,0.0,117649.14885229133,0.0
93.1536602973938,1597.544645,1581.613233,1147,0.0,0.0,117858.65068747714,0.0
93.16345500946045,1624.896494,1588.105722,1147,0.0,0.0,118342.45796550042,0.0
93.19463062286377,1624.896494,1593.624338,1148,0.0,0.0,118753.69417790147,0.0
93.1946427822113,1640.62377,1600.674252,1148,0.0,0.0,119279.03965059124,0.0
93.27098751068115,1599.323559,1600.471648,1150,0.0,0.0,119263.94200625844,0.0
93.2710030078888,1599.323559,1600.299435,1150,0.0,0.0,119251.10903838274,0.0
93.27100849151611,1599.323559,1600.153054,1150,0.0,0.0,119240.20101941431,0.0
93.27101349830627,1599.323559,1600.028629,1150,0.0,0.0,119230.92911759546,0.0
93.27101564407349,1599.323559,1599.922869,1150,0.0,0.0,119223.04809419691,0.0
93.27101802825928,1599.323559,1599.832972,1150,0.0,0.0,119216.34914979017,0.0
93.27102065086365,1599.323559,1599.75656,1150,0.0,0.0,119210.65508057752,0.0
93.27952671051025,1609.442405,1601.209437,1150,0.0,0.0,119318.92056499692,0.0
93.27957892417908,1624.568515,1604.713299,1150,0.0,0.0,119580.02134418796,0.0
93.28284001350403,1624.568515,1607.691581,1151,0.0,0.0,119801.95695433771,0.0
93.34294414520264,1633.862612,1611.617236,1152,0.0,0.0,120094.48890318017,0.0
93.34296441078186,1633.862612,1614.954042,1152,0.0,0.0,120343.1410038078,0.0
93.34314608573914,1633.862612,1617.790328,1152,0.0,0.0,120554.49535640747,0.0
93.34329223632812,1633.862612,1620.201171,1152,0.0,0.0,120734.14654866536,0.0
93.34344387054443,1633.862612,1622.250387,1152,0.0,0.0,120886.85002109973,0.0
93.34359693527222,1633.862612,1623.992221,1152,0.0,0.0,121016.6480024761,0.0
93.35263347625732,1633.862612,1625.472779,1153,0.0,0.0,121126.97621957982,0.0
93.3747091293335,1593.221858,1620.635141,1153,0.0,0.0,120766.48512397043,0.0
93.39000582695007,1593.221858,1616.523149,1153,0.0,0.0,120460.06771505787,0.0
93.39010977745056,1546.848085,1606.071889,1153,0.0,0.0,119681.26075019226,0.0
93.44392681121826,1612.172881,1606.987038,1155,0.0,0.0,119749.45582093873,0.0
93.44393754005432,1612.172881,1607.764914,1155,0.0,0.0,119807.42158263654,0.0
93.44394111633301,1612.172881,1608.426109,1155,0.0,0.0,119856.69250988687,0.0
93.44394421577454,1612.172881,1608.988125,1155,0.0,0.0,119898.57281667915,0.0
93.44399333000183,1612.172881,1609.465838,1155,0.0,0.0,119934.1710327418,0.0
93.44399785995483,1612.172881,1609.871895,1155,0.0,0.0,119964.42958718714,0.0
93.45252799987793,1612.172881,1610.217043,1155,0.0,0.0,119990.14932493259,0.0
93.46293950080872,1632.70905,1613.590844,1156,0.0,0.0,120241.55821887174,0.0
93.49277973175049,1632.70905,1616.458575,1156,0.0,0.0,120455.25578989772,0.0
93.49279522895813,1546.869509,1606.020215,1156,0.0,0.0,119677.41010719778,0.0
93.5464117527008,1591.789256,1603.885571,1158,0.0,0.0,119518.3407112868,0.0
93.54642462730408,1591.789256,1602.071124,1158,0.0,0.0,119383.13175456968,0.0
93.54642844200134,1591.789256,1600.528844,1158,0.0,0.0,119268.20413763422,0.0
93.54643106460571,1591.789256,1599.217906,1158,0.0,0.0,119170.51566323906,0.0
93.54643392562866,1591.789256,1598.103608,1158,0.0,0.0,119087.4804078406,0.0
93.54643630981445,1591.789256,1597.156455,1158,0.0,0.0,119016.9004631073,0.0
93.55246305465698,1591.789256,1596.351375,1158,0.0,0.0,118956.90751380989,0.0
93.5801956653595,1648.884831,1604.231394,1158,0.0,0.0,119544.11074868044,0.0
93.58688521385193,1648.884831,1610.929409,1158,0.0,0.0,120043.23341262473,0.0
93.5961446762085,1562.545079,1603.67176,1159,0.0,0.0,119502.40794375783,0.0
93.64110517501831,1584.214351,1600.753149,1160,0.0,0.0,119284.91889702725,0.0
93.64115571975708,1584.214351,1598.272329,1160,0.0,0.0,119100.05315886957,0.0
93.64129877090454,1584.214351,1596.163632,1160,0.0,0.0,118942.91728143554,0.0
93.64143466949463,1584.214351,1594.37124,1160,0.0,0.0,118809.35181914971,0.0
93.64156365394592,1584.214351,1592.847707,1160,0.0,0.0,118695.82119111036,0.0
93.64235162734985,1584.214351,1591.552704,1160,0.0,0.0,118599.3201610028,0.0
93.65366268157959,1478.115482,1574.53712,1161,0.0,0.0,117331.35291777512,0.0
93.66245913505554,1478.115482,1560.073875,1161,0.0,0.0,116253.5808653568,0.0
93.69655656814575,1687.897247,1579.24738,1161,0.0,0.0,117682.35205991949,0.0
93.69656896591187,1687.897247,1595.54486,1161,0.0,0.0,118896.8076311863,0.0
93.74221134185791,1582.765905,1593.628017,1163,0.0,0.0,118753.9683296137,0.0
93.74229526519775,1582.765905,1591.9987,1163,0.0,0.0,118632.55488974387,0.0
93.74245715141296,1582.765905,1590.613781,1163,0.0,0.0,118529.3534993876,0.0
93.74262070655823,1582.765905,1589.4366,1163,0.0,0.0,118441.63232876248,0.0
93.74291753768921,1582.765905,1588.435995,1163,0.0,0.0,118367.06924803546,0.0
93.74292707443237,1582.765905,1587.585482,1163,0.0,0.0,118303.69072256495,0.0
93.75249648094177,1607.499211,1590.572541,1163,0.0,0.0,118526.28037717735,0.0
93.76468133926392,1624.481303,1595.658855,1163,0.0,0.0,118905.30231029291,0.0
93.77245998382568,1624.481303,1599.982223,1164,0.0,0.0,119227.47103541096,0.0
93.79712271690369,1578.144253,1596.706527,1164,0.0,0.0,118983.37272960071,0.0
93.84691619873047,1619.805844,1600.171425,1166,0.0,0.0,119241.56998954342,0.0
93.8469352722168,1619.805844,1603.116588,1166,0.0,0.0,119461.03763813934,0.0
93.84693884849548,1619.805844,1605.619976,1166,0.0,0.0,119647.58509846096,0.0
93.84694290161133,1619.805844,1607.747856,1166,0.0,0.0,119806.15045463793,0.0
93.8469455242157,1619.805844,1609.556554,1166,0.0,0.0,119940.93100738837,0.0
93.84694838523865,1619.805844,1611.093948,1166,0.0,0.0,120055.49452938884,0.0
93.85245490074158,1619.805844,1612.400732,1166,0.0,0.0,120152.87345602304,0.0
93.86245465278625,1608.674856,1611.841851,1166,0.0,0.0,120111.2267631524,0.0
93.87396836280823,1608.674856,1611.366801,1166,0.0,0.0,120075.82698851668,0.0
93.88253116607666,1578.152854,1606.384709,1167,0.0,0.0,119704.57147011973,0.0
93.95037198066711,1602.765649,1605.84185,1168,0.0,0.0,119664.11870460247,0.0
93.95038771629333,1602.765649,1605.38042,1168,0.0,0.0,119629.7338650905,0.0
93.95039319992065,1602.765649,1604.988204,1168,0.0,0.0,119600.50671424632,0.0
93.95039677619934,1602.765649,1604.654821,1168,0.0,0.0,119575.66368073957,0.0
93.95039963722229,1602.765649,1604.371445,1168,0.0,0.0,119554.54706872573,0.0
93.95040225982666,1602.765649,1604.130576,1168,0.0,0.0,119536.59799322477,0.0
93.95243859291077,1602.765649,1603.925837,1169,0.0,0.0,119521.34125296766,0.0
93.96243047714233,1597.897948,1603.021653,1169,0.0,0.0,119453.963272062,0.0
93.97247767448425,1597.897948,1602.253098,1169,0.0,0.0,119396.69209261738,0.0
93.98420238494873,1640.647969,1608.012328,1169,0.0,0.0,119825.8583784301,0.0
94.08751130104065,1545.836478,1598.685951,1172,0.0,0.0,119130.87544196479,0.0
94.0875506401062,1545.836478,1590.75853,1172,0.0,0.0,118540.13990498439,0.0
94.0877320766449,1545.836478,1584.020222,1172,0.0,0.0,118038.01468737335,0.0
94.08784675598145,1545.836478,1578.292661,1172,0.0,0.0,117611.20831201834,0.0
94.08800983428955,1545.836478,1573.424233,1172,0.0,0.0,117248.42280727091,0.0
94.08826661109924,1545.836478,1569.28607,1172,0.0,0.0,116940.05518785,0.0
94.08829474449158,1545.836478,1565.768631,1172,0.0,0.0,116677.94267780909,0.0
94.08843183517456,1545.836478,1562.778808,1172,0.0,0.0,116455.14705545203,0.0
94.090505361557,1545.836478,1560.237459,1172,0.0,0.0,116265.77081743344,0.0
94.0905168056488,1545.836478,1558.077312,1172,0.0,0.0,116104.80098903632,0.0
94.13866996765137,1635.392316,1569.674562,1173,0.0,0.0,116969.00483367206,0.0
94.13868021965027,1635.392316,1579.532226,1173,0.0,0.0,117703.57821338945,0.0
94.1386833190918,1635.392316,1587.911239,1173,0.0,0.0,118327.96548182401,0.0
94.13869333267212,1635.392316,1595.033401,1173,0.0,0.0,118858.69473078546,0.0
94.13869595527649,1635.392316,1601.087238,1173,0.0,0.0,119309.81454024013,0.0
94.14234256744385,1635.392316,1606.233,1174,0.0,0.0,119693.26641926149,0.0
94.16819715499878,1688.442185,1618.564377,1174,0.0,0.0,120612.17593772945,0.0
94.16821098327637,1749.630828,1638.224345,1174,0.0,0.0,122077.19738083151,0.0
94.17239117622375,1749.630828,1654.935317,1174,0.0,0.0,123322.46554785385,0.0
94.18237662315369,1702.894939,1662.129261,1175,0.0,0.0,123858.54384770032,0.0
94.24462723731995,1589.644809,1651.256593,1176,0.0,0.0,123048.33440261225,0.0
94.24464011192322,1589.644809,1642.014825,1176,0.0,0.0,122359.65635938375,0.0
94.24464344978333,1589.644809,1634.159323,1176,0.0,0.0,121774.28008225394,0.0
94.24464654922485,1589.644809,1627.482146,1176,0.0,0.0,121276.7102243382,0.0
94.24498844146729,1589.644809,1621.806545,1176,0.0,0.0,120853.77580412493,0.0
94.24499535560608,1471.968502,1599.330839,1176,0.0,0.0,119178.9312042325,0.0
94.25937271118164,1471.968502,1580.226488,1177,0.0,0.0,117755.31322725778,0.0
94.27642893791199,1625.019744,1586.945477,1177,0.0,0.0,118255.99883167823,0.0
94.276442527771,1625.019744,1592.656617,1177,0.0,0.0,118681.58154699892,0.0
94.2823736667633,1577.892813,1590.442046,1177,0.0,0.0,118516.55615111464,0.0
94.34127187728882,1627.385063,1595.983499,1179,0.0,0.0,118929.49413102093,0.0
94.34128427505493,1627.385063,1600.693733,1179,0.0,0.0,119280.4913356974,0.0
94.34128785133362,1627.385063,1604.697433,1179,0.0,0.0,119578.83904164216,0.0
94.34128999710083,1627.385063,1608.100577,1179,0.0,0.0,119832.43451717723,0.0
94.3412926197052,1627.385063,1610.99325,1179,0.0,0.0,120047.99071609283,0.0
94.35507726669312,1684.565164,1622.029037,1179,0.0,0.0,120870.35546238882,0.0
94.35509014129639,1684.565164,1631.409456,1179,0.0,0.0,121569.36550046629,0.0
94.38595986366272,1562.669472,1621.098459,1179,0.0,0.0,120801.01065346139,0.0
94.38607501983643,1562.669472,1612.33411,1180,0.0,0.0,120147.90891800434,0.0
94.38608002662659,1609.382564,1611.891379,1180,0.0,0.0,120114.9174905246,0.0
94.42847728729248,1565.996953,1605.007215,1181,0.0,0.0,119601.92337589373,0.0
94.4285306930542,1565.996953,1599.155675,1181,0.0,0.0,119165.87833374667,0.0
94.42856812477112,1565.996953,1594.181867,1181,0.0,0.0,118795.24012243969,0.0
94.42867755889893,1565.996953,1589.95413,1181,0.0,0.0,118480.19762792515,0.0
94.43230772018433,1565.996953,1586.360553,1181,0.0,0.0,118212.4114666029,0.0
94.4512734413147,1505.910469,1574.293041,1182,0.0,0.0,117313.1646395027,0.0
94.45816922187805,1505.910469,1564.035655,1182,0.0,0.0,116548.80477685314,0.0
94.46583652496338,1656.308385,1577.876564,1182,0.0,0.0,117580.2015968797,0.0
94.49599170684814,1656.308385,1589.641337,1182,0.0,0.0,118456.88891998363,0.0
94.49610590934753,1593.365123,1590.199905,1183,0.0,0.0,118498.51228872106,0.0
94.5292055606842,1618.80765,1594.491067,1184,0.0,0.0,118818.28108721679,0.0
94.5292375087738,1618.80765,1598.138554,1184,0.0,0.0,119090.08451377561,0.0
94.52924132347107,1618.80765,1601.238919,1184,0.0,0.0,119321.11750459445,0.0
94.5292444229126,1618.80765,1603.874229,1184,0.0,0.0,119517.495528161,0.0
94.53517985343933,1618.80765,1606.114242,1184,0.0,0.0,119684.41681093354,0.0
94.54241609573364,1691.203519,1618.877633,1184,0.0,0.0,120635.51914750377,0.0
94.5637059211731,1691.203519,1629.726516,1185,0.0,0.0,121443.95618202517,0.0
94.56371760368347,1546.887994,1617.300738,1185,0.0,0.0,120518.01209009044,0.0
94.57664775848389,1546.887994,1606.738826,1185,0.0,0.0,119730.95955978331,0.0
94.60541868209839,1609.37669,1607.134506,1185,0.0,0.0,119760.44484097029,0.0
94.62870121002197,1581.470448,1603.284897,1187,0.0,0.0,119473.5796877534,0.0
94.62871813774109,1581.470448,1600.01273,1187,0.0,0.0,119229.74435595576,0.0
94.62874507904053,1581.470448,1597.231387,1187,0.0,0.0,119022.48424568388,0.0
94.62888693809509,1581.470448,1594.867246,1187,0.0,0.0,118846.31319293767,0.0
94.63237690925598,1581.470448,1592.857727,1187,0.0,0.0,118696.56786144369,0.0
94.64244794845581,1521.439305,1582.144963,1187,0.0,0.0,117898.27414220203,0.0
94.6524589061737,1521.439305,1573.039115,1187,0.0,0.0,117219.72458517185,0.0
94.67660689353943,1640.696534,1583.187728,1187,0.0,0.0,117975.9789016969,0.0
94.67662644386292,1531.224735,1575.393279,1188,0.0,0.0,117395.15217185857,0.0
94.6883237361908,1687.481438,1592.206503,1188,0.0,0.0,118648.03995314483,0.0
94.72866106033325,1606.894547,1594.409709,1189,0.0,0.0,118812.21845198933,0.0
94.72869205474854,1606.894547,1596.282435,1189,0.0,0.0,118951.77024307338,0.0
94.72874021530151,1606.894547,1597.874252,1189,0.0,0.0,119070.389258043,0.0
94.72883892059326,1606.894547,1599.227296,1189,0.0,0.0,119171.21538723407,0.0
94.73226714134216,1606.894547,1600.377383,1189,0.0,0.0,119256.91756723929,0.0
94.74317526817322,1524.767356,1589.035879,1190,0.0,0.0,118411.77140235095,0.0
94.75241208076477,1524.767356,1579.395601,1190,0.0,0.0,117693.39719200305,0.0
94.7848470211029,1641.99656,1588.785745,1190,0.0,0.0,118393.13191760462,0.0
94.78485989570618,1641.99656,1596.767367,1190,0.0,0.0,118987.9064045588,0.0
94.79216051101685,1640.628199,1603.346492,1191,0.0,0.0,119478.16962379948,0.0
94.82907199859619,1598.187391,1602.572627,1192,0.0,0.0,119420.502753789,0.0
94.8291232585907,1598.187391,1601.914841,1192,0.0,0.0,119371.48585839159,0.0
94.82919645309448,1598.187391,1601.355724,1192,0.0,0.0,119329.8215792736,0.0
94.82926917076111,1598.187391,1600.880474,1192,0.0,0.0,119294.40690103841,0.0
94.83229327201843,1598.187391,1600.476511,1192,0.0,0.0,119264.3043872795,0.0
94.84235405921936,1601.422093,1600.618349,1192,0.0,0.0,119274.873870986,0.0
94.85292267799377,1601.422093,1600.73891,1193,0.0,0.0,119283.85783526317,0.0
94.86272644996643,1640.785961,1606.745968,1193,0.0,0.0,119731.4917673203,0.0
94.87248086929321,1640.785961,1611.851967,1193,0.0,0.0,120111.98058721349,0.0
94.89431977272034,1562.486953,1604.447215,1193,0.0,0.0,119560.19329738406,0.0
94.93071413040161,1608.221362,1605.013337,1195,0.0,0.0,119602.37957507344,0.0
94.93072605133057,1608.221362,1605.494541,1195,0.0,0.0,119638.23793346478,0.0
94.93073010444641,1608.221362,1605.903564,1195,0.0,0.0,119668.71750829022,0.0
94.93073272705078,1608.221362,1606.251233,1195,0.0,0.0,119694.62510590698,0.0
94.93228149414062,1608.221362,1606.546753,1195,0.0,0.0,119716.64666448048,0.0
94.94238114356995,1704.061377,1621.173946,1195,0.0,0.0,120806.6357935265,0.0
94.95269441604614,1704.061377,1633.607061,1195,0.0,0.0,121733.1266240077,0.0
94.96484303474426,1546.957994,1620.609701,1196,0.0,0.0,120764.58938611814,0.0
94.97258281707764,1624.971401,1621.263956,1196,0.0,0.0,120813.34315846695,0.0
94.98342895507812,1624.43291,1621.739299,1196,0.0,0.0,120848.76476687589,0.0
95.05713415145874,1545.39236,1610.287258,1198,0.0,0.0,119995.38160611573,0.0
95.05715012550354,1545.39236,1600.553023,1198,0.0,0.0,119270.00590829186,0.0
95.05716586112976,1545.39236,1592.278924,1198,0.0,0.0,118653.43662103008,0.0
95.05723977088928,1545.39236,1585.245939,1198,0.0,0.0,118129.35266351729,0.0
95.05729627609253,1545.39236,1579.267902,1198,0.0,0.0,117683.8813182609,0.0
95.05739164352417,1545.39236,1574.186571,1198,0.0,0.0,117305.23070832605,0.0
95.05750179290771,1545.39236,1569.867439,1198,0.0,0.0,116983.37764144475,0.0
95.06236386299133,1545.39236,1566.196178,1198,0.0,0.0,116709.80262401725,0.0
95.07238554954529,1564.65048,1565.964323,1198,0.0,0.0,116692.52525374429,0.0
95.08263349533081,1499.915255,1556.056963,1199,0.0,0.0,115954.24862763118,0.0
95.1514995098114,1692.248977,1576.485765,1200,0.0,0.0,117476.56204069911,0.0
95.15151500701904,1692.248977,1593.850247,1200,0.0,0.0,118770.52846416227,0.0
95.15151882171631,1692.248977,1608.610056,1200,0.0,0.0,119870.39987194333,0.0
95.15152144432068,1692.248977,1621.155894,1200,0.0,0.0,120805.29059463853,0.0
95.15152382850647,1692.248977,1631.819856,1200,0.0,0.0,121599.94768657406,0.0
95.15165686607361,1808.583812,1658.33445,1200,0.0,0.0,123575.76213170163,0.0
95.1523060798645,1808.583812,1680.871854,1201,0.0,0.0,125255.20434299383,0.0
95.16238021850586,1671.093513,1679.405103,1201,0.0,0.0,125145.90499587936,0.0
95.1724214553833,1671.093513,1678.158364,1201,0.0,0.0,125053.00050239534,0.0
95.18329191207886,1688.356672,1679.688111,1201,0.0,0.0,125166.99418527017,0.0
95.23227190971375,1575.532323,1664.064742,1203,0.0,0.0,124002.77201570733,0.0
95.23228240013123,1575.532323,1650.78488,1203,0.0,0.0,123013.1832945336,0.0
95.23228573799133,1575.532323,1639.496996,1203,0.0,0.0,122172.03278466256,0.0
95.23228883743286,1575.532323,1629.902295,1203,0.0,0.0,121457.05488107937,0.0
95.23232054710388,1575.532323,1621.746799,1203,0.0,0.0,120849.32365185593,0.0
95.26281833648682,1450.756922,1596.098318,1203,0.0,0.0,118938.05021295736,0.0
95.26308131217957,1531.044534,1586.34025,1203,0.0,0.0,118210.89852770294,0.0
95.26308917999268,1531.044534,1578.045893,1204,0.0,0.0,117592.81965485108,0.0
95.27233147621155,1500.134637,1566.359204,1204,0.0,0.0,116721.95099505139,0.0
95.28245997428894,1586.643898,1569.401908,1204,0.0,0.0,116948.68720362571,0.0
95.33012390136719,1716.721108,1591.499788,1205,0.0,0.0,118595.37696665563,0.0
95.33013319969177,1716.721108,1610.282986,1205,0.0,0.0,119995.06326523109,0.0
95.33013653755188,1716.721108,1626.248705,1205,0.0,0.0,121184.79667118279,0.0
95.33013939857483,1716.721108,1639.819565,1205,0.0,0.0,122196.06998054608,0.0
95.34368681907654,1716.721108,1651.354797,1205,0.0,0.0,123055.65236802289,0.0
95.34369897842407,1707.856115,1659.829995,1206,0.0,0.0,123687.20715003143,0.0
95.37375998497009,1707.856115,1667.033913,1206,0.0,0.0,124224.02869238336,0.0
95.37382006645203,1842.702332,1693.384175,1206,0.0,0.0,126187.59744597222,0.0
95.37382483482361,1842.702332,1715.781899,1207,0.0,0.0,127856.6309833962,0.0
95.38233733177185,1829.227567,1732.798749,1207,0.0,0.0,129124.69256640851,0.0
95.4439127445221,1738.988649,1733.727234,1208,0.0,0.0,129193.88140916747,0.0
95.44392561912537,1738.988649,1734.516446,1208,0.0,0.0,129252.6919068831,0.0
95.44392943382263,1738.988649,1735.187277,1208,0.0,0.0,129302.68088955582,0.0
95.44393277168274,1738.988649,1735.757482,1208,0.0,0.0,129345.17142422829,0.0
95.44393539428711,1738.988649,1736.242157,1208,0.0,0.0,129381.2884345884,0.0
95.4440279006958,1741.50578,1737.031701,1209,0.0,0.0,129440.12367227918,0.0
95.45733428001404,1741.50578,1737.702813,1209,0.0,0.0,129490.13359450911,0.0
95.47194814682007,1875.1111,1758.314056,1209,0.0,0.0,131026.04214552949,0.0
95.48752427101135,1874.949564,1775.809382,1210,0.0,0.0,132329.7588018364,0.0
95.4875373840332,1874.949564,1790.680409,1210,0.0,0.0,133437.9179522455,0.0
95.52862644195557,1784.424513,1789.742025,1211,0.0,0.0,133367.99145583087,0.0
95.52864289283752,1784.424513,1788.944398,1211,0.0,0.0,133308.55388916764,0.0
95.52868938446045,1784.424513,1788.266415,1211,0.0,0.0,133258.03195377797,0.0
95.52876210212708,1784.424513,1787.69013,1211,0.0,0.0,133215.08834968164,0.0
95.53228259086609,1784.424513,1787.200287,1211,0.0,0.0,133178.58623031128,0.0
95.55438828468323,1813.572837,1791.15617,1212,0.0,0.0,133473.3707091773,0.0
95.560622215271,1813.572837,1794.51867,1212,0.0,0.0,133723.93747522854,0.0
95.56815671920776,1781.281261,1792.533059,1212,0.0,0.0,133575.97372001494,0.0
95.5723328590393,1781.281261,1790.845289,1213,0.0,0.0,133450.2044796467,0.0
95.60129928588867,1812.558727,1794.102305,1213,0.0,0.0,133692.91078926667,0.0
95.62976551055908,1820.134291,1798.007103,1214,0.0,0.0,133983.88851623863,0.0
95.6297767162323,1820.134291,1801.326181,1214,0.0,0.0,134231.2195618094,0.0
95.62978029251099,1820.134291,1804.147398,1214,0.0,0.0,134441.4510027072,0.0
95.62978339195251,1820.134291,1806.545432,1214,0.0,0.0,134620.1476939372,0.0
95.63227224349976,1820.134291,1808.583761,1214,0.0,0.0,134772.03988893452,0.0
95.6423716545105,1832.119846,1812.114173,1215,0.0,0.0,135035.11912095486,0.0
95.67048716545105,1832.119846,1815.115024,1215,0.0,0.0,135258.7365277866,0.0
95.67049884796143,1796.936545,1812.388252,1215,0.0,0.0,135055.54293914745,0.0
95.67750000953674,1781.238422,1807.715778,1216,0.0,0.0,134707.3595340505,0.0
95.68231296539307,1812.481513,1808.430638,1216,0.0,0.0,134760.62946962804,0.0
95.72971320152283,1777.245407,1803.752853,1217,0.0,0.0,134412.0502994472,0.0
95.72972297668457,1777.245407,1799.776737,1217,0.0,0.0,134115.75809794103,0.0
95.72972655296326,1777.245407,1796.397037,1217,0.0,0.0,133863.90962233557,0.0
95.72973012924194,1777.245407,1793.524293,1217,0.0,0.0,133649.83849258893,0.0
95.73261070251465,1777.245407,1791.08246,1217,0.0,0.0,133467.8779875935,0.0
95.74242806434631,1679.115843,1774.287467,1218,0.0,0.0,132216.34874391675,0.0
95.76371026039124,1679.115843,1760.011724,1218,0.0,0.0,131152.54896503538,0.0
95.77690052986145,1845.227843,1772.794142,1218,0.0,0.0,132105.069155541,0.0
95.77691149711609,1845.227843,1783.659197,1219,0.0,0.0,132914.71129511535,0.0
95.80650568008423,1890.649484,1799.70774,1219,0.0,0.0,134110.61657967867,0.0
95.82931995391846,1834.033044,1804.856536,1220,0.0,0.0,134494.29454630395,0.0
95.82938051223755,1834.033044,1809.233012,1220,0.0,0.0,134820.42077322464,0.0
95.82949542999268,1834.033044,1812.953017,1220,0.0,0.0,135097.6280959144,0.0
95.82955980300903,1834.033044,1816.115021,1220,0.0,0.0,135333.25430157126,0.0
95.83223581314087,1834.033044,1818.802724,1220,0.0,0.0,135533.53654657232,0.0
95.8435275554657,1782.520614,1813.360408,1221,0.0,0.0,135127.98605736822,0.0
95.8523817062378,1781.193714,1808.535404,1221,0.0,0.0,134768.43642213722,0.0
95.87150979042053,1781.193714,1804.43415,1221,0.0,0.0,134462.81918748005,0.0
95.88662195205688,1796.989378,1803.317435,1222,0.0,0.0,134379.603822082,0.0
95.89234566688538,1796.989378,1802.368226,1222,0.0,0.0,134308.8706683462,0.0
95.92855024337769,1803.815945,1802.585384,1223,0.0,0.0,134325.05284761224,0.0
95.92858839035034,1803.815945,1802.769968,1223,0.0,0.0,134338.807677633,0.0
95.92859292030334,1803.815945,1802.926865,1223,0.0,0.0,134350.49932786144,0.0
95.92865777015686,1803.815945,1803.060227,1223,0.0,0.0,134360.43719702252,0.0
95.93225884437561,1803.815945,1803.173584,1223,0.0,0.0,134368.88433364683,0.0
95.94235014915466,1824.20626,1806.328486,1224,0.0,0.0,134603.98131248658,0.0
95.95354509353638,1824.20626,1809.010152,1224,0.0,0.0,134803.81369233775,0.0
95.96243739128113,1797.490461,1807.282198,1224,0.0,0.0,134675.05002076444,0.0
95.98729634284973,1781.210101,1803.371384,1225,0.0,0.0,134383.62399352042,0.0
95.98730802536011,1781.210101,1800.047191,1225,0.0,0.0,134135.91178839328,0.0
96.05767154693604,1799.797548,1800.009745,1227,0.0,0.0,134133.12138746493,0.0
96.05768656730652,1799.797548,1799.977915,1227,0.0,0.0,134130.7494796096,0.0
96.05769085884094,1799.797548,1799.95086,1227,0.0,0.0,134128.7333951916,0.0
96.05769419670105,1799.797548,1799.927863,1227,0.0,0.0,134127.01970480685,0.0
96.05769729614258,1799.797548,1799.908316,1227,0.0,0.0,134125.56310151285,0.0
96.0577003955841,1799.797548,1799.891701,1227,0.0,0.0,134124.32498498706,0.0
96.05773115158081,1799.797548,1799.877578,1227,0.0,0.0,134123.27256731066,0.0
96.06402063369751,1799.797548,1799.865573,1227,0.0,0.0,134122.3779787526,0.0
96.07234621047974,1741.152448,1791.058605,1228,0.0,0.0,133466.10036076698,0.0
96.10574102401733,1812.419166,1794.262689,1228,0.0,0.0,133704.8622837518,0.0
96.13549590110779,1852.552085,1803.006098,1229,0.0,0.0,134356.40361234458,0.0
96.135507106781,1852.552085,1810.437996,1229,0.0,0.0,134910.2137677298,0.0
96.13551115989685,1852.552085,1816.75511,1229,0.0,0.0,135380.95245196976,0.0
96.13551378250122,1852.552085,1822.124656,1229,0.0,0.0,135781.08026650752,0.0
96.13551640510559,1852.552085,1826.688771,1229,0.0,0.0,136121.18897593085,0.0
96.14230799674988,1678.110717,1804.402062,1230,0.0,0.0,134460.42805398145,0.0
96.15231466293335,1678.110717,1785.458361,1230,0.0,0.0,133048.78139327915,0.0
96.16231513023376,1796.881289,1787.1718,1230,0.0,0.0,133176.46343612112,0.0
96.17237663269043,1843.230946,1795.580672,1231,0.0,0.0,133803.07573743822,0.0
96.18260717391968,1843.230946,1802.728213,1231,0.0,0.0,134335.69617865415,0.0
96.22832560539246,1797.190471,1801.897552,1232,0.0,0.0,134273.7969844668,0.0
96.25378251075745,1797.190471,1801.19149,1232,0.0,0.0,134221.1826582299,0.0
96.25379657745361,1797.190471,1800.591337,1232,0.0,0.0,134176.4604585731,0.0
96.25383377075195,1797.190471,1800.081207,1232,0.0,0.0,134138.44659259074,0.0
96.2538378238678,1797.190471,1799.647597,1232,0.0,0.0,134106.1348437647,0.0
96.25384020805359,1762.472972,1794.071403,1233,0.0,0.0,133690.6080341129,0.0
96.25384283065796,1762.472972,1789.331638,1233,0.0,0.0,133337.41023845706,0.0
96.26231503486633,1781.287585,1788.12503,1233,0.0,0.0,133247.49622672424,0.0
96.27231001853943,1812.459401,1791.775186,1234,0.0,0.0,133519.4985418179,0.0
96.28232741355896,1812.486225,1794.881842,1234,0.0,0.0,133751.00032535804,0.0
96.33364844322205,1810.968225,1797.294799,1236,0.0,0.0,133930.8090486623,0.0
96.33367371559143,1810.968225,1799.345813,1236,0.0,0.0,134083.64650445586,0.0
96.33555316925049,1810.968225,1801.089175,1236,0.0,0.0,134213.5583493322,0.0
96.33556199073792,1810.968225,1802.571032,1236,0.0,0.0,134323.98336531443,0.0
96.3355667591095,1810.968225,1803.830611,1236,0.0,0.0,134417.8446698843,0.0
96.36426186561584,1810.968225,1804.901253,1236,0.0,0.0,134497.62676759093,0.0
96.36427569389343,1816.154656,1806.589264,1236,0.0,0.0,134623.41396679654,0.0
96.3642795085907,1816.154656,1808.024072,1236,0.0,0.0,134730.33298552205,0.0
96.3723213672638,1781.77598,1804.086859,1237,0.0,0.0,134436.93975766632,0.0
96.38233995437622,1781.77598,1800.740227,1237,0.0,0.0,134187.55544319688,0.0
96.44202589988708,1799.266206,1800.519124,1238,0.0,0.0,134171.07929043128,0.0
96.44203782081604,1799.266206,1800.331186,1238,0.0,0.0,134157.07452704746,0.0
96.44204139709473,1799.266206,1800.171439,1238,0.0,0.0,134145.1705005266,0.0
96.44204425811768,1799.266206,1800.035654,1238,0.0,0.0,134135.05207425798,0.0
96.44204688072205,1799.266206,1799.920237,1238,0.0,0.0,134126.45143055913,0.0
96.44229865074158,1676.655581,1781.430538,1239,0.0,0.0,132748.6360896846,0.0
96.47173929214478,1676.655581,1765.714295,1239,0.0,0.0,131577.4931356369,0.0
96.47175526618958,1828.221164,1775.090325,1239,0.0,0.0,132276.17611422407,0.0
96.47225403785706,1843.729166,1785.386151,1240,0.0,0.0,133043.4004486913,0.0
96.48231983184814,1843.729166,1794.137604,1240,0.0,0.0,133695.54120005472,0.0
96.5436339378357,1856.992059,1803.565772,1241,0.0,0.0,134398.1093979871,0.0
96.54364609718323,1856.992059,1811.579715,1241,0.0,0.0,134995.29238113324,0.0
96.5436499118805,1856.992059,1818.391566,1241,0.0,0.0,135502.8978758226,0.0
96.54365253448486,1856.992059,1824.18164,1241,0.0,0.0,135934.36259474518,0.0
96.54365491867065,1856.992059,1829.103203,1241,0.0,0.0,136301.1076132812,0.0
96.5437445640564,1699.104982,1809.60347,1242,0.0,0.0,134848.02656148272,0.0
96.5531415939331,1699.104982,1793.028697,1242,0.0,0.0,133612.90767117988,0.0
96.57995009422302,1781.252939,1791.262333,1242,0.0,0.0,133481.2817633288,0.0
96.57996439933777,1781.252939,1789.760924,1243,0.0,0.0,133369.39977146254,0.0
96.58228707313538,1828.236431,1795.53225,1243,0.0,0.0,133799.46742697107,0.0
96.62858033180237,1805.653883,1797.050495,1244,0.0,0.0,133912.60400384048,0.0
96.62859725952148,1805.653883,1798.341003,1244,0.0,0.0,134008.77007555,0.0
96.62862634658813,1805.653883,1799.437935,1244,0.0,0.0,134090.5112514067,0.0
96.62877678871155,1805.653883,1800.370327,1244,0.0,0.0,134159.9912359813,0.0
96.63242030143738,1805.653883,1801.162861,1244,0.0,0.0,134219.0492824841,0.0
96.65672707557678,1835.277392,1806.28004,1245,0.0,0.0,134600.37121358752,0.0
96.65682339668274,1835.277392,1810.629643,1245,0.0,0.0,134924.4949183657,0.0
96.66473841667175,1781.36178,1806.239464,1245,0.0,0.0,134597.3475713275,0.0
96.69034123420715,1781.36178,1802.507811,1246,0.0,0.0,134319.2722630047,0.0
96.69042468070984,1781.257927,1799.320329,1246,0.0,0.0,134081.7474878117,0.0
96.75186395645142,1786.180239,1797.349315,1247,0.0,0.0,133934.8714718052,0.0
96.75187635421753,1786.180239,1795.673954,1247,0.0,0.0,133810.02692526596,0.0
96.7518789768219,1786.180239,1794.249896,1247,0.0,0.0,133703.90897501184,0.0
96.75188136100769,1786.180239,1793.039448,1247,0.0,0.0,133613.70881416928,0.0
96.7518835067749,1786.180239,1792.010567,1247,0.0,0.0,133537.03866254946,0.0
96.75191855430603,1830.872051,1797.839789,1248,0.0,0.0,133971.42061203194,0.0
96.75376486778259,1830.872051,1802.794628,1248,0.0,0.0,134340.6452914474,0.0
96.77638387680054,1813.695407,1804.429745,1248,0.0,0.0,134462.49093570176,0.0
96.77642178535461,1813.695407,1805.819594,1249,0.0,0.0,134566.05969978494,0.0
96.78233242034912,1781.251247,1802.134342,1249,0.0,0.0,134291.44210105663,0.0
96.8289213180542,1816.252021,1804.251994,1250,0.0,0.0,134449.2452871568,0.0
96.82895612716675,1816.252021,1806.051998,1250,0.0,0.0,134583.3779804384,0.0
96.82902312278748,1816.252021,1807.582002,1250,0.0,0.0,134697.39081443855,0.0
96.82911992073059,1816.252021,1808.882505,1250,0.0,0.0,134794.30169353145,0.0
96.8322262763977,1816.252021,1809.987932,1250,0.0,0.0,134876.67589977552,0.0
96.8422954082489,1752.400387,1801.3498,1251,0.0,0.0,134232.97960238857,0.0
96.86722040176392,1752.400387,1794.007388,1251,0.0,0.0,133685.83776451324,0.0
96.86723113059998,1797.045629,1794.463124,1251,0.0,0.0,133719.7982985484,0.0
96.87287735939026,1797.045629,1794.8505,1252,0.0,0.0,133748.66478228543,0.0
96.89713835716248,1812.505981,1797.498822,1252,0.0,0.0,133946.01243403336,0.0
96.92863154411316,1789.375222,1796.280282,1253,0.0,0.0,133855.20927355628,0.0
96.9286561012268,1789.375222,1795.244523,1253,0.0,0.0,133778.0265871508,0.0
96.92869329452515,1789.375222,1794.364128,1253,0.0,0.0,133712.42131488386,0.0
96.92877888679504,1789.375222,1793.615792,1253,0.0,0.0,133656.6568148274,0.0
96.9322395324707,1789.375222,1792.979707,1253,0.0,0.0,133609.25703449026,0.0
96.94286966323853,1844.648428,1800.730015,1254,0.0,0.0,134186.79446540802,0.0
96.952317237854,1844.648428,1807.317777,1254,0.0,0.0,134677.70129659172,0.0
96.97115302085876,1797.060636,1805.779206,1254,0.0,0.0,134563.05006690838,0.0
96.98156261444092,1781.161832,1802.0866,1255,0.0,0.0,134287.8844628277,0.0
96.98324155807495,1781.161832,1798.947885,1255,0.0,0.0,134053.9937068109,0.0
97.07949900627136,1780.165593,1796.130541,1257,0.0,0.0,133844.0508741168,0.0
97.07951235771179,1780.165593,1793.735799,1257,0.0,0.0,133665.59949613403,0.0
97.0795168876648,1780.165593,1791.700268,1257,0.0,0.0,133513.91580249328,0.0
97.07951998710632,1780.165593,1789.970067,1257,0.0,0.0,133384.98468897995,0.0
97.07952237129211,1780.165593,1788.499396,1257,0.0,0.0,133275.39323131592,0.0
97.0795247554779,1780.165593,1787.249325,1257,0.0,0.0,133182.24044386478,0.0
97.07952642440796,1780.165593,1786.186765,1257,0.0,0.0,133103.06060061263,0.0
97.07952833175659,1780.165593,1785.283589,1257,0.0,0.0,133035.75773384827,0.0
97.07953119277954,1909.297855,1803.885729,1258,0.0,0.0,134421.9519528616,0.0
97.08231163024902,1909.297855,1819.697548,1258,0.0,0.0,135600.21703902291,0.0
97.14458322525024,1772.937134,1812.683486,1259,0.0,0.0,135077.54318557374,0.0
97.14459776878357,1772.937134,1806.721533,1259,0.0,0.0,134633.27038778653,0.0
97.14460229873657,1772.937134,1801.653873,1259,0.0,0.0,134255.63851339332,0.0
97.1446053981781,1772.937134,1797.346362,1259,0.0,0.0,133934.6514201591,0.0
97.14460849761963,1772.937134,1793.684978,1259,0.0,0.0,133661.8124169913,0.0
97.14461135864258,1769.512551,1790.059114,1260,0.0,0.0,133391.62029308896,0.0
97.15235614776611,1779.780969,1788.517392,1260,0.0,0.0,133276.73425719602,0.0
97.16251516342163,1779.780969,1787.206929,1260,0.0,0.0,133179.08117884962,0.0
97.17228555679321,1813.365701,1791.130744,1261,0.0,0.0,133471.476014577,0.0
97.19095158576965,1812.490756,1794.334746,1261,0.0,0.0,133710.23182708604,0.0
97.22846913337708,1813.239768,1797.170499,1262,0.0,0.0,133921.54646159313,0.0
97.2284882068634,1813.239768,1799.58089,1262,0.0,0.0,134101.16397171625,0.0
97.22859168052673,1813.239768,1801.629721,1262,0.0,0.0,134253.8387547216,0.0
97.22866344451904,1813.239768,1803.371228,1262,0.0,0.0,134383.61236871284,0.0
97.23222875595093,1813.239768,1804.851509,1262,0.0,0.0,134493.9199443313,0.0
97.24226832389832,1719.544905,1792.055519,1263,0.0,0.0,133540.38839556582,0.0
97.25229048728943,1812.239038,1795.083047,1263,0.0,0.0,133765.99371901256,0.0
97.26230049133301,1843.416526,1802.333068,1263,0.0,0.0,134306.25076459575,0.0
97.27251529693604,1843.416526,1808.495587,1264,0.0,0.0,134765.46933903717,0.0
97.29101657867432,1828.428976,1811.485595,1264,0.0,0.0,134988.27874722375,0.0
97.3284900188446,1826.76773,1813.777916,1265,0.0,0.0,135159.0979174011,0.0
97.32850885391235,1826.76773,1815.726388,1265,0.0,0.0,135304.29414871155,0.0
97.32857012748718,1826.76773,1817.382589,1265,0.0,0.0,135427.7109304218,0.0
97.32866883277893,1826.76773,1818.79036,1265,0.0,0.0,135532.61520605325,0.0
97.33227038383484,1826.76773,1819.986966,1265,0.0,0.0,135621.78388877667,0.0
97.34228682518005,1651.590526,1794.7275,1266,0.0,0.0,133739.4990686128,0.0
97.35235619544983,1903.353667,1811.021425,1266,0.0,0.0,134953.68972839904,0.0
97.36242389678955,1748.964438,1801.712877,1266,0.0,0.0,134260.0353733083,0.0
97.37429189682007,1748.964438,1793.800611,1267,0.0,0.0,133670.42915657753,0.0
97.38229417800903,1830.13403,1799.250624,1267,0.0,0.0,134076.5532108072,0.0
97.43685221672058,1788.558016,1797.646733,1268,0.0,0.0,133957.0344655377,0.0
97.43686199188232,1788.558016,1796.283425,1268,0.0,0.0,133855.44348362193,0.0
97.43686532974243,1788.558016,1795.124614,1268,0.0,0.0,133769.09120860792,0.0
97.43686747550964,1788.558016,1794.139624,1268,0.0,0.0,133695.6917264093,0.0
97.43686938285828,1788.558016,1793.302383,1268,0.0,0.0,133633.3022037995,0.0
97.4422607421875,1801.89089,1794.590659,1269,0.0,0.0,133729.30195133897,0.0
97.45237183570862,1801.89089,1795.685693,1269,0.0,0.0,133810.9016920367,0.0
97.46233749389648,1796.907524,1795.868968,1269,0.0,0.0,133824.55897799894,0.0
97.47234416007996,1812.487494,1798.361747,1270,0.0,0.0,134010.3158768868,0.0
97.48486709594727,1812.487494,1800.480609,1270,0.0,0.0,134168.2092297638,0.0
97.54108190536499,1763.021458,1794.861736,1271,0.0,0.0,133749.50206650354,0.0
97.5410943031311,1763.021458,1790.085694,1271,0.0,0.0,133393.60098145824,0.0
97.54109764099121,1763.021458,1786.026059,1271,0.0,0.0,133091.0851113323,0.0
97.54109978675842,1763.021458,1782.575369,1271,0.0,0.0,132833.94660309577,0.0
97.54110217094421,1763.021458,1779.642282,1271,0.0,0.0,132615.37883383574,0.0
97.54223966598511,1831.886114,1787.478857,1272,0.0,0.0,133199.3447088299,0.0
97.55224466323853,1812.396875,1791.21656,1272,0.0,0.0,133477.8708510366,0.0
97.5622661113739,1812.396875,1794.393607,1272,0.0,0.0,133714.61803092738,0.0
97.57223892211914,1828.197031,1799.46412,1273,0.0,0.0,134092.462505167,0.0
97.58226156234741,1812.42714,1801.408573,1273,0.0,0.0,134237.35924864616,0.0
97.63634943962097,1820.601355,1804.287491,1274,0.0,0.0,134451.89045250835,0.0
97.63635873794556,1820.601355,1806.73457,1274,0.0,0.0,134634.24187891785,0.0
97.6363615989685,1820.601355,1808.814588,1274,0.0,0.0,134789.2406547062,0.0
97.63636350631714,1820.601355,1810.582603,1274,0.0,0.0,134920.9895917709,0.0
97.63636541366577,1820.601355,1812.085416,1274,0.0,0.0,135032.9762069054,0.0
97.66007661819458,1808.210336,1811.504154,1275,0.0,0.0,134989.66172673635,0.0
97.6600890159607,1781.237709,1806.964187,1275,0.0,0.0,134651.35247791276,0.0
97.6622486114502,1781.237709,1803.105216,1275,0.0,0.0,134363.7896872048,0.0
97.67228126525879,1812.54622,1804.521366,1276,0.0,0.0,134469.31834913595,0.0
97.68227553367615,1812.46067,1805.712262,1276,0.0,0.0,134558.06153409457,0.0
97.7346203327179,1797.777479,1804.522044,1277,0.0,0.0,134469.36887233815,0.0
97.73462867736816,1797.777479,1803.51036,1277,0.0,0.0,134393.9802067186,0.0
97.73463129997253,1797.777479,1802.650428,1277,0.0,0.0,134329.89979623116,0.0
97.73463344573975,1797.777479,1801.919485,1277,0.0,0.0,134275.43138770244,0.0
97.73463559150696,1797.777479,1801.298184,1277,0.0,0.0,134229.13328143794,0.0
97.75796055793762,1792.823985,1800.027055,1278,0.0,0.0,134134.41129399888,0.0
97.75797295570374,1812.396875,1801.882528,1278,0.0,0.0,134272.67742607478,0.0
97.76225996017456,1812.396875,1803.45968,1278,0.0,0.0,134390.20363461346,0.0
97.77227401733398,1813.296763,1804.935242,1279,0.0,0.0,134500.15955980247,0.0
97.78227734565735,1813.296763,1806.18947,1279,0.0,0.0,134593.62211856857,0.0
97.83117508888245,1770.560188,1800.845078,1280,0.0,0.0,134195.3687297358,0.0
97.8311858177185,1770.560188,1796.302344,1280,0.0,0.0,133856.8532896136,0.0
97.83118844032288,1770.560188,1792.441021,1280,0.0,0.0,133569.1152325759,0.0
97.83119082450867,1770.560188,1789.158896,1280,0.0,0.0,133324.53785056077,0.0
97.83583402633667,1770.560188,1786.36909,1280,0.0,0.0,133116.64709447738,0.0
97.84295225143433,1871.946232,1799.205661,1281,0.0,0.0,134073.20265809284,0.0
97.86439752578735,1811.985396,1801.122621,1281,0.0,0.0,134216.05067827116,0.0
97.8644278049469,1811.985396,1802.752037,1281,0.0,0.0,134337.47149542274,0.0
97.87228155136108,1797.011932,1801.891022,1282,0.0,0.0,134273.31038194417,0.0
97.88230681419373,1797.011932,1801.159158,1282,0.0,0.0,134218.77334233993,0.0
97.92852520942688,1794.989196,1800.233664,1283,0.0,0.0,134149.807382911,0.0
97.9286425113678,1794.989196,1799.446994,1283,0.0,0.0,134091.18630994458,0.0
97.92865085601807,1794.989196,1798.778324,1283,0.0,0.0,134041.35836066416,0.0
97.92869639396667,1794.989196,1798.209955,1283,0.0,0.0,133999.0046410348,0.0
97.93220400810242,1794.989196,1797.726841,1283,0.0,0.0,133963.0039532685,0.0
97.95737171173096,1838.283754,1803.810378,1284,0.0,0.0,134416.33694724413,0.0
97.95738244056702,1838.283754,1808.981384,1284,0.0,0.0,134801.6699585903,0.0
97.98086929321289,1797.323073,1807.232638,1284,0.0,0.0,134671.35690881632,0.0
97.98090624809265,1812.468644,1808.018039,1285,0.0,0.0,134729.8834184441,0.0
97.98221468925476,1812.468644,1808.685629,1285,0.0,0.0,134779.63088828741,0.0
98.06113362312317,1771.861355,1803.161988,1287,0.0,0.0,134368.0202229497,0.0
98.06114459037781,1771.861355,1798.466893,1287,0.0,0.0,134018.15114623497,0.0
98.06114768981934,1771.861355,1794.476062,1287,0.0,0.0,133720.76241239795,0.0
98.06115007400513,1771.861355,1791.083856,1287,0.0,0.0,133467.98201471777,0.0
98.06115174293518,1771.861355,1788.200481,1287,0.0,0.0,133253.11868414143,0.0
98.06115341186523,1771.861355,1785.749612,1287,0.0,0.0,133070.48483452204,0.0
98.06115508079529,1771.861355,1783.666373,1287,0.0,0.0,132915.24603626426,0.0
98.06296062469482,1771.861355,1781.895621,1287,0.0,0.0,132783.2931434408,0.0
98.08408308029175,1752.443734,1777.477838,1288,0.0,0.0,132454.08880160406,0.0
98.0841155052185,1843.724925,1787.414901,1288,0.0,0.0,133194.57883579214,0.0
98.12871217727661,1818.963279,1792.147157,1289,0.0,0.0,133547.217075806,0.0
98.12872695922852,1818.963279,1796.169576,1289,0.0,0.0,133846.95968414293,0.0
98.12874603271484,1818.963279,1799.588631,1289,0.0,0.0,134101.74081553365,0.0
98.12888312339783,1818.963279,1802.494828,1289,0.0,0.0,134318.3047958453,0.0
98.13274359703064,1818.963279,1804.965096,1289,0.0,0.0,134502.38422009503,0.0
98.14226007461548,1927.938435,1823.411097,1290,0.0,0.0,135876.94327352187,0.0
98.16649103164673,1927.938435,1839.090198,1290,0.0,0.0,137045.31848011242,0.0
98.16657662391663,1749.292674,1825.620569,1290,0.0,0.0,136041.5887021377,0.0
98.17224931716919,1749.292674,1814.171385,1291,0.0,0.0,135188.41843929593,0.0
98.19567561149597,1735.069462,1802.306096,1291,0.0,0.0,134304.24086517154,0.0
98.22873306274414,1822.258848,1805.299009,1292,0.0,0.0,134527.26674814036,0.0
98.22874879837036,1822.258848,1807.842985,1292,0.0,0.0,134716.83874493797,0.0
98.2287528514862,1822.258848,1810.005364,1292,0.0,0.0,134877.97489750516,0.0
98.22900557518005,1822.258848,1811.843387,1292,0.0,0.0,135014.94069052752,0.0
98.2322587966919,1822.258848,1813.405706,1292,0.0,0.0,135131.36157361165,0.0
98.24226808547974,1916.510803,1828.871471,1293,0.0,0.0,136283.83940872192,0.0
98.25345754623413,1916.510803,1842.01737,1293,0.0,0.0,137263.44547541818,0.0
98.2623598575592,1765.327984,1830.513962,1293,0.0,0.0,136406.23454868872,0.0
98.28576564788818,1765.327984,1820.736066,1294,0.0,0.0,135677.60532058307,0.0
98.29122376441956,1812.804279,1819.546298,1294,0.0,0.0,135588.94619192544,0.0
98.32850646972656,1736.163354,1807.038856,1295,0.0,0.0,134656.91666225603,0.0
98.32853126525879,1736.163354,1796.407531,1295,0.0,0.0,133864.69161419966,0.0
98.32861709594727,1736.163354,1787.370904,1295,0.0,0.0,133191.30026746326,0.0
98.32868766784668,1736.163354,1779.689772,1295,0.0,0.0,132618.91769352934,0.0
98.33216333389282,1736.163354,1773.160809,1295,0.0,0.0,132132.39244607117,0.0
98.3422646522522,1705.663377,1763.036194,1296,0.0,0.0,131377.92641244625,0.0
98.35256862640381,1705.663377,1754.430272,1296,0.0,0.0,130736.63033975358,0.0
98.36383509635925,1843.731655,1767.825479,1296,0.0,0.0,131734.81433933033,0.0
98.37234115600586,1843.731655,1779.211405,1297,0.0,0.0,132583.27074269645,0.0
98.39195322990417,1796.873742,1781.860756,1297,0.0,0.0,132780.6950734636,0.0
98.42856645584106,1829.514305,1789.008788,1298,0.0,0.0,133313.35210301625,0.0
98.42859768867493,1829.514305,1795.084616,1298,0.0,0.0,133766.1106377504,0.0
98.42866110801697,1829.514305,1800.249069,1298,0.0,0.0,134150.95533266,0.0
98.42873764038086,1829.514305,1804.638854,1298,0.0,0.0,134478.07331960727,0.0
98.43217587471008,1829.514305,1808.370172,1298,0.0,0.0,134756.12366440095,0.0
98.44224762916565,1800.531652,1807.194394,1299,0.0,0.0,134668.5070425261,0.0
98.45223045349121,1800.531652,1806.194983,1299,0.0,0.0,134594.03293628787,0.0
98.46228265762329,1843.846064,1811.842645,1299,0.0,0.0,135014.8853981735,0.0
98.47351145744324,1843.700958,1816.621392,1300,0.0,0.0,135370.9880544016,0.0
98.48262310028076,1655.424109,1792.441799,1300,0.0,0.0,133569.17320757784,0.0
98.53024554252625,1841.349202,1799.77791,1301,0.0,0.0,134115.8455075519,0.0
98.53025531768799,1841.349202,1806.013604,1301,0.0,0.0,134580.51693644858,0.0
98.53025817871094,1841.349202,1811.313943,1301,0.0,0.0,134975.48758394457,0.0
98.53026056289673,1841.349202,1815.819232,1301,0.0,0.0,135311.21269765645,0.0
98.53221487998962,1841.349202,1819.648727,1301,0.0,0.0,135596.57899587482,0.0
98.54233622550964,1988.662921,1845.000856,1302,0.0,0.0,137485.7688772261,0.0
98.55231976509094,1988.662921,1866.550166,1302,0.0,0.0,139091.58030245596,0.0
98.56225538253784,1844.389173,1863.226017,1302,0.0,0.0,138843.87137612066,0.0
98.57232975959778,1844.389173,1860.400491,1303,0.0,0.0,138633.3188371724,0.0
98.583580493927,1812.52891,1853.219753,1303,0.0,0.0,138098.2246219988,0.0
98.6423168182373,1718.639141,1833.032662,1304,0.0,0.0,136593.92302858556,0.0
98.64232850074768,1718.639141,1815.873633,1304,0.0,0.0,135315.26655122964,0.0
98.64233112335205,1718.639141,1801.28846,1304,0.0,0.0,134228.40866843183,0.0
98.64233374595642,1718.639141,1788.891062,1304,0.0,0.0,133304.57939726155,0.0
98.64233565330505,1718.639141,1778.353274,1304,0.0,0.0,132519.32453912223,0.0
98.64233732223511,1742.098045,1772.914989,1305,0.0,0.0,132114.0744319654,0.0
98.6522376537323,1718.729719,1764.787199,1305,0.0,0.0,131508.40779837623,0.0
98.662264585495,1718.729719,1757.878577,1305,0.0,0.0,130993.59112256645,0.0
98.67229628562927,1781.32633,1761.39574,1306,0.0,0.0,131255.6830656401,0.0
98.68232917785645,1812.475169,1769.057654,1306,0.0,0.0,131826.6335527011,0.0
98.73083972930908,1792.867314,1772.629103,1307,0.0,0.0,132092.77077977825,0.0
98.73085260391235,1792.867314,1775.664835,1307,0.0,0.0,132318.9874488751,0.0
98.73085594177246,1792.867314,1778.245207,1307,0.0,0.0,132511.27160270384,0.0
98.73085904121399,1792.867314,1780.438523,1307,0.0,0.0,132674.71311855468,0.0
98.732994556427,1792.867314,1782.302841,1307,0.0,0.0,132813.63836231708,0.0
98.76104736328125,1832.786979,1789.875462,1308,0.0,0.0,133377.93491384175,0.0
98.76108908653259,1811.204083,1793.074755,1308,0.0,0.0,133616.3398211013,0.0
98.76223921775818,1811.204083,1795.794155,1308,0.0,0.0,133818.98406306404,0.0
98.77226328849792,1781.8692,1793.705411,1309,0.0,0.0,133663.3350432309,0.0
98.78225564956665,1812.421522,1796.512828,1309,0.0,0.0,133872.53813576538,0.0
98.83528995513916,1771.874674,1792.817105,1310,0.0,0.0,133597.140259087,0.0
98.83530044555664,1771.874674,1789.67574,1310,0.0,0.0,133363.05203037726,0.0
98.83530378341675,1771.874674,1787.00558,1310,0.0,0.0,133164.0770546035,0.0
98.8353066444397,1771.874674,1784.735944,1310,0.0,0.0,132994.9483251958,0.0
98.84228372573853,1771.874674,1782.806754,1310,0.0,0.0,132851.18894991002,0.0
98.84229564666748,1790.694301,1783.989886,1311,0.0,0.0,132939.35357713728,0.0
98.87128901481628,1843.736172,1792.951829,1311,0.0,0.0,133607.17962176044,0.0
98.87130284309387,1843.736172,1800.56948,1311,0.0,0.0,134174.8317187053,0.0
98.87218904495239,1812.543592,1802.365597,1312,0.0,0.0,134308.67476053117,0.0
98.88225793838501,1812.543592,1803.892296,1312,0.0,0.0,134422.4413125501,0.0
98.9499716758728,1798.702376,1803.113808,1313,0.0,0.0,134364.42994583794,0.0
98.94998550415039,1798.702376,1802.452093,1313,0.0,0.0,134315.120269229,0.0
98.94998908042908,1798.702376,1801.889636,1313,0.0,0.0,134273.20709999988,0.0
98.94999170303345,1798.702376,1801.411547,1313,0.0,0.0,134237.58086517022,0.0
98.94999408721924,1798.702376,1801.005171,1313,0.0,0.0,134207.29853948375,0.0
98.95003890991211,1732.445747,1790.721258,1314,0.0,0.0,133440.9619379188,0.0
98.95221638679504,1732.445747,1781.979931,1314,0.0,0.0,132789.57575579645,0.0
98.97904348373413,1859.404193,1793.59357,1314,0.0,0.0,133655.00087589058,0.0
98.9790563583374,1859.404193,1803.465164,1315,0.0,0.0,134390.61229131086,0.0
98.98220634460449,1781.225152,1800.129162,1315,0.0,0.0,134142.02010315313,0.0
99.05944037437439,1820.733687,1803.219841,1317,0.0,0.0,134372.33131264977,0.0
99.05945301055908,1820.733687,1805.846918,1317,0.0,0.0,134568.09582954418,0.0
99.05945611000061,1820.733687,1808.079933,1317,0.0,0.0,134734.49563537136,0.0
99.05945873260498,1820.733687,1809.977996,1317,0.0,0.0,134875.93548895398,0.0
99.05946135520935,1820.733687,1811.59135,1317,0.0,0.0,134996.1593980323,0.0
99.05946373939514,1820.733687,1812.9627,1317,0.0,0.0,135098.34965368264,0.0
99.05946588516235,1820.733687,1814.128349,1317,0.0,0.0,135185.21148276248,0.0
99.0622034072876,1820.733687,1815.119149,1317,0.0,0.0,135259.0439145256,0.0
99.08867907524109,1872.191596,1823.680016,1318,0.0,0.0,135896.98257884817,0.0
99.08869409561157,1872.191596,1830.956753,1318,0.0,0.0,136439.2304472483,0.0
99.13912653923035,1724.23151,1814.947967,1320,0.0,0.0,135246.28777470515,0.0
99.13971829414368,1724.23151,1801.340498,1320,0.0,0.0,134232.28643597732,0.0
99.14009165763855,1724.23151,1789.77415,1320,0.0,0.0,133370.38534649537,0.0
99.14009642601013,1724.23151,1779.942754,1320,0.0,0.0,132637.76940553208,0.0
99.1400990486145,1724.23151,1771.586067,1320,0.0,0.0,132015.0458259061,0.0
99.16317129135132,1724.23151,1764.482884,1320,0.0,0.0,131485.73085401612,0.0
99.16318273544312,1736.099772,1760.225417,1320,0.0,0.0,131168.47293944072,0.0
99.16998195648193,1736.099772,1756.60657,1320,0.0,0.0,130898.8037083257,0.0
99.1723301410675,1812.548486,1764.997858,1321,0.0,0.0,131524.10568517758,0.0
99.19903063774109,1812.548486,1772.130452,1321,0.0,0.0,132055.6123058873,0.0
99.24415683746338,1870.346656,1786.862882,1323,0.0,0.0,133153.4434854192,0.0
99.24417114257812,1870.346656,1799.385448,1323,0.0,0.0,134086.60002528038,0.0
99.24433064460754,1870.346656,1810.02963,1323,0.0,0.0,134879.78315122856,0.0
99.24451780319214,1870.346656,1819.077184,1323,0.0,0.0,135553.9887561219,0.0
99.2446596622467,1870.346656,1826.767604,1323,0.0,0.0,136127.06345321506,0.0
99.24493360519409,1870.346656,1833.304462,1323,0.0,0.0,136614.1770202622,0.0
99.28012704849243,1870.346656,1838.860791,1323,0.0,0.0,137028.22352989693,0.0
99.28014039993286,1875.994448,1844.43084,1323,0.0,0.0,137443.2924264551,0.0
99.28033304214478,1875.994448,1849.165381,1324,0.0,0.0,137796.10094009287,0.0
99.2824501991272,1781.85699,1839.069122,1324,0.0,0.0,137043.7479388005,0.0
99.3428897857666,1762.605385,1827.599562,1326,0.0,0.0,136189.0592972449,0.0
99.34291648864746,1762.605385,1817.850435,1326,0.0,0.0,135462.57387740473,0.0
99.344651222229,1762.605385,1809.563677,1326,0.0,0.0,134845.06126681462,0.0
99.34465909004211,1762.605385,1802.519933,1326,0.0,0.0,134320.17557016845,0.0
99.34466171264648,1762.605385,1796.532751,1326,0.0,0.0,133874.02275782637,0.0
99.34466457366943,1762.605385,1791.443646,1326,0.0,0.0,133494.79284498026,0.0
99.35240316390991,1762.605385,1787.117907,1326,0.0,0.0,133172.44743769054,0.0
99.39056468009949,1678.851784,1770.877988,1326,0.0,0.0,131962.28119686854,0.0
99.39057612419128,1678.851784,1757.074058,1327,0.0,0.0,130933.63997786553,0.0
99.39077234268188,1890.661679,1777.112201,1327,0.0,0.0,132426.84226461116,0.0
99.44296169281006,1780.57317,1777.631346,1329,0.0,0.0,132465.52791033953,0.0
99.44306087493896,1780.57317,1778.07262,1329,0.0,0.0,132498.41076509716,0.0
99.44319581985474,1780.57317,1778.447702,1329,0.0,0.0,132526.36112457493,0.0
99.44339179992676,1780.57317,1778.766523,1329,0.0,0.0,132550.11902700443,0.0
99.44347524642944,1780.57317,1779.03752,1329,0.0,0.0,132570.31318072922,0.0
99.44371032714844,1780.57317,1779.267867,1329,0.0,0.0,132587.47817786218,0.0
99.45269823074341,1780.57317,1779.463663,1329,0.0,0.0,132602.0685036691,0.0
99.46238589286804,1815.338779,1784.84493,1329,0.0,0.0,133003.0697436537,0.0
99.50186038017273,1815.338779,1789.419007,1330,0.0,0.0,133343.9208013665,0.0
99.50190138816833,1796.996387,1790.555614,1330,0.0,0.0,133428.61847876763,0.0
99.54331636428833,1848.292422,1799.216135,1332,0.0,0.0,134073.98315959697,0.0
99.54333901405334,1848.292422,1806.577579,1332,0.0,0.0,134622.54322399767,0.0
99.54334378242493,1848.292422,1812.834805,1332,0.0,0.0,135088.81917441302,0.0
99.543372631073,1848.292422,1818.153448,1332,0.0,0.0,135485.1537993323,0.0
99.5435357093811,1848.292422,1822.674294,1332,0.0,0.0,135822.03818952874,0.0
99.54369807243347,1848.292422,1826.517013,1332,0.0,0.0,136108.38991374394,0.0
99.55234384536743,1848.292422,1829.783325,1332,0.0,0.0,136351.7889426672,0.0
99.56263375282288,1861.628373,1834.560082,1332,0.0,0.0,136707.74330808056,0.0
99.57286524772644,1861.628373,1838.620325,1333,0.0,0.0,137010.3044851489,0.0
99.61053037643433,1765.70172,1827.682535,1333,0.0,0.0,136195.2422790381,0.0
99.64283919334412,1755.437271,1816.845745,1335,0.0,0.0,135387.70639065854,0.0
99.64294910430908,1755.437271,1807.634474,1335,0.0,0.0,134701.30092279488,0.0
99.64310336112976,1755.437271,1799.804893,1335,0.0,0.0,134117.8562266741,0.0
99.6432592868805,1755.437271,1793.14975,1335,0.0,0.0,133621.92829831172,0.0
99.64341711997986,1755.437271,1787.492878,1335,0.0,0.0,133200.38952567062,0.0
99.64357829093933,1755.437271,1782.684537,1335,0.0,0.0,132842.08158382928,0.0
99.65229272842407,1755.437271,1778.597447,1335,0.0,0.0,132537.5198220864,0.0
99.66233110427856,1797.254863,1781.396059,1335,0.0,0.0,132746.06678365436,0.0
99.67322421073914,1797.254863,1783.77488,1336,0.0,0.0,132923.33176060146,0.0
99.68239903450012,1796.931424,1785.748361,1336,0.0,0.0,133070.39161250734,0.0
99.75273656845093,1833.219018,1792.86896,1338,0.0,0.0,133601.004389839,0.0
99.75275087356567,1833.219018,1798.921469,1338,0.0,0.0,134052.02523939317,0.0
99.75275492668152,1833.219018,1804.066101,1338,0.0,0.0,134435.39291307758,0.0
99.75275826454163,1833.219018,1808.439038,1338,0.0,0.0,134761.25542080568,0.0
99.75276160240173,1833.219018,1812.156035,1338,0.0,0.0,135038.23859335945,0.0
99.75276398658752,1833.219018,1815.315483,1338,0.0,0.0,135273.6743310151,0.0
99.7527666091919,1833.219018,1818.001013,1338,0.0,0.0,135473.794648408,0.0
99.76232266426086,1859.912613,1824.287753,1338,0.0,0.0,135942.26992299678,0.0
99.77238202095032,1859.912613,1829.631482,1339,0.0,0.0,136340.47390639727,0.0
99.78426098823547,1750.383947,1817.744352,1339,0.0,0.0,135454.66878469303,0.0
99.86022734642029,1788.973348,1813.428701,1341,0.0,0.0,135133.07511496046,0.0
99.86024022102356,1788.973348,1809.760398,1341,0.0,0.0,134859.72052176908,0.0
99.8602442741394,1788.973348,1806.642341,1341,0.0,0.0,134627.3691585413,0.0
99.86024737358093,1788.973348,1803.991992,1341,0.0,0.0,134429.87045881277,0.0
99.86025023460388,1788.973348,1801.739195,1341,0.0,0.0,134261.99653796226,0.0
99.86025285720825,1788.973348,1799.824318,1341,0.0,0.0,134119.3037387724,0.0
99.86025547981262,1788.973348,1798.196673,1341,0.0,0.0,133998.0148929941,0.0
99.86227011680603,1772.654647,1794.365369,1341,0.0,0.0,133712.51379171855,0.0
99.87228775024414,1772.654647,1791.10876,1342,0.0,0.0,133469.8378109235,0.0
99.88240194320679,1765.647159,1787.28952,1342,0.0,0.0,133185.2356947678,0.0
99.9662811756134,1815.375937,1791.502483,1344,0.0,0.0,133499.17726038967,0.0
99.96629595756531,1815.375937,1795.083501,1344,0.0,0.0,133766.02755018335,0.0
99.96630024909973,1815.375937,1798.127366,1344,0.0,0.0,133992.85027415256,0.0
99.96630334854126,1815.375937,1800.714652,1344,0.0,0.0,134185.6496454149,0.0
99.96630644798279,1815.375937,1802.913845,1344,0.0,0.0,134349.52910353613,0.0
99.96630859375,1815.375937,1804.783159,1344,0.0,0.0,134488.82663921322,0.0
99.96631169319153,1815.375937,1806.372075,1344,0.0,0.0,134607.22947747257,0.0
99.96994996070862,1739.117709,1796.28392,1344,0.0,0.0,133855.48037003065,0.0
99.97228407859802,1739.117709,1787.708989,1345,0.0,0.0,133216.49368459344,0.0
99.98233270645142,1859.388016,1798.460843,1345,0.0,0.0,134017.70031235108,0.0
100.09467697143555,1739.515133,1789.618986,1348,0.0,0.0,133358.8228359563,0.0
100.09481430053711,1739.515133,1782.103408,1348,0.0,0.0,132798.77701455384,0.0
100.0949809551239,1739.515133,1775.715167,1348,0.0,0.0,132322.73808871716,0.0
100.09516382217407,1739.515133,1770.285162,1348,0.0,0.0,131918.10499057823,0.0
100.09531545639038,1739.515133,1765.669658,1348,0.0,0.0,131574.1668757897,0.0
100.09547448158264,1739.515133,1761.746479,1348,0.0,0.0,131281.81943350864,0.0
100.09564638137817,1739.515133,1758.411777,1348,0.0,0.0,131033.32411874742,0.0
100.0958149433136,1739.515133,1755.577281,1348,0.0,0.0,130822.103153363,0.0
100.09597754478455,1739.515133,1753.167959,1348,0.0,0.0,130642.56530297904,0.0
100.09613013267517,1739.515133,1751.120035,1348,0.0,0.0,130489.95810779724,0.0
100.15645718574524,1870.248888,1768.989363,1350,0.0,0.0,131821.54464414483,0.0
100.15646767616272,1870.248888,1784.178292,1350,0.0,0.0,132953.39321494388,0.0
100.15647172927856,1870.248888,1797.088881,1350,0.0,0.0,133915.4644516863,0.0
100.15647435188293,1870.248888,1808.062882,1350,0.0,0.0,134733.22502899874,0.0
100.15647745132446,1870.248888,1817.390783,1350,0.0,0.0,135428.321530892,0.0
100.15647983551025,1870.248888,1825.319499,1350,0.0,0.0,136019.15356867894,0.0
100.15648221969604,1870.248888,1832.058907,1350,0.0,0.0,136521.3607560871,0.0
100.18866872787476,1882.531057,1839.629729,1350,0.0,0.0,137085.5232497345,0.0
100.18868231773376,1882.531057,1846.064929,1351,0.0,0.0,137565.0614662082,0.0
100.18868613243103,1954.153764,1862.278254,1351,0.0,0.0,138773.245975409,0.0
100.22869849205017,1802.177737,1853.263176,1352,0.0,0.0,138101.46041699723,0.0
100.22873258590698,1802.177737,1845.60036,1352,0.0,0.0,137530.44271470257,0.0
100.22881698608398,1802.177737,1839.086967,1352,0.0,0.0,137045.07771246298,0.0
100.22894930839539,1802.177737,1833.550582,1352,0.0,0.0,136632.51738976722,0.0
100.23256087303162,1802.177737,1828.844655,1352,0.0,0.0,136281.8411341053,0.0
100.24224281311035,1686.318764,1807.465772,1353,0.0,0.0,134688.72958760787,0.0
100.27236819267273,1686.318764,1789.29372,1353,0.0,0.0,133334.58466503394,0.0
100.27238154411316,1781.222836,1788.083088,1353,0.0,0.0,133244.37079287987,0.0
100.27638602256775,1781.222836,1787.05405,1354,0.0,0.0,133167.68894193447,0.0
100.30319857597351,1843.783465,1795.563462,1354,0.0,0.0,133801.793282704,0.0
100.32858896255493,1853.044654,1804.185641,1355,0.0,0.0,134444.30079447944,0.0
100.32860374450684,1853.044654,1811.514493,1355,0.0,0.0,134990.43216831083,0.0
100.32860827445984,1853.044654,1817.744017,1355,0.0,0.0,135454.64382116392,0.0
100.32879614830017,1853.044654,1823.039112,1355,0.0,0.0,135849.22369628184,0.0
100.332204580307,1853.044654,1827.539944,1355,0.0,0.0,136184.6166832796,0.0
100.34328484535217,1699.239502,1808.294877,1356,0.0,0.0,134750.51283179133,0.0
100.35228276252747,1699.239502,1791.936571,1356,0.0,0.0,133531.5246288184,0.0
100.38381004333496,1781.259173,1790.334961,1356,0.0,0.0,133412.17585910085,0.0
100.38382411003113,1843.099017,1798.24957,1357,0.0,0.0,134001.95667149936,0.0
100.38771748542786,1843.099017,1804.976987,1357,0.0,0.0,134503.2703136014,0.0
100.42848825454712,1789.386959,1802.638483,1358,0.0,0.0,134329.00967875295,0.0
100.4285204410553,1789.386959,1800.650754,1358,0.0,0.0,134180.88809442098,0.0
100.42859101295471,1789.386959,1798.961185,1358,0.0,0.0,134054.9847961755,0.0
100.4286470413208,1789.386959,1797.525051,1358,0.0,0.0,133947.96696658558,0.0
100.43213438987732,1789.386959,1796.304337,1358,0.0,0.0,133857.00180398228,0.0
100.44219994544983,1793.965098,1795.953451,1359,0.0,0.0,133830.85448196813,0.0
100.45492959022522,1793.965098,1795.655198,1359,0.0,0.0,133808.62926570786,0.0
100.46227836608887,1781.249288,1793.494312,1359,0.0,0.0,133647.6043685107,0.0
100.49133062362671,1781.249288,1791.657558,1360,0.0,0.0,133510.73313882697,0.0
100.49497961997986,1812.514409,1794.786086,1360,0.0,0.0,133743.86478000486,0.0
100.53082251548767,1825.847298,1799.445268,1361,0.0,0.0,134091.05769188117,0.0
100.5308358669281,1825.847298,1803.405572,1361,0.0,0.0,134386.17161481344,0.0
100.53083968162537,1825.847298,1806.771831,1361,0.0,0.0,134637.01849401667,0.0
100.53084301948547,1825.847298,1809.633151,1361,0.0,0.0,134850.23833016172,0.0
100.53213477134705,1825.847298,1812.065273,1361,0.0,0.0,135031.47519088502,0.0
100.5421793460846,1745.039772,1802.011448,1362,0.0,0.0,134282.2842862917,0.0
100.55225276947021,1843.723635,1808.268276,1362,0.0,0.0,134748.53057854413,0.0
100.5622227191925,1843.723635,1813.58658,1362,0.0,0.0,135144.83994186227,0.0
100.57261538505554,1750.056089,1804.057006,1363,0.0,0.0,134434.71517189176,0.0
100.58952617645264,1812.437108,1805.314022,1363,0.0,0.0,134528.38548683442,0.0
100.64269852638245,1795.415292,1803.829212,1364,0.0,0.0,134417.740419206,0.0
100.64271378517151,1795.415292,1802.567124,1364,0.0,0.0,134323.69214898086,0.0
100.64271783828735,1795.415292,1801.494349,1364,0.0,0.0,134243.75110438588,0.0
100.64272117614746,1795.415292,1800.582491,1364,0.0,0.0,134175.80127236864,0.0
100.64272356033325,1795.415292,1799.807411,1364,0.0,0.0,134118.0438629914,0.0
100.64272618293762,1709.409544,1786.247731,1365,0.0,0.0,133107.60366483836,0.0
100.65221118927002,1709.409544,1774.722003,1365,0.0,0.0,132248.7294964083,0.0
100.6622462272644,1796.874281,1778.044845,1365,0.0,0.0,132496.34102772106,0.0
100.67221713066101,1796.874281,1780.86926,1366,0.0,0.0,132706.81077717434,0.0
100.68511915206909,1859.436268,1792.654311,1366,0.0,0.0,133585.00917622825,0.0
100.73076486587524,1790.985286,1792.403957,1367,0.0,0.0,133566.35329752255,0.0
100.73077893257141,1790.985286,1792.191157,1367,0.0,0.0,133550.49586768888,0.0
100.73078274726868,1790.985286,1792.010276,1367,0.0,0.0,133537.01697781222,0.0
100.7307858467102,1790.985286,1791.856528,1367,0.0,0.0,133525.55998475742,0.0
100.73306322097778,1790.985286,1791.725841,1367,0.0,0.0,133515.82145123923,0.0
100.76441669464111,1884.770834,1805.68259,1368,0.0,0.0,134555.85043607754,0.0
100.76442909240723,1686.03652,1787.73568,1368,0.0,0.0,133218.4826444604,0.0
100.76443290710449,1686.03652,1772.480806,1368,0.0,0.0,132081.7199843269,0.0
100.77217721939087,1860.159615,1785.632627,1369,0.0,0.0,133061.76734660336,0.0
100.78225708007812,1860.159615,1796.811675,1369,0.0,0.0,133894.80761571607,0.0
100.84203720092773,1827.40783,1801.401099,1370,0.0,0.0,134236.80230113404,0.0
100.84205102920532,1827.40783,1805.302108,1370,0.0,0.0,134527.4976794141,0.0
100.84205532073975,1827.40783,1808.617966,1370,0.0,0.0,134774.58877703347,0.0
100.84205865859985,1827.40783,1811.436446,1370,0.0,0.0,134984.61626217255,0.0
100.8420615196228,1827.40783,1813.832153,1370,0.0,0.0,135163.13955002275,0.0
100.8421676158905,1772.794876,1807.676562,1371,0.0,0.0,134704.43723626688,0.0
100.87613463401794,1874.88057,1817.757163,1371,0.0,0.0,135455.6234347569,0.0
100.87614846229553,1874.88057,1826.325674,1371,0.0,0.0,136094.13171465116,0.0
100.87615275382996,1734.600064,1812.566833,1372,0.0,0.0,135068.8504376302,0.0
100.88216495513916,1812.233602,1812.516848,1372,0.0,0.0,135065.1256555332,0.0
100.9433925151825,1776.075166,1807.050596,1373,0.0,0.0,134657.7915035448,0.0
100.94340443611145,1776.075166,1802.404281,1373,0.0,0.0,134311.55741474024,0.0
100.94340825080872,1776.075166,1798.454914,1373,0.0,0.0,134017.25849514487,0.0
100.94341087341309,1776.075166,1795.097952,1373,0.0,0.0,133767.1044097629,0.0
100.9434130191803,1776.075166,1792.244534,1373,0.0,0.0,133554.4734148328,0.0
100.94499897956848,1866.957783,1803.451521,1374,0.0,0.0,134389.59564227314,0.0
100.95369386672974,1866.957783,1812.977461,1374,0.0,0.0,135099.44961384137,0.0
100.98463344573975,1750.031063,1803.535501,1374,0.0,0.0,134395.85366368966,0.0
100.98464751243591,1812.021989,1804.808474,1375,0.0,0.0,134490.71306231586,0.0
100.9846739768982,1812.021989,1805.890501,1375,0.0,0.0,134571.3435474222,0.0
101.06018590927124,1772.50772,1800.883084,1377,0.0,0.0,134198.20086074268,0.0
101.06019616127014,1772.50772,1796.626779,1377,0.0,0.0,133881.02953608014,0.0
101.06019973754883,1772.50772,1793.00892,1377,0.0,0.0,133611.43392874653,0.0
101.06020259857178,1772.50772,1789.93374,1377,0.0,0.0,133382.2776736906,0.0
101.06020522117615,1772.50772,1787.319837,1377,0.0,0.0,133187.4948568931,0.0
101.06020712852478,1772.50772,1785.09802,1377,0.0,0.0,133021.92950360017,0.0
101.06020998954773,1772.50772,1783.209475,1377,0.0,0.0,132881.1989123162,0.0
101.06244373321533,1772.50772,1781.604211,1377,0.0,0.0,132761.57785383638,0.0
101.09193348884583,1790.163999,1782.888179,1378,0.0,0.0,132857.2565778433,0.0
101.0919463634491,1874.883945,1796.687544,1378,0.0,0.0,133885.55762218844,0.0
101.12878060340881,1799.902564,1797.169797,1379,0.0,0.0,133921.494149959,0.0
101.1287989616394,1799.902564,1797.579712,1379,0.0,0.0,133952.04019483807,0.0
101.12880277633667,1799.902564,1797.92814,1379,0.0,0.0,133978.00435161477,0.0
101.12880611419678,1799.902564,1798.224304,1379,0.0,0.0,134000.0738997786,0.0
101.13283085823059,1799.902564,1798.476043,1379,0.0,0.0,134018.83298591062,0.0
101.15920066833496,1694.863453,1782.934154,1380,0.0,0.0,132860.68254277093,0.0
101.15921306610107,1694.863453,1769.723549,1380,0.0,0.0,131876.2547145389,0.0
101.16543555259705,1828.142185,1778.486345,1380,0.0,0.0,132529.2407235461,0.0
101.17287230491638,1828.142185,1785.934721,1381,0.0,0.0,133084.27878649143,0.0
101.2053906917572,1859.404565,1796.955197,1381,0.0,0.0,133905.50258773012,0.0
101.22839498519897,1875.00945,1808.663335,1382,0.0,0.0,134777.96958405475,0.0
101.22841119766235,1875.00945,1818.615252,1382,0.0,0.0,135519.56650857528,0.0
101.22846961021423,1875.00945,1827.074382,1382,0.0,0.0,136149.9239354026,0.0
101.22854566574097,1875.00945,1834.264642,1382,0.0,0.0,136685.72771094684,0.0
101.23210835456848,1875.00945,1840.376363,1382,0.0,0.0,137141.16092015948,0.0
101.24558138847351,1693.950319,1818.412456,1383,0.0,0.0,135504.45455678698,0.0
101.25286102294922,1693.950319,1799.743136,1383,0.0,0.0,134113.25421871245,0.0
101.28930020332336,1797.033408,1799.336677,1383,0.0,0.0,134082.9657080322,0.0
101.2893135547638,1797.033408,1798.991186,1384,0.0,0.0,134057.22041061366,0.0
101.28931760787964,1843.803194,1805.712988,1384,0.0,0.0,134558.11563416064,0.0
101.32832908630371,1794.435921,1804.021428,1385,0.0,0.0,134432.06397058247,0.0
101.32836031913757,1794.435921,1802.583602,1385,0.0,0.0,134324.92005654098,0.0
101.32843017578125,1794.435921,1801.36145,1385,0.0,0.0,134233.84773705757,0.0
101.32853126525879,1794.435921,1800.32262,1385,0.0,0.0,134156.43620588223,0.0
101.33209896087646,1794.435921,1799.439616,1385,0.0,0.0,134090.63651616022,0.0
101.34211897850037,1804.988599,1800.271963,1386,0.0,0.0,134152.66134769106,0.0
101.35259056091309,1781.228803,1797.415489,1386,0.0,0.0,133939.80262576113,0.0
101.36222672462463,1781.228803,1794.987486,1386,0.0,0.0,133758.87270466887,0.0
101.38713884353638,1796.9219,1795.277648,1387,0.0,0.0,133780.49499581265,0.0
101.3968939781189,1812.474988,1797.857249,1387,0.0,0.0,133972.72169626545,0.0
101.43300318717957,1810.019803,1799.681632,1388,0.0,0.0,134108.67106380415,0.0
101.43301630020142,1810.019803,1801.232358,1388,0.0,0.0,134224.2280597451,0.0
101.43302059173584,1810.019803,1802.550475,1388,0.0,0.0,134322.45149884318,0.0
101.43302345275879,1810.019803,1803.670874,1388,0.0,0.0,134405.9413885434,0.0
101.43302607536316,1810.019803,1804.623213,1388,0.0,0.0,134476.90778361092,0.0
101.44226479530334,1774.053232,1800.037716,1389,0.0,0.0,134135.20573036847,0.0
101.45280694961548,1774.053232,1796.140043,1389,0.0,0.0,133844.75894412753,0.0
101.46394753456116,1860.281329,1805.761236,1389,0.0,0.0,134561.71097849624,0.0
101.49564218521118,1860.281329,1813.93925,1390,0.0,0.0,135171.1202039837,0.0
101.49565529823303,1765.610522,1806.689941,1390,0.0,0.0,134630.91621521462,0.0
101.5284492969513,1797.371835,1805.292225,1391,0.0,0.0,134526.76121804642,0.0
101.52847838401794,1797.371835,1804.104167,1391,0.0,0.0,134438.22951516428,0.0
101.52853202819824,1797.371835,1803.094317,1391,0.0,0.0,134362.97751555181,0.0
101.52864575386047,1797.371835,1802.235944,1391,0.0,0.0,134299.01327862224,0.0
101.53211998939514,1797.371835,1801.506328,1391,0.0,0.0,134244.643755476,0.0
101.5421998500824,1886.038278,1814.18612,1392,0.0,0.0,135189.51646198673,0.0
101.55225968360901,1843.526565,1818.587187,1392,0.0,0.0,135517.47516097996,0.0
101.5627064704895,1843.526565,1822.328094,1392,0.0,0.0,135796.24005885012,0.0
101.57304072380066,1734.521394,1809.157089,1393,0.0,0.0,134814.7631433127,0.0
101.60153818130493,1734.521394,1797.961734,1393,0.0,0.0,133980.50770921737,0.0
101.63750219345093,1817.546359,1800.899428,1394,0.0,0.0,134199.41878289115,0.0
101.63751554489136,1817.546359,1803.396468,1394,0.0,0.0,134385.49320296568,0.0
101.6375195980072,1817.546359,1805.518951,1394,0.0,0.0,134543.65638551104,0.0
101.63752222061157,1817.546359,1807.323063,1394,0.0,0.0,134678.09519872567,0.0
101.63752508163452,1817.546359,1808.856557,1394,0.0,0.0,134792.36810053652,0.0
101.64217972755432,1701.401389,1792.738282,1395,0.0,0.0,133591.2665269828,0.0
101.65238070487976,1843.383351,1800.335042,1395,0.0,0.0,134157.3618684452,0.0
101.66219544410706,1843.383351,1806.792289,1395,0.0,0.0,134638.54298320622,0.0
101.67218255996704,1796.896922,1805.307984,1396,0.0,0.0,134527.93554716647,0.0
101.68277359008789,1796.896922,1804.046324,1396,0.0,0.0,134433.9191706442,0.0
101.74940013885498,1778.652116,1800.237193,1397,0.0,0.0,134150.0703569236,0.0
101.7494146823883,1778.652116,1796.999431,1397,0.0,0.0,133908.7988168244,0.0
101.74941897392273,1778.652116,1794.247334,1397,0.0,0.0,133703.7180599027,0.0
101.74942183494568,1778.652116,1791.908051,1397,0.0,0.0,133529.39937553433,0.0
101.74942469596863,1778.652116,1789.919661,1397,0.0,0.0,133381.2285348061,0.0
101.74953961372375,1814.579317,1793.618609,1398,0.0,0.0,133656.86673202593,0.0
101.7522075176239,1841.889507,1800.859244,1398,0.0,0.0,134196.42435168612,0.0
101.76224780082703,1841.889507,1807.013784,1398,0.0,0.0,134655.04834702675,0.0
101.77254915237427,1735.212327,1796.243565,1399,0.0,0.0,133852.47319624803,0.0
101.7825517654419,1735.212327,1787.088879,1399,0.0,0.0,133170.28432926378,0.0
101.83349537849426,1837.37451,1794.631724,1400,0.0,0.0,133732.3620328997,0.0
101.83350920677185,1837.37451,1801.043142,1400,0.0,0.0,134210.1280623607,0.0
101.83351302146912,1837.37451,1806.492847,1400,0.0,0.0,134616.22916504717,0.0
101.83351564407349,1837.37451,1811.125096,1400,0.0,0.0,134961.41508370117,0.0
101.83351826667786,1837.37451,1815.062508,1400,0.0,0.0,135254.82314063833,0.0
101.86647272109985,1776.858317,1809.33188,1401,0.0,0.0,134827.7882185855,0.0
101.8664882183075,1776.858317,1804.460845,1401,0.0,0.0,134464.808445419,0.0
101.86649227142334,1812.721061,1805.699878,1401,0.0,0.0,134557.13870321552,0.0
101.87218141555786,1812.721061,1806.753055,1402,0.0,0.0,134635.61934409867,0.0
101.88221859931946,1796.921181,1805.278274,1402,0.0,0.0,134525.72161746555,0.0
101.93613171577454,1770.585607,1800.074374,1403,0.0,0.0,134137.93741111492,0.0
101.93614411354065,1770.585607,1795.651059,1403,0.0,0.0,133808.32083571688,0.0
101.93614792823792,1770.585607,1791.891241,1403,0.0,0.0,133528.14672799903,0.0
101.93615126609802,1770.585607,1788.695396,1403,0.0,0.0,133289.9987587943,0.0
101.93807911872864,1770.585607,1785.978928,1403,0.0,0.0,133087.57300359974,0.0
101.94371700286865,1794.363051,1787.236546,1404,0.0,0.0,133181.2881783768,0.0
101.97293853759766,1780.969141,1786.296435,1404,0.0,0.0,133111.23298938075,0.0
101.9767324924469,1780.969141,1785.497341,1404,0.0,0.0,133051.68610481542,0.0
101.97674250602722,1812.672385,1789.573598,1405,0.0,0.0,133355.4406130931,0.0
101.98216485977173,1812.672385,1793.038416,1405,0.0,0.0,133613.63191159602,0.0
102.07065534591675,1783.270898,1791.573288,1407,0.0,0.0,133504.45350719124,0.0
102.07066869735718,1783.270898,1790.32793,1407,0.0,0.0,133411.65192306155,0.0
102.07067251205444,1783.270898,1789.269375,1407,0.0,0.0,133332.77052438873,0.0
102.07067584991455,1783.270898,1788.369603,1407,0.0,0.0,133265.72131688736,0.0
102.07067799568176,1783.270898,1787.604798,1407,0.0,0.0,133208.72957993275,0.0
102.07068037986755,1783.270898,1786.954713,1407,0.0,0.0,133160.28654763286,0.0
102.07068276405334,1783.270898,1786.40214,1407,0.0,0.0,133119.1099142894,0.0
102.07068490982056,1783.270898,1785.932454,1407,0.0,0.0,133084.10985419143,0.0
102.07301378250122,1790.522543,1786.620967,1408,0.0,0.0,133135.41646409308,0.0
102.10436367988586,1843.691555,1795.181556,1408,0.0,0.0,133773.33441241237,0.0
102.12855553627014,1815.486216,1798.227255,1409,0.0,0.0,134000.29380238874,0.0
102.12857246398926,1815.486216,1800.816099,1409,0.0,0.0,134193.20927269093,0.0
102.12865281105042,1815.486216,1803.016616,1409,0.0,0.0,134357.18739264063,0.0
102.12872457504272,1815.486216,1804.887056,1409,0.0,0.0,134496.5688355827,0.0
102.13211941719055,1815.486216,1806.47693,1409,0.0,0.0,134615.0430620835,0.0
102.15477848052979,1756.637022,1799.000944,1410,0.0,0.0,134057.94755723167,0.0
102.16146612167358,1843.647124,1805.697871,1410,0.0,0.0,134556.98914559488,0.0
102.16899871826172,1843.500206,1811.368221,1410,0.0,0.0,134979.5322718041,0.0
102.17217588424683,1843.500206,1816.188019,1411,0.0,0.0,135338.69396634097,0.0
102.2032060623169,1750.169679,1806.285268,1411,0.0,0.0,134600.7607936776,0.0
102.22857141494751,1809.97294,1806.838419,1412,0.0,0.0,134641.98049842348,0.0
102.22859501838684,1809.97294,1807.308597,1412,0.0,0.0,134677.01722137615,0.0
102.228600025177,1809.97294,1807.708248,1412,0.0,0.0,134706.79841353055,0.0
102.22872567176819,1809.97294,1808.047952,1412,0.0,0.0,134732.11247529846,0.0
102.23219966888428,1809.97294,1808.3367,1412,0.0,0.0,134753.62939799402,0.0
102.25444507598877,1912.071098,1823.89686,1413,0.0,0.0,135913.14135946307,0.0
102.25975394248962,1874.982188,1831.559659,1413,0.0,0.0,136484.15779495175,0.0
102.27412819862366,1624.328827,1800.475034,1413,0.0,0.0,134167.79379192862,0.0
102.2741847038269,1624.328827,1774.053103,1414,0.0,0.0,132198.88440798846,0.0
102.30809426307678,1859.749833,1786.907613,1414,0.0,0.0,133156.77674995823,0.0
102.32930970191956,1824.059846,1792.480448,1415,0.0,0.0,133572.05325365698,0.0
102.32932305335999,1824.059846,1797.217357,1415,0.0,0.0,133925.03822591243,0.0
102.33045744895935,1824.059846,1801.243731,1415,0.0,0.0,134225.07555292887,0.0
102.33046460151672,1824.059846,1804.666148,1415,0.0,0.0,134480.10721382665,0.0
102.3320939540863,1824.059846,1807.575202,1415,0.0,0.0,134696.88409205663,0.0
102.34219264984131,1750.835435,1799.064237,1416,0.0,0.0,134062.66402483723,0.0
102.36818647384644,1750.835435,1791.829917,1416,0.0,0.0,133523.57698633024,0.0
102.3746428489685,1828.029668,1797.25988,1416,0.0,0.0,133928.20695471327,0.0
102.37502312660217,1828.029668,1801.875348,1417,0.0,0.0,134272.14238685393,0.0
102.38272166252136,1765.765202,1796.458826,1417,0.0,0.0,133868.51401487313,0.0
102.42845964431763,1803.396838,1797.499528,1418,0.0,0.0,133946.06504373948,0.0
102.4284930229187,1803.396838,1798.384124,1418,0.0,0.0,134011.98336611324,0.0
102.4285991191864,1803.396838,1799.136031,1418,0.0,0.0,134068.01396993818,0.0
102.42862915992737,1803.396838,1799.775152,1418,0.0,0.0,134115.63998691525,0.0
102.43211317062378,1803.396838,1800.318405,1419,0.0,0.0,134156.12211252347,0.0
102.44551181793213,1911.336417,1816.971107,1419,0.0,0.0,135397.0481158409,0.0
102.4522635936737,1911.336417,1831.125903,1419,0.0,0.0,136451.83516649812,0.0
102.47669744491577,1734.411423,1816.618731,1419,0.0,0.0,135370.78976201068,0.0
102.49060106277466,1843.592557,1820.664805,1420,0.0,0.0,135672.2950935747,0.0
102.49061441421509,1812.190659,1819.393683,1420,0.0,0.0,135577.5736277616,0.0
102.52850270271301,1707.948673,1802.676932,1421,0.0,0.0,134331.87482123263,0.0
102.52853465080261,1707.948673,1788.467693,1421,0.0,0.0,133273.03078724627,0.0
102.5285394191742,1707.948673,1776.38984,1421,0.0,0.0,132373.01336953562,0.0
102.5286591053009,1707.948673,1766.123665,1421,0.0,0.0,131607.99856820746,0.0
102.53210282325745,1707.948673,1757.397416,1421,0.0,0.0,130957.73596844898,0.0
102.54215240478516,1869.582179,1774.22513,1422,0.0,0.0,132211.70351551665,0.0
102.55259823799133,1874.929878,1789.330842,1422,0.0,0.0,133337.35092213115,0.0
102.56224393844604,1656.246522,1769.368194,1422,0.0,0.0,131849.77437159463,0.0
102.58029890060425,1656.246522,1752.399943,1423,0.0,0.0,130585.33428873497,0.0
102.5955924987793,1875.036001,1770.795352,1423,0.0,0.0,131956.12332764047,0.0
102.63446497917175,1862.316009,1784.523451,1424,0.0,0.0,132979.11377238727,0.0
102.63447761535645,1862.316009,1796.192334,1424,0.0,0.0,133848.65556472636,0.0
102.63448190689087,1862.316009,1806.110885,1424,0.0,0.0,134587.76612174767,0.0
102.63448429107666,1862.316009,1814.541654,1424,0.0,0.0,135216.0101436525,0.0
102.63448715209961,1862.316009,1821.707807,1424,0.0,0.0,135750.0175138349,0.0
102.64213514328003,1803.717276,1819.009227,1425,0.0,0.0,135548.92473657677,0.0
102.65221285820007,1843.612835,1822.699769,1425,0.0,0.0,135823.93653551096,0.0
102.6626968383789,1843.612835,1825.836729,1425,0.0,0.0,136057.69651244243,0.0
102.67219185829163,1750.127584,1814.480357,1426,0.0,0.0,135211.44241396963,0.0
102.70581793785095,1812.435659,1814.173652,1426,0.0,0.0,135188.58737159587,0.0
102.74564957618713,1790.161259,1810.571793,1427,0.0,0.0,134920.18405221967,0.0
102.74566078186035,1790.161259,1807.510213,1427,0.0,0.0,134692.0412419276,0.0
102.74566435813904,1790.161259,1804.90787,1427,0.0,0.0,134498.11985317932,0.0
102.74566769599915,1790.161259,1802.695878,1427,0.0,0.0,134333.2866392102,0.0
102.74567031860352,1790.161259,1800.815685,1428,0.0,0.0,134193.17842224002,0.0
102.74567246437073,1705.729293,1786.552726,1428,0.0,0.0,133130.3312814367,0.0
102.75219511985779,1904.422516,1804.233195,1428,0.0,0.0,134447.84442332486,0.0
102.76233267784119,1904.422516,1819.261593,1428,0.0,0.0,135567.7305454931,0.0
102.77262449264526,1750.75983,1808.986329,1429,0.0,0.0,134802.03845008713,0.0
102.80834436416626,1843.715338,1814.19568,1429,0.0,0.0,135190.22885404126,0.0
102.83942246437073,1774.606144,1808.25725,1430,0.0,0.0,134747.7089431055,0.0
102.83943271636963,1774.606144,1803.209584,1430,0.0,0.0,134371.56698155103,0.0
102.8394365310669,1774.606144,1798.919068,1430,0.0,0.0,134051.8463216816,0.0
102.83943939208984,1774.606144,1795.272129,1430,0.0,0.0,133780.08373098535,0.0
102.83944201469421,1774.606144,1792.172231,1430,0.0,0.0,133549.08554007122,0.0
102.84210753440857,1757.198158,1786.92612,1431,0.0,0.0,133158.15585453494,0.0
102.85217499732971,1757.198158,1782.466926,1431,0.0,0.0,132825.86564791037,0.0
102.86216616630554,1796.936904,1784.637423,1431,0.0,0.0,132987.60673757995,0.0
102.87254810333252,1796.936904,1786.482345,1432,0.0,0.0,133125.08663026599,0.0
102.8825671672821,1827.798738,1792.679804,1432,0.0,0.0,133586.90886353442,0.0
102.95047211647034,1798.567689,1793.562987,1433,0.0,0.0,133652.72189197797,0.0
102.95048546791077,1798.567689,1794.313692,1433,0.0,0.0,133708.66292517007,0.0
102.95048904418945,1798.567689,1794.951791,1433,0.0,0.0,133756.21278475388,0.0
102.9504919052124,1798.567689,1795.494176,1433,0.0,0.0,133796.6302287404,0.0
102.95049452781677,1798.567689,1795.955203,1433,0.0,0.0,133830.98503749943,0.0
102.95059204101562,1837.026352,1802.115875,1434,0.0,0.0,134290.06597719976,0.0
102.95209741592407,1837.026352,1807.352447,1434,0.0,0.0,134680.28483555943,0.0
102.96216559410095,1796.878684,1805.781382,1434,0.0,0.0,134563.2122180706,0.0
102.97219800949097,1796.878684,1804.445978,1435,0.0,0.0,134463.70058635258,0.0
102.98311376571655,1796.895395,1803.31339,1435,0.0,0.0,134379.3023967828,0.0
103.06257557868958,1798.173008,1802.542333,1437,0.0,0.0,134321.84477330884,0.0
103.06258606910706,1798.173008,1801.886934,1437,0.0,0.0,134273.00575237107,0.0
103.06258964538574,1798.173008,1801.329845,1437,0.0,0.0,134231.49259575165,0.0
103.06259226799011,1798.173008,1800.856319,1437,0.0,0.0,134196.2063865439,0.0
103.06259489059448,1798.173008,1800.453823,1437,0.0,0.0,134166.2131906871,0.0
103.06259775161743,1798.173008,1800.1117,1437,0.0,0.0,134140.7188698836,0.0
103.06259989738464,1798.173008,1799.820896,1437,0.0,0.0,134119.0487381855,0.0
103.06260251998901,1798.173008,1799.573713,1437,0.0,0.0,134100.62915604937,0.0
103.07218217849731,1741.96638,1790.932613,1438,0.0,0.0,133456.7116892463,0.0
103.08218550682068,1874.857886,1803.521404,1438,0.0,0.0,134394.80318348118,0.0
103.13999104499817,1782.790163,1800.411718,1439,0.0,0.0,134163.07561040917,0.0
103.14000415802002,1782.790163,1797.768485,1439,0.0,0.0,133966.1071807497,0.0
103.1400077342987,1782.790163,1795.521736,1439,0.0,0.0,133798.68394474706,0.0
103.14001059532166,1782.790163,1793.612,1439,0.0,0.0,133656.3742425815,0.0
103.14001297950745,1782.790163,1791.988725,1439,0.0,0.0,133535.4110404516,0.0
103.14211249351501,1867.163605,1803.264957,1440,0.0,0.0,134375.6932666177,0.0
103.16101288795471,1624.967338,1776.520314,1440,0.0,0.0,132382.73603072038,0.0
103.17024517059326,1624.967338,1753.787368,1440,0.0,0.0,130688.72242119255,0.0
103.17208862304688,1875.054189,1771.977391,1441,0.0,0.0,132044.20650669665,0.0
103.18212914466858,1875.054189,1787.438911,1441,0.0,0.0,133196.3680129082,0.0
103.24563002586365,1869.146068,1799.694984,1442,0.0,0.0,134109.6660281046,0.0
103.24564242362976,1869.146068,1810.112647,1442,0.0,0.0,134885.9694118136,0.0
103.24564599990845,1869.146068,1818.96766,1442,0.0,0.0,135545.82724698138,0.0
103.24564957618713,1869.146068,1826.494421,1442,0.0,0.0,136106.7064031481,0.0
103.24565172195435,1869.146068,1832.892168,1443,0.0,0.0,136583.45369706748,0.0
103.2456545829773,1740.489082,1819.031705,1443,0.0,0.0,135550.59975212096,0.0
103.25851702690125,1843.712757,1822.733863,1443,0.0,0.0,135826.4771521122,0.0
103.26212310791016,1843.238501,1825.809559,1443,0.0,0.0,136055.67185845473,0.0
103.28950786590576,1843.238501,1828.4239,1444,0.0,0.0,136250.48731413507,0.0
103.28951907157898,1734.736779,1814.370832,1444,0.0,0.0,135203.28083031112,0.0
103.3283019065857,1790.884282,1810.847849,1445,0.0,0.0,134940.755192493,0.0
103.32832670211792,1790.884282,1807.853314,1445,0.0,0.0,134717.60844133247,0.0
103.32858324050903,1790.884282,1805.307959,1445,0.0,0.0,134527.93368421652,0.0
103.32859134674072,1790.884282,1803.144408,1445,0.0,0.0,134366.71019655652,0.0
103.33220052719116,1790.884282,1801.305389,1446,0.0,0.0,134229.67018360877,0.0
103.35569405555725,1861.418329,1810.32233,1446,0.0,0.0,134901.59456904957,0.0
103.3557059764862,1656.244203,1787.210611,1446,0.0,0.0,133179.35555411584,0.0
103.36774897575378,1843.740228,1795.690054,1446,0.0,0.0,133811.22666502307,0.0
103.3975989818573,1843.740228,1802.89758,1447,0.0,0.0,134348.3170683094,0.0
103.39761185646057,1859.347854,1811.365121,1447,0.0,0.0,134979.30126601236,0.0
103.42836308479309,1760.085278,1803.673144,1448,0.0,0.0,134406.11054439738,0.0
103.42837738990784,1760.085278,1797.134964,1448,0.0,0.0,133918.89846455771,0.0
103.42839646339417,1760.085278,1791.577511,1448,0.0,0.0,133504.768196694,0.0
103.42855620384216,1760.085278,1786.853676,1448,0.0,0.0,133152.75747273574,0.0
103.432457447052,1760.085278,1782.838417,1448,0.0,0.0,132853.5484132597,0.0
103.44217419624329,1693.666327,1769.462603,1449,0.0,0.0,131856.80954120535,0.0
103.46650218963623,1812.38292,1775.900651,1449,0.0,0.0,132336.5599849355,0.0
103.46651339530945,1812.38292,1781.372991,1449,0.0,0.0,132744.3478024917,0.0
103.47220849990845,1781.428499,1781.381317,1450,0.0,0.0,132744.96823933758,0.0
103.48211812973022,1781.428499,1781.388395,1450,0.0,0.0,132745.49567772273,0.0
103.52820086479187,1855.999216,1792.580018,1451,0.0,0.0,133579.47301065197,0.0
103.52822875976562,1855.999216,1802.092898,1451,0.0,0.0,134288.35377717493,0.0
103.52833032608032,1855.999216,1810.178845,1451,0.0,0.0,134890.90235420142,0.0
103.52840971946716,1855.999216,1817.051901,1451,0.0,0.0,135403.06872291787,0.0
103.53211426734924,1855.999216,1822.893998,1452,0.0,0.0,135838.41009161604,0.0
103.54251670837402,1928.119421,1838.677812,1452,0.0,0.0,137014.5883012619,0.0
103.55214285850525,1928.119421,1852.094053,1452,0.0,0.0,138014.33971239466,0.0
103.5859444141388,1750.476917,1836.851483,1452,0.0,0.0,136878.4939217004,0.0
103.58595657348633,1750.476917,1823.895298,1453,0.0,0.0,135913.02496235125,0.0
103.58963370323181,1812.525557,1822.189837,1453,0.0,0.0,135785.93742409203,0.0
103.62839794158936,1720.886609,1806.994353,1454,0.0,0.0,134653.60038782048,0.0
103.62841153144836,1720.886609,1794.078191,1454,0.0,0.0,133691.1138622788,0.0
103.62841582298279,1720.886609,1783.099454,1454,0.0,0.0,132873.000367731,0.0
103.62847900390625,1720.886609,1773.767527,1454,0.0,0.0,132177.60385638048,0.0
103.63208508491516,1720.886609,1765.83539,1454,0.0,0.0,131586.5168925246,0.0
103.64211344718933,1801.771935,1771.225871,1455,0.0,0.0,131988.20474133673,0.0
103.65390348434448,1801.771935,1775.807781,1455,0.0,0.0,132329.63949852268,0.0
103.6622109413147,1843.697547,1785.991246,1455,0.0,0.0,133088.49091629096,0.0
103.68233513832092,1843.697547,1794.647191,1456,0.0,0.0,133733.51460276454,0.0
103.68234944343567,1765.703839,1790.305688,1456,0.0,0.0,133409.99449376477,0.0
103.73475527763367,1817.302733,1794.355245,1457,0.0,0.0,133711.75937151347,0.0
103.73476815223694,1817.302733,1797.797368,1457,0.0,0.0,133968.25948406683,0.0
103.73477172851562,1817.302733,1800.723173,1457,0.0,0.0,134186.28461327023,0.0
103.73477435112,1817.302733,1803.210107,1457,0.0,0.0,134371.60595446365,0.0
103.7347764968872,1817.302733,1805.324,1457,0.0,0.0,134529.12902741187,0.0
103.74215292930603,1773.643634,1800.571945,1458,0.0,0.0,134175.0154055687,0.0
103.75259733200073,1904.2863,1816.129099,1458,0.0,0.0,135334.30336593778,0.0
103.76230263710022,1904.2863,1829.352679,1458,0.0,0.0,136319.6980651853,0.0
103.77220153808594,1844.607743,1831.640938,1459,0.0,0.0,136490.21454325743,0.0
103.80546045303345,1844.607743,1833.585959,1459,0.0,0.0,136635.15361295905,0.0
103.83556056022644,1726.895729,1817.582424,1460,0.0,0.0,135442.60223441996,0.0
103.8355700969696,1726.895729,1803.97942,1460,0.0,0.0,134428.93361855025,0.0
103.83557367324829,1726.895729,1792.416866,1460,0.0,0.0,133567.31525035016,0.0
103.8355758190155,1726.895729,1782.588696,1460,0.0,0.0,132834.93970444633,0.0
103.83557844161987,1726.895729,1774.234751,1460,0.0,0.0,132212.42045316903,0.0
103.84213972091675,1707.577159,1764.236112,1461,0.0,0.0,131467.34189877685,0.0
103.85212397575378,1707.577159,1755.737269,1461,0.0,0.0,130834.02513872122,0.0
103.86211943626404,1765.637624,1757.222322,1461,0.0,0.0,130944.68831422296,0.0
103.87270069122314,1905.644386,1779.485632,1462,0.0,0.0,132603.70558955264,0.0
103.88250803947449,1905.644386,1798.409445,1462,0.0,0.0,134013.87023632388,0.0
103.94540810585022,1827.450713,1802.765635,1463,0.0,0.0,134338.48479115055,0.0
103.94542121887207,1827.450713,1806.468397,1463,0.0,0.0,134614.40720001224,0.0
103.94542455673218,1827.450713,1809.615744,1463,0.0,0.0,134848.94119538207,0.0
103.94542717933655,1827.450713,1812.29099,1463,0.0,0.0,135048.2951696903,0.0
103.9454300403595,1827.450713,1814.564948,1463,0.0,0.0,135217.7459658825,0.0
103.94545531272888,1707.722963,1798.53865,1464,0.0,0.0,134023.49833417,0.0
103.95211505889893,1780.86195,1795.887145,1464,0.0,0.0,133825.91349163657,0.0
103.96214413642883,1780.86195,1793.633366,1464,0.0,0.0,133657.96639411265,0.0
103.97216558456421,1812.731123,1796.49803,1465,0.0,0.0,133871.43541844081,0.0
103.98246765136719,1812.731123,1798.932994,1465,0.0,0.0,134052.88405931252,0.0
104.05665302276611,1812.163912,1800.917631,1467,0.0,0.0,134200.7752339967,0.0
104.05670809745789,1812.163912,1802.604573,1467,0.0,0.0,134326.48277346318,0.0
104.05680513381958,1812.163912,1804.038474,1467,0.0,0.0,134433.3342043651,0.0
104.056875705719,1812.163912,1805.25729,1467,0.0,0.0,134524.1579318094,0.0
104.05696368217468,1812.163912,1806.293283,1467,0.0,0.0,134601.35805542627,0.0
104.05705332756042,1812.163912,1807.173877,1467,0.0,0.0,134666.9781567747,0.0
104.05714058876038,1812.163912,1807.922382,1467,0.0,0.0,134722.75525037266,0.0
104.06206345558167,1812.163912,1808.558612,1467,0.0,0.0,134770.16583581944,0.0
104.07210516929626,1814.494355,1809.448973,1468,0.0,0.0,134836.5137544479,0.0
104.08215856552124,1656.07131,1786.442324,1468,0.0,0.0,133122.10434549447,0.0
104.13847804069519,1854.160334,1796.600025,1469,0.0,0.0,133879.03588157936,0.0
104.13849067687988,1854.160334,1805.234072,1469,0.0,0.0,134522.42777294718,0.0
104.13849401473999,1854.160334,1812.573011,1469,0.0,0.0,135069.31080981772,0.0
104.13849639892578,1854.160334,1818.81111,1469,0.0,0.0,135534.161454498,0.0
104.138498544693,1854.160334,1824.113493,1469,0.0,0.0,135929.28441678057,0.0
104.142098903656,1989.751549,1848.959202,1470,0.0,0.0,137780.7368939196,0.0
104.16830635070801,1989.751549,1870.078054,1470,0.0,0.0,139354.47145105104,0.0
104.16834378242493,1812.517491,1861.443969,1470,0.0,0.0,138711.07672799932,0.0
104.172123670578,1812.517491,1854.104998,1471,0.0,0.0,138164.19130655285,0.0
104.18212127685547,1875.052876,1857.247179,1471,0.0,0.0,138398.3403419484,0.0
104.24484705924988,1735.978238,1839.056838,1472,0.0,0.0,137042.83255972117,0.0
104.24485921859741,1735.978238,1823.595048,1472,0.0,0.0,135890.65093365032,0.0
104.24486255645752,1735.978238,1810.452527,1472,0.0,0.0,134911.29658874907,0.0
104.24486517906189,1735.978238,1799.281383,1472,0.0,0.0,134078.84530988734,0.0
104.24486684799194,1735.978238,1789.785912,1472,0.0,0.0,133371.26182718005,0.0
104.24486947059631,1639.238479,1767.203797,1473,0.0,0.0,131688.48784170882,0.0
104.25713109970093,1749.979525,1764.620156,1473,0.0,0.0,131495.9600885468,0.0
104.26214241981506,1812.34142,1771.778346,1473,0.0,0.0,132029.3740719164,0.0
104.28879475593567,1812.34142,1777.862807,1474,0.0,0.0,132482.77592052153,0.0
104.28880476951599,1734.476814,1771.354908,1474,0.0,0.0,131997.82032015928,0.0
104.32856154441833,1802.580241,1776.038708,1475,0.0,0.0,132346.8477160941,0.0
104.32857394218445,1802.580241,1780.019938,1475,0.0,0.0,132643.52100263865,0.0
104.32857823371887,1802.580241,1783.403983,1475,0.0,0.0,132895.69325894257,0.0
104.3285813331604,1802.580241,1786.280422,1475,0.0,0.0,133110.03973268936,0.0
104.3321475982666,1802.580241,1788.725395,1475,0.0,0.0,133292.23422419644,0.0
104.35724925994873,1867.865384,1800.596393,1476,0.0,0.0,134176.83722156766,0.0
104.35733556747437,1867.865384,1810.686742,1476,0.0,0.0,134928.74982149576,0.0
104.36622405052185,1734.38532,1799.241529,1476,0.0,0.0,134075.8754696214,0.0
104.3721137046814,1734.38532,1789.513097,1477,0.0,0.0,133350.93219973613,0.0
104.40069270133972,1828.164671,1795.310833,1477,0.0,0.0,133782.96787555434,0.0
104.42831587791443,1769.389916,1791.422696,1478,0.0,0.0,133493.23169293604,0.0
104.4283299446106,1769.389916,1788.117779,1478,0.0,0.0,133246.95589672553,0.0
104.42835259437561,1769.389916,1785.308599,1478,0.0,0.0,133037.62142896172,0.0
104.42854142189026,1769.389916,1782.920797,1478,0.0,0.0,132859.6872058805,0.0
104.43247199058533,1769.389916,1780.891165,1478,0.0,0.0,132708.44309390604,0.0
104.4421694278717,1775.548644,1780.089786,1479,0.0,0.0,132648.7259357168,0.0
104.47615242004395,1775.548644,1779.408615,1479,0.0,0.0,132597.9664369516,0.0
104.47616410255432,1796.864129,1782.026942,1479,0.0,0.0,132793.07892136934,0.0
104.47623467445374,1796.864129,1784.25252,1480,0.0,0.0,132958.92453685033,0.0
104.50350689888,1812.564437,1788.499308,1480,0.0,0.0,133275.38667373214,0.0
104.52867817878723,1788.233948,1788.459504,1481,0.0,0.0,133272.42055936606,0.0
104.52869033813477,1788.233948,1788.42567,1481,0.0,0.0,133269.89931744413,0.0
104.52870869636536,1788.233948,1788.396912,1481,0.0,0.0,133267.75632887665,0.0
104.528879404068,1788.233948,1788.372467,1481,0.0,0.0,133265.9347364317,0.0
104.53207731246948,1788.233948,1788.351689,1481,0.0,0.0,133264.386401483,0.0
104.54255604743958,1872.794403,1801.018096,1482,0.0,0.0,134208.26168459933,0.0
104.55218625068665,1872.794403,1811.784542,1482,0.0,0.0,135010.55567897414,0.0
104.57421731948853,1812.448708,1811.884167,1482,0.0,0.0,135017.979534459,0.0
104.57422828674316,1812.448708,1811.968848,1483,0.0,0.0,135024.28979299165,0.0
104.58555245399475,1781.329893,1807.373005,1483,0.0,0.0,134681.81677654875,0.0
104.62844800949097,1761.600434,1800.507119,1484,0.0,0.0,134170.18470187322,0.0
104.62847900390625,1761.600434,1794.671117,1484,0.0,0.0,133735.29752036885,0.0
104.62854075431824,1761.600434,1789.710514,1484,0.0,0.0,133365.6433192167,0.0
104.62864089012146,1761.600434,1785.494002,1484,0.0,0.0,133051.43728922232,0.0
104.63203406333923,1761.600434,1781.909967,1484,0.0,0.0,132784.36217863063,0.0
104.6421332359314,1870.449425,1795.190886,1485,0.0,0.0,133774.02966532757,0.0
104.65209317207336,1687.464732,1779.031963,1485,0.0,0.0,132569.899084218,0.0
104.6621687412262,1874.860135,1793.406189,1485,0.0,0.0,133641.03761903124,0.0
104.67332339286804,1874.860135,1805.624281,1486,0.0,0.0,134551.50536617072,0.0
104.69444918632507,1890.699304,1818.385534,1486,0.0,0.0,135502.44838326264,0.0
104.7295126914978,1763.20197,1810.108,1487,0.0,0.0,134885.62312668,0.0
104.72952580451965,1763.20197,1803.072095,1487,0.0,0.0,134361.32157661495,0.0
104.72952914237976,1763.20197,1797.091576,1487,0.0,0.0,133915.66527768917,0.0
104.72953176498413,1763.20197,1792.008135,1487,0.0,0.0,133536.85743477996,0.0
104.73205375671387,1763.20197,1787.687211,1487,0.0,0.0,133214.8708316474,0.0
104.74214267730713,1705.585055,1775.371887,1488,0.0,0.0,132297.15755059072,0.0
104.75220441818237,1810.745388,1780.677912,1488,0.0,0.0,132692.55190741958,0.0
104.76368451118469,1810.745388,1785.188034,1488,0.0,0.0,133028.63716661258,0.0
104.77237010002136,1844.591041,1794.098485,1489,0.0,0.0,133692.62613051682,0.0
104.78788208961487,1844.591041,1801.672368,1489,0.0,0.0,134257.01672375412,0.0
104.82870817184448,1805.597312,1802.26111,1490,0.0,0.0,134300.88859854327,0.0
104.82873749732971,1805.597312,1802.76154,1490,0.0,0.0,134338.17963995144,0.0
104.82882857322693,1805.597312,1803.186906,1490,0.0,0.0,134369.8770624074,0.0
104.82890677452087,1805.597312,1803.548467,1490,0.0,0.0,134396.81986404318,0.0
104.83207726478577,1805.597312,1803.855794,1490,0.0,0.0,134419.7212566113,0.0
104.84214806556702,1795.071571,1802.53816,1491,0.0,0.0,134321.53380970593,0.0
104.85210990905762,1795.071571,1801.418172,1491,0.0,0.0,134238.07454690262,0.0
104.86220073699951,1859.214085,1810.087559,1491,0.0,0.0,134884.0999042964,0.0
104.87368273735046,1859.214085,1817.456538,1492,0.0,0.0,135433.221461807,0.0
104.88243699073792,1765.70428,1809.693699,1492,0.0,0.0,134854.75024586456,0.0
104.93443560600281,1794.537125,1807.420213,1493,0.0,0.0,134685.3346221671,0.0
104.93444466590881,1794.537125,1805.48775,1493,0.0,0.0,134541.33134947607,0.0
104.93444776535034,1794.537125,1803.845156,1493,0.0,0.0,134418.9285341556,0.0
104.93444967269897,1794.537125,1802.448951,1493,0.0,0.0,134314.88613368137,0.0
104.93445181846619,1794.537125,1801.262177,1493,0.0,0.0,134226.4501119078,0.0
104.94215655326843,1942.002466,1822.373221,1494,0.0,0.0,135799.60283251602,0.0
104.95217680931091,1942.002466,1840.317607,1494,0.0,0.0,137136.78254070782,0.0
104.96216702461243,1750.02835,1826.774219,1494,0.0,0.0,136127.55638976744,0.0
104.97253704071045,1750.02835,1815.262339,1495,0.0,0.0,135269.7141465645,0.0
104.98452687263489,1827.983697,1817.170542,1495,0.0,0.0,135411.90961264016,0.0
105.05650591850281,1735.435728,1804.91032,1497,0.0,0.0,134498.3024222728,0.0
105.05652117729187,1735.435728,1794.489131,1497,0.0,0.0,133721.73628810517,0.0
105.05666065216064,1735.435728,1785.631121,1497,0.0,0.0,133061.6551224994,0.0
105.05666613578796,1735.435728,1778.101812,1497,0.0,0.0,132500.58609447547,0.0
105.0567147731781,1735.435728,1771.701899,1497,0.0,0.0,132023.67739457384,0.0
105.05680751800537,1735.435728,1766.261974,1497,0.0,0.0,131618.30507790134,0.0
105.05694818496704,1735.435728,1761.638037,1497,0.0,0.0,131273.73855284124,0.0
105.06213188171387,1735.435728,1757.70769,1497,0.0,0.0,130980.85696555524,0.0
105.0722005367279,1798.936497,1763.892012,1498,0.0,0.0,131441.70025589262,0.0
105.08231902122498,1812.413548,1771.170242,1498,0.0,0.0,131984.05937966277,0.0
105.15857934951782,1879.359515,1787.398633,1500,0.0,0.0,133193.36657701145,0.0
105.15859174728394,1879.359515,1801.192765,1500,0.0,0.0,134221.27766867648,0.0
105.15859484672546,1879.359515,1812.917778,1500,0.0,0.0,135095.0021562062,0.0
105.15859723091125,1879.359515,1822.884038,1500,0.0,0.0,135837.66789236254,0.0
105.15859889984131,1879.359515,1831.35536,1500,0.0,0.0,136468.93384261345,0.0
105.15860104560852,1879.359515,1838.555983,1500,0.0,0.0,137005.5098481641,0.0
105.15860319137573,1854.922865,1841.011015,1500,0.0,0.0,137188.45391620643,0.0
105.162358045578,1746.934479,1826.899535,1500,0.0,0.0,136136.89468712194,0.0
105.17232203483582,1746.934479,1814.904777,1501,0.0,0.0,135243.06934240012,0.0
105.18232607841492,1798.427493,1812.433184,1501,0.0,0.0,135058.89118180386,0.0
105.25044250488281,1793.339853,1809.569184,1503,0.0,0.0,134845.47163742597,0.0
105.25045418739319,1793.339853,1807.134785,1503,0.0,0.0,134664.06509922273,0.0
105.25045704841614,1793.339853,1805.065545,1503,0.0,0.0,134509.86947840967,0.0
105.25045943260193,1793.339853,1803.306691,1503,0.0,0.0,134378.8032007186,0.0
105.25046110153198,1793.339853,1801.811665,1503,0.0,0.0,134267.3968572294,0.0
105.25046277046204,1793.339853,1800.540893,1503,0.0,0.0,134172.7014727154,0.0
105.25225925445557,1927.68941,1819.613171,1503,0.0,0.0,135593.92943396146,0.0
105.27506446838379,1927.68941,1835.824607,1503,0.0,0.0,136801.97317866524,0.0
105.27507448196411,1718.782571,1818.268301,1504,0.0,0.0,135493.71241488063,0.0
105.28228855133057,1718.658567,1803.326841,1504,0.0,0.0,134380.304738365,0.0
105.34663891792297,1818.19683,1805.55734,1506,0.0,0.0,134546.51705691087,0.0
105.34665060043335,1818.19683,1807.453263,1506,0.0,0.0,134687.79744197917,0.0
105.34665369987488,1818.19683,1809.064798,1506,0.0,0.0,134807.8858028203,0.0
105.34665608406067,1818.19683,1810.434603,1506,0.0,0.0,134909.9609281648,0.0
105.34665846824646,1818.19683,1811.598937,1506,0.0,0.0,134996.7247660781,0.0
105.34666061401367,1818.19683,1812.588621,1506,0.0,0.0,135070.4740357562,0.0
105.3788480758667,1955.943893,1834.091912,1506,0.0,0.0,136672.85621726656,0.0
105.37886357307434,1842.604453,1835.368793,1506,0.0,0.0,136768.00683222635,0.0
105.37897562980652,1842.604453,1836.454142,1507,0.0,0.0,136848.88486611986,0.0
105.38234496116638,2017.289869,1863.579501,1507,0.0,0.0,138870.21229589192,0.0
105.44161701202393,2129.746053,1903.504484,1509,0.0,0.0,141845.34207283182,0.0
105.44166731834412,2129.746053,1937.440719,1509,0.0,0.0,144374.20234224582,0.0
105.44183087348938,2129.746053,1966.286519,1509,0.0,0.0,146523.73358987723,0.0
105.44244647026062,2129.746053,1990.805449,1509,0.0,0.0,148350.8351503639,0.0
105.44245314598083,2129.746053,2011.64654,1509,0.0,0.0,149903.8715140366,0.0
105.4426326751709,2129.746053,2029.361467,1509,0.0,0.0,151223.9523970771,0.0
105.47079014778137,2187.204961,2053.037991,1510,0.0,0.0,152988.27954949776,0.0
105.47087001800537,1936.941386,2035.6235,1510,0.0,0.0,151690.58655550567,0.0
105.4729552268982,1936.941386,2020.821183,1510,0.0,0.0,150587.54753669372,0.0
105.4970052242279,2125.12687,2036.467036,1511,0.0,0.0,151753.44516890874,0.0
105.54915690422058,1929.372175,2020.402807,1512,0.0,0.0,150556.37099503915,0.0
105.54917311668396,1929.372175,2006.748212,1512,0.0,0.0,149538.85792116873,0.0
105.54917597770691,1929.372175,1995.141806,1512,0.0,0.0,148673.97178974943,0.0
105.54917788505554,1929.372175,1985.276362,1512,0.0,0.0,147938.81866001274,0.0
105.54918003082275,1929.372175,1976.890734,1512,0.0,0.0,147313.93845502578,0.0
105.54918169975281,1929.372175,1969.76295,1512,0.0,0.0,146782.79026588326,0.0
105.5531222820282,1952.810037,1967.220013,1513,0.0,0.0,146593.2956932849,0.0
105.56329822540283,1906.102658,1958.05241,1513,0.0,0.0,145910.144277329,0.0
105.58762788772583,1906.102658,1950.259947,1513,0.0,0.0,145329.46554023348,0.0
105.5876407623291,2078.291367,1969.46466,1514,0.0,0.0,146760.56229245712,0.0
105.6427891254425,2008.101934,1975.260251,1516,0.0,0.0,147192.43812717104,0.0
105.64283466339111,2008.101934,1980.186503,1516,0.0,0.0,147559.53256059662,0.0
105.64303708076477,2008.101934,1984.373818,1516,0.0,0.0,147871.56288862272,0.0
105.64322447776794,2008.101934,1987.933035,1516,0.0,0.0,148136.7886115564,0.0
105.64332842826843,2008.101934,1990.95837,1516,0.0,0.0,148362.23051703494,0.0
105.64349055290222,2008.101934,1993.529905,1516,0.0,0.0,148553.8561553212,0.0
105.66790246963501,2008.101934,1995.715709,1516,0.0,0.0,148716.73789197602,0.0
105.6679139137268,1990.873454,1994.989371,1516,0.0,0.0,148662.61263882506,0.0
105.67374467849731,1990.873454,1994.371983,1517,0.0,0.0,148616.60612148413,0.0
105.69743180274963,1984.49536,1992.89049,1517,0.0,0.0,148506.20823005293,0.0
105.74295783042908,2027.121965,1998.025211,1519,0.0,0.0,148888.83735586563,0.0
105.74297189712524,2027.121965,2002.389724,1519,0.0,0.0,149214.07212398417,0.0
105.74330377578735,2027.121965,2006.09956,1519,0.0,0.0,149490.52167315903,0.0
105.74331212043762,2027.121965,2009.252921,1519,0.0,0.0,149725.50381976485,0.0
105.743488073349,2027.121965,2011.933278,1519,0.0,0.0,149925.2386555575,0.0
105.74365973472595,2027.121965,2014.211581,1519,0.0,0.0,150095.01323244814,0.0
105.75251007080078,2027.121965,2016.148138,1520,0.0,0.0,150239.32158182032,0.0
105.7623701095581,2059.697059,2022.680477,1520,0.0,0.0,150726.0984020375,0.0
105.78222489356995,2059.697059,2028.232964,1520,0.0,0.0,151139.85861352642,0.0
105.785400390625,1968.991497,2019.346744,1521,0.0,0.0,150477.67529521574,0.0
105.84387016296387,1987.327414,2014.543844,1523,0.0,0.0,150119.77280579793,0.0
105.84388494491577,1987.327414,2010.46138,1523,0.0,0.0,149815.5557643107,0.0
105.84448456764221,1987.327414,2006.991285,1523,0.0,0.0,149556.97123433586,0.0
105.8444926738739,1987.327414,2004.041704,1523,0.0,0.0,149337.17436522766,0.0
105.84449672698975,1987.327414,2001.534561,1523,0.0,0.0,149150.34708982604,0.0
105.84450030326843,1987.327414,1999.403489,1523,0.0,0.0,148991.54387220158,0.0
105.85292553901672,1987.327414,1997.592078,1523,0.0,0.0,148856.5611521244,0.0
105.86243033409119,1991.074738,1996.614477,1523,0.0,0.0,148783.71228340812,0.0
105.87979125976562,1991.074738,1995.783516,1523,0.0,0.0,148721.79073382157,0.0
105.88971495628357,1953.374251,1989.422126,1524,0.0,0.0,148247.75269073143,0.0
105.942955493927,2014.861386,1993.238015,1526,0.0,0.0,148532.105097078,0.0
105.94302415847778,2014.861386,1996.481521,1526,0.0,0.0,148773.80466855393,0.0
105.94319272041321,2014.861386,1999.238501,1526,0.0,0.0,148979.24929685667,0.0
105.94335460662842,2014.861386,2001.581933,1526,0.0,0.0,149153.877156396,0.0
105.94351053237915,2014.861386,2003.573851,1526,0.0,0.0,149302.31089661884,0.0
105.94367051124573,2014.861386,2005.266982,1526,0.0,0.0,149428.47962797078,0.0
105.95245051383972,2014.861386,2006.706142,1526,0.0,0.0,149535.7229490207,0.0
105.9624376296997,1969.659228,2001.149105,1527,0.0,0.0,149121.6236806439,0.0
105.97242426872253,1969.659228,1996.425624,1527,0.0,0.0,148769.6393360567,0.0
105.98946285247803,2094.030705,2011.066386,1527,0.0,0.0,149860.63959980858,0.0
106.09871077537537,1921.934786,1997.696646,1531,0.0,0.0,148864.35335007007,0.0
106.09872245788574,1921.934786,1986.332367,1531,0.0,0.0,148017.51003779235,0.0
106.09872555732727,1921.934786,1976.67273,1531,0.0,0.0,147297.6932335339,0.0
106.09872770309448,1921.934786,1968.462038,1531,0.0,0.0,146685.84890892945,0.0
106.09872961044312,1921.934786,1961.48295,1531,0.0,0.0,146165.78124791922,0.0
106.09873127937317,1921.934786,1955.550726,1531,0.0,0.0,145723.72379567486,0.0
106.09873342514038,1921.934786,1950.508335,1531,0.0,0.0,145347.97491655638,0.0
106.09873509407043,1921.934786,1946.222303,1531,0.0,0.0,145028.588395387,0.0
106.09873700141907,1921.934786,1942.579175,1531,0.0,0.0,144757.10979277862,0.0
106.09873867034912,1921.934786,1939.482517,1531,0.0,0.0,144526.35304017586,0.0
106.14446592330933,2025.067699,1952.320294,1532,0.0,0.0,145482.99847249617,0.0
106.1444821357727,2025.067699,1963.232405,1532,0.0,0.0,146296.14713095326,0.0
106.14453530311584,2025.067699,1972.507699,1532,0.0,0.0,146987.32346456053,0.0
106.14461398124695,2025.067699,1980.391699,1532,0.0,0.0,147574.82335557847,0.0
106.14469408988953,2025.067699,1987.093099,1532,0.0,0.0,148074.19826294374,0.0
106.14478039741516,2025.067699,1992.789289,1532,0.0,0.0,148498.66693420423,0.0
106.15234971046448,2025.067699,1997.63105,1533,0.0,0.0,148859.46526751664,0.0
106.16239333152771,2247.134579,2035.05658,1533,0.0,0.0,151648.3408124544,0.0
106.1723473072052,2247.134579,2066.86828,1533,0.0,0.0,154018.8849883926,0.0
106.18242692947388,2094.063691,2070.947591,1534,0.0,0.0,154322.86707463412,0.0
106.22921419143677,2108.113806,2076.522523,1535,0.0,0.0,154738.2998425733,0.0
106.22922420501709,2108.113806,2081.261216,1535,0.0,0.0,155091.417754936,0.0
106.22922682762146,2108.113806,2085.289104,1535,0.0,0.0,155391.5679022004,0.0
106.22922897338867,2108.113806,2088.712809,1535,0.0,0.0,155646.69554227876,0.0
106.23229622840881,2108.113806,2091.622959,1536,0.0,0.0,155863.55409223383,0.0
106.25231289863586,1909.144087,2064.251128,1536,0.0,0.0,153823.8600626217,0.0
106.25238466262817,1909.144087,2040.985072,1536,0.0,0.0,152090.12016353267,0.0
106.26239562034607,1921.791018,2023.105964,1537,0.0,0.0,150757.8048411712,0.0
106.27286553382874,1921.791018,2007.908722,1537,0.0,0.0,149625.33680226025,0.0
106.28236269950867,2031.319268,2011.420304,1537,0.0,0.0,149887.0128603907,0.0
106.33073353767395,1966.855349,2004.735561,1539,0.0,0.0,149388.87919930712,0.0
106.33074307441711,1966.855349,1999.053529,1539,0.0,0.0,148965.46555385296,0.0
106.33074569702148,1966.855349,1994.223802,1539,0.0,0.0,148605.56397012048,0.0
106.33074808120728,1966.855349,1990.118534,1539,0.0,0.0,148299.64762022204,0.0
106.33604574203491,1966.855349,1986.629056,1539,0.0,0.0,148039.61870790477,0.0
106.35882711410522,1861.224623,1967.818391,1539,0.0,0.0,146637.8856234964,0.0
106.35890316963196,1933.331158,1962.645306,1540,0.0,0.0,146252.39768923377,0.0
106.36244750022888,1933.331158,1958.248184,1540,0.0,0.0,145924.73296373998,0.0
106.37260055541992,2026.551946,1968.493748,1540,0.0,0.0,146688.21187462503,0.0
106.38248705863953,2026.551946,1977.202478,1541,0.0,0.0,147337.1689935881,0.0
106.4425756931305,2081.795263,1992.891396,1542,0.0,0.0,148506.2757433585,0.0
106.44258642196655,2081.795263,2006.226976,1542,0.0,0.0,149500.01645830792,0.0
106.4425892829895,2081.795263,2017.562219,1542,0.0,0.0,150344.69606601493,0.0
106.4425916671753,2081.795263,2027.197175,1542,0.0,0.0,151062.673691581,0.0
106.44259357452393,2081.795263,2035.386888,1542,0.0,0.0,151672.9547031194,0.0
106.447993516922,2006.981654,2031.126103,1543,0.0,0.0,151355.4495378288,0.0
106.47100377082825,2006.981654,2027.504436,1543,0.0,0.0,151085.57016596128,0.0
106.47103786468506,1984.925916,2021.117658,1543,0.0,0.0,150609.6402599547,0.0
106.47237253189087,1984.925916,2015.688897,1544,0.0,0.0,150205.09986220452,0.0
106.48240566253662,1953.78665,2006.40356,1544,0.0,0.0,149513.17514434998,0.0
106.5288257598877,1977.161088,2002.017189,1545,0.0,0.0,149186.31156184562,0.0
106.52883958816528,1977.161088,1998.288774,1545,0.0,0.0,148908.4775427982,0.0
106.52886247634888,1977.161088,1995.119621,1545,0.0,0.0,148672.31860797844,0.0
106.52896976470947,1977.161088,1992.425841,1545,0.0,0.0,148471.5835171075,0.0
106.53243660926819,1977.161088,1990.136128,1546,0.0,0.0,148300.95868986723,0.0
106.54778814315796,1939.815441,1982.588025,1546,0.0,0.0,147738.48917060133,0.0
106.55743765830994,1939.815441,1976.172137,1546,0.0,0.0,147260.39004569224,0.0
106.57834005355835,2062.952302,1989.189162,1547,0.0,0.0,148230.3926799994,0.0
106.57837414741516,2062.952302,2000.253633,1547,0.0,0.0,149054.89490053107,0.0
106.58237934112549,1953.162598,1993.189978,1547,0.0,0.0,148528.52547603985,0.0
106.62931108474731,2006.02473,1995.115191,1549,0.0,0.0,148671.98849325022,0.0
106.62932443618774,2006.02473,1996.751622,1549,0.0,0.0,148793.93205415312,0.0
106.62932825088501,2006.02473,1998.142588,1549,0.0,0.0,148897.58405483927,0.0
106.62933397293091,2006.02473,1999.324909,1549,0.0,0.0,148985.6882479707,0.0
106.63252329826355,2006.02473,2000.329883,1549,0.0,0.0,149060.57689782814,0.0
106.64247632026672,2140.530613,2021.359992,1549,0.0,0.0,150627.69850432177,0.0
106.66220617294312,2140.530613,2039.235585,1550,0.0,0.0,151959.75189592267,0.0
106.66757917404175,1937.164289,2023.924891,1550,0.0,0.0,150818.8296411777,0.0
106.68948817253113,1937.164289,2010.910801,1550,0.0,0.0,149849.04571719267,0.0
106.68952107429504,1968.986574,2004.622167,1551,0.0,0.0,149380.42930551685,0.0
106.72878360748291,1978.706877,2000.734873,1552,0.0,0.0,149090.75594157033,0.0
106.72879576683044,1978.706877,1997.430674,1552,0.0,0.0,148844.53364928192,0.0
106.72887945175171,1978.706877,1994.622104,1552,0.0,0.0,148635.24463749648,0.0
106.72899055480957,1978.706877,1992.23482,1552,0.0,0.0,148457.34901473785,0.0
106.73240566253662,1978.706877,1990.205629,1552,0.0,0.0,148306.13776520026,0.0
106.7427225112915,2072.000628,2002.474879,1553,0.0,0.0,149220.41770404755,0.0
106.75255012512207,1841.960903,1978.397782,1553,0.0,0.0,147426.24065387898,0.0
106.77470254898071,1841.960903,1957.932251,1553,0.0,0.0,145901.1902692868,0.0
106.7799322605133,2063.429885,1973.756896,1554,0.0,0.0,147080.41112328199,0.0
106.78244948387146,2063.429885,1987.207844,1554,0.0,0.0,148082.7488305484,0.0
106.83145761489868,2013.917074,1991.214229,1555,0.0,0.0,148381.29661731602,0.0
106.83154606819153,2013.917074,1994.619655,1555,0.0,0.0,148635.062142921,0.0
106.8315658569336,2013.917074,1997.514268,1555,0.0,0.0,148850.76290675145,0.0
106.83171963691711,2013.917074,1999.974689,1555,0.0,0.0,149034.10855228142,0.0
106.83244681358337,2013.917074,2002.066047,1556,0.0,0.0,149189.9523621596,0.0
106.84251570701599,2037.728036,2007.415345,1556,0.0,0.0,149588.57133628728,0.0
106.85294723510742,2037.728036,2011.962249,1556,0.0,0.0,149927.3975164584,0.0
106.87149500846863,1922.434332,1998.533062,1557,0.0,0.0,148926.6813953321,0.0
106.87251663208008,1922.434332,1987.118252,1557,0.0,0.0,148076.07261413083,0.0
106.89304947853088,2046.974074,1996.096625,1557,0.0,0.0,148745.1229894503,0.0
106.9288866519928,1981.030237,1993.836667,1559,0.0,0.0,148576.7154452208,0.0
106.92890787124634,1981.030237,1991.915702,1559,0.0,0.0,148433.56898046314,0.0
106.92907977104187,1981.030237,1990.282883,1559,0.0,0.0,148311.89457856663,0.0
106.9290840625763,1981.030237,1988.894986,1559,0.0,0.0,148208.4712736143,0.0
106.93241119384766,1981.030237,1987.715273,1559,0.0,0.0,148120.56142341995,0.0
106.94247555732727,1949.866429,1982.037947,1559,0.0,0.0,147697.4984596613,0.0
106.95244884490967,1949.866429,1977.212219,1560,0.0,0.0,147337.8948734002,0.0
106.9625973701477,1953.089356,1973.59379,1560,0.0,0.0,147068.25679080802,0.0
106.97254490852356,2124.451891,1996.222505,1560,0.0,0.0,148754.50331495528,0.0
106.99308681488037,2124.451891,2015.456913,1561,0.0,0.0,150187.81287910987,0.0
107.05725574493408,1990.236354,2011.673829,1563,0.0,0.0,149905.905035666,0.0
107.0572669506073,1990.236354,2008.458208,1563,0.0,0.0,149666.28339854587,0.0
107.05736374855042,1990.236354,2005.72493,1563,0.0,0.0,149462.60499581607,0.0
107.0574586391449,1990.236354,2003.401643,1563,0.0,0.0,149289.47830133312,0.0
107.05746603012085,1990.236354,2001.42685,1563,0.0,0.0,149142.32068181474,0.0
107.05763721466064,1990.236354,1999.748275,1563,0.0,0.0,149017.23663443202,0.0
107.05764436721802,1990.236354,1998.321487,1563,0.0,0.0,148910.91525004516,0.0
107.06249570846558,1990.236354,1997.108717,1563,0.0,0.0,148820.54205841277,0.0
107.07280468940735,1932.11025,1987.358947,1563,0.0,0.0,148094.00872350024,0.0
107.08268404006958,1812.331091,1961.104769,1564,0.0,0.0,146137.59995716764,0.0
107.13147306442261,2151.665369,1989.688859,1565,0.0,0.0,148267.62909971556,0.0
107.13148474693298,2151.665369,2013.985335,1565,0.0,0.0,150078.15383362226,0.0
107.13148760795593,2151.665369,2034.63734,1565,0.0,0.0,151617.09988725017,0.0
107.13148975372314,2151.665369,2052.191545,1565,0.0,0.0,152925.2040887224,0.0
107.13242483139038,2151.665369,2067.112618,1566,0.0,0.0,154037.0925668263,0.0
107.14249014854431,2080.53353,2069.125755,1566,0.0,0.0,154187.10750443468,0.0
107.15247440338135,2156.180787,2082.18401,1566,0.0,0.0,155160.18251577215,0.0
107.16250610351562,2156.180787,2093.283526,1567,0.0,0.0,155987.2962195205,0.0
107.17285013198853,2124.562022,2097.975301,1567,0.0,0.0,156336.91789648408,0.0
107.18418025970459,2124.562022,2101.963309,1567,0.0,0.0,156634.09626601465,0.0
107.23885464668274,2030.447248,2091.2359,1569,0.0,0.0,155834.71123070194,0.0
107.23886322975159,2030.447248,2082.117602,1569,0.0,0.0,155155.23392460484,0.0
107.23886609077454,2030.447248,2074.367049,1569,0.0,0.0,154577.67823677775,0.0
107.23886823654175,2030.447248,2067.779079,1569,0.0,0.0,154086.7559058506,0.0
107.23887014389038,2030.447248,2062.179304,1569,0.0,0.0,153669.47188730355,0.0
107.24248242378235,1833.826087,2027.926322,1569,0.0,0.0,151117.0082657865,0.0
107.25250148773193,1833.826087,1998.811286,1570,0.0,0.0,148947.4140906236,0.0
107.26250863075256,1937.441296,1989.605788,1570,0.0,0.0,148261.43881515862,0.0
107.27251672744751,1937.441296,1981.781114,1570,0.0,0.0,147678.35977885075,0.0
107.28255128860474,1843.842745,1961.090359,1571,0.0,0.0,146136.526152826,0.0
107.3286201953888,1932.628039,1956.821011,1572,0.0,0.0,145818.3828899242,0.0
107.32863855361938,1932.628039,1953.192065,1572,0.0,0.0,145547.96110155407,0.0
107.32873749732971,1932.628039,1950.107461,1572,0.0,0.0,145318.10258889126,0.0
107.32881355285645,1932.628039,1947.485548,1572,0.0,0.0,145122.72288293508,0.0
107.34774231910706,1932.628039,1945.256921,1572,0.0,0.0,144956.6500620802,0.0
107.34778714179993,2043.403581,1959.97892,1573,0.0,0.0,146053.70394438194,0.0
107.35248517990112,2043.403581,1972.492619,1573,0.0,0.0,146986.19973316067,0.0
107.36254000663757,1921.904021,1964.904329,1573,0.0,0.0,146420.73555913573,0.0
107.3725380897522,1921.904021,1958.454283,1573,0.0,0.0,145940.0910484735,0.0
107.38254809379578,1999.843212,1964.662623,1574,0.0,0.0,146402.72411207095,0.0
107.43937826156616,1959.733657,1963.923278,1575,0.0,0.0,146347.62960332862,0.0
107.43938827514648,1959.733657,1963.294835,1575,0.0,0.0,146300.79928952715,0.0
107.43939089775085,1959.733657,1962.760658,1575,0.0,0.0,146260.99348926276,0.0
107.43939280509949,1959.733657,1962.306608,1575,0.0,0.0,146227.15859257116,0.0
107.4393949508667,1959.733657,1961.920665,1575,0.0,0.0,146198.39889312428,0.0
107.46136355400085,1979.9933,1964.631561,1576,0.0,0.0,146400.40943403763,0.0
107.46139430999756,1979.9933,1966.935821,1576,0.0,0.0,146572.11827458523,0.0
107.46250057220459,2031.49124,1976.619134,1576,0.0,0.0,147293.69936694857,0.0
107.47255873680115,2031.49124,1984.84995,1577,0.0,0.0,147907.04329173153,0.0
107.48255777359009,1952.955679,1980.065809,1577,0.0,0.0,147550.53868542582,0.0
107.5481379032135,2014.807259,1985.277027,1579,0.0,0.0,147938.86821448096,0.0
107.54814672470093,2014.807259,1989.706562,1579,0.0,0.0,148268.94829182242,0.0
107.5481493473053,2014.807259,1993.471666,1579,0.0,0.0,148549.51630167422,0.0
107.54815101623535,2014.807259,1996.672005,1579,0.0,0.0,148787.99915475902,0.0
107.54815340042114,2014.807259,1999.392293,1579,0.0,0.0,148990.70956870334,0.0
107.54815530776978,2131.965276,2019.278241,1579,0.0,0.0,150472.57058884404,0.0
107.57022595405579,2131.965276,2036.181296,1579,0.0,0.0,151732.15239634918,0.0
107.57025361061096,1937.477235,2021.375687,1580,0.0,0.0,150628.86806429003,0.0
107.57252430915833,1999.995,2018.168584,1580,0.0,0.0,150389.88117147118,0.0
107.58257818222046,1999.995,2015.442546,1580,0.0,0.0,150186.74227904214,0.0
107.63844132423401,1952.365796,2005.981034,1582,0.0,0.0,149481.68935300646,0.0
107.63846111297607,1952.365796,1997.938748,1582,0.0,0.0,148882.39430626176,0.0
107.63849067687988,1952.365796,1991.102805,1582,0.0,0.0,148372.99352398055,0.0
107.63849472999573,1952.365796,1985.292254,1582,0.0,0.0,147940.00290002645,0.0
107.6384973526001,1952.365796,1980.353285,1582,0.0,0.0,147571.96082122868,0.0
107.65599465370178,1952.365796,1976.155162,1582,0.0,0.0,147259.12510268737,0.0
107.65600323677063,1974.464476,1975.901559,1583,0.0,0.0,147240.22711500828,0.0
107.66266989707947,1974.464476,1975.685997,1583,0.0,0.0,147224.163866466,0.0
107.6830096244812,2017.753225,1981.996081,1583,0.0,0.0,147694.3786891847,0.0
107.68301796913147,2017.753225,1987.359653,1584,0.0,0.0,148094.0613332064,0.0
107.72934174537659,2001.854136,1989.533825,1585,0.0,0.0,148256.07627651616,0.0
107.7293586730957,2001.854136,1991.381872,1585,0.0,0.0,148393.78903794385,0.0
107.72936272621155,2001.854136,1992.952711,1585,0.0,0.0,148510.8448143653,0.0
107.72936630249023,2001.854136,1994.287925,1585,0.0,0.0,148610.3422876639,0.0
107.73291563987732,2001.854136,1995.422857,1585,0.0,0.0,148694.91514741938,0.0
107.74375987052917,1924.031891,1984.714212,1586,0.0,0.0,147896.9283678088,0.0
107.75400710105896,1997.790444,1986.675647,1586,0.0,0.0,148043.09057591876,0.0
107.7661201953888,1997.790444,1988.342866,1586,0.0,0.0,148167.32839692372,0.0
107.77757906913757,2048.032138,1997.296257,1587,0.0,0.0,148834.51716363363,0.0
107.79202818870544,2048.032138,2004.906639,1587,0.0,0.0,149401.62758925583,0.0
107.82907032966614,2028.92233,2008.508993,1589,0.0,0.0,149670.06779504067,0.0
107.82908630371094,2028.92233,2011.570993,1589,0.0,0.0,149898.2419028917,0.0
107.82920455932617,2028.92233,2014.173694,1589,0.0,0.0,150092.189969083,0.0
107.82929134368896,2028.92233,2016.385989,1589,0.0,0.0,150257.04576200532,0.0
107.83263540267944,2028.92233,2018.26644,1589,0.0,0.0,150397.17320461877,0.0
107.84266018867493,1902.808887,2000.947807,1589,0.0,0.0,149106.6233568156,0.0
107.85271692276001,1902.808887,1986.226969,1589,0.0,0.0,148009.65598990885,0.0
107.86269497871399,2000.431393,1988.357633,1590,0.0,0.0,148168.42880419042,0.0
107.88617205619812,1999.837213,1990.07957,1590,0.0,0.0,148296.74410097377,0.0
107.89218616485596,2030.546822,1996.149658,1590,0.0,0.0,148749.07490240314,0.0
107.92923045158386,1997.409759,1996.338673,1592,0.0,0.0,148763.1599216701,0.0
107.92924094200134,1997.409759,1996.499336,1592,0.0,0.0,148775.13220667653,0.0
107.92924475669861,1997.409759,1996.635899,1592,0.0,0.0,148785.30860794705,0.0
107.92924809455872,1997.409759,1996.751978,1592,0.0,0.0,148793.95858256015,0.0
107.9325807094574,1997.409759,1996.850645,1592,0.0,0.0,148801.31104980357,0.0
107.94264268875122,2054.649063,2005.520408,1592,0.0,0.0,149447.3644259644,0.0
107.95268440246582,2054.649063,2012.889706,1593,0.0,0.0,149996.50975471613,0.0
107.96285343170166,1984.589832,2008.644725,1593,0.0,0.0,149680.18227185548,0.0
107.99481463432312,1968.742716,2002.659424,1593,0.0,0.0,149234.16962786642,0.0
107.99497938156128,1968.742716,1997.571917,1594,0.0,0.0,148855.05879478002,0.0
108.05789685249329,2012.000825,1999.736254,1596,0.0,0.0,149016.34085358598,0.0
108.05790758132935,2012.000825,2001.575939,1596,0.0,0.0,149153.43049551998,0.0
108.05791139602661,2012.000825,2003.139672,1596,0.0,0.0,149269.95674705232,0.0
108.05791401863098,2012.000825,2004.468845,1596,0.0,0.0,149369.00405712894,0.0
108.05791640281677,2012.000825,2005.598642,1596,0.0,0.0,149453.19426696812,0.0
108.05791878700256,2012.000825,2006.558969,1596,0.0,0.0,149524.7559117984,0.0
108.05796313285828,2012.000825,2007.375248,1596,0.0,0.0,149585.583388148,0.0
108.06412482261658,2012.000825,2008.069084,1596,0.0,0.0,149637.28665734944,0.0
108.0726866722107,2073.397046,2017.868279,1597,0.0,0.0,150367.50304428043,0.0
108.09344363212585,2062.35481,2024.541258,1597,0.0,0.0,150864.76007564334,0.0
108.13696241378784,1946.041544,2012.766301,1599,0.0,0.0,149987.31386125454,0.0
108.13697290420532,1946.041544,2002.757588,1599,0.0,0.0,149241.48461255716,0.0
108.13697695732117,1946.041544,1994.250181,1599,0.0,0.0,148607.52968037233,0.0
108.13697981834412,1946.041544,1987.018885,1599,0.0,0.0,148068.66798428926,0.0
108.13698244094849,1946.041544,1980.872284,1599,0.0,0.0,147610.6355873295,0.0
108.1427731513977,1886.044175,1966.648068,1599,0.0,0.0,146550.675497297,0.0
108.15267896652222,1886.044175,1954.557484,1599,0.0,0.0,145649.7093909622,0.0
108.16271090507507,2062.534341,1970.754012,1600,0.0,0.0,146856.6422213617,0.0
108.17270350456238,1906.161745,1961.065172,1600,0.0,0.0,146134.64926802702,0.0
108.18599939346313,1906.161745,1952.829658,1600,0.0,0.0,145520.95525769255,0.0
108.23040223121643,2122.190569,1978.233795,1602,0.0,0.0,147414.02067104945,0.0
108.2304117679596,2122.190569,1999.827311,1602,0.0,0.0,149023.12623886965,0.0
108.23041558265686,2122.190569,2018.181799,1602,0.0,0.0,150390.86592680603,0.0
108.23041844367981,2122.190569,2033.783115,1602,0.0,0.0,151553.44475097358,0.0
108.24279832839966,2122.190569,2047.044233,1602,0.0,0.0,152541.63670680515,0.0
108.24280858039856,2272.902328,2080.922947,1603,0.0,0.0,155066.21062649426,0.0
108.25904870033264,1968.075934,2063.995895,1603,0.0,0.0,153804.84061060697,0.0
108.26264452934265,1968.075934,2049.607901,1603,0.0,0.0,152732.67611200636,0.0
108.27287697792053,2125.293078,2060.960677,1604,0.0,0.0,153578.66224376074,0.0
108.2827353477478,2125.293078,2070.610538,1604,0.0,0.0,154297.75056007714,0.0
108.33993196487427,1998.144372,2059.740613,1606,0.0,0.0,153487.74551785574,0.0
108.33994460105896,1998.144372,2050.501177,1606,0.0,0.0,152799.24125059706,0.0
108.33994841575623,1998.144372,2042.647656,1606,0.0,0.0,152214.01259362,0.0
108.33995127677917,1998.144372,2035.972163,1606,0.0,0.0,151716.56822401177,0.0
108.33995413780212,1998.144372,2030.297995,1606,0.0,0.0,151293.74058808867,0.0
108.34267163276672,1870.831787,2006.378064,1606,0.0,0.0,149511.27523348984,0.0
108.37044215202332,1937.421147,1996.034526,1606,0.0,0.0,148740.49549633352,0.0
108.37045240402222,1937.421147,1987.242519,1607,0.0,0.0,148085.3327421061,0.0
108.37267589569092,1874.998219,1970.405874,1607,0.0,0.0,146830.6996748042,0.0
108.38269758224487,1874.998219,1956.094726,1607,0.0,0.0,145764.2615862271,0.0
108.45051169395447,2011.057912,1964.339204,1609,0.0,0.0,146378.6235758897,0.0
108.45052313804626,2011.057912,1971.34701,1609,0.0,0.0,146900.83124474753,0.0
108.45052766799927,2011.057912,1977.303645,1609,0.0,0.0,147344.70775582487,0.0
108.45053005218506,2011.057912,1982.366785,1609,0.0,0.0,147722.00280887008,0.0
108.45053267478943,2011.057912,1986.670454,1609,0.0,0.0,148042.7036039586,0.0
108.45069026947021,2090.884456,2002.302555,1609,0.0,0.0,149207.57646467417,0.0
108.45268487930298,2030.806269,2006.578112,1610,0.0,0.0,149526.18240982146,0.0
108.46417140960693,2030.806269,2010.212335,1610,0.0,0.0,149796.99742966352,0.0
108.4809820652008,2000.422189,2008.743813,1610,0.0,0.0,149687.56611117575,0.0
108.48267483711243,1968.717122,2002.73981,1611,0.0,0.0,149240.15983160047,0.0
108.52927875518799,1944.196043,1993.958245,1612,0.0,0.0,148585.77519430124,0.0
108.52929854393005,1944.196043,1986.493915,1612,0.0,0.0,148029.5482712264,0.0
108.52932667732239,1944.196043,1980.149234,1612,0.0,0.0,147556.75534935377,0.0
108.52933096885681,1944.196043,1974.756255,1612,0.0,0.0,147154.88135458433,0.0
108.54394817352295,1944.196043,1970.172224,1612,0.0,0.0,146813.28854472603,0.0
108.54396080970764,2004.70033,1975.351439,1613,0.0,0.0,147199.23327431237,0.0
108.5617344379425,2004.70033,1979.753773,1613,0.0,0.0,147527.28638760824,0.0
108.56401443481445,2000.939141,1982.931578,1613,0.0,0.0,147764.09005214096,0.0
108.57580471038818,1812.463026,1957.361295,1614,0.0,0.0,145858.64377159832,0.0
108.59280252456665,1812.463026,1935.626555,1614,0.0,0.0,144239.01447412194,0.0
108.63142728805542,2119.351358,1963.185275,1615,0.0,0.0,146292.6350977387,0.0
108.63143873214722,2119.351358,1986.610188,1616,0.0,0.0,148038.21270233093,0.0
108.63144278526306,2119.351358,2006.521363,1616,0.0,0.0,149521.95358799052,0.0
108.63144612312317,2119.351358,2023.445863,1616,0.0,0.0,150783.13343394856,0.0
108.63279438018799,2119.351358,2037.831687,1616,0.0,0.0,151855.13622849493,0.0
108.64331674575806,2239.741327,2068.118133,1616,0.0,0.0,154112.0215309203,0.0
108.66088843345642,2239.741327,2093.861612,1616,0.0,0.0,156030.37403053005,0.0
108.67372155189514,2156.301859,2103.227649,1617,0.0,0.0,156728.3123507698,0.0
108.67376947402954,2124.917341,2106.481103,1617,0.0,0.0,156970.75322728322,0.0
108.7049400806427,2124.917341,2109.246538,1617,0.0,0.0,157176.82790525342,0.0
108.73225331306458,2018.888665,2095.692857,1619,0.0,0.0,156166.83474056647,0.0
108.7322645187378,2018.888665,2084.172228,1619,0.0,0.0,155308.3405394048,0.0
108.73226881027222,2018.888665,2074.379694,1619,0.0,0.0,154578.62051685413,0.0
108.7322723865509,2018.888665,2066.056039,1619,0.0,0.0,153958.3584157162,0.0
108.73281598091125,2018.888665,2058.980933,1619,0.0,0.0,153431.1356856375,0.0
108.74315285682678,1945.758269,2041.997534,1619,0.0,0.0,152165.5668041542,0.0
108.7757031917572,1935.539685,2026.028856,1620,0.0,0.0,150975.61289944834,0.0
108.77627205848694,1935.539685,2012.455481,1620,0.0,0.0,149964.15217732172,0.0
108.77627873420715,1875.887389,1991.970267,1620,0.0,0.0,148437.63505498794,0.0
108.80362319946289,1875.887389,1974.557835,1621,0.0,0.0,147140.09549355242,0.0
108.82929944992065,1862.995246,1957.823447,1622,0.0,0.0,145893.08241310436,0.0
108.82934617996216,1862.995246,1943.599217,1622,0.0,0.0,144833.12127981993,0.0
108.82942962646484,1862.995246,1931.508621,1622,0.0,0.0,143932.15427926916,0.0
108.82951498031616,1862.995246,1921.231615,1622,0.0,0.0,143166.33237351183,0.0
108.83271503448486,1862.995246,1912.496159,1622,0.0,0.0,142515.38368655188,0.0
108.84376740455627,1902.195456,1910.951054,1623,0.0,0.0,142400.24555627396,0.0
108.85281276702881,1902.195456,1909.637714,1623,0.0,0.0,142302.37808964917,0.0
108.88663578033447,2046.93344,1930.232073,1623,0.0,0.0,143837.0284788025,0.0
108.88680505752563,2062.283873,1950.039843,1624,0.0,0.0,145313.0638309472,0.0
108.8868100643158,2062.283873,1966.876447,1624,0.0,0.0,146567.69384301122,0.0
108.92911171913147,1977.375624,1968.451324,1625,0.0,0.0,146685.05052310598,0.0
108.92912316322327,1977.375624,1969.789969,1625,0.0,0.0,146784.80366765332,0.0
108.92920660972595,1977.375624,1970.927817,1625,0.0,0.0,146869.59382188914,0.0
108.92928981781006,1977.375624,1971.894988,1625,0.0,0.0,146941.66546789315,0.0
108.93274879455566,1977.375624,1972.717083,1626,0.0,0.0,147002.92634091526,0.0
108.94280219078064,1842.183346,1953.137023,1626,0.0,0.0,145543.85948194456,0.0
108.95499992370605,1842.183346,1936.493971,1626,0.0,0.0,144303.65257730146,0.0
108.96281838417053,2000.284841,1946.062602,1627,0.0,0.0,145016.68779669405,0.0
108.99447536468506,2000.284841,1954.195937,1627,0.0,0.0,145622.7676325784,0.0
108.99816918373108,2109.444928,1977.483286,1627,0.0,0.0,147358.09424338475,0.0
109.0573627948761,2017.942957,1983.552237,1630,0.0,0.0,147810.3403178512,0.0
109.05737447738647,2017.942957,1988.710845,1630,0.0,0.0,148194.7494550664,0.0
109.05750489234924,2017.942957,1993.095662,1630,0.0,0.0,148521.49723660288,0.0
109.0575122833252,2017.942957,1996.822756,1630,0.0,0.0,148799.23281737577,0.0
109.0576274394989,2017.942957,1999.990786,1630,0.0,0.0,149035.30806848456,0.0
109.05774569511414,2017.942957,2002.683612,1630,0.0,0.0,149235.97206918604,0.0
109.05775308609009,2017.942957,2004.972513,1630,0.0,0.0,149406.53638781246,0.0
109.06284713745117,2017.942957,2006.91808,1630,0.0,0.0,149551.51614434065,0.0
109.07319474220276,2034.591827,2011.069142,1630,0.0,0.0,149860.84497140924,0.0
109.10561490058899,1967.651264,2004.55646,1631,0.0,0.0,149375.53295146575,0.0
109.14448642730713,2007.110095,2004.939505,1632,0.0,0.0,149404.07669775633,0.0
109.14449787139893,2007.110095,2005.265094,1632,0.0,0.0,149428.33893799185,0.0
109.14450240135193,2007.110095,2005.541844,1632,0.0,0.0,149448.96179375533,0.0
109.14450550079346,2007.110095,2005.777082,1632,0.0,0.0,149466.49125841324,0.0
109.14450788497925,2007.110095,2005.977034,1632,0.0,0.0,149481.39128101713,0.0
109.1445107460022,2067.643479,2015.227,1633,0.0,0.0,150170.68022278778,0.0
109.15279650688171,2067.643479,2023.089472,1633,0.0,0.0,150756.57589035903,0.0
109.16282844543457,2015.697464,2021.980671,1633,0.0,0.0,150673.95026039192,0.0
109.17314624786377,1999.920003,2018.671571,1634,0.0,0.0,150427.36275539856,0.0
109.18519806861877,1999.920003,2015.858836,1634,0.0,0.0,150217.76337615424,0.0
109.22985792160034,1969.123292,2008.848504,1635,0.0,0.0,149695.36747483516,0.0
109.22986769676208,1969.123292,2002.889722,1635,0.0,0.0,149251.3309736175,0.0
109.22987151145935,1969.123292,1997.824758,1635,0.0,0.0,148873.89999974513,0.0
109.22987413406372,1969.123292,1993.519538,1635,0.0,0.0,148553.08362724283,0.0
109.24305605888367,1969.123292,1989.860101,1636,0.0,0.0,148280.38971061585,0.0
109.24306678771973,2012.46662,1993.251079,1636,0.0,0.0,148533.07860019527,0.0
109.2596206665039,1999.516517,1994.190895,1636,0.0,0.0,148603.11180638208,0.0
109.2628059387207,1999.516517,1994.989738,1637,0.0,0.0,148662.6399869301,0.0
109.2729754447937,2000.231127,1995.775946,1637,0.0,0.0,148721.2266325817,0.0
109.28282427787781,2000.231127,1996.444223,1637,0.0,0.0,148771.0252962892,0.0
109.33967304229736,2002.836872,1997.403121,1639,0.0,0.0,148842.48045490126,0.0
109.339684009552,2002.836872,1998.218183,1639,0.0,0.0,148903.2172428481,0.0
109.33968782424927,2002.836872,1998.910987,1639,0.0,0.0,148954.84360947632,0.0
109.33969020843506,2002.836872,1999.499869,1639,0.0,0.0,148998.7259167851,0.0
109.33969330787659,2002.836872,2000.00042,1639,0.0,0.0,149036.02597487095,0.0
109.34280776977539,2033.708143,2005.056578,1639,0.0,0.0,149412.80074325876,0.0
109.37124991416931,2033.708143,2009.354313,1640,0.0,0.0,149733.05934855103,0.0
109.37126040458679,2000.032901,2007.956101,1640,0.0,0.0,149628.86739045614,0.0
109.37280416488647,1999.927603,2006.751826,1640,0.0,0.0,149539.12722921112,0.0
109.38285684585571,1968.693105,2001.043018,1641,0.0,0.0,149113.71828986023,0.0
109.45133376121521,1999.281858,2000.778844,1642,0.0,0.0,149094.0325724313,0.0
109.4513463973999,1999.281858,2000.554296,1642,0.0,0.0,149077.29970516489,0.0
109.45135068893433,1999.281858,2000.36343,1642,0.0,0.0,149063.07675308484,0.0
109.45135402679443,1999.281858,2000.201195,1642,0.0,0.0,149050.9873257866,0.0
109.45154070854187,1999.281858,2000.063294,1642,0.0,0.0,149040.71121943562,0.0
109.45154571533203,1911.053526,1986.711829,1643,0.0,0.0,148045.78678609847,0.0
109.45374751091003,1911.053526,1975.363083,1643,0.0,0.0,147200.10096187337,0.0
109.4803078174591,2015.891501,1981.442346,1643,0.0,0.0,147653.11546592836,0.0
109.48400402069092,2062.421422,1993.589207,1644,0.0,0.0,148558.27522159938,0.0
109.48401165008545,2062.421422,2003.91404,1644,0.0,0.0,149327.66109961545,0.0
109.52950501441956,2007.899962,2004.511928,1645,0.0,0.0,149372.21451600827,0.0
109.52951669692993,2007.899962,2005.020133,1645,0.0,0.0,149410.08493484577,0.0
109.52952027320862,2007.899962,2005.452107,1645,0.0,0.0,149442.27477222812,0.0
109.52952408790588,2007.899962,2005.819285,1645,0.0,0.0,149469.63614145492,0.0
109.56244540214539,2007.899962,2006.131387,1646,0.0,0.0,149492.89335746033,0.0
109.56245756149292,1990.331908,2003.761465,1646,0.0,0.0,149316.29151617154,0.0
109.56262588500977,1990.331908,2001.747032,1646,0.0,0.0,149166.1800032386,0.0
109.56289839744568,2000.121807,2001.503248,1647,0.0,0.0,149148.0137077754,0.0
109.57793736457825,2000.121807,2001.296032,1647,0.0,0.0,149132.57238643887,0.0
109.59447169303894,1984.378373,1998.758383,1647,0.0,0.0,148943.47186501042,0.0
109.6313328742981,2008.169857,2000.170104,1649,0.0,0.0,149048.67048673137,0.0
109.63134241104126,2008.169857,2001.370067,1649,0.0,0.0,149138.08932637185,0.0
109.63134622573853,2008.169857,2002.390036,1649,0.0,0.0,149214.09537359935,0.0
109.63134932518005,2008.169857,2003.257009,1649,0.0,0.0,149278.70046530603,0.0
109.63288736343384,2008.169857,2003.993936,1649,0.0,0.0,149333.61478953084,0.0
109.64318513870239,2040.603697,2009.4854,1649,0.0,0.0,149742.82768926816,0.0
109.67147588729858,2040.603697,2014.153145,1650,0.0,0.0,150090.65869875567,0.0
109.6752552986145,1984.411414,2009.691885,1650,0.0,0.0,149758.2145379486,0.0
109.67526268959045,1984.411414,2005.899814,1650,0.0,0.0,149475.63700126266,0.0
109.7079164981842,1984.313982,2002.66194,1651,0.0,0.0,149234.35711514772,0.0
109.72906708717346,1985.884555,2000.145332,1652,0.0,0.0,149046.82452690127,0.0
109.72907662391663,1985.884555,1998.006215,1652,0.0,0.0,148887.4218119882,0.0
109.7292001247406,1985.884555,1996.187966,1652,0.0,0.0,148751.9295378452,0.0
109.72932386398315,1985.884555,1994.642455,1652,0.0,0.0,148636.76115326033,0.0
109.73290014266968,1985.884555,1993.32877,1652,0.0,0.0,148538.86797792648,0.0
109.74531102180481,2023.988055,1997.927662,1653,0.0,0.0,148881.56819974328,0.0
109.75299906730652,1998.976124,1998.084932,1653,0.0,0.0,148893.2876451847,0.0
109.77671265602112,1998.976124,1998.218611,1653,0.0,0.0,148903.24913655093,0.0
109.79147672653198,2016.401214,2000.946001,1654,0.0,0.0,149106.48877731242,0.0
109.7914891242981,2016.401214,2003.264283,1654,0.0,0.0,149279.2425092187,0.0
109.82943606376648,1974.484658,1998.947339,1655,0.0,0.0,148957.55248771558,0.0
109.82949328422546,1974.484658,1995.277937,1655,0.0,0.0,148684.11599924508,0.0
109.82956767082214,1974.484658,1992.158945,1655,0.0,0.0,148451.69496168982,0.0
109.82965064048767,1974.484658,1989.507802,1655,0.0,0.0,148254.1370946714,0.0
109.83287644386292,1974.484658,1987.254331,1656,0.0,0.0,148086.21294869066,0.0
109.84294271469116,2060.083554,1998.178714,1656,0.0,0.0,148900.27609201113,0.0
109.8529691696167,2060.083554,2007.46444,1656,0.0,0.0,149592.2297973666,0.0
109.86301445960999,2000.264435,2006.384439,1657,0.0,0.0,149511.75028572284,0.0
109.90158724784851,1968.589363,2000.715178,1657,0.0,0.0,149089.28830961272,0.0
109.90159821510315,1968.589363,1995.896306,1657,0.0,0.0,148730.19561874142,0.0
109.93493032455444,2006.409596,1997.473299,1659,0.0,0.0,148847.70997891846,0.0
109.93494200706482,2006.409596,1998.813744,1659,0.0,0.0,148947.5972558611,0.0
109.9349455833435,2006.409596,1999.953122,1659,0.0,0.0,149032.5014226328,0.0
109.93494868278503,2006.409596,2000.921593,1659,0.0,0.0,149104.66994203336,0.0
109.93495154380798,2006.409596,2001.744793,1659,0.0,0.0,149166.0131574426,0.0
109.94295835494995,2018.923976,2004.321671,1659,0.0,0.0,149358.0369453886,0.0
109.95300507545471,2030.65177,2008.271185,1660,0.0,0.0,149652.3468191296,0.0
109.96432423591614,2030.65177,2011.628273,1660,0.0,0.0,149902.51029377923,0.0
109.98356175422668,2000.486718,2009.95704,1660,0.0,0.0,149777.973357533,0.0
109.98367476463318,2000.486718,2008.536492,1661,0.0,0.0,149672.11696544953,0.0
110.05851316452026,1956.36383,2000.710592,1663,0.0,0.0,149088.94657007692,0.0
110.05852341651917,1956.36383,1994.058578,1663,0.0,0.0,148593.25180852824,0.0
110.0585286617279,1956.36383,1988.404366,1663,0.0,0.0,148171.91125376004,0.0
110.05853271484375,1956.36383,1983.598286,1663,0.0,0.0,147813.77179711068,0.0
110.05853605270386,1956.36383,1979.513117,1663,0.0,0.0,147509.3531844407,0.0
110.0585389137268,1956.36383,1976.040724,1663,0.0,0.0,147250.59741210792,0.0
110.05854177474976,1956.36383,1973.08919,1663,0.0,0.0,147030.65500935097,0.0
110.06375336647034,1956.36383,1970.580386,1663,0.0,0.0,146843.70395955577,0.0
110.0730185508728,2130.003386,1994.493836,1664,0.0,0.0,148625.68636301384,0.0
110.10071134567261,2130.003386,2014.820269,1664,0.0,0.0,150140.37144321224,0.0
110.14083623886108,1968.802704,2007.917634,1665,0.0,0.0,149626.00090665248,0.0
110.14084696769714,1968.802704,2002.050394,1665,0.0,0.0,149188.78593194726,0.0
110.14085102081299,1968.802704,1997.063241,1665,0.0,0.0,148817.1532779658,0.0
110.14085412025452,1968.802704,1992.82416,1665,0.0,0.0,148501.2654512894,0.0
110.14085721969604,1968.802704,1989.220942,1666,0.0,0.0,148232.76086195483,0.0
110.14292645454407,1832.745708,1965.749657,1666,0.0,0.0,146483.72770879,0.0
110.1529803276062,1999.455548,1970.80554,1666,0.0,0.0,146860.48198472854,0.0
110.16302537918091,2029.43832,1979.600457,1666,0.0,0.0,147515.86158632822,0.0
110.1729826927185,2029.43832,1987.076137,1667,0.0,0.0,148072.9342886729,0.0
110.18305850028992,2079.308542,2000.910998,1667,0.0,0.0,149103.88042385157,0.0
110.22920417785645,2016.811884,2003.296131,1669,0.0,0.0,149281.61575839794,0.0
110.22926473617554,2016.811884,2005.323494,1669,0.0,0.0,149432.6907890364,0.0
110.22935342788696,2016.811884,2007.046752,1669,0.0,0.0,149561.1045240942,0.0
110.22941851615906,2016.811884,2008.511522,1669,0.0,0.0,149670.25625105595,0.0
110.25818085670471,2016.811884,2009.756576,1669,0.0,0.0,149763.03518171445,0.0
110.25819325447083,2011.654104,2010.041205,1669,0.0,0.0,149784.24516477896,0.0
110.25821614265442,2031.193127,2013.213994,1670,0.0,0.0,150020.67504703708,0.0
110.26294612884521,2031.193127,2015.910864,1670,0.0,0.0,150221.64039851978,0.0
110.27359008789062,2000.0015,2013.524459,1670,0.0,0.0,150043.81027708083,0.0
110.28304648399353,2000.0015,2011.496015,1671,0.0,0.0,149892.65469248718,0.0
110.33059787750244,1997.269182,2009.36199,1672,0.0,0.0,149733.63142321658,0.0
110.33060812950134,1997.269182,2007.548069,1672,0.0,0.0,149598.46166296603,0.0
110.33061170578003,1997.269182,2006.006236,1672,0.0,0.0,149483.56735557542,0.0
110.33061480522156,1997.269182,2004.695678,1672,0.0,0.0,149385.90719801924,0.0
110.33295369148254,1997.269182,2003.581703,1672,0.0,0.0,149302.89601193395,0.0
110.36276769638062,2011.039013,2004.7003,1673,0.0,0.0,149386.25162020294,0.0
110.36287260055542,2011.039013,2005.651107,1673,0.0,0.0,149457.10385369853,0.0
110.36295294761658,2000.0107,2004.805046,1673,0.0,0.0,149394.05708235214,0.0
110.3729612827301,2000.0107,2004.085894,1674,0.0,0.0,149340.46731553008,0.0
110.38296318054199,2015.60041,2005.813071,1674,0.0,0.0,149469.17308661947,0.0
110.44816303253174,1994.004725,2004.041819,1675,0.0,0.0,149337.18293479737,0.0
110.44817328453064,1994.004725,2002.536255,1675,0.0,0.0,149224.9913206522,0.0
110.44817686080933,1994.004725,2001.256526,1675,0.0,0.0,149129.62847843603,0.0
110.4481794834137,1994.004725,2000.168756,1675,0.0,0.0,149048.57003647098,0.0
110.44818186759949,1994.004725,1999.244151,1676,0.0,0.0,148979.67032354162,0.0
110.44822525978088,2019.541261,2002.288717,1676,0.0,0.0,149206.54528462698,0.0
110.464182138443,2019.541261,2004.876599,1676,0.0,0.0,149399.38906861577,0.0
110.46419429779053,1999.871908,2004.125895,1677,0.0,0.0,149343.44810994164,0.0
110.48045682907104,1999.871908,2003.487797,1677,0.0,0.0,149295.89832487583,0.0
110.48300266265869,2000.336657,2003.015126,1677,0.0,0.0,149260.67582855577,0.0
110.55646181106567,1995.837746,2001.938519,1679,0.0,0.0,149180.44923099497,0.0
110.55647397041321,1995.837746,2001.023403,1679,0.0,0.0,149112.25661934246,0.0
110.55647778511047,1995.837746,2000.245555,1679,0.0,0.0,149054.29294414856,0.0
110.55648064613342,1995.837746,1999.584383,1679,0.0,0.0,149005.02373081213,0.0
110.55648303031921,1995.837746,1999.022388,1679,0.0,0.0,148963.14498889784,0.0
110.556485414505,2013.946612,2001.261021,1679,0.0,0.0,149129.96343683405,0.0
110.55653023719788,2013.946612,2003.16386,1680,0.0,0.0,149271.75918837197,0.0
110.58509397506714,2000.0034,2002.689791,1680,0.0,0.0,149236.43251589162,0.0
110.58859324455261,2000.0034,2002.286832,1680,0.0,0.0,149206.404818202,0.0
110.58859920501709,2000.0218,2001.947078,1681,0.0,0.0,149181.08703053423,0.0
110.62933206558228,1988.906373,1999.990972,1682,0.0,0.0,149035.3219288321,0.0
110.62936282157898,1988.906373,1998.328282,1682,0.0,0.0,148911.42159983705,0.0
110.62938070297241,1988.906373,1996.914996,1682,0.0,0.0,148806.1063574503,0.0
110.62954425811768,1988.906373,1995.713702,1682,0.0,0.0,148716.58833435536,0.0
110.63309931755066,1988.906373,1994.692603,1682,0.0,0.0,148640.4980817909,0.0
110.65532302856445,2037.053293,2001.046706,1683,0.0,0.0,149113.9931122344,0.0
110.66476321220398,2037.053293,2006.447694,1683,0.0,0.0,149516.46392164452,0.0
110.66477632522583,2000.057002,2005.48909,1683,0.0,0.0,149445.03067132368,0.0
110.70136165618896,1999.777425,2004.632341,1684,0.0,0.0,149381.1874516218,0.0
110.70137643814087,1999.777425,2003.904103,1684,0.0,0.0,149326.9206142759,0.0
110.72944331169128,1984.162202,2000.942818,1685,0.0,0.0,149106.25158652692,0.0
110.72949576377869,1984.162202,1998.425726,1685,0.0,0.0,148918.68293156975,0.0
110.7295036315918,1984.162202,1996.286197,1685,0.0,0.0,148759.24951524174,0.0
110.72962856292725,1984.162202,1994.467598,1685,0.0,0.0,148623.73115979964,0.0
110.73309755325317,1984.162202,1992.921788,1686,0.0,0.0,148508.54049433363,0.0
110.74314737319946,2041.979616,2000.280462,1686,0.0,0.0,149056.89414388165,0.0
110.76987624168396,1810.866779,1971.86841,1686,0.0,0.0,146939.6849285599,0.0
110.78353881835938,1810.866779,1947.718165,1687,0.0,0.0,145140.05703592201,0.0
110.78359532356262,2047.926815,1962.749463,1687,0.0,0.0,146260.15926028258,0.0
110.78360056877136,2093.520969,1982.365189,1687,0.0,0.0,147721.88387814633,0.0
110.82960319519043,2089.36625,1998.415348,1689,0.0,0.0,148917.90958379334,0.0
110.8296434879303,2089.36625,2012.057983,1689,0.0,0.0,149934.53142241563,0.0
110.82972264289856,2089.36625,2023.654223,1689,0.0,0.0,150798.66000387407,0.0
110.82981419563293,2089.36625,2033.511027,1689,0.0,0.0,151533.16929811367,0.0
110.83301544189453,2089.36625,2041.88931,1689,0.0,0.0,152157.50216841022,0.0
110.84368062019348,1946.467329,2027.576013,1689,0.0,0.0,151090.90394065678,0.0
110.85316753387451,1999.905604,2023.425452,1690,0.0,0.0,150781.61244710488,0.0
110.88409471511841,1999.905604,2019.897475,1690,0.0,0.0,150518.71466640802,0.0
110.89094591140747,1984.650469,2014.610424,1690,0.0,0.0,150124.7342140607,0.0
110.89095425605774,1968.478547,2007.690642,1691,0.0,0.0,149609.0859174006,0.0
110.92920279502869,1987.424306,2004.650692,1692,0.0,0.0,149382.55493139097,0.0
110.92924213409424,1987.424306,2002.066734,1692,0.0,0.0,149190.00355602376,0.0
110.92927360534668,1987.424306,1999.87037,1692,0.0,0.0,149026.33490931705,0.0
110.92942118644714,1987.424306,1998.00346,1692,0.0,0.0,148887.21651490554,0.0
110.93306803703308,1987.424306,1996.416587,1692,0.0,0.0,148768.96591691475,0.0
110.9431505203247,2018.783407,1999.77161,1693,0.0,0.0,149018.97551189986,0.0
110.95334362983704,2018.783407,2002.62338,1693,0.0,0.0,149231.48370117036,0.0
110.96329379081726,2000.229526,2002.264302,1693,0.0,0.0,149204.72592772197,0.0
110.99463486671448,2000.229526,2001.959085,1694,0.0,0.0,149181.98176812826,0.0
110.9946460723877,1984.509054,1999.341581,1694,0.0,0.0,148986.93061202235,0.0
111.06086039543152,1986.092209,1997.354175,1696,0.0,0.0,148838.83309700355,0.0
111.06087255477905,1986.092209,1995.66488,1696,0.0,0.0,148712.9502166893,0.0
111.0608766078949,1986.092209,1994.228979,1696,0.0,0.0,148605.94974979272,0.0
111.06087970733643,1986.092209,1993.008464,1697,0.0,0.0,148514.99941627093,0.0
111.06088280677795,1986.092209,1991.971026,1697,0.0,0.0,148437.69161414792,0.0
111.06090569496155,1986.092209,1991.089203,1697,0.0,0.0,148371.97993018074,0.0
111.06101179122925,1986.092209,1990.339654,1697,0.0,0.0,148316.12503979358,0.0
111.06391978263855,1986.092209,1989.702537,1697,0.0,0.0,148268.64835688315,0.0
111.07320642471313,2059.664842,2000.196883,1697,0.0,0.0,149050.6660041821,0.0
111.09926652908325,2059.664842,2009.117077,1697,0.0,0.0,149715.38099693437,0.0
111.14403772354126,1962.509945,2002.126007,1699,0.0,0.0,149194.42046128004,0.0
111.14404773712158,1962.509945,1996.183598,1699,0.0,0.0,148751.60404323283,0.0
111.14405131340027,1962.509945,1991.13255,1699,0.0,0.0,148375.21006181143,0.0
111.14405488967896,1962.509945,1986.839159,1699,0.0,0.0,148055.27516269957,0.0
111.14405727386475,1962.509945,1983.189777,1699,0.0,0.0,147783.33052453582,0.0
111.14405941963196,1962.509945,1980.087802,1699,0.0,0.0,147552.17755974128,0.0
111.15321135520935,1998.369178,1982.830008,1700,0.0,0.0,147756.5212591513,0.0
111.16322064399719,1998.369178,1985.160884,1700,0.0,0.0,147930.21347071603,0.0
111.17330574989319,2000.0166,1987.389241,1700,0.0,0.0,148096.2661717116,0.0
111.18327808380127,2030.537484,1993.861478,1701,0.0,0.0,148578.5643112528,0.0
111.24740052223206,2008.561712,1996.066513,1703,0.0,0.0,148742.8791035144,0.0
111.24741077423096,2008.561712,1997.940793,1703,0.0,0.0,148882.5466955663,0.0
111.24741435050964,2008.561712,1999.533931,1703,0.0,0.0,149001.2641488104,0.0
111.24741768836975,2008.561712,2000.888098,1703,0.0,0.0,149102.17396171248,0.0
111.24742031097412,2008.561712,2002.03914,1703,0.0,0.0,149187.9473064052,0.0
111.24742269515991,2008.561712,2003.017526,1703,0.0,0.0,149260.8546717494,0.0
111.25321292877197,2008.561712,2003.849154,1703,0.0,0.0,149322.82592484014,0.0
111.26321029663086,1918.723487,1991.080304,1703,0.0,0.0,148371.31679452243,0.0
111.27324175834656,1918.723487,1980.226781,1704,0.0,0.0,147562.53399649338,0.0
111.2835111618042,2124.99405,2001.941872,1704,0.0,0.0,149180.69908984008,0.0
111.35745906829834,1992.336904,2000.501126,1706,0.0,0.0,149073.33758324638,0.0
111.3574697971344,1992.336904,1999.276493,1706,0.0,0.0,148982.0803846116,0.0
111.35747361183167,1992.336904,1998.235555,1706,0.0,0.0,148904.51176949785,0.0
111.35747647285461,1992.336904,1997.350757,1706,0.0,0.0,148838.5783944886,0.0
111.35747933387756,1992.336904,1996.598679,1706,0.0,0.0,148782.53504808617,0.0
111.35748195648193,1992.336904,1995.959413,1706,0.0,0.0,148734.89822599947,0.0
111.35748481750488,1992.336904,1995.416036,1706,0.0,0.0,148694.4068601596,0.0
111.36322736740112,1958.158471,1989.827402,1707,0.0,0.0,148277.95304662088,0.0
111.37322235107422,1958.158471,1985.077062,1707,0.0,0.0,147923.96722314315,0.0
111.38332176208496,2031.300681,1992.010605,1707,0.0,0.0,148440.6409619646,0.0
111.46885824203491,2008.632232,1994.503849,1709,0.0,0.0,148626.4325117212,0.0
111.46887183189392,2008.632232,1996.623106,1709,0.0,0.0,148784.35529920715,0.0
111.46887564659119,2008.632232,1998.424475,1709,0.0,0.0,148918.58970955506,0.0
111.4688789844513,2008.632232,1999.955639,1709,0.0,0.0,149032.6889844321,0.0
111.46888184547424,2008.632232,2001.257128,1709,0.0,0.0,149129.67333827043,0.0
111.46888446807861,2008.632232,2002.363393,1709,0.0,0.0,149212.10999059628,0.0
111.46898198127747,2008.632232,2003.303719,1710,0.0,0.0,149282.18120096176,0.0
111.46898627281189,2035.534987,2008.138409,1710,0.0,0.0,149642.45261751494,0.0
111.47331976890564,2035.534987,2012.247896,1710,0.0,0.0,149948.6833588442,0.0
111.48328614234924,2048.560863,2017.694841,1711,0.0,0.0,150354.57879185802,0.0
111.54847359657288,1983.088846,2012.503942,1713,0.0,0.0,149967.76339399075,0.0
111.54848337173462,1983.088846,2008.091677,1713,0.0,0.0,149638.9702424633,0.0
111.54848670959473,1983.088846,2004.341253,1713,0.0,0.0,149359.4961568125,0.0
111.5484893321991,1983.088846,2001.153392,1713,0.0,0.0,149121.94313929853,0.0
111.54849147796631,1983.088846,1998.44371,1713,0.0,0.0,148920.02306323388,0.0
111.5484938621521,1983.088846,1996.14048,1713,0.0,0.0,148748.39097622357,0.0
111.56359624862671,1983.088846,1994.182735,1713,0.0,0.0,148602.50373952382,0.0
111.56360602378845,2004.576773,1995.741841,1713,0.0,0.0,148718.6851962825,0.0
111.57943058013916,2004.576773,1997.067081,1714,0.0,0.0,148817.43942707556,0.0
111.58323240280151,1984.477796,1995.178688,1714,0.0,0.0,148676.72016252726,0.0
111.65980434417725,2070.393392,2006.460894,1716,0.0,0.0,149517.44755920937,0.0
111.65981483459473,2070.393392,2016.050768,1716,0.0,0.0,150232.06576441944,0.0
111.65981793403625,2070.393392,2024.202162,1716,0.0,0.0,150839.4913208178,0.0
111.65982055664062,2070.393392,2031.130846,1716,0.0,0.0,151355.8029766902,0.0
111.65982270240784,2070.393392,2037.020228,1716,0.0,0.0,151794.66792889248,0.0
111.65982460975647,2070.393392,2042.026203,1716,0.0,0.0,152167.7031606199,0.0
111.65982699394226,2070.393392,2046.281281,1716,0.0,0.0,152484.78305169963,0.0
111.66325426101685,1941.76238,2030.603446,1717,0.0,0.0,151316.50218489376,0.0
111.69105267524719,1941.76238,2017.277286,1717,0.0,0.0,150323.46342947928,0.0
111.69106340408325,2078.149938,2026.408184,1717,0.0,0.0,151003.87966234275,0.0
111.7441394329071,1908.171824,2008.67273,1719,0.0,0.0,149682.26914837095,0.0
111.74415135383606,1908.171824,1993.597594,1719,0.0,0.0,148558.90020404305,0.0
111.74430418014526,1908.171824,1980.783729,1719,0.0,0.0,147604.0366460752,0.0
111.74452257156372,1908.171824,1969.891943,1719,0.0,0.0,146792.40256591397,0.0
111.74458909034729,1908.171824,1960.633925,1719,0.0,0.0,146102.51360522874,0.0
111.74482893943787,1908.171824,1952.76461,1719,0.0,0.0,145516.1080110017,0.0
111.75369906425476,1908.171824,1946.075692,1720,0.0,0.0,145017.66323727916,0.0
111.77885007858276,1964.422138,1948.827659,1720,0.0,0.0,145222.73430686127,0.0
111.78568768501282,1964.422138,1951.166831,1720,0.0,0.0,145397.04471973193,0.0
111.78583550453186,2015.673376,1960.842813,1721,0.0,0.0,146118.07952065681,0.0
111.84484386444092,2109.254303,1983.104536,1723,0.0,0.0,147776.97853592472,0.0
111.84485721588135,2109.254303,2002.027001,1723,0.0,0.0,149187.04273243548,0.0
111.8450973033905,2109.254303,2018.111096,1723,0.0,0.0,150385.59728084021,0.0
111.84522747993469,2109.254303,2031.782577,1723,0.0,0.0,151404.36866561367,0.0
111.84533548355103,2109.254303,2043.403336,1723,0.0,0.0,152270.32435384885,0.0
111.84554433822632,2109.254303,2053.280981,1723,0.0,0.0,153006.38667767102,0.0
111.87423729896545,2109.254303,2061.676979,1723,0.0,0.0,153632.03963429038,0.0
111.87424826622009,2076.306932,2063.871472,1723,0.0,0.0,153795.56885782408,0.0
111.8809118270874,2076.306932,2065.736791,1724,0.0,0.0,153934.56869410185,0.0
111.8833019733429,1999.961601,2055.870513,1724,0.0,0.0,153199.35341635538,0.0
111.94434905052185,1922.18494,2035.817677,1726,0.0,0.0,151705.0562366749,0.0
111.94435954093933,1922.18494,2018.772766,1726,0.0,0.0,150434.90360413925,0.0
111.94436311721802,1922.18494,2004.284592,1726,0.0,0.0,149355.27389256525,0.0
111.94514226913452,1922.18494,1991.969645,1726,0.0,0.0,148437.5887047936,0.0
111.9451470375061,1922.18494,1981.501939,1726,0.0,0.0,147657.55621694375,0.0
111.94515013694763,1922.18494,1972.604389,1726,0.0,0.0,146994.52860972323,0.0
111.95341038703918,1922.18494,1965.041472,1726,0.0,0.0,146430.95518084473,0.0
111.98146796226501,1985.379344,1968.092153,1727,0.0,0.0,146658.28581948383,0.0
111.98148083686829,1985.379344,1970.685231,1727,0.0,0.0,146851.5167989867,0.0
111.99482607841492,1968.916373,1970.419903,1727,0.0,0.0,146831.74508778888,0.0
112.11680436134338,2038.825695,1980.680771,1731,0.0,0.0,147596.3644221052,0.0
112.11682152748108,2038.825695,1989.40251,1731,0.0,0.0,148246.29094569563,0.0
112.11682629585266,2038.825695,1996.815988,1731,0.0,0.0,148798.7284795698,0.0
112.11683011054993,2038.825695,2003.117444,1731,0.0,0.0,149268.30036100745,0.0
112.11683344841003,2038.825695,2008.473681,1731,0.0,0.0,149667.43641551866,0.0
112.11683678627014,2038.825695,2013.026483,1731,0.0,0.0,150006.7021028381,0.0
112.11684107780457,2038.825695,2016.896365,1731,0.0,0.0,150295.07795941504,0.0
112.11684393882751,2038.825695,2020.185764,1731,0.0,0.0,150540.1973853428,0.0
112.11684656143188,2038.825695,2022.981754,1731,0.0,0.0,150748.5489607217,0.0
112.11684894561768,2038.825695,2025.358345,1731,0.0,0.0,150925.6477625348,0.0
112.14581513404846,2007.344783,2022.656311,1733,0.0,0.0,150724.29760011382,0.0
112.14582514762878,2007.344783,2020.359581,1733,0.0,0.0,150553.1498800862,0.0
112.14590835571289,2007.344783,2018.407362,1733,0.0,0.0,150407.67442983974,0.0
112.1460108757019,2007.344783,2016.747975,1733,0.0,0.0,150284.0202337899,0.0
112.14608526229858,2007.344783,2015.337496,1733,0.0,0.0,150178.9141634217,0.0
112.14618706703186,2007.344783,2014.138589,1733,0.0,0.0,150089.5740147864,0.0
112.15656900405884,2007.344783,2013.119518,1733,0.0,0.0,150013.63488472052,0.0
112.1632628440857,1926.875778,2000.182957,1733,0.0,0.0,149049.62826655115,0.0
112.19178032875061,1926.875778,1989.18688,1734,0.0,0.0,148230.22262992949,0.0
112.19179177284241,1890.509962,1974.385343,1734,0.0,0.0,147127.24173515546,0.0
112.22950458526611,2000.998206,1978.377272,1735,0.0,0.0,147424.71228975357,0.0
112.22956585884094,2000.998206,1981.770412,1736,0.0,0.0,147677.56228724326,0.0
112.22963809967041,2000.998206,1984.654581,1736,0.0,0.0,147892.48478510947,0.0
112.22973489761353,2000.998206,1987.106125,1736,0.0,0.0,148075.16893437708,0.0
112.23321294784546,2000.998206,1989.189937,1736,0.0,0.0,148230.45043144733,0.0
112.24329257011414,2110.194368,2007.340602,1736,0.0,0.0,149583.00163761218,0.0
112.25324583053589,2110.194368,2022.768667,1736,0.0,0.0,150732.6701442228,0.0
112.26329135894775,1953.12002,2012.32137,1737,0.0,0.0,149954.15849418065,0.0
112.27328872680664,2031.178909,2015.15,1737,0.0,0.0,150164.94233699268,0.0
112.28333401679993,2031.178909,2017.554337,1737,0.0,0.0,150344.10871515993,0.0
112.34811997413635,1922.406534,2003.282166,1739,0.0,0.0,149280.57511456512,0.0
112.34813284873962,1922.406534,1991.150821,1739,0.0,0.0,148376.57158014074,0.0
112.34813642501831,1922.406534,1980.839178,1739,0.0,0.0,147608.16859450957,0.0
112.34813904762268,1922.406534,1972.074282,1739,0.0,0.0,146955.026097708,0.0
112.34814190864563,1922.406534,1964.62412,1739,0.0,0.0,146399.85494561945,0.0
112.34823632240295,1953.547511,1962.962628,1739,0.0,0.0,146276.04388918524,0.0
112.35325765609741,1953.547511,1961.550361,1740,0.0,0.0,146170.80458063778,0.0
112.36338496208191,1968.965602,1962.662647,1740,0.0,0.0,146253.68990582562,0.0
112.37326788902283,2031.160223,1972.937283,1740,0.0,0.0,147019.33520392925,0.0
112.38401079177856,1999.915404,1976.984001,1741,0.0,0.0,147320.88852508354,0.0
112.43039536476135,2014.923078,1982.674863,1742,0.0,0.0,147744.9601644542,0.0
112.4304051399231,2014.923078,1987.512095,1742,0.0,0.0,148105.42100575665,0.0
112.4304084777832,2014.923078,1991.623743,1742,0.0,0.0,148411.81278047818,0.0
112.43041133880615,2014.923078,1995.118643,1742,0.0,0.0,148672.24572937703,0.0
112.44350695610046,2014.923078,1998.089308,1742,0.0,0.0,148893.6137359411,0.0
112.44351553916931,2063.60769,2007.917065,1743,0.0,0.0,149625.95850591204,0.0
112.45805144309998,2063.60769,2016.270659,1743,0.0,0.0,150248.45160137225,0.0
112.46334409713745,2015.830816,2016.204683,1743,0.0,0.0,150243.5352019798,0.0
112.473299741745,2015.830816,2016.148603,1744,0.0,0.0,150239.35623268905,0.0
112.48340058326721,1968.766833,2009.041337,1744,0.0,0.0,149709.73700381597,0.0
112.55306363105774,1965.828321,2002.559385,1745,0.0,0.0,149226.71492193066,0.0
112.55307650566101,1965.828321,1997.049725,1745,0.0,0.0,148816.14609271375,0.0
112.55308032035828,1965.828321,1992.366515,1745,0.0,0.0,148467.16266239737,0.0
112.55308318138123,1965.828321,1988.385786,1745,0.0,0.0,148170.5267093695,0.0
112.5530858039856,1965.828321,1985.002166,1746,0.0,0.0,147918.38612321444,0.0
112.55317306518555,1910.383996,1973.80944,1746,0.0,0.0,147084.32659693414,0.0
112.55326724052429,2031.201657,1982.418273,1746,0.0,0.0,147725.8395915171,0.0
112.56329727172852,2031.201657,1989.735781,1747,0.0,0.0,148271.1256331867,0.0
112.57329320907593,2031.288087,1995.968627,1747,0.0,0.0,148735.58483482694,0.0
112.583327293396,2031.205517,2001.25416,1747,0.0,0.0,149129.4521688543,0.0
112.63374423980713,2027.934069,2005.256146,1749,0.0,0.0,149427.67215095164,0.0
112.63375425338745,2027.934069,2008.657835,1749,0.0,0.0,149681.15920280057,0.0
112.63375759124756,2027.934069,2011.54927,1749,0.0,0.0,149896.6231484355,0.0
112.63375997543335,2027.934069,2014.00699,1749,0.0,0.0,150079.76752085463,0.0
112.63376235961914,2027.934069,2016.096052,1749,0.0,0.0,150235.44023741095,0.0
112.64935374259949,1949.759489,2006.145567,1749,0.0,0.0,149493.95002266258,0.0
112.66405940055847,1949.759489,1997.687656,1750,0.0,0.0,148863.683433274,0.0
112.664071559906,1937.44488,1988.651239,1750,0.0,0.0,148190.307735317,0.0
112.67334723472595,1937.44488,1980.970285,1750,0.0,0.0,147617.9384255867,0.0
112.68335962295532,2078.179344,1995.551644,1751,0.0,0.0,148704.5120967427,0.0
112.75036478042603,1996.782232,1995.736232,1752,0.0,0.0,148718.2672248354,0.0
112.75037574768066,1996.782232,1995.893132,1752,0.0,0.0,148729.95909861787,0.0
112.75037908554077,1996.782232,1996.026497,1752,0.0,0.0,148739.89719133294,0.0
112.75038146972656,1996.782232,1996.139858,1752,0.0,0.0,148748.34462602923,0.0
112.75053000450134,1996.782232,1996.236214,1752,0.0,0.0,148755.52488218076,0.0
112.75053381919861,1897.926546,1981.489764,1753,0.0,0.0,147656.64896032616,0.0
112.75339937210083,2091.872126,1998.047118,1753,0.0,0.0,148890.46982163336,0.0
112.76634216308594,2091.872126,2012.120869,1753,0.0,0.0,149939.21756119624,0.0
112.78124403953552,1953.934026,2003.392843,1754,0.0,0.0,149288.82254295654,0.0
112.78330206871033,2031.22786,2007.568095,1754,0.0,0.0,149599.95396038078,0.0
112.84263324737549,1980.648093,2003.530095,1755,0.0,0.0,149299.05028712726,0.0
112.84264373779297,1980.648093,2000.097795,1755,0.0,0.0,149043.2821648618,0.0
112.84264659881592,1980.648093,1997.180339,1755,0.0,0.0,148825.87918641814,0.0
112.84264874458313,1980.648093,1994.700502,1755,0.0,0.0,148641.08669945184,0.0
112.8426501750946,1980.648093,1992.592641,1756,0.0,0.0,148484.01311906357,0.0
112.8521180152893,2088.542602,2006.985135,1756,0.0,0.0,149556.51294865218,0.0
112.8536307811737,2088.542602,2019.218755,1756,0.0,0.0,150468.13781125433,0.0
112.87589859962463,1968.8005,2011.656017,1757,0.0,0.0,149904.57772109742,0.0
112.87590765953064,1968.8005,2005.227689,1757,0.0,0.0,149425.55159230137,0.0
112.8833475112915,1968.501575,1999.718772,1757,0.0,0.0,149015.03812995652,0.0
112.9297833442688,2003.321439,2000.259172,1759,0.0,0.0,149055.3076557183,0.0
112.92979431152344,2003.321439,2000.718512,1759,0.0,0.0,149089.53675261585,0.0
112.92988777160645,2003.321439,2001.108951,1759,0.0,0.0,149118.63148497877,0.0
112.92996716499329,2003.321439,2001.440825,1759,0.0,0.0,149143.3620708275,0.0
112.93334603309631,2003.321439,2001.722917,1759,0.0,0.0,149164.3830017328,0.0
112.95407509803772,2057.630932,2010.109119,1759,0.0,0.0,149789.3059800502,0.0
112.96201610565186,2057.630932,2017.237391,1760,0.0,0.0,150320.49053397542,0.0
112.96353483200073,2000.20132,2014.68198,1760,0.0,0.0,150130.06642387825,0.0
112.98578596115112,2000.20132,2012.509881,1760,0.0,0.0,149968.20595637697,0.0
112.98579668998718,1984.302871,2008.27883,1761,0.0,0.0,149652.91650921927,0.0
113.06755089759827,1950.186433,1999.56497,1763,0.0,0.0,149003.57711292984,0.0
113.0675597190857,1950.186433,1992.15819,1763,0.0,0.0,148451.63870060182,0.0
113.06756258010864,1950.186433,1985.862426,1763,0.0,0.0,147982.49097560503,0.0
113.06756496429443,1950.186433,1980.511027,1763,0.0,0.0,147583.71543916492,0.0
113.06756663322449,1950.186433,1975.962338,1763,0.0,0.0,147244.75624436856,0.0
113.06756830215454,1950.186433,1972.095952,1763,0.0,0.0,146956.64090271035,0.0
113.0675699710846,1950.186433,1968.809525,1763,0.0,0.0,146711.7429442706,0.0
113.06757164001465,1950.186433,1966.016061,1763,0.0,0.0,146503.579601353,0.0
113.07411360740662,2018.788123,1973.93187,1763,0.0,0.0,147093.44983534832,0.0
113.09640550613403,2093.195303,1991.821385,1764,0.0,0.0,148426.5406665082,0.0
113.12978029251099,2010.003938,1994.548768,1765,0.0,0.0,148629.77978564365,0.0
113.12979817390442,2010.003938,1996.867044,1765,0.0,0.0,148802.53307044192,0.0
113.12987494468689,2010.003938,1998.837578,1765,0.0,0.0,148949.37331780966,0.0
113.12995958328247,2010.003938,2000.512532,1765,0.0,0.0,149074.18753552405,0.0
113.13334321975708,2010.003938,2001.936243,1765,0.0,0.0,149180.27962803305,0.0
113.14372110366821,1920.541386,1989.727014,1766,0.0,0.0,148270.472333904,0.0
113.15356278419495,2062.480406,2000.640023,1766,0.0,0.0,149083.6879095227,0.0
113.16925168037415,2062.480406,2009.916081,1766,0.0,0.0,149774.92117487997,0.0
113.18460440635681,2078.137884,2020.149351,1767,0.0,0.0,150537.48396150573,0.0
113.18464303016663,1812.455957,1988.995342,1767,0.0,0.0,148215.94960175522,0.0
113.22975850105286,2091.96618,2004.440968,1769,0.0,0.0,149366.92671891712,0.0
113.22986340522766,2091.96618,2017.56975,1769,0.0,0.0,150345.2572610529,0.0
113.22987103462219,2091.96618,2028.729214,1769,0.0,0.0,151176.83816970573,0.0
113.2299633026123,2091.96618,2038.214759,1769,0.0,0.0,151883.68198677147,0.0
113.23335075378418,2091.96618,2046.277472,1769,0.0,0.0,152484.4992126478,0.0
113.24344205856323,2259.595475,2078.275173,1769,0.0,0.0,154868.90381060887,0.0
113.25346422195435,2155.578968,2089.870742,1770,0.0,0.0,155732.98239049112,0.0
113.26980376243591,2155.578968,2099.726976,1770,0.0,0.0,156467.44920947228,0.0
113.28129410743713,2047.297153,2091.862503,1770,0.0,0.0,155881.40443138834,0.0
113.28630566596985,2093.4161,2092.095542,1771,0.0,0.0,155898.77003097013,0.0
113.32971501350403,1972.723834,2074.189786,1772,0.0,0.0,154564.46895301552,0.0
113.3297426700592,1972.723834,2058.969893,1772,0.0,0.0,153430.3130069469,0.0
113.32986330986023,1972.723834,2046.032984,1772,0.0,0.0,152466.28045651442,0.0
113.32994961738586,1972.723834,2035.036612,1772,0.0,0.0,151646.8528370836,0.0
113.33338832855225,1972.723834,2025.689695,1772,0.0,0.0,150950.33930095297,0.0
113.34343338012695,1841.642131,1998.082561,1773,0.0,0.0,148893.11096301302,0.0
113.35391736030579,1841.642131,1974.616496,1773,0.0,0.0,147144.4667937943,0.0
113.36419439315796,1828.187158,1952.652095,1773,0.0,0.0,145507.7236185311,0.0
113.37348222732544,1828.187158,1933.982355,1774,0.0,0.0,144116.49198289774,0.0
113.39222049713135,2031.238117,1948.570719,1774,0.0,0.0,145203.58765262505,0.0
113.42979025840759,1970.426288,1951.849055,1775,0.0,0.0,145447.88268594828,0.0
113.42981314659119,1970.426288,1954.635639,1775,0.0,0.0,145655.53334504424,0.0
113.42988419532776,1970.426288,1957.004237,1775,0.0,0.0,145832.0365245046,0.0
113.42997312545776,1970.426288,1959.017544,1775,0.0,0.0,145982.06413017245,0.0
113.4333770275116,1970.426288,1960.728856,1776,0.0,0.0,146109.58767323408,0.0
113.44340252876282,1917.206619,1954.20052,1776,0.0,0.0,145623.10914856024,0.0
113.45351505279541,1917.206619,1948.651435,1776,0.0,0.0,145209.60244729824,0.0
113.4637942314148,2031.335926,1961.054109,1777,0.0,0.0,146133.82487542246,0.0
113.4742066860199,2031.335926,1971.596381,1777,0.0,0.0,146919.41387226185,0.0
113.48381161689758,1968.880734,1971.189034,1777,0.0,0.0,146889.05918959994,0.0
113.53947162628174,2030.572406,1980.09654,1779,0.0,0.0,147552.828698002,0.0
113.5394811630249,2030.572406,1987.66792,1779,0.0,0.0,148117.03277269198,0.0
113.53948426246643,2030.572406,1994.103593,1779,0.0,0.0,148596.60623617846,0.0
113.53948664665222,2030.572406,1999.573915,1779,0.0,0.0,149004.243676416,0.0
113.53948855400085,2030.572406,2004.223688,1779,0.0,0.0,149350.73544845535,0.0
113.54347729682922,2145.901113,2025.475302,1779,0.0,0.0,150934.3631639495,0.0
113.55348610877991,2145.901113,2043.539174,1780,0.0,0.0,152280.44672957135,0.0
113.56353712081909,1953.166114,2029.983215,1780,0.0,0.0,151270.28381288642,0.0
113.57379221916199,1953.166114,2018.46065,1780,0.0,0.0,150411.64534488192,0.0
113.58545637130737,1907.165821,2001.766425,1781,0.0,0.0,149167.625130761,0.0
113.63662481307983,1997.662842,2001.150888,1782,0.0,0.0,149121.75654623317,0.0
113.63663578033447,1997.662842,2000.627681,1782,0.0,0.0,149082.7682083996,0.0
113.636638879776,1997.662842,2000.182955,1782,0.0,0.0,149049.62811751515,0.0
113.63664078712463,1997.662842,1999.804938,1782,0.0,0.0,149021.4590477152,0.0
113.63664269447327,1997.662842,1999.483624,1782,0.0,0.0,148997.5153719183,0.0
113.64770460128784,2122.133696,2017.881135,1783,0.0,0.0,150368.4610476542,0.0
113.65343308448792,2122.133696,2033.519019,1783,0.0,0.0,151533.7648459484,0.0
113.6634361743927,1921.968792,2016.786485,1783,0.0,0.0,150286.88992186746,0.0
113.67347025871277,1999.881007,2014.250663,1784,0.0,0.0,150097.92554482014,0.0
113.68348431587219,1999.9994,2012.112974,1784,0.0,0.0,149938.62924160724,0.0
113.74924516677856,1903.09217,1995.759853,1786,0.0,0.0,148720.02741445057,0.0
113.74925470352173,1903.09217,1981.859701,1786,0.0,0.0,147684.21592470765,0.0
113.74925780296326,1903.09217,1970.044571,1786,0.0,0.0,146803.7760988117,0.0
113.74926018714905,1903.09217,1960.001711,1786,0.0,0.0,146055.40228405927,0.0
113.74926161766052,1903.09217,1951.46528,1786,0.0,0.0,145419.28454151962,0.0
113.74926376342773,1903.09217,1944.209313,1786,0.0,0.0,144878.58441192427,0.0
113.7537751197815,1961.364387,1946.782574,1786,0.0,0.0,145070.33866827394,0.0
113.76400399208069,1838.133766,1930.485253,1786,0.0,0.0,143855.89494536872,0.0
113.77374982833862,1838.133766,1916.63253,1787,0.0,0.0,142823.61776972158,0.0
113.78388285636902,2227.602828,1963.278075,1787,0.0,0.0,146299.55036789173,0.0
113.837965965271,2082.125074,1981.105125,1789,0.0,0.0,147627.98643234783,0.0
113.83797645568848,2082.125074,1996.258117,1789,0.0,0.0,148757.1570498765,0.0
113.83797883987427,2082.125074,2009.138161,1789,0.0,0.0,149716.95213439027,0.0
113.8379807472229,2082.125074,2020.086198,1789,0.0,0.0,150532.77792641977,0.0
113.83800506591797,2082.125074,2029.392029,1789,0.0,0.0,151226.2298161118,0.0
113.8625054359436,2019.193835,2027.8623,1789,0.0,0.0,151112.23747456088,0.0
113.86251425743103,2019.193835,2026.56203,1790,0.0,0.0,151015.3439581614,0.0
113.86345219612122,2000.982382,2022.725083,1790,0.0,0.0,150729.4223518268,0.0
113.87350749969482,2000.982382,2019.463678,1790,0.0,0.0,150486.38898271654,0.0
113.88352918624878,1983.964121,2014.138744,1791,0.0,0.0,150089.585565076,0.0
113.94726252555847,1979.857639,2008.996579,1792,0.0,0.0,149706.4017272911,0.0
113.94727063179016,1979.857639,2004.625738,1792,0.0,0.0,149380.69540928534,0.0
113.94727325439453,1979.857639,2000.910523,1792,0.0,0.0,149103.84502780283,0.0
113.94727516174316,1979.857639,1997.75259,1792,0.0,0.0,148868.52218491316,0.0
113.94727730751038,1979.857639,1995.068348,1792,0.0,0.0,148668.49784670086,0.0
113.94730973243713,2045.412001,2002.619896,1793,0.0,0.0,149231.22408046763,0.0
113.96151232719421,2045.412001,2009.038711,1793,0.0,0.0,149709.54131955493,0.0
113.9731183052063,1999.57479,2007.619123,1793,0.0,0.0,149603.75646474893,0.0
113.97471499443054,1999.57479,2006.412473,1794,0.0,0.0,149513.83932326027,0.0
113.98350524902344,1984.923137,2003.189073,1794,0.0,0.0,149273.63801063882,0.0
114.06130623817444,1219.983968,1885.708307,1796,0.0,0.0,140519.20660250756,0.0
114.08344197273254,1219.983968,1785.849656,1796,0.0,0.0,133077.9399130478,0.0
114.08345293998718,1219.983968,1700.969803,1796,0.0,0.0,126752.86325308829,0.0
114.08345603942871,1219.983968,1628.821928,1796,0.0,0.0,121376.54809584857,0.0
114.08345818519592,1219.983968,1567.496234,1796,0.0,0.0,116806.68019356535,0.0
114.0834596157074,1219.983968,1515.369394,1796,0.0,0.0,112922.29246917281,0.0
114.08346199989319,1219.983968,1471.06158,1797,0.0,0.0,109620.56290343915,0.0
114.08346366882324,1219.983968,1433.399939,1797,0.0,0.0,106814.09283963172,0.0
114.08346557617188,6575.119678,2204.657899,1797,0.0,0.0,164286.69145032897,0.0
114.08407974243164,2150.455168,2196.52749,1797,0.0,0.0,163680.82965410483,0.0
114.13523292541504,2070.971556,2177.6941,1799,0.0,0.0,162277.40314820694,0.0
114.13524127006531,2070.971556,2161.685718,1799,0.0,0.0,161084.49058093474,0.0
114.1352596282959,2070.971556,2148.078594,1799,0.0,0.0,160070.514950916,0.0
114.13534212112427,2070.971556,2136.512538,1799,0.0,0.0,159208.6356206892,0.0
114.13542580604553,2070.971556,2126.681391,1799,0.0,0.0,158476.03823470732,0.0
114.14386367797852,2070.971556,2118.324916,1799,0.0,0.0,157853.33045289674,0.0
114.15619325637817,1863.850682,2080.153781,1800,0.0,0.0,155008.8939165533,0.0
114.1653323173523,1863.850682,2047.708316,1800,0.0,0.0,152591.12284203182,0.0
114.18369507789612,1953.317206,2033.54965,1800,0.0,0.0,151536.04740672492,0.0
114.18370628356934,1906.174706,2014.443408,1801,0.0,0.0,150112.28851621717,0.0
114.23128533363342,1803.138255,1982.747635,1802,0.0,0.0,147750.38298815658,0.0
114.23129558563232,1803.138255,1955.806228,1802,0.0,0.0,145742.76329303088,0.0
114.23129916191101,1803.138255,1932.906032,1802,0.0,0.0,144036.2865484482,0.0
114.23130249977112,1803.138255,1913.440865,1802,0.0,0.0,142585.78128574567,0.0
114.23354506492615,1803.138255,1896.895474,1802,0.0,0.0,141352.85188324066,0.0
114.25400924682617,1753.081982,1875.32345,1802,0.0,0.0,139745.34785621922,0.0
114.25954866409302,1968.613969,1889.317028,1803,0.0,0.0,140788.1212643815,0.0
114.27897763252258,1968.613969,1901.211569,1803,0.0,0.0,141674.47863896406,0.0
114.27905797958374,1921.943133,1904.321304,1803,0.0,0.0,141906.209863418,0.0
114.28352880477905,1921.943133,1906.964578,1804,0.0,0.0,142103.18134831532,0.0
114.3301739692688,2055.85741,1929.298503,1805,0.0,0.0,143767.46071202704,0.0
114.33019137382507,2055.85741,1948.282339,1805,0.0,0.0,145182.09815255253,0.0
114.33019518852234,2055.85741,1964.4186,1805,0.0,0.0,146384.5400068064,0.0
114.33019876480103,2055.85741,1978.134421,1805,0.0,0.0,147406.6155195819,0.0
114.33389544487,2055.85741,1989.79287,1805,0.0,0.0,148275.37979113674,0.0
114.34374594688416,1976.07659,1987.735428,1806,0.0,0.0,148122.06333365635,0.0
114.3641185760498,1976.07659,1985.986602,1806,0.0,0.0,147991.74432244254,0.0
114.36412715911865,2093.768111,2002.153828,1806,0.0,0.0,149196.49362648398,0.0
114.38713598251343,2093.768111,2015.895971,1807,0.0,0.0,150220.53060198537,0.0
114.38714647293091,1953.118262,2006.479314,1807,0.0,0.0,149518.82018072036,0.0
114.4301860332489,1965.468233,2000.327652,1809,0.0,0.0,149060.41064817607,0.0
114.43020296096802,1965.468233,1995.098739,1809,0.0,0.0,148670.76252315802,0.0
114.43020677566528,1965.468233,1990.654164,1809,0.0,0.0,148339.56169513654,0.0
114.43021011352539,1965.468233,1986.876274,1809,0.0,0.0,148058.0408981708,0.0
114.43356513977051,1965.468233,1983.665068,1809,0.0,0.0,147818.7482580089,0.0
114.44390630722046,2070.327129,1996.664377,1809,0.0,0.0,148787.4307314753,0.0
114.45369148254395,2070.327129,2007.71379,1809,0.0,0.0,149610.810860003,0.0
114.46365904808044,1906.552379,1992.539578,1810,0.0,0.0,148480.0589705708,0.0
114.47963500022888,1906.552379,1979.641498,1810,0.0,0.0,147518.919879457,0.0
114.48385238647461,2015.64052,1985.041352,1810,0.0,0.0,147921.30618545818,0.0
114.52993249893188,1976.837435,1983.810764,1812,0.0,0.0,147829.60523214922,0.0
114.53002619743347,1976.837435,1982.764765,1812,0.0,0.0,147751.65948145094,0.0
114.53003263473511,1976.837435,1981.875665,1812,0.0,0.0,147685.40553001713,0.0
114.5301296710968,1976.837435,1981.119931,1812,0.0,0.0,147629.0897458164,0.0
114.533931016922,1976.837435,1980.477556,1812,0.0,0.0,147581.221247276,0.0
114.54406452178955,1941.298495,1974.600697,1812,0.0,0.0,147143.28948395432,0.0
114.55395531654358,1941.298495,1969.605367,1813,0.0,0.0,146771.04749630863,0.0
114.56466960906982,1953.21602,1967.146965,1813,0.0,0.0,146587.85230261527,0.0
114.5878849029541,2093.601354,1986.115123,1813,0.0,0.0,148001.32144997848,0.0
114.58802199363708,2093.039413,2002.153767,1814,0.0,0.0,149196.48908088615,0.0
114.63005995750427,1990.764924,2000.44544,1815,0.0,0.0,149069.18797404662,0.0
114.63007140159607,1990.764924,1998.993363,1815,0.0,0.0,148960.98210402508,0.0
114.63007545471191,1990.764924,1997.759097,1815,0.0,0.0,148869.00707352188,0.0
114.63040280342102,1990.764924,1996.709971,1815,0.0,0.0,148790.82830504596,0.0
114.63367795944214,1990.764924,1995.818214,1815,0.0,0.0,148724.3763592932,0.0
114.64364123344421,1894.802882,1980.665914,1816,0.0,0.0,147595.25730821872,0.0
114.65397429466248,2062.368833,1992.921352,1816,0.0,0.0,148508.5080044868,0.0
114.66389465332031,2062.368833,2003.338474,1816,0.0,0.0,149284.77107395924,0.0
114.67368268966675,2046.940093,2009.878717,1817,0.0,0.0,149772.13688442737,0.0
114.69030213356018,1842.759333,1984.810809,1817,0.0,0.0,147904.12658279773,0.0
114.72998332977295,2064.29772,1996.733846,1819,0.0,0.0,148792.60742223242,0.0
114.73000907897949,2064.29772,2006.868427,1819,0.0,0.0,149547.81610221884,0.0
114.73008370399475,2064.29772,2015.482821,1819,0.0,0.0,150189.74349138493,0.0
114.73016858100891,2064.29772,2022.805056,1819,0.0,0.0,150735.38177962796,0.0
114.73359322547913,2064.29772,2029.028955,1819,0.0,0.0,151199.17426874602,0.0
114.74363398551941,2240.006554,2060.675595,1819,0.0,0.0,153557.41850404345,0.0
114.75375699996948,1935.570623,2041.909849,1819,0.0,0.0,152159.03269355756,0.0
114.76372790336609,1935.570623,2025.958965,1820,0.0,0.0,150970.40476209632,0.0
114.77424645423889,2047.916468,2029.252591,1820,0.0,0.0,151215.83917559884,0.0
114.78369903564453,2030.804848,2029.485429,1820,0.0,0.0,151233.1897970632,0.0
114.82999539375305,1962.326482,2019.411587,1822,0.0,0.0,150482.5072657171,0.0
114.83004927635193,1962.326482,2010.848821,1822,0.0,0.0,149844.4270917176,0.0
114.83014154434204,1962.326482,2003.570471,1822,0.0,0.0,149302.05902578778,0.0
114.83022403717041,1962.326482,1997.383872,1822,0.0,0.0,148841.04605797047,0.0
114.83366274833679,1962.326482,1992.125264,1822,0.0,0.0,148449.18512102147,0.0
114.8437008857727,2035.954611,1998.699666,1822,0.0,0.0,148939.09639176072,0.0
114.85362815856934,2035.954611,2004.287908,1823,0.0,0.0,149355.52099424446,0.0
114.86366486549377,1937.989827,1994.343195,1823,0.0,0.0,148614.46089737676,0.0
114.87373113632202,1937.394218,1985.800849,1823,0.0,0.0,147977.90238088288,0.0
114.88409066200256,1936.802557,1978.451105,1824,0.0,0.0,147430.21417705106,0.0
114.93772029876709,2001.383356,1981.890943,1825,0.0,0.0,147686.5440159805,0.0
114.93772959709167,2001.383356,1984.814805,1825,0.0,0.0,147904.42435671508,0.0
114.93773293495178,2001.383356,1987.300088,1825,0.0,0.0,148089.62266869488,0.0
114.937735080719,2001.383356,1989.412578,1825,0.0,0.0,148247.0411928928,0.0
114.9377372264862,2001.383356,1991.208195,1825,0.0,0.0,148380.84697572005,0.0
114.94365811347961,2063.592838,2002.065891,1826,0.0,0.0,149189.94073735204,0.0
114.95366740226746,2063.592838,2011.294933,1826,0.0,0.0,149877.67046454636,0.0
114.96365857124329,1984.604718,2007.291401,1826,0.0,0.0,149579.33527762513,0.0
114.97368264198303,1968.715547,2001.505023,1827,0.0,0.0,149148.14597722067,0.0
114.98367762565613,1999.346614,2001.181261,1827,0.0,0.0,149124.01988136634,0.0
115.05802631378174,1953.738728,1994.064881,1829,0.0,0.0,148593.72149546546,0.0
115.05809998512268,1953.738728,1988.015958,1829,0.0,0.0,148142.96786744974,0.0
115.05817103385925,1953.738728,1982.874374,1829,0.0,0.0,147759.82732462123,0.0
115.05827522277832,1953.738728,1978.504027,1829,0.0,0.0,147434.15781850624,0.0
115.0583188533783,1953.738728,1974.789232,1829,0.0,0.0,147157.3387345826,0.0
115.0584077835083,1953.738728,1971.631656,1829,0.0,0.0,146922.04249461798,0.0
115.05848860740662,1953.738728,1968.947717,1829,0.0,0.0,146722.04073535887,0.0
115.06364393234253,1953.738728,1966.666369,1830,0.0,0.0,146552.03925116634,0.0
115.07362127304077,2020.102539,1974.681794,1830,0.0,0.0,147149.3326699845,0.0
115.08368635177612,1999.047054,1978.336583,1830,0.0,0.0,147421.68022695984,0.0
115.13803601264954,2025.813335,1985.458096,1832,0.0,0.0,147952.36111374106,0.0
115.1380467414856,2025.813335,1991.511382,1832,0.0,0.0,148403.43986377917,0.0
115.13804936408997,2025.813335,1996.656675,1832,0.0,0.0,148786.8567938598,0.0
115.13805222511292,2025.813335,2001.030174,1832,0.0,0.0,149112.76118070245,0.0
115.13819646835327,2025.813335,2004.747648,1832,0.0,0.0,149389.7798983409,0.0
115.15639019012451,2095.719644,2018.393447,1832,0.0,0.0,150406.63751190677,0.0
115.15642404556274,2095.719644,2029.992377,1833,0.0,0.0,151270.96654677804,0.0
115.16370463371277,2030.255784,2030.031888,1833,0.0,0.0,151273.91082737088,0.0
115.17367887496948,2030.255784,2030.065472,1833,0.0,0.0,151276.41343979348,0.0
115.18369722366333,1969.280623,2020.947745,1834,0.0,0.0,150596.9786834729,0.0
115.24523997306824,1960.674143,2011.906705,1835,0.0,0.0,149923.25848881423,0.0
115.2452507019043,1960.674143,2004.22182,1835,0.0,0.0,149350.59624883637,0.0
115.24525380134583,1960.674143,1997.689669,1835,0.0,0.0,148863.83343800262,0.0
115.24525570869446,1960.674143,1992.13734,1835,0.0,0.0,148450.08500035733,0.0
115.24525785446167,1960.674143,1987.41786,1835,0.0,0.0,148098.3988022775,0.0
115.24529528617859,2042.757438,1995.718797,1836,0.0,0.0,148716.96800355177,0.0
115.26372694969177,2042.757438,2002.774593,1836,0.0,0.0,149242.75179110194,0.0
115.26375317573547,2000.0223,2002.361749,1836,0.0,0.0,149211.98748300862,0.0
115.27367758750916,1999.9684,2002.002747,1837,0.0,0.0,149185.23537292806,0.0
115.28375029563904,1968.376599,1996.958825,1837,0.0,0.0,148809.37240675566,0.0
115.33010935783386,1999.376065,1997.321411,1839,0.0,0.0,148836.39158933872,0.0
115.3301215171814,1999.376065,1997.629609,1839,0.0,0.0,148859.35788708247,0.0
115.33016920089722,1999.376065,1997.891577,1839,0.0,0.0,148878.8792178093,0.0
115.3302276134491,1999.376065,1998.11425,1839,0.0,0.0,148895.4723638307,0.0
115.33371901512146,1999.376065,1998.303523,1839,0.0,0.0,148909.57660874096,0.0
115.35166263580322,1910.813838,1985.18007,1839,0.0,0.0,147931.64317301297,0.0
115.35732889175415,1999.931602,1987.3928,1839,0.0,0.0,148096.53138126415,0.0
115.3766713142395,1999.931602,1989.27362,1840,0.0,0.0,148236.68632101864,0.0
115.37668204307556,1922.263009,1979.222028,1840,0.0,0.0,147487.66181511336,0.0
115.38396644592285,1874.592276,1963.527566,1840,0.0,0.0,146318.14193756573,0.0
115.43049359321594,1835.010957,1944.250074,1842,0.0,0.0,144881.62184001377,0.0
115.43051075935364,1835.010957,1927.864207,1842,0.0,0.0,143660.57984651625,0.0
115.43051481246948,1835.010957,1913.936219,1842,0.0,0.0,142622.6940737994,0.0
115.43051815032959,1835.010957,1902.09743,1842,0.0,0.0,141740.49122660447,0.0
115.43408727645874,1835.010957,1892.034459,1842,0.0,0.0,140990.6187804075,0.0
115.44409704208374,1665.658388,1858.078048,1842,0.0,0.0,138460.25503587918,0.0
115.45380306243896,1665.658388,1829.215099,1842,0.0,0.0,136309.44587911144,0.0
115.47144794464111,1672.032924,1805.637773,1843,0.0,0.0,134552.51076299083,0.0
115.47665476799011,1672.032924,1785.597046,1843,0.0,0.0,133059.1159217401,0.0
115.49510788917542,1624.768389,1761.472747,1843,0.0,0.0,131261.42147306114,0.0
115.53002715110779,1542.171408,1728.577546,1844,0.0,0.0,128810.13697248857,0.0
115.53004050254822,1542.171408,1700.616625,1844,0.0,0.0,126726.5451358242,0.0
115.53011012077332,1542.171408,1676.849843,1844,0.0,0.0,124955.49213799977,0.0
115.53015637397766,1542.171408,1656.648078,1844,0.0,0.0,123450.09706749361,0.0
115.5337188243866,1542.171408,1639.476577,1844,0.0,0.0,122170.5112016749,0.0
115.54372954368591,1472.388467,1614.41336,1845,0.0,0.0,120302.85046397074,0.0
115.55473685264587,1472.388467,1593.109626,1845,0.0,0.0,118715.3388704553,0.0
115.56422352790833,1437.529326,1569.772581,1845,0.0,0.0,116976.3090132532,0.0
115.5788323879242,1437.529326,1549.936093,1845,0.0,0.0,115498.13365326091,0.0
115.58830332756042,1374.820586,1523.668767,1846,0.0,0.0,113540.74512429931,0.0
115.63001585006714,1285.163452,1487.89297,1847,0.0,0.0,110874.80437866502,0.0
115.63003158569336,1285.163452,1457.483542,1847,0.0,0.0,108608.75470389095,0.0
115.6300778388977,1285.163452,1431.635528,1847,0.0,0.0,106682.61246542941,0.0
115.63016843795776,1285.163452,1409.664717,1847,0.0,0.0,105045.39162980331,0.0
115.63375449180603,1285.163452,1390.989527,1847,0.0,0.0,103653.7538710844,0.0
115.64373826980591,1245.694878,1369.19533,1847,0.0,0.0,102029.69395704028,0.0
115.65375232696533,1245.694878,1350.670262,1847,0.0,0.0,100649.24298911783,0.0
115.6665449142456,1171.922814,1323.858145,1847,0.0,0.0,98651.25772586811,0.0
115.67382264137268,1171.922814,1301.067845,1847,0.0,0.0,96952.97021112095,0.0
115.6903133392334,1140.451879,1276.975451,1848,0.0,0.0,95157.65325914708,0.0
115.72999501228333,1041.213964,1241.611228,1848,0.0,0.0,92522.38218374945,0.0
115.73001742362976,1041.213964,1211.551638,1848,0.0,0.0,90282.40173612835,0.0
115.7301094532013,1041.213964,1186.000987,1848,0.0,0.0,88378.41839290941,0.0
115.73019671440125,1041.213964,1164.282933,1848,0.0,0.0,86760.03250273663,0.0
115.73372340202332,1041.213964,1145.822588,1849,0.0,0.0,85384.40456315597,0.0
115.743732213974,997.984941,1123.646941,1849,0.0,0.0,83731.91975902699,0.0
115.75377678871155,967.878135,1100.28162,1849,0.0,0.0,81990.78283093213,0.0
115.76373076438904,967.878135,1080.421097,1849,0.0,0.0,80510.81643087382,0.0
115.77373886108398,922.313099,1056.704898,1849,0.0,0.0,78743.53277690879,0.0
115.78443098068237,874.697967,1029.403858,1849,0.0,0.0,76709.11395084622,0.0
115.83819818496704,823.942037,998.584585,1850,0.0,0.0,74412.52344745293,0.0
115.83820724487305,823.942037,972.388203,1850,0.0,0.0,72460.42152329453,0.0
115.83821034431458,823.942037,950.121278,1850,0.0,0.0,70801.13486540446,0.0
115.83821272850037,823.942037,931.194392,1850,0.0,0.0,69390.74122482742,0.0
115.838214635849,823.942037,915.106539,1850,0.0,0.0,68191.90663778874,0.0
115.84376049041748,777.757449,894.504175,1850,0.0,0.0,66656.6597320667,0.0
115.85383796691895,717.905169,868.014324,1850,0.0,0.0,64682.68908574731,0.0
115.86421751976013,717.905169,845.497951,1850,0.0,0.0,63004.814062457124,0.0
115.87381744384766,703.694993,824.227507,1850,0.0,0.0,61419.78317307308,0.0
115.88382840156555,656.153349,799.016384,1851,0.0,0.0,59541.100776454565,0.0
115.92789340019226,600.015264,769.166216,1851,0.0,0.0,57316.726036872125,0.0
115.92790174484253,600.015264,743.793573,1851,0.0,0.0,55426.007493323465,0.0
115.9279043674469,600.015264,722.226827,1851,0.0,0.0,53818.896772291984,0.0
115.92790627479553,600.015264,703.895092,1851,0.0,0.0,52452.852592349045,0.0
115.9471390247345,600.015264,688.313118,1851,0.0,0.0,51291.71509528604,0.0
115.94718551635742,557.531327,668.695849,1851,0.0,0.0,49829.87549615233,0.0
115.95374822616577,557.531327,652.021171,1851,0.0,0.0,48587.31188532538,0.0
115.96380591392517,500.042554,629.224378,1851,0.0,0.0,46888.54052522149,0.0
115.97376775741577,500.042554,609.847105,1851,0.0,0.0,45444.58494737709,0.0
115.98382997512817,453.163542,586.34457,1851,0.0,0.0,43693.22310679542,0.0
116.057701587677,373.067848,554.353062,1852,0.0,0.0,41309.279998791826,0.0
116.05771040916443,373.067848,527.16028,1852,0.0,0.0,39282.92834208516,0.0
116.05771350860596,373.067848,504.046415,1852,0.0,0.0,37560.52941152911,0.0
116.05771517753601,373.067848,484.39963,1852,0.0,0.0,36096.49033918597,0.0
116.05771708488464,373.067848,467.699863,1852,0.0,0.0,34852.057146323794,0.0
116.0577187538147,373.067848,453.505061,1852,0.0,0.0,33794.288928665046,0.0
116.05772089958191,373.067848,441.439479,1852,0.0,0.0,32895.1859212997,0.0
116.06375408172607,373.067848,431.183734,1852,0.0,0.0,32130.94834268377,0.0
116.07377195358276,291.994231,410.305309,1852,0.0,0.0,30575.129924098444,0.0
116.08379673957825,249.9979,386.259197,1852,0.0,0.0,28783.261814077414,0.0
116.12766313552856,192.610562,357.211902,1852,0.0,0.0,26618.71556257226,0.0
116.127676486969,192.610562,332.521701,1852,0.0,0.0,24778.85123016338,0.0
116.12771034240723,192.610562,311.53503,1852,0.0,0.0,23214.966536438125,0.0
116.12782907485962,192.610562,293.69636,1852,0.0,0.0,21885.664572852966,0.0
116.14635825157166,192.610562,278.53349,1852,0.0,0.0,20755.757866546573,0.0
116.14636826515198,135.074747,257.014679,1852,0.0,0.0,19152.21916571753,0.0
116.15427160263062,135.074747,238.723689,1852,0.0,0.0,17789.21122157615,0.0
116.17257285118103,109.380759,219.322249,1852,0.0,0.0,16343.454767290057,0.0
116.17480278015137,109.380759,202.831026,1852,0.0,0.0,15114.561855664873,0.0
116.18384099006653,78.124922,184.12511,1852,0.0,0.0,13720.634456959748,0.0
116.22645258903503,0.0,0.0,1852,0.0,0.0,0.0,0.0
116.22646713256836,0.0,0.0,1852,0.0,0.0,0.0,0.0
116.22649097442627,0.0,0.0,1852,0.0,0.0,0.0,0.0
116.2266538143158,0.0,0.0,1852,0.0,0.0,0.0,0.0
116.23382520675659,0.0,0.0,1852,0.0,0.0,0.0,0.0
116.24386692047119,0.0,0.0,1852,0.0,0.0,0.0,0.0
116.26858806610107,0.0,0.0,1852,0.0,0.0,0.0,0.0
116.26875329017639,0.0,0.0,1852,0.0,0.0,0.0,0.0
116.27397608757019,0.0,0.0,1852,0.0,0.0,0.0,0.0
116.29812264442444,0.0,0.0,1852,0.0,0.0,0.0,0.0
116.32983589172363,0.0,0.0,1852,0.0,0.0,0.0,0.0
116.32984399795532,0.0,0.0,1852,0.0,0.0,0.0,0.0
116.32984662055969,0.0,0.0,1852,0.0,0.0,0.0,0.0
116.32984852790833,0.0,0.0,1852,0.0,0.0,0.0,0.0
116.33697509765625,0.0,0.0,1852,0.0,0.0,0.0,0.0
116.35444569587708,0.0,0.0,1852,0.0,0.0,0.0,0.0
116.3544909954071,0.0,0.0,1852,0.0,0.0,0.0,0.0
116.36650466918945,0.0,0.0,1852,0.0,0.0,0.0,0.0
116.37461853027344,0.0,0.0,1852,0.0,0.0,0.0,0.0
116.38909268379211,0.0,0.0,1852,0.0,0.0,0.0,0.0
116.4229576587677,0.0,0.0,1852,0.0,0.0,0.0,0.0
116.42303037643433,0.0,0.0,1852,0.0,0.0,0.0,0.0
116.42310643196106,0.0,0.0,1852,0.0,0.0,0.0,0.0
116.42376208305359,0.0,0.0,1852,0.0,0.0,0.0,0.0
116.43384122848511,0.0,0.0,1852,0.0,0.0,0.0,0.0
116.44384598731995,0.0,0.0,1852,0.0,0.0,0.0,0.0
116.45383095741272,0.0,0.0,1852,0.0,0.0,0.0,0.0
116.4647228717804,0.0,0.0,1852,0.0,0.0,0.0,0.0
116.49229025840759,0.0,0.0,1852,0.0,0.0,0.0,0.0
116.49229860305786,0.0,0.0,1852,0.0,0.0,0.0,0.0
116.52280163764954,0.0,0.0,1852,0.0,0.0,0.0,0.0
116.52282786369324,0.0,0.0,1852,0.0,0.0,0.0,0.0
116.5229139328003,0.0,0.0,1852,0.0,0.0,0.0,0.0
116.52376794815063,0.0,0.0,1852,0.0,0.0,0.0,0.0
116.53383994102478,0.0,0.0,1852,0.0,0.0,0.0,0.0
116.543860912323,0.0,0.0,1852,0.0,0.0,0.0,0.0
116.55406951904297,0.0,0.0,1852,0.0,0.0,0.0,0.0
116.56423234939575,0.0,0.0,1852,0.0,0.0,0.0,0.0
116.57568669319153,0.0,0.0,1852,0.0,0.0,0.0,0.0
116.58458685874939,0.0,0.0,1852,0.0,0.0,0.0,0.0
116.6270968914032,0.0,0.0,1852,0.0,0.0,0.0,0.0
116.62710642814636,0.0,0.0,1852,0.0,0.0,0.0,0.0
116.62710952758789,0.0,0.0,1852,0.0,0.0,0.0,0.0
116.6271116733551,0.0,0.0,1852,0.0,0.0,0.0,0.0
116.63387799263,0.0,0.0,1852,0.0,0.0,0.0,0.0
116.64388036727905,0.0,0.0,1852,0.0,0.0,0.0,0.0
116.6539945602417,0.0,0.0,1852,0.0,0.0,0.0,0.0
116.66388964653015,0.0,0.0,1852,0.0,0.0,0.0,0.0
116.67390608787537,0.0,0.0,1852,0.0,0.0,0.0,0.0
116.68422508239746,0.0,0.0,1852,0.0,0.0,0.0,0.0
116.73553085327148,0.0,0.0,1852,0.0,0.0,0.0,0.0
116.73554015159607,0.0,0.0,1852,0.0,0.0,0.0,0.0
116.73554277420044,0.0,0.0,1852,0.0,0.0,0.0,0.0
116.73554491996765,0.0,0.0,1852,0.0,0.0,0.0,0.0
116.73554706573486,0.0,0.0,1852,0.0,0.0,0.0,0.0
116.75757098197937,0.0,0.0,1852,0.0,0.0,0.0,0.0
116.75758242607117,0.0,0.0,1852,0.0,0.0,0.0,0.0
116.76389002799988,0.0,0.0,1852,0.0,0.0,0.0,0.0
116.77390718460083,0.0,0.0,1852,0.0,0.0,0.0,0.0
116.78424191474915,0.0,0.0,1852,0.0,0.0,0.0,0.0
116.82588052749634,0.0,0.0,1852,0.0,0.0,0.0,0.0
116.82588911056519,0.0,0.0,1852,0.0,0.0,0.0,0.0
116.82589173316956,0.0,0.0,1852,0.0,0.0,0.0,0.0
116.82589364051819,0.0,0.0,1852,0.0,0.0,0.0,0.0
116.83535766601562,0.0,0.0,1852,0.0,0.0,0.0,0.0
116.86212158203125,0.0,0.0,1852,0.0,0.0,0.0,0.0
116.86215901374817,0.0,0.0,1852,0.0,0.0,0.0,0.0
116.86399722099304,0.0,0.0,1852,0.0,0.0,0.0,0.0
116.88746929168701,0.0,0.0,1852,0.0,0.0,0.0,0.0
116.89464735984802,0.0,0.0,1852,0.0,0.0,0.0,0.0
116.92284297943115,0.0,0.0,1852,0.0,0.0,0.0,0.0
116.92287492752075,0.0,0.0,1852,0.0,0.0,0.0,0.0
116.92298793792725,0.0,0.0,1852,0.0,0.0,0.0,0.0
116.92405843734741,0.0,0.0,1852,0.0,0.0,0.0,0.0
116.93775606155396,0.0,0.0,1852,0.0,0.0,0.0,0.0
116.95130109786987,0.0,0.0,1852,0.0,0.0,0.0,0.0
116.95873641967773,0.0,0.0,1852,0.0,0.0,0.0,0.0
116.96393537521362,0.0,0.0,1852,0.0,0.0,0.0,0.0
116.98889327049255,0.0,0.0,1852,0.0,0.0,0.0,0.0
116.98892784118652,0.0,0.0,1852,0.0,0.0,0.0,0.0
117.05118155479431,0.0,0.0,1852,0.0,0.0,0.0,0.0
117.05119204521179,0.0,0.0,1852,0.0,0.0,0.0,0.0
117.05128836631775,0.0,0.0,1852,0.0,0.0,0.0,0.0
117.05139803886414,0.0,0.0,1852,0.0,0.0,0.0,0.0
117.05145740509033,0.0,0.0,1852,0.0,0.0,0.0,0.0
117.05156707763672,0.0,0.0,1852,0.0,0.0,0.0,0.0
117.05833029747009,0.0,0.0,1852,0.0,0.0,0.0,0.0
117.08270788192749,0.0,0.0,1852,0.0,0.0,0.0,0.0
117.08274102210999,0.0,0.0,1852,0.0,0.0,0.0,0.0
117.0839171409607,0.0,0.0,1852,0.0,0.0,0.0,0.0
117.13102221488953,0.0,0.0,1852,0.0,0.0,0.0,0.0
117.1310305595398,0.0,0.0,1852,0.0,0.0,0.0,0.0
117.13103413581848,0.0,0.0,1852,0.0,0.0,0.0,0.0
117.13143372535706,0.0,0.0,1852,0.0,0.0,0.0,0.0
117.13403248786926,0.0,0.0,1852,0.0,0.0,0.0,0.0
117.165109872818,0.0,0.0,1852,0.0,0.0,0.0,0.0
117.16798233985901,0.0,0.0,1852,0.0,0.0,0.0,0.0
117.16799092292786,0.0,0.0,1852,0.0,0.0,0.0,0.0
117.17537665367126,0.0,0.0,1852,0.0,0.0,0.0,0.0
117.19014859199524,0.0,0.0,1852,0.0,0.0,0.0,0.0
117.28008246421814,0.0,0.0,1852,0.0,0.0,0.0,0.0
117.28009486198425,0.0,0.0,1852,0.0,0.0,0.0,0.0
117.28009819984436,0.0,0.0,1852,0.0,0.0,0.0,0.0
117.28010058403015,0.0,0.0,1852,0.0,0.0,0.0,0.0
117.28010249137878,0.0,0.0,1852,0.0,0.0,0.0,0.0
117.28010487556458,0.0,0.0,1852,0.0,0.0,0.0,0.0
117.28010678291321,0.0,0.0,1852,0.0,0.0,0.0,0.0
117.28010892868042,0.0,0.0,1852,0.0,0.0,0.0,0.0
117.28019618988037,0.0,0.0,1852,0.0,0.0,0.0,0.0
117.28754210472107,0.0,0.0,1852,0.0,0.0,0.0,0.0
117.34028267860413,0.0,0.0,1852,0.0,0.0,0.0,0.0
117.3402943611145,0.0,0.0,1852,0.0,0.0,0.0,0.0
117.3403787612915,0.0,0.0,1852,0.0,0.0,0.0,0.0
117.34048414230347,0.0,0.0,1852,0.0,0.0,0.0,0.0
117.34055781364441,0.0,0.0,1852,0.0,0.0,0.0,0.0
117.34396529197693,0.0,0.0,1852,0.0,0.0,0.0,0.0
117.35541772842407,0.0,0.0,1852,0.0,0.0,0.0,0.0
117.3639657497406,0.0,0.0,1852,0.0,0.0,0.0,0.0
117.39056015014648,0.0,0.0,1852,0.0,0.0,0.0,0.0
117.39057087898254,0.0,0.0,1852,0.0,0.0,0.0,0.0
117.42459607124329,0.0,0.0,1852,0.0,0.0,0.0,0.0
117.42461681365967,0.0,0.0,1852,0.0,0.0,0.0,0.0
117.42480278015137,0.0,0.0,1852,0.0,0.0,0.0,0.0
117.42481327056885,0.0,0.0,1852,0.0,0.0,0.0,0.0
117.43401718139648,0.0,0.0,1852,0.0,0.0,0.0,0.0
117.44398045539856,0.0,0.0,1852,0.0,0.0,0.0,0.0
117.45395851135254,0.0,0.0,1852,0.0,0.0,0.0,0.0
117.4655532836914,0.0,0.0,1852,0.0,0.0,0.0,0.0
117.47400856018066,0.0,0.0,1852,0.0,0.0,0.0,0.0
117.49534773826599,0.0,0.0,1852,0.0,0.0,0.0,0.0
117.53238677978516,0.0,0.0,1852,0.0,0.0,0.0,0.0
117.53239798545837,0.0,0.0,1852,0.0,0.0,0.0,0.0
117.53240156173706,0.0,0.0,1852,0.0,0.0,0.0,0.0
117.53240466117859,0.0,0.0,1852,0.0,0.0,0.0,0.0
117.5339617729187,0.0,0.0,1852,0.0,0.0,0.0,0.0
117.54400849342346,0.0,0.0,1852,0.0,0.0,0.0,0.0
117.55462002754211,0.0,0.0,1852,0.0,0.0,0.0,0.0
117.56407427787781,0.0,0.0,1852,0.0,0.0,0.0,0.0
117.58394193649292,0.0,0.0,1852,0.0,0.0,0.0,0.0
117.59672975540161,0.0,0.0,1852,0.0,0.0,0.0,0.0
117.62825775146484,0.0,0.0,1852,0.0,0.0,0.0,0.0
117.62826871871948,0.0,0.0,1852,0.0,0.0,0.0,0.0
117.62827253341675,0.0,0.0,1852,0.0,0.0,0.0,0.0
117.62827563285828,0.0,0.0,1852,0.0,0.0,0.0,0.0
117.63402581214905,0.0,0.0,1852,0.0,0.0,0.0,0.0
117.64399886131287,0.0,0.0,1852,0.0,0.0,0.0,0.0
117.6540014743805,0.0,0.0,1852,0.0,0.0,0.0,0.0
117.66549730300903,0.0,0.0,1852,0.0,0.0,0.0,0.0
117.6740334033966,0.0,0.0,1852,0.0,0.0,0.0,0.0
117.7020959854126,0.0,0.0,1852,0.0,0.0,0.0,0.0
117.74041247367859,0.0,0.0,1852,0.0,0.0,0.0,0.0
117.74042654037476,0.0,0.0,1852,0.0,0.0,0.0,0.0
117.7404305934906,0.0,0.0,1852,0.0,0.0,0.0,0.0
117.74043369293213,0.0,0.0,1852,0.0,0.0,0.0,0.0
117.7404625415802,0.0,0.0,1852,0.0,0.0,0.0,0.0
117.74400162696838,0.0,0.0,1852,0.0,0.0,0.0,0.0
117.75413489341736,0.0,0.0,1852,0.0,0.0,0.0,0.0
117.76402568817139,0.0,0.0,1852,0.0,0.0,0.0,0.0
117.77403473854065,0.0,0.0,1852,0.0,0.0,0.0,0.0
117.78404331207275,0.0,0.0,1852,0.0,0.0,0.0,0.0
117.82444071769714,0.0,0.0,1852,0.0,0.0,0.0,0.0
117.82445359230042,0.0,0.0,1852,0.0,0.0,0.0,0.0
117.8244571685791,0.0,0.0,1852,0.0,0.0,0.0,0.0
117.82446050643921,0.0,0.0,1852,0.0,0.0,0.0,0.0
117.8341121673584,0.0,0.0,1852,0.0,0.0,0.0,0.0
117.85425329208374,0.0,0.0,1852,0.0,0.0,0.0,0.0
117.85426354408264,0.0,0.0,1852,0.0,0.0,0.0,0.0
117.8640365600586,0.0,0.0,1852,0.0,0.0,0.0,0.0
117.87400531768799,0.0,0.0,1852,0.0,0.0,0.0,0.0
117.88404774665833,0.0,0.0,1852,0.0,0.0,0.0,0.0
117.93531346321106,0.0,0.0,1852,0.0,0.0,0.0,0.0
117.93532395362854,0.0,0.0,1852,0.0,0.0,0.0,0.0
117.9353277683258,0.0,0.0,1852,0.0,0.0,0.0,0.0
117.93533062934875,0.0,0.0,1852,0.0,0.0,0.0,0.0
117.9353334903717,0.0,0.0,1852,0.0,0.0,0.0,0.0
117.94399309158325,0.0,0.0,1852,0.0,0.0,0.0,0.0
117.96512603759766,0.0,0.0,1852,0.0,0.0,0.0,0.0
117.96513557434082,0.0,0.0,1852,0.0,0.0,0.0,0.0
117.97398686408997,0.0,0.0,1852,0.0,0.0,0.0,0.0
117.9843761920929,0.0,0.0,1852,0.0,0.0,0.0,0.0
118.05271005630493,0.0,0.0,1852,0.0,0.0,0.0,0.0
118.05271887779236,0.0,0.0,1852,0.0,0.0,0.0,0.0
118.05272221565247,0.0,0.0,1852,0.0,0.0,0.0,0.0
118.05272507667542,0.0,0.0,1852,0.0,0.0,0.0,0.0
118.0527274608612,0.0,0.0,1852,0.0,0.0,0.0,0.0
118.052729845047,0.0,0.0,1852,0.0,0.0,0.0,0.0
118.05396938323975,0.0,0.0,1852,0.0,0.0,0.0,0.0
118.07452893257141,0.0,0.0,1852,0.0,0.0,0.0,0.0
118.07453799247742,0.0,0.0,1852,0.0,0.0,0.0,0.0
118.08401155471802,0.0,0.0,1852,0.0,0.0,0.0,0.0
118.12302851676941,0.0,0.0,1852,0.0,0.0,0.0,0.0
118.12304186820984,0.0,0.0,1852,0.0,0.0,0.0,0.0
118.12312269210815,0.0,0.0,1852,0.0,0.0,0.0,0.0
118.12401366233826,0.0,0.0,1852,0.0,0.0,0.0,0.0
118.14387106895447,0.0,0.0,1852,0.0,0.0,0.0,0.0
118.15591287612915,0.0,0.0,1852,0.0,0.0,0.0,0.0
118.1559693813324,0.0,0.0,1852,0.0,0.0,0.0,0.0
118.16400718688965,0.0,0.0,1852,0.0,0.0,0.0,0.0
118.17411661148071,0.0,0.0,1852,0.0,0.0,0.0,0.0
118.18413662910461,0.0,0.0,1852,0.0,0.0,0.0,0.0
118.22327923774719,0.0,0.0,1852,0.0,0.0,0.0,0.0
118.2232985496521,0.0,0.0,1852,0.0,0.0,0.0,0.0
118.22330355644226,0.0,0.0,1852,0.0,0.0,0.0,0.0
118.22439885139465,0.0,0.0,1852,0.0,0.0,0.0,0.0
118.23444414138794,0.0,0.0,1852,0.0,0.0,0.0,0.0
118.24429440498352,0.0,0.0,1852,0.0,0.0,0.0,0.0
118.25441718101501,0.0,0.0,1852,0.0,0.0,0.0,0.0
118.26442790031433,0.0,0.0,1852,0.0,0.0,0.0,0.0
118.27441477775574,0.0,0.0,1852,0.0,0.0,0.0,0.0
118.28440833091736,0.0,0.0,1852,0.0,0.0,0.0,0.0
118.32329297065735,0.0,0.0,1852,0.0,0.0,0.0,0.0
118.32330918312073,0.0,0.0,1852,0.0,0.0,0.0,0.0
118.32331371307373,0.0,0.0,1852,0.0,0.0,0.0,0.0
118.3240852355957,0.0,0.0,1852,0.0,0.0,0.0,0.0
118.33442330360413,0.0,0.0,1852,0.0,0.0,0.0,0.0
118.34441661834717,0.0,0.0,1852,0.0,0.0,0.0,0.0
118.3544249534607,0.0,0.0,1852,0.0,0.0,0.0,0.0
118.36442041397095,0.0,0.0,1852,0.0,0.0,0.0,0.0
118.37517261505127,0.0,0.0,1852,0.0,0.0,0.0,0.0
118.38423180580139,0.0,0.0,1852,0.0,0.0,0.0,0.0
118.42298460006714,0.0,0.0,1852,0.0,0.0,0.0,0.0
118.4230260848999,0.0,0.0,1852,0.0,0.0,0.0,0.0
118.42307019233704,0.0,0.0,1852,0.0,0.0,0.0,0.0
118.42402291297913,0.0,0.0,1852,0.0,0.0,0.0,0.0
118.45482206344604,0.0,0.0,1852,0.0,0.0,0.0,0.0
118.45483469963074,0.0,0.0,1852,0.0,0.0,0.0,0.0
118.454838514328,0.0,0.0,1852,0.0,0.0,0.0,0.0
118.46471548080444,0.0,0.0,1852,0.0,0.0,0.0,0.0
118.47428011894226,0.0,0.0,1852,0.0,0.0,0.0,0.0
118.48453903198242,0.0,0.0,1852,0.0,0.0,0.0,0.0
118.54118466377258,0.0,0.0,1852,0.0,0.0,0.0,0.0
118.54119873046875,0.0,0.0,1852,0.0,0.0,0.0,0.0
118.5412027835846,0.0,0.0,1852,0.0,0.0,0.0,0.0
118.5412061214447,0.0,0.0,1852,0.0,0.0,0.0,0.0
118.54123520851135,0.0,0.0,1852,0.0,0.0,0.0,0.0
118.54419374465942,0.0,0.0,1852,0.0,0.0,0.0,0.0
118.55409669876099,0.0,0.0,1852,0.0,0.0,0.0,0.0
118.56425595283508,0.0,0.0,1852,0.0,0.0,0.0,0.0
118.57711720466614,0.0,0.0,1852,0.0,0.0,0.0,0.0
118.59102416038513,0.0,0.0,1852,0.0,0.0,0.0,0.0
118.62322902679443,0.0,0.0,1852,0.0,0.0,0.0,0.0
118.62324953079224,0.0,0.0,1852,0.0,0.0,0.0,0.0
118.62329006195068,0.0,0.0,1852,0.0,0.0,0.0,0.0
118.62403225898743,0.0,0.0,1852,0.0,0.0,0.0,0.0
118.63415098190308,0.0,0.0,1852,0.0,0.0,0.0,0.0
118.64413404464722,0.0,0.0,1852,0.0,0.0,0.0,0.0
118.6541268825531,0.0,0.0,1852,0.0,0.0,0.0,0.0
118.66413640975952,0.0,0.0,1852,0.0,0.0,0.0,0.0
118.67436027526855,0.0,0.0,1852,0.0,0.0,0.0,0.0
118.69349360466003,0.0,0.0,1852,0.0,0.0,0.0,0.0
118.73173689842224,0.0,0.0,1852,0.0,0.0,0.0,0.0
118.73175001144409,0.0,0.0,1852,0.0,0.0,0.0,0.0
118.73175358772278,0.0,0.0,1852,0.0,0.0,0.0,0.0
118.73175692558289,0.0,0.0,1852,0.0,0.0,0.0,0.0
118.73407459259033,0.0,0.0,1852,0.0,0.0,0.0,0.0
118.74411869049072,0.0,0.0,1852,0.0,0.0,0.0,0.0
118.75424551963806,0.0,0.0,1852,0.0,0.0,0.0,0.0
118.7641613483429,0.0,0.0,1852,0.0,0.0,0.0,0.0
118.77515530586243,0.0,0.0,1852,0.0,0.0,0.0,0.0
118.79986023902893,0.0,0.0,1852,0.0,0.0,0.0,0.0
118.83061003684998,0.0,0.0,1852,0.0,0.0,0.0,0.0
118.83062052726746,0.0,0.0,1852,0.0,0.0,0.0,0.0
118.83062410354614,0.0,0.0,1852,0.0,0.0,0.0,0.0
118.83062744140625,0.0,0.0,1852,0.0,0.0,0.0,0.0
118.8342444896698,0.0,0.0,1852,0.0,0.0,0.0,0.0
118.84422373771667,0.0,0.0,1852,0.0,0.0,0.0,0.0
118.8542001247406,0.0,0.0,1852,0.0,0.0,0.0,0.0
118.8646867275238,0.0,0.0,1852,0.0,0.0,0.0,0.0
118.87535071372986,0.0,0.0,1852,0.0,0.0,0.0,0.0
118.88416695594788,0.0,0.0,1852,0.0,0.0,0.0,0.0
118.94043755531311,0.0,0.0,1852,0.0,0.0,0.0,0.0
118.94045042991638,0.0,0.0,1852,0.0,0.0,0.0,0.0
118.9404547214508,0.0,0.0,1852,0.0,0.0,0.0,0.0
118.94045782089233,0.0,0.0,1852,0.0,0.0,0.0,0.0
118.94048237800598,0.0,0.0,1852,0.0,0.0,0.0,0.0
118.94410634040833,0.0,0.0,1852,0.0,0.0,0.0,0.0
118.95414352416992,0.0,0.0,1852,0.0,0.0,0.0,0.0
118.9641215801239,0.0,0.0,1852,0.0,0.0,0.0,0.0
118.97412300109863,0.0,0.0,1852,0.0,0.0,0.0,0.0
118.98557162284851,0.0,0.0,1852,0.0,0.0,0.0,0.0
119.05093312263489,0.0,0.0,1852,0.0,0.0,0.0,0.0
119.0509557723999,0.0,0.0,1852,0.0,0.0,0.0,0.0
119.05099964141846,0.0,0.0,1852,0.0,0.0,0.0,0.0
119.0511064529419,0.0,0.0,1852,0.0,0.0,0.0,0.0
119.05117154121399,0.0,0.0,1852,0.0,0.0,0.0,0.0
119.05126166343689,0.0,0.0,1852,0.0,0.0,0.0,0.0
119.05409598350525,0.0,0.0,1852,0.0,0.0,0.0,0.0
119.06414413452148,0.0,0.0,1852,0.0,0.0,0.0,0.0
119.07413125038147,0.0,0.0,1852,0.0,0.0,0.0,0.0
119.08413314819336,0.0,0.0,1852,0.0,0.0,0.0,0.0
119.13118433952332,0.0,0.0,1852,0.0,0.0,0.0,0.0
119.13119435310364,0.0,0.0,1852,0.0,0.0,0.0,0.0
119.1311981678009,0.0,0.0,1852,0.0,0.0,0.0,0.0
119.13120102882385,0.0,0.0,1852,0.0,0.0,0.0,0.0
119.13899874687195,0.0,0.0,1852,0.0,0.0,0.0,0.0
119.15800285339355,0.0,0.0,1852,0.0,0.0,0.0,0.0
119.16096591949463,0.0,0.0,1852,0.0,0.0,0.0,0.0
119.16412234306335,0.0,0.0,1852,0.0,0.0,0.0,0.0
119.1741464138031,0.0,0.0,1852,0.0,0.0,0.0,0.0
119.18450236320496,0.0,0.0,1852,0.0,0.0,0.0,0.0
119.2356607913971,0.0,0.0,1852,0.0,0.0,0.0,0.0
119.23567366600037,0.0,0.0,1852,0.0,0.0,0.0,0.0
119.23567748069763,0.0,0.0,1852,0.0,0.0,0.0,0.0
119.23568058013916,0.0,0.0,1852,0.0,0.0,0.0,0.0
119.24759912490845,0.0,0.0,1852,0.0,0.0,0.0,0.0
119.2476544380188,0.0,0.0,1852,0.0,0.0,0.0,0.0
119.25555801391602,0.0,0.0,1852,0.0,0.0,0.0,0.0
119.277508020401,0.0,0.0,1852,0.0,0.0,0.0,0.0
119.27754402160645,0.0,0.0,1852,0.0,0.0,0.0,0.0
119.28427338600159,0.0,0.0,1852,0.0,0.0,0.0,0.0
119.32311677932739,0.0,0.0,1852,0.0,0.0,0.0,0.0
119.3231291770935,0.0,0.0,1852,0.0,0.0,0.0,0.0
119.32329249382019,0.0,0.0,1852,0.0,0.0,0.0,0.0
119.32417345046997,0.0,0.0,1852,0.0,0.0,0.0,0.0
119.33494687080383,0.0,0.0,1852,0.0,0.0,0.0,0.0
119.35864472389221,0.0,0.0,1852,0.0,0.0,0.0,0.0
119.35870409011841,0.0,0.0,1852,0.0,0.0,0.0,0.0
119.36631274223328,0.0,0.0,1852,0.0,0.0,0.0,0.0
119.38828372955322,0.0,0.0,1852,0.0,0.0,0.0,0.0
119.38831734657288,0.0,0.0,1852,0.0,0.0,0.0,0.0
119.42312788963318,0.0,0.0,1852,0.0,0.0,0.0,0.0
119.42314076423645,0.0,0.0,1852,0.0,0.0,0.0,0.0
119.42323303222656,0.0,0.0,1852,0.0,0.0,0.0,0.0
119.42418241500854,0.0,0.0,1852,0.0,0.0,0.0,0.0
119.43425250053406,0.0,0.0,1852,0.0,0.0,0.0,0.0
119.44504022598267,0.0,0.0,1852,0.0,0.0,0.0,0.0
119.4682891368866,0.0,0.0,1852,0.0,0.0,0.0,0.0
119.4683358669281,0.0,0.0,1852,0.0,0.0,0.0,0.0
119.47613549232483,0.0,0.0,1852,0.0,0.0,0.0,0.0
119.49814987182617,0.0,0.0,1852,0.0,0.0,0.0,0.0
119.52322316169739,0.0,0.0,1852,0.0,0.0,0.0,0.0
119.5232343673706,0.0,0.0,1852,0.0,0.0,0.0,0.0
119.52323842048645,0.0,0.0,1852,0.0,0.0,0.0,0.0
119.52417659759521,0.0,0.0,1852,0.0,0.0,0.0,0.0
119.53420782089233,0.0,0.0,1852,0.0,0.0,0.0,0.0
119.54420948028564,0.0,0.0,1852,0.0,0.0,0.0,0.0
119.5553207397461,0.0,0.0,1852,0.0,0.0,0.0,0.0
119.57238435745239,0.0,0.0,1852,0.0,0.0,0.0,0.0
119.57868504524231,0.0,0.0,1852,0.0,0.0,0.0,0.0
119.586177110672,0.0,0.0,1852,0.0,0.0,0.0,0.0
119.62312650680542,0.0,0.0,1852,0.0,0.0,0.0,0.0
119.62313675880432,0.0,0.0,1852,0.0,0.0,0.0,0.0
119.62315249443054,0.0,0.0,1852,0.0,0.0,0.0,0.0
119.62423944473267,0.0,0.0,1852,0.0,0.0,0.0,0.0
119.63503956794739,0.0,0.0,1852,0.0,0.0,0.0,0.0
119.64427447319031,0.0,0.0,1852,0.0,0.0,0.0,0.0
119.67446899414062,0.0,0.0,1852,0.0,0.0,0.0,0.0
119.67448115348816,0.0,0.0,1852,0.0,0.0,0.0,0.0
119.67451572418213,0.0,0.0,1852,0.0,0.0,0.0,0.0
119.70127320289612,0.0,0.0,1852,0.0,0.0,0.0,0.0
119.72374057769775,0.0,0.0,1852,0.0,0.0,0.0,0.0
119.72374939918518,0.0,0.0,1852,0.0,0.0,0.0,0.0
119.72375440597534,0.0,0.0,1852,0.0,0.0,0.0,0.0
119.72417688369751,0.0,0.0,1852,0.0,0.0,0.0,0.0
119.73421835899353,0.0,0.0,1852,0.0,0.0,0.0,0.0
119.74426794052124,0.0,0.0,1852,0.0,0.0,0.0,0.0
119.75492119789124,0.0,0.0,1852,0.0,0.0,0.0,0.0
119.76434898376465,0.0,0.0,1852,0.0,0.0,0.0,0.0
119.77950358390808,0.0,0.0,1852,0.0,0.0,0.0,0.0
119.79089546203613,0.0,0.0,1852,0.0,0.0,0.0,0.0
119.82317757606506,0.0,0.0,1852,0.0,0.0,0.0,0.0
119.82319903373718,0.0,0.0,1852,0.0,0.0,0.0,0.0
119.82327246665955,0.0,0.0,1852,0.0,0.0,0.0,0.0
119.82418489456177,0.0,0.0,1852,0.0,0.0,0.0,0.0
119.83432340621948,0.0,0.0,1852,0.0,0.0,0.0,0.0
119.84431838989258,0.0,0.0,1852,0.0,0.0,0.0,0.0
119.8542959690094,0.0,0.0,1852,0.0,0.0,0.0,0.0
119.86630868911743,0.0,0.0,1852,0.0,0.0,0.0,0.0
119.87432146072388,0.0,0.0,1852,0.0,0.0,0.0,0.0
119.88984107971191,0.0,0.0,1852,0.0,0.0,0.0,0.0
119.9274730682373,0.0,0.0,1852,0.0,0.0,0.0,0.0
119.92748260498047,0.0,0.0,1852,0.0,0.0,0.0,0.0
119.92748594284058,0.0,0.0,1852,0.0,0.0,0.0,0.0
119.9274890422821,0.0,0.0,1852,0.0,0.0,0.0,0.0
119.93422818183899,0.0,0.0,1852,0.0,0.0,0.0,0.0
119.94426608085632,0.0,0.0,1852,0.0,0.0,0.0,0.0
119.95424604415894,0.0,0.0,1852,0.0,0.0,0.0,0.0
119.96427631378174,0.0,0.0,1852,0.0,0.0,0.0,0.0
