t (s),Raw RPM,Filtered RPM,Revolutions,Torque,Power (W),N_Re,N_Po
0.0,0.0,0.0,7016,0.0,0.0,0.0,0.0
0.01,0.0,0.0,7016,0.0,0.0,0.0,0.0
0.02,0.0,0.0,7016,0.0,0.0,0.0,0.0
0.03,0.0,0.0,7016,0.0,0.0,0.0,0.0
0.04,0.0,0.0,7016,0.0,0.0,0.0,0.0
0.05,0.0,0.0,7016,0.0,0.0,0.0,0.0
0.06,0.0,0.0,7016,0.0,0.0,0.0,0.0
0.07,0.0,0.0,7016,0.0,0.0,0.0,0.0
0.08,0.0,0.0,7016,0.0,0.0,0.0,0.0
0.09,0.0,0.0,7016,0.0,0.0,0.0,0.0
0.1,0.0,0.0,7016,0.0,0.0,0.0,0.0
0.11,0.0,0.0,7016,0.0,0.0,0.0,0.0
0.12,0.0,0.0,7016,0.0,0.0,0.0,0.0
0.13,0.0,0.0,7016,0.0,0.0,0.0,0.0
0.14,0.0,0.0,7016,0.0,0.0,0.0,0.0
0.15,0.0,0.0,7016,0.0,0.0,0.0,0.0
0.16,0.0,0.0,7016,0.0,0.0,0.0,0.0
0.17,0.0,0.0,7016,0.0,0.0,0.0,0.0
0.18,0.0,0.0,7016,0.0,0.0,0.0,0.0
0.19,0.0,0.0,7016,0.0,0.0,0.0,0.0
0.2,0.0,0.0,7016,0.0,0.0,0.0,0.0
0.21,0.0,0.0,7016,0.0,0.0,0.0,0.0
0.22,0.0,0.0,7016,0.0,0.0,0.0,0.0
0.23,0.0,0.0,7016,0.0,0.0,0.0,0.0
0.24,0.0,0.0,7016,0.0,0.0,0.0,0.0
0.25,0.0,0.0,7016,0.0,0.0,0.0,0.0
0.26,0.0,0.0,7016,0.0,0.0,0.0,0.0
0.27,0.0,0.0,7016,0.0,0.0,0.0,0.0
0.28,0.0,0.0,7016,0.0,0.0,0.0,0.0
0.29,0.0,0.0,7016,0.0,0.0,0.0,0.0
0.3,0.0,0.0,7016,0.0,0.0,0.0,0.0
0.31,0.0,0.0,7016,0.0,0.0,0.0,0.0
0.32,0.0,0.0,7016,0.0,0.0,0.0,0.0
0.33,0.0,0.0,7016,0.0,0.0,0.0,0.0
0.34,0.0,0.0,7016,0.0,0.0,0.0,0.0
0.35000000000000003,0.0,0.0,7016,0.0,0.0,0.0,0.0
0.36,0.0,0.0,7016,0.0,0.0,0.0,0.0
0.37,0.0,0.0,7016,0.0,0.0,0.0,0.0
0.38,0.0,0.0,7016,0.0,0.0,0.0,0.0
0.39,0.0,0.0,7016,0.0,0.0,0.0,0.0
0.4,0.0,0.0,7016,0.0,0.0,0.0,0.0
0.41000000000000003,0.0,0.0,7016,0.0,0.0,0.0,0.0
0.42,0.0,0.0,7016,0.0,0.0,0.0,0.0
0.43,0.0,0.0,7016,0.0,0.0,0.0,0.0
0.44,0.0,0.0,7016,0.0,0.0,0.0,0.0
0.45,0.0,0.0,7016,0.0,0.0,0.0,0.0
0.46,0.0,0.0,7016,0.0,0.0,0.0,0.0
0.47000000000000003,0.0,0.0,7016,0.0,0.0,0.0,0.0
0.48,0.0,0.0,7016,0.0,0.0,0.0,0.0
0.49,0.0,0.0,7016,0.0,0.0,0.0,0.0
0.5,0.0,0.0,7016,0.0,0.0,0.0,0.0
0.51,0.0,0.0,7016,0.0,0.0,0.0,0.0
0.52,0.0,0.0,7016,0.0,0.0,0.0,0.0
0.53,0.0,0.0,7016,0.0,0.0,0.0,0.0
0.54,0.0,0.0,7016,0.0,0.0,0.0,0.0
0.55,0.0,0.0,7016,0.0,0.0,0.0,0.0
0.56,0.0,0.0,7016,0.0,0.0,0.0,0.0
0.5700000000000001,0.0,0.0,7016,0.0,0.0,0.0,0.0
0.58,0.0,0.0,7016,0.0,0.0,0.0,0.0
0.59,0.0,0.0,7016,0.0,0.0,0.0,0.0
0.6,0.0,0.0,7016,0.0,0.0,0.0,0.0
0.61,0.0,0.0,7016,0.0,0.0,0.0,0.0
0.62,0.0,0.0,7016,0.0,0.0,0.0,0.0
0.63,0.0,0.0,7016,0.0,0.0,0.0,0.0
0.64,0.0,0.0,7016,0.0,0.0,0.0,0.0
0.65,0.0,0.0,7016,0.0,0.0,0.0,0.0
0.66,0.0,0.0,7016,0.0,0.0,0.0,0.0
0.67,0.0,0.0,7016,0.0,0.0,0.0,0.0
0.68,0.0,0.0,7016,0.0,0.0,0.0,0.0
0.6900000000000001,0.0,0.0,7016,0.0,0.0,0.0,0.0
0.7000000000000001,0.0,0.0,7016,0.0,0.0,0.0,0.0
0.71,0.0,0.0,7016,0.0,0.0,0.0,0.0
0.72,0.0,0.0,7016,0.0,0.0,0.0,0.0
0.73,0.0,0.0,7016,0.0,0.0,0.0,0.0
0.74,0.0,0.0,7016,0.0,0.0,0.0,0.0
0.75,0.0,0.0,7016,0.0,0.0,0.0,0.0
0.76,0.0,0.0,7016,0.0,0.0,0.0,0.0
0.77,0.0,0.0,7016,0.0,0.0,0.0,0.0
0.78,0.0,0.0,7016,0.0,0.0,0.0,0.0
0.79,0.0,0.0,7016,0.0,0.0,0.0,0.0
0.8,0.0,0.0,7016,0.0,0.0,0.0,0.0
0.81,0.0,0.0,7016,0.0,0.0,0.0,0.0
0.8200000000000001,0.0,0.0,7016,0.0,0.0,0.0,0.0
0.8300000000000001,0.0,0.0,7016,0.0,0.0,0.0,0.0
0.84,0.0,0.0,7016,0.0,0.0,0.0,0.0
0.85,0.0,0.0,7016,0.0,0.0,0.0,0.0
0.86,0.0,0.0,7016,0.0,0.0,0.0,0.0
0.87,0.0,0.0,7016,0.0,0.0,0.0,0.0
0.88,0.0,0.0,7016,0.0,0.0,0.0,0.0
0.89,0.0,0.0,7016,0.0,0.0,0.0,0.0
0.9,0.0,0.0,7016,0.0,0.0,0.0,0.0
0.91,0.0,0.0,7016,0.0,0.0,0.0,0.0
0.92,0.0,0.0,7016,0.0,0.0,0.0,0.0
0.93,0.0,0.0,7016,0.0,0.0,0.0,0.0
0.9400000000000001,0.0,0.0,7016,0.0,0.0,0.0,0.0
0.9500000000000001,0.0,0.0,7016,0.0,0.0,0.0,0.0
0.96,0.0,0.0,7016,0.0,0.0,0.0,0.0
0.97,0.0,0.0,7016,0.0,0.0,0.0,0.0
0.98,0.0,0.0,7016,0.0,0.0,0.0,0.0
0.99,0.0,0.0,7016,0.0,0.0,0.0,0.0
1.0,0.0,0.0,7016,0.0,0.0,0.0,0.0
1.01,0.0,0.0,7016,0.0,0.0,0.0,0.0
1.02,0.0,0.0,7016,0.0,0.0,0.0,0.0
1.03,0.0,0.0,7016,0.0,0.0,0.0,0.0
1.04,0.0,0.0,7016,0.0,0.0,0.0,0.0
1.05,0.0,0.0,7016,0.0,0.0,0.0,0.0
1.06,0.0,0.0,7016,0.0,0.0,0.0,0.0
1.07,0.0,0.0,7016,0.0,0.0,0.0,0.0
1.08,0.0,0.0,7016,0.0,0.0,0.0,0.0
1.09,0.0,0.0,7016,0.0,0.0,0.0,0.0
1.1,0.0,0.0,7016,0.0,0.0,0.0,0.0
1.11,0.0,0.0,7016,0.0,0.0,0.0,0.0
1.12,0.0,0.0,7016,0.0,0.0,0.0,0.0
1.1300000000000001,0.0,0.0,7016,0.0,0.0,0.0,0.0
1.1400000000000001,0.0,0.0,7016,0.0,0.0,0.0,0.0
1.1500000000000001,0.0,0.0,7016,0.0,0.0,0.0,0.0
1.16,0.0,0.0,7016,0.0,0.0,0.0,0.0
1.17,0.0,0.0,7016,0.0,0.0,0.0,0.0
1.18,0.0,0.0,7016,0.0,0.0,0.0,0.0
1.19,0.0,0.0,7016,0.0,0.0,0.0,0.0
1.2,0.0,0.0,7016,0.0,0.0,0.0,0.0
1.21,0.0,0.0,7016,0.0,0.0,0.0,0.0
1.22,0.0,0.0,7016,0.0,0.0,0.0,0.0
1.23,0.0,0.0,7016,0.0,0.0,0.0,0.0
1.24,0.0,0.0,7016,0.0,0.0,0.0,0.0
1.25,0.0,0.0,7016,0.0,0.0,0.0,0.0
1.26,0.0,0.0,7016,0.0,0.0,0.0,0.0
1.27,0.0,0.0,7016,0.0,0.0,0.0,0.0
1.28,0.0,0.0,7016,0.0,0.0,0.0,0.0
1.29,0.0,0.0,7016,0.0,0.0,0.0,0.0
1.3,0.0,0.0,7016,0.0,0.0,0.0,0.0
1.31,0.0,0.0,7016,0.0,0.0,0.0,0.0
1.32,0.0,0.0,7016,0.0,0.0,0.0,0.0
1.33,0.0,0.0,7016,0.0,0.0,0.0,0.0
1.34,0.0,0.0,7016,0.0,0.0,0.0,0.0
1.35,0.0,0.0,7016,0.0,0.0,0.0,0.0
1.36,0.0,0.0,7016,0.0,0.0,0.0,0.0
1.37,0.0,0.0,7016,0.0,0.0,0.0,0.0
1.3800000000000001,0.0,0.0,7016,0.0,0.0,0.0,0.0
1.3900000000000001,0.0,0.0,7016,0.0,0.0,0.0,0.0
1.4000000000000001,0.0,0.0,7016,0.0,0.0,0.0,0.0
1.41,0.0,0.0,7016,0.0,0.0,0.0,0.0
1.42,0.0,0.0,7016,0.0,0.0,0.0,0.0
1.43,0.0,0.0,7016,0.0,0.0,0.0,0.0
1.44,0.0,0.0,7016,0.0,0.0,0.0,0.0
1.45,0.0,0.0,7016,0.0,0.0,0.0,0.0
1.46,0.0,0.0,7016,0.0,0.0,0.0,0.0
1.47,0.0,0.0,7016,0.0,0.0,0.0,0.0
1.48,0.0,0.0,7016,0.0,0.0,0.0,0.0
1.49,0.0,0.0,7016,0.0,0.0,0.0,0.0
1.5,0.0,0.0,7016,0.0,0.0,0.0,0.0
1.51,0.0,0.0,7016,0.0,0.0,0.0,0.0
1.52,0.0,0.0,7016,0.0,0.0,0.0,0.0
1.53,0.0,0.0,7016,0.0,0.0,0.0,0.0
1.54,0.0,0.0,7016,0.0,0.0,0.0,0.0
1.55,0.0,0.0,7016,0.0,0.0,0.0,0.0
1.56,0.0,0.0,7016,0.0,0.0,0.0,0.0
1.57,0.0,0.0,7016,0.0,0.0,0.0,0.0
1.58,0.0,0.0,7016,0.0,0.0,0.0,0.0
1.59,0.0,0.0,7016,0.0,0.0,0.0,0.0
1.6,0.0,0.0,7016,0.0,0.0,0.0,0.0
1.61,0.0,0.0,7016,0.0,0.0,0.0,0.0
1.62,0.0,0.0,7016,0.0,0.0,0.0,0.0
1.6300000000000001,0.0,0.0,7016,0.0,0.0,0.0,0.0
1.6400000000000001,0.0,0.0,7016,0.0,0.0,0.0,0.0
1.6500000000000001,0.0,0.0,7016,0.0,0.0,0.0,0.0
1.6600000000000001,0.0,0.0,7016,0.0,0.0,0.0,0.0
1.67,0.0,0.0,7016,0.0,0.0,0.0,0.0
1.68,0.0,0.0,7016,0.0,0.0,0.0,0.0
1.69,0.0,0.0,7016,0.0,0.0,0.0,0.0
1.7,0.0,0.0,7016,0.0,0.0,0.0,0.0
1.71,0.0,0.0,7016,0.0,0.0,0.0,0.0
1.72,0.0,0.0,7016,0.0,0.0,0.0,0.0
1.73,0.0,0.0,7016,0.0,0.0,0.0,0.0
1.74,0.0,0.0,7016,0.0,0.0,0.0,0.0
1.75,0.0,0.0,7016,0.0,0.0,0.0,0.0
1.76,0.0,0.0,7016,0.0,0.0,0.0,0.0
1.77,0.0,0.0,7016,0.0,0.0,0.0,0.0
1.78,0.0,0.0,7016,0.0,0.0,0.0,0.0
1.79,0.0,0.0,7016,0.0,0.0,0.0,0.0
1.8,0.0,0.0,7016,0.0,0.0,0.0,0.0
1.81,0.0,0.0,7016,0.0,0.0,0.0,0.0
1.82,0.0,0.0,7016,0.0,0.0,0.0,0.0
1.83,0.0,0.0,7016,0.0,0.0,0.0,0.0
1.84,0.0,0.0,7016,0.0,0.0,0.0,0.0
1.85,0.0,0.0,7016,0.0,0.0,0.0,0.0
1.86,0.0,0.0,7016,0.0,0.0,0.0,0.0
1.87,0.0,0.0,7016,0.0,0.0,0.0,0.0
1.8800000000000001,0.0,0.0,7016,0.0,0.0,0.0,0.0
1.8900000000000001,0.0,0.0,7016,0.0,0.0,0.0,0.0
1.9000000000000001,0.0,0.0,7016,0.0,0.0,0.0,0.0
1.9100000000000001,0.0,0.0,7016,0.0,0.0,0.0,0.0
1.92,0.0,0.0,7016,0.0,0.0,0.0,0.0
1.93,0.0,0.0,7016,0.0,0.0,0.0,0.0
1.94,0.0,0.0,7016,0.0,0.0,0.0,0.0
1.95,0.0,0.0,7016,0.0,0.0,0.0,0.0
1.96,0.0,0.0,7016,0.0,0.0,0.0,0.0
1.97,0.0,0.0,7016,0.0,0.0,0.0,0.0
1.98,0.0,0.0,7016,0.0,0.0,0.0,0.0
1.99,0.0,0.0,7016,0.0,0.0,0.0,0.0
2.0,0.0,0.0,7016,0.0,0.0,0.0,0.0
2.0100000000000002,0.0,0.0,7016,0.0,0.0,0.0,0.0
2.02,0.0,0.0,7016,0.0,0.0,0.0,0.0
2.0300000000000002,0.0,0.0,7016,0.0,0.0,0.0,0.0
2.04,0.0,0.0,7016,0.0,0.0,0.0,0.0
2.05,0.0,0.0,7016,0.0,0.0,0.0,0.0
2.06,0.0,0.0,7016,0.0,0.0,0.0,0.0
2.07,0.0,0.0,7016,0.0,0.0,0.0,0.0
2.08,0.0,0.0,7016,0.0,0.0,0.0,0.0
2.09,0.0,0.0,7016,0.0,0.0,0.0,0.0
2.1,0.0,0.0,7016,0.0,0.0,0.0,0.0
2.11,0.0,0.0,7016,0.0,0.0,0.0,0.0
2.12,0.0,0.0,7016,0.0,0.0,0.0,0.0
2.13,0.0,0.0,7016,0.0,0.0,0.0,0.0
2.14,0.0,0.0,7016,0.0,0.0,0.0,0.0
2.15,0.0,0.0,7016,0.0,0.0,0.0,0.0
2.16,0.0,0.0,7016,0.0,0.0,0.0,0.0
2.17,0.0,0.0,7016,0.0,0.0,0.0,0.0
2.18,0.0,0.0,7016,0.0,0.0,0.0,0.0
2.19,0.0,0.0,7016,0.0,0.0,0.0,0.0
2.2,0.0,0.0,7016,0.0,0.0,0.0,0.0
2.21,0.0,0.0,7016,0.0,0.0,0.0,0.0
2.22,0.0,0.0,7016,0.0,0.0,0.0,0.0
2.23,0.0,0.0,7016,0.0,0.0,0.0,0.0
2.24,0.0,0.0,7016,0.0,0.0,0.0,0.0
2.25,0.0,0.0,7016,0.0,0.0,0.0,0.0
2.2600000000000002,0.0,0.0,7016,0.0,0.0,0.0,0.0
2.27,0.0,0.0,7016,0.0,0.0,0.0,0.0
2.2800000000000002,0.0,0.0,7016,0.0,0.0,0.0,0.0
2.29,0.0,0.0,7016,0.0,0.0,0.0,0.0
2.3000000000000003,0.0,0.0,7016,0.0,0.0,0.0,0.0
2.31,0.0,0.0,7016,0.0,0.0,0.0,0.0
2.32,0.0,0.0,7016,0.0,0.0,0.0,0.0
2.33,0.0,0.0,7016,0.0,0.0,0.0,0.0
2.34,0.0,0.0,7016,0.0,0.0,0.0,0.0
2.35,0.0,0.0,7016,0.0,0.0,0.0,0.0
2.36,0.0,0.0,7016,0.0,0.0,0.0,0.0
2.37,0.0,0.0,7016,0.0,0.0,0.0,0.0
2.38,0.0,0.0,7016,0.0,0.0,0.0,0.0
2.39,0.0,0.0,7016,0.0,0.0,0.0,0.0
2.4,0.0,0.0,7016,0.0,0.0,0.0,0.0
2.41,0.0,0.0,7016,0.0,0.0,0.0,0.0
2.42,0.0,0.0,7016,0.0,0.0,0.0,0.0
2.43,0.0,0.0,7016,0.0,0.0,0.0,0.0
2.44,0.0,0.0,7016,0.0,0.0,0.0,0.0
2.45,0.0,0.0,7016,0.0,0.0,0.0,0.0
2.46,0.0,0.0,7016,0.0,0.0,0.0,0.0
2.47,0.0,0.0,7016,0.0,0.0,0.0,0.0
2.48,0.0,0.0,7016,0.0,0.0,0.0,0.0
2.49,0.0,0.0,7016,0.0,0.0,0.0,0.0
2.5,0.0,0.0,7016,0.0,0.0,0.0,0.0
2.5100000000000002,0.0,0.0,7016,0.0,0.0,0.0,0.0
2.52,0.0,0.0,7016,0.0,0.0,0.0,0.0
2.5300000000000002,0.0,0.0,7016,0.0,0.0,0.0,0.0
2.54,0.0,0.0,7016,0.0,0.0,0.0,0.0
2.5500000000000003,0.0,0.0,7016,0.0,0.0,0.0,0.0
2.56,0.0,0.0,7016,0.0,0.0,0.0,0.0
2.57,0.0,0.0,7016,0.0,0.0,0.0,0.0
2.58,0.0,0.0,7016,0.0,0.0,0.0,0.0
2.59,0.0,0.0,7016,0.0,0.0,0.0,0.0
2.6,0.0,0.0,7016,0.0,0.0,0.0,0.0
2.61,0.0,0.0,7016,0.0,0.0,0.0,0.0
2.62,0.0,0.0,7016,0.0,0.0,0.0,0.0
2.63,0.0,0.0,7016,0.0,0.0,0.0,0.0
2.64,0.0,0.0,7016,0.0,0.0,0.0,0.0
2.65,0.0,0.0,7016,0.0,0.0,0.0,0.0
2.66,0.0,0.0,7016,0.0,0.0,0.0,0.0
2.67,0.0,0.0,7016,0.0,0.0,0.0,0.0
2.68,0.0,0.0,7016,0.0,0.0,0.0,0.0
2.69,0.0,0.0,7016,0.0,0.0,0.0,0.0
2.7,0.0,0.0,7016,0.0,0.0,0.0,0.0
2.71,0.0,0.0,7016,0.0,0.0,0.0,0.0
2.72,0.0,0.0,7016,0.0,0.0,0.0,0.0
2.73,0.0,0.0,7016,0.0,0.0,0.0,0.0
2.74,0.0,0.0,7016,0.0,0.0,0.0,0.0
2.75,0.0,0.0,7016,0.0,0.0,0.0,0.0
2.7600000000000002,0.0,0.0,7016,0.0,0.0,0.0,0.0
2.77,0.0,0.0,7016,0.0,0.0,0.0,0.0
2.7800000000000002,0.0,0.0,7016,0.0,0.0,0.0,0.0
2.79,0.0,0.0,7016,0.0,0.0,0.0,0.0
2.8000000000000003,0.0,0.0,7016,0.0,0.0,0.0,0.0
2.81,0.0,0.0,7016,0.0,0.0,0.0,0.0
2.82,0.0,0.0,7016,0.0,0.0,0.0,0.0
2.83,0.0,0.0,7016,0.0,0.0,0.0,0.0
2.84,0.0,0.0,7016,0.0,0.0,0.0,0.0
2.85,0.0,0.0,7016,0.0,0.0,0.0,0.0
2.86,0.0,0.0,7016,0.0,0.0,0.0,0.0
2.87,0.0,0.0,7016,0.0,0.0,0.0,0.0
2.88,0.0,0.0,7016,0.0,0.0,0.0,0.0
2.89,0.0,0.0,7016,0.0,0.0,0.0,0.0
2.9,0.0,0.0,7016,0.0,0.0,0.0,0.0
2.91,0.0,0.0,7016,0.0,0.0,0.0,0.0
2.92,0.0,0.0,7016,0.0,0.0,0.0,0.0
2.93,0.0,0.0,7016,0.0,0.0,0.0,0.0
2.94,0.0,0.0,7016,0.0,0.0,0.0,0.0
2.95,0.0,0.0,7016,0.0,0.0,0.0,0.0
2.96,0.0,0.0,7016,0.0,0.0,0.0,0.0
2.97,0.0,0.0,7016,0.0,0.0,0.0,0.0
2.98,0.0,0.0,7016,0.0,0.0,0.0,0.0
2.99,0.0,0.0,7016,0.0,0.0,0.0,0.0
3.0,0.0,0.0,7016,0.0,0.0,0.0,0.0
3.0100000000000002,0.0,0.0,7016,0.0,0.0,0.0,0.0
3.02,0.0,0.0,7016,0.0,0.0,0.0,0.0
3.0300000000000002,0.0,0.0,7016,0.0,0.0,0.0,0.0
3.04,0.0,0.0,7016,0.0,0.0,0.0,0.0
3.0500000000000003,0.0,0.0,7016,0.0,0.0,0.0,0.0
3.06,0.0,0.0,7016,0.0,0.0,0.0,0.0
3.0700000000000003,0.0,0.0,7016,0.0,0.0,0.0,0.0
3.08,0.0,0.0,7016,0.0,0.0,0.0,0.0
3.09,0.0,0.0,7016,0.0,0.0,0.0,0.0
3.1,0.0,0.0,7016,0.0,0.0,0.0,0.0
3.11,0.0,0.0,7016,0.0,0.0,0.0,0.0
3.12,0.0,0.0,7016,0.0,0.0,0.0,0.0
3.13,0.0,0.0,7016,0.0,0.0,0.0,0.0
3.14,0.0,0.0,7016,0.0,0.0,0.0,0.0
3.15,0.0,0.0,7016,0.0,0.0,0.0,0.0
3.16,0.0,0.0,7016,0.0,0.0,0.0,0.0
3.17,0.0,0.0,7016,0.0,0.0,0.0,0.0
3.18,0.0,0.0,7016,0.0,0.0,0.0,0.0
3.19,0.0,0.0,7016,0.0,0.0,0.0,0.0
3.2,0.0,0.0,7016,0.0,0.0,0.0,0.0
3.21,0.0,0.0,7016,0.0,0.0,0.0,0.0
3.22,0.0,0.0,7016,0.0,0.0,0.0,0.0
3.23,0.0,0.0,7016,0.0,0.0,0.0,0.0
3.24,0.0,0.0,7016,0.0,0.0,0.0,0.0
3.25,0.0,0.0,7016,0.0,0.0,0.0,0.0
3.2600000000000002,0.0,0.0,7016,0.0,0.0,0.0,0.0
3.27,0.0,0.0,7016,0.0,0.0,0.0,0.0
3.2800000000000002,0.0,0.0,7016,0.0,0.0,0.0,0.0
3.29,0.0,0.0,7016,0.0,0.0,0.0,0.0
3.3000000000000003,0.0,0.0,7016,0.0,0.0,0.0,0.0
3.31,0.0,0.0,7016,0.0,0.0,0.0,0.0
3.3200000000000003,0.0,0.0,7016,0.0,0.0,0.0,0.0
3.33,0.0,0.0,7016,0.0,0.0,0.0,0.0
3.34,0.0,0.0,7016,0.0,0.0,0.0,0.0
3.35,0.0,0.0,7016,0.0,0.0,0.0,0.0
3.36,0.0,0.0,7016,0.0,0.0,0.0,0.0
3.37,0.0,0.0,7016,0.0,0.0,0.0,0.0
3.38,0.0,0.0,7016,0.0,0.0,0.0,0.0
3.39,0.0,0.0,7016,0.0,0.0,0.0,0.0
3.4,0.0,0.0,7016,0.0,0.0,0.0,0.0
3.41,0.0,0.0,7016,0.0,0.0,0.0,0.0
3.42,0.0,0.0,7016,0.0,0.0,0.0,0.0
3.43,0.0,0.0,7016,0.0,0.0,0.0,0.0
3.44,0.0,0.0,7016,0.0,0.0,0.0,0.0
3.45,0.0,0.0,7016,0.0,0.0,0.0,0.0
3.46,0.0,0.0,7016,0.0,0.0,0.0,0.0
3.47,0.0,0.0,7016,0.0,0.0,0.0,0.0
3.48,0.0,0.0,7016,0.0,0.0,0.0,0.0
3.49,0.0,0.0,7016,0.0,0.0,0.0,0.0
3.5,0.0,0.0,7016,0.0,0.0,0.0,0.0
3.5100000000000002,0.0,0.0,7016,0.0,0.0,0.0,0.0
3.52,0.0,0.0,7016,0.0,0.0,0.0,0.0
3.5300000000000002,0.0,0.0,7016,0.0,0.0,0.0,0.0
3.54,0.0,0.0,7016,0.0,0.0,0.0,0.0
3.5500000000000003,0.0,0.0,7016,0.0,0.0,0.0,0.0
3.56,0.0,0.0,7016,0.0,0.0,0.0,0.0
3.5700000000000003,0.0,0.0,7016,0.0,0.0,0.0,0.0
3.58,0.0,0.0,7016,0.0,0.0,0.0,0.0
3.59,0.0,0.0,7016,0.0,0.0,0.0,0.0
3.6,0.0,0.0,7016,0.0,0.0,0.0,0.0
3.61,0.0,0.0,7016,0.0,0.0,0.0,0.0
3.62,0.0,0.0,7016,0.0,0.0,0.0,0.0
3.63,0.0,0.0,7016,0.0,0.0,0.0,0.0
3.64,0.0,0.0,7016,0.0,0.0,0.0,0.0
3.65,0.0,0.0,7016,0.0,0.0,0.0,0.0
3.66,0.0,0.0,7016,0.0,0.0,0.0,0.0
3.67,0.0,0.0,7016,0.0,0.0,0.0,0.0
3.68,0.0,0.0,7016,0.0,0.0,0.0,0.0
3.69,0.0,0.0,7016,0.0,0.0,0.0,0.0
3.7,0.0,0.0,7016,0.0,0.0,0.0,0.0
3.71,0.0,0.0,7016,0.0,0.0,0.0,0.0
3.72,0.0,0.0,7016,0.0,0.0,0.0,0.0
3.73,0.0,0.0,7016,0.0,0.0,0.0,0.0
3.74,0.0,0.0,7016,0.0,0.0,0.0,0.0
3.75,0.0,0.0,7016,0.0,0.0,0.0,0.0
3.7600000000000002,0.0,0.0,7016,0.0,0.0,0.0,0.0
3.77,0.0,0.0,7016,0.0,0.0,0.0,0.0
3.7800000000000002,0.0,0.0,7016,0.0,0.0,0.0,0.0
3.79,0.0,0.0,7016,0.0,0.0,0.0,0.0
3.8000000000000003,0.0,0.0,7016,0.0,0.0,0.0,0.0
3.81,0.0,0.0,7016,0.0,0.0,0.0,0.0
3.8200000000000003,0.0,0.0,7016,0.0,0.0,0.0,0.0
3.83,0.0,0.0,7016,0.0,0.0,0.0,0.0
3.84,0.0,0.0,7016,0.0,0.0,0.0,0.0
3.85,0.0,0.0,7016,0.0,0.0,0.0,0.0
3.86,0.0,0.0,7016,0.0,0.0,0.0,0.0
3.87,0.0,0.0,7016,0.0,0.0,0.0,0.0
3.88,0.0,0.0,7016,0.0,0.0,0.0,0.0
3.89,0.0,0.0,7016,0.0,0.0,0.0,0.0
3.9,0.0,0.0,7016,0.0,0.0,0.0,0.0
3.91,0.0,0.0,7016,0.0,0.0,0.0,0.0
3.92,0.0,0.0,7016,0.0,0.0,0.0,0.0
3.93,0.0,0.0,7016,0.0,0.0,0.0,0.0
3.94,0.0,0.0,7016,0.0,0.0,0.0,0.0
3.95,0.0,0.0,7016,0.0,0.0,0.0,0.0
3.96,0.0,0.0,7016,0.0,0.0,0.0,0.0
3.97,0.0,0.0,7016,0.0,0.0,0.0,0.0
3.98,0.0,0.0,7016,0.0,0.0,0.0,0.0
3.99,0.0,0.0,7016,0.0,0.0,0.0,0.0
4.0,0.0,0.0,7016,0.0,0.0,0.0,0.0
4.01,0.0,0.0,7016,0.0,0.0,0.0,0.0
4.0200000000000005,0.0,0.0,7016,0.0,0.0,0.0,0.0
4.03,0.0,0.0,7016,0.0,0.0,0.0,0.0
4.04,0.0,0.0,7016,0.0,0.0,0.0,0.0
4.05,0.0,0.0,7016,0.0,0.0,0.0,0.0
4.0600000000000005,0.0,0.0,7016,0.0,0.0,0.0,0.0
4.07,0.0,0.0,7016,0.0,0.0,0.0,0.0
4.08,0.0,0.0,7016,0.0,0.0,0.0,0.0
4.09,0.0,0.0,7016,0.0,0.0,0.0,0.0
4.1,0.0,0.0,7016,0.0,0.0,0.0,0.0
4.11,0.0,0.0,7016,0.0,0.0,0.0,0.0
4.12,0.0,0.0,7016,0.0,0.0,0.0,0.0
4.13,0.0,0.0,7016,0.0,0.0,0.0,0.0
4.14,0.0,0.0,7016,0.0,0.0,0.0,0.0
4.15,0.0,0.0,7016,0.0,0.0,0.0,0.0
4.16,0.0,0.0,7016,0.0,0.0,0.0,0.0
4.17,0.0,0.0,7016,0.0,0.0,0.0,0.0
4.18,0.0,0.0,7016,0.0,0.0,0.0,0.0
4.19,0.0,0.0,7016,0.0,0.0,0.0,0.0
4.2,0.0,0.0,7016,0.0,0.0,0.0,0.0
4.21,0.0,0.0,7016,0.0,0.0,0.0,0.0
4.22,0.0,0.0,7016,0.0,0.0,0.0,0.0
4.23,0.0,0.0,7016,0.0,0.0,0.0,0.0
4.24,0.0,0.0,7016,0.0,0.0,0.0,0.0
4.25,0.0,0.0,7016,0.0,0.0,0.0,0.0
4.26,0.0,0.0,7016,0.0,0.0,0.0,0.0
4.2700000000000005,0.0,0.0,7016,0.0,0.0,0.0,0.0
4.28,0.0,0.0,7016,0.0,0.0,0.0,0.0
4.29,0.0,0.0,7016,0.0,0.0,0.0,0.0
4.3,0.0,0.0,7016,0.0,0.0,0.0,0.0
4.3100000000000005,0.0,0.0,7016,0.0,0.0,0.0,0.0
4.32,0.0,0.0,7016,0.0,0.0,0.0,0.0
4.33,0.0,0.0,7016,0.0,0.0,0.0,0.0
4.34,0.0,0.0,7016,0.0,0.0,0.0,0.0
4.3500000000000005,0.0,0.0,7016,0.0,0.0,0.0,0.0
4.36,0.0,0.0,7016,0.0,0.0,0.0,0.0
4.37,0.0,0.0,7016,0.0,0.0,0.0,0.0
4.38,0.0,0.0,7016,0.0,0.0,0.0,0.0
4.39,0.0,0.0,7016,0.0,0.0,0.0,0.0
4.4,0.0,0.0,7016,0.0,0.0,0.0,0.0
4.41,0.0,0.0,7016,0.0,0.0,0.0,0.0
4.42,0.0,0.0,7016,0.0,0.0,0.0,0.0
4.43,0.0,0.0,7016,0.0,0.0,0.0,0.0
4.44,0.0,0.0,7016,0.0,0.0,0.0,0.0
4.45,0.0,0.0,7016,0.0,0.0,0.0,0.0
4.46,0.0,0.0,7016,0.0,0.0,0.0,0.0
4.47,0.0,0.0,7016,0.0,0.0,0.0,0.0
4.48,0.0,0.0,7016,0.0,0.0,0.0,0.0
4.49,0.0,0.0,7016,0.0,0.0,0.0,0.0
4.5,0.0,0.0,7016,0.0,0.0,0.0,0.0
4.51,0.0,0.0,7016,0.0,0.0,0.0,0.0
4.5200000000000005,0.0,0.0,7016,0.0,0.0,0.0,0.0
4.53,0.0,0.0,7016,0.0,0.0,0.0,0.0
4.54,0.0,0.0,7016,0.0,0.0,0.0,0.0
4.55,0.0,0.0,7016,0.0,0.0,0.0,0.0
4.5600000000000005,0.0,0.0,7016,0.0,0.0,0.0,0.0
4.57,0.0,0.0,7016,0.0,0.0,0.0,0.0
4.58,0.0,0.0,7016,0.0,0.0,0.0,0.0
4.59,0.0,0.0,7016,0.0,0.0,0.0,0.0
4.6000000000000005,0.0,0.0,7016,0.0,0.0,0.0,0.0
4.61,0.0,0.0,7016,0.0,0.0,0.0,0.0
4.62,0.0,0.0,7016,0.0,0.0,0.0,0.0
4.63,0.0,0.0,7016,0.0,0.0,0.0,0.0
4.64,0.0,0.0,7016,0.0,0.0,0.0,0.0
4.65,0.0,0.0,7016,0.0,0.0,0.0,0.0
4.66,0.0,0.0,7016,0.0,0.0,0.0,0.0
4.67,0.0,0.0,7016,0.0,0.0,0.0,0.0
4.68,0.0,0.0,7016,0.0,0.0,0.0,0.0
4.69,0.0,0.0,7016,0.0,0.0,0.0,0.0
4.7,0.0,0.0,7016,0.0,0.0,0.0,0.0
4.71,0.0,0.0,7016,0.0,0.0,0.0,0.0
4.72,0.0,0.0,7016,0.0,0.0,0.0,0.0
4.73,0.0,0.0,7016,0.0,0.0,0.0,0.0
4.74,0.0,0.0,7016,0.0,0.0,0.0,0.0
4.75,0.0,0.0,7016,0.0,0.0,0.0,0.0
4.76,0.0,0.0,7016,0.0,0.0,0.0,0.0
4.7700000000000005,0.0,0.0,7016,0.0,0.0,0.0,0.0
4.78,0.0,0.0,7016,0.0,0.0,0.0,0.0
4.79,0.0,0.0,7016,0.0,0.0,0.0,0.0
4.8,0.0,0.0,7016,0.0,0.0,0.0,0.0
4.8100000000000005,0.0,0.0,7016,0.0,0.0,0.0,0.0
4.82,0.0,0.0,7016,0.0,0.0,0.0,0.0
4.83,0.0,0.0,7016,0.0,0.0,0.0,0.0
4.84,0.0,0.0,7016,0.0,0.0,0.0,0.0
4.8500000000000005,0.0,0.0,7016,0.0,0.0,0.0,0.0
4.86,0.0,0.0,7016,0.0,0.0,0.0,0.0
4.87,0.0,0.0,7016,0.0,0.0,0.0,0.0
4.88,0.0,0.0,7016,0.0,0.0,0.0,0.0
4.89,0.0,0.0,7016,0.0,0.0,0.0,0.0
4.9,0.0,0.0,7016,0.0,0.0,0.0,0.0
4.91,0.0,0.0,7016,0.0,0.0,0.0,0.0
4.92,0.0,0.0,7016,0.0,0.0,0.0,0.0
4.93,0.0,0.0,7016,0.0,0.0,0.0,0.0
4.94,0.0,0.0,7016,0.0,0.0,0.0,0.0
4.95,0.0,0.0,7016,0.0,0.0,0.0,0.0
4.96,0.0,0.0,7016,0.0,0.0,0.0,0.0
4.97,0.0,0.0,7016,0.0,0.0,0.0,0.0
4.98,0.0,0.0,7016,0.0,0.0,0.0,0.0
4.99,0.0,0.0,7016,0.0,0.0,0.0,0.0
5.0,0.0,0.0,7016,0.0,0.0,0.0,0.0
5.01,0.0,0.0,7016,0.0,0.0,0.0,0.0
5.0200000000000005,0.0,0.0,7016,0.0,0.0,0.0,0.0
5.03,0.0,0.0,7016,0.0,0.0,0.0,0.0
5.04,0.0,0.0,7016,0.0,0.0,0.0,0.0
5.05,0.0,0.0,7016,0.0,0.0,0.0,0.0
5.0600000000000005,0.0,0.0,7016,0.0,0.0,0.0,0.0
5.07,0.0,0.0,7016,0.0,0.0,0.0,0.0
5.08,0.0,0.0,7016,0.0,0.0,0.0,0.0
5.09,0.0,0.0,7016,0.0,0.0,0.0,0.0
5.1000000000000005,0.0,0.0,7016,0.0,0.0,0.0,0.0
5.11,0.0,0.0,7016,0.0,0.0,0.0,0.0
5.12,0.0,0.0,7016,0.0,0.0,0.0,0.0
5.13,0.0,0.0,7016,0.0,0.0,0.0,0.0
5.14,0.0,0.0,7016,0.0,0.0,0.0,0.0
5.15,0.0,0.0,7016,0.0,0.0,0.0,0.0
5.16,0.0,0.0,7016,0.0,0.0,0.0,0.0
5.17,0.0,0.0,7016,0.0,0.0,0.0,0.0
5.18,0.0,0.0,7016,0.0,0.0,0.0,0.0
5.19,0.0,0.0,7016,0.0,0.0,0.0,0.0
5.2,0.0,0.0,7016,0.0,0.0,0.0,0.0
5.21,0.0,0.0,7016,0.0,0.0,0.0,0.0
5.22,0.0,0.0,7016,0.0,0.0,0.0,0.0
5.23,0.0,0.0,7016,0.0,0.0,0.0,0.0
5.24,0.0,0.0,7016,0.0,0.0,0.0,0.0
5.25,0.0,0.0,7016,0.0,0.0,0.0,0.0
5.26,0.0,0.0,7016,0.0,0.0,0.0,0.0
5.2700000000000005,0.0,0.0,7016,0.0,0.0,0.0,0.0
5.28,0.0,0.0,7016,0.0,0.0,0.0,0.0
5.29,0.0,0.0,7016,0.0,0.0,0.0,0.0
5.3,0.0,0.0,7016,0.0,0.0,0.0,0.0
5.3100000000000005,0.0,0.0,7016,0.0,0.0,0.0,0.0
5.32,0.0,0.0,7016,0.0,0.0,0.0,0.0
5.33,0.0,0.0,7016,0.0,0.0,0.0,0.0
5.34,0.0,0.0,7016,0.0,0.0,0.0,0.0
5.3500000000000005,0.0,0.0,7016,0.0,0.0,0.0,0.0
5.36,0.0,0.0,7016,0.0,0.0,0.0,0.0
5.37,0.0,0.0,7016,0.0,0.0,0.0,0.0
5.38,0.0,0.0,7016,0.0,0.0,0.0,0.0
5.39,0.0,0.0,7016,0.0,0.0,0.0,0.0
5.4,0.0,0.0,7016,0.0,0.0,0.0,0.0
5.41,0.0,0.0,7016,0.0,0.0,0.0,0.0
5.42,0.0,0.0,7016,0.0,0.0,0.0,0.0
5.43,0.0,0.0,7016,0.0,0.0,0.0,0.0
5.44,0.0,0.0,7016,0.0,0.0,0.0,0.0
5.45,0.0,0.0,7016,0.0,0.0,0.0,0.0
5.46,0.0,0.0,7016,0.0,0.0,0.0,0.0
5.47,0.0,0.0,7016,0.0,0.0,0.0,0.0
5.48,0.0,0.0,7016,0.0,0.0,0.0,0.0
5.49,0.0,0.0,7016,0.0,0.0,0.0,0.0
5.5,0.0,0.0,7016,0.0,0.0,0.0,0.0
5.51,0.0,0.0,7016,0.0,0.0,0.0,0.0
5.5200000000000005,0.0,0.0,7016,0.0,0.0,0.0,0.0
5.53,0.0,0.0,7016,0.0,0.0,0.0,0.0
5.54,0.0,0.0,7016,0.0,0.0,0.0,0.0
5.55,0.0,0.0,7016,0.0,0.0,0.0,0.0
5.5600000000000005,0.0,0.0,7016,0.0,0.0,0.0,0.0
5.57,0.0,0.0,7016,0.0,0.0,0.0,0.0
5.58,0.0,0.0,7016,0.0,0.0,0.0,0.0
5.59,0.0,0.0,7016,0.0,0.0,0.0,0.0
5.6000000000000005,0.0,0.0,7016,0.0,0.0,0.0,0.0
5.61,0.0,0.0,7016,0.0,0.0,0.0,0.0
5.62,0.0,0.0,7016,0.0,0.0,0.0,0.0
5.63,0.0,0.0,7016,0.0,0.0,0.0,0.0
5.64,0.0,0.0,7016,0.0,0.0,0.0,0.0
5.65,0.0,0.0,7016,0.0,0.0,0.0,0.0
5.66,0.0,0.0,7016,0.0,0.0,0.0,0.0
5.67,0.0,0.0,7016,0.0,0.0,0.0,0.0
5.68,0.0,0.0,7016,0.0,0.0,0.0,0.0
5.69,0.0,0.0,7016,0.0,0.0,0.0,0.0
5.7,0.0,0.0,7016,0.0,0.0,0.0,0.0
5.71,0.0,0.0,7016,0.0,0.0,0.0,0.0
5.72,0.0,0.0,7016,0.0,0.0,0.0,0.0
5.73,0.0,0.0,7016,0.0,0.0,0.0,0.0
5.74,0.0,0.0,7016,0.0,0.0,0.0,0.0
5.75,0.0,0.0,7016,0.0,0.0,0.0,0.0
5.76,0.0,0.0,7016,0.0,0.0,0.0,0.0
5.7700000000000005,0.0,0.0,7016,0.0,0.0,0.0,0.0
5.78,0.0,0.0,7016,0.0,0.0,0.0,0.0
5.79,0.0,0.0,7016,0.0,0.0,0.0,0.0
5.8,0.0,0.0,7016,0.0,0.0,0.0,0.0
5.8100000000000005,0.0,0.0,7016,0.0,0.0,0.0,0.0
5.82,0.0,0.0,7016,0.0,0.0,0.0,0.0
5.83,0.0,0.0,7016,0.0,0.0,0.0,0.0
5.84,0.0,0.0,7016,0.0,0.0,0.0,0.0
5.8500000000000005,0.0,0.0,7016,0.0,0.0,0.0,0.0
5.86,0.0,0.0,7016,0.0,0.0,0.0,0.0
5.87,0.0,0.0,7016,0.0,0.0,0.0,0.0
5.88,0.0,0.0,7016,0.0,0.0,0.0,0.0
5.89,0.0,0.0,7016,0.0,0.0,0.0,0.0
5.9,0.0,0.0,7016,0.0,0.0,0.0,0.0
5.91,0.0,0.0,7016,0.0,0.0,0.0,0.0
5.92,0.0,0.0,7016,0.0,0.0,0.0,0.0
5.93,0.0,0.0,7016,0.0,0.0,0.0,0.0
5.94,0.0,0.0,7016,0.0,0.0,0.0,0.0
5.95,0.0,0.0,7016,0.0,0.0,0.0,0.0
5.96,0.0,0.0,7016,0.0,0.0,0.0,0.0
5.97,0.0,0.0,7016,0.0,0.0,0.0,0.0
5.98,0.0,0.0,7016,0.0,0.0,0.0,0.0
5.99,0.0,0.0,7016,0.0,0.0,0.0,0.0
6.0,0.0,0.0,7016,0.0,0.0,0.0,0.0
6.01,0.0,0.0,7016,0.0,0.0,0.0,0.0
6.0200000000000005,0.0,0.0,7016,0.0,0.0,0.0,0.0
6.03,0.0,0.0,7016,0.0,0.0,0.0,0.0
6.04,0.0,0.0,7016,0.0,0.0,0.0,0.0
6.05,0.0,0.0,7016,0.0,0.0,0.0,0.0
6.0600000000000005,0.0,0.0,7016,0.0,0.0,0.0,0.0
6.07,0.0,0.0,7016,0.0,0.0,0.0,0.0
6.08,0.0,0.0,7016,0.0,0.0,0.0,0.0
6.09,0.0,0.0,7016,0.0,0.0,0.0,0.0
6.1000000000000005,0.0,0.0,7016,0.0,0.0,0.0,0.0
6.11,0.0,0.0,7016,0.0,0.0,0.0,0.0
6.12,0.0,0.0,7016,0.0,0.0,0.0,0.0
6.13,0.0,0.0,7016,0.0,0.0,0.0,0.0
6.140000000000001,0.0,0.0,7016,0.0,0.0,0.0,0.0
6.15,0.0,0.0,7016,0.0,0.0,0.0,0.0
6.16,0.0,0.0,7016,0.0,0.0,0.0,0.0
6.17,0.0,0.0,7016,0.0,0.0,0.0,0.0
6.18,0.0,0.0,7016,0.0,0.0,0.0,0.0
6.19,0.0,0.0,7016,0.0,0.0,0.0,0.0
6.2,0.0,0.0,7016,0.0,0.0,0.0,0.0
6.21,0.0,0.0,7016,0.0,0.0,0.0,0.0
6.22,0.0,0.0,7016,0.0,0.0,0.0,0.0
6.23,0.0,0.0,7016,0.0,0.0,0.0,0.0
6.24,0.0,0.0,7016,0.0,0.0,0.0,0.0
6.25,0.0,0.0,7016,0.0,0.0,0.0,0.0
6.26,0.0,0.0,7016,0.0,0.0,0.0,0.0
6.2700000000000005,0.0,0.0,7016,0.0,0.0,0.0,0.0
6.28,0.0,0.0,7016,0.0,0.0,0.0,0.0
6.29,0.0,0.0,7016,0.0,0.0,0.0,0.0
6.3,0.0,0.0,7016,0.0,0.0,0.0,0.0
6.3100000000000005,0.0,0.0,7016,0.0,0.0,0.0,0.0
6.32,0.0,0.0,7016,0.0,0.0,0.0,0.0
6.33,0.0,0.0,7016,0.0,0.0,0.0,0.0
6.34,0.0,0.0,7016,0.0,0.0,0.0,0.0
6.3500000000000005,0.0,0.0,7016,0.0,0.0,0.0,0.0
6.36,0.0,0.0,7016,0.0,0.0,0.0,0.0
6.37,0.0,0.0,7016,0.0,0.0,0.0,0.0
6.38,0.0,0.0,7016,0.0,0.0,0.0,0.0
6.390000000000001,0.0,0.0,7016,0.0,0.0,0.0,0.0
6.4,0.0,0.0,7016,0.0,0.0,0.0,0.0
6.41,0.0,0.0,7016,0.0,0.0,0.0,0.0
6.42,0.0,0.0,7016,0.0,0.0,0.0,0.0
6.43,0.0,0.0,7016,0.0,0.0,0.0,0.0
6.44,0.0,0.0,7016,0.0,0.0,0.0,0.0
6.45,0.0,0.0,7016,0.0,0.0,0.0,0.0
6.46,0.0,0.0,7016,0.0,0.0,0.0,0.0
6.47,0.0,0.0,7016,0.0,0.0,0.0,0.0
6.48,0.0,0.0,7016,0.0,0.0,0.0,0.0
6.49,0.0,0.0,7016,0.0,0.0,0.0,0.0
6.5,0.0,0.0,7016,0.0,0.0,0.0,0.0
6.51,0.0,0.0,7016,0.0,0.0,0.0,0.0
6.5200000000000005,0.0,0.0,7016,0.0,0.0,0.0,0.0
6.53,0.0,0.0,7016,0.0,0.0,0.0,0.0
6.54,0.0,0.0,7016,0.0,0.0,0.0,0.0
6.55,0.0,0.0,7016,0.0,0.0,0.0,0.0
6.5600000000000005,0.0,0.0,7016,0.0,0.0,0.0,0.0
6.57,0.0,0.0,7016,0.0,0.0,0.0,0.0
6.58,0.0,0.0,7016,0.0,0.0,0.0,0.0
6.59,0.0,0.0,7016,0.0,0.0,0.0,0.0
6.6000000000000005,0.0,0.0,7016,0.0,0.0,0.0,0.0
6.61,0.0,0.0,7016,0.0,0.0,0.0,0.0
6.62,0.0,0.0,7016,0.0,0.0,0.0,0.0
6.63,0.0,0.0,7016,0.0,0.0,0.0,0.0
6.640000000000001,0.0,0.0,7016,0.0,0.0,0.0,0.0
6.65,0.0,0.0,7016,0.0,0.0,0.0,0.0
6.66,0.0,0.0,7016,0.0,0.0,0.0,0.0
6.67,0.0,0.0,7016,0.0,0.0,0.0,0.0
6.68,0.0,0.0,7016,0.0,0.0,0.0,0.0
6.69,0.0,0.0,7016,0.0,0.0,0.0,0.0
6.7,0.0,0.0,7016,0.0,0.0,0.0,0.0
6.71,0.0,0.0,7016,0.0,0.0,0.0,0.0
6.72,0.0,0.0,7016,0.0,0.0,0.0,0.0
6.73,0.0,0.0,7016,0.0,0.0,0.0,0.0
6.74,0.0,0.0,7016,0.0,0.0,0.0,0.0
6.75,0.0,0.0,7016,0.0,0.0,0.0,0.0
6.76,0.0,0.0,7016,0.0,0.0,0.0,0.0
6.7700000000000005,0.0,0.0,7016,0.0,0.0,0.0,0.0
6.78,0.0,0.0,7016,0.0,0.0,0.0,0.0
6.79,0.0,0.0,7016,0.0,0.0,0.0,0.0
6.8,0.0,0.0,7016,0.0,0.0,0.0,0.0
6.8100000000000005,0.0,0.0,7016,0.0,0.0,0.0,0.0
6.82,0.0,0.0,7016,0.0,0.0,0.0,0.0
6.83,0.0,0.0,7016,0.0,0.0,0.0,0.0
6.84,0.0,0.0,7016,0.0,0.0,0.0,0.0
6.8500000000000005,0.0,0.0,7016,0.0,0.0,0.0,0.0
6.86,0.0,0.0,7016,0.0,0.0,0.0,0.0
6.87,0.0,0.0,7016,0.0,0.0,0.0,0.0
6.88,0.0,0.0,7016,0.0,0.0,0.0,0.0
6.890000000000001,0.0,0.0,7016,0.0,0.0,0.0,0.0
6.9,0.0,0.0,7016,0.0,0.0,0.0,0.0
6.91,0.0,0.0,7016,0.0,0.0,0.0,0.0
6.92,0.0,0.0,7016,0.0,0.0,0.0,0.0
6.93,0.0,0.0,7016,0.0,0.0,0.0,0.0
6.94,0.0,0.0,7016,0.0,0.0,0.0,0.0
6.95,0.0,0.0,7016,0.0,0.0,0.0,0.0
6.96,0.0,0.0,7016,0.0,0.0,0.0,0.0
6.97,0.0,0.0,7016,0.0,0.0,0.0,0.0
6.98,0.0,0.0,7016,0.0,0.0,0.0,0.0
6.99,0.0,0.0,7016,0.0,0.0,0.0,0.0
7.0,0.0,0.0,7016,0.0,0.0,0.0,0.0
7.01,0.0,0.0,7016,0.0,0.0,0.0,0.0
7.0200000000000005,0.0,0.0,7016,0.0,0.0,0.0,0.0
7.03,0.0,0.0,7016,0.0,0.0,0.0,0.0
7.04,0.0,0.0,7016,0.0,0.0,0.0,0.0
7.05,0.0,0.0,7016,0.0,0.0,0.0,0.0
7.0600000000000005,0.0,0.0,7016,0.0,0.0,0.0,0.0
7.07,0.0,0.0,7016,0.0,0.0,0.0,0.0
7.08,0.0,0.0,7016,0.0,0.0,0.0,0.0
7.09,0.0,0.0,7016,0.0,0.0,0.0,0.0
7.1000000000000005,0.0,0.0,7016,0.0,0.0,0.0,0.0
7.11,0.0,0.0,7016,0.0,0.0,0.0,0.0
7.12,0.0,0.0,7016,0.0,0.0,0.0,0.0
7.13,0.0,0.0,7016,0.0,0.0,0.0,0.0
7.140000000000001,0.0,0.0,7016,0.0,0.0,0.0,0.0
7.15,0.0,0.0,7016,0.0,0.0,0.0,0.0
7.16,0.0,0.0,7016,0.0,0.0,0.0,0.0
7.17,0.0,0.0,7016,0.0,0.0,0.0,0.0
7.18,0.0,0.0,7016,0.0,0.0,0.0,0.0
7.19,0.0,0.0,7016,0.0,0.0,0.0,0.0
7.2,0.0,0.0,7016,0.0,0.0,0.0,0.0
7.21,0.0,0.0,7016,0.0,0.0,0.0,0.0
7.22,0.0,0.0,7016,0.0,0.0,0.0,0.0
7.23,0.0,0.0,7016,0.0,0.0,0.0,0.0
7.24,0.0,0.0,7016,0.0,0.0,0.0,0.0
7.25,0.0,0.0,7016,0.0,0.0,0.0,0.0
7.26,0.0,0.0,7016,0.0,0.0,0.0,0.0
7.2700000000000005,0.0,0.0,7016,0.0,0.0,0.0,0.0
7.28,0.0,0.0,7016,0.0,0.0,0.0,0.0
7.29,0.0,0.0,7016,0.0,0.0,0.0,0.0
7.3,0.0,0.0,7016,0.0,0.0,0.0,0.0
7.3100000000000005,0.0,0.0,7016,0.0,0.0,0.0,0.0
7.32,0.0,0.0,7016,0.0,0.0,0.0,0.0
7.33,0.0,0.0,7016,0.0,0.0,0.0,0.0
7.34,0.0,0.0,7016,0.0,0.0,0.0,0.0
7.3500000000000005,0.0,0.0,7016,0.0,0.0,0.0,0.0
7.36,0.0,0.0,7016,0.0,0.0,0.0,0.0
7.37,0.0,0.0,7016,0.0,0.0,0.0,0.0
7.38,0.0,0.0,7016,0.0,0.0,0.0,0.0
7.390000000000001,0.0,0.0,7016,0.0,0.0,0.0,0.0
7.4,0.0,0.0,7016,0.0,0.0,0.0,0.0
7.41,0.0,0.0,7016,0.0,0.0,0.0,0.0
7.42,0.0,0.0,7016,0.0,0.0,0.0,0.0
7.43,0.0,0.0,7016,0.0,0.0,0.0,0.0
7.44,0.0,0.0,7016,0.0,0.0,0.0,0.0
7.45,0.0,0.0,7016,0.0,0.0,0.0,0.0
7.46,0.0,0.0,7016,0.0,0.0,0.0,0.0
7.47,0.0,0.0,7016,0.0,0.0,0.0,0.0
7.48,0.0,0.0,7016,0.0,0.0,0.0,0.0
7.49,0.0,0.0,7016,0.0,0.0,0.0,0.0
7.5,0.0,0.0,7016,0.0,0.0,0.0,0.0
7.51,0.0,0.0,7016,0.0,0.0,0.0,0.0
7.5200000000000005,0.0,0.0,7016,0.0,0.0,0.0,0.0
7.53,0.0,0.0,7016,0.0,0.0,0.0,0.0
7.54,0.0,0.0,7016,0.0,0.0,0.0,0.0
7.55,0.0,0.0,7016,0.0,0.0,0.0,0.0
7.5600000000000005,0.0,0.0,7016,0.0,0.0,0.0,0.0
7.57,0.0,0.0,7016,0.0,0.0,0.0,0.0
7.58,0.0,0.0,7016,0.0,0.0,0.0,0.0
7.59,0.0,0.0,7016,0.0,0.0,0.0,0.0
7.6000000000000005,0.0,0.0,7016,0.0,0.0,0.0,0.0
7.61,0.0,0.0,7016,0.0,0.0,0.0,0.0
7.62,0.0,0.0,7016,0.0,0.0,0.0,0.0
7.63,0.0,0.0,7016,0.0,0.0,0.0,0.0
7.640000000000001,0.0,0.0,7016,0.0,0.0,0.0,0.0
7.65,0.0,0.0,7016,0.0,0.0,0.0,0.0
7.66,0.0,0.0,7016,0.0,0.0,0.0,0.0
7.67,0.0,0.0,7016,0.0,0.0,0.0,0.0
7.68,0.0,0.0,7016,0.0,0.0,0.0,0.0
7.69,0.0,0.0,7016,0.0,0.0,0.0,0.0
7.7,0.0,0.0,7016,0.0,0.0,0.0,0.0
7.71,0.0,0.0,7016,0.0,0.0,0.0,0.0
7.72,0.0,0.0,7016,0.0,0.0,0.0,0.0
7.73,0.0,0.0,7016,0.0,0.0,0.0,0.0
7.74,0.0,0.0,7016,0.0,0.0,0.0,0.0
7.75,0.0,0.0,7016,0.0,0.0,0.0,0.0
7.76,0.0,0.0,7016,0.0,0.0,0.0,0.0
7.7700000000000005,0.0,0.0,7016,0.0,0.0,0.0,0.0
7.78,0.0,0.0,7016,0.0,0.0,0.0,0.0
7.79,0.0,0.0,7016,0.0,0.0,0.0,0.0
7.8,0.0,0.0,7016,0.0,0.0,0.0,0.0
7.8100000000000005,0.0,0.0,7016,0.0,0.0,0.0,0.0
7.82,0.0,0.0,7016,0.0,0.0,0.0,0.0
7.83,0.0,0.0,7016,0.0,0.0,0.0,0.0
7.84,0.0,0.0,7016,0.0,0.0,0.0,0.0
7.8500000000000005,0.0,0.0,7016,0.0,0.0,0.0,0.0
7.86,0.0,0.0,7016,0.0,0.0,0.0,0.0
7.87,0.0,0.0,7016,0.0,0.0,0.0,0.0
7.88,0.0,0.0,7016,0.0,0.0,0.0,0.0
7.890000000000001,0.0,0.0,7016,0.0,0.0,0.0,0.0
7.9,0.0,0.0,7016,0.0,0.0,0.0,0.0
7.91,0.0,0.0,7016,0.0,0.0,0.0,0.0
7.92,0.0,0.0,7016,0.0,0.0,0.0,0.0
7.930000000000001,0.0,0.0,7016,0.0,0.0,0.0,0.0
7.94,0.0,0.0,7016,0.0,0.0,0.0,0.0
7.95,0.0,0.0,7016,0.0,0.0,0.0,0.0
7.96,0.0,0.0,7016,0.0,0.0,0.0,0.0
7.97,0.0,0.0,7016,0.0,0.0,0.0,0.0
7.98,0.0,0.0,7016,0.0,0.0,0.0,0.0
7.99,0.0,0.0,7016,0.0,0.0,0.0,0.0
8.0,0.0,0.0,7016,0.0,0.0,0.0,0.0
8.01,0.0,0.0,7016,0.0,0.0,0.0,0.0
8.02,0.0,0.0,7016,0.0,0.0,0.0,0.0
8.03,0.0,0.0,7016,0.0,0.0,0.0,0.0
8.040000000000001,0.0,0.0,7016,0.0,0.0,0.0,0.0
8.05,0.0,0.0,7016,0.0,0.0,0.0,0.0
8.06,0.0,0.0,7016,0.0,0.0,0.0,0.0
8.07,0.0,0.0,7016,0.0,0.0,0.0,0.0
8.08,0.0,0.0,7016,0.0,0.0,0.0,0.0
8.09,0.0,0.0,7016,0.0,0.0,0.0,0.0
8.1,0.0,0.0,7016,0.0,0.0,0.0,0.0
8.11,0.0,0.0,7016,0.0,0.0,0.0,0.0
8.120000000000001,0.0,0.0,7016,0.0,0.0,0.0,0.0
8.13,0.0,0.0,7016,0.0,0.0,0.0,0.0
8.14,0.0,0.0,7016,0.0,0.0,0.0,0.0
8.15,0.0,0.0,7016,0.0,0.0,0.0,0.0
8.16,0.0,0.0,7016,0.0,0.0,0.0,0.0
8.17,0.0,0.0,7016,0.0,0.0,0.0,0.0
8.18,0.0,0.0,7016,0.0,0.0,0.0,0.0
8.19,0.0,0.0,7016,0.0,0.0,0.0,0.0
8.2,0.0,0.0,7016,0.0,0.0,0.0,0.0
8.21,0.0,0.0,7016,0.0,0.0,0.0,0.0
8.22,0.0,0.0,7016,0.0,0.0,0.0,0.0
8.23,0.0,0.0,7016,0.0,0.0,0.0,0.0
8.24,0.0,0.0,7016,0.0,0.0,0.0,0.0
8.25,0.0,0.0,7016,0.0,0.0,0.0,0.0
8.26,0.0,0.0,7016,0.0,0.0,0.0,0.0
8.27,0.0,0.0,7016,0.0,0.0,0.0,0.0
8.28,0.0,0.0,7016,0.0,0.0,0.0,0.0
8.290000000000001,0.0,0.0,7016,0.0,0.0,0.0,0.0
8.3,0.0,0.0,7016,0.0,0.0,0.0,0.0
8.31,0.0,0.0,7016,0.0,0.0,0.0,0.0
8.32,0.0,0.0,7016,0.0,0.0,0.0,0.0
8.33,0.0,0.0,7016,0.0,0.0,0.0,0.0
8.34,0.0,0.0,7016,0.0,0.0,0.0,0.0
8.35,0.0,0.0,7016,0.0,0.0,0.0,0.0
8.36,0.0,0.0,7016,0.0,0.0,0.0,0.0
8.370000000000001,0.0,0.0,7016,0.0,0.0,0.0,0.0
8.38,0.0,0.0,7016,0.0,0.0,0.0,0.0
8.39,0.0,0.0,7016,0.0,0.0,0.0,0.0
8.4,0.0,0.0,7016,0.0,0.0,0.0,0.0
8.41,0.0,0.0,7016,0.0,0.0,0.0,0.0
8.42,0.0,0.0,7016,0.0,0.0,0.0,0.0
8.43,0.0,0.0,7016,0.0,0.0,0.0,0.0
8.44,0.0,0.0,7016,0.0,0.0,0.0,0.0
8.45,0.0,0.0,7016,0.0,0.0,0.0,0.0
8.46,0.0,0.0,7016,0.0,0.0,0.0,0.0
8.47,0.0,0.0,7016,0.0,0.0,0.0,0.0
8.48,0.0,0.0,7016,0.0,0.0,0.0,0.0
8.49,0.0,0.0,7016,0.0,0.0,0.0,0.0
8.5,0.0,0.0,7016,0.0,0.0,0.0,0.0
8.51,0.0,0.0,7016,0.0,0.0,0.0,0.0
8.52,0.0,0.0,7016,0.0,0.0,0.0,0.0
8.53,0.0,0.0,7016,0.0,0.0,0.0,0.0
8.540000000000001,0.0,0.0,7016,0.0,0.0,0.0,0.0
8.55,0.0,0.0,7016,0.0,0.0,0.0,0.0
8.56,0.0,0.0,7016,0.0,0.0,0.0,0.0
8.57,0.0,0.0,7016,0.0,0.0,0.0,0.0
8.58,0.0,0.0,7016,0.0,0.0,0.0,0.0
8.59,0.0,0.0,7016,0.0,0.0,0.0,0.0
8.6,0.0,0.0,7016,0.0,0.0,0.0,0.0
8.61,0.0,0.0,7016,0.0,0.0,0.0,0.0
8.620000000000001,0.0,0.0,7016,0.0,0.0,0.0,0.0
8.63,0.0,0.0,7016,0.0,0.0,0.0,0.0
8.64,0.0,0.0,7016,0.0,0.0,0.0,0.0
8.65,0.0,0.0,7016,0.0,0.0,0.0,0.0
8.66,0.0,0.0,7016,0.0,0.0,0.0,0.0
8.67,0.0,0.0,7016,0.0,0.0,0.0,0.0
8.68,0.0,0.0,7016,0.0,0.0,0.0,0.0
8.69,0.0,0.0,7016,0.0,0.0,0.0,0.0
8.700000000000001,0.0,0.0,7016,0.0,0.0,0.0,0.0
8.71,0.0,0.0,7016,0.0,0.0,0.0,0.0
8.72,0.0,0.0,7016,0.0,0.0,0.0,0.0
8.73,0.0,0.0,7016,0.0,0.0,0.0,0.0
8.74,0.0,0.0,7016,0.0,0.0,0.0,0.0
8.75,0.0,0.0,7016,0.0,0.0,0.0,0.0
8.76,0.0,0.0,7016,0.0,0.0,0.0,0.0
8.77,0.0,0.0,7016,0.0,0.0,0.0,0.0
8.78,0.0,0.0,7016,0.0,0.0,0.0,0.0
8.790000000000001,0.0,0.0,7016,0.0,0.0,0.0,0.0
8.8,0.0,0.0,7016,0.0,0.0,0.0,0.0
8.81,0.0,0.0,7016,0.0,0.0,0.0,0.0
8.82,0.0,0.0,7016,0.0,0.0,0.0,0.0
8.83,0.0,0.0,7016,0.0,0.0,0.0,0.0
8.84,0.0,0.0,7016,0.0,0.0,0.0,0.0
8.85,0.0,0.0,7016,0.0,0.0,0.0,0.0
8.86,0.0,0.0,7016,0.0,0.0,0.0,0.0
8.870000000000001,0.0,0.0,7016,0.0,0.0,0.0,0.0
8.88,0.0,0.0,7016,0.0,0.0,0.0,0.0
8.89,0.0,0.0,7016,0.0,0.0,0.0,0.0
8.9,0.0,0.0,7016,0.0,0.0,0.0,0.0
8.91,0.0,0.0,7016,0.0,0.0,0.0,0.0
8.92,0.0,0.0,7016,0.0,0.0,0.0,0.0
8.93,0.0,0.0,7016,0.0,0.0,0.0,0.0
8.94,0.0,0.0,7016,0.0,0.0,0.0,0.0
8.950000000000001,0.0,0.0,7016,0.0,0.0,0.0,0.0
8.96,0.0,0.0,7016,0.0,0.0,0.0,0.0
8.97,0.0,0.0,7016,0.0,0.0,0.0,0.0
8.98,0.0,0.0,7016,0.0,0.0,0.0,0.0
8.99,0.0,0.0,7016,0.0,0.0,0.0,0.0
9.0,0.0,0.0,7016,0.0,0.0,0.0,0.0
9.01,0.0,0.0,7016,0.0,0.0,0.0,0.0
9.02,0.0,0.0,7016,0.0,0.0,0.0,0.0
9.03,0.0,0.0,7016,0.0,0.0,0.0,0.0
9.040000000000001,0.0,0.0,7016,0.0,0.0,0.0,0.0
9.05,0.0,0.0,7016,0.0,0.0,0.0,0.0
9.06,0.0,0.0,7016,0.0,0.0,0.0,0.0
9.07,0.0,0.0,7016,0.0,0.0,0.0,0.0
9.08,0.0,0.0,7016,0.0,0.0,0.0,0.0
9.09,0.0,0.0,7016,0.0,0.0,0.0,0.0
9.1,0.0,0.0,7016,0.0,0.0,0.0,0.0
9.11,0.0,0.0,7016,0.0,0.0,0.0,0.0
9.120000000000001,0.0,0.0,7016,0.0,0.0,0.0,0.0
9.13,0.0,0.0,7016,0.0,0.0,0.0,0.0
9.14,0.0,0.0,7016,0.0,0.0,0.0,0.0
9.15,0.0,0.0,7016,0.0,0.0,0.0,0.0
9.16,0.0,0.0,7016,0.0,0.0,0.0,0.0
9.17,0.0,0.0,7016,0.0,0.0,0.0,0.0
9.18,0.0,0.0,7016,0.0,0.0,0.0,0.0
9.19,0.0,0.0,7016,0.0,0.0,0.0,0.0
9.200000000000001,0.0,0.0,7016,0.0,0.0,0.0,0.0
9.21,0.0,0.0,7016,0.0,0.0,0.0,0.0
9.22,0.0,0.0,7016,0.0,0.0,0.0,0.0
9.23,0.0,0.0,7016,0.0,0.0,0.0,0.0
9.24,0.0,0.0,7016,0.0,0.0,0.0,0.0
9.25,0.0,0.0,7016,0.0,0.0,0.0,0.0
9.26,0.0,0.0,7016,0.0,0.0,0.0,0.0
9.27,0.0,0.0,7016,0.0,0.0,0.0,0.0
9.28,0.0,0.0,7016,0.0,0.0,0.0,0.0
9.290000000000001,0.0,0.0,7016,0.0,0.0,0.0,0.0
9.3,0.0,0.0,7016,0.0,0.0,0.0,0.0
9.31,0.0,0.0,7016,0.0,0.0,0.0,0.0
9.32,0.0,0.0,7016,0.0,0.0,0.0,0.0
9.33,0.0,0.0,7016,0.0,0.0,0.0,0.0
9.34,0.0,0.0,7016,0.0,0.0,0.0,0.0
9.35,0.0,0.0,7016,0.0,0.0,0.0,0.0
9.36,0.0,0.0,7016,0.0,0.0,0.0,0.0
9.370000000000001,0.0,0.0,7016,0.0,0.0,0.0,0.0
9.38,0.0,0.0,7016,0.0,0.0,0.0,0.0
9.39,0.0,0.0,7016,0.0,0.0,0.0,0.0
9.4,0.0,0.0,7016,0.0,0.0,0.0,0.0
9.41,0.0,0.0,7016,0.0,0.0,0.0,0.0
9.42,0.0,0.0,7016,0.0,0.0,0.0,0.0
9.43,0.0,0.0,7016,0.0,0.0,0.0,0.0
9.44,0.0,0.0,7016,0.0,0.0,0.0,0.0
9.450000000000001,0.0,0.0,7016,0.0,0.0,0.0,0.0
9.46,0.0,0.0,7016,0.0,0.0,0.0,0.0
9.47,0.0,0.0,7016,0.0,0.0,0.0,0.0
9.48,0.0,0.0,7016,0.0,0.0,0.0,0.0
9.49,0.0,0.0,7016,0.0,0.0,0.0,0.0
9.5,0.0,0.0,7016,0.0,0.0,0.0,0.0
9.51,0.0,0.0,7016,0.0,0.0,0.0,0.0
9.52,0.0,0.0,7016,0.0,0.0,0.0,0.0
9.53,0.0,0.0,7016,0.0,0.0,0.0,0.0
9.540000000000001,0.0,0.0,7016,0.0,0.0,0.0,0.0
9.55,0.0,0.0,7016,0.0,0.0,0.0,0.0
9.56,0.0,0.0,7016,0.0,0.0,0.0,0.0
9.57,0.0,0.0,7016,0.0,0.0,0.0,0.0
9.58,0.0,0.0,7016,0.0,0.0,0.0,0.0
9.59,0.0,0.0,7016,0.0,0.0,0.0,0.0
9.6,0.0,0.0,7016,0.0,0.0,0.0,0.0
9.61,0.0,0.0,7016,0.0,0.0,0.0,0.0
9.620000000000001,0.0,0.0,7016,0.0,0.0,0.0,0.0
9.63,0.0,0.0,7016,0.0,0.0,0.0,0.0
9.64,0.0,0.0,7016,0.0,0.0,0.0,0.0
9.65,0.0,0.0,7016,0.0,0.0,0.0,0.0
9.66,0.0,0.0,7016,0.0,0.0,0.0,0.0
9.67,0.0,0.0,7016,0.0,0.0,0.0,0.0
9.68,0.0,0.0,7016,0.0,0.0,0.0,0.0
9.69,0.0,0.0,7016,0.0,0.0,0.0,0.0
9.700000000000001,0.0,0.0,7016,0.0,0.0,0.0,0.0
9.71,0.0,0.0,7016,0.0,0.0,0.0,0.0
9.72,0.0,0.0,7016,0.0,0.0,0.0,0.0
9.73,0.0,0.0,7016,0.0,0.0,0.0,0.0
9.74,0.0,0.0,7016,0.0,0.0,0.0,0.0
9.75,0.0,0.0,7016,0.0,0.0,0.0,0.0
9.76,0.0,0.0,7016,0.0,0.0,0.0,0.0
9.77,0.0,0.0,7016,0.0,0.0,0.0,0.0
9.78,0.0,0.0,7016,0.0,0.0,0.0,0.0
9.790000000000001,0.0,0.0,7016,0.0,0.0,0.0,0.0
9.8,0.0,0.0,7016,0.0,0.0,0.0,0.0
9.81,0.0,0.0,7016,0.0,0.0,0.0,0.0
9.82,0.0,0.0,7016,0.0,0.0,0.0,0.0
9.83,0.0,0.0,7016,0.0,0.0,0.0,0.0
9.84,0.0,0.0,7016,0.0,0.0,0.0,0.0
9.85,0.0,0.0,7016,0.0,0.0,0.0,0.0
9.86,0.0,0.0,7016,0.0,0.0,0.0,0.0
9.870000000000001,0.0,0.0,7016,0.0,0.0,0.0,0.0
9.88,0.0,0.0,7016,0.0,0.0,0.0,0.0
9.89,0.0,0.0,7016,0.0,0.0,0.0,0.0
9.9,0.0,0.0,7016,0.0,0.0,0.0,0.0
9.91,0.0,0.0,7016,0.0,0.0,0.0,0.0
9.92,0.0,0.0,7016,0.0,0.0,0.0,0.0
9.93,0.0,0.0,7016,0.0,0.0,0.0,0.0
9.94,0.0,0.0,7016,0.0,0.0,0.0,0.0
9.950000000000001,0.0,0.0,7016,0.0,0.0,0.0,0.0
9.96,0.0,0.0,7016,0.0,0.0,0.0,0.0
9.97,0.0,0.0,7016,0.0,0.0,0.0,0.0
9.98,0.0,0.0,7016,0.0,0.0,0.0,0.0
9.99,0.0,0.0,7016,0.0,0.0,0.0,0.0
10.0,0.0,0.0,7016,0.0,0.0,0.0,0.0
10.01,0.0,0.0,7016,0.0,0.0,0.0,0.0
10.02,0.0,0.0,7016,0.0,0.0,0.0,0.0
10.03,0.0,0.0,7016,0.0,0.0,0.0,0.0
10.040000000000001,0.0,0.0,7016,0.0,0.0,0.0,0.0
10.05,0.0,0.0,7016,0.0,0.0,0.0,0.0
10.06,0.0,0.0,7016,0.0,0.0,0.0,0.0
10.07,0.0,0.0,7016,0.0,0.0,0.0,0.0
10.08,0.0,0.0,7016,0.0,0.0,0.0,0.0
10.09,34.160467,5.12407,7016,0.0,0.0,381.83543462308717,0.0
10.1,34.160467,9.47953,7016,0.0,0.0,706.3955913117101,0.0
10.11,107.999822,24.257574,7016,0.0,0.0,1807.6258347742519,0.0
10.120000000000001,107.999822,36.818911,7016,0.0,0.0,2743.671511910213,0.0
10.13,107.999822,47.496047,7016,0.0,0.0,3539.3103039426815,0.0
10.14,176.566294,66.856584,7016,0.0,0.0,4982.018748583633,0.0
10.15,176.566294,83.313041,7016,0.0,0.0,6208.32096751334,0.0
10.16,176.566294,97.301029,7016,0.0,0.0,7250.677820070494,0.0
10.17,176.566294,109.190819,7016,0.0,0.0,8136.681159647673,0.0
10.18,176.566294,119.29714,7016,0.0,0.0,8889.783961029274,0.0
10.19,176.566294,127.887513,7016,0.0,0.0,9529.921353381338,0.0
10.200000000000001,209.642263,140.150726,7016,0.0,0.0,10443.75142707871,0.0
10.21,209.642263,150.574456,7016,0.0,0.0,11220.50691147758,0.0
10.22,209.642263,159.434627,7016,0.0,0.0,11880.74911047562,0.0
10.23,228.011165,169.721108,7017,0.0,0.0,12647.277074257752,0.0
10.24,235.561883,179.597224,7017,0.0,0.0,13383.22546006201,0.0
10.25,235.561883,187.991923,7017,0.0,0.0,14008.781617802832,0.0
10.26,235.561883,195.127417,7017,0.0,0.0,14540.504340704825,0.0
10.27,235.561883,201.192587,7017,0.0,0.0,14992.468662623322,0.0
10.28,235.561883,206.347981,7017,0.0,0.0,15376.638298995045,0.0
10.290000000000001,235.561883,210.730066,7017,0.0,0.0,15703.182497362808,0.0
10.3,242.780255,215.537595,7017,0.0,0.0,16061.429930590322,0.0
10.31,242.780255,219.623994,7017,0.0,0.0,16365.940200397006,0.0
10.32,242.780255,223.097433,7017,0.0,0.0,16624.77391855499,0.0
10.33,240.054276,225.64096,7017,0.0,0.0,16814.312456771793,0.0
10.34,216.590934,224.283456,7017,0.0,0.0,16713.153977312577,0.0
10.35,216.590934,223.129577,7017,0.0,0.0,16627.169225061447,0.0
10.36,216.590934,222.148781,7017,0.0,0.0,16554.082271343683,0.0
10.370000000000001,216.590934,221.315104,7017,0.0,0.0,16491.958330876383,0.0
10.38,216.590934,220.606478,7017,0.0,0.0,16439.15294049428,0.0
10.39,216.590934,220.004147,7017,0.0,0.0,16394.268440639287,0.0
10.4,196.702489,216.508898,7017,0.0,0.0,16133.809484959349,0.0
10.41,196.702489,213.537937,7017,0.0,0.0,15912.4194210681,0.0
10.42,197.999852,211.207224,7017,0.0,0.0,15738.73935593693,0.0
10.43,197.999852,209.226118,7017,0.0,0.0,15591.111304301334,0.0
10.44,211.744919,209.603938,7017,0.0,0.0,15619.265694055824,0.0
10.450000000000001,211.744919,209.925085,7017,0.0,0.0,15643.19692534714,0.0
10.46,211.744919,210.19806,7017,0.0,0.0,15663.53847567066,0.0
10.47,211.744919,210.430089,7017,0.0,0.0,15680.828812075151,0.0
10.48,211.744919,210.627313,7017,0.0,0.0,15695.52554958227,0.0
10.49,211.744919,210.794954,7017,0.0,0.0,15708.017821174119,0.0
10.5,229.347146,213.577783,7018,0.0,0.0,15915.388665190058,0.0
10.51,229.347146,215.943187,7018,0.0,0.0,16091.6538341669,0.0
10.52,233.992676,218.650611,7018,0.0,0.0,16293.405648593514,0.0
10.53,233.992676,220.951921,7018,0.0,0.0,16464.89466104894,0.0
10.540000000000001,241.463452,224.02865,7018,0.0,0.0,16694.166344482706,0.0
10.55,241.463452,226.64387,7018,0.0,0.0,16889.047301482704,0.0
10.56,241.463452,228.866808,7018,0.0,0.0,17054.696189450697,0.0
10.57,241.463452,230.756304,7018,0.0,0.0,17195.4976473501,0.0
10.58,241.463452,232.362376,7018,0.0,0.0,17315.178916371795,0.0
10.59,241.463452,233.727538,7018,0.0,0.0,17416.908054654625,0.0
10.6,241.579896,234.905391,7018,0.0,0.0,17504.679301373955,0.0
10.61,241.579896,235.906567,7018,0.0,0.0,17579.284931877482,0.0
10.620000000000001,241.579896,236.757567,7018,0.0,0.0,17642.699747612674,0.0
10.63,220.008324,234.24518,7018,0.0,0.0,17455.481699833002,0.0
10.64,198.685554,228.911236,7018,0.0,0.0,17058.006875036463,0.0
10.65,198.685554,224.377384,7018,0.0,0.0,16720.1533037666,0.0
10.66,198.685554,220.52361,7018,0.0,0.0,16432.97778309082,0.0
10.67,198.685554,217.247901,7018,0.0,0.0,16188.878508546608,0.0
10.68,198.685554,214.463549,7018,0.0,0.0,15981.394173620725,0.0
10.69,198.685554,212.09685,7018,0.0,0.0,15805.032503837327,0.0
10.700000000000001,199.138256,210.153061,7018,0.0,0.0,15660.18524030842,0.0
10.71,199.138256,208.50084,7018,0.0,0.0,15537.065040227548,0.0
10.72,199.138256,207.096453,7018,0.0,0.0,15432.412933499103,0.0
10.73,216.011506,208.433711,7018,0.0,0.0,15532.062721584198,0.0
10.74,226.07574,211.080015,7019,0.0,0.0,15729.259996013474,0.0
10.75,226.07574,213.329374,7019,0.0,0.0,15896.877723989157,0.0
10.76,226.07574,215.241329,7019,0.0,0.0,16039.352781590787,0.0
10.77,226.07574,216.866491,7019,0.0,0.0,16160.456599181673,0.0
10.78,226.07574,218.247878,7019,0.0,0.0,16263.394791971326,0.0
10.790000000000001,226.07574,219.422057,7019,0.0,0.0,16350.89225956843,0.0
10.8,226.07574,220.42011,7019,0.0,0.0,16425.265170366267,0.0
10.81,226.07574,221.268454,7019,0.0,0.0,16488.482066300534,0.0
10.82,226.07574,221.989547,7019,0.0,0.0,16542.216472555458,0.0
10.83,248.936731,226.031625,7019,0.0,0.0,16843.4240302021,0.0
10.84,235.17251,227.402758,7019,0.0,0.0,16945.598115447043,0.0
10.85,235.17251,228.56822,7019,0.0,0.0,17032.446009661344,0.0
10.86,235.17251,229.558864,7019,0.0,0.0,17106.266816616902,0.0
10.870000000000001,235.17251,230.400911,7019,0.0,0.0,17169.014472721927,0.0
10.88,235.17251,231.116651,7019,0.0,0.0,17222.349984137094,0.0
10.89,235.17251,231.72503,7019,0.0,0.0,17267.68516883999,0.0
10.9,229.738254,231.427013,7019,0.0,0.0,17245.477538827115,0.0
10.91,229.738254,231.173699,7019,0.0,0.0,17226.60108684927,0.0
10.92,203.997766,227.097309,7019,0.0,0.0,16922.836667677944,0.0
10.93,203.997766,223.632378,7019,0.0,0.0,16664.63694864132,0.0
10.94,193.581778,219.124788,7019,0.0,0.0,16328.740369017569,0.0
10.950000000000001,193.581778,215.293336,7019,0.0,0.0,16043.228239078382,0.0
10.96,193.581778,212.036602,7019,0.0,0.0,15800.542943533666,0.0
10.97,193.581778,209.268379,7019,0.0,0.0,15594.260509386862,0.0
10.98,193.581778,206.915389,7019,0.0,0.0,15418.920406828976,0.0
10.99,193.581778,204.915347,7019,0.0,0.0,15269.881282395778,0.0
11.0,211.747157,205.940118,7019,0.0,0.0,15346.24516504651,0.0
11.01,211.747157,206.811174,7019,0.0,0.0,15411.15451373633,0.0
11.02,221.997769,209.089163,7019,0.0,0.0,15580.905691975817,0.0
11.03,221.997769,211.025454,7019,0.0,0.0,15725.19421956068,0.0
11.040000000000001,234.305587,214.517474,7020,0.0,0.0,15985.412556627214,0.0
11.05,234.305587,217.485691,7020,0.0,0.0,16206.59814313377,0.0
11.06,234.305587,220.008676,7020,0.0,0.0,16394.60593264924,0.0
11.07,234.305587,222.153212,7020,0.0,0.0,16554.412460589887,0.0
11.08,234.305587,223.976069,7020,0.0,0.0,16690.24811366464,0.0
11.09,234.305587,225.525496,7020,0.0,0.0,16805.708310727085,0.0
11.1,237.756077,227.360083,7020,0.0,0.0,16942.418059910615,0.0
11.11,237.756077,228.919482,7020,0.0,0.0,17058.621350442514,0.0
11.120000000000001,237.756077,230.244972,7020,0.0,0.0,17157.39421073493,0.0
11.13,248.188632,232.936521,7020,0.0,0.0,17357.963051953793,0.0
11.14,223.059051,231.4549,7020,0.0,0.0,17247.555622218897,0.0
11.15,223.059051,230.195523,7020,0.0,0.0,17153.70937028453,0.0
11.16,223.059051,229.125052,7020,0.0,0.0,17073.940015155425,0.0
11.17,223.059051,228.215152,7020,0.0,0.0,17006.136089376978,0.0
11.18,223.059051,227.441737,7020,0.0,0.0,16948.5027524653,0.0
11.19,223.059051,226.784334,7020,0.0,0.0,16899.51439746088,0.0
11.200000000000001,194.731478,221.976406,7020,0.0,0.0,16541.23723155243,0.0
11.21,194.731478,217.889667,7020,0.0,0.0,16236.701625626649,0.0
11.22,197.998386,214.905974,7020,0.0,0.0,16014.362798593282,0.0
11.23,197.998386,212.369836,7020,0.0,0.0,15825.374873858816,0.0
11.24,207.028284,211.568603,7020,0.0,0.0,15765.668595297175,0.0
11.25,207.028284,210.887555,7020,0.0,0.0,15714.918262245676,0.0
11.26,207.028284,210.308665,7020,0.0,0.0,15671.780538766303,0.0
11.27,207.028284,209.816608,7020,0.0,0.0,15635.113436549835,0.0
11.28,207.028284,209.398359,7020,0.0,0.0,15603.94635868094,0.0
11.290000000000001,207.028284,209.042848,7020,0.0,0.0,15577.454390929075,0.0
11.3,225.300512,211.481497,7020,0.0,0.0,15759.17763062099,0.0
11.31,225.300512,213.554349,7020,0.0,0.0,15913.642410440423,0.0
11.32,225.300512,215.316274,7021,0.0,0.0,16044.937532901333,0.0
11.33,228.046073,217.225744,7021,0.0,0.0,16187.227413279576,0.0
11.34,243.220192,221.124911,7021,0.0,0.0,16477.785529408553,0.0
11.35,243.220192,224.439203,7021,0.0,0.0,16724.759931844077,0.0
11.36,243.220192,227.256351,7021,0.0,0.0,16934.68815901068,0.0
11.370000000000001,243.220192,229.650927,7021,0.0,0.0,17113.127167005892,0.0
11.38,243.220192,231.686317,7021,0.0,0.0,17264.80035360902,0.0
11.39,243.220192,233.416398,7021,0.0,0.0,17393.722524962675,0.0
11.4,243.767113,234.969005,7021,0.0,0.0,17509.419689256658,0.0
11.41,243.767113,236.288721,7021,0.0,0.0,17607.762282632437,0.0
11.42,233.997871,235.945094,7021,0.0,0.0,17582.15588676095,0.0
11.43,233.997871,235.65301,7021,0.0,0.0,17560.390372026286,0.0
11.44,206.939708,231.346015,7021,0.0,0.0,17239.441730078677,0.0
11.450000000000001,206.939708,227.685069,7021,0.0,0.0,16966.635365793718,0.0
11.46,206.939708,224.573265,7021,0.0,0.0,16734.749963603295,0.0
11.47,206.939708,221.928231,7021,0.0,0.0,16537.647327030638,0.0
11.48,206.939708,219.679953,7021,0.0,0.0,16370.11015301008,0.0
11.49,206.939708,217.768916,7021,0.0,0.0,16227.703502930006,0.0
11.5,197.919695,214.791533,7021,0.0,0.0,16005.834884459848,0.0
11.51,197.919695,212.260757,7021,0.0,0.0,15817.246525227114,0.0
11.52,197.919695,210.109598,7021,0.0,0.0,15656.946464590086,0.0
11.53,204.011112,209.194825,7021,0.0,0.0,15588.779412610615,0.0
11.540000000000001,221.318505,211.013377,7021,0.0,0.0,15724.294265706822,0.0
11.55,221.318505,212.559146,7021,0.0,0.0,15839.481875934998,0.0
11.56,221.318505,213.87305,7021,0.0,0.0,15937.39137071025,0.0
11.57,221.318505,214.989868,7021,0.0,0.0,16020.614411462011,0.0
11.58,221.318505,215.939164,7021,0.0,0.0,16091.35404826361,0.0
11.59,221.318505,216.746065,7022,0.0,0.0,16151.482694834167,0.0
11.6,230.028407,218.738416,7022,0.0,0.0,16299.948701349835,0.0
11.61,230.028407,220.431915,7022,0.0,0.0,16426.144855324852,0.0
11.620000000000001,230.028407,221.871389,7022,0.0,0.0,16533.41157502592,0.0
11.63,240.018705,224.593486,7022,0.0,0.0,16736.25679202748,0.0
11.64,243.233835,227.389538,7022,0.0,0.0,16944.61298752222,0.0
11.65,243.233835,229.766183,7022,0.0,0.0,17121.715813307153,0.0
11.66,243.233835,231.786331,7022,0.0,0.0,17272.253196594844,0.0
11.67,243.233835,233.503456,7022,0.0,0.0,17400.209912774986,0.0
11.68,243.233835,234.963013,7022,0.0,0.0,17508.9731774166,0.0
11.69,243.233835,236.203636,7022,0.0,0.0,17601.421918828877,0.0
11.700000000000001,229.954784,235.266308,7022,0.0,0.0,17531.574113419432,0.0
11.71,229.954784,234.46958,7022,0.0,0.0,17472.2035384358,0.0
11.72,229.954784,233.79236,7022,0.0,0.0,17421.738460278113,0.0
11.73,207.997206,229.923087,7022,0.0,0.0,17133.407985161582,0.0
11.74,199.52736,225.363728,7022,0.0,0.0,16793.6536833336,0.0
11.75,199.52736,221.488273,7022,0.0,0.0,16504.86253795752,0.0
11.76,199.52736,218.194136,7022,0.0,0.0,16259.390045758351,0.0
11.77,199.52736,215.394119,7022,0.0,0.0,16050.738386404162,0.0
11.78,199.52736,213.014105,7022,0.0,0.0,15873.384509486197,0.0
11.790000000000001,199.52736,210.991094,7022,0.0,0.0,15722.633781172124,0.0
11.8,199.52736,209.271534,7022,0.0,0.0,15594.495613668467,0.0
11.81,199.52736,207.809907,7022,0.0,0.0,15485.578096772359,0.0
11.82,199.52736,206.567525,7022,0.0,0.0,15392.998278202762,0.0
11.83,219.070048,208.442904,7022,0.0,0.0,15532.747765533733,0.0
11.84,227.563747,211.31103,7023,0.0,0.0,15746.474771168663,0.0
11.85,227.563747,213.748938,7023,0.0,0.0,15928.142793024552,0.0
11.86,227.563747,215.821159,7023,0.0,0.0,16082.56055198766,0.0
11.870000000000001,227.563747,217.582547,7023,0.0,0.0,16213.815658283998,0.0
11.88,227.563747,219.079727,7023,0.0,0.0,16325.382513539489,0.0
11.89,227.563747,220.35233,7023,0.0,0.0,16420.214340506656,0.0
11.9,233.559433,222.333396,7023,0.0,0.0,16567.83941142236,0.0
11.91,233.559433,224.017301,7023,0.0,0.0,16693.320639730908,0.0
11.92,245.938552,227.305489,7023,0.0,0.0,16938.349824363908,0.0
11.93,245.938552,230.100448,7023,0.0,0.0,17146.62457168756,0.0
11.94,230.260602,230.124471,7023,0.0,0.0,17148.414717537627,0.0
11.950000000000001,230.260602,230.144891,7023,0.0,0.0,17149.936375043286,0.0
11.96,230.260602,230.162248,7023,0.0,0.0,17151.22978392309,0.0
11.97,230.260602,230.177001,7023,0.0,0.0,17152.329147937828,0.0
11.98,230.260602,230.189541,7023,0.0,0.0,17153.26360362445,0.0
11.99,230.260602,230.2002,7023,0.0,0.0,17154.057890958084,0.0
12.0,230.260602,230.20926,7023,0.0,0.0,17154.733024013975,0.0
12.01,202.392729,226.036781,7023,0.0,0.0,16843.808244996377,0.0
12.02,202.392729,222.490173,7023,0.0,0.0,16579.522119491117,0.0
12.030000000000001,202.392729,219.475556,7023,0.0,0.0,16354.878897908051,0.0
12.040000000000001,199.721901,216.512508,7023,0.0,0.0,16134.078494929743,0.0
12.05,199.721901,213.993917,7023,0.0,0.0,15946.39813749458,0.0
12.06,199.721901,211.853115,7023,0.0,0.0,15786.869859755989,0.0
12.07,199.721901,210.033433,7023,0.0,0.0,15651.27080132279,0.0
12.08,199.721901,208.486703,7023,0.0,0.0,15536.01157929917,0.0
12.09,199.721901,207.171983,7023,0.0,0.0,15438.041277838094,0.0
12.1,199.721901,206.054471,7023,0.0,0.0,15354.766521596175,0.0
12.11,229.413332,209.5583,7023,0.0,0.0,15615.864841693281,0.0
12.120000000000001,229.413332,212.536555,7023,0.0,0.0,15837.79843985712,0.0
12.13,227.721087,214.814235,7024,0.0,0.0,16007.526592035432,0.0
12.14,238.416171,218.354525,7024,0.0,0.0,16271.341912833503,0.0
12.15,238.416171,221.363772,7024,0.0,0.0,16495.58497277086,0.0
12.16,238.416171,223.921632,7024,0.0,0.0,16686.19157744351,0.0
12.17,238.416171,226.095813,7024,0.0,0.0,16848.207191415273,0.0
12.18,238.416171,227.943866,7024,0.0,0.0,16985.920399950966,0.0
12.19,238.416171,229.514712,7024,0.0,0.0,17102.976697998405,0.0
12.200000000000001,238.416171,230.849931,7024,0.0,0.0,17202.47454388693,0.0
12.21,239.040945,232.078583,7024,0.0,0.0,17294.031230353063,0.0
12.22,239.040945,233.122937,7024,0.0,0.0,17371.854398945678,0.0
12.23,239.040945,234.010638,7024,0.0,0.0,17438.0040997012,0.0
12.24,219.649338,231.856443,7024,0.0,0.0,17277.477802424255,0.0
12.25,219.649338,230.025378,7024,0.0,0.0,17141.030505627346,0.0
12.26,219.649338,228.468972,7024,0.0,0.0,17025.050247461477,0.0
12.27,219.649338,227.146027,7024,0.0,0.0,16926.46703547229,0.0
12.280000000000001,219.649338,226.021523,7024,0.0,0.0,16842.671249392984,0.0
12.290000000000001,219.649338,225.065696,7024,0.0,0.0,16771.444935550768,0.0
12.3,219.649338,224.253242,7024,0.0,0.0,16710.902490540986,0.0
12.31,192.567794,219.500425,7024,0.0,0.0,16356.73208598387,0.0
12.32,192.567794,215.46053,7024,0.0,0.0,16055.68720112542,0.0
12.33,192.567794,212.02662,7024,0.0,0.0,15799.799104884234,0.0
12.34,215.286933,212.515667,7024,0.0,0.0,15836.241907928714,0.0
12.35,215.286933,212.931357,7024,0.0,0.0,15867.218294242415,0.0
12.36,215.286933,213.284693,7024,0.0,0.0,15893.548185350068,0.0
12.370000000000001,215.286933,213.585029,7024,0.0,0.0,15915.92862259877,0.0
12.38,215.286933,213.840315,7024,0.0,0.0,15934.952024067368,0.0
12.39,215.286933,214.057308,7024,0.0,0.0,15951.121907863875,0.0
12.4,215.286933,214.241751,7025,0.0,0.0,15964.866230847008,0.0
12.41,228.482202,216.377819,7025,0.0,0.0,16124.041740386194,0.0
12.42,228.482202,218.193476,7025,0.0,0.0,16259.340863880108,0.0
12.43,233.998736,220.564265,7025,0.0,0.0,16436.007312272624,0.0
12.44,241.798326,223.749375,7025,0.0,0.0,16673.35533077595,0.0
12.450000000000001,241.798326,226.456717,7025,0.0,0.0,16875.10103472678,0.0
12.46,241.798326,228.757959,7025,0.0,0.0,17046.584979958385,0.0
12.47,241.798326,230.714014,7025,0.0,0.0,17192.346281242648,0.0
12.48,241.798326,232.376661,7025,0.0,0.0,17316.243405963774,0.0
12.49,241.798326,233.78991,7025,0.0,0.0,17421.55589118463,0.0
12.5,241.798326,234.991173,7025,0.0,0.0,17511.07160422166,0.0
12.51,235.996289,235.14194,7025,0.0,0.0,17522.306459126416,0.0
12.52,235.996289,235.270093,7025,0.0,0.0,17531.856164039356,0.0
12.530000000000001,235.996289,235.379022,7025,0.0,0.0,17539.97333497146,0.0
12.540000000000001,201.22647,230.256139,7025,0.0,0.0,17158.226353211212,0.0
12.55,201.22647,225.901689,7025,0.0,0.0,16833.7414596999,0.0
12.56,201.22647,222.200406,7025,0.0,0.0,16557.929262956288,0.0
12.57,201.22647,219.054316,7025,0.0,0.0,16323.488936709118,0.0
12.58,201.22647,216.380139,7025,0.0,0.0,16124.214622140022,0.0
12.59,201.22647,214.107089,7025,0.0,0.0,15954.831488289388,0.0
12.6,201.22647,212.174996,7025,0.0,0.0,15810.855787257353,0.0
12.61,213.259403,212.337657,7025,0.0,0.0,15822.976959222458,0.0
12.620000000000001,213.259403,212.475919,7025,0.0,0.0,15833.279966570493,0.0
12.63,215.988229,213.002765,7025,0.0,0.0,15872.539475396376,0.0
12.64,227.746607,215.214342,7026,0.0,0.0,16037.341764396608,0.0
12.65,227.746607,217.094181,7026,0.0,0.0,16177.423601995712,0.0
12.66,227.746607,218.692045,7026,0.0,0.0,16296.493227295245,0.0
12.67,227.746607,220.050229,7026,0.0,0.0,16397.70237899265,0.0
12.68,227.746607,221.204686,7026,0.0,0.0,16483.730202646246,0.0
12.69,227.746607,222.185974,7026,0.0,0.0,16556.853819218693,0.0
12.700000000000001,227.746607,223.020069,7026,0.0,0.0,16619.008908208885,0.0
12.71,233.711029,224.623713,7026,0.0,0.0,16738.50924753304,0.0
12.72,233.711029,225.98681,7026,0.0,0.0,16840.084506151365,0.0
12.73,233.711029,227.145443,7026,0.0,0.0,16926.423516961844,0.0
12.74,224.456691,226.742131,7026,0.0,0.0,16896.369514419195,0.0
12.75,224.456691,226.399315,7026,0.0,0.0,16870.82355264355,0.0
12.76,224.456691,226.107921,7026,0.0,0.0,16849.10945532705,0.0
12.77,224.456691,225.860237,7026,0.0,0.0,16830.65253967422,0.0
12.780000000000001,224.456691,225.649705,7026,0.0,0.0,16814.964116658517,0.0
12.790000000000001,224.456691,225.470753,7026,0.0,0.0,16801.62897199877,0.0
12.8,224.456691,225.318644,7026,0.0,0.0,16790.294113941585,0.0
12.81,224.456691,225.189351,7026,0.0,0.0,16780.659458511676,0.0
12.82,224.456691,225.079452,7026,0.0,0.0,16772.47000512216,0.0
12.83,224.456691,224.986038,7026,0.0,0.0,16765.508980918767,0.0
12.84,203.868129,221.818351,7026,0.0,0.0,16529.45928948307,0.0
12.85,203.868129,219.125818,7026,0.0,0.0,16328.817122554825,0.0
12.86,203.868129,216.837165,7026,0.0,0.0,16158.271284391718,0.0
12.870000000000001,203.868129,214.891809,7026,0.0,0.0,16013.307251160979,0.0
12.88,203.868129,213.238257,7026,0.0,0.0,15890.087867625653,0.0
12.89,203.868129,211.832738,7026,0.0,0.0,15785.35140652422,0.0
12.9,203.868129,210.638047,7026,0.0,0.0,15696.325425765703,0.0
12.91,213.548796,211.074659,7026,0.0,0.0,15728.860877619727,0.0
12.92,213.548796,211.445779,7026,0.0,0.0,15756.51599679205,0.0
12.93,213.548796,211.761232,7026,0.0,0.0,15780.022922606522,0.0
12.94,233.739862,215.058026,7027,0.0,0.0,16025.69340912462,0.0
12.950000000000001,233.739862,217.860302,7027,0.0,0.0,16234.5134046348,0.0
12.96,233.739862,220.242236,7027,0.0,0.0,16412.010356107654,0.0
12.97,233.739862,222.26688,7027,0.0,0.0,16562.88277231138,0.0
12.98,233.739862,223.987827,7027,0.0,0.0,16691.124296277347,0.0
12.99,233.739862,225.450632,7027,0.0,0.0,16800.129595374317,0.0
13.0,241.465935,227.852928,7027,0.0,0.0,16979.143882308985,0.0
13.01,241.465935,229.894879,7027,0.0,0.0,17131.30598149265,0.0
13.02,245.997073,232.310208,7027,0.0,0.0,17311.291461486624,0.0
13.030000000000001,245.997073,234.363238,7027,0.0,0.0,17464.27914556281,0.0
13.040000000000001,225.530969,233.038397,7027,0.0,0.0,17365.55464745067,0.0
13.05,225.530969,231.912283,7027,0.0,0.0,17281.638887395646,0.0
13.06,225.530969,230.955086,7027,0.0,0.0,17210.310483897072,0.0
13.07,225.530969,230.141469,7027,0.0,0.0,17149.681374456388,0.0
13.08,225.530969,229.449894,7027,0.0,0.0,17098.146590446908,0.0
13.09,225.530969,228.862055,7027,0.0,0.0,17054.34200540935,0.0
13.1,196.495256,224.007035,7027,0.0,0.0,16692.55563797023,0.0
13.11,196.495256,219.880268,7027,0.0,0.0,16385.037225646975,0.0
13.120000000000001,191.986695,215.696232,7027,0.0,0.0,16073.25124213413,0.0
13.13,191.986695,212.139802,7027,0.0,0.0,15808.233200859017,0.0
13.14,205.743969,211.180427,7027,0.0,0.0,15736.742497162244,0.0
13.15,205.743969,210.364958,7027,0.0,0.0,15675.975380390488,0.0
13.16,205.743969,209.67181,7027,0.0,0.0,15624.323379571191,0.0
13.17,205.743969,209.082634,7027,0.0,0.0,15580.419163971193,0.0
13.18,205.743969,208.581834,7027,0.0,0.0,15543.100550903993,0.0
13.19,205.743969,208.156154,7027,0.0,0.0,15511.379729796876,0.0
13.200000000000001,232.348129,211.78495,7027,0.0,0.0,15781.790340467402,0.0
13.21,232.348129,214.869427,7028,0.0,0.0,16011.639389344546,0.0
13.22,232.348129,217.491233,7028,0.0,0.0,16207.011121875017,0.0
13.23,232.002042,219.667854,7028,0.0,0.0,16369.20855976028,0.0
13.24,238.739734,222.528636,7028,0.0,0.0,16582.388305222754,0.0
13.25,238.739734,224.960301,7028,0.0,0.0,16763.59111122126,0.0
13.26,238.739734,227.027216,7028,0.0,0.0,16917.613477690487,0.0
13.27,238.739734,228.784093,7028,0.0,0.0,17048.532433300832,0.0
13.280000000000001,238.739734,230.27744,7028,0.0,0.0,17159.813661072523,0.0
13.290000000000001,238.739734,231.546784,7028,0.0,0.0,17254.402633886362,0.0
13.3,246.623222,233.808249,7028,0.0,0.0,17422.92247673783,0.0
13.31,246.623222,235.730495,7028,0.0,0.0,17566.164399050067,0.0
13.32,246.623222,237.364404,7028,0.0,0.0,17687.920025563675,0.0
13.33,228.032411,235.964605,7028,0.0,0.0,17583.60980740702,0.0
13.34,197.72005,230.227922,7028,0.0,0.0,17156.123678880307,0.0
13.35,197.72005,225.351741,7028,0.0,0.0,16792.760436099503,0.0
13.36,197.72005,221.206987,7028,0.0,0.0,16483.901668558115,0.0
13.370000000000001,197.72005,217.683947,7028,0.0,0.0,16221.371783214141,0.0
13.38,197.72005,214.689362,7028,0.0,0.0,15998.22130615376,0.0
13.39,197.72005,212.143965,7028,0.0,0.0,15808.54341928194,0.0
13.4,205.309392,211.118779,7028,0.0,0.0,15732.14861166231,0.0
13.41,205.309392,210.247371,7028,0.0,0.0,15667.213032637426,0.0
13.42,197.991229,208.40895,7028,0.0,0.0,15530.2175814521,0.0
13.43,197.991229,206.846292,7028,0.0,0.0,15413.771436766867,0.0
13.44,222.77276,209.235262,7028,0.0,0.0,15591.792696868999,0.0
13.450000000000001,222.77276,211.265887,7028,0.0,0.0,15743.110805214805,0.0
13.46,222.77276,212.991918,7028,0.0,0.0,15871.731178679243,0.0
13.47,222.77276,214.459044,7028,0.0,0.0,15981.058470042719,0.0
13.48,222.77276,215.706101,7029,0.0,0.0,16073.986660249866,0.0
13.49,222.77276,216.7661,7029,0.0,0.0,16152.975662910845,0.0
13.5,234.191356,219.379889,7029,0.0,0.0,16347.749984656655,0.0
13.51,234.191356,221.601609,7029,0.0,0.0,16513.308109703892,0.0
13.52,233.999392,223.461276,7029,0.0,0.0,16651.88677026068,0.0
13.530000000000001,233.999392,225.041993,7029,0.0,0.0,16769.678635459848,0.0
13.540000000000001,242.706413,227.691656,7029,0.0,0.0,16967.126215842185,0.0
13.55,242.706413,229.94387,7029,0.0,0.0,17134.956692700267,0.0
13.56,242.706413,231.858251,7029,0.0,0.0,17277.61253096344,0.0
13.57,242.706413,233.485475,7029,0.0,0.0,17398.870004664837,0.0
13.58,242.706413,234.868616,7029,0.0,0.0,17501.938902021822,0.0
13.59,242.706413,236.044285,7029,0.0,0.0,17589.547401434967,0.0
13.6,229.813032,235.109597,7029,0.0,0.0,17519.89632353849,0.0
13.61,229.813032,234.315113,7029,0.0,0.0,17460.69296694089,0.0
13.620000000000001,229.813032,233.6398,7029,0.0,0.0,17410.369994604127,0.0
13.63,204.004563,229.194515,7029,0.0,0.0,17079.11625880456,0.0
13.64,197.137018,224.38589,7029,0.0,0.0,16720.787153851965,0.0
13.65,197.137018,220.29856,7029,0.0,0.0,16416.207507789757,0.0
13.66,197.137018,216.824328,7029,0.0,0.0,16157.314696859881,0.0
13.67,197.137018,213.871232,7029,0.0,0.0,15937.255896991086,0.0
13.68,197.137018,211.3611,7029,0.0,0.0,15750.205887295413,0.0
13.69,197.137018,209.227488,7029,0.0,0.0,15591.213393957685,0.0
13.700000000000001,206.319395,208.791274,7029,0.0,0.0,15558.7076002666,0.0
13.71,206.319395,208.420492,7029,0.0,0.0,15531.07766817738,0.0
13.72,206.319395,208.105327,7029,0.0,0.0,15507.59220354614,0.0
13.73,220.000308,209.889574,7029,0.0,0.0,15640.55071674365,0.0
13.74,234.415788,213.568506,7030,0.0,0.0,15914.697361728746,0.0
13.75,234.415788,216.695599,7030,0.0,0.0,16147.722069580472,0.0
13.76,234.415788,219.353627,7030,0.0,0.0,16345.792993010544,0.0
13.77,234.415788,221.612951,7030,0.0,0.0,16514.153292829706,0.0
13.780000000000001,234.415788,223.533377,7030,0.0,0.0,16657.259592386792,0.0
13.790000000000001,234.415788,225.165738,7030,0.0,0.0,16778.899865040523,0.0
13.8,234.415788,226.553246,7030,0.0,0.0,16882.294182491885,0.0
13.81,234.415788,227.732627,7030,0.0,0.0,16970.17929271115,0.0
13.82,234.415788,228.735101,7030,0.0,0.0,17044.881647575217,0.0
13.83,245.450933,231.242476,7030,0.0,0.0,17231.726211152236,0.0
13.84,226.466035,230.52601,7030,0.0,0.0,17178.336599670994,0.0
13.85,226.466035,229.917013,7030,0.0,0.0,17132.955362845743,0.0
13.86,226.466035,229.399367,7030,0.0,0.0,17094.38141959538,0.0
13.870000000000001,226.466035,228.959367,7030,0.0,0.0,17061.59350076637,0.0
13.88,226.466035,228.585367,7030,0.0,0.0,17033.723769761713,0.0
13.89,226.466035,228.267467,7030,0.0,0.0,17010.034498407756,0.0
13.9,207.528273,225.156588,7030,0.0,0.0,16778.218025364873,0.0
13.91,207.528273,222.512341,7030,0.0,0.0,16581.174034456122,0.0
13.92,191.994874,217.934721,7030,0.0,0.0,16240.058959478743,0.0
13.93,191.994874,214.043744,7030,0.0,0.0,15950.111145747973,0.0
13.94,205.127092,212.706246,7030,0.0,0.0,15850.443473343516,0.0
13.950000000000001,205.127092,211.569373,7030,0.0,0.0,15765.725974155124,0.0
13.96,205.127092,210.603031,7030,0.0,0.0,15693.716103570892,0.0
13.97,205.127092,209.78164,7030,0.0,0.0,15632.507691218898,0.0
13.98,205.127092,209.083458,7030,0.0,0.0,15580.480566801001,0.0
13.99,205.127092,208.490003,7030,0.0,0.0,15536.257488690388,0.0
14.0,215.447074,209.533564,7030,0.0,0.0,15614.021564511113,0.0
14.01,215.447074,210.42059,7030,0.0,0.0,15680.120965618433,0.0
14.02,227.98843,213.055766,7030,0.0,0.0,15876.489003773322,0.0
14.030000000000001,227.98843,215.295666,7031,0.0,0.0,16043.401866012178,0.0
14.040000000000001,238.40291,218.761752,7031,0.0,0.0,16301.687653335732,0.0
14.05,238.40291,221.707926,7031,0.0,0.0,16521.23063962695,0.0
14.06,238.40291,224.212174,7031,0.0,0.0,16707.842185426285,0.0
14.07,238.40291,226.340784,7031,0.0,0.0,16866.46193974132,0.0
14.08,238.40291,228.150103,7031,0.0,0.0,17001.2887681681,0.0
14.09,238.40291,229.688024,7031,0.0,0.0,17115.89156115316,0.0
14.1,243.286386,231.727778,7031,0.0,0.0,17267.889944296676,0.0
14.11,243.286386,233.461569,7031,0.0,0.0,17397.08857742046,0.0
14.120000000000001,243.286386,234.935292,7031,0.0,0.0,17506.907464012376,0.0
14.13,236.015042,235.097254,7031,0.0,0.0,17518.97654789734,0.0
14.14,210.397172,231.392242,7031,0.0,0.0,17242.88647354165,0.0
14.15,210.397172,228.242982,7031,0.0,0.0,17008.209925242918,0.0
14.16,210.397172,225.56611,7031,0.0,0.0,16808.734784670996,0.0
14.17,210.397172,223.29077,7031,0.0,0.0,16639.181004606457,0.0
14.18,210.397172,221.35673,7031,0.0,0.0,16495.0602170336,0.0
14.19,210.397172,219.712796,7031,0.0,0.0,16372.557547596676,0.0
14.200000000000001,197.818666,216.428677,7031,0.0,0.0,16127.831576694844,0.0
14.21,197.818666,213.637175,7031,0.0,0.0,15919.814438087993,0.0
14.22,197.997466,211.291219,7031,0.0,0.0,15744.99849512339,0.0
14.23,197.997466,209.297156,7031,0.0,0.0,15596.404913796274,0.0
14.24,215.995939,210.301973,7031,0.0,0.0,15671.281864328113,0.0
14.25,215.995939,211.156068,7031,0.0,0.0,15734.927313265072,0.0
14.26,215.995939,211.882049,7031,0.0,0.0,15789.025963490985,0.0
14.27,215.995939,212.499132,7031,0.0,0.0,15835.00975284272,0.0
14.280000000000001,215.995939,213.023653,7031,0.0,0.0,15874.096007324786,0.0
14.290000000000001,215.995939,213.469496,7031,0.0,0.0,15907.319334812246,0.0
14.3,229.755672,215.912423,7032,0.0,0.0,16089.361362496777,0.0
14.31,229.755672,217.98891,7032,0.0,0.0,16244.09701523653,0.0
14.32,229.755672,219.753925,7032,0.0,0.0,16375.622398309217,0.0
14.33,236.047973,222.198032,7032,0.0,0.0,16557.75235723061,0.0
14.34,245.790776,225.736943,7032,0.0,0.0,16821.46491771035,0.0
14.35,245.790776,228.745018,7032,0.0,0.0,17045.620642554826,0.0
14.36,245.790776,231.301882,7032,0.0,0.0,17236.15302730213,0.0
14.370000000000001,245.790776,233.475216,7032,0.0,0.0,17398.105524530143,0.0
14.38,245.790776,235.32255,7032,0.0,0.0,17535.76515462575,0.0
14.39,245.790776,236.892784,7032,0.0,0.0,17652.77584765882,0.0
14.4,234.8332,236.583846,7032,0.0,0.0,17629.754406597007,0.0
14.41,234.8332,236.321249,7032,0.0,0.0,17610.186204049867,0.0
14.42,234.8332,236.098042,7032,0.0,0.0,17593.5532654179,0.0
14.43,212.003689,232.483889,7032,0.0,0.0,17324.233821782404,0.0
14.44,199.708799,227.567626,7032,0.0,0.0,16957.88374863227,0.0
14.450000000000001,199.708799,223.388802,7032,0.0,0.0,16646.486152921556,0.0
14.46,199.708799,219.836801,7032,0.0,0.0,16381.798151856656,0.0
14.47,199.708799,216.817601,7032,0.0,0.0,16156.813414291788,0.0
14.48,199.708799,214.251281,7032,0.0,0.0,15965.576387361645,0.0
14.49,199.708799,212.069908,7032,0.0,0.0,15803.02483995303,0.0
14.5,197.4286,209.873712,7032,0.0,0.0,15639.368712269863,0.0
14.51,197.4286,208.006945,7032,0.0,0.0,15500.26097393197,0.0
14.52,197.4286,206.420193,7032,0.0,0.0,15382.019392618864,0.0
14.530000000000001,215.996162,207.856589,7032,0.0,0.0,15489.056745924123,0.0
14.540000000000001,227.074405,210.739261,7033,0.0,0.0,15703.86769034834,0.0
14.55,227.074405,213.189533,7033,0.0,0.0,15886.45705272332,0.0
14.56,227.074405,215.272264,7033,0.0,0.0,16041.65799583846,0.0
14.57,227.074405,217.042585,7033,0.0,0.0,16173.578771405028,0.0
14.58,227.074405,218.547358,7033,0.0,0.0,16285.711441814305,0.0
14.59,227.074405,219.826415,7033,0.0,0.0,16381.024207936294,0.0
14.6,238.741228,222.663637,7033,0.0,0.0,16592.44830938147,0.0
14.61,238.741228,225.075275,7033,0.0,0.0,16772.158743447275,0.0
14.620000000000001,239.991588,227.312722,7033,0.0,0.0,16938.88881303866,0.0
14.63,239.991588,229.214552,7033,0.0,0.0,17080.609375917236,0.0
14.64,236.713237,230.339355,7033,0.0,0.0,17164.427442877746,0.0
14.65,236.713237,231.295437,7033,0.0,0.0,17235.672758809284,0.0
14.66,236.713237,232.108107,7033,0.0,0.0,17296.23129970649,0.0
14.67,236.713237,232.798877,7033,0.0,0.0,17347.706096728114,0.0
14.68,236.713237,233.386031,7033,0.0,0.0,17391.459636937496,0.0
14.69,236.713237,233.885112,7033,0.0,0.0,17428.65015356727,0.0
14.700000000000001,219.318169,231.70007,7033,0.0,0.0,17265.82519962642,0.0
14.71,219.318169,229.842785,7033,0.0,0.0,17127.42404093929,0.0
14.72,197.994892,225.065601,7033,0.0,0.0,16771.437856341017,0.0
14.73,197.994892,221.004995,7033,0.0,0.0,16468.849629239692,0.0
14.74,203.564272,218.388886,7033,0.0,0.0,16273.902425740056,0.0
14.75,203.564272,216.165194,7033,0.0,0.0,16108.197351202067,0.0
14.76,203.564272,214.275056,7033,0.0,0.0,15967.348052748373,0.0
14.77,203.564272,212.668438,7033,0.0,0.0,15847.626096900134,0.0
14.780000000000001,203.564272,211.302813,7033,0.0,0.0,15745.862456784533,0.0
14.790000000000001,203.564272,210.142032,7033,0.0,0.0,15659.36338131577,0.0
14.8,203.564272,209.155368,7033,0.0,0.0,15585.839155989623,0.0
14.81,203.564272,208.316703,7033,0.0,0.0,15523.3435197516,0.0
14.82,203.564272,207.603839,7033,0.0,0.0,15470.222322096775,0.0
14.83,229.827758,210.937427,7033,0.0,0.0,15718.634623808952,0.0
14.84,233.197449,214.27643,7034,0.0,0.0,15967.450440476714,0.0
14.85,233.197449,217.114583,7034,0.0,0.0,16178.943918177416,0.0
14.86,233.197449,219.527013,7034,0.0,0.0,16358.71337049711,0.0
14.870000000000001,233.197449,221.577578,7034,0.0,0.0,16511.517367709846,0.0
14.88,233.197449,223.320559,7034,0.0,0.0,16641.400821229177,0.0
14.89,233.197449,224.802093,7034,0.0,0.0,16751.801767898305,0.0
14.9,237.620993,226.724928,7034,0.0,0.0,16895.08758131098,0.0
14.91,237.620993,228.359338,7034,0.0,0.0,17016.880541341252,0.0
14.92,245.983408,231.002948,7034,0.0,0.0,17213.8770642857,0.0
14.93,245.983408,233.250017,7034,0.0,0.0,17381.324146047475,0.0
14.94,223.64972,231.809973,7034,0.0,0.0,17274.014951087927,0.0
14.950000000000001,223.64972,230.585935,7034,0.0,0.0,17182.802090661517,0.0
14.96,223.64972,229.545503,7034,0.0,0.0,17105.271181654458,0.0
14.97,223.64972,228.661135,7034,0.0,0.0,17039.369849384067,0.0
14.98,223.64972,227.909423,7034,0.0,0.0,16983.353776568634,0.0
14.99,223.64972,227.270468,7034,0.0,0.0,16935.74012957911,0.0
15.0,195.867343,222.559999,7034,0.0,0.0,16584.725413173288,0.0
15.01,195.867343,218.556101,7034,0.0,0.0,16286.362952665038,0.0
15.02,195.867343,215.152787,7034,0.0,0.0,16032.754809070426,0.0
15.030000000000001,200.011754,212.881632,7034,0.0,0.0,15863.512886824752,0.0
15.040000000000001,213.984529,213.047067,7034,0.0,0.0,15875.840771714473,0.0
15.05,213.984529,213.187686,7034,0.0,0.0,15886.319417982237,0.0
15.06,213.984529,213.307212,7034,0.0,0.0,15895.226256132135,0.0
15.07,213.984529,213.40881,7034,0.0,0.0,15902.79713562575,0.0
15.08,213.984529,213.495168,7034,0.0,0.0,15909.23236083992,0.0
15.09,213.984529,213.568572,7034,0.0,0.0,15914.702279916568,0.0
15.1,223.91209,215.1201,7034,0.0,0.0,16030.31903929142,0.0
15.11,223.91209,216.438898,7035,0.0,0.0,16128.593225145645,0.0
15.120000000000001,223.91209,217.559877,7035,0.0,0.0,16212.12633528433,0.0
15.13,236.013437,220.327911,7035,0.0,0.0,16418.39468552964,0.0
15.14,241.290338,223.472275,7035,0.0,0.0,16652.706393713408,0.0
15.15,241.290338,226.144985,7035,0.0,0.0,16851.871390380406,0.0
15.16,241.290338,228.416788,7035,0.0,0.0,17021.161600288357,0.0
15.17,241.290338,230.34782,7035,0.0,0.0,17165.05823772522,0.0
15.18,241.290338,231.989198,7035,0.0,0.0,17287.370439160946,0.0
15.19,241.290338,233.384369,7035,0.0,0.0,17391.335788025917,0.0
15.200000000000001,242.411999,234.738514,7035,0.0,0.0,17492.243961532073,0.0
15.21,242.411999,235.889537,7035,0.0,0.0,17578.0158903828,0.0
15.22,227.996865,234.705636,7035,0.0,0.0,17489.79395881557,0.0
15.23,227.996865,233.69932,7035,0.0,0.0,17414.805305805727,0.0
15.24,205.599005,229.484273,7035,0.0,0.0,17100.708444677413,0.0
15.25,205.599005,225.901483,7035,0.0,0.0,16833.72610899245,0.0
15.26,205.599005,222.856111,7035,0.0,0.0,16606.791086401234,0.0
15.27,205.599005,220.267545,7035,0.0,0.0,16413.8963321023,0.0
15.280000000000001,205.599005,218.067264,7035,0.0,0.0,16249.9357984,0.0
15.290000000000001,205.599005,216.197025,7035,0.0,0.0,16110.569333575351,0.0
15.3,200.694113,213.871588,7035,0.0,0.0,15937.282425398138,0.0
15.31,200.694113,211.894967,7035,0.0,0.0,15789.988586980608,0.0
15.32,200.694113,210.214839,7035,0.0,0.0,15664.788813148007,0.0
15.33,208.045354,209.889416,7035,0.0,0.0,15640.53894290007,0.0
15.34,228.145975,212.6279,7036,0.0,0.0,15844.605286324022,0.0
15.35,228.145975,214.955611,7036,0.0,0.0,16018.061648427181,0.0
15.36,228.145975,216.934166,7036,0.0,0.0,16165.499604651568,0.0
15.370000000000001,228.145975,218.615937,7036,0.0,0.0,16290.821811553793,0.0
15.38,228.145975,220.045443,7036,0.0,0.0,16397.345735857387,0.0
15.39,228.145975,221.260523,7036,0.0,0.0,16487.891064063642,0.0
15.4,227.745532,222.233274,7036,0.0,0.0,16560.378520492814,0.0
15.41,227.745532,223.060113,7036,0.0,0.0,16621.992906894313,0.0
15.42,227.745532,223.762926,7036,0.0,0.0,16674.36512415789,0.0
15.43,244.013128,226.800456,7036,0.0,0.0,16900.71577661397,0.0
15.44,243.448622,229.297681,7036,0.0,0.0,17086.803982518,0.0
15.450000000000001,243.448622,231.420322,7036,0.0,0.0,17244.97893890692,0.0
15.46,243.448622,233.224567,7036,0.0,0.0,17379.427663015205,0.0
15.47,243.448622,234.758175,7036,0.0,0.0,17493.709059877747,0.0
15.48,243.448622,236.061742,7036,0.0,0.0,17590.848262114505,0.0
15.49,243.448622,237.169774,7036,0.0,0.0,17673.41658774165,0.0
15.5,220.42102,234.657461,7036,0.0,0.0,17486.204054293783,0.0
15.51,220.42102,232.521995,7036,0.0,0.0,17327.073404588988,0.0
15.52,209.986414,229.141658,7036,0.0,0.0,17075.17746101923,0.0
15.530000000000001,209.986414,226.268371,7036,0.0,0.0,16861.065868000034,0.0
15.540000000000001,198.173398,222.054125,7036,0.0,0.0,16547.02869578759,0.0
15.55,198.173398,218.472016,7036,0.0,0.0,16280.097106858815,0.0
15.56,198.173398,215.427223,7036,0.0,0.0,16053.205230188058,0.0
15.57,198.173398,212.83915,7036,0.0,0.0,15860.347213261812,0.0
15.58,198.173398,210.639287,7036,0.0,0.0,15696.417828082404,0.0
15.59,198.173398,208.769404,7036,0.0,0.0,15557.077891664805,0.0
15.6,211.448836,209.171318,7036,0.0,0.0,15587.027718047177,0.0
15.610000000000001,211.448836,209.512946,7036,0.0,0.0,15612.485152441985,0.0
15.620000000000001,211.448836,209.80333,7036,0.0,0.0,15634.123986581171,0.0
15.63,224.003069,211.93329,7036,0.0,0.0,15792.844340192616,0.0
15.64,231.579034,214.880152,7037,0.0,0.0,16012.438594866006,0.0
15.65,231.579034,217.384984,7037,0.0,0.0,16199.093659175784,0.0
15.66,231.579034,219.514092,7037,0.0,0.0,16357.750523453493,0.0
15.67,231.579034,221.323833,7037,0.0,0.0,16492.608798475154,0.0
15.68,231.579034,222.862113,7037,0.0,0.0,16607.238343421257,0.0
15.69,231.579034,224.169652,7037,0.0,0.0,16704.67353114345,0.0
15.700000000000001,240.420931,226.607343,7037,0.0,0.0,16886.32538259391,0.0
15.71,240.420931,228.679382,7037,0.0,0.0,17040.729579281502,0.0
15.72,240.420931,230.440614,7037,0.0,0.0,17171.973060770262,0.0
15.73,247.995288,233.073815,7037,0.0,0.0,17368.193925880405,0.0
15.74,215.474051,230.43385,7037,0.0,0.0,17171.46902103626,0.0
15.75,215.474051,228.189881,7037,0.0,0.0,17004.252945066237,0.0
15.76,215.474051,226.282506,7037,0.0,0.0,16862.119179892416,0.0
15.77,215.474051,224.661238,7037,0.0,0.0,16741.30553538317,0.0
15.780000000000001,215.474051,223.28316,7037,0.0,0.0,16638.61392264671,0.0
15.790000000000001,215.474051,222.111794,7037,0.0,0.0,16551.32607417612,0.0
15.8,215.474051,221.116132,7037,0.0,0.0,16477.131335909915,0.0
15.81,215.474051,220.26982,7037,0.0,0.0,16414.065860546245,0.0
15.82,215.474051,219.550455,7037,0.0,0.0,16360.460221390718,0.0
15.83,200.873472,216.748907,7037,0.0,0.0,16151.694474982605,0.0
15.84,205.782667,215.103971,7037,0.0,0.0,16029.117138512345,0.0
15.85,205.782667,213.705776,7037,0.0,0.0,15924.92644722342,0.0
15.860000000000001,205.782667,212.517309,7037,0.0,0.0,15836.364266480343,0.0
15.870000000000001,205.782667,211.507113,7037,0.0,0.0,15761.086483640822,0.0
15.88,205.782667,210.648446,7037,0.0,0.0,15697.100338420028,0.0
15.89,205.782667,209.918579,7037,0.0,0.0,15642.712111256455,0.0
15.9,228.444831,212.697517,7037,0.0,0.0,15849.793005744747,0.0
15.91,228.444831,215.059614,7037,0.0,0.0,16025.811743704393,0.0
15.92,227.8631,216.980137,7038,0.0,0.0,16168.92527150722,0.0
15.93,227.8631,218.612581,7038,0.0,0.0,16290.571729154726,0.0
15.94,236.749624,221.333138,7038,0.0,0.0,16493.302188440386,0.0
15.950000000000001,236.749624,223.645611,7038,0.0,0.0,16665.6230453001,0.0
15.96,236.749624,225.611213,7038,0.0,0.0,16812.09576990496,0.0
15.97,236.749624,227.281974,7038,0.0,0.0,16936.597533656488,0.0
15.98,236.749624,228.702122,7038,0.0,0.0,17042.42411854099,0.0
15.99,236.749624,229.909247,7038,0.0,0.0,17132.37665607841,0.0
16.0,246.763561,232.437394,7038,0.0,0.0,17320.76910749614,0.0
16.01,246.763561,234.586319,7038,0.0,0.0,17480.902694927117,0.0
16.02,233.982042,234.495678,7038,0.0,0.0,17474.14830913034,0.0
16.03,233.982042,234.418632,7038,0.0,0.0,17468.406995507386,0.0
16.04,209.937652,230.746485,7038,0.0,0.0,17194.765955134233,0.0
16.05,209.937652,227.62516,7038,0.0,0.0,16962.171067091153,0.0
16.06,209.937652,224.972034,7038,0.0,0.0,16764.465430884036,0.0
16.07,209.937652,222.716877,7038,0.0,0.0,16596.415647559785,0.0
16.080000000000002,209.937652,220.799993,7038,0.0,0.0,16453.57329074927,0.0
16.09,209.937652,219.170642,7038,0.0,0.0,16332.15731726753,0.0
16.1,196.422529,215.758425,7038,0.0,0.0,16077.885739942616,0.0
16.11,196.422529,212.85804,7038,0.0,0.0,15861.75485823154,0.0
16.12,196.422529,210.392714,7038,0.0,0.0,15678.04370192462,0.0
16.13,208.012994,210.035756,7038,0.0,0.0,15651.443906630606,0.0
16.14,222.3836,211.887932,7038,0.0,0.0,15789.46435286933,0.0
16.15,222.3836,213.462283,7038,0.0,0.0,15906.781836497443,0.0
16.16,222.3836,214.80048,7038,0.0,0.0,16006.50159698204,0.0
16.17,222.3836,215.937948,7038,0.0,0.0,16091.263434378845,0.0
16.18,222.3836,216.904796,7038,0.0,0.0,16163.311011069729,0.0
16.19,222.3836,217.726617,7039,0.0,0.0,16224.551466160583,0.0
16.2,228.195441,219.29694,7039,0.0,0.0,16341.56879129541,0.0
16.21,228.195441,220.631715,7039,0.0,0.0,16441.033551193115,0.0
16.22,239.999592,223.536897,7039,0.0,0.0,16657.521895737427,0.0
16.23,239.999592,226.006301,7039,0.0,0.0,16841.536936437493,0.0
16.240000000000002,243.449161,228.62273,7039,0.0,0.0,17036.507985696273,0.0
16.25,243.449161,230.846695,7039,0.0,0.0,17202.23340364754,0.0
16.26,243.449161,232.737065,7039,0.0,0.0,17343.099990276616,0.0
16.27,243.449161,234.343879,7039,0.0,0.0,17462.83655165233,0.0
16.28,243.449161,235.709671,7039,0.0,0.0,17564.612636273487,0.0
16.29,243.449161,236.870595,7039,0.0,0.0,17651.122367815868,0.0
16.3,228.336473,235.590476,7039,0.0,0.0,17555.73046358071,0.0
16.31,228.336473,234.502376,7039,0.0,0.0,17474.647430676512,0.0
16.32,228.336473,233.57749,7039,0.0,0.0,17405.726778189957,0.0
16.330000000000002,212.044268,230.347507,7039,0.0,0.0,17165.03491359205,0.0
16.34,200.494282,225.869523,7039,0.0,0.0,16831.344513797503,0.0
16.35,200.494282,222.063237,7039,0.0,0.0,16547.707703779342,0.0
16.36,200.494282,218.827894,7039,0.0,0.0,16306.6164227157,0.0
16.37,200.494282,216.077852,7039,0.0,0.0,16101.68880027851,0.0
16.38,200.494282,213.740317,7039,0.0,0.0,15927.500373369498,0.0
16.39,200.494282,211.753412,7039,0.0,0.0,15779.440191867336,0.0
16.4,200.690009,210.093901,7039,0.0,0.0,15655.776755585865,0.0
16.41,200.690009,208.683317,7039,0.0,0.0,15550.662860827912,0.0
16.42,221.996537,210.6803,7039,0.0,0.0,15699.474034707253,0.0
16.43,221.996537,212.377736,7039,0.0,0.0,15825.963566037792,0.0
16.44,229.812087,214.992888,7040,0.0,0.0,16020.839455813973,0.0
16.45,229.812087,217.215768,7040,0.0,0.0,16186.484021738126,0.0
16.46,229.812087,219.105216,7040,0.0,0.0,16327.281902773655,0.0
16.47,229.812087,220.711246,7040,0.0,0.0,16446.960042039456,0.0
16.48,229.812087,222.076373,7040,0.0,0.0,16548.686572192382,0.0
16.490000000000002,229.812087,223.23673,7040,0.0,0.0,16635.154052030273,0.0
16.5,238.01895,225.454063,7040,0.0,0.0,16800.385266623187,0.0
16.51,238.01895,227.338796,7040,0.0,0.0,16940.831795301263,0.0
16.52,239.99358,229.237013,7040,0.0,0.0,17082.28312465546,0.0
16.53,239.99358,230.850498,7040,0.0,0.0,17202.51679559142,0.0
16.54,236.190843,231.65155,7040,0.0,0.0,17262.209586395544,0.0
16.55,236.190843,232.332444,7040,0.0,0.0,17312.948443675454,0.0
16.56,236.190843,232.911204,7040,0.0,0.0,17356.07647981517,0.0
16.57,236.190843,233.40315,7040,0.0,0.0,17392.735310533935,0.0
16.580000000000002,236.190843,233.821304,7040,0.0,0.0,17423.89530919308,0.0
16.59,236.190843,234.176735,7040,0.0,0.0,17450.381315505158,0.0
16.6,206.550583,230.032812,7040,0.0,0.0,17141.584472419567,0.0
16.61,206.550583,226.510478,7040,0.0,0.0,16879.107196781708,0.0
16.62,197.986091,222.23182,7040,0.0,0.0,16560.270171324686,0.0
16.63,197.986091,218.594961,7040,0.0,0.0,16289.258722041619,0.0
16.64,204.412927,216.467656,7040,0.0,0.0,16130.736213713108,0.0
16.65,204.412927,214.659446,7040,0.0,0.0,15995.99202574538,0.0
16.66,204.412927,213.122468,7040,0.0,0.0,15881.459503231805,0.0
16.67,204.412927,211.816037,7040,0.0,0.0,15784.106881450665,0.0
16.68,204.412927,210.705571,7040,0.0,0.0,15701.357179018,0.0
16.69,204.412927,209.761674,7040,0.0,0.0,15631.019864884034,0.0
16.7,217.005639,210.848269,7040,0.0,0.0,15711.99074820223,0.0
16.71,217.005639,211.771874,7040,0.0,0.0,15780.815943134201,0.0
16.72,227.996854,214.205621,7040,0.0,0.0,15962.173895603162,0.0
16.73,227.996854,216.274306,7041,0.0,0.0,16116.328158927678,0.0
16.740000000000002,240.080385,219.845218,7041,0.0,0.0,16382.425369840252,0.0
16.75,240.080385,222.880493,7041,0.0,0.0,16608.607984212344,0.0
16.76,240.080385,225.460477,7041,0.0,0.0,16800.863225058118,0.0
16.77,240.080385,227.653463,7041,0.0,0.0,16964.28014996983,0.0
16.78,240.080385,229.517502,7041,0.0,0.0,17103.18460321098,0.0
16.79,240.080385,231.101934,7041,0.0,0.0,17221.253302770263,0.0
16.8,240.080385,232.448702,7041,0.0,0.0,17321.61175701005,0.0
16.81,240.080385,233.593454,7041,0.0,0.0,17406.916383499472,0.0
16.82,240.080385,234.566494,7041,0.0,0.0,17479.425375629875,0.0
16.830000000000002,235.639999,234.72752,7041,0.0,0.0,17491.424710669333,0.0
16.84,211.213238,231.200377,7041,0.0,0.0,17228.58907798227,0.0
16.85,211.213238,228.202306,7041,0.0,0.0,17005.17883118317,0.0
16.86,211.213238,225.653946,7041,0.0,0.0,16815.28014748523,0.0
16.87,211.213238,223.48784,7041,0.0,0.0,16653.866266341985,0.0
16.88,211.213238,221.64665,7041,0.0,0.0,16516.664474822024,0.0
16.89,211.213238,220.081638,7041,0.0,0.0,16400.04291477106,0.0
16.9,191.98353,215.866922,7041,0.0,0.0,16085.970719099869,0.0
16.91,191.98353,212.284413,7041,0.0,0.0,15819.009322972157,0.0
16.92,203.994737,211.040961,7041,0.0,0.0,15726.34977014541,0.0
16.93,203.994737,209.984028,7041,0.0,0.0,15647.589239664272,0.0
16.94,216.333133,210.936393,7041,0.0,0.0,15718.557572199705,0.0
16.95,216.333133,211.745904,7041,0.0,0.0,15778.880710743315,0.0
16.96,216.333133,212.433989,7041,0.0,0.0,15830.155426942085,0.0
16.97,216.333133,213.01886,7041,0.0,0.0,15873.738842563542,0.0
16.98,216.333133,213.516001,7041,0.0,0.0,15910.784794278477,0.0
16.990000000000002,216.333133,213.938571,7041,0.0,0.0,15942.273864413874,0.0
17.0,224.47181,215.518557,7042,0.0,0.0,16060.011256956986,0.0
17.01,224.47181,216.861545,7042,0.0,0.0,16160.088033166834,0.0
17.02,233.996783,219.43183,7042,0.0,0.0,16351.620523956422,0.0
17.03,233.996783,221.616573,7042,0.0,0.0,16514.423197016065,0.0
17.04,245.608817,225.21541,7042,0.0,0.0,16782.601323004325,0.0
17.05,245.608817,228.274421,7042,0.0,0.0,17010.552696561244,0.0
17.06,245.608817,230.87458,7042,0.0,0.0,17204.31133800333,0.0
17.07,245.608817,233.084716,7042,0.0,0.0,17369.0062465694,0.0
17.080000000000002,245.608817,234.963331,7042,0.0,0.0,17508.996874139757,0.0
17.09,245.608817,236.560154,7042,0.0,0.0,17627.98892620406,0.0
17.1,233.086197,236.03906,7042,0.0,0.0,17589.15804489887,0.0
17.11,233.086197,235.596131,7042,0.0,0.0,17556.15186285566,0.0
17.12,233.086197,235.219641,7042,0.0,0.0,17528.09658203763,0.0
17.13,216.013897,232.338779,7042,0.0,0.0,17313.420515188587,0.0
17.14,200.590607,227.576553,7042,0.0,0.0,16958.548970794513,0.0
17.150000000000002,200.590607,223.528661,7042,0.0,0.0,16656.908165511344,0.0
17.16,200.590607,220.087953,7042,0.0,0.0,16400.513495924253,0.0
17.17,200.590607,217.163351,7042,0.0,0.0,16182.578011871627,0.0
17.18,200.590607,214.677439,7042,0.0,0.0,15997.332828071494,0.0
17.19,200.590607,212.564414,7042,0.0,0.0,15839.874436744978,0.0
17.2,195.972589,210.075641,7042,0.0,0.0,15654.41605695446,0.0
17.21,195.972589,207.960183,7042,0.0,0.0,15496.776363340421,0.0
17.22,215.997829,209.16583,7042,0.0,0.0,15586.61876327778,0.0
17.23,215.997829,210.19063,7042,0.0,0.0,15662.984806950435,0.0
17.240000000000002,227.761109,212.826202,7043,0.0,0.0,15859.38235423227,0.0
17.25,227.761109,215.066438,7043,0.0,0.0,16026.320254518234,0.0
17.26,227.761109,216.970639,7043,0.0,0.0,16168.217499568498,0.0
17.27,227.761109,218.589209,7043,0.0,0.0,16288.830094520927,0.0
17.28,227.761109,219.964994,7043,0.0,0.0,16391.35083748949,0.0
17.29,227.761109,221.134411,7043,0.0,0.0,16478.49345038327,0.0
17.3,232.992038,222.913055,7043,0.0,0.0,16611.03443924169,0.0
17.31,232.992038,224.424903,7043,0.0,0.0,16723.69432448214,0.0
17.32,232.992038,225.709973,7043,0.0,0.0,16819.455167322125,0.0
17.330000000000002,244.073255,228.464465,7043,0.0,0.0,17024.714394847473,0.0
17.34,240.606591,230.285784,7043,0.0,0.0,17160.435439242316,0.0
17.35,240.606591,231.833905,7043,0.0,0.0,17275.798315800235,0.0
17.36,240.606591,233.149808,7043,0.0,0.0,17373.856772052164,0.0
17.37,240.606591,234.268326,7043,0.0,0.0,17457.2064933994,0.0
17.38,240.606591,235.219065,7043,0.0,0.0,17528.05365967116,0.0
17.39,240.606591,236.027194,7043,0.0,0.0,17588.27381434245,0.0
17.400000000000002,211.394104,232.332231,7043,0.0,0.0,17312.93257134202,0.0
17.41,211.394104,229.191512,7043,0.0,0.0,17078.892481258546,0.0
17.42,203.999837,225.41276,7043,0.0,0.0,16797.30744977911,0.0
17.43,203.999837,222.200822,7043,0.0,0.0,16557.96026244318,0.0
17.44,201.056792,219.029217,7043,0.0,0.0,16321.618609493913,0.0
17.45,201.056792,216.333354,7043,0.0,0.0,16120.728297634534,0.0
17.46,201.056792,214.041869,7043,0.0,0.0,15949.971424502965,0.0
17.47,201.056792,212.094108,7043,0.0,0.0,15804.828175488625,0.0
17.48,201.056792,210.43851,7043,0.0,0.0,15681.456328130742,0.0
17.490000000000002,201.056792,209.031252,7043,0.0,0.0,15576.59028023194,0.0
17.5,214.579424,209.863478,7043,0.0,0.0,15638.606095085097,0.0
17.51,214.579424,210.57087,7043,0.0,0.0,15691.319530258485,0.0
17.52,214.579424,211.172153,7043,0.0,0.0,15736.125935252263,0.0
17.53,224.012194,213.098159,7043,0.0,0.0,15879.6480452345,0.0
17.54,238.503797,216.909005,7044,0.0,0.0,16163.624657320528,0.0
17.55,238.503797,220.148224,7044,0.0,0.0,16405.00477014185,0.0
17.56,238.503797,222.90156,7044,0.0,0.0,16610.177854862275,0.0
17.57,238.503797,225.241895,7044,0.0,0.0,16784.57493216384,0.0
17.580000000000002,238.503797,227.231181,7044,0.0,0.0,16932.81254101767,0.0
17.59,238.503797,228.922073,7044,0.0,0.0,17058.814426573623,0.0
17.6,237.918787,230.27158,7044,0.0,0.0,17159.37698560812,0.0
17.61,237.918787,231.418661,7044,0.0,0.0,17244.85516451334,0.0
17.62,237.918787,232.39368,7044,0.0,0.0,17317.51162776048,0.0
17.63,244.00048,234.1347,7044,0.0,0.0,17447.24895148703,0.0
17.64,213.973562,231.110529,7044,0.0,0.0,17221.89378495739,0.0
17.650000000000002,213.973562,228.539984,7044,0.0,0.0,17030.341919488492,0.0
17.66,213.973562,226.355021,7044,0.0,0.0,16867.52285246943,0.0
17.67,213.973562,224.497802,7044,0.0,0.0,16729.12661197013,0.0
17.68,213.973562,222.919166,7044,0.0,0.0,16611.48981872342,0.0
17.69,213.973562,221.577325,7044,0.0,0.0,16511.498514656523,0.0
17.7,205.666751,219.190739,7044,0.0,0.0,16333.654905460047,0.0
17.71,205.666751,217.162141,7044,0.0,0.0,16182.487845094845,0.0
17.72,197.995258,214.287109,7044,0.0,0.0,15968.246218170296,0.0
17.73,197.995258,211.843331,7044,0.0,0.0,15786.140775670026,0.0
17.740000000000002,214.231506,212.201557,7044,0.0,0.0,15812.835059784667,0.0
17.75,214.231506,212.506049,7044,0.0,0.0,15835.525193830306,0.0
17.76,214.231506,212.764868,7044,0.0,0.0,15854.811867383502,0.0
17.77,214.231506,212.984863,7044,0.0,0.0,15871.205454208017,0.0
17.78,214.231506,213.17186,7044,0.0,0.0,15885.140096156356,0.0
17.79,214.231506,213.330807,7044,0.0,0.0,15896.984508279342,0.0
17.8,214.231506,213.465911,7044,0.0,0.0,15907.052187791784,0.0
17.81,214.231506,213.580751,7045,0.0,0.0,15915.609834606154,0.0
17.82,214.231506,213.678364,7045,0.0,0.0,15922.883759880373,0.0
17.830000000000002,241.27918,217.818486,7045,0.0,0.0,16231.397360058087,0.0
17.84,237.608415,220.786976,7045,0.0,0.0,16452.603289977913,0.0
17.85,237.608415,223.310192,7045,0.0,0.0,16640.628293150767,0.0
17.86,237.608415,225.454925,7045,0.0,0.0,16800.449501136893,0.0
17.87,237.608415,227.277949,7045,0.0,0.0,16936.2975987172,0.0
17.88,237.608415,228.827519,7045,0.0,0.0,17051.768451853262,0.0
17.89,237.608415,230.144653,7045,0.0,0.0,17149.918639759915,0.0
17.900000000000002,244.209229,232.254339,7045,0.0,0.0,17307.128215493314,0.0
17.91,244.209229,234.047573,7045,0.0,0.0,17440.756421932903,0.0
17.92,227.965406,233.135248,7045,0.0,0.0,17372.771790010913,0.0
17.93,227.965406,232.359772,7045,0.0,0.0,17314.98487150672,0.0
17.94,203.69894,228.060647,7045,0.0,0.0,16994.62268619817,0.0
17.95,203.69894,224.406391,7045,0.0,0.0,16722.314847315407,0.0
17.96,203.69894,221.300273,7045,0.0,0.0,16490.85315445785,0.0
17.97,203.69894,218.660073,7045,0.0,0.0,16294.110737884335,0.0
17.98,203.69894,216.415903,7045,0.0,0.0,16126.879683796837,0.0
17.990000000000002,203.69894,214.508359,7045,0.0,0.0,15984.733325081475,0.0
18.0,203.69894,212.886946,7045,0.0,0.0,15863.90887546261,0.0
18.01,193.364908,209.95864,7045,0.0,0.0,15645.697376747841,0.0
18.02,193.364908,207.46958,7045,0.0,0.0,15460.217610292086,0.0
18.03,193.364908,205.353879,7045,0.0,0.0,15302.559808804692,0.0
18.04,225.050638,208.308393,7046,0.0,0.0,15522.724275193712,0.0
18.05,225.050638,210.81973,7046,0.0,0.0,15709.864079076182,0.0
18.06,225.050638,212.954366,7046,0.0,0.0,15868.932878843183,0.0
18.07,225.050638,214.768807,7046,0.0,0.0,16004.14138845233,0.0
18.080000000000002,225.050638,216.311082,7046,0.0,0.0,16119.068632797807,0.0
18.09,225.050638,217.622015,7046,0.0,0.0,16216.756734602965,0.0
18.1,225.050638,218.736309,7046,0.0,0.0,16299.791691929442,0.0
18.11,232.435713,220.791219,7046,0.0,0.0,16452.91946984062,0.0
18.12,232.435713,222.537893,7046,0.0,0.0,16583.07811832412,0.0
18.13,232.435713,224.022566,7046,0.0,0.0,16693.712976986895,0.0
18.14,239.855287,226.397475,7046,0.0,0.0,16870.686439528443,0.0
18.150000000000002,239.855287,228.416146,7046,0.0,0.0,17021.113759734064,0.0
18.16,239.855287,230.132018,7046,0.0,0.0,17148.97710486354,0.0
18.17,239.855287,231.590508,7046,0.0,0.0,17257.660858802,0.0
18.18,239.855287,232.830225,7046,0.0,0.0,17350.042086908685,0.0
18.19,239.855287,233.883984,7046,0.0,0.0,17428.56609726627,0.0
18.2,239.855287,234.77968,7046,0.0,0.0,17495.311569410518,0.0
18.21,211.567518,231.297856,7046,0.0,0.0,17235.85301784485,0.0
18.22,211.567518,228.338305,7046,0.0,0.0,17015.31320430323,0.0
18.23,209.991852,225.586337,7046,0.0,0.0,16810.24206020316,0.0
18.240000000000002,200.150186,221.770914,7046,0.0,0.0,16525.924379243315,0.0
18.25,200.150186,218.527805,7046,0.0,0.0,16284.254391412343,0.0
18.26,200.150186,215.771162,7046,0.0,0.0,16078.834875674718,0.0
18.27,200.150186,213.428016,7046,0.0,0.0,15904.228328282637,0.0
18.28,200.150186,211.436341,7046,0.0,0.0,15755.812695933168,0.0
18.29,200.150186,209.743418,7046,0.0,0.0,15629.659464324619,0.0
18.3,200.150186,208.304433,7046,0.0,0.0,15522.429183924252,0.0
18.31,219.211275,209.940459,7046,0.0,0.0,15644.342565038227,0.0
18.32,219.211275,211.331082,7046,0.0,0.0,15747.969006051298,0.0
18.330000000000002,219.211275,212.513111,7046,0.0,0.0,15836.051439927514,0.0
18.34,230.085075,215.148905,7047,0.0,0.0,16032.465530204761,0.0
18.35,230.085075,217.389331,7047,0.0,0.0,16199.417588910213,0.0
18.36,230.085075,219.293692,7047,0.0,0.0,16341.326756840055,0.0
18.37,230.085075,220.9124,7047,0.0,0.0,16461.949635276116,0.0
18.38,230.085075,222.288301,7047,0.0,0.0,16564.47902233237,0.0
18.39,230.085075,223.457817,7047,0.0,0.0,16651.62901250789,0.0
18.400000000000002,230.085075,224.451906,7047,0.0,0.0,16725.706533964276,0.0
18.41,253.046428,228.741084,7047,0.0,0.0,17045.327488753293,0.0
18.42,253.046428,232.386886,7047,0.0,0.0,17317.005352486565,0.0
18.43,239.995356,233.528156,7047,0.0,0.0,17402.05050730925,0.0
18.44,219.438125,231.414652,7047,0.0,0.0,17244.55642186201,0.0
18.45,219.438125,229.618173,7047,0.0,0.0,17110.68640452106,0.0
18.46,219.438125,228.091166,7047,0.0,0.0,16996.896900958953,0.0
18.47,219.438125,226.793209,7047,0.0,0.0,16900.17574468726,0.0
18.48,219.438125,225.689947,7047,0.0,0.0,16817.962869907424,0.0
18.490000000000002,219.438125,224.752174,7047,0.0,0.0,16748.081903989158,0.0
18.5,219.438125,223.955066,7047,0.0,0.0,16688.683012166533,0.0
18.51,201.938977,220.652653,7047,0.0,0.0,16442.59380902139,0.0
18.52,201.938977,217.845602,7047,0.0,0.0,16233.41799007392,0.0
18.53,197.999465,214.868681,7047,0.0,0.0,16011.583798918533,0.0
18.54,210.733234,214.248364,7047,0.0,0.0,15965.35901836341,0.0
18.55,210.733234,213.721095,7047,0.0,0.0,15926.067988424651,0.0
18.56,210.733234,213.272915,7047,0.0,0.0,15892.670512377414,0.0
18.57,210.733234,212.891963,7047,0.0,0.0,15864.282732255258,0.0
18.580000000000002,210.733234,212.568154,7047,0.0,0.0,15840.153134055025,0.0
18.59,210.733234,212.292916,7047,0.0,0.0,15819.642949503528,0.0
18.6,210.733234,212.058963,7047,0.0,0.0,15802.209240472157,0.0
18.61,223.761969,213.814414,7047,0.0,0.0,15933.0219334183,0.0
18.62,223.761969,215.306547,7048,0.0,0.0,16044.21269634122,0.0
18.63,223.761969,216.574861,7048,0.0,0.0,16138.724915617797,0.0
18.64,240.468584,220.158919,7048,0.0,0.0,16405.801740123392,0.0
18.650000000000002,240.468584,223.205369,7048,0.0,0.0,16632.817093115736,0.0
18.66,240.468584,225.794851,7048,0.0,0.0,16825.780105900234,0.0
18.67,240.468584,227.995911,7048,0.0,0.0,16989.798689122457,0.0
18.68,240.468584,229.866812,7048,0.0,0.0,17129.214484861346,0.0
18.69,240.468584,231.457078,7048,0.0,0.0,17247.717922417098,0.0
18.7,240.468584,232.808803,7048,0.0,0.0,17348.445762369698,0.0
18.71,243.63589,234.432866,7048,0.0,0.0,17469.467684681505,0.0
18.72,243.63589,235.81332,7048,0.0,0.0,17572.336352179645,0.0
18.73,227.999806,234.641293,7048,0.0,0.0,17484.999247312808,0.0
18.740000000000002,204.437838,230.110775,7048,0.0,0.0,17147.394119046076,0.0
18.75,204.437838,226.259834,7048,0.0,0.0,16860.429707856754,0.0
18.76,204.437838,222.986535,7048,0.0,0.0,16616.510021686132,0.0
18.77,204.437838,220.20423,7048,0.0,0.0,16409.1782251008,0.0
18.78,204.437838,217.839271,7048,0.0,0.0,16232.946216632767,0.0
18.79,204.437838,215.829056,7048,0.0,0.0,16083.149020612644,0.0
18.8,204.437838,214.120374,7048,0.0,0.0,15955.821459884033,0.0
18.81,204.437838,212.667993,7048,0.0,0.0,15847.59293639132,0.0
18.82,204.437838,211.43347,7048,0.0,0.0,15755.598754762808,0.0
18.830000000000002,204.437838,210.384125,7048,0.0,0.0,15677.403666845477,0.0
18.84,220.273396,211.867516,7049,0.0,0.0,15787.942993435661,0.0
18.85,220.273396,213.128398,7049,0.0,0.0,15881.901394956023,0.0
18.86,220.273396,214.200148,7049,0.0,0.0,15961.76605860373,0.0
18.87,220.273396,215.111135,7049,0.0,0.0,16029.650985445278,0.0
18.88,220.273396,215.885474,7049,0.0,0.0,16087.353176986497,0.0
18.89,220.273396,216.543662,7049,0.0,0.0,16136.400028618831,0.0
18.900000000000002,220.273396,217.103122,7049,0.0,0.0,16178.089867409917,0.0
18.91,241.132369,220.707509,7049,0.0,0.0,16446.6815682834,0.0
18.92,241.132369,223.771238,7049,0.0,0.0,16674.984517751764,0.0
18.93,241.132369,226.375408,7049,0.0,0.0,16869.042050881173,0.0
18.94,241.122803,228.587517,7049,0.0,0.0,17033.883983455988,0.0
18.95,241.122803,230.46781,7049,0.0,0.0,17173.99965222588,0.0
18.96,241.122803,232.066059,7049,0.0,0.0,17293.097966954392,0.0
18.97,241.122803,233.424571,7049,0.0,0.0,17394.331560554925,0.0
18.98,241.122803,234.579306,7049,0.0,0.0,17480.38010021178,0.0
18.990000000000002,241.122803,235.56083,7049,0.0,0.0,17553.521303031608,0.0
19.0,237.282305,235.819052,7049,0.0,0.0,17572.76348934039,0.0
19.01,237.282305,236.03854,7049,0.0,0.0,17589.119295540255,0.0
19.02,209.998856,232.132587,7049,0.0,0.0,17298.055500281338,0.0
19.03,209.998856,228.812527,7049,0.0,0.0,17050.65127803716,0.0
19.04,196.441704,223.956904,7049,0.0,0.0,16688.819976245646,0.0
19.05,196.441704,219.829624,7049,0.0,0.0,16381.263336189755,0.0
19.06,196.441704,216.321436,7049,0.0,0.0,16119.84019214225,0.0
19.07,196.441704,213.339476,7049,0.0,0.0,15897.630504798271,0.0
19.080000000000002,196.441704,210.80481,7049,0.0,0.0,15708.752270555891,0.0
19.09,196.441704,208.650344,7049,0.0,0.0,15548.205778901664,0.0
19.1,201.189042,207.531149,7049,0.0,0.0,15464.805608870227,0.0
19.11,201.189042,206.579833,7049,0.0,0.0,15393.915445714007,0.0
19.12,201.189042,205.771215,7049,0.0,0.0,15333.65885174202,0.0
19.13,220.002061,207.905841,7049,0.0,0.0,15492.726906329044,0.0
19.14,232.431749,211.584728,7050,0.0,0.0,15766.87019800426,0.0
19.150000000000002,232.431749,214.711781,7050,0.0,0.0,15999.891925136095,0.0
19.16,232.431749,217.369776,7050,0.0,0.0,16197.960389472257,0.0
19.17,232.431749,219.629072,7050,0.0,0.0,16366.31860278749,0.0
19.18,232.431749,221.549473,7050,0.0,0.0,16509.423039394645,0.0
19.19,232.431749,223.181815,7050,0.0,0.0,16631.061896206418,0.0
19.2,234.339147,224.855415,7050,0.0,0.0,16755.7752165524,0.0
19.21,234.339147,226.277975,7050,0.0,0.0,16861.781538846473,0.0
19.22,245.98181,229.23355,7050,0.0,0.0,17082.025068830673,0.0
19.23,245.98181,231.745789,7050,0.0,0.0,17269.23208794674,0.0
19.240000000000002,237.018875,232.536752,7050,0.0,0.0,17328.173066675718,0.0
19.25,237.018875,233.20907,7050,0.0,0.0,17378.27285761045,0.0
19.26,237.018875,233.780541,7050,0.0,0.0,17420.85773206757,0.0
19.27,237.018875,234.266291,7050,0.0,0.0,17457.05484927482,0.0
19.28,237.018875,234.679179,7050,0.0,0.0,17487.822436159986,0.0
19.29,237.018875,235.030133,7050,0.0,0.0,17513.974825397974,0.0
19.3,205.025439,230.529429,7050,0.0,0.0,17178.591376703895,0.0
19.31,205.025439,226.703831,7050,0.0,0.0,16893.515475121127,0.0
19.32,205.025439,223.452072,7050,0.0,0.0,16651.200906613176,0.0
19.330000000000002,196.040554,219.340344,7050,0.0,0.0,16344.803170451898,0.0
19.34,205.625507,217.283119,7050,0.0,0.0,16191.502883376883,0.0
19.35,205.625507,215.534477,7050,0.0,0.0,16061.19758347462,0.0
19.36,205.625507,214.048131,7050,0.0,0.0,15950.438056202296,0.0
19.37,205.625507,212.784738,7050,0.0,0.0,15856.29253999062,0.0
19.38,205.625507,211.710853,7050,0.0,0.0,15776.268780418597,0.0
19.39,205.625507,210.798051,7050,0.0,0.0,15708.248603411877,0.0
19.400000000000002,219.576872,212.114874,7050,0.0,0.0,15806.375616221358,0.0
19.41,219.576872,213.234174,7050,0.0,0.0,15889.783610642515,0.0
19.42,221.992008,214.547849,7050,0.0,0.0,15987.676040796377,0.0
19.43,221.992008,215.664473,7051,0.0,0.0,16070.884625056657,0.0
19.44,238.533882,219.094884,7051,0.0,0.0,16326.511982825152,0.0
19.45,238.533882,222.010734,7051,0.0,0.0,16543.795285365075,0.0
19.46,238.533882,224.489206,7051,0.0,0.0,16728.486055265006,0.0
19.47,238.533882,226.595907,7051,0.0,0.0,16885.47319477635,0.0
19.48,238.533882,228.386603,7051,0.0,0.0,17018.912274538692,0.0
19.490000000000002,238.533882,229.908695,7051,0.0,0.0,17132.33552214388,0.0
19.5,243.018157,231.875114,7051,0.0,0.0,17278.869127952563,0.0
19.51,243.018157,233.546571,7051,0.0,0.0,17403.42275623024,0.0
19.52,243.018157,234.967309,7051,0.0,0.0,17509.29330673317,0.0
19.53,240.012617,235.724105,7051,0.0,0.0,17565.688229047075,0.0
19.54,213.113691,232.332543,7051,0.0,0.0,17312.955820957188,0.0
19.55,213.113691,229.449715,7051,0.0,0.0,17098.133251725383,0.0
19.56,213.113691,226.999312,7051,0.0,0.0,16915.534127492752,0.0
19.57,213.113691,224.916469,7051,0.0,0.0,16760.324838361914,0.0
19.580000000000002,213.113691,223.146052,7051,0.0,0.0,16628.396909067596,0.0
19.59,213.113691,221.641198,7051,0.0,0.0,16516.258202700534,0.0
19.6,193.239486,217.380941,7051,0.0,0.0,16198.792382912545,0.0
19.61,193.239486,213.759723,7051,0.0,0.0,15928.94646962585,0.0
19.62,193.239486,210.681687,7051,0.0,0.0,15699.577391169563,0.0
19.63,200.012487,209.081307,7051,0.0,0.0,15580.320278588724,0.0
19.64,218.970156,210.564635,7051,0.0,0.0,15690.85491054508,0.0
19.650000000000002,218.970156,211.825463,7051,0.0,0.0,15784.80928809358,0.0
19.66,218.970156,212.897167,7051,0.0,0.0,15864.670523913408,0.0
19.67,218.970156,213.808115,7051,0.0,0.0,15932.552544553062,0.0
19.68,218.970156,214.582421,7051,0.0,0.0,15990.25227700037,0.0
19.69,218.970156,215.240581,7051,0.0,0.0,16039.297042128776,0.0
19.7,229.371003,217.360144,7052,0.0,0.0,16197.242632121892,0.0
19.71,229.371003,219.161773,7052,0.0,0.0,16331.496417149137,0.0
19.72,233.991565,221.386242,7052,0.0,0.0,16497.259392171058,0.0
19.73,233.991565,223.27704,7052,0.0,0.0,16638.157872502994,0.0
19.740000000000002,241.485867,226.008364,7052,0.0,0.0,16841.690667066003,0.0
19.75,241.485867,228.32999,7052,0.0,0.0,17014.693587155358,0.0
19.76,241.485867,230.303371,7052,0.0,0.0,17161.745987261515,0.0
19.77,241.485867,231.980746,7052,0.0,0.0,17286.74061304744,0.0
19.78,241.485867,233.406514,7052,0.0,0.0,17392.98598907698,0.0
19.79,241.485867,234.618417,7052,0.0,0.0,17483.29457360569,0.0
19.8,241.485867,235.648534,7052,0.0,0.0,17560.056829470195,0.0
19.81,241.485867,236.524134,7052,0.0,0.0,17625.304787939924,0.0
19.82,241.485867,237.268394,7052,0.0,0.0,17680.765552639186,0.0
19.830000000000002,215.164193,233.952764,7052,0.0,0.0,17433.691445123222,0.0
19.84,194.123804,227.97842,7052,0.0,0.0,16988.49529483101,0.0
19.85,194.123804,222.900228,7052,0.0,0.0,16610.07859688982,0.0
19.86,194.123804,218.583764,7052,0.0,0.0,16288.424344025416,0.0
19.87,194.123804,214.91477,7052,0.0,0.0,16015.018258897873,0.0
19.88,194.123804,211.796125,7052,0.0,0.0,15782.623079087658,0.0
19.89,194.123804,209.145277,7052,0.0,0.0,15585.087194878479,0.0
19.900000000000002,211.345089,209.475249,7052,0.0,0.0,15609.676047496308,0.0
19.91,211.345089,209.755725,7052,0.0,0.0,15630.576557317865,0.0
19.92,211.345089,209.994129,7052,0.0,0.0,15648.341945955388,0.0
19.93,208.057556,209.703643,7052,0.0,0.0,15626.695510980475,0.0
19.94,226.96497,212.292842,7053,0.0,0.0,15819.637435171726,0.0
19.95,226.96497,214.493661,7053,0.0,0.0,15983.638059556588,0.0
19.96,226.96497,216.364358,7053,0.0,0.0,16123.038653624022,0.0
19.97,226.96497,217.954449,7053,0.0,0.0,16241.529050530242,0.0
19.98,226.96497,219.306027,7053,0.0,0.0,16342.245936337229,0.0
19.990000000000002,226.96497,220.454869,7053,0.0,0.0,16427.855341435763,0.0
20.0,238.924884,223.225371,7053,0.0,0.0,16634.307602098503,0.0
20.01,238.924884,225.580298,7053,0.0,0.0,16809.792046017235,0.0
20.02,239.981797,227.740523,7053,0.0,0.0,16970.76768681813,0.0
20.03,239.981797,229.576714,7053,0.0,0.0,17107.596962869397,0.0
20.04,240.564712,231.224914,7053,0.0,0.0,17230.41752608297,0.0
20.05,240.564712,232.625884,7053,0.0,0.0,17334.81500481451,0.0
20.06,240.564712,233.816708,7053,0.0,0.0,17423.552824477312,0.0
20.07,240.564712,234.828909,7053,0.0,0.0,17498.9800159015,0.0
20.080000000000002,240.564712,235.689279,7053,0.0,0.0,17563.09306527176,0.0
20.09,240.564712,236.420594,7053,0.0,0.0,17617.589194495475,0.0
20.1,257.201774,239.537771,7053,0.0,0.0,17849.874981885594,0.0
20.11,257.201774,242.187372,7053,0.0,0.0,18047.3179421521,0.0
20.12,257.201774,244.439532,7053,0.0,0.0,18215.14439503833,0.0
20.13,376.029982,264.178099,7053,0.0,0.0,19686.02287821321,0.0
20.14,458.764762,293.366099,7054,0.0,0.0,21861.0541845339,0.0
20.150000000000002,458.764762,318.175898,7054,0.0,0.0,23709.83072038849,0.0
20.16,458.764762,339.264228,7054,0.0,0.0,25281.29083920519,0.0
20.17,458.764762,357.189308,7054,0.0,0.0,26617.031902940387,0.0
20.18,458.764762,372.425626,7054,0.0,0.0,27752.41180711531,0.0
20.19,458.764762,385.376497,7054,0.0,0.0,28717.48477782658,0.0
20.2,488.161695,400.794276,7054,0.0,0.0,29866.38679231657,0.0
20.21,488.161695,413.899389,7054,0.0,0.0,30842.953567973356,0.0
20.22,503.992113,427.413298,7054,0.0,0.0,31849.983002870198,0.0
20.23,503.992113,438.90012,7054,0.0,0.0,32705.957974095814,0.0
20.240000000000002,476.704342,444.570753,7054,0.0,0.0,33128.52218889831,0.0
20.25,476.704342,449.390792,7054,0.0,0.0,33487.70184227252,0.0
20.26,476.704342,453.487824,7054,0.0,0.0,33793.00446194492,0.0
20.27,476.704342,456.970302,7054,0.0,0.0,34052.51174828084,0.0
20.28,476.704342,459.930408,7054,0.0,0.0,34273.09291931098,0.0
20.29,476.704342,462.446498,7055,0.0,0.0,34460.5869072348,0.0
20.3,491.242023,466.765827,7055,0.0,0.0,34782.454654161585,0.0
20.31,491.242023,470.437256,7055,0.0,0.0,35056.04219061264,0.0
20.32,491.242023,473.557971,7055,0.0,0.0,35288.59162267735,0.0
20.330000000000002,500.151329,477.546975,7055,0.0,0.0,35585.844212133234,0.0
20.34,488.645821,479.211802,7055,0.0,0.0,35709.90378608856,0.0
20.35,488.645821,480.626905,7055,0.0,0.0,35815.35442767649,0.0
20.36,488.645821,481.829742,7055,0.0,0.0,35904.98743204132,0.0
20.37,488.645821,482.852154,7055,0.0,0.0,35981.175526736326,0.0
20.38,488.645821,483.721204,7055,0.0,0.0,36045.93539232349,0.0
20.39,488.645821,484.459896,7055,0.0,0.0,36100.98124081358,0.0
20.400000000000002,470.01538,482.293219,7055,0.0,0.0,35939.524809893854,0.0
20.41,470.01538,480.451543,7055,0.0,0.0,35802.28680262718,0.0
20.42,491.984109,482.181428,7056,0.0,0.0,35931.194368453354,0.0
20.43,491.984109,483.65183,7056,0.0,0.0,36040.76578077612,0.0
20.44,499.420427,486.01712,7056,0.0,0.0,36217.02245470128,0.0
20.45,499.420427,488.027616,7056,0.0,0.0,36366.84059027865,0.0
20.46,499.420427,489.736538,7056,0.0,0.0,36494.18603532662,0.0
20.47,499.420427,491.189121,7056,0.0,0.0,36602.4296114548,0.0
20.48,499.420427,492.423817,7056,0.0,0.0,36694.43668469684,0.0
20.490000000000002,499.420427,493.473308,7056,0.0,0.0,36772.64265224178,0.0
20.5,472.163317,490.27681,7056,0.0,0.0,36534.44602278477,0.0
20.51,472.163317,487.559786,7056,0.0,0.0,36331.9788355837,0.0
20.52,472.163317,485.250316,7056,0.0,0.0,36159.88175626999,0.0
20.53,480.0116,484.464508,7056,0.0,0.0,36101.3249178173,0.0
20.54,488.609307,485.086228,7057,0.0,0.0,36147.65424712269,0.0
20.55,488.609307,485.61469,7057,0.0,0.0,36187.03417703227,0.0
20.56,488.609307,486.063883,7057,0.0,0.0,36220.50713981081,0.0
20.57,488.609307,486.445696,7057,0.0,0.0,36248.959079928674,0.0
20.580000000000002,488.609307,486.770238,7057,0.0,0.0,36273.143299820964,0.0
20.59,488.609307,487.046098,7057,0.0,0.0,36293.699834566796,0.0
20.6,506.763389,490.003692,7057,0.0,0.0,36514.09381638763,0.0
20.61,506.763389,492.517646,7057,0.0,0.0,36701.42863386913,0.0
20.62,506.763389,494.654508,7057,0.0,0.0,36860.66331069821,0.0
20.63,472.006168,491.257257,7057,0.0,0.0,36607.50696972146,0.0
20.64,487.078773,490.630484,7058,0.0,0.0,36560.80110097552,0.0
20.650000000000002,487.078773,490.097727,7058,0.0,0.0,36521.101116267375,0.0
20.66,487.078773,489.644884,7058,0.0,0.0,36487.35616279855,0.0
20.67,487.078773,489.259968,7058,0.0,0.0,36458.67299333494,0.0
20.68,487.078773,488.932788,7058,0.0,0.0,36434.292194965674,0.0
20.69,487.078773,488.654686,7058,0.0,0.0,36413.5685908698,0.0
20.7,505.007411,491.107595,7058,0.0,0.0,36596.354457203764,0.0
20.71,505.007411,493.192567,7058,0.0,0.0,36751.72239515094,0.0
20.72,497.97423,493.909817,7058,0.0,0.0,36805.17042874208,0.0
20.73,497.97423,494.519479,7058,0.0,0.0,36850.60122003557,0.0
20.740000000000002,475.157462,491.615176,7059,0.0,0.0,36634.17837681092,0.0
20.75,475.157462,489.146519,7059,0.0,0.0,36450.219001054866,0.0
20.76,475.157462,487.04816,7059,0.0,0.0,36293.85349067732,0.0
20.77,475.157462,485.264555,7059,0.0,0.0,36160.9428180341,0.0
20.78,475.157462,483.748491,7059,0.0,0.0,36047.96876491687,0.0
20.79,475.157462,482.459837,7059,0.0,0.0,35951.94084957442,0.0
20.8,475.157462,481.364481,7059,0.0,0.0,35870.31711408154,0.0
20.81,475.157462,480.433428,7059,0.0,0.0,35800.936909105396,0.0
20.82,475.157462,479.642033,7059,0.0,0.0,35741.96373860157,0.0
20.830000000000002,506.016726,483.598237,7059,0.0,0.0,36036.772137744745,0.0
20.84,478.319976,482.806498,7059,0.0,0.0,35977.77333304983,0.0
20.85,478.319976,482.133519,7059,0.0,0.0,35927.62428571887,0.0
20.86,478.319976,481.561488,7059,0.0,0.0,35884.99768118324,0.0
20.87,478.319976,481.075261,7059,0.0,0.0,35848.76501889126,0.0
20.88,478.319976,480.661968,7059,0.0,0.0,35817.96725221717,0.0
20.89,478.319976,480.31067,7059,0.0,0.0,35791.78922878809,0.0
20.900000000000002,482.829954,480.688562,7059,0.0,0.0,35819.948983838396,0.0
20.91,482.829954,481.009771,7060,0.0,0.0,35843.884835245546,0.0
20.92,491.978648,482.655103,7060,0.0,0.0,35966.49168084275,0.0
20.93,491.978648,484.053634,7060,0.0,0.0,36070.70741017877,0.0
20.94,498.826089,486.269503,7060,0.0,0.0,36235.82953042359,0.0
20.95,498.826089,488.15299,7060,0.0,0.0,36376.18320967697,0.0
20.96,498.826089,489.753955,7060,0.0,0.0,36495.48391528627,0.0
20.97,498.826089,491.114775,7060,0.0,0.0,36596.88949642466,0.0
20.98,498.826089,492.271472,7060,0.0,0.0,36683.084240392294,0.0
20.990000000000002,498.826089,493.254665,7060,0.0,0.0,36756.349813749664,0.0
21.0,468.746751,489.578478,7060,0.0,0.0,36482.40772066727,0.0
21.01,468.746751,486.453719,7060,0.0,0.0,36249.55693782133,0.0
21.02,479.988936,485.484001,7060,0.0,0.0,36177.29549447808,0.0
21.03,479.988936,484.659741,7061,0.0,0.0,36115.87328999172,0.0
21.04,496.492372,486.434636,7061,0.0,0.0,36248.134910878114,0.0
21.05,496.492372,487.943297,7061,0.0,0.0,36360.55730726104,0.0
21.06,496.492372,489.225658,7061,0.0,0.0,36456.11628084625,0.0
21.07,496.492372,490.315665,7061,0.0,0.0,36537.34141957136,0.0
21.080000000000002,496.492372,491.242171,7061,0.0,0.0,36606.38279121362,0.0
21.09,496.492372,492.029701,7061,0.0,0.0,36665.06794965772,0.0
21.1,496.269763,492.665711,7061,0.0,0.0,36712.46214114507,0.0
21.11,496.269763,493.206318,7061,0.0,0.0,36752.74709213234,0.0
21.12,449.85427,486.703511,7061,0.0,0.0,36268.170937412535,0.0
21.13,449.85427,481.176125,7061,0.0,0.0,35856.28120217482,0.0
21.14,486.334986,481.949954,7062,0.0,0.0,35913.945389537395,0.0
21.150000000000002,486.334986,482.607709,7062,0.0,0.0,35962.95997487689,0.0
21.16,486.334986,483.166801,7062,0.0,0.0,36004.62239104495,0.0
21.17,486.334986,483.642028,7062,0.0,0.0,36040.035355366206,0.0
21.18,486.334986,484.045972,7062,0.0,0.0,36070.13645328317,0.0
21.19,486.334986,484.389324,7062,0.0,0.0,36095.72235670539,0.0
21.2,504.136929,487.351465,7062,0.0,0.0,36316.45517186013,0.0
21.21,504.136929,489.869285,7062,0.0,0.0,36504.07807591934,0.0
21.22,504.136929,492.009431,7062,0.0,0.0,36663.55746985167,0.0
21.23,484.02483,490.811741,7062,0.0,0.0,36574.308009619126,0.0
21.240000000000002,482.847086,489.617043,7062,0.0,0.0,36485.281507234635,0.0
21.25,482.847086,488.601549,7062,0.0,0.0,36409.608928045214,0.0
21.26,482.847086,487.73838,7062,0.0,0.0,36345.2873028004,0.0
21.27,482.847086,487.004686,7062,0.0,0.0,36290.61389526101,0.0
21.28,482.847086,486.381046,7063,0.0,0.0,36244.14149140074,0.0
21.29,482.847086,485.850952,7063,0.0,0.0,36204.6399481195,0.0
21.3,488.835719,486.298667,7063,0.0,0.0,36238.00277329798,0.0
21.31,488.835719,486.679225,7063,0.0,0.0,36266.361193329176,0.0
21.32,488.835719,487.002699,7063,0.0,0.0,36290.46582800031,0.0
21.330000000000002,504.128872,489.571625,7063,0.0,0.0,36481.89704883151,0.0
21.34,479.300473,488.030952,7063,0.0,0.0,36367.08918231777,0.0
21.35,479.300473,486.72138,7063,0.0,0.0,36269.50249950699,0.0
21.36,479.300473,485.608244,7063,0.0,0.0,36186.553834021426,0.0
21.37,479.300473,484.662079,7063,0.0,0.0,36116.0475130695,0.0
21.38,479.300473,483.857838,7063,0.0,0.0,36056.11708437186,0.0
21.39,479.300473,483.174233,7063,0.0,0.0,36005.176208801175,0.0
21.400000000000002,476.530328,482.177647,7064,0.0,0.0,35930.91261590542,0.0
21.41,476.530328,481.330549,7064,0.0,0.0,35867.78856939585,0.0
21.42,476.530328,480.610516,7064,0.0,0.0,35814.133152218106,0.0
21.43,500.054673,483.52714,7064,0.0,0.0,36031.47413168796,0.0
21.44,492.136961,484.818613,7064,0.0,0.0,36127.71211326491,0.0
21.45,492.136961,485.916365,7064,0.0,0.0,36209.51439387941,0.0
21.46,492.136961,486.849455,7064,0.0,0.0,36279.046392016135,0.0
21.47,492.136961,487.642581,7064,0.0,0.0,36338.14855317336,0.0
21.48,492.136961,488.316738,7064,0.0,0.0,36388.3853827052,0.0
21.490000000000002,492.136961,488.889771,7064,0.0,0.0,36431.08665427416,0.0
21.5,473.353383,486.559313,7064,0.0,0.0,36257.425591232306,0.0
21.51,473.353383,484.578424,7064,0.0,0.0,36109.813710002134,0.0
21.52,479.979145,483.888532,7064,0.0,0.0,36058.40433978217,0.0
21.53,479.979145,483.302124,7065,0.0,0.0,36014.706389998806,0.0
21.54,500.75356,485.919839,7065,0.0,0.0,36209.77326940217,0.0
21.55,500.75356,488.144897,7065,0.0,0.0,36375.58013552453,0.0
21.56,500.75356,490.036197,7065,0.0,0.0,36516.51602389112,0.0
21.57,500.75356,491.643801,7065,0.0,0.0,36636.311454484734,0.0
21.580000000000002,500.75356,493.010265,7065,0.0,0.0,36738.1376152001,0.0
21.59,500.75356,494.171759,7065,0.0,0.0,36824.68982200097,0.0
21.6,483.1265,492.51497,7065,0.0,0.0,36701.22922370825,0.0
21.61,483.1265,491.1067,7065,0.0,0.0,36596.28776359614,0.0
21.62,483.1265,489.90967,7065,0.0,0.0,36507.08748524186,0.0
21.63,472.023633,487.226764,7065,0.0,0.0,36307.162703073984,0.0
21.64,493.947202,488.23483,7066,0.0,0.0,36382.28176257918,0.0
21.650000000000002,493.947202,489.091686,7066,0.0,0.0,36446.132955706795,0.0
21.66,493.947202,489.820013,7066,0.0,0.0,36500.406425154455,0.0
21.67,493.947202,490.439092,7066,0.0,0.0,36546.53895242888,0.0
21.68,493.947202,490.965308,7066,0.0,0.0,36585.75151491644,0.0
21.69,493.947202,491.412592,7066,0.0,0.0,36619.08222283806,0.0
21.7,502.533626,493.080747,7066,0.0,0.0,36743.389792688526,0.0
21.71,502.533626,494.498679,7066,0.0,0.0,36849.05124569092,0.0
21.72,502.533626,495.703921,7066,0.0,0.0,36938.863465839364,0.0
21.73,475.997683,492.747986,7066,0.0,0.0,36718.59310937613,0.0
21.740000000000002,488.506447,492.111755,7067,0.0,0.0,36671.182449411346,0.0
21.75,488.506447,491.570959,7067,0.0,0.0,36630.88341452259,0.0
21.76,488.506447,491.111282,7067,0.0,0.0,36596.62920505995,0.0
21.77,488.506447,490.720557,7067,0.0,0.0,36567.51316054981,0.0
21.78,488.506447,490.38844,7067,0.0,0.0,36542.764466827684,0.0
21.79,488.506447,490.106141,7067,0.0,0.0,36521.72811069698,0.0
21.8,488.506447,489.866187,7067,0.0,0.0,36503.847219163574,0.0
21.81,488.506447,489.662226,7067,0.0,0.0,36488.64845390838,0.0
21.82,488.506447,489.488859,7067,0.0,0.0,36475.72949226378,0.0
21.830000000000002,483.969686,488.660983,7067,0.0,0.0,36414.03783069903,0.0
21.84,478.151685,487.084589,7067,0.0,0.0,36296.56810680237,0.0
21.85,478.151685,485.744653,7067,0.0,0.0,36196.718759520394,0.0
21.86,478.151685,484.605708,7067,0.0,0.0,36111.84685904152,0.0
21.87,478.151685,483.637605,7067,0.0,0.0,36039.705762263984,0.0
21.88,478.151685,482.814717,7067,0.0,0.0,35978.385796469964,0.0
21.89,478.151685,482.115262,7068,0.0,0.0,35926.26381064145,0.0
21.900000000000002,483.061223,482.257156,7068,0.0,0.0,35936.83746735582,0.0
21.91,483.061223,482.377766,7068,0.0,0.0,35945.82508301484,0.0
21.92,497.912467,484.707971,7068,0.0,0.0,36119.46729300336,0.0
21.93,497.912467,486.688646,7068,0.0,0.0,36267.0632273821,0.0
21.94,491.347812,487.387521,7068,0.0,0.0,36319.14199277216,0.0
21.95,491.347812,487.981564,7068,0.0,0.0,36363.40888746521,0.0
21.96,491.347812,488.486501,7068,0.0,0.0,36401.0357814874,0.0
21.97,491.347812,488.915698,7068,0.0,0.0,36433.01868239116,0.0
21.98,491.347812,489.280515,7068,0.0,0.0,36460.204114626256,0.0
21.990000000000002,491.347812,489.590609,7068,0.0,0.0,36483.31169849298,0.0
22.0,470.564461,486.736687,7068,0.0,0.0,36270.64314649226,0.0
22.01,470.564461,484.310853,7068,0.0,0.0,36089.87485493623,0.0
22.02,491.959512,485.458152,7069,0.0,0.0,36175.369278764876,0.0
22.03,491.959512,486.433356,7069,0.0,0.0,36248.039527841516,0.0
22.04,500.973441,488.614369,7069,0.0,0.0,36410.5642487711,0.0
22.05,500.973441,490.46823,7069,0.0,0.0,36548.71025783533,0.0
22.06,500.973441,492.044011,7069,0.0,0.0,36666.13430219963,0.0
22.07,500.973441,493.383426,7069,0.0,0.0,36765.944825604995,0.0
22.080000000000002,500.973441,494.521928,7069,0.0,0.0,36850.78371461105,0.0
22.09,500.973441,495.489655,7069,0.0,0.0,36922.89679262159,0.0
22.1,469.168939,491.541548,7069,0.0,0.0,36628.69176570287,0.0
22.11,469.168939,488.185656,7069,0.0,0.0,36378.61741457804,0.0
22.12,469.168939,485.333149,7069,0.0,0.0,36166.05430554355,0.0
22.13,480.026417,484.537139,7069,0.0,0.0,36106.737234482,0.0
22.14,495.889832,486.240043,7070,0.0,0.0,36233.63423022199,0.0
22.150000000000002,495.889832,487.687511,7070,0.0,0.0,36341.496646793785,0.0
22.16,495.889832,488.917859,7070,0.0,0.0,36433.17971578341,0.0
22.17,495.889832,489.963655,7070,0.0,0.0,36511.11033932818,0.0
22.18,495.889832,490.852582,7070,0.0,0.0,36577.351399148436,0.0
22.19,495.889832,491.608169,7070,0.0,0.0,36633.65622920356,0.0
22.2,489.607665,491.308094,7070,0.0,0.0,36611.29524115217,0.0
22.21,489.607665,491.053029,7070,0.0,0.0,36592.28830816098,0.0
22.22,473.96713,488.490145,7070,0.0,0.0,36401.3073250697,0.0
22.23,473.96713,486.311692,7070,0.0,0.0,36238.97337021331,0.0
22.240000000000002,485.165976,486.139835,7071,0.0,0.0,36226.16693074468,0.0
22.25,485.165976,485.993756,7071,0.0,0.0,36215.28141621145,0.0
22.26,485.165976,485.869589,7071,0.0,0.0,36206.0287400359,0.0
22.27,485.165976,485.764047,7071,0.0,0.0,36198.16396156078,0.0
22.28,485.165976,485.674336,7071,0.0,0.0,36191.47887750153,0.0
22.29,485.165976,485.598082,7071,0.0,0.0,36185.796582132476,0.0
22.3,496.677218,487.259953,7071,0.0,0.0,36309.63588088766,0.0
22.31,496.677218,488.672542,7071,0.0,0.0,36414.89918423028,0.0
22.32,496.677218,489.873244,7071,0.0,0.0,36504.373092670794,0.0
22.330000000000002,492.144346,490.213909,7071,0.0,0.0,36529.75876623417,0.0
22.34,477.043896,488.238407,7071,0.0,0.0,36382.548313455656,0.0
22.35,477.043896,486.55923,7071,0.0,0.0,36257.419406238536,0.0
22.36,477.043896,485.13193,7071,0.0,0.0,36151.059868637065,0.0
22.37,477.043896,483.918725,7071,0.0,0.0,36060.654261675816,0.0
22.38,477.043896,482.887501,7071,0.0,0.0,35983.80951438826,0.0
22.39,477.043896,482.01096,7072,0.0,0.0,35918.49143448304,0.0
22.400000000000002,489.474469,483.130486,7072,0.0,0.0,36001.916269971596,0.0
22.41,489.474469,484.082084,7072,0.0,0.0,36072.82744720306,0.0
22.42,489.474469,484.890942,7072,0.0,0.0,36133.10192549442,0.0
22.43,500.026885,487.161333,7072,0.0,0.0,36302.286915990124,0.0
22.44,483.39902,486.596986,7072,0.0,0.0,36260.232907746045,0.0
22.45,483.39902,486.117291,7072,0.0,0.0,36224.48699701268,0.0
22.46,483.39902,485.709551,7072,0.0,0.0,36194.10302877781,0.0
22.47,483.39902,485.362971,7072,0.0,0.0,36168.27658126018,0.0
22.48,483.39902,485.068378,7072,0.0,0.0,36146.324100870195,0.0
22.490000000000002,483.39902,484.817975,7072,0.0,0.0,36127.66457078261,0.0
22.5,478.901464,483.930498,7072,0.0,0.0,36061.53156205848,0.0
22.51,478.901464,483.176143,7073,0.0,0.0,36005.31853817609,0.0
22.52,485.864177,483.579348,7073,0.0,0.0,36035.36456729302,0.0
22.53,485.864177,483.922072,7073,0.0,0.0,36060.90367341291,0.0
22.54,500.261232,486.372946,7073,0.0,0.0,36243.53789562229,0.0
22.55,500.261232,488.456189,7073,0.0,0.0,36398.776991952065,0.0
22.56,500.261232,490.226946,7073,0.0,0.0,36530.730257365474,0.0
22.57,500.261232,491.732089,7073,0.0,0.0,36642.89049943377,0.0
22.580000000000002,500.261232,493.01146,7073,0.0,0.0,36738.22666420692,0.0
22.59,500.261232,494.098926,7073,0.0,0.0,36819.2624527008,0.0
22.6,466.01099,489.885735,7073,0.0,0.0,36505.30389697556,0.0
22.61,466.01099,486.304524,7073,0.0,0.0,36238.439225208385,0.0
22.62,466.01099,483.260493,7073,0.0,0.0,36011.6041312516,0.0
22.63,484.061879,483.380701,7074,0.0,0.0,36020.56179067569,0.0
22.64,502.552491,486.25647,7074,0.0,0.0,36234.85833736427,0.0
22.650000000000002,502.552491,488.700873,7074,0.0,0.0,36417.01035361289,0.0
22.66,502.552491,490.778616,7074,0.0,0.0,36571.83960095729,0.0
22.67,502.552491,492.544697,7074,0.0,0.0,36703.44442021514,0.0
22.68,502.552491,494.045866,7074,0.0,0.0,36815.30852776201,0.0
22.69,502.552491,495.32186,7074,0.0,0.0,36910.39304525816,0.0
22.7,483.57201,493.559382,7074,0.0,0.0,36779.056714344726,0.0
22.71,483.57201,492.061276,7074,0.0,0.0,36667.42085542369,0.0
22.72,483.57201,490.787886,7074,0.0,0.0,36572.530382792625,0.0
22.73,472.023633,487.973248,7074,0.0,0.0,36362.78919579934,0.0
22.740000000000002,490.271005,488.317912,7075,0.0,0.0,36388.47286683407,0.0
22.75,490.271005,488.610876,7075,0.0,0.0,36410.30395740639,0.0
22.76,490.271005,488.859895,7075,0.0,0.0,36428.86035458567,0.0
22.77,490.271005,489.071561,7075,0.0,0.0,36444.63328101035,0.0
22.78,490.271005,489.251478,7075,0.0,0.0,36458.04033553753,0.0
22.79,490.271005,489.404407,7075,0.0,0.0,36469.436298352535,0.0
22.8,490.271005,489.534396,7075,0.0,0.0,36479.12281830859,0.0
22.81,490.271005,489.644888,7075,0.0,0.0,36487.356460870535,0.0
22.82,490.271005,489.738805,7075,0.0,0.0,36494.35496762659,0.0
22.830000000000002,492.010938,490.079625,7075,0.0,0.0,36519.75219147955,0.0
22.84,471.208768,487.248997,7076,0.0,0.0,36308.81946170882,0.0
22.85,471.208768,484.842962,7076,0.0,0.0,36129.526551982104,0.0
22.86,471.208768,482.797833,7076,0.0,0.0,35977.1276346029,0.0
22.87,471.208768,481.059473,7076,0.0,0.0,35847.58852874927,0.0
22.88,471.208768,479.581867,7076,0.0,0.0,35737.480288773695,0.0
22.89,471.208768,478.325902,7076,0.0,0.0,35643.88829224625,0.0
22.900000000000002,513.096521,483.541495,7076,0.0,0.0,36032.54383753976,0.0
22.91,513.096521,487.974749,7076,0.0,0.0,36362.901047313346,0.0
22.92,497.936886,489.46907,7076,0.0,0.0,36474.25485561444,0.0
22.93,497.936886,490.739242,7076,0.0,0.0,36568.90552933008,0.0
22.94,475.791085,488.497019,7076,0.0,0.0,36401.819561783406,0.0
22.95,475.791085,486.591129,7076,0.0,0.0,36259.79645583563,0.0
22.96,475.791085,484.971122,7076,0.0,0.0,36139.07677852103,0.0
22.97,475.791085,483.594117,7076,0.0,0.0,36036.46512359571,0.0
22.98,475.791085,482.423662,7076,0.0,0.0,35949.24516102069,0.0
22.990000000000002,475.791085,481.428775,7076,0.0,0.0,35875.10817420243,0.0
23.0,497.789631,483.882904,7077,0.0,0.0,36057.98495249315,0.0
23.01,497.789631,485.968913,7077,0.0,0.0,36213.43016560357,0.0
23.02,491.76007,486.837586,7077,0.0,0.0,36278.161937905716,0.0
23.03,491.76007,487.575959,7077,0.0,0.0,36333.18401515466,0.0
23.04,487.087163,487.50264,7077,0.0,0.0,36327.72043010779,0.0
23.05,487.087163,487.440318,7077,0.0,0.0,36323.07631947765,0.0
23.06,487.087163,487.387345,7077,0.0,0.0,36319.12887760462,0.0
23.07,487.087163,487.342318,7077,0.0,0.0,36315.77355573846,0.0
23.080000000000002,487.087163,487.304044,7077,0.0,0.0,36312.921453908326,0.0
23.09,487.087163,487.271512,7077,0.0,0.0,36310.4972344189,0.0
23.1,474.794969,485.400031,7077,0.0,0.0,36171.038218241556,0.0
23.11,474.794969,483.809271,7077,0.0,0.0,36052.49796879511,0.0
23.12,474.794969,482.457126,7077,0.0,0.0,35951.73883128364,0.0
23.13,484.028429,482.692821,7078,0.0,0.0,35969.30235066637,0.0
23.14,505.169361,486.064302,7078,0.0,0.0,36220.5383628517,0.0
23.150000000000002,505.169361,488.930061,7078,0.0,0.0,36434.08898438693,0.0
23.16,505.169361,491.365956,7078,0.0,0.0,36615.607001514174,0.0
23.17,505.169361,493.436467,7078,0.0,0.0,36769.89733470183,0.0
23.18,505.169361,495.196401,7078,0.0,0.0,36901.04409183004,0.0
23.19,505.169361,496.692345,7078,0.0,0.0,37012.51884284082,0.0
23.2,474.64083,493.384618,7078,0.0,0.0,36766.03365105782,0.0
23.21,474.64083,490.573049,7078,0.0,0.0,36556.52115979838,0.0
23.22,474.64083,488.183217,7078,0.0,0.0,36378.43566518254,0.0
23.23,476.023246,486.359221,7078,0.0,0.0,36242.51513610882,0.0
23.240000000000002,496.327712,487.854495,7079,0.0,0.0,36353.93996006138,0.0
23.25,496.327712,489.125477,7079,0.0,0.0,36448.65099335486,0.0
23.26,496.327712,490.205812,7079,0.0,0.0,36529.15539400972,0.0
23.27,496.327712,491.124097,7079,0.0,0.0,36597.58415319584,0.0
23.28,496.327712,491.90464,7079,0.0,0.0,36655.748654392555,0.0
23.29,496.327712,492.5681,7079,0.0,0.0,36705.18836490686,0.0
23.3,498.350168,493.43541,7079,0.0,0.0,36769.81856917865,0.0
23.31,498.350168,494.172624,7079,0.0,0.0,36824.754280068664,0.0
23.32,498.350168,494.799256,7079,0.0,0.0,36871.449641776984,0.0
23.330000000000002,476.127586,491.998505,7079,0.0,0.0,36662.743286212746,0.0
23.34,485.394671,491.00793,7080,0.0,0.0,36588.927620999006,0.0
23.35,485.394671,490.165941,7080,0.0,0.0,36526.18428693782,0.0
23.36,485.394671,489.450251,7080,0.0,0.0,36472.85250142252,0.0
23.37,485.394671,488.841914,7080,0.0,0.0,36427.52044647552,0.0
23.38,485.394671,488.324827,7080,0.0,0.0,36388.98815878567,0.0
23.39,485.394671,487.885304,7080,0.0,0.0,36356.23578504139,0.0
23.400000000000002,493.846448,488.779475,7080,0.0,0.0,36422.867617239695,0.0
23.41,493.846448,489.539521,7080,0.0,0.0,36479.50472304494,0.0
23.42,503.992087,491.707406,7080,0.0,0.0,36641.051171705454,0.0
23.43,503.992087,493.550108,7080,0.0,0.0,36778.3656344374,0.0
23.44,478.638778,491.313409,7080,0.0,0.0,36611.69130430802,0.0
23.45,478.638778,489.412214,7080,0.0,0.0,36470.018060357754,0.0
23.46,478.638778,487.796199,7080,0.0,0.0,36349.59585888852,0.0
23.47,478.638778,486.422586,7080,0.0,0.0,36247.236969010184,0.0
23.48,478.638778,485.255015,7080,0.0,0.0,36160.23191633949,0.0
23.490000000000002,478.638778,484.262579,7081,0.0,0.0,36086.277573132706,0.0
23.5,482.775009,484.039444,7081,0.0,0.0,36069.649999796544,0.0
23.51,482.775009,483.849778,7081,0.0,0.0,36055.51646931331,0.0
23.52,497.999577,485.972248,7081,0.0,0.0,36213.678683124686,0.0
23.53,497.999577,487.776347,7081,0.0,0.0,36348.11652760536,0.0
23.54,493.094813,488.574117,7081,0.0,0.0,36407.56475034223,0.0
23.55,493.094813,489.252222,7081,0.0,0.0,36458.09577692755,0.0
23.56,493.094813,489.82861,7081,0.0,0.0,36501.04705637759,0.0
23.57,493.094813,490.318541,7081,0.0,0.0,36537.555733331705,0.0
23.580000000000002,493.094813,490.734982,7081,0.0,0.0,36568.588082661416,0.0
23.59,493.094813,491.088956,7081,0.0,0.0,36594.965516251366,0.0
23.6,471.437271,488.141204,7081,0.0,0.0,36375.30494056035,0.0
23.61,471.437271,485.635614,7081,0.0,0.0,36188.593391608585,0.0
23.62,471.437271,483.505862,7082,0.0,0.0,36029.88853774059,0.0
23.63,488.033479,484.185005,7082,0.0,0.0,36080.49691400716,0.0
23.64,494.55829,485.740998,7082,0.0,0.0,36196.44639624012,0.0
23.650000000000002,494.55829,487.063592,7082,0.0,0.0,36295.00345241225,0.0
23.66,494.55829,488.187796,7082,0.0,0.0,36378.77688309235,0.0
23.67,494.55829,489.143371,7082,0.0,0.0,36449.98441839924,0.0
23.68,494.55829,489.955609,7082,0.0,0.0,36510.51076752159,0.0
23.69,494.55829,490.646011,7082,0.0,0.0,36561.95814192019,0.0
23.7,487.751826,490.211883,7082,0.0,0.0,36529.60779277156,0.0
23.71,487.751826,489.842875,7082,0.0,0.0,36502.11005560961,0.0
23.72,473.98424,487.464079,7082,0.0,0.0,36324.84694161241,0.0
23.73,473.98424,485.442103,7082,0.0,0.0,36174.17333942559,0.0
23.740000000000002,492.007925,486.426977,7083,0.0,0.0,36247.56417753649,0.0
23.75,492.007925,487.264119,7083,0.0,0.0,36309.94632286457,0.0
23.76,492.007925,487.97569,7083,0.0,0.0,36362.97116874883,0.0
23.77,492.007925,488.580525,7083,0.0,0.0,36408.042261669165,0.0
23.78,492.007925,489.094635,7083,0.0,0.0,36446.35270928094,0.0
23.79,492.007925,489.531628,7083,0.0,0.0,36478.91655249195,0.0
23.8,492.007925,489.903073,7083,0.0,0.0,36506.595890013414,0.0
23.81,492.007925,490.218801,7083,0.0,0.0,36530.12330827714,0.0
23.82,492.007925,490.487169,7083,0.0,0.0,36550.121554186924,0.0
23.830000000000002,479.683655,488.866642,7083,0.0,0.0,36429.36312751371,0.0
23.84,483.358124,488.040364,7084,0.0,0.0,36367.79054570872,0.0
23.85,483.358124,487.338028,7084,0.0,0.0,36315.453873529885,0.0
23.86,483.358124,486.741043,7084,0.0,0.0,36270.96774688866,0.0
23.87,483.358124,486.233605,7084,0.0,0.0,36233.15448335512,0.0
23.88,483.358124,485.802283,7084,0.0,0.0,36201.013231707024,0.0
23.89,483.358124,485.435659,7084,0.0,0.0,36173.69314545073,0.0
23.900000000000002,497.411719,487.232068,7084,0.0,0.0,36307.55794653188,0.0
23.91,497.411719,488.759015,7084,0.0,0.0,36421.34297901414,0.0
23.92,491.873884,489.226246,7084,0.0,0.0,36456.16009742868,0.0
23.93,491.873884,489.623391,7084,0.0,0.0,36485.754547481745,0.0
23.94,484.356833,488.833408,7085,0.0,0.0,36426.886596390155,0.0
23.95,484.356833,488.161921,7085,0.0,0.0,36376.84872991122,0.0
23.96,484.356833,487.591158,7085,0.0,0.0,36334.316614196214,0.0
23.97,484.356833,487.106009,7085,0.0,0.0,36298.164282305355,0.0
23.98,484.356833,486.693633,7085,0.0,0.0,36267.43484863483,0.0
23.990000000000002,484.356833,486.343113,7085,0.0,0.0,36241.31480020769,0.0
24.0,484.356833,486.045171,7085,0.0,0.0,36219.11275904461,0.0
24.01,482.953745,485.581457,7085,0.0,0.0,36184.55772042672,0.0
24.02,482.953745,485.1873,7085,0.0,0.0,36155.1859301497,0.0
24.03,482.953745,484.852267,7085,0.0,0.0,36130.21994194734,0.0
24.04,489.282389,485.516785,7085,0.0,0.0,36179.73849250283,0.0
24.05,489.282389,486.081626,7085,0.0,0.0,36221.829312637594,0.0
24.060000000000002,489.282389,486.56174,7085,0.0,0.0,36257.606446411846,0.0
24.07,489.282389,486.969837,7085,0.0,0.0,36288.01701757176,0.0
24.080000000000002,489.282389,487.31672,7085,0.0,0.0,36313.86604404258,0.0
24.09,489.282389,487.61157,7085,0.0,0.0,36335.83767555789,0.0
24.1,489.282389,487.862193,7085,0.0,0.0,36354.51359960489,0.0
24.11,485.600819,487.522987,7086,0.0,0.0,36329.23664779963,0.0
24.12,485.600819,487.234662,7086,0.0,0.0,36307.75124621697,0.0
24.13,485.600819,486.989585,7086,0.0,0.0,36289.488598983204,0.0
24.14,490.579247,487.528035,7086,0.0,0.0,36329.6128146502,0.0
24.150000000000002,490.579247,487.985716,7086,0.0,0.0,36363.71828619015,0.0
24.16,490.579247,488.374746,7086,0.0,0.0,36392.70802269482,0.0
24.17,490.579247,488.705421,7086,0.0,0.0,36417.34926146478,0.0
24.18,490.579247,488.986495,7086,0.0,0.0,36438.29433304874,0.0
24.19,490.579247,489.225408,7086,0.0,0.0,36456.097651346914,0.0
24.2,490.579247,489.428484,7086,0.0,0.0,36471.23046817446,0.0
24.21,476.980377,487.561268,7086,0.0,0.0,36332.08927125576,0.0
24.22,476.980377,485.974134,7086,0.0,0.0,36213.819224067665,0.0
24.23,473.982463,484.175383,7087,0.0,0.0,36079.779901836766,0.0
24.240000000000002,499.637859,486.494755,7087,0.0,0.0,36252.61485836012,0.0
24.25,499.637859,488.46622,7087,0.0,0.0,36399.524481983375,0.0
24.26,499.637859,490.141966,7087,0.0,0.0,36524.39771795164,0.0
24.27,499.637859,491.56635,7087,0.0,0.0,36630.53996107286,0.0
24.28,499.637859,492.777076,7087,0.0,0.0,36720.7608379187,0.0
24.29,499.637859,493.806194,7087,0.0,0.0,36797.448650303864,0.0
24.3,499.637859,494.680943,7087,0.0,0.0,36862.63319395786,0.0
24.310000000000002,478.091103,492.192467,7087,0.0,0.0,36677.19694601255,0.0
24.32,478.091103,490.077263,7087,0.0,0.0,36519.57617996983,0.0
24.330000000000002,478.091103,488.279339,7087,0.0,0.0,36385.598484122725,0.0
24.34,491.063159,488.696912,7088,0.0,0.0,36416.715187825415,0.0
24.35,491.063159,489.051849,7088,0.0,0.0,36443.16438224681,0.0
24.36,491.063159,489.353545,7088,0.0,0.0,36465.64616397189,0.0
24.37,491.063159,489.609987,7088,0.0,0.0,36484.75570824541,0.0
24.38,491.063159,489.827963,7088,0.0,0.0,36500.998843233305,0.0
24.39,491.063159,490.013242,7088,0.0,0.0,36514.805463262215,0.0
24.400000000000002,491.063159,490.17073,7088,0.0,0.0,36526.541153627084,0.0
24.41,489.949881,490.137603,7088,0.0,0.0,36524.07259592925,0.0
24.42,489.949881,490.109444,7088,0.0,0.0,36521.97424364219,0.0
24.43,489.949881,490.08551,7088,0.0,0.0,36520.19072989388,0.0
24.44,483.812666,489.144583,7089,0.0,0.0,36450.074734212016,0.0
24.45,483.812666,488.344796,7089,0.0,0.0,36390.476208674525,0.0
24.46,483.812666,487.664976,7089,0.0,0.0,36339.81738372375,0.0
24.47,483.812666,487.08713,7089,0.0,0.0,36296.75745703361,0.0
24.48,483.812666,486.59596,7089,0.0,0.0,36260.156452280775,0.0
24.490000000000002,483.812666,486.178466,7089,0.0,0.0,36229.045635499875,0.0
24.5,483.812666,485.823596,7089,0.0,0.0,36202.6014337843,0.0
24.51,488.210128,486.181576,7089,0.0,0.0,36229.2773864716,0.0
24.52,488.210128,486.485859,7089,0.0,0.0,36251.95194625579,0.0
24.53,488.210128,486.744499,7089,0.0,0.0,36271.22528108746,0.0
24.54,487.100132,486.797844,7089,0.0,0.0,36275.20044365549,0.0
24.55,487.100132,486.843187,7089,0.0,0.0,36278.57931320882,0.0
24.560000000000002,487.100132,486.881729,7089,0.0,0.0,36281.45138586225,0.0
24.57,487.100132,486.91449,7089,0.0,0.0,36283.89266997306,0.0
24.580000000000002,487.100132,486.942336,7089,0.0,0.0,36285.96769812695,0.0
24.59,487.100132,486.966005,7089,0.0,0.0,36287.73146460595,0.0
24.6,487.100132,486.986124,7090,0.0,0.0,36289.23069219441,0.0
24.61,476.844639,485.464902,7090,0.0,0.0,36175.87227524691,0.0
24.62,476.844639,484.171862,7090,0.0,0.0,36079.51752396813,0.0
24.63,521.978286,489.842826,7090,0.0,0.0,36502.10640422774,0.0
24.64,479.379238,488.273287,7090,0.0,0.0,36385.14750120283,0.0
24.650000000000002,479.379238,486.93918,7090,0.0,0.0,36285.73251932734,0.0
24.66,479.379238,485.805189,7090,0.0,0.0,36201.22978100729,0.0
24.67,479.379238,484.841296,7090,0.0,0.0,36129.40240499854,0.0
24.68,479.379238,484.021987,7090,0.0,0.0,36068.34913911701,0.0
24.69,479.379238,483.325575,7090,0.0,0.0,36016.453911554396,0.0
24.7,479.379238,482.733624,7090,0.0,0.0,35972.34290851179,0.0
24.71,476.317407,481.771192,7090,0.0,0.0,35900.62440329714,0.0
24.72,476.317407,480.953124,7091,0.0,0.0,35839.663614250305,0.0
24.73,509.988245,485.308392,7091,0.0,0.0,36164.20946348344,0.0
24.740000000000002,487.355595,485.615473,7091,0.0,0.0,36187.09252462419,0.0
24.75,487.355595,485.876491,7091,0.0,0.0,36206.543063253535,0.0
24.76,487.355595,486.098357,7091,0.0,0.0,36223.07607325107,0.0
24.77,487.355595,486.286942,7091,0.0,0.0,36237.12904977918,0.0
24.78,487.355595,486.44724,7091,0.0,0.0,36249.074135716575,0.0
24.79,487.355595,486.583494,7091,0.0,0.0,36259.22751092595,0.0
24.8,487.355595,486.699309,7091,0.0,0.0,36267.85781278773,0.0
24.810000000000002,487.355595,486.797752,7091,0.0,0.0,36275.19358799974,0.0
24.82,487.355595,486.881428,7091,0.0,0.0,36281.42895594505,0.0
24.830000000000002,487.355595,486.952553,7091,0.0,0.0,36286.72904850577,0.0
24.84,497.844617,488.586363,7092,0.0,0.0,36408.47729773763,0.0
24.85,497.844617,489.975101,7092,0.0,0.0,36511.96327232572,0.0
24.86,497.844617,491.155528,7092,0.0,0.0,36599.9263283702,0.0
24.87,497.844617,492.158892,7092,0.0,0.0,36674.6950042519,0.0
24.88,497.844617,493.01175,7092,0.0,0.0,36738.24827442615,0.0
24.89,497.844617,493.73668,7092,0.0,0.0,36792.26860623687,0.0
24.900000000000002,497.844617,494.352871,7092,0.0,0.0,36838.18592553496,0.0
24.91,497.844617,494.876633,7092,0.0,0.0,36877.21562085706,0.0
24.92,482.042062,492.951447,7092,0.0,0.0,36733.754615632635,0.0
24.93,482.042062,491.315039,7092,0.0,0.0,36611.812768643686,0.0
24.94,482.808074,490.038995,7093,0.0,0.0,36516.72452524768,0.0
24.95,482.808074,488.954357,7093,0.0,0.0,36435.899473650265,0.0
24.96,482.808074,488.032414,7093,0.0,0.0,36367.198127629876,0.0
24.97,482.808074,487.248763,7093,0.0,0.0,36308.80202449744,0.0
24.98,482.808074,486.58266,7093,0.0,0.0,36259.165362916174,0.0
24.990000000000002,482.808074,486.016472,7093,0.0,0.0,36216.974167039,0.0
25.0,497.111017,487.680654,7093,0.0,0.0,36340.985676886026,0.0
25.01,497.111017,489.095208,7093,0.0,0.0,36446.39540809342,0.0
25.02,497.111017,490.29758,7093,0.0,0.0,36535.99376158948,0.0
25.03,496.003406,491.153454,7093,0.0,0.0,36599.77177804372,0.0
25.04,477.48044,489.102502,7093,0.0,0.0,36446.938942366,0.0
25.05,477.48044,487.359192,7093,0.0,0.0,36317.03097242556,0.0
25.060000000000002,477.48044,485.87738,7093,0.0,0.0,36206.60930975317,0.0
25.07,477.48044,484.617839,7093,0.0,0.0,36112.75083686724,0.0
25.080000000000002,477.48044,483.547229,7093,0.0,0.0,36032.971123736505,0.0
25.09,477.48044,482.63721,7094,0.0,0.0,35965.158330316364,0.0
25.1,484.178055,482.868337,7094,0.0,0.0,35982.38145148726,0.0
25.11,484.178055,483.064795,7094,0.0,0.0,35997.02110820842,0.0
25.12,484.178055,483.231784,7094,0.0,0.0,36009.46479406601,0.0
25.13,504.013407,486.349027,7094,0.0,0.0,36241.75549964394,0.0
25.14,480.79753,485.516303,7094,0.0,0.0,36179.702574828116,0.0
25.150000000000002,480.79753,484.808487,7094,0.0,0.0,36126.957544023855,0.0
25.16,480.79753,484.206843,7094,0.0,0.0,36082.12423803304,0.0
25.17,480.79753,483.695446,7094,0.0,0.0,36044.01595774804,0.0
25.18,480.79753,483.260759,7094,0.0,0.0,36011.623953038885,0.0
25.19,480.79753,482.891275,7094,0.0,0.0,35984.09074531021,0.0
25.2,483.235214,482.942866,7094,0.0,0.0,35987.93520331091,0.0
25.21,483.235214,482.986718,7094,0.0,0.0,35991.20296653021,0.0
25.22,491.998204,484.338441,7095,0.0,0.0,36091.930657446814,0.0
25.23,491.998204,485.487405,7095,0.0,0.0,36177.54915374103,0.0
25.240000000000002,491.437228,486.379879,7095,0.0,0.0,36244.05452889785,0.0
25.25,491.437228,487.138481,7095,0.0,0.0,36300.584030714934,0.0
25.26,491.437228,487.783293,7095,0.0,0.0,36348.63412961488,0.0
25.27,491.437228,488.331383,7095,0.0,0.0,36389.47669877622,0.0
25.28,491.437228,488.79726,7095,0.0,0.0,36424.19291982235,0.0
25.29,491.437228,489.193255,7095,0.0,0.0,36453.70167417848,0.0
25.3,488.521941,489.092558,7095,0.0,0.0,36446.197935400465,0.0
25.310000000000002,488.521941,489.006965,7095,0.0,0.0,36439.81971645426,0.0
25.32,488.521941,488.934212,7095,0.0,0.0,36434.39830859389,0.0
25.330000000000002,484.059475,488.203001,7095,0.0,0.0,36379.90992924188,0.0
25.34,492.139653,488.793499,7096,0.0,0.0,36423.91265763437,0.0
25.35,492.139653,489.295422,7096,0.0,0.0,36461.31495441258,0.0
25.36,492.139653,489.722057,7096,0.0,0.0,36493.10694020716,0.0
25.37,492.139653,490.084696,7096,0.0,0.0,36520.13007224406,0.0
25.38,492.139653,490.392939,7096,0.0,0.0,36543.09972329771,0.0
25.39,492.139653,490.654946,7096,0.0,0.0,36562.62396022641,0.0
25.400000000000002,491.724872,490.815435,7096,0.0,0.0,36574.5832791013,0.0
25.41,491.724872,490.951851,7096,0.0,0.0,36584.748726226244,0.0
25.42,491.724872,491.067804,7096,0.0,0.0,36593.389311571664,0.0
25.43,472.029738,488.212094,7096,0.0,0.0,36380.58752139169,0.0
25.44,491.585849,488.718157,7097,0.0,0.0,36418.298322678886,0.0
25.45,491.585849,489.148311,7097,0.0,0.0,36450.35253730609,0.0
25.46,491.585849,489.513942,7097,0.0,0.0,36477.59862719102,0.0
25.47,491.585849,489.824728,7097,0.0,0.0,36500.75777751191,0.0
25.48,491.585849,490.088896,7097,0.0,0.0,36520.44304783287,0.0
25.490000000000002,491.585849,490.313439,7097,0.0,0.0,36537.175542509285,0.0
25.5,497.220545,491.349505,7097,0.0,0.0,36614.38110593996,0.0
25.51,497.220545,492.230161,7097,0.0,0.0,36680.00582740423,0.0
25.52,497.220545,492.978718,7097,0.0,0.0,36735.78679593807,0.0
25.53,492.02857,492.836196,7097,0.0,0.0,36725.16634192136,0.0
25.54,476.820571,490.433852,7097,0.0,0.0,36546.14847812282,0.0
25.55,476.820571,488.39186,7097,0.0,0.0,36393.98332370127,0.0
25.560000000000002,476.820571,486.656167,7097,0.0,0.0,36264.64295734654,0.0
25.57,476.820571,485.180828,7097,0.0,0.0,36154.70364967093,0.0
25.580000000000002,476.820571,483.926789,7098,0.0,0.0,36061.25517480636,0.0
25.59,476.820571,482.860857,7098,0.0,0.0,35981.82405686717,0.0
25.6,494.377033,484.588283,7098,0.0,0.0,36110.54838293789,0.0
25.61,494.377033,486.056596,7098,0.0,0.0,36219.9641271642,0.0
25.62,494.377033,487.304661,7098,0.0,0.0,36312.96743151268,0.0
25.63,492.071711,488.019719,7098,0.0,0.0,36366.25212165366,0.0
25.64,483.929155,487.406134,7098,0.0,0.0,36320.528996256624,0.0
25.650000000000002,483.929155,486.884587,7098,0.0,0.0,36281.664358298636,0.0
25.66,483.929155,486.441272,7098,0.0,0.0,36248.62941230846,0.0
25.67,483.929155,486.064455,7098,0.0,0.0,36220.54976410529,0.0
25.68,483.929155,485.74416,7098,0.0,0.0,36196.68202214771,0.0
25.69,483.929155,485.471909,7098,0.0,0.0,36176.39442285426,0.0
25.7,482.547779,485.033289,7098,0.0,0.0,36143.70933886158,0.0
25.71,482.547779,484.660463,7099,0.0,0.0,36115.927091985795,0.0
25.72,482.547779,484.34356,7099,0.0,0.0,36092.31211507519,0.0
25.73,492.030998,485.496676,7099,0.0,0.0,36178.24001009435,0.0
25.740000000000002,489.564802,486.106895,7099,0.0,0.0,36223.71230791234,0.0
25.75,489.564802,486.625581,7099,0.0,0.0,36262.36374987995,0.0
25.76,489.564802,487.066464,7099,0.0,0.0,36295.2174681006,0.0
25.77,489.564802,487.441215,7099,0.0,0.0,36323.14316212126,0.0
25.78,489.564802,487.759753,7099,0.0,0.0,36346.87997595753,0.0
25.79,489.564802,488.03051,7099,0.0,0.0,36367.056245362946,0.0
25.8,489.564802,488.260654,7099,0.0,0.0,36384.206115342444,0.0
25.810000000000002,489.564802,488.456276,7099,0.0,0.0,36398.78347501784,0.0
25.82,489.564802,488.622555,7099,0.0,0.0,36411.174253097306,0.0
25.830000000000002,481.453727,487.547231,7100,0.0,0.0,36331.04326212712,0.0
25.84,504.806418,490.136109,7100,0.0,0.0,36523.96126604122,0.0
25.85,504.806418,492.336655,7100,0.0,0.0,36687.94154701281,0.0
25.86,504.806418,494.20712,7100,0.0,0.0,36827.324852904865,0.0
25.87,504.806418,495.797014,7100,0.0,0.0,36945.80056976561,0.0
25.88,504.806418,497.148425,7100,0.0,0.0,37046.505011067035,0.0
25.89,504.806418,498.297124,7100,0.0,0.0,37132.10376009196,0.0
25.900000000000002,479.815623,495.524899,7100,0.0,0.0,36925.523104919805,0.0
25.91,479.815623,493.168507,7100,0.0,0.0,36749.92949213497,0.0
25.92,473.960093,490.287245,7100,0.0,0.0,36535.223618086995,0.0
25.93,473.960093,487.838172,7100,0.0,0.0,36352.72360279082,0.0
25.94,482.995169,487.111722,7101,0.0,0.0,36298.59000362416,0.0
25.95,482.995169,486.494239,7101,0.0,0.0,36252.576407073495,0.0
25.96,482.995169,485.969378,7101,0.0,0.0,36213.464816472326,0.0
25.97,482.995169,485.523247,7101,0.0,0.0,36180.22002780163,0.0
25.98,482.995169,485.144035,7101,0.0,0.0,36151.96190899484,0.0
25.990000000000002,482.995169,484.821706,7101,0.0,0.0,36127.94259743067,0.0
26.0,514.942288,489.339793,7101,0.0,0.0,36464.621392472494,0.0
26.01,514.942288,493.180167,7101,0.0,0.0,36750.79837198394,0.0
26.02,514.942288,496.444485,7101,0.0,0.0,36994.04881202047,0.0
26.03,484.002113,494.57813,7101,0.0,0.0,36854.971775097474,0.0
26.04,469.320956,490.789554,7102,0.0,0.0,36572.654678812185,0.0
26.05,469.320956,487.569264,7102,0.0,0.0,36332.68511716247,0.0
26.060000000000002,469.320956,484.832018,7102,0.0,0.0,36128.71102701923,0.0
26.07,469.320956,482.505358,7102,0.0,0.0,35955.332983331275,0.0
26.080000000000002,469.320956,480.527698,7102,0.0,0.0,35807.96172071451,0.0
26.09,469.320956,478.846687,7102,0.0,0.0,35682.69614749026,0.0
26.1,511.438353,483.735437,7102,0.0,0.0,36046.996006979614,0.0
26.11,511.438353,487.890874,7102,0.0,0.0,36356.65085028656,0.0
26.12,511.438353,491.422996,7102,0.0,0.0,36619.85750808237,0.0
26.13,504.028646,493.313843,7102,0.0,0.0,36760.759639796175,0.0
26.14,468.981695,489.664021,7102,0.0,0.0,36488.78221371362,0.0
26.150000000000002,468.981695,486.561672,7102,0.0,0.0,36257.601379188025,0.0
26.16,468.981695,483.924675,7102,0.0,0.0,36061.09764375999,0.0
26.17,468.981695,481.683228,7102,0.0,0.0,35894.06950217925,0.0
26.18,468.981695,479.777998,7102,0.0,0.0,35752.095578109715,0.0
26.19,468.981695,478.158553,7102,0.0,0.0,35631.41777990962,0.0
26.2,493.78825,480.503007,7103,0.0,0.0,35806.12179684221,0.0
26.21,493.78825,482.495794,7103,0.0,0.0,35954.62029320472,0.0
26.22,493.78825,484.189662,7103,0.0,0.0,36080.84394432076,0.0
26.23,499.992933,486.560153,7103,0.0,0.0,36257.48818635007,0.0
26.240000000000002,483.066904,486.036166,7103,0.0,0.0,36218.44172447858,0.0
26.25,483.066904,485.590776,7103,0.0,0.0,36185.252153643916,0.0
26.26,483.066904,485.212196,7103,0.0,0.0,36157.04113021145,0.0
26.27,483.066904,484.890402,7103,0.0,0.0,36133.06168577585,0.0
26.28,483.066904,484.616877,7103,0.0,0.0,36112.67915055379,0.0
26.29,483.066904,484.384381,7103,0.0,0.0,36095.35401424455,0.0
26.3,488.549823,485.009197,7103,0.0,0.0,36141.91405126969,0.0
26.310000000000002,488.549823,485.540291,7103,0.0,0.0,36181.49011254828,0.0
26.32,488.549823,485.991721,7104,0.0,0.0,36215.12977208686,0.0
26.330000000000002,492.05347,486.900983,7104,0.0,0.0,36282.88615538301,0.0
26.34,490.333826,487.41591,7104,0.0,0.0,36321.25748419861,0.0
26.35,490.333826,487.853597,7104,0.0,0.0,36353.873042899766,0.0
26.36,490.333826,488.225632,7104,0.0,0.0,36381.59634603966,0.0
26.37,490.333826,488.541861,7104,0.0,0.0,36405.16109782006,0.0
26.38,490.333826,488.810656,7104,0.0,0.0,36425.19116291471,0.0
26.39,490.333826,489.039131,7104,0.0,0.0,36442.21666235666,0.0
26.400000000000002,499.353913,490.586349,7104,0.0,0.0,36557.51224916297,0.0
26.41,499.353913,491.901483,7104,0.0,0.0,36655.51340107495,0.0
26.42,499.353913,493.019348,7104,0.0,0.0,36738.81446216993,0.0
26.43,476.013233,490.468431,7104,0.0,0.0,36548.7252359528,0.0
26.44,488.301499,490.143391,7105,0.0,0.0,36524.50390609784,0.0
26.45,488.301499,489.867107,7105,0.0,0.0,36503.91577572112,0.0
26.46,488.301499,489.632266,7105,0.0,0.0,36486.41589470812,0.0
26.47,488.301499,489.432651,7105,0.0,0.0,36471.540984669366,0.0
26.48,488.301499,489.262978,7105,0.0,0.0,36458.897292506925,0.0
26.490000000000002,488.301499,489.118756,7105,0.0,0.0,36448.15015789474,0.0
26.5,498.125934,490.469833,7105,0.0,0.0,36548.82971018507,0.0
26.51,498.125934,491.618248,7105,0.0,0.0,36634.40729609874,0.0
26.52,473.930688,488.965114,7105,0.0,0.0,36436.70106374764,0.0
26.53,473.930688,486.70995,7105,0.0,0.0,36268.650758797405,0.0
26.54,488.046782,486.910475,7106,0.0,0.0,36283.59348021374,0.0
26.55,488.046782,487.080921,7106,0.0,0.0,36296.29477478813,0.0
26.560000000000002,488.046782,487.2258,7106,0.0,0.0,36307.09086772455,0.0
26.57,488.046782,487.348947,7106,0.0,0.0,36316.26753554282,0.0
26.580000000000002,488.046782,487.453622,7106,0.0,0.0,36324.06770691425,0.0
26.59,488.046782,487.542596,7106,0.0,0.0,36330.69787120944,0.0
26.6,500.220319,489.444255,7106,0.0,0.0,36472.40569151049,0.0
26.61,500.220319,491.060664,7106,0.0,0.0,36592.85725307066,0.0
26.62,503.981831,492.998839,7106,0.0,0.0,36737.28617256251,0.0
26.63,503.981831,494.646288,7106,0.0,0.0,36860.050772760085,0.0
26.64,468.818125,490.772064,7106,0.0,0.0,36571.35135903873,0.0
26.650000000000002,468.818125,487.478973,7106,0.0,0.0,36325.95681266477,0.0
26.66,468.818125,484.679846,7106,0.0,0.0,36117.37147432822,0.0
26.67,468.818125,482.300588,7106,0.0,0.0,35940.07393301624,0.0
26.68,468.818125,480.278218,7106,0.0,0.0,35789.37097073846,0.0
26.69,468.818125,478.559204,7107,0.0,0.0,35661.27349006135,0.0
26.7,502.914734,482.212534,7107,0.0,0.0,35933.512325278585,0.0
26.71,502.914734,485.317864,7107,0.0,0.0,36164.91529795423,0.0
26.72,497.913811,487.207256,7107,0.0,0.0,36305.7090059819,0.0
26.73,497.913811,488.813239,7107,0.0,0.0,36425.383642901834,0.0
26.740000000000002,482.080618,487.803346,7107,0.0,0.0,36350.12843901551,0.0
26.75,482.080618,486.944937,7107,0.0,0.0,36286.16151943803,0.0
26.76,482.080618,486.215289,7107,0.0,0.0,36231.789611715874,0.0
26.77,482.080618,485.595088,7107,0.0,0.0,36185.57347524844,0.0
26.78,482.080618,485.067918,7107,0.0,0.0,36146.28982259142,0.0
26.79,482.080618,484.619823,7107,0.0,0.0,36112.898680573955,0.0
26.8,482.080618,484.238942,7107,0.0,0.0,36084.51619122961,0.0
26.810000000000002,482.080618,483.915194,7108,0.0,0.0,36060.39113862722,0.0
26.82,482.080618,483.640007,7108,0.0,0.0,36039.884754493585,0.0
26.830000000000002,502.968245,486.539243,7108,0.0,0.0,36255.93001502572,0.0
26.84,493.806015,487.629259,7108,0.0,0.0,36337.15582441282,0.0
26.85,493.806015,488.555772,7108,0.0,0.0,36406.19771768105,0.0
26.86,493.806015,489.343309,7108,0.0,0.0,36464.88339775114,0.0
26.87,493.806015,490.012715,7108,0.0,0.0,36514.766192277624,0.0
26.88,493.806015,490.58171,7108,0.0,0.0,36557.166560173326,0.0
26.89,493.806015,491.065356,7108,0.0,0.0,36593.20689151417,0.0
26.900000000000002,466.138823,487.326376,7108,0.0,0.0,36314.585589824885,0.0
26.91,466.138823,484.148243,7108,0.0,0.0,36077.757483388996,0.0
26.92,479.95426,483.519145,7108,0.0,0.0,36030.87836029923,0.0
26.93,479.95426,482.984413,7108,0.0,0.0,35991.03120254634,0.0
26.94,498.570188,485.322279,7109,0.0,0.0,36165.24429491248,0.0
26.95,498.570188,487.309465,7109,0.0,0.0,36313.325415971885,0.0
26.96,498.570188,488.998574,7109,0.0,0.0,36439.194435938596,0.0
26.97,498.570188,490.434316,7109,0.0,0.0,36546.18305447359,0.0
26.98,498.570188,491.654697,7109,0.0,0.0,36637.12340258374,0.0
26.990000000000002,498.570188,492.69202,7109,0.0,0.0,36714.42263513707,0.0
27.0,492.320634,492.636312,7109,0.0,0.0,36710.271386541324,0.0
27.01,492.320634,492.588961,7109,0.0,0.0,36706.74288484934,0.0
27.02,467.958866,488.894446,7109,0.0,0.0,36431.43502591172,0.0
27.03,467.958866,485.754109,7109,0.0,0.0,36197.42340170323,0.0
27.04,486.835528,485.916322,7110,0.0,0.0,36209.511189605524,0.0
27.05,486.835528,486.054203,7110,0.0,0.0,36219.785805596584,0.0
27.060000000000002,486.835528,486.171402,7110,0.0,0.0,36228.51924036667,0.0
27.07,486.835528,486.271021,7110,0.0,0.0,36235.94264874355,0.0
27.080000000000002,486.835528,486.355697,7110,0.0,0.0,36242.2525346862,0.0
27.09,486.835528,486.427672,7110,0.0,0.0,36247.61596754464,0.0
27.1,497.982637,488.160916,7110,0.0,0.0,36376.77383932389,0.0
27.11,497.982637,489.634175,7110,0.0,0.0,36486.55814956505,0.0
27.12,497.982637,490.886444,7110,0.0,0.0,36579.87472757433,0.0
27.13,492.038297,491.059222,7110,0.0,0.0,36592.7497981185,0.0
27.14,480.887218,489.533421,7110,0.0,0.0,36479.050163261185,0.0
27.150000000000002,480.887218,488.236491,7110,0.0,0.0,36382.405536972765,0.0
27.16,480.887218,487.1341,7110,0.0,0.0,36300.25756736859,0.0
27.17,480.887218,486.197067,7110,0.0,0.0,36230.431744768364,0.0
27.18,480.887218,485.40059,7111,0.0,0.0,36171.07987380206,0.0
27.19,480.887218,484.723584,7111,0.0,0.0,36120.630742495814,0.0
27.2,487.617015,485.157599,7111,0.0,0.0,36152.97267111075,0.0
27.21,487.617015,485.526511,7111,0.0,0.0,36180.46325454494,0.0
27.22,487.617015,485.840087,7111,0.0,0.0,36203.83031007842,0.0
27.23,500.022251,487.967412,7111,0.0,0.0,36362.35430876687,0.0
27.240000000000002,482.94745,487.214417,7111,0.0,0.0,36306.24262936085,0.0
27.25,482.94745,486.574372,7111,0.0,0.0,36258.547757754226,0.0
27.26,482.94745,486.030334,7111,0.0,0.0,36218.00713551809,0.0
27.27,482.94745,485.567901,7111,0.0,0.0,36183.547554454795,0.0
27.28,482.94745,485.174834,7111,0.0,0.0,36154.25698879488,0.0
27.29,482.94745,484.840726,7111,0.0,0.0,36129.35992974006,0.0
27.3,475.073072,483.375578,7111,0.0,0.0,36020.18003497532,0.0
27.310000000000002,475.073072,482.130202,7112,0.0,0.0,35927.377109521694,0.0
27.32,497.989866,484.509152,7112,0.0,0.0,36104.65169929049,0.0
27.330000000000002,497.989866,486.531259,7112,0.0,0.0,36255.33506333497,0.0
27.34,497.109271,488.117961,7112,0.0,0.0,36373.57291874821,0.0
27.35,497.109271,489.466657,7112,0.0,0.0,36474.07504368687,0.0
27.36,497.109271,490.613049,7112,0.0,0.0,36559.50187969192,0.0
27.37,497.109271,491.587482,7112,0.0,0.0,36632.114675392615,0.0
27.38,497.109271,492.415751,7112,0.0,0.0,36693.83562253031,0.0
27.39,497.109271,493.119779,7112,0.0,0.0,36746.29837916065,0.0
27.400000000000002,472.323,490.000262,7112,0.0,0.0,36513.83821965676,0.0
27.41,472.323,487.348672,7112,0.0,0.0,36316.24704309355,0.0
27.42,479.994672,486.245572,7112,0.0,0.0,36234.046240229276,0.0
27.43,479.994672,485.307937,7113,0.0,0.0,36164.175557794646,0.0
27.44,501.738347,487.772499,7113,0.0,0.0,36347.8297823516,0.0
27.45,501.738347,489.867376,7113,0.0,0.0,36503.93582106241,0.0
27.46,501.738347,491.648022,7113,0.0,0.0,36636.6259949515,0.0
27.47,501.738347,493.16157,7113,0.0,0.0,36749.41256078742,0.0
27.48,501.738347,494.448087,7113,0.0,0.0,36845.28123116956,0.0
27.490000000000002,501.738347,495.541626,7113,0.0,0.0,36926.76956746129,0.0
27.5,481.156903,493.383917,7113,0.0,0.0,36765.981413941685,0.0
27.51,481.156903,491.549865,7113,0.0,0.0,36629.31153188673,0.0
27.52,481.156903,489.990921,7113,0.0,0.0,36513.14214704362,0.0
27.53,472.026528,487.296262,7113,0.0,0.0,36312.341554853025,0.0
27.54,495.589708,488.540279,7114,0.0,0.0,36405.043210348274,0.0
27.55,495.589708,489.597693,7114,0.0,0.0,36483.83958398613,0.0
27.560000000000002,495.589708,490.496495,7114,0.0,0.0,36550.816509030104,0.0
27.57,495.589708,491.260477,7114,0.0,0.0,36607.74691767289,0.0
27.580000000000002,495.589708,491.909862,7114,0.0,0.0,36656.13778737465,0.0
27.59,495.589708,492.461839,7114,0.0,0.0,36697.270007991654,0.0
27.6,499.730153,493.552086,7114,0.0,0.0,36778.51303103613,0.0
27.61,499.730153,494.478796,7114,0.0,0.0,36847.56960434985,0.0
27.62,499.730153,495.2665,7114,0.0,0.0,36906.267728925486,0.0
27.63,480.011872,492.978306,7114,0.0,0.0,36735.75609452316,0.0
27.64,481.956403,491.32502,7115,0.0,0.0,36612.556532775125,0.0
27.650000000000002,481.956403,489.919728,7115,0.0,0.0,36507.836987259085,0.0
27.66,481.956403,488.725229,7115,0.0,0.0,36418.82531395606,0.0
27.67,481.956403,487.709905,7115,0.0,0.0,36343.165402826184,0.0
27.68,481.956403,486.84688,7115,0.0,0.0,36278.85450817299,0.0
27.69,481.956403,486.113308,7115,0.0,0.0,36224.19019182928,0.0
27.7,495.047765,487.453477,7115,0.0,0.0,36324.05690180464,0.0
27.71,495.047765,488.59262,7115,0.0,0.0,36408.943556846985,0.0
27.72,495.047765,489.560892,7115,0.0,0.0,36481.09724716607,0.0
27.73,500.005883,491.127641,7115,0.0,0.0,36597.84824497841,0.0
27.740000000000002,481.538436,489.68926,7116,0.0,0.0,36490.66297344844,0.0
27.75,481.538436,488.466636,7116,0.0,0.0,36399.555481470255,0.0
27.76,481.538436,487.427406,7116,0.0,0.0,36322.11414309601,0.0
27.77,481.538436,486.544061,7116,0.0,0.0,36256.28904273689,0.0
27.78,481.538436,485.793217,7116,0.0,0.0,36200.33765154315,0.0
27.79,481.538436,485.155,7116,0.0,0.0,36152.77899883567,0.0
27.8,481.538436,484.612515,7116,0.0,0.0,36112.354103049394,0.0
27.810000000000002,481.538436,484.151403,7116,0.0,0.0,36077.992960260584,0.0
27.82,481.538436,483.759458,7116,0.0,0.0,36048.78600379369,0.0
27.830000000000002,500.99872,486.345347,7116,0.0,0.0,36241.48127341374,0.0
27.84,479.031776,485.248312,7116,0.0,0.0,36159.73242220333,0.0
27.85,479.031776,484.315831,7116,0.0,0.0,36090.24580552698,0.0
27.86,479.031776,483.523223,7116,0.0,0.0,36031.18224469238,0.0
27.87,479.031776,482.849506,7116,0.0,0.0,35980.97820307938,0.0
27.88,479.031776,482.276846,7116,0.0,0.0,35938.30472672342,0.0
27.89,479.031776,481.790086,7116,0.0,0.0,35902.032346338856,0.0
27.900000000000002,472.519945,480.399565,7116,0.0,0.0,35798.41350616151,0.0
27.91,472.519945,479.217622,7116,0.0,0.0,35710.33748083307,0.0
27.92,485.962241,480.229314,7117,0.0,0.0,35785.72674259661,0.0
27.93,485.962241,481.089253,7117,0.0,0.0,35849.80767471001,0.0
27.94,503.222929,484.409305,7117,0.0,0.0,36097.21130081022,0.0
27.95,503.222929,487.231348,7117,0.0,0.0,36307.504293573795,0.0
27.96,503.222929,489.630085,7117,0.0,0.0,36486.25337095593,0.0
27.97,503.222929,491.669012,7117,0.0,0.0,36638.19012771564,0.0
27.98,503.222929,493.402099,7117,0.0,0.0,36767.33630016929,0.0
27.990000000000002,503.222929,494.875224,7117,0.0,0.0,36877.110624998815,0.0
28.0,473.71763,491.701585,7117,0.0,0.0,36640.61740244296,0.0
28.01,473.71763,489.003991,7117,0.0,0.0,36439.598099930176,0.0
28.02,473.980282,486.750435,7117,0.0,0.0,36271.66761991966,0.0
28.03,473.980282,484.834912,7117,0.0,0.0,36128.92668210353,0.0
28.04,493.569618,486.145118,7118,0.0,0.0,36226.560609324624,0.0
28.05,493.569618,487.258793,7118,0.0,0.0,36309.54944001075,0.0
28.060000000000002,493.569618,488.205417,7118,0.0,0.0,36380.089964723455,0.0
28.07,493.569618,489.010047,7118,0.0,0.0,36440.04938092206,0.0
28.080000000000002,493.569618,489.693983,7118,0.0,0.0,36491.01492194987,0.0
28.09,493.569618,490.275328,7118,0.0,0.0,36534.33558711271,0.0
28.1,497.927169,491.423104,7118,0.0,0.0,36619.86555602609,0.0
28.11,497.927169,492.398714,7118,0.0,0.0,36692.56605940965,0.0
28.12,497.927169,493.227982,7118,0.0,0.0,36754.36145002668,0.0
28.13,472.031783,490.048552,7118,0.0,0.0,36517.43669374825,0.0
28.14,489.157131,489.914839,7119,0.0,0.0,36507.472668770104,0.0
28.150000000000002,489.157131,489.801183,7119,0.0,0.0,36499.00325126458,0.0
28.16,489.157131,489.704575,7119,0.0,0.0,36491.80421657768,0.0
28.17,489.157131,489.622459,7119,0.0,0.0,36485.68509670823,0.0
28.18,489.157131,489.55266,7119,0.0,0.0,36480.48381501198,0.0
28.19,489.157131,489.49333,7119,0.0,0.0,36476.06266222988,0.0
28.2,496.682103,490.571646,7119,0.0,0.0,36556.41661104811,0.0
28.21,496.682103,491.488215,7119,0.0,0.0,36624.7174973508,0.0
28.22,496.682103,492.267298,7119,0.0,0.0,36682.7732022714,0.0
28.23,492.019763,492.230168,7119,0.0,0.0,36680.006349030205,0.0
28.240000000000002,480.072093,490.406456,7119,0.0,0.0,36544.10698306774,0.0
28.25,480.072093,488.856302,7119,0.0,0.0,36428.59261142123,0.0
28.26,480.072093,487.538671,7119,0.0,0.0,36330.40538806989,0.0
28.27,480.072093,486.418684,7119,0.0,0.0,36246.946199784565,0.0
28.28,480.072093,485.466695,7119,0.0,0.0,36176.00588601614,0.0
28.29,480.072093,484.657505,7120,0.0,0.0,36115.70666774968,0.0
28.3,484.413648,484.620926,7120,0.0,0.0,36112.98087392502,0.0
28.310000000000002,484.413648,484.589835,7120,0.0,0.0,36110.66403486976,0.0
28.32,484.413648,484.563407,7120,0.0,0.0,36108.6946732361,0.0
28.330000000000002,504.040458,487.484964,7120,0.0,0.0,36326.40324998683,0.0
28.34,484.599368,487.052125,7120,0.0,0.0,36294.14895453676,0.0
28.35,484.599368,486.684211,7120,0.0,0.0,36266.732740063904,0.0
28.36,484.599368,486.371485,7120,0.0,0.0,36243.42902482818,0.0
28.37,484.599368,486.105667,7120,0.0,0.0,36223.62079981162,0.0
28.38,484.599368,485.879723,7120,0.0,0.0,36206.78390542093,0.0
28.39,484.599368,485.687669,7120,0.0,0.0,36192.47242596005,0.0
28.400000000000002,476.856689,484.363022,7120,0.0,0.0,36093.76238433939,0.0
28.41,476.856689,483.237072,7121,0.0,0.0,36009.85884523593,0.0
28.42,485.98112,483.648679,7121,0.0,0.0,36040.53097456651,0.0
28.43,485.98112,483.998545,7121,0.0,0.0,36066.60228822339,0.0
28.44,502.487415,486.771876,7121,0.0,0.0,36273.265360300604,0.0
28.45,502.487415,489.129207,7121,0.0,0.0,36448.928945484935,0.0
28.46,502.487415,491.132938,7121,0.0,0.0,36598.24296681032,0.0
28.47,502.487415,492.83611,7121,0.0,0.0,36725.159933373594,0.0
28.48,502.487415,494.283805,7121,0.0,0.0,36833.03926553077,0.0
28.490000000000002,502.487415,495.514347,7121,0.0,0.0,36924.73679101188,0.0
28.5,465.983704,491.08475,7121,0.0,0.0,36594.652093554556,0.0
28.51,465.983704,487.319593,7121,0.0,0.0,36314.08013424894,0.0
28.52,465.983704,484.11921,7121,0.0,0.0,36075.59400237226,0.0
28.53,480.029634,483.505773,7122,0.0,0.0,36029.881905638824,0.0
28.54,494.368377,485.135164,7122,0.0,0.0,36151.300859840456,0.0
28.55,494.368377,486.520146,7122,0.0,0.0,36254.50694483054,0.0
28.560000000000002,494.368377,487.697381,7122,0.0,0.0,36342.23213942751,0.0
28.57,494.368377,488.69803,7122,0.0,0.0,36416.798498946446,0.0
28.580000000000002,494.368377,489.548582,7122,0.0,0.0,36480.17993061883,0.0
28.59,494.368377,490.271552,7122,0.0,0.0,36534.05420715476,0.0
28.6,501.744036,491.992424,7122,0.0,0.0,36662.29014227093,0.0
28.61,501.744036,493.455166,7122,0.0,0.0,36771.29074673407,0.0
28.62,501.744036,494.698496,7122,0.0,0.0,36863.94120836514,0.0
28.63,476.008536,491.895002,7122,0.0,0.0,36655.0304499342,0.0
28.64,480.290677,490.154354,7123,0.0,0.0,36525.32084690267,0.0
28.650000000000002,480.290677,488.674802,7123,0.0,0.0,36415.06759490426,0.0
28.66,480.290677,487.417183,7123,0.0,0.0,36321.352345609215,0.0
28.67,480.290677,486.348208,7123,0.0,0.0,36241.69446940412,0.0
28.68,480.290677,485.439578,7123,0.0,0.0,36173.985181482305,0.0
28.69,480.290677,484.667243,7123,0.0,0.0,36116.43232400776,0.0
28.7,516.042195,489.373486,7123,0.0,0.0,36467.132127356825,0.0
28.71,516.042195,493.373792,7123,0.0,0.0,36765.226919218636,0.0
28.72,516.042195,496.774053,7123,0.0,0.0,37018.60755936737,0.0
28.73,483.999726,494.857904,7123,0.0,0.0,36875.8199732849,0.0
28.740000000000002,481.141192,492.800397,7124,0.0,0.0,36722.498672134636,0.0
28.75,481.141192,491.051516,7124,0.0,0.0,36592.175562431,0.0
28.76,481.141192,489.564968,7124,0.0,0.0,36481.40098252323,0.0
28.77,481.141192,488.301401,7124,0.0,0.0,36387.24250018001,0.0
28.78,481.141192,487.22737,7124,0.0,0.0,36307.20786098038,0.0
28.79,481.141192,486.314443,7124,0.0,0.0,36239.178369223984,0.0
28.8,481.141192,485.538456,7124,0.0,0.0,36181.35337202316,0.0
28.810000000000002,481.141192,484.878866,7124,0.0,0.0,36132.202046158556,0.0
28.82,481.141192,484.318215,7124,0.0,0.0,36090.42345643263,0.0
28.830000000000002,509.89173,488.154242,7124,0.0,0.0,36376.27650620966,0.0
28.84,469.274643,485.322302,7124,0.0,0.0,36165.24600882641,0.0
28.85,469.274643,482.915153,7124,0.0,0.0,35985.870086050665,0.0
28.86,469.274643,480.869077,7124,0.0,0.0,35833.400600127985,0.0
28.87,469.274643,479.129912,7124,0.0,0.0,35703.801507286495,0.0
28.88,469.274643,477.651621,7124,0.0,0.0,35593.64222248273,0.0
28.89,469.274643,476.395075,7124,0.0,0.0,35500.00693099884,0.0
28.900000000000002,497.853123,479.613782,7125,0.0,0.0,35739.858530658756,0.0
28.91,497.853123,482.349683,7125,0.0,0.0,35943.73239409558,0.0
28.92,473.957889,481.090914,7125,0.0,0.0,35849.9314491036,0.0
28.93,473.957889,480.02096,7125,0.0,0.0,35770.20061977912,0.0
28.94,496.522025,482.49612,7125,0.0,0.0,35954.64458607187,0.0
28.95,496.522025,484.600006,7125,0.0,0.0,36111.421957420695,0.0
28.96,496.522025,486.388309,7125,0.0,0.0,36244.6827156154,0.0
28.97,496.522025,487.908366,7125,0.0,0.0,36357.95431909602,0.0
28.98,496.522025,489.200415,7125,0.0,0.0,36454.23522303943,0.0
28.990000000000002,496.522025,490.298657,7125,0.0,0.0,36536.07401747262,0.0
29.0,469.167265,487.128948,7125,0.0,0.0,36299.87365064631,0.0
29.01,469.167265,484.434695,7125,0.0,0.0,36099.103312762636,0.0
29.02,485.955462,484.66281,7125,0.0,0.0,36116.10198572555,0.0
29.03,485.955462,484.856708,7126,0.0,0.0,36130.55087637352,0.0
29.04,500.271213,487.168884,7126,0.0,0.0,36302.84960138803,0.0
29.05,500.271213,489.134233,7126,0.0,0.0,36449.30347293956,0.0
29.060000000000002,500.271213,490.80478,7126,0.0,0.0,36573.78928983965,0.0
29.07,500.271213,492.224745,7126,0.0,0.0,36679.602237930645,0.0
29.080000000000002,500.271213,493.431715,7126,0.0,0.0,36769.54322517848,0.0
29.09,500.271213,494.45764,7126,0.0,0.0,36845.99310159814,0.0
29.1,475.079112,491.550861,7126,0.0,0.0,36629.38575181208,0.0
29.11,475.079112,489.080098,7126,0.0,0.0,36445.269441153636,0.0
29.12,479.998224,487.717817,7126,0.0,0.0,36343.75498922113,0.0
29.13,479.998224,486.559878,7126,0.0,0.0,36257.467693900806,0.0
29.14,491.545831,487.307771,7127,0.0,0.0,36313.19918248441,0.0
29.150000000000002,491.545831,487.94348,7127,0.0,0.0,36360.57094405456,0.0
29.16,491.545831,488.483833,7127,0.0,0.0,36400.836967470495,0.0
29.17,491.545831,488.943132,7127,0.0,0.0,36435.06300913014,0.0
29.18,491.545831,489.333537,7127,0.0,0.0,36464.15520788114,0.0
29.19,491.545831,489.665381,7127,0.0,0.0,36488.88355818999,0.0
29.2,497.495805,490.839945,7127,0.0,0.0,36576.40971521606,0.0
29.21,497.495805,491.838324,7127,0.0,0.0,36650.80691888104,0.0
29.22,485.99011,490.961092,7127,0.0,0.0,36585.43734703966,0.0
29.23,485.99011,490.215444,7127,0.0,0.0,36529.87315136009,0.0
29.240000000000002,480.005921,488.684016,7128,0.0,0.0,36415.75420373174,0.0
29.25,480.005921,487.382302,7128,0.0,0.0,36318.75308334405,0.0
29.26,480.005921,486.275844,7128,0.0,0.0,36236.302049044716,0.0
29.27,480.005921,485.335356,7128,0.0,0.0,36166.21876676368,0.0
29.28,480.005921,484.535941,7128,0.0,0.0,36106.6479619212,0.0
29.29,480.005921,483.856438,7128,0.0,0.0,36056.01275917559,0.0
29.3,493.709866,485.334452,7128,0.0,0.0,36166.151402494084,0.0
29.310000000000002,493.709866,486.590764,7128,0.0,0.0,36259.7692567666,0.0
29.32,509.98442,490.099812,7128,0.0,0.0,36521.25648629182,0.0
29.330000000000002,509.98442,493.082504,7128,0.0,0.0,36743.52072080985,0.0
29.34,480.055704,491.128484,7128,0.0,0.0,36597.911063650165,0.0
29.35,480.055704,489.467567,7128,0.0,0.0,36474.142855064434,0.0
29.36,480.055704,488.055787,7128,0.0,0.0,36368.939836781676,0.0
29.37,480.055704,486.855775,7128,0.0,0.0,36279.51734575932,0.0
29.38,480.055704,485.835764,7128,0.0,0.0,36203.508168775916,0.0
29.39,480.055704,484.968755,7128,0.0,0.0,36138.900394421325,0.0
29.400000000000002,479.900217,484.208475,7129,0.0,0.0,36082.2458514047,0.0
29.41,479.900217,483.562236,7129,0.0,0.0,36034.08941532255,0.0
29.42,479.900217,483.012933,7129,0.0,0.0,35993.156455830445,0.0
29.43,504.02925,486.165381,7129,0.0,0.0,36228.0705675047,0.0
29.44,490.965773,486.88544,7129,0.0,0.0,36281.72792215037,0.0
29.45,490.965773,487.49749,7129,0.0,0.0,36327.3366624215,0.0
29.46,490.965773,488.017732,7129,0.0,0.0,36366.10405439295,0.0
29.47,490.965773,488.459938,7129,0.0,0.0,36399.05635992409,0.0
29.48,490.965773,488.835813,7129,0.0,0.0,36427.06581217376,0.0
29.490000000000002,490.965773,489.155307,7129,0.0,0.0,36450.87386521547,0.0
29.5,466.261149,485.721183,7129,0.0,0.0,36194.969822122854,0.0
29.51,466.261149,482.802178,7129,0.0,0.0,35977.45141530133,0.0
29.52,466.261149,480.321024,7130,0.0,0.0,35792.56078813254,0.0
29.53,492.028554,482.077153,7130,0.0,0.0,35923.424004280874,0.0
29.54,494.966677,484.010582,7130,0.0,0.0,36067.499261357356,0.0
29.55,494.966677,485.653996,7130,0.0,0.0,36189.96318143567,0.0
29.560000000000002,494.966677,487.050898,7130,0.0,0.0,36294.05752095403,0.0
29.57,494.966677,488.238265,7130,0.0,0.0,36382.53773190004,0.0
29.580000000000002,494.966677,489.247527,7130,0.0,0.0,36457.74591493005,0.0
29.59,494.966677,490.105399,7130,0.0,0.0,36521.67281834295,0.0
29.6,473.155706,487.562945,7130,0.0,0.0,36332.214237937296,0.0
29.61,473.155706,485.401859,7130,0.0,0.0,36171.17443714069,0.0
29.62,473.155706,483.564936,7130,0.0,0.0,36034.29061391537,0.0
29.63,492.033721,484.835254,7130,0.0,0.0,36128.95216725862,0.0
29.64,487.782977,485.277413,7131,0.0,0.0,36161.90097044389,0.0
29.650000000000002,487.782977,485.653247,7131,0.0,0.0,36189.907367455664,0.0
29.66,487.782977,485.972707,7131,0.0,0.0,36213.71288688547,0.0
29.67,487.782977,486.244247,7131,0.0,0.0,36233.9475038828,0.0
29.68,487.782977,486.475057,7131,0.0,0.0,36251.147002848535,0.0
29.69,487.782977,486.671245,7131,0.0,0.0,36265.766539710414,0.0
29.7,494.470628,487.841152,7131,0.0,0.0,36352.94566642289,0.0
29.71,494.470628,488.835574,7131,0.0,0.0,36427.048002372394,0.0
29.72,479.958244,487.503974,7131,0.0,0.0,36327.81983711624,0.0
29.73,479.958244,486.372115,7131,0.0,0.0,36243.475971166496,0.0
29.740000000000002,491.043205,487.072778,7132,0.0,0.0,36295.6879747358,0.0
29.75,491.043205,487.668342,7132,0.0,0.0,36340.068211302794,0.0
29.76,491.043205,488.174571,7132,0.0,0.0,36377.791382577554,0.0
29.77,491.043205,488.604866,7132,0.0,0.0,36409.85610424238,0.0
29.78,491.043205,488.970617,7132,0.0,0.0,36437.111136287,0.0
29.79,491.043205,489.281505,7132,0.0,0.0,36460.27788744362,0.0
29.8,491.043205,489.54576,7132,0.0,0.0,36479.96964083034,0.0
29.810000000000002,491.043205,489.770377,7132,0.0,0.0,36496.70764983856,0.0
29.82,491.043205,489.961301,7132,0.0,0.0,36510.93492396244,0.0
29.830000000000002,486.512994,489.444055,7132,0.0,0.0,36472.39078791101,0.0
29.84,473.259071,487.016307,7132,0.0,0.0,36291.47986890808,0.0
29.85,473.259071,484.952722,7132,0.0,0.0,36137.70564736999,0.0
29.86,473.259071,483.198674,7132,0.0,0.0,36006.99750317413,0.0
29.87,473.259071,481.707734,7132,0.0,0.0,35895.89564022203,0.0
29.88,473.259071,480.440434,7132,0.0,0.0,35801.458982194745,0.0
29.89,473.259071,479.36323,7133,0.0,0.0,35721.18789738956,0.0
29.900000000000002,500.780637,482.575841,7133,0.0,0.0,35960.58523533769,0.0
29.91,500.780637,485.30656,7133,0.0,0.0,36164.072946512315,0.0
29.92,503.917433,488.098191,7133,0.0,0.0,36372.099697940816,0.0
29.93,503.917433,490.471077,7133,0.0,0.0,36548.92241057376,0.0
29.94,479.490567,488.824001,7133,0.0,0.0,36426.18560558919,0.0
29.95,479.490567,487.423986,7133,0.0,0.0,36321.859291545115,0.0
29.96,479.490567,486.233973,7133,0.0,0.0,36233.18190597815,0.0
29.97,479.490567,485.222462,7133,0.0,0.0,36157.806131972124,0.0
29.98,479.490567,484.362678,7133,0.0,0.0,36093.73675014831,0.0
29.990000000000002,479.490567,483.631861,7133,0.0,0.0,36039.27773088727,0.0
30.0,479.490567,483.010667,7133,0.0,0.0,35992.98759804847,0.0
30.01,493.653129,484.607036,7134,0.0,0.0,36111.94581894199,0.0
30.02,493.653129,485.96395,7134,0.0,0.0,36213.06033278278,0.0
30.03,491.993629,486.868402,7134,0.0,0.0,36280.45828451172,0.0
30.04,490.798724,487.45795,7134,0.0,0.0,36324.39022080672,0.0
30.05,490.798724,487.959067,7134,0.0,0.0,36361.73245607908,0.0
30.060000000000002,490.798724,488.385015,7134,0.0,0.0,36393.47324800949,0.0
30.07,490.798724,488.747072,7134,0.0,0.0,36420.45301057193,0.0
30.080000000000002,490.798724,489.054819,7134,0.0,0.0,36443.385700698906,0.0
30.09,490.798724,489.316405,7134,0.0,0.0,36462.87856555074,0.0
30.1,490.798724,489.538753,7134,0.0,0.0,36479.44749322299,0.0
30.11,535.255,496.39619,7134,0.0,0.0,36990.449965338994,0.0
30.12,535.255,502.225011,7134,0.0,0.0,37424.8020331045,0.0
30.13,535.255,507.17951,7135,0.0,0.0,37794.001376400876,0.0
30.14,712.942491,538.043957,7135,0.0,0.0,40093.95815580596,0.0
30.150000000000002,712.942491,564.278737,7135,0.0,0.0,42048.92142202618,0.0
30.16,712.942491,586.5783,7135,0.0,0.0,43710.640198313384,0.0
30.17,712.942491,605.532929,7135,0.0,0.0,45123.10119169058,0.0
30.18,712.942491,621.644363,7135,0.0,0.0,46323.69298762452,0.0
30.19,712.942491,635.339082,7135,0.0,0.0,47344.196021620155,0.0
30.2,712.942491,646.979594,7135,0.0,0.0,48211.623663856764,0.0
30.21,731.487101,659.65572,7136,0.0,0.0,49156.223187389216,0.0
30.22,731.487101,670.430427,7136,0.0,0.0,49959.13277494002,0.0
30.23,743.967637,681.461009,7136,0.0,0.0,50781.10965505985,0.0
30.240000000000002,749.251459,691.629576,7137,0.0,0.0,51538.8509037038,0.0
30.25,749.251459,700.272858,7137,0.0,0.0,52182.93096877705,0.0
30.26,749.251459,707.619649,7137,0.0,0.0,52730.399120962706,0.0
30.27,749.251459,713.86442,7137,0.0,0.0,53195.74694972122,0.0
30.28,749.251459,719.172476,7137,0.0,0.0,53591.292652602664,0.0
30.29,749.251459,723.684323,7137,0.0,0.0,53927.50645534108,0.0
30.3,749.251459,727.519394,7137,0.0,0.0,54213.288265912655,0.0
30.310000000000002,751.680188,731.143513,7137,0.0,0.0,54483.35035590961,0.0
30.32,751.680188,734.224014,7137,0.0,0.0,54712.90312122935,0.0
30.330000000000002,751.680188,736.84244,7137,0.0,0.0,54908.022982928815,0.0
30.34,748.739641,738.62702,7138,0.0,0.0,55041.006310619436,0.0
30.35,748.739641,740.143913,7138,0.0,0.0,55154.04213915646,0.0
30.36,748.739641,741.433273,7138,0.0,0.0,55250.122664205024,0.0
30.37,748.739641,742.529228,7138,0.0,0.0,55331.79103597831,0.0
30.38,748.739641,743.46079,7138,0.0,0.0,55401.2091706151,0.0
30.39,748.739641,744.252618,7138,0.0,0.0,55460.21460741177,0.0
30.400000000000002,748.739641,744.925671,7138,0.0,0.0,55510.36916907455,0.0
30.41,749.192537,745.565701,7138,0.0,0.0,55558.06292291122,0.0
30.42,749.192537,746.109726,7138,0.0,0.0,55598.60257641338,0.0
30.43,731.969513,743.988694,7138,0.0,0.0,55440.547519482185,0.0
30.44,753.964434,745.485055,7139,0.0,0.0,55552.053344497835,0.0
30.45,753.964434,746.756962,7139,0.0,0.0,55646.83330693887,0.0
30.46,753.964434,747.838083,7139,0.0,0.0,55727.39627873963,0.0
30.47,753.964434,748.757036,7139,0.0,0.0,55795.87481594797,0.0
30.48,753.964434,749.538145,7139,0.0,0.0,55854.08149433117,0.0
30.490000000000002,753.964434,750.202089,7139,0.0,0.0,55903.5572715562,0.0
30.5,753.964434,750.76644,7139,0.0,0.0,55945.61157787226,0.0
30.51,734.999462,748.401394,7139,0.0,0.0,55769.373086338455,0.0
30.52,734.999462,746.391104,7139,0.0,0.0,55619.570301468535,0.0
30.53,734.999462,744.682358,7140,0.0,0.0,55492.2379715881,0.0
30.54,748.860416,745.309066,7140,0.0,0.0,55538.938996664205,0.0
30.55,748.860416,745.841769,7140,0.0,0.0,55578.6349574005,0.0
30.560000000000002,748.860416,746.294566,7140,0.0,0.0,55612.37648304146,0.0
30.57,748.860416,746.679443,7140,0.0,0.0,55641.05674630316,0.0
30.580000000000002,748.860416,747.006589,7140,0.0,0.0,55665.435011060516,0.0
30.59,748.860416,747.284663,7140,0.0,0.0,55686.156528652464,0.0
30.6,748.860416,747.521026,7140,0.0,0.0,55703.769826057425,0.0
30.61,743.231976,746.877669,7141,0.0,0.0,55655.82815084361,0.0
30.62,743.231976,746.330815,7141,0.0,0.0,55615.077685927,0.0
30.63,785.655176,752.229469,7141,0.0,0.0,56054.63356900064,0.0
30.64,733.877574,749.476685,7142,0.0,0.0,55849.50161821474,0.0
30.650000000000002,733.877574,747.136818,7142,0.0,0.0,55675.139415335936,0.0
30.66,733.877574,745.147932,7142,0.0,0.0,55526.931613681045,0.0
30.67,733.877574,743.457378,7142,0.0,0.0,55400.95491520818,0.0
30.68,733.877574,742.020408,7142,0.0,0.0,55293.874788572466,0.0
30.69,733.877574,740.798983,7142,0.0,0.0,55202.85664367309,0.0
30.7,733.877574,739.760771,7142,0.0,0.0,55125.491164620136,0.0
30.71,785.437363,746.61226,7142,0.0,0.0,55636.050403687965,0.0
30.72,785.437363,752.436026,7142,0.0,0.0,56070.02578297691,0.0
30.73,737.97609,750.267035,7142,0.0,0.0,55908.396917411344,0.0
30.740000000000002,745.284535,749.51966,7143,0.0,0.0,55852.70402915037,0.0
30.75,745.284535,748.884391,7143,0.0,0.0,55805.365055499045,0.0
30.76,745.284535,748.344413,7143,0.0,0.0,55765.12697633211,0.0
30.77,745.284535,747.885431,7143,0.0,0.0,55730.92455687762,0.0
30.78,745.284535,747.495297,7143,0.0,0.0,55701.8525525039,0.0
30.79,745.284535,747.163682,7143,0.0,0.0,55677.141266816434,0.0
30.8,745.284535,746.88181,7143,0.0,0.0,55656.136729870595,0.0
30.810000000000002,745.284535,746.642219,7143,0.0,0.0,55638.28288837023,0.0
30.82,745.284535,746.438566,7143,0.0,0.0,55623.10707465822,0.0
30.830000000000002,745.284535,746.265461,7143,0.0,0.0,55610.20763672891,0.0
30.84,756.986762,747.873656,7144,0.0,0.0,55730.04710745896,0.0
30.85,756.986762,749.240622,7144,0.0,0.0,55831.91067620899,0.0
30.86,756.986762,750.402543,7144,0.0,0.0,55918.49470219472,0.0
30.87,756.986762,751.390176,7144,0.0,0.0,55992.09113546029,0.0
30.88,756.986762,752.229664,7144,0.0,0.0,56054.64810001012,0.0
30.89,756.986762,752.943228,7144,0.0,0.0,56107.821460263076,0.0
30.900000000000002,756.986762,753.549758,7144,0.0,0.0,56153.018861188895,0.0
30.91,720.794069,748.636405,7144,0.0,0.0,55786.88563541101,0.0
30.92,720.794069,744.460055,7144,0.0,0.0,55475.672397225724,0.0
30.93,720.794069,740.910157,7145,0.0,0.0,55211.141107509226,0.0
30.94,757.828515,743.44791,7145,0.0,0.0,55400.249378809385,0.0
30.95,757.828515,745.605001,7145,0.0,0.0,55560.99148020663,0.0
30.96,757.828515,747.438528,7145,0.0,0.0,55697.62224031298,0.0
30.970000000000002,757.828515,748.997026,7145,0.0,0.0,55813.758390129275,0.0
30.98,757.828515,750.321749,7145,0.0,0.0,55912.47409511773,0.0
30.990000000000002,757.828515,751.447764,7145,0.0,0.0,55996.38247789103,0.0
31.0,728.763573,748.045136,7145,0.0,0.0,55742.82545364258,0.0
31.01,728.763573,745.152901,7146,0.0,0.0,55527.30189360982,0.0
31.02,728.763573,742.694502,7146,0.0,0.0,55344.10692347047,0.0
31.03,752.048281,744.097569,7146,0.0,0.0,55448.66066644242,0.0
31.04,754.473427,745.653948,7146,0.0,0.0,55564.63891262236,0.0
31.05,754.473427,746.97687,7146,0.0,0.0,55663.220410697606,0.0
31.060000000000002,754.473427,748.101353,7146,0.0,0.0,55747.01463189898,0.0
31.07,754.473427,749.057164,7146,0.0,0.0,55818.23975345323,0.0
31.080000000000002,754.473427,749.869604,7146,0.0,0.0,55878.78115521105,0.0
31.09,754.473427,750.560177,7147,0.0,0.0,55930.241272187195,0.0
31.1,739.647475,748.923272,7147,0.0,0.0,55808.26238975356,0.0
31.11,739.647475,747.531902,7147,0.0,0.0,55704.58028379647,0.0
31.12,739.647475,746.349238,7147,0.0,0.0,55616.45053099196,0.0
31.13,756.06908,747.807215,7147,0.0,0.0,55725.096057197785,0.0
31.14,750.013579,748.138169,7148,0.0,0.0,55749.75808648899,0.0
31.150000000000002,750.013579,748.419481,7148,0.0,0.0,55770.72089335633,0.0
31.16,750.013579,748.658595,7148,0.0,0.0,55788.53918977197,0.0
31.17,750.013579,748.861843,7148,0.0,0.0,55803.68482369505,0.0
31.18,750.013579,749.034603,7148,0.0,0.0,55816.55855291527,0.0
31.19,750.013579,749.18145,7148,0.0,0.0,55827.501297270464,0.0
31.2,757.736586,750.46472,7148,0.0,0.0,55923.12800771525,0.0
31.21,757.736586,751.5555,7148,0.0,0.0,56004.41074885231,0.0
31.220000000000002,743.939406,750.413086,7148,0.0,0.0,55919.28034544066,0.0
31.23,743.939406,749.442034,7148,0.0,0.0,55846.919495088965,0.0
31.240000000000002,750.814297,749.647873,7149,0.0,0.0,55862.25820514316,0.0
31.25,750.814297,749.822837,7149,0.0,0.0,55875.29617202952,0.0
31.26,750.814297,749.971556,7149,0.0,0.0,55886.37841407571,0.0
31.27,750.814297,750.097967,7149,0.0,0.0,55895.7983086373,0.0
31.28,750.814297,750.205416,7149,0.0,0.0,55903.80519293334,0.0
31.29,750.814297,750.296748,7149,0.0,0.0,55910.61107066627,0.0
31.3,748.29184,749.996012,7149,0.0,0.0,55888.20082621863,0.0
31.310000000000002,748.29184,749.740386,7149,0.0,0.0,55869.15208863094,0.0
31.32,748.29184,749.523104,7149,0.0,0.0,55852.96066913321,0.0
31.330000000000002,740.0708,748.105259,7150,0.0,0.0,55747.305699196586,0.0
31.34,757.616715,749.531977,7150,0.0,0.0,55853.62186732358,0.0
31.35,757.616715,750.744688,7150,0.0,0.0,55943.99066239415,0.0
31.36,757.616715,751.775492,7150,0.0,0.0,56020.80411212283,0.0
31.37,757.616715,752.651675,7150,0.0,0.0,56086.095514585,0.0
31.38,757.616715,753.396431,7150,0.0,0.0,56141.59324021096,0.0
31.39,757.616715,754.029474,7150,0.0,0.0,56188.76633680022,0.0
31.400000000000002,734.904853,751.160781,7150,0.0,0.0,55974.997079460794,0.0
31.41,734.904853,748.722392,7151,0.0,0.0,55793.29321444818,0.0
31.42,749.988188,748.912261,7151,0.0,0.0,55807.44187208486,0.0
31.43,749.988188,749.07365,7151,0.0,0.0,55819.46825715736,0.0
31.44,739.315192,747.609881,7151,0.0,0.0,55710.39112271095,0.0
31.45,739.315192,746.365678,7151,0.0,0.0,55617.6756068682,0.0
31.46,739.315192,745.308105,7151,0.0,0.0,55538.86738486877,0.0
31.470000000000002,739.315192,744.409168,7151,0.0,0.0,55471.880399895155,0.0
31.48,739.315192,743.645072,7151,0.0,0.0,55414.94149620068,0.0
31.490000000000002,739.315192,742.99559,7152,0.0,0.0,55366.54339825317,0.0
31.5,767.24725,746.633339,7152,0.0,0.0,55637.62116855386,0.0
31.51,767.24725,749.725426,7152,0.0,0.0,55868.03729939075,0.0
31.52,767.24725,752.353699,7152,0.0,0.0,56063.89093981003,0.0
31.53,756.044355,752.907298,7152,0.0,0.0,56105.144028618706,0.0
31.54,729.928643,749.460499,7153,0.0,0.0,55848.295469909826,0.0
31.55,729.928643,746.530721,7153,0.0,0.0,55629.97428070296,0.0
31.560000000000002,729.928643,744.040409,7153,0.0,0.0,55444.401217714534,0.0
31.57,729.928643,741.923644,7153,0.0,0.0,55286.66412907797,0.0
31.580000000000002,729.928643,740.124394,7153,0.0,0.0,55152.58762236641,0.0
31.59,729.928643,738.595031,7153,0.0,0.0,55038.62255440256,0.0
31.6,776.546972,744.287823,7153,0.0,0.0,55462.838013508095,0.0
31.61,776.546972,749.126695,7153,0.0,0.0,55823.42106432619,0.0
31.62,776.546972,753.239737,7153,0.0,0.0,56129.916717135966,0.0
31.63,744.01746,751.856395,7153,0.0,0.0,56026.83284166152,0.0
31.64,756.243616,752.514478,7154,0.0,0.0,56075.87186890413,0.0
31.650000000000002,756.243616,753.073849,7154,0.0,0.0,56117.55507559346,0.0
31.66,756.243616,753.549314,7154,0.0,0.0,56152.98577519808,0.0
31.67,756.243616,753.953459,7154,0.0,0.0,56183.1018512325,0.0
31.68,756.243616,754.296983,7154,0.0,0.0,56208.70057175027,0.0
31.69,756.243616,754.588978,7154,0.0,0.0,56230.45945438318,0.0
31.7,741.811823,752.672405,7154,0.0,0.0,56087.64027266984,0.0
31.71,741.811823,751.043317,7154,0.0,0.0,55966.2438974214,0.0
31.720000000000002,741.811823,749.658593,7154,0.0,0.0,55863.057038074614,0.0
31.73,740.023286,748.213297,7155,0.0,0.0,55755.356474593056,0.0
31.740000000000002,750.527271,748.560393,7155,0.0,0.0,55781.221373397304,0.0
31.75,750.527271,748.855425,7155,0.0,0.0,55803.20656718813,0.0
31.76,750.527271,749.106202,7155,0.0,0.0,55821.89396700673,0.0
31.77,750.527271,749.319362,7155,0.0,0.0,55837.77822331943,0.0
31.78,750.527271,749.500548,7155,0.0,0.0,55851.279841185235,0.0
31.79,750.527271,749.654557,7155,0.0,0.0,55862.75628343736,0.0
31.8,750.527271,749.785464,7155,0.0,0.0,55872.51121091498,0.0
31.810000000000002,750.527271,749.896735,7156,0.0,0.0,55880.802902996846,0.0
31.82,750.527271,749.991315,7156,0.0,0.0,55887.850815185135,0.0
31.830000000000002,756.98711,751.040684,7156,0.0,0.0,55966.04769153441,0.0
31.84,735.17091,748.660218,7156,0.0,0.0,55788.660132481644,0.0
31.85,735.17091,746.636822,7156,0.0,0.0,55637.880714738596,0.0
31.86,735.17091,744.916935,7156,0.0,0.0,55509.7181798498,0.0
31.87,735.17091,743.455032,7156,0.0,0.0,55400.78009598643,0.0
31.88,735.17091,742.212413,7156,0.0,0.0,55308.18261665147,0.0
31.89,735.17091,741.156188,7157,0.0,0.0,55229.47484491245,0.0
31.900000000000002,767.74774,745.144921,7157,0.0,0.0,55526.707239991054,0.0
31.91,767.74774,748.535344,7157,0.0,0.0,55779.35477208198,0.0
31.92,767.74774,751.417203,7157,0.0,0.0,55994.10513337436,0.0
31.93,732.079992,748.516621,7157,0.0,0.0,55777.9595716178,0.0
31.94,750.198679,748.76893,7158,0.0,0.0,55796.76113300832,0.0
31.95,750.198679,748.983392,7158,0.0,0.0,55812.74241175356,0.0
31.96,750.198679,749.165685,7158,0.0,0.0,55826.32652104243,0.0
31.970000000000002,750.198679,749.320634,7158,0.0,0.0,55837.87301021205,0.0
31.98,750.198679,749.452341,7158,0.0,0.0,55847.68755208753,0.0
31.990000000000002,750.198679,749.564292,7158,0.0,0.0,55856.02991640759,0.0
32.0,747.371383,749.235355,7158,0.0,0.0,55831.518189917006,0.0
32.01,747.371383,748.95576,7158,0.0,0.0,55810.68333045111,0.0
32.02,743.989659,748.210844,7158,0.0,0.0,55755.173681945584,0.0
32.03,743.989659,747.577667,7158,0.0,0.0,55707.990599944686,0.0
32.04,754.868033,748.671222,7159,0.0,0.0,55789.48012852436,0.0
32.05,754.868033,749.600743,7159,0.0,0.0,55858.74617192858,0.0
32.06,754.868033,750.390837,7159,0.0,0.0,55917.62239451787,0.0
32.07,754.868033,751.062416,7159,0.0,0.0,55967.66711665257,0.0
32.08,754.868033,751.633259,7159,0.0,0.0,56010.205193807364,0.0
32.09,754.868033,752.118475,7159,0.0,0.0,56046.36251840403,0.0
32.1,739.980628,750.297798,7159,0.0,0.0,55910.68931456347,0.0
32.11,739.980628,748.750223,7159,0.0,0.0,55795.36712483211,0.0
32.12,739.980628,747.434783,7159,0.0,0.0,55697.34317041295,0.0
32.13,744.087728,746.932725,7160,0.0,0.0,55659.930813705105,0.0
32.14,755.728514,748.252093,7160,0.0,0.0,55758.2474748178,0.0
32.15,755.728514,749.373556,7160,0.0,0.0,55841.81665166721,0.0
32.160000000000004,755.728514,750.3268,7160,0.0,0.0,55912.8504855223,0.0
32.17,755.728514,751.137057,7160,0.0,0.0,55973.22921449193,0.0
32.18,755.728514,751.825776,7160,0.0,0.0,56024.55117510101,0.0
32.19,755.728514,752.411186,7160,0.0,0.0,56068.174755923035,0.0
32.2,731.76273,749.313918,7160,0.0,0.0,55837.372547341925,0.0
32.21,731.76273,746.68124,7161,0.0,0.0,55641.19065514438,0.0
32.22,749.972251,747.174891,7161,0.0,0.0,55677.976539048606,0.0
32.230000000000004,749.972251,747.594495,7161,0.0,0.0,55709.24458880391,0.0
32.24,754.566368,748.640276,7161,0.0,0.0,55787.17409457872,0.0
32.25,754.566368,749.52919,7161,0.0,0.0,55853.41418566501,0.0
32.26,754.566368,750.284767,7161,0.0,0.0,55909.71827054016,0.0
32.27,754.566368,750.927007,7161,0.0,0.0,55957.57670915095,0.0
32.28,754.566368,751.472911,7161,0.0,0.0,55998.2563819701,0.0
32.29,754.566368,751.93693,7162,0.0,0.0,56032.83414857719,0.0
32.3,740.576761,750.232904,7162,0.0,0.0,55905.85354364418,0.0
32.31,740.576761,748.784483,7162,0.0,0.0,55797.920111420935,0.0
32.32,740.576761,747.553325,7162,0.0,0.0,55706.17668285347,0.0
32.33,756.098016,748.835028,7162,0.0,0.0,55801.68662359641,0.0
32.34,746.769061,748.525133,7163,0.0,0.0,55778.59386881115,0.0
32.35,746.769061,748.261722,7163,0.0,0.0,55758.96500861417,0.0
32.36,746.769061,748.037823,7163,0.0,0.0,55742.28050352805,0.0
32.37,746.769061,747.847509,7163,0.0,0.0,55728.09868538254,0.0
32.38,746.769061,747.685742,7163,0.0,0.0,55716.04413250706,0.0
32.39,746.769061,747.54824,7163,0.0,0.0,55705.797758837,0.0
32.4,753.082098,748.378318,7163,0.0,0.0,55767.65350903188,0.0
32.410000000000004,753.082098,749.083885,7163,0.0,0.0,55820.230948860124,0.0
32.42,753.082098,749.683617,7163,0.0,0.0,55864.92177644003,0.0
32.43,744.049157,748.838448,7163,0.0,0.0,55801.94147514731,0.0
32.44,757.546976,750.144727,7164,0.0,0.0,55899.282770192855,0.0
32.45,757.546976,751.255065,7164,0.0,0.0,55982.02293432185,0.0
32.46,757.546976,752.198851,7164,0.0,0.0,56052.351976958125,0.0
32.47,757.546976,753.00107,7164,0.0,0.0,56112.131730265144,0.0
32.480000000000004,757.546976,753.682956,7164,0.0,0.0,56162.9445093984,0.0
32.49,757.546976,754.262559,7164,0.0,0.0,56206.13536420989,0.0
32.5,744.20111,752.753341,7164,0.0,0.0,56093.67146130244,0.0
32.51,744.20111,751.470507,7164,0.0,0.0,55998.0772407045,0.0
32.52,744.20111,750.380097,7164,0.0,0.0,55916.82207122645,0.0
32.53,740.076302,748.834528,7165,0.0,0.0,55801.649364597746,0.0
32.54,760.106901,750.525384,7165,0.0,0.0,55927.6485675058,0.0
32.55,760.106901,751.962611,7165,0.0,0.0,56034.74784526684,0.0
32.56,760.106901,753.184255,7165,0.0,0.0,56125.782309607624,0.0
32.57,760.106901,754.222652,7165,0.0,0.0,56203.16157449009,0.0
32.58,760.106901,755.105289,7165,0.0,0.0,56268.9339161071,0.0
32.59,760.106901,755.855531,7165,0.0,0.0,56324.84044746644,0.0
32.6,735.420125,752.79022,7165,0.0,0.0,56096.41961052629,0.0
32.61,735.420125,750.184706,7166,0.0,0.0,55902.26192520846,0.0
32.62,735.420125,747.970018,7166,0.0,0.0,55737.2278107185,0.0
32.63,748.037377,747.980122,7166,0.0,0.0,55737.98074056362,0.0
32.64,739.225564,746.666938,7166,0.0,0.0,55640.12489874645,0.0
32.65,739.225564,745.550732,7166,0.0,0.0,55556.947463009055,0.0
32.660000000000004,739.225564,744.601957,7166,0.0,0.0,55486.246650084075,0.0
32.67,739.225564,743.795498,7166,0.0,0.0,55426.15094046833,0.0
32.68,739.225564,743.110008,7166,0.0,0.0,55375.06959847266,0.0
32.69,739.225564,742.527341,7167,0.0,0.0,55331.65042051733,0.0
32.7,761.0016,745.29848,7167,0.0,0.0,55538.15014914438,0.0
32.71,761.0016,747.653948,7167,0.0,0.0,55713.674907299675,0.0
32.72,761.98095,749.802998,7167,0.0,0.0,55873.81780948031,0.0
32.730000000000004,761.98095,751.629691,7167,0.0,0.0,56009.939313592855,0.0
32.74,745.814535,750.757418,7168,0.0,0.0,55944.93927650028,0.0
32.75,745.814535,750.015986,7168,0.0,0.0,55889.68924869748,0.0
32.76,745.814535,749.385768,7168,0.0,0.0,55842.7266654507,0.0
32.77,745.814535,748.850083,7168,0.0,0.0,55802.80849204635,0.0
32.78,745.814535,748.394751,7168,0.0,0.0,55768.87806328214,0.0
32.79,745.814535,748.007719,7168,0.0,0.0,55740.037213736156,0.0
32.8,745.814535,747.678741,7168,0.0,0.0,55715.52243200768,0.0
32.81,745.814535,747.39911,7168,0.0,0.0,55694.68488989388,0.0
32.82,745.814535,747.161424,7168,0.0,0.0,55676.97300517846,0.0
32.83,755.231756,748.371974,7168,0.0,0.0,55767.180766856756,0.0
32.84,737.396213,746.72561,7169,0.0,0.0,55644.49701868629,0.0
32.85,737.396213,745.3262,7169,0.0,0.0,55540.215788030604,0.0
32.86,737.396213,744.136702,7169,0.0,0.0,55451.57677923227,0.0
32.87,737.396213,743.125629,7169,0.0,0.0,55376.233644109096,0.0
32.88,737.396213,742.266216,7169,0.0,0.0,55312.19190846228,0.0
32.89,737.396213,741.535716,7169,0.0,0.0,55257.75651140639,0.0
32.9,750.526599,742.884348,7169,0.0,0.0,55358.25386719323,0.0
32.910000000000004,750.526599,744.030686,7169,0.0,0.0,55443.67667922642,0.0
32.92,750.526599,745.005073,7169,0.0,0.0,55516.286047099245,0.0
32.93,740.034264,744.259451,7170,0.0,0.0,55460.7237888876,0.0
32.94,761.027289,746.774627,7170,0.0,0.0,55648.149667361846,0.0
32.95,761.027289,748.912526,7170,0.0,0.0,55807.46161935416,0.0
32.96,761.027289,750.729741,7170,0.0,0.0,55942.876841887926,0.0
32.97,761.027289,752.274373,7170,0.0,0.0,56057.97972515313,0.0
32.980000000000004,761.027289,753.58731,7170,0.0,0.0,56155.81716102495,0.0
32.99,761.027289,754.703307,7170,0.0,0.0,56238.979022500906,0.0
33.0,729.432649,750.912708,7170,0.0,0.0,55956.51117630699,0.0
33.01,729.432649,747.690699,7170,0.0,0.0,55716.413518219866,0.0
33.02,749.943042,748.028551,7171,0.0,0.0,55741.58957265672,0.0
33.03,749.943042,748.315724,7171,0.0,0.0,55762.98912950646,0.0
33.04,754.78948,749.286788,7171,0.0,0.0,55835.35087407413,0.0
33.05,754.78948,750.112192,7171,0.0,0.0,55896.85832714945,0.0
33.06,754.78948,750.813785,7171,0.0,0.0,55949.13963245627,0.0
33.07,754.78948,751.410139,7171,0.0,0.0,55993.57873824115,0.0
33.08,754.78948,751.91704,7171,0.0,0.0,56031.35198561012,0.0
33.09,754.78948,752.347906,7171,0.0,0.0,56063.459257051436,0.0
33.1,735.58499,749.833469,7172,0.0,0.0,55876.08844737722,0.0
33.11,735.58499,747.696197,7172,0.0,0.0,55716.82321816924,0.0
33.12,735.58499,745.879516,7172,0.0,0.0,55581.44778824605,0.0
33.13,764.072612,748.60848,7172,0.0,0.0,55784.804720335334,0.0
33.14,747.073077,748.37817,7173,0.0,0.0,55767.64248036827,0.0
33.15,747.073077,748.182406,7173,0.0,0.0,55753.054539137265,0.0
33.160000000000004,747.073077,748.016007,7173,0.0,0.0,55740.65481889811,0.0
33.17,747.073077,747.874567,7173,0.0,0.0,55730.11499335453,0.0
33.18,747.073077,747.754344,7173,0.0,0.0,55721.15621616049,0.0
33.19,747.073077,747.652154,7173,0.0,0.0,55713.54122201245,0.0
33.2,747.986821,747.702354,7173,0.0,0.0,55717.28202547885,0.0
33.21,747.986821,747.745024,7173,0.0,0.0,55720.46170842528,0.0
33.22,749.991638,748.082016,7173,0.0,0.0,55745.57367738444,0.0
33.230000000000004,749.991638,748.368459,7173,0.0,0.0,55766.91883609611,0.0
33.24,748.943246,748.454677,7174,0.0,0.0,55773.34362879065,0.0
33.25,748.943246,748.527962,7174,0.0,0.0,55778.80468022562,0.0
33.26,748.943246,748.590255,7174,0.0,0.0,55783.44662983384,0.0
33.27,748.943246,748.643204,7174,0.0,0.0,55787.39228327492,0.0
33.28,748.943246,748.68821,7174,0.0,0.0,55790.74604026315,0.0
33.29,748.943246,748.726465,7174,0.0,0.0,55793.59672625133,0.0
33.3,747.551454,748.550214,7174,0.0,0.0,55780.4628547024,0.0
33.31,747.551454,748.4004,7174,0.0,0.0,55769.29901544911,0.0
33.32,743.955883,747.733722,7174,0.0,0.0,55719.619506019364,0.0
33.33,743.955883,747.167046,7174,0.0,0.0,55677.39194535949,0.0
33.34,757.393933,748.701079,7175,0.0,0.0,55791.705012370905,0.0
33.35,757.393933,750.005007,7175,0.0,0.0,55888.8711156047,0.0
33.36,757.393933,751.113346,7175,0.0,0.0,55971.46231825703,0.0
33.37,757.393933,752.055434,7175,0.0,0.0,56041.6648293338,0.0
33.38,757.393933,752.856209,7175,0.0,0.0,56101.33697865268,0.0
33.39,757.393933,753.536868,7175,0.0,0.0,56152.05832420319,0.0
33.4,734.855883,750.73472,7175,0.0,0.0,55943.24786699669,0.0
33.410000000000004,734.855883,748.352894,7175,0.0,0.0,55765.75896346754,0.0
33.42,734.855883,746.328343,7176,0.0,0.0,55614.89347743756,0.0
33.43,752.009751,747.180554,7176,0.0,0.0,55678.39853446754,0.0
33.44,752.832876,748.028402,7176,0.0,0.0,55741.57846947512,0.0
33.45,752.832876,748.749073,7176,0.0,0.0,55795.281429135175,0.0
33.46,752.832876,749.361644,7176,0.0,0.0,55840.928993282905,0.0
33.47,752.832876,749.882329,7176,0.0,0.0,55879.72939672719,0.0
33.480000000000004,752.832876,750.324911,7176,0.0,0.0,55912.70972102533,0.0
33.49,752.832876,750.701105,7176,0.0,0.0,55940.74294451614,0.0
33.5,738.316852,748.843467,7177,0.0,0.0,55802.31548097596,0.0
33.51,738.316852,747.264475,7177,0.0,0.0,55684.65215932219,0.0
33.52,738.316852,745.922332,7177,0.0,0.0,55584.638350820096,0.0
33.53,760.055839,748.042358,7177,0.0,0.0,55742.61844264598,0.0
33.54,744.149857,747.458483,7178,0.0,0.0,55699.10924694988,0.0
33.55,744.149857,746.962189,7178,0.0,0.0,55662.12641197869,0.0
33.56,744.149857,746.540339,7178,0.0,0.0,55630.69099480138,0.0
33.57,744.149857,746.181767,7178,0.0,0.0,55603.97092745965,0.0
33.58,744.149857,745.87698,7178,0.0,0.0,55581.2588106048,0.0
33.59,744.149857,745.617912,7178,0.0,0.0,55561.95358207027,0.0
33.6,752.917239,746.712811,7178,0.0,0.0,55643.54326283836,0.0
33.61,752.917239,747.643475,7178,0.0,0.0,55712.894480313546,0.0
33.62,752.917239,748.43454,7178,0.0,0.0,55771.84305987824,0.0
33.63,744.013764,747.771423,7178,0.0,0.0,55722.42890903704,0.0
33.64,751.748036,748.367915,7179,0.0,0.0,55766.87829830557,0.0
33.65,751.748036,748.874933,7179,0.0,0.0,55804.66026428022,0.0
33.660000000000004,751.748036,749.305899,7179,0.0,0.0,55836.77498752126,0.0
33.67,751.748036,749.672219,7179,0.0,0.0,55864.07242030637,0.0
33.68,751.748036,749.983592,7179,0.0,0.0,55887.275312691694,0.0
33.69,751.748036,750.248259,7179,0.0,0.0,55906.99776749331,0.0
33.7,749.290817,750.104642,7179,0.0,0.0,55896.29571626953,0.0
33.71,749.290817,749.982569,7179,0.0,0.0,55887.19908078041,0.0
33.72,749.290817,749.878806,7179,0.0,0.0,55879.466869822565,0.0
33.730000000000004,740.055726,748.405344,7179,0.0,0.0,55769.66743242795,0.0
33.74,743.512619,747.671435,7180,0.0,0.0,55714.97800351913,0.0
33.75,743.512619,747.047613,7180,0.0,0.0,55668.49203738334,0.0
33.76,743.512619,746.517364,7180,0.0,0.0,55628.97894381252,0.0
33.77,743.512619,746.066652,7180,0.0,0.0,55595.39278819601,0.0
33.78,743.512619,745.683547,7180,0.0,0.0,55566.84457082558,0.0
33.79,743.512619,745.357908,7180,0.0,0.0,55542.57860469022,0.0
33.8,743.512619,745.081114,7180,0.0,0.0,55521.95247013487,0.0
33.81,743.512619,744.84584,7180,0.0,0.0,55504.42032282901,0.0
33.82,743.512619,744.645857,7181,0.0,0.0,55489.51799016723,0.0
33.83,769.685815,748.401851,7181,0.0,0.0,55769.407141063246,0.0
33.84,734.761986,746.355871,7181,0.0,0.0,55616.944808868306,0.0
33.85,734.761986,744.616788,7181,0.0,0.0,55487.35182650261,0.0
33.86,734.761986,743.138568,7181,0.0,0.0,55377.19783247665,0.0
33.87,734.761986,741.88208,7181,0.0,0.0,55283.5668630366,0.0
33.88,734.761986,740.814066,7181,0.0,0.0,55203.98059862695,0.0
33.89,734.761986,739.906254,7181,0.0,0.0,55136.33226642695,0.0
33.9,745.754636,740.783511,7182,0.0,0.0,55201.70370121827,0.0
33.910000000000004,745.754636,741.52918,7182,0.0,0.0,55257.26946177579,0.0
33.92,745.754636,742.162999,7182,0.0,0.0,55304.50038433098,0.0
33.93,760.05442,744.846712,7182,0.0,0.0,55504.485302522706,0.0
33.94,746.3085,745.06598,7183,0.0,0.0,55520.82471476314,0.0
33.95,746.3085,745.252358,7183,0.0,0.0,55534.71323007114,0.0
33.96,746.3085,745.410779,7183,0.0,0.0,55546.518445727525,0.0
33.97,746.3085,745.545437,7183,0.0,0.0,55556.55289021314,0.0
33.980000000000004,746.3085,745.659897,7183,0.0,0.0,55565.08222018853,0.0
33.99,746.3085,745.757187,7183,0.0,0.0,55572.33207614961,0.0
34.0,753.823714,746.967166,7183,0.0,0.0,55662.49728805144,0.0
34.01,753.823714,747.995648,7183,0.0,0.0,55739.13770699029,0.0
34.02,749.961789,748.290569,7183,0.0,0.0,55761.1146292834,0.0
34.03,749.961789,748.541252,7183,0.0,0.0,55779.79502441026,0.0
34.04,750.397742,748.819726,7184,0.0,0.0,55800.54634920113,0.0
34.05,750.397742,749.056428,7184,0.0,0.0,55818.18490820719,0.0
34.06,750.397742,749.257625,7184,0.0,0.0,55833.17770571774,0.0
34.07,750.397742,749.428643,7184,0.0,0.0,55845.9216245866,0.0
34.08,750.397742,749.574007,7184,0.0,0.0,55856.75385875174,0.0
34.09,750.397742,749.697568,7184,0.0,0.0,55865.961377020896,0.0
34.1,749.168976,749.618279,7184,0.0,0.0,55860.05291952992,0.0
34.11,749.168976,749.550883,7184,0.0,0.0,55855.03070458129,0.0
34.12,749.168976,749.493597,7184,0.0,0.0,55850.761866585744,0.0
34.13,740.078128,748.081277,7184,0.0,0.0,55745.51860858441,0.0
34.14,758.941242,749.710272,7185,0.0,0.0,55866.90805365909,0.0
34.15,758.941242,751.094917,7185,0.0,0.0,55970.08902608407,0.0
34.160000000000004,758.941242,752.271866,7185,0.0,0.0,56057.792908533804,0.0
34.17,758.941242,753.272272,7185,0.0,0.0,56132.341160179385,0.0
34.18,758.941242,754.122618,7185,0.0,0.0,56195.70724114431,0.0
34.19,758.941242,754.845412,7185,0.0,0.0,56249.56840251271,0.0
34.2,737.292635,752.212495,7185,0.0,0.0,56053.36870051381,0.0
34.21,737.292635,749.974516,7185,0.0,0.0,55886.59898734784,0.0
34.22,737.292635,748.072234,7186,0.0,0.0,55744.84474233447,0.0
34.230000000000004,748.039247,748.067286,7186,0.0,0.0,55744.47602728364,0.0
34.24,754.760998,749.071343,7186,0.0,0.0,55819.296344137496,0.0
34.25,754.760998,749.924791,7186,0.0,0.0,55882.89357993018,0.0
34.26,754.760998,750.650222,7186,0.0,0.0,55936.95124525756,0.0
34.27,754.760998,751.266839,7186,0.0,0.0,55982.900309222525,0.0
34.28,754.760998,751.790962,7186,0.0,0.0,56021.95690554166,0.0
34.29,754.760998,752.236468,7186,0.0,0.0,56055.15512046401,0.0
34.300000000000004,739.694362,750.355152,7187,0.0,0.0,55914.96321978283,0.0
34.31,739.694362,748.756034,7187,0.0,0.0,55795.80014891465,0.0
34.32,739.694362,747.396783,7187,0.0,0.0,55694.51148651408,0.0
34.33,760.094277,749.301407,7187,0.0,0.0,55836.44025267722,0.0
34.34,745.597872,748.745877,7188,0.0,0.0,55795.04326961568,0.0
34.35,745.597872,748.273676,7188,0.0,0.0,55759.85579675436,0.0
34.36,745.597872,747.872305,7188,0.0,0.0,55729.94643364455,0.0
34.37,745.597872,747.53114,7188,0.0,0.0,55704.52350108251,0.0
34.38,745.597872,747.24115,7188,0.0,0.0,55682.91402703427,0.0
34.39,745.597872,746.994658,7188,0.0,0.0,55664.54593683427,0.0
34.4,750.454534,747.51364,7188,0.0,0.0,55703.21943612908,0.0
34.410000000000004,750.454534,747.954774,7188,0.0,0.0,55736.09185836707,0.0
34.42,750.454534,748.329738,7188,0.0,0.0,55764.033424721165,0.0
34.43,748.030919,748.284915,7188,0.0,0.0,55760.69330452645,0.0
34.44,735.38069,746.349281,7189,0.0,0.0,55616.45373526584,0.0
34.45,735.38069,744.703993,7189,0.0,0.0,55493.85016846052,0.0
34.46,735.38069,743.305497,7189,0.0,0.0,55389.63704725439,0.0
34.47,735.38069,742.116776,7189,0.0,0.0,55301.05593893999,0.0
34.480000000000004,735.38069,741.106363,7189,0.0,0.0,55225.76198569504,0.0
34.49,735.38069,740.247512,7189,0.0,0.0,55161.76212916275,0.0
34.5,776.554628,745.69358,7189,0.0,0.0,55567.59220989289,0.0
34.51,776.554628,750.322737,7189,0.0,0.0,55912.547718899106,0.0
34.52,776.554628,754.257521,7189,0.0,0.0,56205.7599425393,0.0
34.53,740.051606,752.126633,7189,0.0,0.0,56046.970436226315,0.0
34.54,743.40985,750.819116,7190,0.0,0.0,55949.536887900074,0.0
34.550000000000004,743.40985,749.707726,7190,0.0,0.0,55866.71833083786,0.0
34.56,743.40985,748.763045,7190,0.0,0.0,55796.322594593985,0.0
34.57,743.40985,747.960065,7190,0.0,0.0,55736.48613309099,0.0
34.58,743.40985,747.277533,7190,0.0,0.0,55685.62521533144,0.0
34.59,743.40985,746.697381,7190,0.0,0.0,55642.393450139425,0.0
34.6,763.256933,749.181314,7190,0.0,0.0,55827.49116282284,0.0
34.61,763.256933,751.292656,7190,0.0,0.0,55984.824140359815,0.0
34.62,749.997188,751.098336,7191,0.0,0.0,55970.34380311697,0.0
34.63,749.997188,750.933164,7191,0.0,0.0,55958.03551646055,0.0
34.64,739.788199,749.261419,7191,0.0,0.0,55833.46042699964,0.0
34.65,739.788199,747.840436,7191,0.0,0.0,55727.57161958736,0.0
34.660000000000004,739.788199,746.6326,7191,0.0,0.0,55637.56609975383,0.0
34.67,739.788199,745.60594,7191,0.0,0.0,55561.06145260613,0.0
34.68,739.788199,744.733279,7191,0.0,0.0,55496.03250253057,0.0
34.69,739.788199,743.991517,7191,0.0,0.0,55440.75788378866,0.0
34.7,766.26005,747.331797,7192,0.0,0.0,55689.66885993903,0.0
34.71,766.26005,750.171035,7192,0.0,0.0,55901.243189666835,0.0
34.72,761.919541,751.933311,7192,0.0,0.0,56032.564467944816,0.0
34.730000000000004,761.919541,753.431245,7192,0.0,0.0,56144.1875097703,0.0
34.74,742.224475,751.75023,7193,0.0,0.0,56018.92163847406,0.0
34.75,742.224475,750.321367,7193,0.0,0.0,55912.44562924276,0.0
34.76,742.224475,749.106833,7193,0.0,0.0,55821.940987863054,0.0
34.77,742.224475,748.074479,7193,0.0,0.0,55745.01203523849,0.0
34.78,742.224475,747.196979,7193,0.0,0.0,55679.62249257383,0.0
34.79,742.224475,746.451103,7193,0.0,0.0,55624.04130679086,0.0
34.800000000000004,742.224475,745.817109,7193,0.0,0.0,55576.797343586135,0.0
34.81,742.224475,745.278214,7193,0.0,0.0,55536.63996741032,0.0
34.82,742.224475,744.820153,7193,0.0,0.0,55502.50617903138,0.0
34.83,744.863579,744.826667,7193,0.0,0.0,55502.991589266036,0.0
34.84,754.138472,746.223438,7194,0.0,0.0,55607.076166926745,0.0
34.85,754.138472,747.410693,7194,0.0,0.0,55695.54803185706,0.0
34.86,754.138472,748.41986,7194,0.0,0.0,55770.74913567732,0.0
34.87,754.138472,749.277652,7194,0.0,0.0,55834.67007765044,0.0
34.88,754.138472,750.006775,7194,0.0,0.0,55889.002863423986,0.0
34.89,754.138472,750.626529,7194,0.0,0.0,55935.1856903466,0.0
34.9,745.363286,749.837043,7194,0.0,0.0,55876.3547746997,0.0
34.910000000000004,745.363286,749.165979,7194,0.0,0.0,55826.34842933364,0.0
34.92,737.987713,747.489239,7194,0.0,0.0,55701.40112247602,0.0
34.93,737.987713,746.06401,7194,0.0,0.0,55595.195911647046,0.0
34.94,759.226359,748.038362,7195,0.0,0.0,55742.320668728615,0.0
34.95,759.226359,749.716562,7195,0.0,0.0,55867.37677186235,0.0
34.96,759.226359,751.143031,7195,0.0,0.0,55973.67438500802,0.0
34.97,759.226359,752.355531,7195,0.0,0.0,56064.02745678115,0.0
34.980000000000004,759.226359,753.386155,7195,0.0,0.0,56140.8274932703,0.0
34.99,759.226359,754.262185,7195,0.0,0.0,56206.10749447888,0.0
35.0,731.180583,750.799945,7195,0.0,0.0,55948.10830337308,0.0
35.01,731.180583,747.857041,7195,0.0,0.0,55728.80899093317,0.0
35.02,749.936105,748.1689,7196,0.0,0.0,55752.04809906521,0.0
35.03,749.936105,748.433981,7196,0.0,0.0,55771.80140431774,0.0
35.04,752.689679,749.072336,7196,0.0,0.0,55819.37034050885,0.0
35.050000000000004,752.689679,749.614937,7196,0.0,0.0,55859.8038803828,0.0
35.06,752.689679,750.076149,7196,0.0,0.0,55894.17247497137,0.0
35.07,752.689679,750.468178,7196,0.0,0.0,55923.38569095004,0.0
35.08,752.689679,750.801403,7196,0.0,0.0,55948.21695061321,0.0
35.09,752.689679,751.084645,7196,0.0,0.0,55969.32357721541,0.0
35.1,739.884647,749.404645,7197,0.0,0.0,55844.13334168646,0.0
35.11,739.884647,747.976645,7197,0.0,0.0,55737.72164148686,0.0
35.12,739.884647,746.762845,7197,0.0,0.0,55647.2716963172,0.0
35.13,760.084445,748.761085,7197,0.0,0.0,55796.176539319196,0.0
35.14,746.30408,748.392535,7198,0.0,0.0,55768.712931400034,0.0
35.15,746.30408,748.079266,7198,0.0,0.0,55745.36875289175,0.0
35.160000000000004,746.30408,747.812988,7198,0.0,0.0,55725.52624959641,0.0
35.17,746.30408,747.586652,7198,0.0,0.0,55708.66014415077,0.0
35.18,746.30408,747.394266,7198,0.0,0.0,55694.32392471478,0.0
35.19,746.30408,747.230738,7198,0.0,0.0,55682.13814564598,0.0
35.2,749.268806,747.536449,7198,0.0,0.0,55704.919117130376,0.0
35.21,749.268806,747.796302,7198,0.0,0.0,55724.28284229282,0.0
35.22,755.985976,749.024753,7198,0.0,0.0,55815.82455064149,0.0
35.230000000000004,755.985976,750.068937,7198,0.0,0.0,55893.63505117455,0.0
35.24,748.083956,749.77119,7199,0.0,0.0,55871.44754102097,0.0
35.25,748.083956,749.518105,7199,0.0,0.0,55852.58815366451,0.0
35.26,748.083956,749.302982,7199,0.0,0.0,55836.557618523024,0.0
35.27,748.083956,749.120128,7199,0.0,0.0,55822.93170463767,0.0
35.28,748.083956,748.964703,7199,0.0,0.0,55811.34974490131,0.0
35.29,748.083956,748.832591,7199,0.0,0.0,55801.5050232369,0.0
35.300000000000004,749.328517,748.90698,7199,0.0,0.0,55807.048342540926,0.0
35.31,749.328517,748.97021,7199,0.0,0.0,55811.76011551264,0.0
35.32,749.328517,749.023956,7199,0.0,0.0,55815.765159797615,0.0
35.33,744.06198,748.27966,7199,0.0,0.0,55760.30171245044,0.0
35.34,740.692665,747.141611,7200,0.0,0.0,55675.496580097184,0.0
35.35,740.692665,746.174269,7200,0.0,0.0,55603.41219151561,0.0
35.36,740.692665,745.352028,7200,0.0,0.0,55542.14043886588,0.0
35.37,740.692665,744.653124,7200,0.0,0.0,55490.05951245391,0.0
35.38,740.692665,744.059055,7200,0.0,0.0,55445.790680292914,0.0
35.39,740.692665,743.554097,7200,0.0,0.0,55408.162221392784,0.0
35.4,763.204698,746.501687,7200,0.0,0.0,55627.81072516823,0.0
35.410000000000004,763.204698,749.007138,7200,0.0,0.0,55814.511916118376,0.0
35.42,763.204698,751.136772,7201,0.0,0.0,55973.20797686268,0.0
35.43,748.008303,750.667502,7201,0.0,0.0,55938.238916251576,0.0
35.44,738.131534,748.787107,7201,0.0,0.0,55798.11564664595,0.0
35.45,738.131534,747.188771,7201,0.0,0.0,55679.01084885166,0.0
35.46,738.131534,745.830185,7201,0.0,0.0,55577.771740919336,0.0
35.47,738.131534,744.675388,7201,0.0,0.0,55491.71858114664,0.0
35.480000000000004,738.131534,743.69381,7201,0.0,0.0,55418.57335435496,0.0
35.49,738.131534,742.859468,7201,0.0,0.0,55356.399859419435,0.0
35.5,767.427309,746.544645,7202,0.0,0.0,55631.0118692979,0.0
35.51,767.427309,749.677044,7202,0.0,0.0,55864.43196964353,0.0
35.52,767.427309,752.339584,7202,0.0,0.0,56062.83911827759,0.0
35.53,756.043851,752.895224,7202,0.0,0.0,56104.24429831883,0.0
35.54,730.026018,749.464843,7203,0.0,0.0,55848.61917609026,0.0
35.550000000000004,730.026018,746.549019,7203,0.0,0.0,55631.337811018275,0.0
35.56,730.026018,744.070569,7203,0.0,0.0,55446.64868051428,0.0
35.57,730.026018,741.963887,7203,0.0,0.0,55289.662956844884,0.0
35.58,730.026018,740.173206,7203,0.0,0.0,55156.224994852506,0.0
35.59,730.026018,738.651128,7203,0.0,0.0,55042.80279049927,0.0
35.6,776.369623,744.308902,7203,0.0,0.0,55464.408778373996,0.0
35.61,776.369623,749.11801,7203,0.0,0.0,55822.773875519306,0.0
35.62,776.369623,753.205752,7203,0.0,0.0,56127.384222996414,0.0
35.63,748.019374,752.427795,7203,0.0,0.0,56069.412425340815,0.0
35.64,749.371615,751.969368,7204,0.0,0.0,56035.25136337486,0.0
35.65,749.371615,751.579705,7204,0.0,0.0,56006.21445697788,0.0
35.660000000000004,749.371615,751.248492,7204,0.0,0.0,55981.53312752536,0.0
35.67,749.371615,750.96696,7204,0.0,0.0,55960.55392669861,0.0
35.68,749.371615,750.727658,7204,0.0,0.0,55942.72162089948,0.0
35.69,749.371615,750.524252,7204,0.0,0.0,55927.56421313281,0.0
35.7,753.293996,750.939714,7204,0.0,0.0,55958.523609343116,0.0
35.71,753.293996,751.292856,7204,0.0,0.0,55984.839043959284,0.0
35.72,753.293996,751.593027,7204,0.0,0.0,56007.20718573843,0.0
35.730000000000004,743.825052,750.427831,7204,0.0,0.0,55920.379113311414,0.0
35.74,743.904305,749.449302,7205,0.0,0.0,55847.461091893616,0.0
35.75,743.904305,748.617552,7205,0.0,0.0,55785.480747607195,0.0
35.76,743.904305,747.910565,7205,0.0,0.0,55732.79749222273,0.0
35.77,743.904305,747.309626,7205,0.0,0.0,55688.016721420034,0.0
35.78,743.904305,746.798828,7205,0.0,0.0,55649.953077415434,0.0
35.79,743.904305,746.36465,7205,0.0,0.0,55617.59900236694,0.0
35.800000000000004,743.904305,745.995598,7205,0.0,0.0,55590.09798641311,0.0
35.81,743.904305,745.681904,7205,0.0,0.0,55566.72213775596,0.0
35.82,743.904305,745.415264,7206,0.0,0.0,55546.85265894558,0.0
35.83,740.344386,744.654632,7206,0.0,0.0,55490.17188559389,0.0
35.84,750.525897,745.535322,7206,0.0,0.0,55555.79914067006,0.0
35.85,750.525897,746.283908,7206,0.0,0.0,55611.58227022582,0.0
35.86,750.525897,746.920207,7206,0.0,0.0,55658.997997414415,0.0
35.87,750.525897,747.46106,7206,0.0,0.0,55699.301279829015,0.0
35.88,750.525897,747.920786,7206,0.0,0.0,55733.55914067353,0.0
35.89,750.525897,748.311552,7206,0.0,0.0,55762.67824042156,0.0
35.9,746.426999,748.028869,7207,0.0,0.0,55741.61326937988,0.0
35.910000000000004,746.426999,747.788589,7207,0.0,0.0,55723.70808497936,0.0
35.92,755.922291,749.008644,7207,0.0,0.0,55814.62414022236,0.0
35.93,755.922291,750.045691,7207,0.0,0.0,55891.90280580842,0.0
35.94,750.417935,750.101528,7208,0.0,0.0,55896.063667225826,0.0
35.95,750.417935,750.148989,7208,0.0,0.0,55899.60036589751,0.0
35.96,750.417935,750.189331,7208,0.0,0.0,55902.606570946155,0.0
35.97,750.417935,750.223621,7208,0.0,0.0,55905.16179307488,0.0
35.980000000000004,750.417935,750.252769,7208,0.0,0.0,55907.33384366131,0.0
35.99,750.417935,750.277544,7208,0.0,0.0,55909.18002704539,0.0
36.0,750.417935,750.298602,7208,0.0,0.0,55910.74922703333,0.0
36.01,745.799397,749.623721,7208,0.0,0.0,55860.45844647143,0.0
36.02,745.799397,749.050073,7208,0.0,0.0,55817.7113463341,0.0
36.03,737.996568,747.392047,7208,0.0,0.0,55694.158569278676,0.0
36.04,752.252226,748.121074,7209,0.0,0.0,55748.48420132449,0.0
36.050000000000004,752.252226,748.740747,7209,0.0,0.0,55794.660992289326,0.0
36.06,752.252226,749.267469,7209,0.0,0.0,55833.911260883535,0.0
36.07,752.252226,749.715182,7209,0.0,0.0,55867.27393702603,0.0
36.08,752.252226,750.095739,7209,0.0,0.0,55895.632282539234,0.0
36.09,752.252226,750.419212,7209,0.0,0.0,55919.73684269236,0.0
36.1,752.252226,750.694164,7209,0.0,0.0,55940.22571509662,0.0
36.11,749.639691,750.535993,7209,0.0,0.0,55928.43912893956,0.0
36.12,749.639691,750.401548,7209,0.0,0.0,55918.42055678736,0.0
36.13,767.982912,753.038753,7209,0.0,0.0,56114.93979195886,0.0
36.14,751.971641,752.878686,7210,0.0,0.0,56103.011919678844,0.0
36.15,751.971641,752.742629,7210,0.0,0.0,56092.873224514944,0.0
36.160000000000004,751.971641,752.626981,7210,0.0,0.0,56084.25536715873,0.0
36.17,751.971641,752.52868,7210,0.0,0.0,56076.93017350233,0.0
36.18,751.971641,752.445124,7210,0.0,0.0,56070.7037477167,0.0
36.19,751.971641,752.374102,7210,0.0,0.0,56065.41133050972,0.0
36.2,751.971641,752.313733,7210,0.0,0.0,56060.91275352838,0.0
36.21,744.712964,751.173617,7210,0.0,0.0,55975.95359247462,0.0
36.22,744.712964,750.204519,7211,0.0,0.0,55903.73835028973,0.0
36.230000000000004,744.712964,749.380786,7211,0.0,0.0,55842.35541678796,0.0
36.24,743.069145,748.43404,7211,0.0,0.0,55771.805800879585,0.0
36.25,743.069145,747.629306,7211,0.0,0.0,55711.83863480925,0.0
36.26,743.069145,746.945282,7211,0.0,0.0,55660.866536197675,0.0
36.27,743.069145,746.363861,7211,0.0,0.0,55617.54020766704,0.0
36.28,743.069145,745.869654,7211,0.0,0.0,55580.71289175629,0.0
36.29,743.069145,745.449577,7211,0.0,0.0,55549.40959498826,0.0
36.300000000000004,743.069145,745.092512,7212,0.0,0.0,55522.801826268544,0.0
36.31,763.234398,747.813795,7212,0.0,0.0,55725.58638562027,0.0
36.32,763.234398,750.126886,7212,0.0,0.0,55897.95329460234,0.0
36.33,763.234398,752.093013,7212,0.0,0.0,56044.4651411558,0.0
36.34,745.890706,751.162667,7213,0.0,0.0,55975.137620403766,0.0
36.35,745.890706,750.371872,7213,0.0,0.0,55916.20916069835,0.0
36.36,745.890706,749.699697,7213,0.0,0.0,55866.120025837234,0.0
36.37,745.890706,749.128349,7213,0.0,0.0,55823.54431709378,0.0
36.38,745.890706,748.642702,7213,0.0,0.0,55787.354875240264,0.0
36.39,745.890706,748.229903,7213,0.0,0.0,55756.593920456864,0.0
36.4,745.890706,747.879023,7213,0.0,0.0,55730.44704555067,0.0
36.410000000000004,764.17626,750.323609,7213,0.0,0.0,55912.61269859279,0.0
36.42,764.17626,752.401506,7213,0.0,0.0,56067.45342170879,0.0
36.43,737.979484,750.238203,7213,0.0,0.0,55906.24841451208,0.0
36.44,744.983746,749.450034,7214,0.0,0.0,55847.51563906767,0.0
36.45,744.983746,748.780091,7214,0.0,0.0,55797.59282837662,0.0
36.46,744.983746,748.210639,7214,0.0,0.0,55755.15840575613,0.0
36.47,744.983746,747.726605,7214,0.0,0.0,55719.089161432305,0.0
36.480000000000004,744.983746,747.315176,7214,0.0,0.0,55688.430296305254,0.0
36.49,744.983746,746.965462,7214,0.0,0.0,55662.37030938398,0.0
36.5,744.983746,746.668204,7214,0.0,0.0,55640.21923853108,0.0
36.51,757.396433,748.277439,7214,0.0,0.0,55760.13620797834,0.0
36.52,757.396433,749.645288,7214,0.0,0.0,55862.06557612003,0.0
36.53,757.396433,750.80796,7214,0.0,0.0,55948.70556512176,0.0
36.54,744.179335,749.813666,7215,0.0,0.0,55874.61276747592,0.0
36.550000000000004,744.179335,748.968516,7215,0.0,0.0,55811.63388202516,0.0
36.56,744.179335,748.250139,7215,0.0,0.0,55758.101866651006,0.0
36.57,744.179335,747.639519,7215,0.0,0.0,55712.59968711607,0.0
36.58,744.179335,747.120491,7215,0.0,0.0,55673.92275999339,0.0
36.59,744.179335,746.679318,7215,0.0,0.0,55641.04743155349,0.0
36.6,744.179335,746.30432,7215,0.0,0.0,55613.103331587496,0.0
36.61,748.712785,746.66559,7215,0.0,0.0,55640.02444848603,0.0
36.62,748.712785,746.972669,7216,0.0,0.0,55662.90736059079,0.0
36.63,743.952424,746.519633,7216,0.0,0.0,55629.14802514848,0.0
36.64,757.41787,748.154368,7216,0.0,0.0,55750.965203527885,0.0
36.65,757.41787,749.543894,7216,0.0,0.0,55854.509898297874,0.0
36.660000000000004,757.41787,750.72499,7216,0.0,0.0,55942.52280688257,0.0
36.67,757.41787,751.728922,7216,0.0,0.0,56017.33380898677,0.0
36.68,757.41787,752.582264,7216,0.0,0.0,56080.92314587173,0.0
36.69,757.41787,753.307605,7216,0.0,0.0,56134.97410457935,0.0
36.7,757.41787,753.924145,7217,0.0,0.0,56180.91743065852,0.0
36.71,736.243498,751.272048,7217,0.0,0.0,55983.28847347067,0.0
36.72,736.243498,749.017766,7217,0.0,0.0,55815.30389339409,0.0
36.730000000000004,736.243498,747.101625,7217,0.0,0.0,55672.516903455595,0.0
36.74,750.738502,747.647157,7218,0.0,0.0,55713.16885557974,0.0
36.75,750.738502,748.110859,7218,0.0,0.0,55747.72299998168,0.0
36.76,750.738502,748.505005,7218,0.0,0.0,55777.093970560716,0.0
36.77,750.738502,748.840029,7218,0.0,0.0,55802.0592881011,0.0
36.78,750.738502,749.1248,7218,0.0,0.0,55823.27985272123,0.0
36.79,750.738502,749.366855,7218,0.0,0.0,55841.31730656704,0.0
36.800000000000004,750.738502,749.572602,7218,0.0,0.0,55856.64916096548,0.0
36.81,750.738502,749.747487,7218,0.0,0.0,55869.68124093005,0.0
36.82,750.738502,749.896139,7218,0.0,0.0,55880.758490270426,0.0
36.83,750.738502,750.022494,7218,0.0,0.0,55890.17421182417,0.0
36.84,750.083411,750.031631,7219,0.0,0.0,55890.85508276583,0.0
36.85,750.083411,750.039398,7219,0.0,0.0,55891.43386405118,0.0
36.86,750.083411,750.046,7219,0.0,0.0,55891.9258318696,0.0
36.87,750.083411,750.051612,7219,0.0,0.0,55892.34402687066,0.0
36.88,750.083411,750.056381,7219,0.0,0.0,55892.69940319997,0.0
36.89,750.083411,750.060436,7219,0.0,0.0,55893.00157367918,0.0
36.9,750.083411,750.063882,7219,0.0,0.0,55893.25836269801,0.0
36.910000000000004,750.083411,750.066811,7219,0.0,0.0,55893.476625912226,0.0
36.92,740.263344,748.596291,7219,0.0,0.0,55783.89642046577,0.0
36.93,740.263344,747.346349,7219,0.0,0.0,55690.753245836306,0.0
36.94,753.610871,748.286028,7220,0.0,0.0,55760.77624305749,0.0
36.95,753.610871,749.084754,7220,0.0,0.0,55820.29570499981,0.0
36.96,753.610871,749.763672,7220,0.0,0.0,55870.88731471698,0.0
36.97,753.610871,750.340752,7220,0.0,0.0,55913.89016062116,0.0
36.980000000000004,753.610871,750.83127,7220,0.0,0.0,55950.44257963973,0.0
36.99,753.610871,751.24821,7220,0.0,0.0,55981.5121134501,0.0
37.0,742.560701,749.945084,7220,0.0,0.0,55884.40577365017,0.0
37.01,742.560701,748.837426,7220,0.0,0.0,55801.86531775403,0.0
37.02,742.560701,747.895917,7221,0.0,0.0,55731.70595259772,0.0
37.03,748.00738,747.912637,7221,0.0,0.0,55732.951893513215,0.0
37.04,758.057468,749.434361,7221,0.0,0.0,55846.34771849538,0.0
37.050000000000004,758.057468,750.727827,7221,0.0,0.0,55942.73421444103,0.0
37.06,758.057468,751.827273,7221,0.0,0.0,56024.662728543015,0.0
37.07,758.057468,752.761803,7221,0.0,0.0,56094.30203259592,0.0
37.08,758.057468,753.556152,7221,0.0,0.0,56153.495329263875,0.0
37.09,758.057468,754.23135,7221,0.0,0.0,56203.809732030946,0.0
37.1,729.701611,750.551889,7222,0.0,0.0,55929.62366702526,0.0
37.11,729.701611,747.424347,7222,0.0,0.0,55696.565500592726,0.0
37.12,729.701611,744.765937,7222,0.0,0.0,55498.46611128766,0.0
37.13,764.069785,747.661514,7222,0.0,0.0,55714.238710467536,0.0
37.14,746.333773,747.462353,7222,0.0,0.0,55699.39763159958,0.0
37.15,746.333773,747.293066,7222,0.0,0.0,55686.782703384095,0.0
37.160000000000004,746.333773,747.149172,7222,0.0,0.0,55676.060010675064,0.0
37.17,746.333773,747.026862,7222,0.0,0.0,55666.94571442057,0.0
37.18,746.333773,746.922898,7223,0.0,0.0,55659.198525345244,0.0
37.19,746.333773,746.83453,7223,0.0,0.0,55652.61351895642,0.0
37.2,744.685918,746.512238,7223,0.0,0.0,55628.59696455816,0.0
37.21,744.685918,746.23829,7223,0.0,0.0,55608.18290822323,0.0
37.22,755.931361,747.692251,7223,0.0,0.0,55716.52917015175,0.0
37.230000000000004,755.931361,748.928117,7223,0.0,0.0,55808.62342945067,0.0
37.24,737.726701,747.247905,7224,0.0,0.0,55683.41739610629,0.0
37.25,737.726701,745.819724,7224,0.0,0.0,55576.99220814917,0.0
37.26,737.726701,744.605771,7224,0.0,0.0,55486.53086172592,0.0
37.27,737.726701,743.57391,7224,0.0,0.0,55409.63864647405,0.0
37.28,737.726701,742.696829,7224,0.0,0.0,55344.28032685027,0.0
37.29,737.726701,741.95131,7224,0.0,0.0,55288.72574399236,0.0
37.300000000000004,775.040151,746.914636,7224,0.0,0.0,55658.582857651236,0.0
37.31,775.040151,751.133463,7224,0.0,0.0,55972.961396809485,0.0
37.32,775.040151,754.719466,7224,0.0,0.0,56240.1831588199,0.0
37.33,740.031032,752.516201,7224,0.0,0.0,56076.00026341355,0.0
37.34,743.540135,751.169791,7225,0.0,0.0,55975.6684866168,0.0
37.35,743.540135,750.025343,7225,0.0,0.0,55890.386513598576,0.0
37.36,743.540135,749.052562,7225,0.0,0.0,55817.89682162948,0.0
37.37,743.540135,748.225698,7225,0.0,0.0,55756.28057227805,0.0
37.38,743.540135,747.522863,7225,0.0,0.0,55703.90671561854,0.0
37.39,743.540135,746.925454,7225,0.0,0.0,55659.388993346445,0.0
37.4,758.466121,748.656554,7225,0.0,0.0,55788.3870985394,0.0
37.410000000000004,758.466121,750.127989,7225,0.0,0.0,55898.0354879534,0.0
37.42,743.998586,749.208579,7226,0.0,0.0,55829.522896020266,0.0
37.43,743.998586,748.42708,7226,0.0,0.0,55771.2871556181,0.0
37.44,743.654165,747.711143,7226,0.0,0.0,55717.93696415745,0.0
37.45,743.654165,747.102596,7226,0.0,0.0,55672.589260431,0.0
37.46,743.654165,746.585331,7226,0.0,0.0,55634.04370853763,0.0
37.47,743.654165,746.145656,7226,0.0,0.0,55601.28000805776,0.0
37.480000000000004,743.654165,745.771933,7226,0.0,0.0,55573.43091853837,0.0
37.49,743.654165,745.454268,7226,0.0,0.0,55549.759158913774,0.0
37.5,758.334571,747.386313,7227,0.0,0.0,55693.73128308194,0.0
37.51,758.334571,749.028552,7227,0.0,0.0,55816.10764451338,0.0
37.52,758.334571,750.424455,7227,0.0,0.0,55920.1275405524,0.0
37.53,760.075045,751.872043,7227,0.0,0.0,56027.99889928387,0.0
37.54,730.485733,748.664097,7227,0.0,0.0,55788.94918779332,0.0
37.550000000000004,730.485733,745.937342,7227,0.0,0.0,55585.756865960146,0.0
37.56,730.485733,743.619601,7227,0.0,0.0,55413.04344829046,0.0
37.57,730.485733,741.64952,7227,0.0,0.0,55266.23695757552,0.0
37.58,730.485733,739.974952,7228,0.0,0.0,55141.45150380812,0.0
37.59,730.485733,738.551569,7228,0.0,0.0,55035.38385320223,0.0
37.6,771.017029,743.421388,7228,0.0,0.0,55398.27301248397,0.0
37.61,771.017029,747.560734,7228,0.0,0.0,55706.72878669574,0.0
37.62,771.017029,751.079179,7228,0.0,0.0,55968.91626184196,0.0
37.63,752.003685,751.217854,7228,0.0,0.0,55979.25004512289,0.0
37.64,732.810801,748.456796,7229,0.0,0.0,55773.50153242702,0.0
37.65,732.810801,746.109897,7229,0.0,0.0,55598.61531899093,0.0
37.660000000000004,732.810801,744.115033,7229,0.0,0.0,55449.96204874795,0.0
37.67,732.810801,742.419398,7229,0.0,0.0,55323.60672433061,0.0
37.68,732.810801,740.978108,7229,0.0,0.0,55216.20467994638,0.0
37.69,732.810801,739.753012,7229,0.0,0.0,55124.91297947878,0.0
37.7,776.209336,745.221461,7229,0.0,0.0,55532.41084750735,0.0
37.71,776.209336,749.869642,7229,0.0,0.0,55878.783986894945,0.0
37.72,776.209336,753.820596,7229,0.0,0.0,56173.201166552106,0.0
37.730000000000004,740.07946,751.759426,7229,0.0,0.0,56019.606905977584,0.0
37.74,743.355265,750.498802,7230,0.0,0.0,55925.66773010053,0.0
37.75,743.355265,749.427271,7230,0.0,0.0,55845.819385894254,0.0
37.76,743.355265,748.51647,7230,0.0,0.0,55777.94831940021,0.0
37.77,743.355265,747.74229,7230,0.0,0.0,55720.257976220564,0.0
37.78,743.355265,747.084236,7230,0.0,0.0,55671.221109999875,0.0
37.79,743.355265,746.52489,7230,0.0,0.0,55629.53976626048,0.0
37.800000000000004,743.355265,746.049447,7230,0.0,0.0,55594.1107060518,0.0
37.81,743.355265,745.645319,7230,0.0,0.0,55563.99589682333,0.0
37.82,743.355265,745.301811,7231,0.0,0.0,55538.398368593516,0.0
37.83,765.843307,748.383036,7231,0.0,0.0,55768.00508494331,0.0
37.84,742.38626,747.483519,7231,0.0,0.0,55700.97487953124,0.0
37.85,742.38626,746.71893,7231,0.0,0.0,55643.99923846409,0.0
37.86,742.38626,746.06903,7231,0.0,0.0,55595.56999199369,0.0
37.87,742.38626,745.516615,7231,0.0,0.0,55554.40513249385,0.0
37.88,742.38626,745.047061,7231,0.0,0.0,55519.41490877149,0.0
37.89,742.38626,744.647941,7231,0.0,0.0,55489.673285673685,0.0
37.9,733.073729,742.911809,7232,0.0,0.0,55360.30020591813,0.0
37.910000000000004,733.073729,741.436097,7232,0.0,0.0,55250.333103029516,0.0
37.92,733.073729,740.181742,7232,0.0,0.0,55156.861080477785,0.0
37.93,756.090504,742.568056,7232,0.0,0.0,55334.684420778976,0.0
37.94,751.811636,743.954593,7232,0.0,0.0,55438.006381254934,0.0
37.95,751.811636,745.13315,7232,0.0,0.0,55525.830088644376,0.0
37.96,751.811636,746.134923,7232,0.0,0.0,55600.48020639231,0.0
37.97,751.811636,746.98643,7232,0.0,0.0,55663.93280275217,0.0
37.980000000000004,751.811636,747.710211,7233,0.0,0.0,55717.86751338393,0.0
37.99,751.811636,748.325425,7233,0.0,0.0,55763.712028598646,0.0
38.0,744.700094,747.781625,7233,0.0,0.0,55723.189141645875,0.0
38.01,744.700094,747.319395,7233,0.0,0.0,55688.74468773603,0.0
38.02,755.941188,748.612664,7233,0.0,0.0,55785.11650363621,0.0
38.03,755.941188,749.711943,7233,0.0,0.0,55867.032573232646,0.0
38.04,749.248403,749.642412,7234,0.0,0.0,55861.85126235969,0.0
38.050000000000004,749.248403,749.58331,7234,0.0,0.0,55857.44709968098,0.0
38.06,749.248403,749.533074,7234,0.0,0.0,55853.703613566686,0.0
38.07,749.248403,749.490374,7234,0.0,0.0,55850.52169508031,0.0
38.08,749.248403,749.454078,7234,0.0,0.0,55847.8169898489,0.0
38.09,749.248403,749.423227,7234,0.0,0.0,55845.51803511301,0.0
38.1,746.897047,749.0443,7234,0.0,0.0,55817.28115393547,0.0
38.11,746.897047,748.722212,7234,0.0,0.0,55793.27980120866,0.0
38.12,746.897047,748.448437,7234,0.0,0.0,55772.87863648727,0.0
38.13,744.108814,747.797494,7234,0.0,0.0,55724.371667745654,0.0
38.14,760.047356,749.634973,7235,0.0,0.0,55861.296922977475,0.0
38.15,760.047356,751.196831,7235,0.0,0.0,55977.68345326484,0.0
38.160000000000004,760.047356,752.524409,7235,0.0,0.0,56076.611907135695,0.0
38.17,760.047356,753.652851,7235,0.0,0.0,56160.701145088526,0.0
38.18,760.047356,754.612027,7235,0.0,0.0,56232.177019703835,0.0
38.19,760.047356,755.427326,7235,0.0,0.0,56292.93146841604,0.0
38.2,730.943949,751.75482,7235,0.0,0.0,56019.26367608184,0.0
38.21,730.943949,748.633189,7235,0.0,0.0,55786.64598553158,0.0
38.22,749.991638,748.836956,7236,0.0,0.0,55801.83029429529,0.0
38.230000000000004,749.991638,749.010159,7236,0.0,0.0,55814.73703498833,0.0
38.24,758.137355,750.379238,7236,0.0,0.0,55916.75806026674,0.0
38.25,758.137355,751.542956,7236,0.0,0.0,56003.47599509369,0.0
38.26,758.137355,752.532115,7236,0.0,0.0,56077.186142823186,0.0
38.27,758.137355,753.372901,7236,0.0,0.0,56139.83983173357,0.0
38.28,758.137355,754.087569,7236,0.0,0.0,56193.0954598556,0.0
38.29,758.137355,754.695037,7236,0.0,0.0,56238.362758662915,0.0
38.300000000000004,728.793227,750.809766,7237,0.0,0.0,55948.840144624955,0.0
38.31,728.793227,747.507285,7237,0.0,0.0,55702.74587425599,0.0
38.32,728.793227,744.700176,7237,0.0,0.0,55493.56573326468,0.0
38.33,760.111154,747.011823,7237,0.0,0.0,55665.8250382586,0.0
38.34,748.732075,747.269861,7237,0.0,0.0,55685.05351325586,0.0
38.35,748.732075,747.489193,7237,0.0,0.0,55701.39769464814,0.0
38.36,748.732075,747.675625,7237,0.0,0.0,55715.29023392799,0.0
38.37,748.732075,747.834093,7237,0.0,0.0,55727.098951930246,0.0
38.38,748.732075,747.96879,7238,0.0,0.0,55737.13630261777,0.0
38.39,748.732075,748.083283,7238,0.0,0.0,55745.66809168707,0.0
38.4,745.219707,747.653746,7238,0.0,0.0,55713.6598546642,0.0
38.410000000000004,745.219707,747.288641,7238,0.0,0.0,55686.45296124587,0.0
38.42,761.979503,749.49227,7238,0.0,0.0,55850.66298120326,0.0
38.43,761.979503,751.365355,7238,0.0,0.0,55990.24152424835,0.0
38.44,733.770501,748.726127,7239,0.0,0.0,55793.57153916824,0.0
38.45,733.770501,746.482783,7239,0.0,0.0,55626.40203694654,0.0
38.46,733.770501,744.575941,7239,0.0,0.0,55484.30798986531,0.0
38.47,733.770501,742.955125,7239,0.0,0.0,55363.52802749086,0.0
38.480000000000004,733.770501,741.577431,7239,0.0,0.0,55260.86502966538,0.0
38.49,733.770501,740.406392,7239,0.0,0.0,55173.60154857991,0.0
38.5,778.405868,746.106313,7239,0.0,0.0,55598.348246488466,0.0
38.51,778.405868,750.951246,7239,0.0,0.0,55959.38295088843,0.0
38.52,778.405868,755.06944,7239,0.0,0.0,56266.262520420496,0.0
38.53,740.10322,752.824507,7239,0.0,0.0,56098.97460910104,0.0
38.54,741.09109,751.064494,7240,0.0,0.0,55967.82196505104,0.0
38.550000000000004,741.09109,749.568484,7240,0.0,0.0,55856.34229585244,0.0
38.56,741.09109,748.296874,7240,0.0,0.0,55761.58446525662,0.0
38.57,741.09109,747.216007,7240,0.0,0.0,55681.04042102719,0.0
38.58,741.09109,746.297269,7240,0.0,0.0,55612.57790518827,0.0
38.59,741.09109,745.516342,7240,0.0,0.0,55554.38478908057,0.0
38.6,762.522259,748.06723,7240,0.0,0.0,55744.471854275784,0.0
38.61,762.522259,750.235484,7240,0.0,0.0,55906.045800077314,0.0
38.62,743.957929,749.293851,7241,0.0,0.0,55835.87719468933,0.0
38.63,743.957929,748.493463,7241,0.0,0.0,55776.23388383543,0.0
38.64,743.81104,747.791099,7241,0.0,0.0,55723.89512515267,0.0
38.65,743.81104,747.19409,7241,0.0,0.0,55679.40721007951,0.0
38.660000000000004,743.81104,746.686633,7241,0.0,0.0,55641.59253070404,0.0
38.67,743.81104,746.255294,7241,0.0,0.0,55609.45001224998,0.0
38.68,743.81104,745.888656,7241,0.0,0.0,55582.12888274172,0.0
38.69,743.81104,745.577013,7241,0.0,0.0,55558.90587049711,0.0
38.7,758.049192,747.44784,7242,0.0,0.0,55698.3161519042,0.0
38.71,758.049192,749.038043,7242,0.0,0.0,55816.814894826115,0.0
38.72,758.049192,750.389715,7242,0.0,0.0,55917.538785324854,0.0
38.730000000000004,756.012096,751.233073,7242,0.0,0.0,55980.38413452439,0.0
38.74,740.277484,749.589734,7243,0.0,0.0,55857.92580329588,0.0
38.75,740.277484,748.192897,7243,0.0,0.0,55753.83630744735,0.0
38.76,740.277484,747.005585,7243,0.0,0.0,55665.3601949912,0.0
38.77,740.277484,745.99637,7243,0.0,0.0,55590.15551430705,0.0
38.78,740.277484,745.138537,7243,0.0,0.0,55526.23151709605,0.0
38.79,740.277484,744.409379,7243,0.0,0.0,55471.896123192586,0.0
38.800000000000004,740.277484,743.789595,7243,0.0,0.0,55425.71106073004,0.0
38.81,740.277484,743.262778,7243,0.0,0.0,55386.453712926086,0.0
38.82,740.277484,742.814984,7243,0.0,0.0,55353.08500082582,0.0
38.83,777.776818,748.059259,7243,0.0,0.0,55743.877871319004,0.0
38.84,727.611583,744.992108,7244,0.0,0.0,55515.31992126375,0.0
38.85,727.611583,742.385029,7244,0.0,0.0,55321.04561528008,0.0
38.86,727.611583,740.169012,7244,0.0,0.0,55155.91246637166,0.0
38.87,727.611583,738.285398,7244,0.0,0.0,55015.54932333261,0.0
38.88,727.611583,736.684326,7244,0.0,0.0,54896.24064429761,0.0
38.89,727.611583,735.323414,7244,0.0,0.0,54794.828207503466,0.0
38.9,757.466844,738.644929,7244,0.0,0.0,55042.34085343377,0.0
38.910000000000004,757.466844,741.468216,7244,0.0,0.0,55252.72654658604,0.0
38.92,757.466844,743.86801,7244,0.0,0.0,55431.55438949135,0.0
38.93,740.246724,743.324817,7244,0.0,0.0,55391.07673496298,0.0
38.94,758.537463,745.606714,7245,0.0,0.0,55561.11912953607,0.0
38.95,758.537463,747.546326,7245,0.0,0.0,55705.655131390085,0.0
38.96,758.537463,749.194997,7245,0.0,0.0,55828.510792580404,0.0
38.97,758.537463,750.596367,7245,0.0,0.0,55932.93807851088,0.0
38.980000000000004,758.537463,751.787531,7245,0.0,0.0,56021.701234292785,0.0
38.99,758.537463,752.800021,7245,0.0,0.0,56097.1499614182,0.0
39.0,733.564761,749.914732,7245,0.0,0.0,55882.14400339495,0.0
39.01,733.564761,747.462236,7245,0.0,0.0,55699.38891299388,0.0
39.02,743.949672,746.935352,7245,0.0,0.0,55660.1265724841,0.0
39.03,743.949672,746.4875,7246,0.0,0.0,55626.75353833999,0.0
39.04,756.995678,748.063726,7246,0.0,0.0,55744.21074321311,0.0
39.050000000000004,756.995678,749.403519,7246,0.0,0.0,55844.04943442146,0.0
39.06,756.995678,750.542343,7246,0.0,0.0,55928.91231822266,0.0
39.07,756.995678,751.510343,7246,0.0,0.0,56001.045739646484,0.0
39.08,756.995678,752.333144,7246,0.0,0.0,56062.35922237472,0.0
39.09,756.995678,753.032524,7246,0.0,0.0,56114.47561935343,0.0
39.1,735.598433,750.41741,7246,0.0,0.0,55919.602561261156,0.0
39.11,735.598433,748.194564,7247,0.0,0.0,55753.96052894891,0.0
39.12,735.598433,746.305144,7247,0.0,0.0,55613.1647344173,0.0
39.13,756.118988,747.777221,7247,0.0,0.0,55722.86096438561,0.0
39.14,749.820888,748.083771,7247,0.0,0.0,55745.70445646976,0.0
39.15,749.820888,748.344338,7247,0.0,0.0,55765.1213874823,0.0
39.160000000000004,749.820888,748.565821,7247,0.0,0.0,55781.62585708687,0.0
39.17,749.820888,748.754081,7247,0.0,0.0,55795.65461526585,0.0
39.18,749.820888,748.914102,7247,0.0,0.0,55807.57905971797,0.0
39.19,749.820888,749.05012,7248,0.0,0.0,55817.714848679985,0.0
39.2,743.412815,748.204524,7248,0.0,0.0,55754.70272820241,0.0
39.21,743.412815,747.485768,7248,0.0,0.0,55701.14247050726,0.0
39.22,761.996457,749.662371,7248,0.0,0.0,55863.33856706857,0.0
39.230000000000004,761.996457,751.512484,7248,0.0,0.0,56001.205282678784,0.0
39.24,748.177782,751.012279,7249,0.0,0.0,55963.93100782001,0.0
39.25,748.177782,750.587104,7249,0.0,0.0,55932.247818301534,0.0
39.26,748.177782,750.225706,7249,0.0,0.0,55905.31716309934,0.0
39.27,748.177782,749.918517,7249,0.0,0.0,55882.42605401487,0.0
39.28,748.177782,749.657407,7249,0.0,0.0,55862.96865972978,0.0
39.29,748.177782,749.435463,7249,0.0,0.0,55846.429837328455,0.0
39.300000000000004,753.71952,750.078072,7249,0.0,0.0,55894.31577308025,0.0
39.31,753.71952,750.624289,7249,0.0,0.0,55935.01877003258,0.0
39.32,737.939157,748.721519,7249,0.0,0.0,55793.2281602365,0.0
39.33,737.939157,747.104165,7249,0.0,0.0,55672.70617916883,0.0
39.34,754.84328,748.265032,7250,0.0,0.0,55759.21166318537,0.0
39.35,754.84328,749.251769,7250,0.0,0.0,55832.74132832532,0.0
39.36,754.84328,750.090496,7250,0.0,0.0,55895.241584679185,0.0
39.37,754.84328,750.803414,7250,0.0,0.0,55948.36680630586,0.0
39.38,754.84328,751.409394,7250,0.0,0.0,55993.52322233313,0.0
39.39,754.84328,751.924476,7250,0.0,0.0,56031.90610143833,0.0
39.4,735.584962,749.473549,7250,0.0,0.0,55849.26792977509,0.0
39.410000000000004,735.584962,747.390261,7250,0.0,0.0,55694.02548013543,0.0
39.42,743.996503,746.881197,7250,0.0,0.0,55656.09105033823,0.0
39.43,743.996503,746.448493,7251,0.0,0.0,55623.84681481779,0.0
39.44,744.667327,746.181318,7251,0.0,0.0,55603.93746887885,0.0
39.45,744.667327,745.95422,7251,0.0,0.0,55587.01458071923,0.0
39.46,744.667327,745.761186,7251,0.0,0.0,55572.63007362096,0.0
39.47,744.667327,745.597107,7251,0.0,0.0,55560.403235135636,0.0
39.480000000000004,744.667327,745.45764,7251,0.0,0.0,55550.0104336008,0.0
39.49,744.667327,745.339093,7251,0.0,0.0,55541.1765485703,0.0
39.5,760.897753,747.672892,7251,0.0,0.0,55715.08657624126,0.0
39.51,760.897753,749.656621,7252,0.0,0.0,55862.91008858386,0.0
39.52,749.997188,749.707706,7252,0.0,0.0,55866.716840477915,0.0
39.53,749.997188,749.751128,7252,0.0,0.0,55869.95256095836,0.0
39.54,737.087415,747.851571,7252,0.0,0.0,55728.40137748774,0.0
39.550000000000004,737.087415,746.236948,7252,0.0,0.0,55608.0829050708,0.0
39.56,737.087415,744.864518,7252,0.0,0.0,55505.81216998331,0.0
39.57,737.087415,743.697952,7252,0.0,0.0,55418.88200789994,0.0
39.58,737.087415,742.706372,7252,0.0,0.0,55344.99145209887,0.0
39.59,737.087415,741.863528,7253,0.0,0.0,55282.18440514997,0.0
39.6,776.393674,747.04305,7253,0.0,0.0,55668.15201176148,0.0
39.61,776.393674,751.445644,7253,0.0,0.0,55996.22449973667,0.0
39.62,776.393674,755.187848,7253,0.0,0.0,56275.086047449375,0.0
39.63,752.00925,754.711059,7253,0.0,0.0,56239.55668601627,0.0
39.64,730.03248,751.009272,7254,0.0,0.0,55963.70693220201,0.0
39.65,730.03248,747.862753,7254,0.0,0.0,55729.23463773396,0.0
39.660000000000004,730.03248,745.188212,7254,0.0,0.0,55529.93319861384,0.0
39.67,730.03248,742.914852,7254,0.0,0.0,55360.52696418404,0.0
39.68,730.03248,740.982496,7254,0.0,0.0,55216.5316649187,0.0
39.69,730.03248,739.339994,7254,0.0,0.0,55094.13570525396,0.0
39.7,780.939237,745.57988,7254,0.0,0.0,55559.11951359549,0.0
39.71,780.939237,750.883784,7254,0.0,0.0,55954.35581775196,0.0
39.72,780.939237,755.392102,7254,0.0,0.0,56290.30664647779,0.0
39.730000000000004,739.997237,753.082872,7254,0.0,0.0,56118.22745148344,0.0
39.74,741.32923,751.319826,7255,0.0,0.0,55986.848794347505,0.0
39.75,741.32923,749.821236,7255,0.0,0.0,55875.176868715775,0.0
39.76,741.32923,748.547435,7255,0.0,0.0,55780.25576918779,0.0
39.77,741.32923,747.464705,7255,0.0,0.0,55699.57289792931,0.0
39.78,741.32923,746.544383,7255,0.0,0.0,55630.992345582614,0.0
39.79,741.32923,745.76211,7255,0.0,0.0,55572.6989282505,0.0
39.800000000000004,741.32923,745.097178,7255,0.0,0.0,55523.149527244124,0.0
39.81,741.32923,744.531986,7255,0.0,0.0,55481.03255129229,0.0
39.82,741.32923,744.051573,7255,0.0,0.0,55445.23313663683,0.0
39.83,771.117353,748.11144,7256,0.0,0.0,55747.76629493813,0.0
39.84,738.177321,746.621322,7256,0.0,0.0,55636.72568577984,0.0
39.85,738.177321,745.354722,7256,0.0,0.0,55542.34119035071,0.0
39.86,738.177321,744.278112,7256,0.0,0.0,55462.11436923593,0.0
39.87,738.177321,743.362993,7256,0.0,0.0,55393.921534029374,0.0
39.88,738.177321,742.585142,7256,0.0,0.0,55335.9576352815,0.0
39.89,738.177321,741.923969,7256,0.0,0.0,55286.68834742712,0.0
39.9,767.582994,745.772823,7256,0.0,0.0,55573.497239555996,0.0
39.910000000000004,767.582994,749.044349,7257,0.0,0.0,55817.284805317344,0.0
39.92,719.927971,744.676892,7257,0.0,0.0,55491.83065621464,0.0
39.93,719.927971,740.964554,7257,0.0,0.0,55215.19466301046,0.0
39.94,748.952484,742.162743,7257,0.0,0.0,55304.481307723654,0.0
39.95,748.952484,743.181204,7257,0.0,0.0,55380.37498181118,0.0
39.96,748.952484,744.046896,7257,0.0,0.0,55444.88461596327,0.0
39.97,748.952484,744.782734,7257,0.0,0.0,55499.71779008896,0.0
39.980000000000004,748.952484,745.408197,7257,0.0,0.0,55546.326040258384,0.0
39.99,748.952484,745.93984,7258,0.0,0.0,55585.94301191751,0.0
40.0,743.050926,745.506503,7258,0.0,0.0,55553.65160650476,0.0
40.01,743.050926,745.138166,7258,0.0,0.0,55526.20387091904,0.0
40.02,761.960454,747.661509,7258,0.0,0.0,55714.238337877556,0.0
40.03,761.960454,749.806351,7258,0.0,0.0,55874.067668325384,0.0
40.04,746.40611,749.296315,7259,0.0,0.0,55836.06080703477,0.0
40.050000000000004,746.40611,748.862784,7259,0.0,0.0,55803.754945130546,0.0
40.06,746.40611,748.494283,7259,0.0,0.0,55776.29498859325,0.0
40.07,746.40611,748.181057,7259,0.0,0.0,55752.95401435885,0.0
40.08,746.40611,747.914815,7259,0.0,0.0,55733.114193711415,0.0
40.09,746.40611,747.688509,7259,0.0,0.0,55716.25032380569,0.0
40.1,757.392263,749.144073,7259,0.0,0.0,55824.71603808394,0.0
40.11,757.392263,750.381301,7259,0.0,0.0,55916.911790895254,0.0
40.12,737.990406,748.522667,7259,0.0,0.0,55778.41010742971,0.0
40.13,737.990406,746.942828,7259,0.0,0.0,55660.68366903221,0.0
40.14,753.69234,747.955255,7260,0.0,0.0,55736.127701523794,0.0
40.15,753.69234,748.815817,7260,0.0,0.0,55800.25505834954,0.0
40.160000000000004,753.69234,749.547296,7260,0.0,0.0,55854.763408524814,0.0
40.17,753.69234,750.169052,7260,0.0,0.0,55901.09542047812,0.0
40.18,753.69234,750.697546,7260,0.0,0.0,55940.477734963606,0.0
40.19,753.69234,751.146765,7260,0.0,0.0,55973.95263521009,0.0
40.2,811.158362,760.148504,7260,0.0,0.0,56644.74419805537,0.0
40.21,811.158362,767.799983,7260,0.0,0.0,57214.917089814146,0.0
40.22,917.998256,790.329724,7261,0.0,0.0,58893.788269692755,0.0
40.230000000000004,917.998256,809.480004,7261,0.0,0.0,60320.828783767276,0.0
40.24,987.094537,836.122184,7261,0.0,0.0,62306.15068210326,0.0
40.25,987.094537,858.768037,7261,0.0,0.0,63993.674295688856,0.0
40.26,987.094537,878.017012,7261,0.0,0.0,65428.069363510716,0.0
40.27,987.094537,894.378641,7261,0.0,0.0,66647.3051897888,0.0
40.28,987.094537,908.286025,7262,0.0,0.0,67683.65559368847,0.0
40.29,987.094537,920.107302,7262,0.0,0.0,68564.55348171399,0.0
40.300000000000004,1005.16924,932.866593,7262,0.0,0.0,69515.35029449512,0.0
40.31,1005.16924,943.71199,7262,0.0,0.0,70323.52755927778,0.0
40.32,1007.948595,953.34748,7262,0.0,0.0,71041.54497745442,0.0
40.33,1007.948595,961.537648,7262,0.0,0.0,71651.85989468156,0.0
40.34,1009.149532,968.67943,7263,0.0,0.0,72184.05118675085,0.0
40.35,1009.149532,974.749945,7263,0.0,0.0,72636.4138073651,0.0
40.36,1009.149532,979.909883,7263,0.0,0.0,73020.92205351676,0.0
40.37,1009.149532,984.295831,7263,0.0,0.0,73347.75411490822,0.0
40.38,1009.149532,988.023886,7263,0.0,0.0,73625.56130747659,0.0
40.39,1009.149532,991.192733,7263,0.0,0.0,73861.6974397892,0.0
40.4,1010.367129,994.068892,7264,0.0,0.0,74076.02304849673,0.0
40.410000000000004,1010.367129,996.513627,7264,0.0,0.0,74258.19980472048,0.0
40.42,1013.972724,999.132492,7264,0.0,0.0,74453.35237982076,0.0
40.43,1013.972724,1001.358527,7264,0.0,0.0,74619.23205002653,0.0
40.44,1006.615225,1002.147032,7265,0.0,0.0,74677.98986351804,0.0
40.45,1006.615225,1002.817261,7265,0.0,0.0,74727.93398635634,0.0
40.46,1006.615225,1003.386955,7265,0.0,0.0,74770.38644233216,0.0
40.47,1006.615225,1003.871196,7265,0.0,0.0,74806.47111188144,0.0
40.480000000000004,1006.615225,1004.2828,7265,0.0,0.0,74837.143017658,0.0
40.49,1006.615225,1004.632664,7265,0.0,0.0,74863.21418227891,0.0
40.5,1016.365593,1006.392603,7265,0.0,0.0,74994.36131199711,0.0
40.51,1016.365593,1007.888552,7265,0.0,0.0,75105.83643559787,0.0
40.52,1007.983167,1007.902744,7266,0.0,0.0,75106.89399501611,0.0
40.53,1007.983167,1007.914807,7266,0.0,0.0,75107.79290561801,0.0
40.54,1004.673674,1007.428637,7267,0.0,0.0,75071.56449085187,0.0
40.550000000000004,1004.673674,1007.015393,7267,0.0,0.0,75040.77037555966,0.0
40.56,1004.673674,1006.664135,7267,0.0,0.0,75014.59533285045,0.0
40.57,1004.673674,1006.365566,7267,0.0,0.0,74992.34656890306,0.0
40.58,1004.673674,1006.111782,7267,0.0,0.0,74973.43509346647,0.0
40.59,1004.673674,1005.896066,7267,0.0,0.0,74957.36036915256,0.0
40.6,1020.87381,1008.142728,7267,0.0,0.0,75124.77712208942,0.0
40.61,1020.87381,1010.05239,7267,0.0,0.0,75267.08130992317,0.0
40.62,1020.87381,1011.675603,7267,0.0,0.0,75388.03989193724,0.0
40.63,1004.008601,1010.525553,7267,0.0,0.0,75302.3404690979,0.0
40.64,1002.651665,1009.34447,7268,0.0,0.0,75214.32852924718,0.0
40.65,1002.651665,1008.340549,7268,0.0,0.0,75139.51834684097,0.0
40.660000000000004,1002.651665,1007.487216,7268,0.0,0.0,75075.92968061796,0.0
40.67,1002.651665,1006.761884,7268,0.0,0.0,75021.87939257233,0.0
40.68,1002.651665,1006.145351,7268,0.0,0.0,74975.93658811913,0.0
40.69,1002.651665,1005.621298,7268,0.0,0.0,74936.88520805983,0.0
40.7,1023.624637,1008.321799,7269,0.0,0.0,75138.12113439088,0.0
40.71,1023.624637,1010.617224,7269,0.0,0.0,75309.17160843193,0.0
40.72,1019.981997,1012.02194,7269,0.0,0.0,75413.84823158152,0.0
40.730000000000004,1019.981997,1013.215949,7269,0.0,0.0,75502.82339106583,0.0
40.74,1000.460569,1011.302642,7270,0.0,0.0,75360.24758513182,0.0
40.75,1000.460569,1009.676331,7270,0.0,0.0,75239.05814636199,0.0
40.76,1000.460569,1008.293967,7270,0.0,0.0,75136.04714948894,0.0
40.77,1000.460569,1007.118957,7270,0.0,0.0,75048.48775743604,0.0
40.78,1000.460569,1006.120199,7270,0.0,0.0,74974.06231145008,0.0
40.79,1000.460569,1005.271254,7270,0.0,0.0,74910.80063019942,0.0
40.800000000000004,1000.460569,1004.549651,7270,0.0,0.0,74857.02821976585,0.0
40.81,1000.460569,1003.936289,7270,0.0,0.0,74811.3217118822,0.0
40.82,1000.460569,1003.414931,7271,0.0,0.0,74772.47115782573,0.0
40.83,1031.745831,1007.664566,7271,0.0,0.0,75089.14544744599,0.0
40.84,1002.781574,1006.932117,7272,0.0,0.0,75034.56481481328,0.0
40.85,1002.781574,1006.309536,7272,0.0,0.0,74988.17132551219,0.0
40.86,1002.781574,1005.780342,7272,0.0,0.0,74948.73684842855,0.0
40.87,1002.781574,1005.330527,7272,0.0,0.0,74915.21753545567,0.0
40.88,1002.781574,1004.948184,7272,0.0,0.0,74886.7261007992,0.0
40.89,1002.781574,1004.623192,7272,0.0,0.0,74862.50834780812,0.0
40.9,1028.333891,1008.179797,7272,0.0,0.0,75127.53942973279,0.0
40.910000000000004,1028.333891,1011.202911,7272,0.0,0.0,75352.81583073922,0.0
40.92,959.92527,1003.511265,7272,0.0,0.0,74779.64977458134,0.0
40.93,959.92527,996.973366,7272,0.0,0.0,74292.45863429895,0.0
40.94,1013.83428,999.502503,7273,0.0,0.0,74480.92485853404,0.0
40.95,1013.83428,1001.65227,7273,0.0,0.0,74641.12119011878,0.0
40.96,1013.83428,1003.479571,7273,0.0,0.0,74777.2880011737,0.0
40.97,1013.83428,1005.032777,7273,0.0,0.0,74893.02980174807,0.0
40.980000000000004,1013.83428,1006.353003,7273,0.0,0.0,74991.41039930249,0.0
40.99,1013.83428,1007.475194,7273,0.0,0.0,75075.03382525395,0.0
41.0,1005.180831,1007.13104,7274,0.0,0.0,75049.3881583979,0.0
41.01,1005.180831,1006.838509,7274,0.0,0.0,75027.5893341184,0.0
41.02,1019.929115,1008.8021,7274,0.0,0.0,75173.91220303062,0.0
41.03,1019.929115,1010.471152,7274,0.0,0.0,75298.2866155247,0.0
41.04,1022.659725,1012.299438,7275,0.0,0.0,75434.52682680699,0.0
41.050000000000004,1022.659725,1013.853481,7275,0.0,0.0,75550.33099894515,0.0
41.06,1022.659725,1015.174417,7275,0.0,0.0,75648.76450427766,0.0
41.07,1022.659725,1016.297214,7275,0.0,0.0,75732.43308813554,0.0
41.08,1022.659725,1017.25159,7275,0.0,0.0,75803.5512763636,0.0
41.09,1022.659725,1018.06281,7275,0.0,0.0,75864.00176616467,0.0
41.1,973.104309,1011.319035,7275,0.0,0.0,75361.46915866218,0.0
41.11,973.104309,1005.586826,7275,0.0,0.0,74934.31642365557,0.0
41.12,973.104309,1000.714449,7276,0.0,0.0,74571.23664733663,0.0
41.13,1016.069567,1003.017717,7276,0.0,0.0,74742.87156603084,0.0
41.14,996.746822,1002.077082,7277,0.0,0.0,74672.7773296042,0.0
41.15,996.746822,1001.277543,7277,0.0,0.0,74613.19728453005,0.0
41.160000000000004,996.746822,1000.597935,7277,0.0,0.0,74562.55425739472,0.0
41.17,996.746822,1000.020268,7277,0.0,0.0,74519.5076694261,0.0
41.18,996.746822,999.529251,7277,0.0,0.0,74482.91806592686,0.0
41.19,996.746822,999.111887,7277,0.0,0.0,74451.81693648561,0.0
41.2,1055.258725,1007.533913,7277,0.0,0.0,75079.4094475397,0.0
41.21,1055.258725,1014.692635,7277,0.0,0.0,75612.86307448386,0.0
41.22,983.866047,1010.068646,7277,0.0,0.0,75268.29267448791,0.0
41.230000000000004,983.866047,1006.138256,7278,0.0,0.0,74975.40788292802,0.0
41.24,999.892713,1005.201425,7278,0.0,0.0,74905.59711296325,0.0
41.25,999.892713,1004.405118,7278,0.0,0.0,74846.25791005649,0.0
41.26,999.892713,1003.728257,7278,0.0,0.0,74795.81958385983,0.0
41.27,999.892713,1003.152926,7278,0.0,0.0,74752.947069933,0.0
41.28,999.892713,1002.663894,7278,0.0,0.0,74716.50538465849,0.0
41.29,999.892713,1002.248217,7279,0.0,0.0,74685.52996707875,0.0
41.300000000000004,1011.929159,1003.700358,7279,0.0,0.0,74793.7406062521,0.0
41.31,1011.929159,1004.934678,7279,0.0,0.0,74885.71966072716,0.0
41.32,1025.976146,1008.090898,7279,0.0,0.0,75120.91485428736,0.0
41.33,1025.976146,1010.773686,7279,0.0,0.0,75320.83084333155,0.0
41.34,1007.514198,1010.284762,7280,0.0,0.0,75284.39720600074,0.0
41.35,1007.514198,1009.869178,7280,0.0,0.0,75253.42871859476,0.0
41.36,1007.514198,1009.515931,7280,0.0,0.0,75227.10545958889,0.0
41.37,1007.514198,1009.215671,7280,0.0,0.0,75204.73068570797,0.0
41.38,1007.514198,1008.96045,7280,0.0,0.0,75185.7121279092,0.0
41.39,1007.514198,1008.743512,7280,0.0,0.0,75169.54634260254,0.0
41.4,1004.159059,1008.055844,7280,0.0,0.0,75118.30270040866,0.0
41.410000000000004,1004.159059,1007.471327,7281,0.0,0.0,75074.74566415825,0.0
41.42,1004.159059,1006.974487,7281,0.0,0.0,75037.72214236051,0.0
41.43,1016.053885,1008.336396,7281,0.0,0.0,75139.20887359802,0.0
41.44,1003.21829,1007.56868,7282,0.0,0.0,75082.00021475316,0.0
41.45,1003.21829,1006.916122,7282,0.0,0.0,75033.37289944585,0.0
41.46,1003.21829,1006.361447,7282,0.0,0.0,74992.03962927204,0.0
41.47,1003.21829,1005.889974,7282,0.0,0.0,74956.90640551278,0.0
41.480000000000004,1003.21829,1005.489221,7282,0.0,0.0,74927.04309452533,0.0
41.49,1003.21829,1005.148582,7282,0.0,0.0,74901.65935842988,0.0
41.5,1027.324222,1008.474928,7282,0.0,0.0,75149.53200080534,0.0
41.51,1027.324222,1011.302322,7282,0.0,0.0,75360.22373937267,0.0
41.52,1001.887688,1009.890127,7282,0.0,0.0,75254.989796121,0.0
41.53,1001.887688,1008.689761,7283,0.0,0.0,75165.54092572759,0.0
41.54,1009.481678,1008.808549,7283,0.0,0.0,75174.39276959545,0.0
41.550000000000004,1009.481678,1008.909518,7283,0.0,0.0,75181.91677726874,0.0
41.56,1009.481678,1008.995342,7283,0.0,0.0,75188.31220987234,0.0
41.57,1009.481678,1009.068292,7283,0.0,0.0,75193.74829777818,0.0
41.58,1009.481678,1009.1303,7283,0.0,0.0,75198.36900975717,0.0
41.59,1009.481678,1009.183007,7284,0.0,0.0,75202.2966298429,0.0
41.6,1014.592893,1009.99449,7284,0.0,0.0,75262.76671787725,0.0
41.61,1014.592893,1010.68425,7284,0.0,0.0,75314.16625172157,0.0
41.62,1014.592893,1011.270547,7284,0.0,0.0,75357.85593000722,0.0
41.63,1008.065894,1010.789849,7284,0.0,0.0,75322.03527772253,0.0
41.64,1006.090434,1010.084937,7285,0.0,0.0,75269.50664718253,0.0
41.65,1006.090434,1009.485761,7285,0.0,0.0,75224.85725160915,0.0
41.660000000000004,1006.090434,1008.976462,7285,0.0,0.0,75186.90531008255,0.0
41.67,1006.090434,1008.543558,7285,0.0,0.0,75154.64617096267,0.0
41.68,1006.090434,1008.175589,7285,0.0,0.0,75127.22585799998,0.0
41.69,1006.090434,1007.862816,7285,0.0,0.0,75103.91864041836,0.0
41.7,1021.832006,1009.958195,7285,0.0,0.0,75260.06208716385,0.0
41.71,1021.832006,1011.739266,7286,0.0,0.0,75392.78393120179,0.0
41.72,1007.998034,1011.178081,7286,0.0,0.0,75350.96554886532,0.0
41.730000000000004,1007.998034,1010.701074,7286,0.0,0.0,75315.41994250877,0.0
41.74,1008.766135,1010.410833,7287,0.0,0.0,75293.79176444322,0.0
41.75,1008.766135,1010.164129,7287,0.0,0.0,75275.4078764278,0.0
41.76,1008.766135,1009.95443,7287,0.0,0.0,75259.78152690387,0.0
41.77,1008.766135,1009.776185,7287,0.0,0.0,75246.49906646826,0.0
41.78,1008.766135,1009.624678,7287,0.0,0.0,75235.20906824544,0.0
41.79,1008.766135,1009.495896,7287,0.0,0.0,75225.61249151218,0.0
41.800000000000004,1008.766135,1009.386432,7287,0.0,0.0,75217.45545345149,0.0
41.81,1008.766135,1009.293388,7287,0.0,0.0,75210.52200090713,0.0
41.82,1008.766135,1009.2143,7287,0.0,0.0,75204.62852153361,0.0
41.83,1014.76091,1010.046291,7288,0.0,0.0,75266.62682465739,0.0
41.84,1006.717217,1009.54693,7288,0.0,0.0,75229.41544298836,0.0
41.85,1006.717217,1009.122473,7288,0.0,0.0,75197.785757392,0.0
41.86,1006.717217,1008.761685,7288,0.0,0.0,75170.90055816818,0.0
41.87,1006.717217,1008.455015,7288,0.0,0.0,75148.04812392432,0.0
41.88,1006.717217,1008.194345,7288,0.0,0.0,75128.62351755808,0.0
41.89,1006.717217,1007.972776,7289,0.0,0.0,75112.11263940572,0.0
41.9,978.399495,1003.536784,7289,0.0,0.0,74781.55139935545,0.0
41.910000000000004,978.399495,999.76619,7289,0.0,0.0,74500.57428569828,0.0
41.92,1013.852535,1001.879142,7289,0.0,0.0,74658.02723721099,0.0
41.93,1013.852535,1003.675151,7289,0.0,0.0,74791.8622310932,0.0
41.94,1011.098099,1004.788593,7290,0.0,0.0,74874.83369908594,0.0
41.95,1011.098099,1005.735019,7290,0.0,0.0,74945.35946923518,0.0
41.96,1011.098099,1006.539481,7290,0.0,0.0,75005.30636641022,0.0
41.97,1011.098099,1007.223274,7290,0.0,0.0,75056.26125136441,0.0
41.980000000000004,1011.098099,1007.804498,7290,0.0,0.0,75099.57289984958,0.0
41.99,1011.098099,1008.298538,7290,0.0,0.0,75136.38777125478,0.0
42.0,1011.098099,1008.718472,7290,0.0,0.0,75167.68041194917,0.0
42.01,1011.098099,1009.075416,7291,0.0,0.0,75194.27916399123,0.0
42.02,1017.661622,1010.363347,7291,0.0,0.0,75290.25320282158,0.0
42.03,1017.661622,1011.458088,7291,0.0,0.0,75371.83110974611,0.0
42.04,1009.518994,1011.167224,7292,0.0,0.0,75350.15650696823,0.0
42.050000000000004,1009.518994,1010.91999,7292,0.0,0.0,75331.73312441418,0.0
42.06,1009.518994,1010.70984,7292,0.0,0.0,75316.07316727347,0.0
42.07,1009.518994,1010.531213,7292,0.0,0.0,75302.76224096285,0.0
42.08,1009.518994,1010.379381,7292,0.0,0.0,75291.44802439092,0.0
42.09,1009.518994,1010.250323,7292,0.0,0.0,75281.8308806904,0.0
42.1,1009.518994,1010.140623,7292,0.0,0.0,75273.65625638234,0.0
42.11,978.93947,1005.46045,7292,0.0,0.0,74924.8991372239,0.0
42.12,978.93947,1001.482303,7292,0.0,0.0,74628.45558966511,0.0
42.13,978.93947,998.100878,7293,0.0,0.0,74376.47857051426,0.0
42.14,1010.263657,999.925295,7294,0.0,0.0,74512.43047166485,0.0
42.15,1010.263657,1001.47605,7294,0.0,0.0,74627.98962862775,0.0
42.160000000000004,1010.263657,1002.794191,7294,0.0,0.0,74726.21485615773,0.0
42.17,1010.263657,1003.914611,7294,0.0,0.0,74809.7063107359,0.0
42.18,1010.263657,1004.866968,7294,0.0,0.0,74880.67404712734,0.0
42.19,1010.263657,1005.676471,7294,0.0,0.0,74940.99658952699,0.0
42.2,1010.263657,1006.364549,7294,0.0,0.0,74992.27078409979,0.0
42.21,1025.323839,1009.208442,7294,0.0,0.0,75204.1919951052,0.0
42.22,1025.323839,1011.625752,7294,0.0,0.0,75384.32509525192,0.0
42.230000000000004,1001.268473,1010.07216,7294,0.0,0.0,75268.55453073054,0.0
42.24,1010.506389,1010.137295,7295,0.0,0.0,75273.4082604872,0.0
42.25,1010.506389,1010.192659,7295,0.0,0.0,75277.53387489186,0.0
42.26,1010.506389,1010.239718,7295,0.0,0.0,75281.04061732862,0.0
42.27,1010.506389,1010.279719,7295,0.0,0.0,75284.02141174016,0.0
42.28,1010.506389,1010.31372,7295,0.0,0.0,75286.55509816768,0.0
42.29,1010.506389,1010.34262,7295,0.0,0.0,75288.70866829074,0.0
42.300000000000004,1010.506389,1010.367185,7296,0.0,0.0,75290.53920289538,0.0
42.31,1010.506389,1010.388066,7296,0.0,0.0,75292.09521319781,0.0
42.32,994.542608,1008.011247,7296,0.0,0.0,75114.97942128136,0.0
42.33,994.542608,1005.990951,7296,0.0,0.0,74964.43100933006,0.0
42.34,1018.741384,1007.903516,7297,0.0,0.0,75106.95152291004,0.0
42.35,1018.741384,1009.529196,7297,0.0,0.0,75228.09394082356,0.0
42.36,1018.741384,1010.911024,7297,0.0,0.0,75331.06499605006,0.0
42.37,1018.741384,1012.085578,7297,0.0,0.0,75418.59040789616,0.0
42.38,1018.741384,1013.083949,7297,0.0,0.0,75492.98701541714,0.0
42.39,1018.741384,1013.932564,7297,0.0,0.0,75556.22410572869,0.0
42.4,1018.741384,1014.653887,7297,0.0,0.0,75609.975651123,0.0
42.410000000000004,989.823104,1010.92927,7297,0.0,0.0,75332.42465142948,0.0
42.42,989.823104,1007.763345,7298,0.0,0.0,75096.50626070511,0.0
42.43,989.823104,1005.072309,7298,0.0,0.0,74895.97564721887,0.0
42.44,1014.589569,1006.499898,7299,0.0,0.0,75002.35672052157,0.0
42.45,1014.589569,1007.713348,7299,0.0,0.0,75092.78058439214,0.0
42.46,1014.589569,1008.744782,7299,0.0,0.0,75169.64098045915,0.0
42.47,1014.589569,1009.6215,7299,0.0,0.0,75234.9722500499,0.0
42.480000000000004,1014.589569,1010.36671,7299,0.0,0.0,75290.50380684665,0.0
42.49,1014.589569,1011.000139,7299,0.0,0.0,75337.70566738288,0.0
42.5,1014.589569,1011.538554,7299,0.0,0.0,75377.82727491998,0.0
42.51,989.247971,1008.194966,7299,0.0,0.0,75128.66979323441,0.0
42.52,989.247971,1005.352917,7299,0.0,0.0,74916.88599341609,0.0
42.53,989.247971,1002.937175,7299,0.0,0.0,74736.86973748919,0.0
42.54,1007.594403,1003.635759,7300,0.0,0.0,74788.92681814203,0.0
42.550000000000004,1007.594403,1004.229556,7300,0.0,0.0,74833.17538140774,0.0
42.56,1007.594403,1004.734283,7300,0.0,0.0,74870.78662665049,0.0
42.57,1007.594403,1005.163301,7300,0.0,0.0,74902.7561888327,0.0
42.58,1007.594403,1005.527966,7300,0.0,0.0,74929.93029433221,0.0
42.59,1007.594403,1005.837932,7300,0.0,0.0,74953.02833989529,0.0
42.6,1007.594403,1006.101402,7301,0.0,0.0,74972.66159665411,0.0
42.61,1036.725689,1010.695045,7301,0.0,0.0,75314.97067350284,0.0
42.62,1036.725689,1014.599642,7301,0.0,0.0,75605.93342235737,0.0
42.63,1036.725689,1017.918549,7301,0.0,0.0,75853.25172535061,0.0
42.64,1013.037165,1017.186342,7302,0.0,0.0,75798.68912607325,0.0
42.65,1013.037165,1016.563965,7302,0.0,0.0,75752.31083844362,0.0
42.660000000000004,1013.037165,1016.034945,7302,0.0,0.0,75712.88932749153,0.0
42.67,1013.037165,1015.585278,7302,0.0,0.0,75679.38104318225,0.0
42.68,1013.037165,1015.203061,7302,0.0,0.0,75650.89899779345,0.0
42.69,1013.037165,1014.878177,7302,0.0,0.0,75626.68929274609,0.0
42.7,1013.037165,1014.602025,7302,0.0,0.0,75606.11099874502,0.0
42.71,996.250943,1011.849363,7302,0.0,0.0,75400.98813915481,0.0
42.72,996.250943,1009.5096,7303,0.0,0.0,75226.6336861477,0.0
42.730000000000004,996.250943,1007.520801,7303,0.0,0.0,75078.4323675586,0.0
42.74,1006.98504,1007.440437,7305,0.0,0.0,75072.44380322046,0.0
42.75,1006.98504,1007.372128,7305,0.0,0.0,75067.35355334028,0.0
42.76,1006.98504,1007.314064,7305,0.0,0.0,75063.02674034279,0.0
42.77,1006.98504,1007.264711,7305,0.0,0.0,75059.34905362014,0.0
42.78,1006.98504,1007.22276,7305,0.0,0.0,75056.22294911377,0.0
42.79,1006.98504,1007.187102,7305,0.0,0.0,75053.56578636469,0.0
42.800000000000004,1006.98504,1007.156793,7305,0.0,0.0,75051.30722038333,0.0
42.81,1006.98504,1007.13103,7305,0.0,0.0,75049.3874132179,0.0
42.82,1006.98504,1007.109131,7305,0.0,0.0,75047.75554359419,0.0
42.83,1006.98504,1007.090518,7305,0.0,0.0,75046.36854010972,0.0
42.84,1009.110926,1007.393579,7306,0.0,0.0,75068.95203890117,0.0
42.85,1009.110926,1007.651181,7306,0.0,0.0,75088.1480240516,0.0
42.86,1009.110926,1007.870143,7306,0.0,0.0,75104.46463378485,0.0
42.87,1009.110926,1008.05626,7306,0.0,0.0,75118.33369989555,0.0
42.88,1009.110926,1008.21446,7306,0.0,0.0,75130.12244707452,0.0
42.89,1009.110926,1008.34893,7306,0.0,0.0,75140.14288217666,0.0
42.9,1009.110926,1008.463229,7306,0.0,0.0,75148.66021475448,0.0
42.910000000000004,1009.110926,1008.560384,7306,0.0,0.0,75155.90001078592,0.0
42.92,996.85507,1006.804587,7306,0.0,0.0,75025.06153461267,0.0
42.93,996.85507,1005.312159,7306,0.0,0.0,74913.84878888052,0.0
42.94,1009.351136,1005.918006,7307,0.0,0.0,74958.99529401418,0.0
42.95,1009.351136,1006.432975,7307,0.0,0.0,74997.36975258568,0.0
42.96,1009.351136,1006.870699,7307,0.0,0.0,75029.98806845273,0.0
42.97,1009.351136,1007.242765,7307,0.0,0.0,75057.71368165055,0.0
42.980000000000004,1009.351136,1007.559021,7307,0.0,0.0,75081.28044541688,0.0
42.99,1009.351136,1007.827838,7307,0.0,0.0,75101.31214990748,0.0
43.0,1005.094152,1007.417785,7307,0.0,0.0,75070.75582154474,0.0
43.01,1005.094152,1007.06924,7307,0.0,0.0,75044.78294616236,0.0
43.02,1005.094152,1006.772977,7308,0.0,0.0,75022.70602071681,0.0
43.03,1012.018655,1007.559829,7308,0.0,0.0,75081.34065595873,0.0
43.04,1004.711646,1007.132601,7309,0.0,0.0,75049.50448099173,0.0
43.050000000000004,1004.711646,1006.769458,7309,0.0,0.0,75022.44379188419,0.0
43.06,1004.711646,1006.460786,7309,0.0,0.0,74999.44217260965,0.0
43.07,1004.711646,1006.198415,7309,0.0,0.0,74979.89081112991,0.0
43.08,1004.711646,1005.9754,7309,0.0,0.0,74963.27217995343,0.0
43.09,1004.711646,1005.785837,7309,0.0,0.0,74949.14632482393,0.0
43.1,1024.321613,1008.566203,7309,0.0,0.0,75156.33363101241,0.0
43.11,1024.321613,1010.929515,7309,0.0,0.0,75332.44290833884,0.0
43.12,1024.321613,1012.938329,7309,0.0,0.0,75482.1357046447,0.0
43.13,1008.046605,1012.204571,7309,0.0,0.0,75427.45752795345,0.0
43.14,1006.231747,1011.308647,7310,0.0,0.0,75360.69506570582,0.0
43.15,1006.231747,1010.547112,7310,0.0,0.0,75303.94700260255,0.0
43.160000000000004,1006.231747,1009.899807,7310,0.0,0.0,75255.71113033524,0.0
43.17,1006.231747,1009.349598,7310,0.0,0.0,75214.71065753754,0.0
43.18,1006.231747,1008.88192,7310,0.0,0.0,75179.8602295782,0.0
43.19,1006.231747,1008.484394,7310,0.0,0.0,75150.23738816813,0.0
43.2,1011.412439,1008.923601,7311,0.0,0.0,75182.96621422528,0.0
43.21,1011.412439,1009.296927,7311,0.0,0.0,75210.78572009971,0.0
43.22,1019.934775,1010.892604,7311,0.0,0.0,75329.69237453907,0.0
43.230000000000004,1019.934775,1012.24893,7311,0.0,0.0,75430.76307179741,0.0
43.24,1008.001646,1011.611837,7312,0.0,0.0,75383.28817731894,0.0
43.25,1008.001646,1011.070309,7312,0.0,0.0,75342.93459525614,0.0
43.26,1008.001646,1010.610009,7312,0.0,0.0,75308.63396108114,0.0
43.27,1008.001646,1010.218755,7312,0.0,0.0,75279.4784965504,0.0
43.28,1008.001646,1009.886188,7312,0.0,0.0,75254.6962697295,0.0
43.29,1008.001646,1009.603507,7312,0.0,0.0,75233.6314477238,0.0
43.300000000000004,1012.981754,1010.110244,7312,0.0,0.0,75271.39247414119,0.0
43.31,1012.981754,1010.540971,7312,0.0,0.0,75303.48938758088,0.0
43.32,1007.971928,1010.155614,7313,0.0,0.0,75274.77335568045,0.0
43.33,1007.971928,1009.828061,7313,0.0,0.0,75250.36476209818,0.0
43.34,1006.421851,1009.31713,7314,0.0,0.0,75212.29120719993,0.0
43.35,1006.421851,1008.882838,7314,0.0,0.0,75179.92863709974,0.0
43.36,1006.421851,1008.51369,7314,0.0,0.0,75152.42046741818,0.0
43.37,1006.421851,1008.199914,7314,0.0,0.0,75129.03850828523,0.0
43.38,1006.421851,1007.933205,7314,0.0,0.0,75109.16388773304,0.0
43.39,1006.421851,1007.706502,7314,0.0,0.0,75092.27043418238,0.0
43.4,1021.841227,1009.82671,7314,0.0,0.0,75250.26408828377,0.0
43.410000000000004,1021.841227,1011.628888,7314,0.0,0.0,75384.55878369157,0.0
43.42,1021.841227,1013.160739,7314,0.0,0.0,75498.70925243279,0.0
43.43,1008.040355,1012.392681,7315,0.0,0.0,75441.47510843285,0.0
43.44,1006.666368,1011.533734,7315,0.0,0.0,75377.4680981728,0.0
43.45,1006.666368,1010.803629,7315,0.0,0.0,75323.06213572585,0.0
43.46,1006.666368,1010.18304,7315,0.0,0.0,75276.81708627545,0.0
43.47,1006.666368,1009.655539,7315,0.0,0.0,75237.50876816132,0.0
43.480000000000004,1006.666368,1009.207164,7315,0.0,0.0,75204.0967611046,0.0
43.49,1006.666368,1008.826045,7316,0.0,0.0,75175.69653647688,0.0
43.5,1015.619422,1009.845051,7316,0.0,0.0,75251.63082287296,0.0
43.51,1015.619422,1010.711207,7316,0.0,0.0,75316.17503337582,0.0
43.52,1013.983928,1011.202115,7316,0.0,0.0,75352.75651441337,0.0
43.53,1013.983928,1011.619387,7316,0.0,0.0,75383.85078819883,0.0
43.54,1006.76578,1010.891346,7317,0.0,0.0,75329.5986308984,0.0
43.550000000000004,1006.76578,1010.272511,7317,0.0,0.0,75283.48428601536,0.0
43.56,1006.76578,1009.746501,7317,0.0,0.0,75244.28707423522,0.0
43.57,1006.76578,1009.299393,7317,0.0,0.0,75210.96948148114,0.0
43.58,1006.76578,1008.919351,7317,0.0,0.0,75182.64951273656,0.0
43.59,1006.76578,1008.596315,7317,0.0,0.0,75158.57751694828,0.0
43.6,1010.893552,1008.940901,7317,0.0,0.0,75184.25537557922,0.0
43.61,1010.893552,1009.233798,7318,0.0,0.0,75206.08147344571,0.0
43.62,1010.893552,1009.482761,7318,0.0,0.0,75224.63369761714,0.0
43.63,1012.011773,1009.862113,7318,0.0,0.0,75252.90224894356,0.0
43.64,1001.144078,1008.554408,7319,0.0,0.0,75155.4546912338,0.0
43.65,1001.144078,1007.442858,7319,0.0,0.0,75072.62421129203,0.0
43.660000000000004,1001.144078,1006.498041,7319,0.0,0.0,75002.21834060052,0.0
43.67,1001.144078,1005.694947,7319,0.0,0.0,74942.37338404582,0.0
43.68,1001.144078,1005.012316,7319,0.0,0.0,74891.50508900454,0.0
43.69,1001.144078,1004.432081,7319,0.0,0.0,74848.26713881873,0.0
43.7,1026.300114,1007.712286,7319,0.0,0.0,75092.70144627898,0.0
43.71,1026.300114,1010.50046,7319,0.0,0.0,75300.47058899069,0.0
43.72,995.978736,1008.322201,7319,0.0,0.0,75138.15109062579,0.0
43.730000000000004,995.978736,1006.470682,7320,0.0,0.0,75000.17960271132,0.0
43.74,1011.063979,1007.159676,7321,0.0,0.0,75051.52205576967,0.0
43.75,1011.063979,1007.745322,7321,0.0,0.0,75095.16322283907,0.0
43.76,1011.063979,1008.24312,7321,0.0,0.0,75132.25813287824,0.0
43.77,1011.063979,1008.666249,7321,0.0,0.0,75163.78885857416,0.0
43.78,1011.063979,1009.025909,7321,0.0,0.0,75190.59000149698,0.0
43.79,1011.063979,1009.331619,7321,0.0,0.0,75213.37089846337,0.0
43.800000000000004,1011.063979,1009.591473,7321,0.0,0.0,75232.7346981438,0.0
43.81,1011.063979,1009.812349,7321,0.0,0.0,75249.19393532399,0.0
43.82,1011.063979,1010.000094,7321,0.0,0.0,75263.18431673435,0.0
43.83,1015.652234,1010.847915,7321,0.0,0.0,75326.362239756,0.0
43.84,1005.675522,1010.072056,7322,0.0,0.0,75268.54678085881,0.0
43.85,1005.675522,1009.412576,7322,0.0,0.0,75219.40365197392,0.0
43.86,1005.675522,1008.852018,7322,0.0,0.0,75177.63199242175,0.0
43.87,1005.675522,1008.375543,7322,0.0,0.0,75142.12602963984,0.0
43.88,1005.675522,1007.97054,7322,0.0,0.0,75111.94601716369,0.0
43.89,1005.675522,1007.626287,7322,0.0,0.0,75086.29297302586,0.0
43.9,977.71985,1003.140322,7322,0.0,0.0,74752.00784509456,0.0
43.910000000000004,977.71985,999.327251,7323,0.0,0.0,74467.86543046444,0.0
43.92,1013.532559,1001.458047,7323,0.0,0.0,74626.64808112166,0.0
43.93,1013.532559,1003.269224,7323,0.0,0.0,74761.61336398752,0.0
43.94,1006.19299,1003.707789,7324,0.0,0.0,74794.29434949032,0.0
43.95,1006.19299,1004.080569,7324,0.0,0.0,74822.07316853822,0.0
43.96,1006.19299,1004.397432,7324,0.0,0.0,74845.68516472894,0.0
43.97,1006.19299,1004.666766,7324,0.0,0.0,74865.75539502417,0.0
43.980000000000004,1006.19299,1004.895699,7324,0.0,0.0,74882.81502370888,0.0
43.99,1006.19299,1005.090293,7324,0.0,0.0,74897.31577888301,0.0
44.0,1027.88154,1008.50898,7324,0.0,0.0,75152.0694876507,0.0
44.01,1027.88154,1011.414864,7324,0.0,0.0,75368.61014382915,0.0
44.02,1001.924755,1009.991348,7324,0.0,0.0,75262.53258232962,0.0
44.03,1001.924755,1008.781359,7325,0.0,0.0,75172.36662524781,0.0
44.04,1001.051832,1007.62193,7325,0.0,0.0,75085.96829811145,0.0
44.050000000000004,1001.051832,1006.636415,7325,0.0,0.0,75012.52969396423,0.0
44.06,1001.051832,1005.798728,7325,0.0,0.0,74950.10693632762,0.0
44.07,1001.051832,1005.086693,7325,0.0,0.0,74897.04751409257,0.0
44.08,1001.051832,1004.481464,7325,0.0,0.0,74851.94706108132,0.0
44.09,1001.051832,1003.967019,7326,0.0,0.0,74813.61164994045,0.0
44.1,1034.69128,1008.575658,7326,0.0,0.0,75157.03819867724,0.0
44.11,1034.69128,1012.493002,7326,0.0,0.0,75448.95082844386,0.0
44.12,1034.69128,1015.822743,7326,0.0,0.0,75697.07645942026,0.0
44.13,1008.007392,1014.650441,7326,0.0,0.0,75609.71886210417,0.0
44.14,1001.46154,1012.672106,7327,0.0,0.0,75462.29729983919,0.0
44.15,1001.46154,1010.990521,7327,0.0,0.0,75336.98895328448,0.0
44.160000000000004,1001.46154,1009.561174,7327,0.0,0.0,75230.47687734246,0.0
44.17,1001.46154,1008.346229,7327,0.0,0.0,75139.94160906583,0.0
44.18,1001.46154,1007.313525,7327,0.0,0.0,75062.98657514222,0.0
44.19,1001.46154,1006.435728,7327,0.0,0.0,74997.57490063235,0.0
44.2,1026.014618,1009.372561,7327,0.0,0.0,75216.42181431042,0.0
44.21,1026.014618,1011.86887,7328,0.0,0.0,75402.44176172889,0.0
44.22,1026.014618,1013.990732,7328,0.0,0.0,75560.55866859788,0.0
44.230000000000004,1016.03441,1014.297283,7328,0.0,0.0,75583.40223520005,0.0
44.24,1003.870175,1012.733217,7329,0.0,0.0,75466.85116917455,0.0
44.25,1003.870175,1011.403761,7329,0.0,0.0,75367.7827705047,0.0
44.26,1003.870175,1010.273723,7329,0.0,0.0,75283.57460182812,0.0
44.27,1003.870175,1009.313191,7329,0.0,0.0,75211.9976808084,0.0
44.28,1003.870175,1008.496738,7329,0.0,0.0,75151.15723832729,0.0
44.29,1003.870175,1007.802754,7329,0.0,0.0,75099.44294046222,0.0
44.300000000000004,1021.128127,1009.80156,7329,0.0,0.0,75248.3899606507,0.0
44.31,1021.128127,1011.500545,7329,0.0,0.0,75374.99492035912,0.0
44.32,1001.991533,1010.074193,7329,0.0,0.0,75268.70602581915,0.0
44.33,1001.991533,1008.861794,7330,0.0,0.0,75178.36048036376,0.0
44.34,1005.428227,1008.346759,7330,0.0,0.0,75139.98110360443,0.0
44.35,1005.428227,1007.908979,7330,0.0,0.0,75107.35861472951,0.0
44.36,1005.428227,1007.536866,7330,0.0,0.0,75079.62949918583,0.0
44.37,1005.428227,1007.220571,7330,0.0,0.0,75056.0598292176,0.0
44.38,1005.428227,1006.951719,7330,0.0,0.0,75036.0255165971,0.0
44.39,1005.428227,1006.723195,7331,0.0,0.0,75018.9963657733,0.0
44.4,1024.184201,1009.342346,7331,0.0,0.0,75214.17025302084,0.0
44.410000000000004,1024.184201,1011.568624,7331,0.0,0.0,75380.06803109995,0.0
44.42,1007.998992,1011.03318,7331,0.0,0.0,75340.16781653295,0.0
44.43,1007.998992,1010.578051,7331,0.0,0.0,75306.25251492219,0.0
44.44,1004.692833,1009.695269,7332,0.0,0.0,75240.46936819558,0.0
44.45,1004.692833,1008.944903,7332,0.0,0.0,75184.55359660456,0.0
44.46,1004.692833,1008.307093,7332,0.0,0.0,75137.02527272199,0.0
44.47,1004.692833,1007.764954,7332,0.0,0.0,75096.62616016282,0.0
44.480000000000004,1004.692833,1007.304136,7332,0.0,0.0,75062.28692566522,0.0
44.49,1004.692833,1006.91244,7332,0.0,0.0,75033.09852417964,0.0
44.5,1015.844008,1008.252175,7333,0.0,0.0,75132.93289334414,0.0
44.51,1015.844008,1009.39095,7333,0.0,0.0,75217.79212576347,0.0
44.52,1013.966083,1010.07722,7333,0.0,0.0,75268.93159179707,0.0
44.53,1013.966083,1010.660549,7333,0.0,0.0,75312.40010066662,0.0
44.54,1004.520574,1009.739553,7334,0.0,0.0,75243.76932318973,0.0
44.550000000000004,1004.520574,1008.956706,7334,0.0,0.0,75185.43313252715,0.0
44.56,1004.520574,1008.291286,7334,0.0,0.0,75135.84736673807,0.0
44.57,1004.520574,1007.72568,7334,0.0,0.0,75093.69954033534,0.0
44.58,1004.520574,1007.244914,7334,0.0,0.0,75057.87382082682,0.0
44.59,1004.520574,1006.836263,7334,0.0,0.0,75027.42196669639,0.0
44.6,1021.186775,1008.98884,7334,0.0,0.0,75187.82769385364,0.0
44.61,1021.186775,1010.81853,7334,0.0,0.0,75324.1725284042,0.0
44.62,1021.186775,1012.373767,7335,0.0,0.0,75440.06567503118,0.0
44.63,1004.053215,1011.125684,7335,0.0,0.0,75347.06102935877,0.0
44.64,1005.302386,1010.252189,7335,0.0,0.0,75281.96993127342,0.0
44.65,1005.302386,1009.509719,7335,0.0,0.0,75226.64255378941,0.0
44.660000000000004,1005.302386,1008.878619,7335,0.0,0.0,75179.61424566897,0.0
44.67,1005.302386,1008.342184,7335,0.0,0.0,75139.6401837666,0.0
44.68,1005.302386,1007.886214,7336,0.0,0.0,75105.66221252008,0.0
44.69,1005.302386,1007.49864,7336,0.0,0.0,75076.78097421957,0.0
44.7,1023.289541,1009.867275,7336,0.0,0.0,75253.28691084581,0.0
44.71,1023.289541,1011.880615,7336,0.0,0.0,75403.31697560764,0.0
44.72,1007.989618,1011.296965,7336,0.0,0.0,75359.8245464609,0.0
44.730000000000004,1007.989618,1010.800863,7336,0.0,0.0,75322.85601894523,0.0
44.74,1003.829217,1009.755116,7338,0.0,0.0,75244.92904678233,0.0
44.75,1003.829217,1008.866231,7338,0.0,0.0,75178.69111671794,0.0
44.76,1003.829217,1008.110679,7338,0.0,0.0,75122.38889479272,0.0
44.77,1003.829217,1007.46846,7338,0.0,0.0,75074.5320210599,0.0
44.78,1003.829217,1006.922574,7338,0.0,0.0,75033.85368956468,0.0
44.79,1003.829217,1006.45857,7338,0.0,0.0,74999.27704072757,0.0
44.800000000000004,1003.829217,1006.064167,7338,0.0,0.0,74969.88691902319,0.0
44.81,1003.829217,1005.728925,7338,0.0,0.0,74944.90535655938,0.0
44.82,1003.829217,1005.443969,7338,0.0,0.0,74923.67100610977,0.0
44.83,1030.036162,1009.132798,7338,0.0,0.0,75198.55515571452,0.0
44.84,1003.934591,1008.353067,7339,0.0,0.0,75140.45116313164,0.0
44.85,1003.934591,1007.690295,7339,0.0,0.0,75091.06272099951,0.0
44.86,1003.934591,1007.12694,7339,0.0,0.0,75049.08263460879,0.0
44.87,1003.934591,1006.648087,7339,0.0,0.0,75013.39946802918,0.0
44.88,1003.934591,1006.241063,7339,0.0,0.0,74983.06885468043,0.0
44.89,1003.934591,1005.895092,7339,0.0,0.0,74957.28778862316,0.0
44.9,1015.86216,1007.390152,7339,0.0,0.0,75068.6966657243,0.0
44.910000000000004,1015.86216,1008.660953,7339,0.0,0.0,75163.39421126027,0.0
44.92,1007.9747,1008.558015,7340,0.0,0.0,75155.7234776502,0.0
44.93,1007.9747,1008.470518,7340,0.0,0.0,75149.20337643706,0.0
44.94,1004.271823,1007.840714,7341,0.0,0.0,75102.27164364119,0.0
44.95,1004.271823,1007.30538,7341,0.0,0.0,75062.37962605391,0.0
44.96,1004.271823,1006.850347,7341,0.0,0.0,75028.47147817089,0.0
44.97,1004.271823,1006.463568,7341,0.0,0.0,74999.64948167827,0.0
44.980000000000004,1004.271823,1006.134806,7341,0.0,0.0,74975.1507958372,0.0
44.99,1004.271823,1005.855359,7341,0.0,0.0,74954.32696503491,0.0
45.0,986.543248,1002.958542,7341,0.0,0.0,74738.46196353831,0.0
45.01,986.543248,1000.496248,7341,0.0,0.0,74554.97674579933,0.0
45.02,1007.984023,1001.619415,7341,0.0,0.0,74638.6729013162,0.0
45.03,1007.984023,1002.574106,7341,0.0,0.0,74709.81456271347,0.0
45.04,1025.17922,1005.964873,7342,0.0,0.0,74962.48772899543,0.0
45.050000000000004,1025.17922,1008.847025,7342,0.0,0.0,75177.25992406104,0.0
45.06,1025.17922,1011.296854,7342,0.0,0.0,75359.81627496322,0.0
45.07,1025.17922,1013.379209,7342,0.0,0.0,75514.98919931134,0.0
45.08,1025.17922,1015.149211,7342,0.0,0.0,75646.88620363678,0.0
45.09,1025.17922,1016.653712,7342,0.0,0.0,75758.99860515077,0.0
45.1,967.4806,1009.277746,7343,0.0,0.0,75209.35639039274,0.0
45.11,967.4806,1003.008174,7343,0.0,0.0,74742.16044078226,0.0
45.12,967.4806,997.679038,7343,0.0,0.0,74345.0438985169,0.0
45.13,1020.055321,1001.03548,7343,0.0,0.0,74595.15923454026,0.0
45.14,1002.851437,1001.307874,7344,0.0,0.0,74615.45748990733,0.0
45.15,1002.851437,1001.539408,7344,0.0,0.0,74632.71093990315,0.0
45.160000000000004,1002.851437,1001.736212,7344,0.0,0.0,74647.37637985137,0.0
45.17,1002.851437,1001.903496,7344,0.0,0.0,74659.84204851819,0.0
45.18,1002.851437,1002.045687,7344,0.0,0.0,74670.43783707777,0.0
45.19,1002.851437,1002.16655,7344,0.0,0.0,74679.4443057901,0.0
45.2,1012.8643,1003.771212,7344,0.0,0.0,74799.02050443552,0.0
45.21,1012.8643,1005.135175,7344,0.0,0.0,74900.66029563957,0.0
45.22,1012.8643,1006.294544,7345,0.0,0.0,74987.05415169607,0.0
45.230000000000004,1012.066763,1007.160377,7345,0.0,0.0,75051.5742928858,0.0
45.24,1004.114947,1006.703562,7346,0.0,0.0,75017.53335393155,0.0
45.25,1004.114947,1006.31527,7346,0.0,0.0,74988.59861170892,0.0
45.26,1004.114947,1005.985222,7346,0.0,0.0,74964.00409572331,0.0
45.27,1004.114947,1005.70468,7346,0.0,0.0,74943.09866771393,0.0
45.28,1004.114947,1005.46622,7346,0.0,0.0,74925.32910606853,0.0
45.29,1004.114947,1005.263529,7346,0.0,0.0,74910.22497866994,0.0
45.300000000000004,1030.665846,1009.073877,7346,0.0,0.0,75194.16448079332,0.0
45.31,1030.665846,1012.312672,7346,0.0,0.0,75435.5129979838,0.0
45.32,1007.770329,1011.631321,7346,0.0,0.0,75384.74008597908,0.0
45.33,1007.770329,1011.052172,7346,0.0,0.0,75341.58306233841,0.0
45.34,1006.134519,1010.314524,7347,0.0,0.0,75286.61501063753,0.0
45.35,1006.134519,1009.687523,7347,0.0,0.0,75239.8921517882,0.0
45.36,1006.134519,1009.154573,7347,0.0,0.0,75200.17778510657,0.0
45.37,1006.134519,1008.701565,7347,0.0,0.0,75166.42053616818,0.0
45.38,1006.134519,1008.316508,7347,0.0,0.0,75137.72685966693,0.0
45.39,1006.134519,1007.989209,7347,0.0,0.0,75113.33719365599,0.0
45.4,1022.654698,1010.189033,7348,0.0,0.0,75277.26367263352,0.0
45.410000000000004,1022.654698,1012.058883,7348,0.0,0.0,75416.60114995719,0.0
45.42,1022.654698,1013.648255,7348,0.0,0.0,75535.03796842333,0.0
45.43,1012.057384,1013.409624,7348,0.0,0.0,75517.2556642004,0.0
45.44,1008.48138,1012.670388,7349,0.0,0.0,75462.16927791976,0.0
45.45,1008.48138,1012.042037,7349,0.0,0.0,75415.34581977403,0.0
45.46,1008.48138,1011.507938,7349,0.0,0.0,75375.54583191343,0.0
45.47,1008.48138,1011.053954,7349,0.0,0.0,75341.71585340965,0.0
45.480000000000004,1008.48138,1010.668068,7349,0.0,0.0,75312.96040148863,0.0
45.49,1008.48138,1010.340065,7349,0.0,0.0,75288.51827480756,0.0
45.5,1012.054484,1010.597228,7349,0.0,0.0,75307.68154655717,0.0
45.51,1012.054484,1010.815816,7349,0.0,0.0,75323.97028655943,0.0
45.52,1013.962382,1011.287801,7350,0.0,0.0,75359.1416635333,0.0
45.53,1013.962382,1011.688988,7350,0.0,0.0,75389.03731533162,0.0
45.54,1006.934809,1010.975861,7351,0.0,0.0,75335.89651944347,0.0
45.550000000000004,1006.934809,1010.369704,7351,0.0,0.0,75290.72691373067,0.0
45.56,1006.934809,1009.854469,7351,0.0,0.0,75252.3326333719,0.0
45.57,1006.934809,1009.41652,7351,0.0,0.0,75219.69755095543,0.0
45.58,1006.934809,1009.044264,7351,0.0,0.0,75191.95777933813,0.0
45.59,1006.934809,1008.727846,7351,0.0,0.0,75168.37894365622,0.0
45.6,1020.611578,1010.510405,7351,0.0,0.0,75301.21167047424,0.0
45.61,1020.611578,1012.025581,7351,0.0,0.0,75414.11955160982,0.0
45.62,1020.611578,1013.313481,7351,0.0,0.0,75510.09128038229,0.0
45.63,1004.020984,1011.919606,7352,0.0,0.0,75406.22250684185,0.0
45.64,1002.683622,1010.534208,7352,0.0,0.0,75302.98542236489,0.0
45.65,1002.683622,1009.35662,7352,0.0,0.0,75215.23392291485,0.0
45.660000000000004,1002.683622,1008.355671,7352,0.0,0.0,75140.64520799671,0.0
45.67,1002.683622,1007.504863,7352,0.0,0.0,75077.244699717,0.0
45.68,1002.683622,1006.781677,7352,0.0,0.0,75023.35432729365,0.0
45.69,1002.683622,1006.166969,7353,0.0,0.0,74977.5475181856,0.0
45.7,1028.665522,1009.541752,7353,0.0,0.0,75229.02958879815,0.0
45.71,1028.665522,1012.410317,7353,0.0,0.0,75442.7893078339,0.0
45.72,1013.971761,1012.644534,7353,0.0,0.0,75460.24268961657,0.0
45.730000000000004,1013.971761,1012.843618,7353,0.0,0.0,75475.07803059874,0.0
45.74,1005.562356,1011.751429,7354,0.0,0.0,75393.69029360343,0.0
45.75,1005.562356,1010.823068,7354,0.0,0.0,75324.51069107614,0.0
45.76,1005.562356,1010.033961,7354,0.0,0.0,75265.7080177502,0.0
45.77,1005.562356,1009.36322,7354,0.0,0.0,75215.72574169729,0.0
45.78,1005.562356,1008.793091,7354,0.0,0.0,75173.24087039259,0.0
45.79,1005.562356,1008.308481,7354,0.0,0.0,75137.1287037023,0.0
45.800000000000004,1005.562356,1007.896562,7354,0.0,0.0,75106.43332475655,0.0
45.81,1005.562356,1007.546431,7355,0.0,0.0,75080.34226383037,0.0
45.82,1005.562356,1007.24882,7355,0.0,0.0,75058.16488812443,0.0
45.83,1020.048768,1009.168812,7355,0.0,0.0,75201.23884687068,0.0
45.84,998.779385,1007.610398,7356,0.0,0.0,75085.10895656614,0.0
45.85,998.779385,1006.285746,7356,0.0,0.0,74986.39854235548,0.0
45.86,998.779385,1005.159792,7356,0.0,0.0,74902.49470518006,0.0
45.87,998.779385,1004.202731,7356,0.0,0.0,74831.1764361291,0.0
45.88,998.779385,1003.389229,7356,0.0,0.0,74770.55589625813,0.0
45.89,998.779385,1002.697752,7356,0.0,0.0,74719.02841501239,0.0
45.9,1031.181035,1006.970245,7356,0.0,0.0,75037.40603701581,0.0
45.910000000000004,1031.181035,1010.601863,7356,0.0,0.0,75308.02693747483,0.0
45.92,1001.987826,1009.309758,7356,0.0,0.0,75211.74186052356,0.0
45.93,1001.987826,1008.211468,7357,0.0,0.0,75129.89948922649,0.0
45.94,1004.109779,1007.596215,7357,0.0,0.0,75084.05206780987,0.0
45.95,1004.109779,1007.073249,7357,0.0,0.0,75045.08168881369,0.0
45.96,1004.109779,1006.628729,7357,0.0,0.0,75011.9569486367,0.0
45.97,1004.109779,1006.250886,7357,0.0,0.0,74983.80084496828,0.0
45.980000000000004,1004.109779,1005.92972,7357,0.0,0.0,74959.868197835,0.0
45.99,1004.109779,1005.656729,7358,0.0,0.0,74939.52545522354,0.0
46.0,1022.30118,1008.153397,7358,0.0,0.0,75125.57215460304,0.0
46.01,1022.30118,1010.275564,7358,0.0,0.0,75283.71178946123,0.0
46.02,1013.90885,1010.820557,7358,0.0,0.0,75324.3235763848,0.0
46.03,1013.90885,1011.283801,7358,0.0,0.0,75358.84359154396,0.0
46.04,1004.13916,1010.212105,7359,0.0,0.0,75278.98295186809,0.0
46.050000000000004,1004.13916,1009.301163,7359,0.0,0.0,75211.10137833645,0.0
46.06,1004.13916,1008.526863,7359,0.0,0.0,75153.40209299712,0.0
46.07,1004.13916,1007.868707,7359,0.0,0.0,75104.3576259407,0.0
46.08,1004.13916,1007.309275,7359,0.0,0.0,75062.66987365353,0.0
46.09,1004.13916,1006.833758,7359,0.0,0.0,75027.23529911305,0.0
46.1,1012.1723,1007.634539,7359,0.0,0.0,75086.9078955399,0.0
46.11,1012.1723,1008.315203,7360,0.0,0.0,75137.62961368042,0.0
46.12,1013.994271,1009.167064,7360,0.0,0.0,75201.10858941133,0.0
46.13,1013.994271,1009.891145,7360,0.0,0.0,75255.0656554423,0.0
46.14,1003.997141,1009.007044,7361,0.0,0.0,75189.18421947719,0.0
46.15,1003.997141,1008.255559,7361,0.0,0.0,75133.18506224715,0.0
46.160000000000004,1003.997141,1007.616796,7361,0.0,0.0,75085.58572271312,0.0
46.17,1003.997141,1007.073848,7361,0.0,0.0,75045.12632509408,0.0
46.18,1003.997141,1006.612342,7361,0.0,0.0,75010.73582221432,0.0
46.19,1003.997141,1006.220062,7361,0.0,0.0,74981.5039022183,0.0
46.2,1022.555188,1008.670331,7361,0.0,0.0,75164.0930410393,0.0
46.21,1022.555188,1010.753059,7361,0.0,0.0,75319.29376060044,0.0
46.22,1022.555188,1012.523379,7361,0.0,0.0,75451.21446164901,0.0
46.230000000000004,1004.033367,1011.249877,7362,0.0,0.0,75356.31564300224,0.0
46.24,1006.023032,1010.46585,7362,0.0,0.0,75297.89152110279,0.0
46.25,1006.023032,1009.799428,7362,0.0,0.0,75248.23108828039,0.0
46.26,1006.023032,1009.232968,7362,0.0,0.0,75206.01962350792,0.0
46.27,1006.023032,1008.751478,7362,0.0,0.0,75170.13995296933,0.0
46.28,1006.023032,1008.342211,7362,0.0,0.0,75139.64219575253,0.0
46.29,1006.023032,1007.994334,7363,0.0,0.0,75113.71909839235,0.0
46.300000000000004,1016.847024,1009.322238,7363,0.0,0.0,75212.67184513033,0.0
46.31,1016.847024,1010.450956,7363,0.0,0.0,75296.78165005043,0.0
46.32,1013.796176,1010.952739,7363,0.0,0.0,75334.17351430902,0.0
46.33,1013.796176,1011.379254,7363,0.0,0.0,75365.95655794392,0.0
46.34,1006.404235,1010.633002,7364,0.0,0.0,75310.34735339395,0.0
46.35,1006.404235,1009.998687,7364,0.0,0.0,75263.07946991209,0.0
46.36,1006.404235,1009.459519,7364,0.0,0.0,75222.901750323,0.0
46.37,1006.404235,1009.001226,7364,0.0,0.0,75188.75067376868,0.0
46.38,1006.404235,1008.611678,7364,0.0,0.0,75159.72233694138,0.0
46.39,1006.404235,1008.280561,7364,0.0,0.0,75135.0481612166,0.0
46.4,1006.88639,1008.071436,7364,0.0,0.0,75119.46458502316,0.0
46.410000000000004,1006.88639,1007.893679,7365,0.0,0.0,75106.21848937024,0.0
46.42,1006.88639,1007.742585,7365,0.0,0.0,75094.95926708035,0.0
46.43,1016.001761,1008.981462,7365,0.0,0.0,75187.27790006927,0.0
46.44,1003.487922,1008.157431,7366,0.0,0.0,75125.87276020429,0.0
46.45,1003.487922,1007.457004,7366,0.0,0.0,75073.67834288238,0.0
46.46,1003.487922,1006.861642,7366,0.0,0.0,75029.31315895086,0.0
46.47,1003.487922,1006.355584,7366,0.0,0.0,74991.60273025364,0.0
46.480000000000004,1003.487922,1005.925435,7366,0.0,0.0,74959.54888821639,0.0
46.49,1003.487922,1005.559808,7366,0.0,0.0,74932.30309640346,0.0
46.5,1016.738008,1007.236538,7366,0.0,0.0,75057.24965808111,0.0
46.51,1016.738008,1008.661758,7366,0.0,0.0,75163.4541982481,0.0
46.52,1001.998948,1007.662337,7366,0.0,0.0,75088.97934682992,0.0
46.53,1001.998948,1006.812828,7367,0.0,0.0,75025.67563742875,0.0
46.54,1006.476262,1006.762343,7367,0.0,0.0,75021.9135963331,0.0
46.550000000000004,1006.476262,1006.719431,7367,0.0,0.0,75018.7158800313,0.0
46.56,1006.476262,1006.682956,7367,0.0,0.0,75015.99783607839,0.0
46.57,1006.476262,1006.651952,7367,0.0,0.0,75013.6874800889,0.0
46.58,1006.476262,1006.625598,7367,0.0,0.0,75011.72363278703,0.0
46.59,1006.476262,1006.603198,7368,0.0,0.0,75010.05442964665,0.0
46.6,1021.653133,1008.860688,7368,0.0,0.0,75178.2780634587,0.0
46.61,1021.653133,1010.779555,7368,0.0,0.0,75321.26818945791,0.0
46.62,1007.971878,1010.358403,7368,0.0,0.0,75289.88478584275,0.0
46.63,1007.971878,1010.000424,7368,0.0,0.0,75263.20890767347,0.0
46.64,1007.075541,1009.561692,7369,0.0,0.0,75230.51547766507,0.0
46.65,1007.075541,1009.188769,7369,0.0,0.0,75202.72600254355,0.0
46.660000000000004,1007.075541,1008.871785,7369,0.0,0.0,75179.10498967516,0.0
46.67,1007.075541,1008.602349,7369,0.0,0.0,75159.02715854422,0.0
46.68,1007.075541,1008.373327,7369,0.0,0.0,75141.96089775773,0.0
46.69,1007.075541,1008.17866,7369,0.0,0.0,75127.4547027698,0.0
46.7,1010.22512,1008.485629,7370,0.0,0.0,75150.32941789484,0.0
46.71,1010.22512,1008.746552,7370,0.0,0.0,75169.77287731443,0.0
46.72,1013.992395,1009.533429,7370,0.0,0.0,75228.40937550628,0.0
46.730000000000004,1013.992395,1010.202274,7370,0.0,0.0,75278.25036543627,0.0
46.74,1004.576616,1009.358425,7371,0.0,0.0,75215.36842790003,0.0
46.75,1004.576616,1008.641154,7371,0.0,0.0,75161.91882943096,0.0
46.76,1004.576616,1008.031473,7371,0.0,0.0,75116.48662229552,0.0
46.77,1004.576616,1007.513245,7371,0.0,0.0,75077.86930957068,0.0
46.78,1004.576616,1007.07275,7371,0.0,0.0,75045.04450433301,0.0
46.79,1004.576616,1006.69833,7371,0.0,0.0,75017.14347576948,0.0
46.800000000000004,1004.576616,1006.380073,7371,0.0,0.0,74993.42760149046,0.0
46.81,1004.576616,1006.109555,7371,0.0,0.0,74973.2691418864,0.0
46.82,1004.576616,1005.879614,7372,0.0,0.0,74956.13439906036,0.0
46.83,1023.22845,1008.481939,7372,0.0,0.0,75150.05444648466,0.0
46.84,1007.532125,1008.339467,7372,0.0,0.0,75139.43771836784,0.0
46.85,1007.532125,1008.218366,7372,0.0,0.0,75130.41351437214,0.0
46.86,1007.532125,1008.11543,7372,0.0,0.0,75122.74292979807,0.0
46.87,1007.532125,1008.027934,7372,0.0,0.0,75116.22290310294,0.0
46.88,1007.532125,1007.953563,7373,0.0,0.0,75110.68092512287,0.0
46.89,1007.532125,1007.890347,7373,0.0,0.0,75105.9701954031,0.0
46.9,1019.001691,1009.557049,7373,0.0,0.0,75230.16949060342,0.0
46.910000000000004,1019.001691,1010.973745,7373,0.0,0.0,75335.73883936113,0.0
46.92,1007.997077,1010.527245,7373,0.0,0.0,75302.46655354941,0.0
46.93,1007.997077,1010.14772,7373,0.0,0.0,75274.18511060945,0.0
46.94,1008.579892,1009.912545,7374,0.0,0.0,75256.66034058535,0.0
46.95,1008.579892,1009.712647,7374,0.0,0.0,75241.76434195333,0.0
46.96,1008.579892,1009.542734,7374,0.0,0.0,75229.10276547153,0.0
46.97,1008.579892,1009.398308,7374,0.0,0.0,75218.3404291879,0.0
46.980000000000004,1008.579892,1009.275545,7374,0.0,0.0,75209.19237628061,0.0
46.99,1008.579892,1009.171197,7374,0.0,0.0,75201.41657229433,0.0
47.0,966.35864,1002.749314,7375,0.0,0.0,74722.87071199119,0.0
47.01,966.35864,997.290712,7375,0.0,0.0,74316.10662268238,0.0
47.02,1019.946096,1000.68902,7375,0.0,0.0,74569.34172918231,0.0
47.03,1019.946096,1003.577581,7375,0.0,0.0,74784.59151009285,0.0
47.04,1007.365191,1004.145723,7376,0.0,0.0,74826.92831413684,0.0
47.050000000000004,1007.365191,1004.628643,7376,0.0,0.0,74862.91454541161,0.0
47.06,1007.365191,1005.039125,7376,0.0,0.0,74893.50284199519,0.0
47.07,1007.365191,1005.388035,7376,0.0,0.0,74919.50291644661,0.0
47.08,1007.365191,1005.684608,7376,0.0,0.0,74941.60294247135,0.0
47.09,1007.365191,1005.936696,7376,0.0,0.0,74960.38803538444,0.0
47.1,1014.519728,1007.22415,7376,0.0,0.0,75056.32652913006,0.0
47.11,1014.519728,1008.318487,7376,0.0,0.0,75137.87433078367,0.0
47.12,1001.950754,1007.363327,7377,0.0,0.0,75066.69772044568,0.0
47.13,1001.950754,1006.551441,7377,0.0,0.0,75006.19760165838,0.0
47.14,1009.570277,1007.004267,7378,0.0,0.0,75039.94128832126,0.0
47.15,1009.570277,1007.389168,7378,0.0,0.0,75068.62334001492,0.0
47.160000000000004,1009.570277,1007.716334,7378,0.0,0.0,75093.0030951322,0.0
47.17,1009.570277,1007.994426,7378,0.0,0.0,75113.7259540481,0.0
47.18,1009.570277,1008.230804,7378,0.0,0.0,75131.34036922303,0.0
47.19,1009.570277,1008.431725,7378,0.0,0.0,75146.3125997663,0.0
47.2,1019.328024,1010.06617,7378,0.0,0.0,75268.10816792649,0.0
47.21,1019.328024,1011.455448,7378,0.0,0.0,75371.63438223315,0.0
47.22,1019.328024,1012.636334,7378,0.0,0.0,75459.63164203838,0.0
47.230000000000004,1004.115808,1011.358255,7378,0.0,0.0,75364.39175451781,0.0
47.24,1009.768535,1011.119797,7379,0.0,0.0,75346.62234190841,0.0
47.25,1009.768535,1010.917108,7379,0.0,0.0,75331.51836354587,0.0
47.26,1009.768535,1010.744822,7379,0.0,0.0,75318.67995585635,0.0
47.27,1009.768535,1010.598379,7379,0.0,0.0,75307.7673167721,0.0
47.28,1009.768535,1010.473902,7379,0.0,0.0,75298.49154001736,0.0
47.29,1009.768535,1010.368097,7379,0.0,0.0,75290.60716330897,0.0
47.300000000000004,1009.534915,1010.24312,7380,0.0,0.0,75281.29412755556,0.0
47.31,1009.534915,1010.136889,7380,0.0,0.0,75273.37800618027,0.0
47.32,1025.765305,1012.481151,7380,0.0,0.0,75448.0677156574,0.0
47.33,1025.765305,1014.473774,7380,0.0,0.0,75596.55399106836,0.0
47.34,1007.945704,1013.494564,7381,0.0,0.0,75523.58522289435,0.0
47.35,1007.945704,1012.662235,7381,0.0,0.0,75461.56173268748,0.0
47.36,1007.945704,1011.954755,7381,0.0,0.0,75408.8417399303,0.0
47.37,1007.945704,1011.353398,7381,0.0,0.0,75364.02982060474,0.0
47.38,1007.945704,1010.842244,7381,0.0,0.0,75325.9396481931,0.0
47.39,1007.945704,1010.407763,7381,0.0,0.0,75293.5629941914,0.0
47.4,1008.315762,1010.093963,7381,0.0,0.0,75270.17924662653,0.0
47.410000000000004,1008.315762,1009.827233,7381,0.0,0.0,75250.30306119639,0.0
47.42,1008.315762,1009.600512,7382,0.0,0.0,75233.40826632177,0.0
47.43,1012.046723,1009.967444,7382,0.0,0.0,75260.75130412122,0.0
47.44,1008.002419,1009.67269,7383,0.0,0.0,75238.78682633369,0.0
47.45,1008.002419,1009.422149,7383,0.0,0.0,75220.11701276245,0.0
47.46,1008.002419,1009.20919,7383,0.0,0.0,75204.2477345672,0.0
47.47,1008.002419,1009.028174,7383,0.0,0.0,75190.75878476094,0.0
47.480000000000004,1008.002419,1008.874311,7383,0.0,0.0,75179.29322213645,0.0
47.49,1008.002419,1008.743527,7383,0.0,0.0,75169.54746037249,0.0
47.5,1018.034294,1010.137142,7383,0.0,0.0,75273.39685923362,0.0
47.51,1018.034294,1011.321715,7383,0.0,0.0,75361.66886689505,0.0
47.52,1007.966284,1010.8184,7383,0.0,0.0,75324.16284106455,0.0
47.53,1007.966284,1010.390583,7383,0.0,0.0,75292.2827749971,0.0
47.54,1006.595086,1009.821258,7384,0.0,0.0,75249.85781616229,0.0
47.550000000000004,1006.595086,1009.337332,7384,0.0,0.0,75213.79661978217,0.0
47.56,1006.595086,1008.925995,7384,0.0,0.0,75183.14461031088,0.0
47.57,1006.595086,1008.576359,7384,0.0,0.0,75157.09043579339,0.0
47.58,1006.595086,1008.279168,7384,0.0,0.0,75134.94435764632,0.0
47.59,1006.595086,1008.026556,7384,0.0,0.0,75116.1202173026,0.0
47.6,1011.305575,1008.518408,7385,0.0,0.0,75152.77204332962,0.0
47.61,1011.305575,1008.936483,7385,0.0,0.0,75183.92615506696,0.0
47.62,1011.305575,1009.291847,7385,0.0,0.0,75210.40716867323,0.0
47.63,1016.03126,1010.302759,7385,0.0,0.0,75285.73830639885,0.0
47.64,1006.069454,1009.667763,7386,0.0,0.0,75238.4196761608,0.0
47.65,1006.069454,1009.128017,7386,0.0,0.0,75198.19888516926,0.0
47.660000000000004,1006.069454,1008.669232,7386,0.0,0.0,75164.01114576022,0.0
47.67,1006.069454,1008.279266,7386,0.0,0.0,75134.95166041005,0.0
47.68,1006.069454,1007.947794,7386,0.0,0.0,75110.25103079621,0.0
47.69,1006.069454,1007.666043,7386,0.0,0.0,75089.25551052805,0.0
47.7,1011.737625,1008.27678,7386,0.0,0.0,75134.76640866867,0.0
47.71,1011.737625,1008.795907,7386,0.0,0.0,75173.4507130731,0.0
47.72,1007.995262,1008.67581,7387,0.0,0.0,75164.5013251467,0.0
47.730000000000004,1007.995262,1008.573728,7387,0.0,0.0,75156.8943789424,0.0
47.74,1007.604983,1008.428416,7388,0.0,0.0,75146.06601971312,0.0
47.75,1007.604983,1008.304901,7388,0.0,0.0,75136.86192927184,0.0
47.76,1007.604983,1008.199913,7388,0.0,0.0,75129.03843376726,0.0
47.77,1007.604983,1008.110674,7388,0.0,0.0,75122.38852220272,0.0
47.78,1007.604983,1008.03482,7388,0.0,0.0,75116.73603403261,0.0
47.79,1007.604983,1007.970344,7388,0.0,0.0,75111.93141163621,0.0
47.800000000000004,1007.604983,1007.91554,7388,0.0,0.0,75107.84752731005,0.0
47.81,1007.604983,1007.868957,7388,0.0,0.0,75104.37625544003,0.0
47.82,1007.604983,1007.82936,7388,0.0,0.0,75101.4255662994,0.0
47.83,1013.570241,1008.690493,7389,0.0,0.0,75165.59547290164,0.0
47.84,991.198863,1006.066748,7389,0.0,0.0,74970.07924997431,0.0
47.85,991.198863,1003.836565,7389,0.0,0.0,74803.89047911561,0.0
47.86,991.198863,1001.94091,7389,0.0,0.0,74662.6300648706,0.0
47.870000000000005,991.198863,1000.329603,7389,0.0,0.0,74542.55869413284,0.0
47.88,991.198863,998.959992,7389,0.0,0.0,74440.49802527987,0.0
47.89,991.198863,997.795823,7390,0.0,0.0,74353.74648283611,0.0
47.9,1015.998041,1000.526156,7390,0.0,0.0,74557.20543006375,0.0
47.910000000000004,1015.998041,1002.846938,7390,0.0,0.0,74730.14545696335,0.0
47.92,1013.833731,1004.494957,7390,0.0,0.0,74852.9525324194,0.0
47.93,1013.833731,1005.895773,7390,0.0,0.0,74957.33853537934,0.0
47.94,1017.471234,1007.632093,7391,0.0,0.0,75086.72562451841,0.0
47.95,1017.471234,1009.107964,7391,0.0,0.0,75196.7045757686,0.0
47.96,1017.471234,1010.362454,7391,0.0,0.0,75290.18665824998,0.0
47.97,1017.471234,1011.428771,7391,0.0,0.0,75369.64646561815,0.0
47.980000000000004,1017.471234,1012.335141,7391,0.0,0.0,75437.18734286597,0.0
47.99,1017.471234,1013.105555,7391,0.0,0.0,75494.59705126764,0.0
48.0,1017.471234,1013.760407,7391,0.0,0.0,75543.39531086085,0.0
48.01,1017.471234,1014.317031,7392,0.0,0.0,75584.87381661149,0.0
48.02,1000.558498,1012.253251,7392,0.0,0.0,75431.08506406391,0.0
48.03,1000.558498,1010.499038,7392,0.0,0.0,75300.36462439847,0.0
48.04,1012.029119,1010.72855,7393,0.0,0.0,75317.46739900368,0.0
48.050000000000004,1012.029119,1010.923636,7393,0.0,0.0,75332.00481703247,0.0
48.06,1012.029119,1011.089458,7393,0.0,0.0,75344.36154038718,0.0
48.07,1012.029119,1011.230407,7393,0.0,0.0,75354.86477759405,0.0
48.08,1012.029119,1011.350214,7393,0.0,0.0,75363.79255530122,0.0
48.09,1012.029119,1011.45205,7393,0.0,0.0,75371.3811700782,0.0
48.1,1012.029119,1011.53861,7393,0.0,0.0,75377.83144792782,0.0
48.11,1011.933448,1011.597836,7393,0.0,0.0,75382.2448508382,0.0
48.120000000000005,1011.933448,1011.648178,7393,0.0,0.0,75385.99623586022,0.0
48.13,1011.933448,1011.690968,7394,0.0,0.0,75389.18486096633,0.0
48.14,1002.223134,1010.270793,7395,0.0,0.0,75283.35626409591,0.0
48.15,1002.223134,1009.063644,7395,0.0,0.0,75193.40193812654,0.0
48.160000000000004,1002.223134,1008.037568,7395,0.0,0.0,75116.94080948929,0.0
48.17,1002.223134,1007.165403,7395,0.0,0.0,75051.94882034042,0.0
48.18,1002.223134,1006.424062,7395,0.0,0.0,74996.7055736754,0.0
48.19,1002.223134,1005.793923,7395,0.0,0.0,74949.7488773504,0.0
48.2,1002.223134,1005.258305,7395,0.0,0.0,74909.83569665186,0.0
48.21,1006.60738,1005.460666,7395,0.0,0.0,74924.91523311131,0.0
48.22,1006.60738,1005.632673,7395,0.0,0.0,74937.73285027956,0.0
48.230000000000004,1043.990239,1011.386308,7395,0.0,0.0,75366.48220789715,0.0
48.24,996.054854,1009.08659,7396,0.0,0.0,75195.1118280935,0.0
48.25,996.054854,1007.13183,7396,0.0,0.0,75049.44702761577,0.0
48.26,996.054854,1005.470283,7396,0.0,0.0,74925.63187269172,0.0
48.27,996.054854,1004.057969,7396,0.0,0.0,74820.38906179837,0.0
48.28,996.054854,1002.857502,7396,0.0,0.0,74730.93266508724,0.0
48.29,996.054854,1001.837105,7396,0.0,0.0,74654.89472415687,0.0
48.300000000000004,996.054854,1000.969767,7396,0.0,0.0,74590.26243338114,0.0
48.31,996.054854,1000.23253,7397,0.0,0.0,74535.32500857719,0.0
48.32,1023.834122,1003.772769,7397,0.0,0.0,74799.1365289574,0.0
48.33,1023.834122,1006.781972,7397,0.0,0.0,75023.37631010286,0.0
48.34,1012.008696,1007.565981,7398,0.0,0.0,75081.79909067835,0.0
48.35,1012.008696,1008.232388,7398,0.0,0.0,75131.4584057308,0.0
48.36,1012.008696,1008.798834,7398,0.0,0.0,75173.66882725131,0.0
48.370000000000005,1012.008696,1009.280313,7398,0.0,0.0,75209.54767809191,0.0
48.38,1012.008696,1009.689571,7398,0.0,0.0,75240.04476464675,0.0
48.39,1012.008696,1010.037439,7398,0.0,0.0,75265.96719134494,0.0
48.4,1012.008696,1010.333128,7398,0.0,0.0,75288.00134346001,0.0
48.410000000000004,1012.315425,1010.630472,7398,0.0,0.0,75310.15882286069,0.0
48.42,1012.315425,1010.883215,7398,0.0,0.0,75328.99272506204,0.0
48.43,989.980596,1007.747823,7399,0.0,0.0,75095.34959235041,0.0
48.44,1018.029415,1009.290061,7400,0.0,0.0,75210.27407952998,0.0
48.45,1018.029415,1010.600964,7400,0.0,0.0,75307.95994579523,0.0
48.46,1018.029415,1011.715232,7400,0.0,0.0,75390.99296565376,0.0
48.47,1018.029415,1012.662359,7400,0.0,0.0,75461.57097291914,0.0
48.480000000000004,1018.029415,1013.467418,7400,0.0,0.0,75521.56235733858,0.0
48.49,1018.029415,1014.151717,7400,0.0,0.0,75572.55494839944,0.0
48.5,1018.029415,1014.733372,7400,0.0,0.0,75615.89871414145,0.0
48.51,983.961886,1010.117649,7400,0.0,0.0,75271.94427991148,0.0
48.52,983.961886,1006.194284,7400,0.0,0.0,74979.5829772829,0.0
48.53,983.961886,1002.859425,7400,0.0,0.0,74731.07596319611,0.0
48.54,1014.849174,1004.657887,7401,0.0,0.0,74865.09374972578,0.0
48.550000000000004,1014.849174,1006.18658,7401,0.0,0.0,74979.0088906314,0.0
48.56,1014.849174,1007.485969,7401,0.0,0.0,75075.8367566753,0.0
48.57,1014.849174,1008.59045,7401,0.0,0.0,75158.14046889388,0.0
48.58,1014.849174,1009.529259,7401,0.0,0.0,75228.0986354574,0.0
48.59,1014.849174,1010.327246,7401,0.0,0.0,75287.56302859966,0.0
48.6,1014.849174,1011.005535,7401,0.0,0.0,75338.10776649651,0.0
48.61,1022.1722,1012.680535,7402,0.0,0.0,75462.92541203875,0.0
48.620000000000005,1022.1722,1014.104285,7402,0.0,0.0,75569.02041074968,0.0
48.63,1013.952953,1014.081585,7402,0.0,0.0,75567.32885221009,0.0
48.64,1001.66028,1012.218389,7403,0.0,0.0,75428.4872176407,0.0
48.65,1001.66028,1010.634673,7403,0.0,0.0,75310.47187296751,0.0
48.660000000000004,1001.66028,1009.288514,7403,0.0,0.0,75210.1588001881,0.0
48.67,1001.66028,1008.144279,7403,0.0,0.0,75124.89269950331,0.0
48.68,1001.66028,1007.171679,7403,0.0,0.0,75052.41649529173,0.0
48.69,1001.66028,1006.344969,7403,0.0,0.0,74990.8117217119,0.0
48.7,1001.66028,1005.642266,7403,0.0,0.0,74938.44770142803,0.0
48.71,1014.736556,1007.006409,7403,0.0,0.0,75040.10090587157,0.0
48.72,1014.736556,1008.165931,7403,0.0,0.0,75126.50616318168,0.0
48.730000000000004,1014.736556,1009.151525,7404,0.0,0.0,75199.95065425067,0.0
48.74,1010.119478,1009.296718,7405,0.0,0.0,75210.7701458383,0.0
48.75,1010.119478,1009.420132,7405,0.0,0.0,75219.96670996181,0.0
48.76,1010.119478,1009.525034,7405,0.0,0.0,75227.78379691862,0.0
48.77,1010.119478,1009.614201,7405,0.0,0.0,75234.42834318732,0.0
48.78,1010.119478,1009.689992,7405,0.0,0.0,75240.07613672364,0.0
48.79,1010.119478,1009.754415,7405,0.0,0.0,75244.87680966618,0.0
48.800000000000004,1010.119478,1009.809175,7405,0.0,0.0,75248.95741520042,0.0
48.81,1010.119478,1009.85572,7405,0.0,0.0,75252.42585538658,0.0
48.82,1010.119478,1009.895284,7405,0.0,0.0,75255.37408543327,0.0
48.83,1010.119478,1009.928913,7406,0.0,0.0,75257.88005116578,0.0
48.84,1010.175574,1009.965912,7406,0.0,0.0,75260.63714254931,0.0
48.85,1010.175574,1009.997361,7406,0.0,0.0,75262.9806590476,0.0
48.86,1010.175574,1010.024093,7406,0.0,0.0,75264.97267415246,0.0
48.870000000000005,1010.175574,1010.046815,7406,0.0,0.0,75266.66587208801,0.0
48.88,1010.175574,1010.066129,7406,0.0,0.0,75268.1051126886,0.0
48.89,1010.175574,1010.082546,7406,0.0,0.0,75269.3284746509,0.0
48.9,1010.175574,1010.0965,7407,0.0,0.0,75270.36829878578,0.0
48.910000000000004,1010.175574,1010.108361,7407,0.0,0.0,75271.25215675219,0.0
48.92,1016.386272,1011.050048,7407,0.0,0.0,75341.42478611205,0.0
48.93,1016.386272,1011.850481,7407,0.0,0.0,75401.07145027582,0.0
48.94,1003.509549,1010.599341,7408,0.0,0.0,75307.83900308555,0.0
48.95,1003.509549,1009.535873,7408,0.0,0.0,75228.59149749178,0.0
48.96,1003.509549,1008.631924,7408,0.0,0.0,75161.23102831551,0.0
48.97,1003.509549,1007.863568,7408,0.0,0.0,75103.97467795237,0.0
48.980000000000004,1003.509549,1007.210465,7408,0.0,0.0,75055.30675033649,0.0
48.99,1003.509549,1006.655328,7408,0.0,0.0,75013.9390528479,0.0
49.0,1023.950169,1009.249554,7408,0.0,0.0,75207.25557901178,0.0
49.01,1023.950169,1011.454646,7408,0.0,0.0,75371.57461879926,0.0
49.02,1023.950169,1013.328975,7409,0.0,0.0,75511.24586223306,0.0
49.03,1008.013575,1012.531665,7409,0.0,0.0,75451.83191777497,0.0
49.04,1003.189078,1011.130277,7409,0.0,0.0,75347.40329052052,0.0
49.050000000000004,1003.189078,1009.939097,7409,0.0,0.0,75258.63894245066,0.0
49.06,1003.189078,1008.926594,7409,0.0,0.0,75183.1892465913,0.0
49.07,1003.189078,1008.065967,7409,0.0,0.0,75119.05704609571,0.0
49.08,1003.189078,1007.334434,7410,0.0,0.0,75064.54467194858,0.0
49.09,1003.189078,1006.71263,7410,0.0,0.0,75018.20908313143,0.0
49.1,1022.431316,1009.070433,7410,0.0,0.0,75193.9078408105,0.0
49.11,1022.431316,1011.074566,7410,0.0,0.0,75343.2518183708,0.0
49.120000000000005,1007.969106,1010.608747,7410,0.0,0.0,75308.53991936852,0.0
49.13,1007.969106,1010.212801,7410,0.0,0.0,75279.03481639425,0.0
49.14,1002.491063,1009.05454,7411,0.0,0.0,75192.72352627877,0.0
49.15,1002.491063,1008.070018,7411,0.0,0.0,75119.35891850294,0.0
49.160000000000004,1002.491063,1007.233175,7411,0.0,0.0,75056.99905405605,0.0
49.17,1002.491063,1006.521858,7411,0.0,0.0,75003.99313574312,0.0
49.18,1002.491063,1005.917239,7411,0.0,0.0,74958.93813871022,0.0
49.19,1002.491063,1005.403312,7411,0.0,0.0,74920.64132789196,0.0
49.2,1021.159293,1007.766709,7412,0.0,0.0,75096.75693924814,0.0
49.21,1021.159293,1009.775597,7412,0.0,0.0,75246.4552498858,0.0
49.22,1021.159293,1011.483151,7412,0.0,0.0,75373.69875431343,0.0
49.230000000000004,1016.03187,1012.165459,7412,0.0,0.0,75424.54298004157,0.0
49.24,1000.617242,1010.433226,7413,0.0,0.0,75295.46044595762,0.0
49.25,1000.617242,1008.960829,7413,0.0,0.0,75185.74037023017,0.0
49.26,1000.617242,1007.709291,7413,0.0,0.0,75092.47826487695,0.0
49.27,1000.617242,1006.645483,7413,0.0,0.0,75013.20542316411,0.0
49.28,1000.617242,1005.741247,7413,0.0,0.0,74945.8235673226,0.0
49.29,1000.617242,1004.972646,7413,0.0,0.0,74888.54896005012,0.0
49.300000000000004,1017.349178,1006.829126,7413,0.0,0.0,75026.89013174937,0.0
49.31,1017.349178,1008.407134,7413,0.0,0.0,75144.48012769377,0.0
49.32,1007.67704,1008.29762,7414,0.0,0.0,75136.3193637332,0.0
49.33,1007.67704,1008.204533,7414,0.0,0.0,75129.38270691494,0.0
49.34,1007.387974,1008.082049,7415,0.0,0.0,75120.25544452891,0.0
49.35,1007.387974,1007.977938,7415,0.0,0.0,75112.49730130799,0.0
49.36,1007.387974,1007.889443,7415,0.0,0.0,75105.9028311335,0.0
49.370000000000005,1007.387974,1007.814223,7415,0.0,0.0,75100.29758737369,0.0
49.38,1007.387974,1007.750286,7415,0.0,0.0,75095.53313017785,0.0
49.39,1007.387974,1007.695939,7415,0.0,0.0,75091.48330057651,0.0
49.4,1024.863198,1010.271028,7415,0.0,0.0,75283.3737758253,0.0
49.410000000000004,1024.863198,1012.459853,7415,0.0,0.0,75446.48063135007,0.0
49.42,1001.991533,1010.889605,7415,0.0,0.0,75329.46889506505,0.0
49.43,1001.991533,1009.554894,7415,0.0,0.0,75230.00890431917,0.0
49.44,1007.447122,1009.238728,7416,0.0,0.0,75206.44884717259,0.0
49.45,1007.447122,1008.969987,7416,0.0,0.0,75186.42280604981,0.0
49.46,1007.447122,1008.741558,7416,0.0,0.0,75169.40073443574,0.0
49.47,1007.447122,1008.547392,7416,0.0,0.0,75154.93187296447,0.0
49.480000000000004,1007.447122,1008.382352,7416,0.0,0.0,75142.6334226837,0.0
49.49,1007.447122,1008.242067,7416,0.0,0.0,75132.17966542704,0.0
49.5,973.764568,1003.070442,7417,0.0,0.0,74746.80052744053,0.0
49.51,973.764568,998.674561,7417,0.0,0.0,74419.22827878148,0.0
49.52,1025.879254,1002.755265,7417,0.0,0.0,74723.31416859332,0.0
49.53,1025.879254,1006.223863,7417,0.0,0.0,74981.7871451262,0.0
49.54,1019.900833,1008.275409,7418,0.0,0.0,75134.66424449431,0.0
49.550000000000004,1019.900833,1010.019222,7418,0.0,0.0,75264.60969698743,0.0
49.56,1019.900833,1011.501464,7418,0.0,0.0,75375.0634023987,0.0
49.57,1019.900833,1012.761369,7418,0.0,0.0,75468.94899983563,0.0
49.58,1019.900833,1013.832289,7418,0.0,0.0,75548.75181354553,0.0
49.59,1019.900833,1014.74257,7418,0.0,0.0,75616.58413068097,0.0
49.6,979.892381,1009.515042,7418,0.0,0.0,75227.03921308924,0.0
49.61,979.892381,1005.071643,7418,0.0,0.0,74895.92601823264,0.0
49.620000000000005,979.892381,1001.294754,7419,0.0,0.0,74614.47981378225,0.0
49.63,1012.07486,1002.91177,7419,0.0,0.0,74734.97660776682,0.0
49.64,1001.36674,1002.680015,7420,0.0,0.0,74717.7066892936,0.0
49.65,1001.36674,1002.483024,7420,0.0,0.0,74703.02731447986,0.0
49.660000000000004,1001.36674,1002.315581,7420,0.0,0.0,74690.54979745146,0.0
49.67,1001.36674,1002.173255,7420,0.0,0.0,74679.94394896225,0.0
49.68,1001.36674,1002.052278,7420,0.0,0.0,74670.92898519822,0.0
49.69,1001.36674,1001.949447,7420,0.0,0.0,74663.26622501387,0.0
49.7,1025.886235,1005.539965,7420,0.0,0.0,74930.8244357823,0.0
49.71,1025.886235,1008.591906,7420,0.0,0.0,75158.248967098,0.0
49.72,1007.941086,1008.494283,7420,0.0,0.0,75150.97429664382,0.0
49.730000000000004,1007.941086,1008.411303,7420,0.0,0.0,75144.79079322465,0.0
49.74,1005.63859,1007.995396,7422,0.0,0.0,75113.79823650554,0.0
49.75,1005.63859,1007.641875,7422,0.0,0.0,75087.45455956837,0.0
49.76,1005.63859,1007.341382,7422,0.0,0.0,75065.06242299409,0.0
49.77,1005.63859,1007.085963,7422,0.0,0.0,75046.02911063185,0.0
49.78,1005.63859,1006.868857,7422,0.0,0.0,75029.85080630165,0.0
49.79,1005.63859,1006.684317,7422,0.0,0.0,75016.09925507277,0.0
49.800000000000004,1005.63859,1006.527458,7422,0.0,0.0,75004.41043652823,0.0
49.81,1005.63859,1006.394128,7422,0.0,0.0,74994.47495194306,0.0
49.82,1005.63859,1006.280797,7422,0.0,0.0,74986.02975278666,0.0
49.83,1029.045989,1009.695576,7422,0.0,0.0,75240.49224522075,0.0
49.84,1008.749625,1009.553683,7423,0.0,0.0,75229.91866302441,0.0
49.85,1008.749625,1009.433074,7423,0.0,0.0,75220.93112188338,0.0
49.86,1008.749625,1009.330557,7423,0.0,0.0,75213.2917603502,0.0
49.870000000000005,1008.749625,1009.243417,7423,0.0,0.0,75206.7982620621,0.0
49.88,1008.749625,1009.169348,7423,0.0,0.0,75201.27878851724,0.0
49.89,1008.749625,1009.10639,7423,0.0,0.0,75196.58728444079,0.0
49.9,1011.616605,1009.482922,7423,0.0,0.0,75224.64569501471,0.0
49.910000000000004,1011.616605,1009.802974,7423,0.0,0.0,75248.49532909894,0.0
49.92,1007.833808,1009.5076,7424,0.0,0.0,75226.48465015303,0.0
49.93,1007.833808,1009.256531,7424,0.0,0.0,75207.77549107921,0.0
49.94,1007.670814,1009.018673,7425,0.0,0.0,75190.05078926825,0.0
49.95,1007.670814,1008.816494,7425,0.0,0.0,75174.98481508432,0.0
49.96,1007.670814,1008.644642,7425,0.0,0.0,75162.17874820567,0.0
49.97,1007.670814,1008.498568,7425,0.0,0.0,75151.29360626242,0.0
49.980000000000004,1007.670814,1008.374405,7425,0.0,0.0,75142.04122815885,0.0
49.99,1007.670814,1008.268866,7425,0.0,0.0,75134.17667323774,0.0
50.0,1018.945058,1009.870295,7425,0.0,0.0,75253.51195519777,0.0
50.01,1018.945058,1011.231509,7425,0.0,0.0,75354.94689642712,0.0
50.02,1013.996147,1011.646205,7425,0.0,0.0,75385.84921185146,0.0
50.03,1013.996147,1011.998696,7426,0.0,0.0,75412.11613525137,0.0
50.04,1005.971439,1011.094608,7426,0.0,0.0,75344.74530807347,0.0
50.050000000000004,1005.971439,1010.326133,7426,0.0,0.0,75287.48009006864,0.0
50.06,1005.971439,1009.672929,7426,0.0,0.0,75238.80463613504,0.0
50.07,1005.971439,1009.117705,7426,0.0,0.0,75197.43045558067,0.0
50.08,1005.971439,1008.645765,7426,0.0,0.0,75162.26243191666,0.0
50.09,1005.971439,1008.244616,7427,0.0,0.0,75132.36961180225,0.0
50.1,1012.738783,1008.918741,7427,0.0,0.0,75182.6040567582,0.0
50.11,1012.738783,1009.491748,7427,0.0,0.0,75225.30339085922,0.0
50.120000000000005,1013.941648,1010.159233,7427,0.0,0.0,75275.04303631283,0.0
50.13,1013.941648,1010.726595,7427,0.0,0.0,75317.32171631887,0.0
50.14,1099.335506,1024.017932,7428,0.0,0.0,76307.76553151206,0.0
50.15,1099.335506,1035.315568,7428,0.0,0.0,77149.64274089315,0.0
50.160000000000004,1099.335506,1044.918559,7428,0.0,0.0,77865.23839867428,0.0
50.17,1099.335506,1053.081101,7428,0.0,0.0,78473.49468170696,0.0
50.18,1099.335506,1060.019262,7428,0.0,0.0,78990.51254464012,0.0
50.19,1099.335506,1065.916698,7428,0.0,0.0,79429.97766479303,0.0
50.2,1191.533493,1084.759217,7429,0.0,0.0,80834.0844454886,0.0
50.21,1191.533493,1100.775359,7429,0.0,0.0,82027.57527242013,0.0
50.22,1191.533493,1114.389079,7429,0.0,0.0,83042.04242314934,0.0
50.230000000000004,1256.080473,1135.642788,7429,0.0,0.0,84625.82625384792,0.0
50.24,1260.928945,1154.435711,7430,0.0,0.0,86026.23723994748,0.0
50.25,1260.928945,1170.409696,7430,0.0,0.0,87216.5866116652,0.0
50.26,1260.928945,1183.987584,7430,0.0,0.0,88228.38363351377,0.0
50.27,1260.928945,1195.528788,7430,0.0,0.0,89088.41104247067,0.0
50.28,1260.928945,1205.338811,7430,0.0,0.0,89819.43431027683,0.0
50.29,1260.928945,1213.677331,7430,0.0,0.0,90440.80412144517,0.0
50.300000000000004,1273.223539,1222.609262,7431,0.0,0.0,91106.3937319322,0.0
50.31,1273.223539,1230.201404,7431,0.0,0.0,91672.1449492829,0.0
50.32,1295.481678,1239.993445,7431,0.0,0.0,92401.8282344609,0.0
50.33,1295.481678,1248.31668,7431,0.0,0.0,93022.05903803992,0.0
50.34,1272.151285,1251.891871,7432,0.0,0.0,93288.47511146312,0.0
50.35,1272.151285,1254.930783,7432,0.0,0.0,93514.92874779153,0.0
50.36,1272.151285,1257.513858,7432,0.0,0.0,93707.41432376708,0.0
50.370000000000005,1272.151285,1259.709472,7432,0.0,0.0,93871.02708197579,0.0
50.38,1272.151285,1261.575744,7432,0.0,0.0,94010.09793390501,0.0
50.39,1272.151285,1263.162075,7433,0.0,0.0,94128.30814314121,0.0
50.4,1231.498384,1258.412522,7433,0.0,0.0,93774.38096532744,0.0
50.410000000000004,1231.498384,1254.375401,7433,0.0,0.0,93473.54279339357,0.0
50.42,1231.498384,1250.943848,7433,0.0,0.0,93217.83033607213,0.0
50.43,1268.072618,1253.513164,7433,0.0,0.0,93409.29061892228,0.0
50.44,1270.368138,1256.04141,7434,0.0,0.0,93597.69044762179,0.0
50.45,1270.368138,1258.190419,7434,0.0,0.0,93757.83029456453,0.0
50.46,1270.368138,1260.017077,7434,0.0,0.0,93893.94919054714,0.0
50.47,1270.368138,1261.569736,7434,0.0,0.0,94009.65022977699,0.0
50.480000000000004,1270.368138,1262.889497,7434,0.0,0.0,94107.99617646264,0.0
50.49,1270.368138,1264.011293,7435,0.0,0.0,94191.59016780517,0.0
50.5,1275.073464,1265.670619,7435,0.0,0.0,94315.23981825713,0.0
50.51,1275.073464,1267.081045,7435,0.0,0.0,94420.34193917149,0.0
50.52,1265.914298,1266.906033,7435,0.0,0.0,94407.30039542128,0.0
50.53,1265.914298,1266.757273,7436,0.0,0.0,94396.21509813717,0.0
50.54,1262.842482,1266.170054,7436,0.0,0.0,94352.45671425798,0.0
50.550000000000004,1262.842482,1265.670918,7436,0.0,0.0,94315.26209913834,0.0
50.56,1262.842482,1265.246653,7436,0.0,0.0,94283.64672099744,0.0
50.57,1262.842482,1264.886027,7436,0.0,0.0,94256.7735936892,0.0
50.58,1262.842482,1264.579496,7437,0.0,0.0,94233.931517447,0.0
50.59,1262.842482,1264.318944,7437,0.0,0.0,94214.51570420442,0.0
50.6,1288.59428,1267.960244,7437,0.0,0.0,94485.85808791366,0.0
50.61,1288.59428,1271.055349,7437,0.0,0.0,94716.49911406652,0.0
50.620000000000005,1288.59428,1273.686189,7437,0.0,0.0,94912.54404218493,0.0
50.63,1264.072389,1272.244119,7438,0.0,0.0,94805.08387376278,0.0
50.64,1264.872211,1271.138333,7439,0.0,0.0,94722.68291555769,0.0
50.65,1264.872211,1270.198415,7439,0.0,0.0,94652.64210853512,0.0
50.660000000000004,1264.872211,1269.399484,7439,0.0,0.0,94593.10737040335,0.0
50.67,1264.872211,1268.720393,7439,0.0,0.0,94542.50286907263,0.0
50.68,1264.872211,1268.143166,7439,0.0,0.0,94499.48906902283,0.0
50.69,1264.872211,1267.652523,7439,0.0,0.0,94462.92733525459,0.0
50.7,1290.927953,1271.143837,7439,0.0,0.0,94723.09306261501,0.0
50.71,1290.927953,1274.111455,7439,0.0,0.0,94944.23401284116,0.0
50.72,1259.838867,1271.970566,7440,0.0,0.0,94784.69925203681,0.0
50.730000000000004,1259.838867,1270.150811,7440,0.0,0.0,94649.09475378979,0.0
50.74,1270.03347,1270.13321,7441,0.0,0.0,94647.78316251864,0.0
50.75,1270.03347,1270.118249,7441,0.0,0.0,94646.66829876046,0.0
50.76,1270.03347,1270.105532,7441,0.0,0.0,94645.7206533883,0.0
50.77,1270.03347,1270.094723,7441,0.0,0.0,94644.91518835507,0.0
50.78,1270.03347,1270.085535,7441,0.0,0.0,94644.2305169955,0.0
50.79,1270.03347,1270.077725,7441,0.0,0.0,94643.64853143632,0.0
50.800000000000004,1270.03347,1270.071087,7441,0.0,0.0,94643.15388096997,0.0
50.81,1270.03347,1270.065444,7441,0.0,0.0,94642.73337591099,0.0
50.82,1270.03347,1270.060648,7442,0.0,0.0,94642.37598759573,0.0
50.83,1278.270182,1271.292078,7442,0.0,0.0,94734.13968505849,0.0
50.84,1262.0002,1269.898297,7443,0.0,0.0,94630.27791620982,0.0
50.85,1262.0002,1268.713582,7443,0.0,0.0,94541.99532699276,0.0
50.86,1262.0002,1267.706575,7443,0.0,0.0,94466.95518204675,0.0
50.870000000000005,1262.0002,1266.850619,7443,0.0,0.0,94403.17105511675,0.0
50.88,1262.0002,1266.123056,7443,0.0,0.0,94348.95451741903,0.0
50.89,1262.0002,1265.504628,7443,0.0,0.0,94302.87050136089,0.0
50.9,1286.384557,1268.636617,7443,0.0,0.0,94536.26004932758,0.0
50.910000000000004,1286.384557,1271.298808,7444,0.0,0.0,94734.64119118059,0.0
50.92,1265.847465,1270.481107,7444,0.0,0.0,94673.70775023877,0.0
50.93,1265.847465,1269.78606,7444,0.0,0.0,94621.91423974252,0.0
50.94,1267.164528,1269.392831,7445,0.0,0.0,94592.61160216703,0.0
50.95,1267.164528,1269.058585,7445,0.0,0.0,94567.70425962859,0.0
50.96,1267.164528,1268.774477,7445,0.0,0.0,94546.53310044069,0.0
50.97,1267.164528,1268.532984,7445,0.0,0.0,94528.53752570938,0.0
50.980000000000004,1267.164528,1268.327716,7445,0.0,0.0,94513.24136543166,0.0
50.99,1267.164528,1268.153238,7445,0.0,0.0,94500.23961429203,0.0
51.0,1223.04196,1261.386546,7445,0.0,0.0,93995.99927784453,0.0
51.01,1223.04196,1255.634858,7446,0.0,0.0,93567.3950067677,0.0
51.02,1271.986899,1258.087664,7446,0.0,0.0,93750.17319774798,0.0
51.03,1271.986899,1260.172549,7446,0.0,0.0,93905.53465262939,0.0
51.04,1267.341302,1261.247862,7447,0.0,0.0,93985.66482390162,0.0
51.050000000000004,1267.341302,1262.161878,7447,0.0,0.0,94053.77546575708,0.0
51.06,1267.341302,1262.938792,7447,0.0,0.0,94111.66954114145,0.0
51.07,1267.341302,1263.599168,7447,0.0,0.0,94160.87943815197,0.0
51.08,1267.341302,1264.160488,7447,0.0,0.0,94202.70788041812,0.0
51.09,1267.341302,1264.63761,7447,0.0,0.0,94238.26205634432,0.0
51.1,1277.929553,1266.631402,7448,0.0,0.0,94386.83544329416,0.0
51.11,1277.929553,1268.326124,7448,0.0,0.0,94513.12273277993,0.0
51.120000000000005,1271.906833,1268.863231,7448,0.0,0.0,94553.14687077649,0.0
51.13,1271.906833,1269.319771,7448,0.0,0.0,94587.16731728148,0.0
51.14,1275.382944,1270.229247,7449,0.0,0.0,94654.93964742906,0.0
51.15,1275.382944,1271.002301,7449,0.0,0.0,94712.5460833437,0.0
51.160000000000004,1275.382944,1271.659398,7449,0.0,0.0,94761.51163584093,0.0
51.17,1275.382944,1272.21793,7449,0.0,0.0,94803.13232193049,0.0
51.18,1275.382944,1272.692682,7449,0.0,0.0,94838.509890203,0.0
51.19,1275.382944,1273.096221,7449,0.0,0.0,94868.58080833105,0.0
51.2,1275.382944,1273.439229,7450,0.0,0.0,94894.1410775622,0.0
51.21,1253.180382,1270.400402,7450,0.0,0.0,94667.69377526354,0.0
51.22,1253.180382,1267.817399,7450,0.0,0.0,94475.21356458383,0.0
51.230000000000004,1253.180382,1265.621847,7450,0.0,0.0,94311.6054264909,0.0
51.24,1266.662624,1265.777963,7451,0.0,0.0,94323.23887816347,0.0
51.25,1266.662624,1265.910662,7451,0.0,0.0,94333.12734189231,0.0
51.26,1266.662624,1266.023456,7451,0.0,0.0,94341.53252488411,0.0
51.27,1266.662624,1266.119332,7451,0.0,0.0,94348.67701239695,0.0
51.28,1266.662624,1266.200825,7451,0.0,0.0,94354.74970755407,0.0
51.29,1266.662624,1266.270095,7452,0.0,0.0,94359.91156922973,0.0
51.300000000000004,1281.771954,1268.595374,7452,0.0,0.0,94533.18670356335,0.0
51.31,1281.771954,1270.571861,7452,0.0,0.0,94680.47055656924,0.0
51.32,1277.611798,1271.627851,7452,0.0,0.0,94759.1608165789,0.0
51.33,1277.611798,1272.525443,7452,0.0,0.0,94826.04757484609,0.0
51.34,1269.30736,1272.042731,7453,0.0,0.0,94790.07684331473,0.0
51.35,1269.30736,1271.632425,7453,0.0,0.0,94759.50166189871,0.0
51.36,1269.30736,1271.283666,7453,0.0,0.0,94733.5128396649,0.0
51.370000000000005,1269.30736,1270.98722,7453,0.0,0.0,94711.42227742582,0.0
51.38,1269.30736,1270.735241,7453,0.0,0.0,94692.64530697445,0.0
51.39,1269.30736,1270.521059,7454,0.0,0.0,94676.68489326844,0.0
51.4,1283.830492,1272.517474,7454,0.0,0.0,94825.45374092531,0.0
51.410000000000004,1283.830492,1274.214427,7454,0.0,0.0,94951.90728006311,0.0
51.42,1283.830492,1275.656836,7454,0.0,0.0,95059.3927100864,0.0
51.43,1271.997456,1275.107929,7455,0.0,0.0,95018.4892597212,0.0
51.44,1263.295634,1273.336085,7456,0.0,0.0,94886.45499324468,0.0
51.45,1263.295634,1271.830017,7456,0.0,0.0,94774.22582202885,0.0
51.46,1263.295634,1270.54986,7456,0.0,0.0,94678.8310861098,0.0
51.47,1263.295634,1269.461726,7456,0.0,0.0,94597.7455195937,0.0
51.480000000000004,1263.295634,1268.536812,7456,0.0,0.0,94528.82278060321,0.0
51.49,1263.295634,1267.750636,7456,0.0,0.0,94470.2385195275,0.0
51.5,1233.413732,1262.6001,7456,0.0,0.0,94086.43089158685,0.0
51.51,1233.413732,1258.222145,7456,0.0,0.0,93760.19445254806,0.0
51.52,1271.792571,1260.257709,7456,0.0,0.0,93911.88060528276,0.0
51.53,1271.792571,1261.987938,7457,0.0,0.0,94040.81380530001,0.0
51.54,1266.321334,1262.637947,7458,0.0,0.0,94089.25117423211,0.0
51.550000000000004,1266.321334,1263.190455,7458,0.0,0.0,94130.4229639057,0.0
51.56,1266.321334,1263.660087,7458,0.0,0.0,94165.41900003185,0.0
51.57,1266.321334,1264.059274,7458,0.0,0.0,94195.16561583546,0.0
51.58,1266.321334,1264.398583,7458,0.0,0.0,94220.45024299444,0.0
51.59,1266.321334,1264.686996,7458,0.0,0.0,94241.94220216088,0.0
51.6,1275.411358,1266.29565,7458,0.0,0.0,94361.8158766517,0.0
51.61,1275.411358,1267.663006,7458,0.0,0.0,94463.7085074207,0.0
51.620000000000005,1275.411358,1268.825259,7459,0.0,0.0,94550.31727338154,0.0
51.63,1272.097994,1269.316169,7459,0.0,0.0,94586.89890345505,0.0
51.64,1265.298112,1268.713461,7460,0.0,0.0,94541.98631031509,0.0
51.65,1265.298112,1268.201158,7460,0.0,0.0,94503.8105167245,0.0
51.660000000000004,1265.298112,1267.765702,7460,0.0,0.0,94471.36120767539,0.0
51.67,1265.298112,1267.395563,7460,0.0,0.0,94443.77919065846,0.0
51.68,1265.298112,1267.080946,7460,0.0,0.0,94420.33456188976,0.0
51.69,1265.298112,1266.813521,7460,0.0,0.0,94400.40658645147,0.0
51.7,1284.933122,1269.531461,7460,0.0,0.0,94602.9420321381,0.0
51.71,1284.933122,1271.84171,7460,0.0,0.0,94775.09716097172,0.0
51.72,1265.877906,1270.947139,7461,0.0,0.0,94708.43552157452,0.0
51.730000000000004,1265.877906,1270.186754,7461,0.0,0.0,94651.77315416813,0.0
51.74,1273.057073,1270.617302,7462,0.0,0.0,94683.85672888631,0.0
51.75,1273.057073,1270.983268,7462,0.0,0.0,94711.12778230033,0.0
51.76,1273.057073,1271.294339,7462,0.0,0.0,94734.30817025049,0.0
51.77,1273.057073,1271.558749,7462,0.0,0.0,94754.01147392679,0.0
51.78,1273.057073,1271.783498,7462,0.0,0.0,94770.75931931066,0.0
51.79,1273.057073,1271.974534,7462,0.0,0.0,94784.99493945025,0.0
51.800000000000004,1273.057073,1272.136915,7462,0.0,0.0,94797.09524637609,0.0
51.81,1273.057073,1272.274939,7463,0.0,0.0,94807.38051844077,0.0
51.82,1273.057073,1272.392259,7463,0.0,0.0,94816.12296988853,0.0
51.83,1268.743572,1271.844956,7463,0.0,0.0,94775.33904639108,0.0
51.84,1264.895981,1270.80261,7464,0.0,0.0,94697.66550993713,0.0
51.85,1264.895981,1269.916615,7464,0.0,0.0,94631.64293688508,0.0
51.86,1264.895981,1269.16352,7464,0.0,0.0,94575.5238056793,0.0
51.870000000000005,1264.895981,1268.523389,7464,0.0,0.0,94527.82252552491,0.0
51.88,1264.895981,1267.979278,7464,0.0,0.0,94487.276463475,0.0
51.89,1264.895981,1267.516783,7464,0.0,0.0,94452.81226229585,0.0
51.9,1280.813997,1269.511365,7464,0.0,0.0,94601.44451846358,0.0
51.910000000000004,1280.813997,1271.20676,7465,0.0,0.0,94727.78195856155,0.0
51.92,1271.87383,1271.306821,7465,0.0,0.0,94735.23830389325,0.0
51.93,1271.87383,1271.391872,7465,0.0,0.0,94741.5761340849,0.0
51.94,1262.035841,1269.988467,7466,0.0,0.0,94636.99720402985,0.0
51.95,1262.035841,1268.795573,7466,0.0,0.0,94548.10513211256,0.0
51.96,1262.035841,1267.781613,7466,0.0,0.0,94472.54686353105,0.0
51.97,1262.035841,1266.919748,7466,0.0,0.0,94408.32240975475,0.0
51.980000000000004,1262.035841,1266.187162,7466,0.0,0.0,94353.73156815642,0.0
51.99,1262.035841,1265.564463,7466,0.0,0.0,94307.32928573164,0.0
52.0,1254.73297,1263.939739,7467,0.0,0.0,94186.25810702358,0.0
52.01,1254.73297,1262.558724,7467,0.0,0.0,94083.34763492894,0.0
52.02,1254.73297,1261.384861,7467,0.0,0.0,93995.873715019,0.0
52.03,1260.246462,1261.214101,7467,0.0,0.0,93983.14902179346,0.0
52.04,1297.20554,1266.612817,7468,0.0,0.0,94385.45052631361,0.0
52.050000000000004,1297.20554,1271.201726,7468,0.0,0.0,94727.40683496295,0.0
52.06,1297.20554,1275.102298,7468,0.0,0.0,95018.06964887821,0.0
52.07,1297.20554,1278.417784,7468,0.0,0.0,95265.13302580253,0.0
52.08,1297.20554,1281.235948,7468,0.0,0.0,95475.13696325445,0.0
52.09,1297.20554,1283.631387,7468,0.0,0.0,95653.64028028135,0.0
52.1,1232.89553,1276.021008,7469,0.0,0.0,95086.53007821318,0.0
52.11,1232.89553,1269.552186,7469,0.0,0.0,94604.48641763294,0.0
52.120000000000005,1271.945624,1269.911202,7469,0.0,0.0,94631.23957096547,0.0
52.13,1271.945624,1270.216365,7469,0.0,0.0,94653.97970658733,0.0
52.14,1266.456662,1269.65241,7470,0.0,0.0,94611.95490939819,0.0
52.15,1266.456662,1269.173048,7470,0.0,0.0,94576.23381315796,0.0
52.160000000000004,1266.456662,1268.76559,7470,0.0,0.0,94545.87085899834,0.0
52.17,1266.456662,1268.419251,7470,0.0,0.0,94520.06237031808,0.0
52.18,1266.456662,1268.124862,7470,0.0,0.0,94498.12509159955,0.0
52.19,1266.456662,1267.874632,7471,0.0,0.0,94479.4784531255,0.0
52.2,1283.959631,1270.287382,7471,0.0,0.0,94659.27175120435,0.0
52.21,1283.959631,1272.338219,7471,0.0,0.0,94812.09601731235,0.0
52.22,1283.959631,1274.081431,7471,0.0,0.0,94941.99668448907,0.0
52.230000000000004,1256.936334,1271.509666,7471,0.0,0.0,94750.35390706341,0.0
52.24,1268.259823,1271.02219,7472,0.0,0.0,94714.02817179276,0.0
52.25,1268.259823,1270.607835,7472,0.0,0.0,94683.1512670055,0.0
52.26,1268.259823,1270.255633,7472,0.0,0.0,94656.90587930683,0.0
52.27,1268.259823,1269.956262,7472,0.0,0.0,94634.59735192555,0.0
52.28,1268.259823,1269.701796,7473,0.0,0.0,94615.63505521479,0.0
52.29,1268.259823,1269.4855,7473,0.0,0.0,94599.51711046243,0.0
52.300000000000004,1279.223682,1270.946227,7473,0.0,0.0,94708.36756116092,0.0
52.31,1279.223682,1272.187845,7473,0.0,0.0,94800.89044798055,0.0
52.32,1271.583048,1272.097126,7473,0.0,0.0,94794.13024977998,0.0
52.33,1271.583048,1272.020014,7474,0.0,0.0,94788.38401796919,0.0
52.34,1261.779293,1270.483906,7475,0.0,0.0,94673.91632611329,0.0
52.35,1261.779293,1269.178214,7475,0.0,0.0,94576.61877313223,0.0
52.36,1261.779293,1268.068376,7475,0.0,0.0,94493.91586800187,0.0
52.370000000000005,1261.779293,1267.125014,7475,0.0,0.0,94423.61842099648,0.0
52.38,1261.779293,1266.323155,7475,0.0,0.0,94363.86549416851,0.0
52.39,1261.779293,1265.641576,7475,0.0,0.0,94313.07559206043,0.0
52.4,1296.536349,1270.275792,7475,0.0,0.0,94658.40808761517,0.0
52.410000000000004,1296.536349,1274.214876,7475,0.0,0.0,94951.94073864393,0.0
52.42,1296.536349,1277.563097,7475,0.0,0.0,95201.44346221114,0.0
52.43,1264.127045,1275.547689,7476,0.0,0.0,95051.25929423084,0.0
52.44,1258.957117,1273.059103,7477,0.0,0.0,94865.81484930584,0.0
52.45,1258.957117,1270.943805,7477,0.0,0.0,94708.18707857138,0.0
52.46,1258.957117,1269.145802,7477,0.0,0.0,94574.20349580247,0.0
52.47,1258.957117,1267.617499,7477,0.0,0.0,94460.31741691582,0.0
52.480000000000004,1258.957117,1266.318442,7477,0.0,0.0,94363.51429084706,0.0
52.49,1258.957117,1265.214243,7477,0.0,0.0,94281.2315927037,0.0
52.5,1292.458639,1269.300903,7477,0.0,0.0,94585.7613117077,0.0
52.51,1292.458639,1272.774563,7477,0.0,0.0,94844.61149834309,0.0
52.52,1271.687801,1272.611549,7478,0.0,0.0,94832.46402152492,0.0
52.53,1271.687801,1272.472986,7478,0.0,0.0,94822.1385842597,0.0
52.54,1271.62858,1272.346326,7479,0.0,0.0,94812.70013471678,0.0
52.550000000000004,1271.62858,1272.238664,7479,0.0,0.0,94804.67737808729,0.0
52.56,1271.62858,1272.147151,7479,0.0,0.0,94797.85801259684,0.0
52.57,1271.62858,1272.069366,7479,0.0,0.0,94792.06163017386,0.0
52.58,1271.62858,1272.003248,7479,0.0,0.0,94787.13464922582,0.0
52.59,1271.62858,1271.947048,7479,0.0,0.0,94782.9467377754,0.0
52.6,1232.580866,1266.04212,7479,0.0,0.0,94342.92332878643,0.0
52.61,1232.580866,1261.022932,7479,0.0,0.0,93968.90349076022,0.0
52.620000000000005,1271.891508,1262.653218,7480,0.0,0.0,94090.38913856947,0.0
52.63,1271.891508,1264.038962,7480,0.0,0.0,94193.65200627354,0.0
52.64,1264.532888,1264.113051,7481,0.0,0.0,94199.17297017836,0.0
52.65,1264.532888,1264.176026,7481,0.0,0.0,94203.86574106076,0.0
52.660000000000004,1264.532888,1264.229555,7481,0.0,0.0,94207.85461494028,0.0
52.67,1264.532888,1264.275055,7481,0.0,0.0,94211.2451838192,0.0
52.68,1264.532888,1264.31373,7481,0.0,0.0,94214.12716736628,0.0
52.69,1264.532888,1264.346604,7481,0.0,0.0,94216.57687201079,0.0
52.7,1279.601425,1266.634827,7481,0.0,0.0,94387.09066743504,0.0
52.71,1279.601425,1268.579817,7482,0.0,0.0,94532.02742707875,0.0
52.72,1271.906769,1269.07886,7482,0.0,0.0,94569.21511202463,0.0
52.730000000000004,1271.906769,1269.503046,7482,0.0,0.0,94600.82460324373,0.0
52.74,1269.082354,1269.439942,7484,0.0,0.0,94596.12221953965,0.0
52.75,1269.082354,1269.386304,7484,0.0,0.0,94592.12522319844,0.0
52.76,1269.082354,1269.340711,7484,0.0,0.0,94588.72772414578,0.0
52.77,1269.082354,1269.301958,7484,0.0,0.0,94585.8399281949,0.0
52.78,1269.082354,1269.269017,7484,0.0,0.0,94583.38523084455,0.0
52.79,1269.082354,1269.241018,7484,0.0,0.0,94581.29880143708,0.0
52.800000000000004,1269.082354,1269.217218,7484,0.0,0.0,94579.5252731004,0.0
52.81,1269.082354,1269.196988,7484,0.0,0.0,94578.01777401422,0.0
52.82,1269.082354,1269.179793,7484,0.0,0.0,94576.73643705001,0.0
52.83,1285.38782,1271.610997,7484,0.0,0.0,94757.90489025172,0.0
52.84,1261.152808,1270.042269,7485,0.0,0.0,94641.00642132267,0.0
52.85,1261.152808,1268.70885,7485,0.0,0.0,94541.64270782935,0.0
52.86,1261.152808,1267.575443,7485,0.0,0.0,94457.18348801974,0.0
52.870000000000005,1261.152808,1266.612048,7485,0.0,0.0,94385.39322197366,0.0
52.88,1261.152808,1265.793162,7485,0.0,0.0,94324.37147720499,0.0
52.89,1261.152808,1265.097109,7485,0.0,0.0,94272.50300160343,0.0
52.9,1283.442046,1267.848849,7486,0.0,0.0,94477.55715560011,0.0
52.910000000000004,1283.442046,1270.187829,7486,0.0,0.0,94651.85326101529,0.0
52.92,1271.846742,1270.436666,7486,0.0,0.0,94670.39609591904,0.0
52.93,1271.846742,1270.648177,7486,0.0,0.0,94686.15747205412,0.0
52.94,1261.866456,1269.330919,7487,0.0,0.0,94587.99804391581,0.0
52.95,1261.866456,1268.21125,7487,0.0,0.0,94504.56255235366,0.0
52.96,1261.866456,1267.259531,7487,0.0,0.0,94433.64235844447,0.0
52.97,1261.866456,1266.45057,7487,0.0,0.0,94373.36020479942,0.0
52.980000000000004,1261.866456,1265.762952,7487,0.0,0.0,94322.1202885054,0.0
52.99,1261.866456,1265.178478,7488,0.0,0.0,94278.56645652889,0.0
53.0,1280.952124,1267.544525,7488,0.0,0.0,94454.87954057801,0.0
53.01,1280.952124,1269.555665,7488,0.0,0.0,94604.74566574568,0.0
53.02,1280.952124,1271.265134,7488,0.0,0.0,94732.1318721382,0.0
53.03,1268.027981,1270.779561,7488,0.0,0.0,94695.94794461648,0.0
53.04,1263.289835,1269.656102,7489,0.0,0.0,94612.23002984437,0.0
53.050000000000004,1263.289835,1268.701162,7489,0.0,0.0,94541.0698134658,0.0
53.06,1263.289835,1267.889463,7489,0.0,0.0,94480.58362954401,0.0
53.07,1263.289835,1267.199519,7489,0.0,0.0,94429.1703843882,0.0
53.08,1263.289835,1266.613066,7489,0.0,0.0,94385.46908129494,0.0
53.09,1263.289835,1266.114581,7490,0.0,0.0,94348.32297739161,0.0
53.1,1283.926591,1268.786383,7490,0.0,0.0,94547.42031171701,0.0
53.11,1283.926591,1271.057414,7490,0.0,0.0,94716.65299373103,0.0
53.120000000000005,1265.872084,1270.279615,7490,0.0,0.0,94658.69296991901,0.0
53.13,1265.872084,1269.618485,7490,0.0,0.0,94609.4268863385,0.0
53.14,1261.886786,1268.45873,7491,0.0,0.0,94523.00426633502,0.0
53.15,1261.886786,1267.472939,7491,0.0,0.0,94449.54509522054,0.0
53.160000000000004,1261.886786,1266.635016,7491,0.0,0.0,94387.10475133652,0.0
53.17,1261.886786,1265.922781,7491,0.0,0.0,94334.03042550205,0.0
53.18,1261.886786,1265.317382,7492,0.0,0.0,94288.9173044312,0.0
53.19,1261.886786,1264.802793,7492,0.0,0.0,94250.57116269872,0.0
53.2,1290.923923,1268.720962,7492,0.0,0.0,94542.54526981314,0.0
53.21,1290.923923,1272.051406,7492,0.0,0.0,94790.72328694166,0.0
53.22,1290.923923,1274.882284,7492,0.0,0.0,95001.67464621172,0.0
53.230000000000004,1264.123126,1273.26841,7493,0.0,0.0,94881.41198777479,0.0
53.24,1260.571144,1271.36382,7494,0.0,0.0,94739.48575522356,0.0
53.25,1260.571144,1269.744919,7494,0.0,0.0,94618.84849481404,0.0
53.26,1260.571144,1268.368852,7494,0.0,0.0,94516.3067377702,0.0
53.27,1260.571144,1267.199196,7494,0.0,0.0,94429.14631507506,0.0
53.28,1260.571144,1266.204988,7494,0.0,0.0,94355.05992597698,0.0
53.29,1260.571144,1265.359912,7494,0.0,0.0,94292.08655485802,0.0
53.300000000000004,1289.116144,1268.923346,7494,0.0,0.0,94557.6265201865,0.0
53.31,1289.116144,1271.952266,7494,0.0,0.0,94783.33557268551,0.0
53.32,1265.669344,1271.009828,7495,0.0,0.0,94713.10698030966,0.0
53.33,1265.669344,1270.208755,7495,0.0,0.0,94653.4126246276,0.0
53.34,1266.069563,1269.587876,7496,0.0,0.0,94607.14596495796,0.0
53.35,1266.069563,1269.060129,7496,0.0,0.0,94567.81931541648,0.0
53.36,1266.069563,1268.611544,7496,0.0,0.0,94534.39165958032,0.0
53.370000000000005,1266.069563,1268.230247,7496,0.0,0.0,94505.97817074908,0.0
53.38,1266.069563,1267.906145,7496,0.0,0.0,94481.82673877562,0.0
53.39,1266.069563,1267.630657,7496,0.0,0.0,94461.29792472479,0.0
53.4,1286.447336,1270.453159,7496,0.0,0.0,94671.62512124915,0.0
53.410000000000004,1286.447336,1272.852286,7496,0.0,0.0,94850.40326065024,0.0
53.42,1265.641254,1271.770631,7497,0.0,0.0,94769.80049623891,0.0
53.43,1265.641254,1270.851224,7497,0.0,0.0,94701.28812785975,0.0
53.44,1263.880731,1269.80565,7498,0.0,0.0,94623.3740473104,0.0
53.45,1263.880731,1268.916912,7498,0.0,0.0,94557.14707139162,0.0
53.46,1263.880731,1268.161485,7498,0.0,0.0,94500.85416421609,0.0
53.47,1263.880731,1267.519372,7498,0.0,0.0,94453.00518939098,0.0
53.480000000000004,1263.880731,1266.973576,7498,0.0,0.0,94412.33356451552,0.0
53.49,1263.880731,1266.509649,7498,0.0,0.0,94377.7626535642,0.0
53.5,1240.903418,1262.668715,7498,0.0,0.0,94091.54394397422,0.0
53.51,1240.903418,1259.40392,7499,0.0,0.0,93848.25795885298,0.0
53.52,1265.849744,1260.370794,7499,0.0,0.0,93920.30747301178,0.0
53.53,1265.849744,1261.192636,7499,0.0,0.0,93981.54949298057,0.0
53.54,1266.819571,1262.036676,7500,0.0,0.0,94044.4456634543,0.0
53.550000000000004,1266.819571,1262.754111,7500,0.0,0.0,94097.90748287497,0.0
53.56,1266.819571,1263.36393,7500,0.0,0.0,94143.34997349401,0.0
53.57,1266.819571,1263.882276,7500,0.0,0.0,94181.97607934254,0.0
53.58,1266.819571,1264.32287,7500,0.0,0.0,94214.80826186195,0.0
53.59,1266.819571,1264.697375,7500,0.0,0.0,94242.71562445526,0.0
53.6,1279.310851,1266.889397,7500,0.0,0.0,94406.06071401753,0.0
53.61,1279.310851,1268.752615,7501,0.0,0.0,94544.90398798289,0.0
53.620000000000005,1279.310851,1270.33635,7501,0.0,0.0,94662.92074849803,0.0
53.63,1272.086968,1270.598943,7501,0.0,0.0,94682.48865297316,0.0
53.64,1261.527902,1269.238287,7502,0.0,0.0,94581.09529278633,0.0
53.65,1261.527902,1268.081729,7502,0.0,0.0,94494.91090682035,0.0
53.660000000000004,1261.527902,1267.098655,7502,0.0,0.0,94421.65420110463,0.0
53.67,1261.527902,1266.263042,7502,0.0,0.0,94359.38599379451,0.0
53.68,1261.527902,1265.552771,7502,0.0,0.0,94306.45802130677,0.0
53.69,1261.527902,1264.949041,7502,0.0,0.0,94261.46927077352,0.0
53.7,1282.295657,1267.551033,7503,0.0,0.0,94455.3645037047,0.0
53.71,1282.295657,1269.762727,7503,0.0,0.0,94620.17551131062,0.0
53.72,1277.901602,1270.983558,7503,0.0,0.0,94711.14939251957,0.0
53.730000000000004,1277.901602,1272.021265,7503,0.0,0.0,94788.47723998388,0.0
53.74,1264.247884,1270.855257,7505,0.0,0.0,94701.58865894302,0.0
53.75,1264.247884,1269.864151,7505,0.0,0.0,94627.7334246727,0.0
53.76,1264.247884,1269.021711,7505,0.0,0.0,94564.95648299473,0.0
53.77,1264.247884,1268.305637,7505,0.0,0.0,94511.59608256843,0.0
53.78,1264.247884,1267.696974,7505,0.0,0.0,94466.2397347543,0.0
53.79,1264.247884,1267.179611,7505,0.0,0.0,94427.68688009719,0.0
53.800000000000004,1264.247884,1266.739851,7505,0.0,0.0,94394.91684558753,0.0
53.81,1264.247884,1266.366056,7505,0.0,0.0,94367.06239077235,0.0
53.82,1264.247884,1266.04833,7505,0.0,0.0,94343.3860855499,0.0
53.83,1296.460208,1270.610112,7505,0.0,0.0,94683.32094448544,0.0
53.84,1266.713877,1270.025677,7506,0.0,0.0,94639.77001871081,0.0
53.85,1266.713877,1269.528907,7506,0.0,0.0,94602.75171317291,0.0
53.86,1266.713877,1269.106652,7506,0.0,0.0,94571.28611620665,0.0
53.870000000000005,1266.713877,1268.747736,7506,0.0,0.0,94544.54041467386,0.0
53.88,1266.713877,1268.442657,7506,0.0,0.0,94521.80653856379,0.0
53.89,1266.713877,1268.18334,7507,0.0,0.0,94502.48275504791,0.0
53.9,1219.204467,1260.836509,7507,0.0,0.0,93955.01162214234,0.0
53.910000000000004,1219.204467,1254.591703,7507,0.0,0.0,93489.66118525394,0.0
53.92,1271.333567,1257.102983,7507,0.0,0.0,93676.79674161057,0.0
53.93,1271.333567,1259.23757,7507,0.0,0.0,93835.8618899957,0.0
53.94,1270.974972,1260.998181,7509,0.0,0.0,93967.05909580809,0.0
53.95,1270.974972,1262.494699,7509,0.0,0.0,94078.57662014935,0.0
53.96,1270.974972,1263.76674,7509,0.0,0.0,94173.366568002,0.0
53.97,1270.974972,1264.847975,7509,0.0,0.0,94253.93803485447,0.0
53.980000000000004,1270.974972,1265.767024,7509,0.0,0.0,94322.42372579056,0.0
53.99,1270.974972,1266.548217,7509,0.0,0.0,94380.63666368552,0.0
54.0,1270.974972,1267.21223,7509,0.0,0.0,94430.11758265238,0.0
54.01,1270.974972,1267.776641,7509,0.0,0.0,94472.1763600483,0.0
54.02,1293.473809,1271.631216,7509,0.0,0.0,94759.41156963994,0.0
54.03,1293.473809,1274.907605,7510,0.0,0.0,95003.56151642233,0.0
54.04,1266.010256,1273.573003,7511,0.0,0.0,94904.10964813817,0.0
54.050000000000004,1266.010256,1272.438591,7511,0.0,0.0,94819.57553774124,0.0
54.06,1266.010256,1271.47434,7511,0.0,0.0,94747.72148428942,0.0
54.07,1266.010256,1270.654728,7511,0.0,0.0,94686.64563945471,0.0
54.08,1266.010256,1269.958057,7511,0.0,0.0,94634.73111173078,0.0
54.09,1266.010256,1269.365887,7511,0.0,0.0,94590.60378924674,0.0
54.1,1266.010256,1268.862542,7511,0.0,0.0,94553.09552787633,0.0
54.11,1298.8527,1273.361066,7511,0.0,0.0,94888.31652733618,0.0
54.120000000000005,1298.8527,1277.184811,7511,0.0,0.0,95173.2543470699,0.0
54.13,1241.987208,1271.90517,7512,0.0,0.0,94779.82607308285,0.0
54.14,1257.220336,1269.702445,7513,0.0,0.0,94615.68341739505,0.0
54.15,1257.220336,1267.830129,7513,0.0,0.0,94476.16217868992,0.0
54.160000000000004,1257.220336,1266.23866,7513,0.0,0.0,94357.56909598336,0.0
54.17,1257.220336,1264.885911,7513,0.0,0.0,94256.76494960152,0.0
54.18,1257.220336,1263.736075,7513,0.0,0.0,94171.08147361361,0.0
54.19,1257.220336,1262.758714,7513,0.0,0.0,94098.25048921672,0.0
54.2,1257.220336,1261.927957,7513,0.0,0.0,94036.34414130164,0.0
54.21,1295.505568,1266.964599,7513,0.0,0.0,94411.6646164534,0.0
54.22,1295.505568,1271.245744,7514,0.0,0.0,94730.6869681698,0.0
54.230000000000004,1295.505568,1274.884718,7514,0.0,0.0,95001.85602301723,0.0
54.24,1277.012632,1275.203905,7515,0.0,0.0,95025.64119903377,0.0
54.25,1277.012632,1275.475214,7515,0.0,0.0,95045.85860237373,0.0
54.26,1277.012632,1275.705827,7515,0.0,0.0,95063.04342129399,0.0
54.27,1277.012632,1275.901847,7515,0.0,0.0,95077.65043913231,0.0
54.28,1277.012632,1276.068465,7515,0.0,0.0,95090.06647881288,0.0
54.29,1277.012632,1276.21009,7515,0.0,0.0,95100.62009018597,0.0
54.300000000000004,1277.012632,1276.330471,7515,0.0,0.0,95109.59064122359,0.0
54.31,1211.736103,1266.641316,7515,0.0,0.0,94387.57421471976,0.0
54.32,1211.736103,1258.405534,7516,0.0,0.0,93773.86023356201,0.0
54.33,1319.971687,1267.640457,7516,0.0,0.0,94462.02820109871,0.0
54.34,1264.388913,1267.152725,7517,0.0,0.0,94425.6833892207,0.0
54.35,1264.388913,1266.738153,7517,0.0,0.0,94394.79031402805,0.0
54.36,1264.388913,1266.385767,7517,0.0,0.0,94368.53121501788,0.0
54.370000000000005,1264.388913,1266.086239,7517,0.0,0.0,94346.21098831101,0.0
54.38,1264.388913,1265.83164,7517,0.0,0.0,94327.23878070661,0.0
54.39,1264.388913,1265.615231,7517,0.0,0.0,94311.11241542053,0.0
54.4,1264.388913,1265.431283,7517,0.0,0.0,94297.40497884608,0.0
54.410000000000004,1264.723547,1265.325123,7518,0.0,0.0,94289.4941482486,0.0
54.42,1264.723547,1265.234886,7518,0.0,0.0,94282.76986772276,0.0
54.43,1259.996346,1264.449105,7518,0.0,0.0,94224.215041256,0.0
54.44,1269.797283,1265.251332,7519,0.0,0.0,94283.99539070699,0.0
54.45,1269.797283,1265.933225,7519,0.0,0.0,94334.80869146626,0.0
54.46,1269.797283,1266.512833,7519,0.0,0.0,94377.99991886773,0.0
54.47,1269.797283,1267.005501,7519,0.0,0.0,94414.71255158057,0.0
54.480000000000004,1269.797283,1267.424268,7519,0.0,0.0,94445.91822977207,0.0
54.49,1269.797283,1267.78022,7519,0.0,0.0,94472.44305996077,0.0
54.5,1269.797283,1268.08278,7519,0.0,0.0,94494.98922523553,0.0
54.51,1269.797283,1268.339955,7520,0.0,0.0,94514.15339120111,0.0
54.52,1284.344295,1270.740606,7520,0.0,0.0,94693.04509603015,0.0
54.53,1284.344295,1272.781159,7520,0.0,0.0,94845.10301905354,0.0
54.54,1271.2288,1272.548305,7521,0.0,0.0,94827.75120530125,0.0
54.550000000000004,1271.2288,1272.35038,7521,0.0,0.0,94813.002230678,0.0
54.56,1271.2288,1272.182143,7521,0.0,0.0,94800.46554635972,0.0
54.57,1271.2288,1272.039141,7521,0.0,0.0,94789.8093237043,0.0
54.58,1271.2288,1271.91759,7521,0.0,0.0,94780.7515866098,0.0
54.59,1271.2288,1271.814272,7521,0.0,0.0,94773.05253616076,0.0
54.6,1271.2288,1271.726451,7522,0.0,0.0,94766.5082911165,0.0
54.61,1268.467758,1271.237647,7522,0.0,0.0,94730.08359594534,0.0
54.620000000000005,1268.467758,1270.822164,7522,0.0,0.0,94699.12263485709,0.0
54.63,1268.467758,1270.469003,7522,0.0,0.0,94672.80578439897,0.0
54.64,1255.420791,1268.211771,7523,0.0,0.0,94504.60137623025,0.0
54.65,1255.420791,1266.293124,7523,0.0,0.0,94361.62764419043,0.0
54.660000000000004,1255.420791,1264.662274,7523,0.0,0.0,94240.09996823069,0.0
54.67,1255.420791,1263.276052,7523,0.0,0.0,94136.8014809239,0.0
54.68,1255.420791,1262.097763,7523,0.0,0.0,94048.99774435772,0.0
54.69,1255.420791,1261.096217,7523,0.0,0.0,93974.3645421952,0.0
54.7,1255.420791,1260.244903,7524,0.0,0.0,93910.92632780883,0.0
54.71,1276.180003,1262.635168,7524,0.0,0.0,94089.04408871752,0.0
54.72,1276.180003,1264.666893,7524,0.0,0.0,94240.4441668604,0.0
54.730000000000004,1307.969524,1271.162288,7524,0.0,0.0,94724.46799418391,0.0
54.74,1268.288562,1270.731229,7527,0.0,0.0,94692.3463407691,0.0
54.75,1268.288562,1270.364829,7527,0.0,0.0,94665.04294654424,0.0
54.76,1268.288562,1270.053389,7527,0.0,0.0,94641.83506145305,0.0
54.77,1268.288562,1269.788665,7527,0.0,0.0,94622.1083591256,0.0
54.78,1268.288562,1269.56365,7527,0.0,0.0,94605.34069195444,0.0
54.79,1268.288562,1269.372386,7527,0.0,0.0,94591.08808171147,0.0
54.800000000000004,1268.288562,1269.209813,7527,0.0,0.0,94578.97346733011,0.0
54.81,1268.288562,1269.071625,7527,0.0,0.0,94568.67597431388,0.0
54.82,1268.288562,1268.954166,7527,0.0,0.0,94559.92316486446,0.0
54.83,1268.288562,1268.854325,7527,0.0,0.0,94552.48321349219,0.0
54.84,1265.538716,1268.356984,7528,0.0,0.0,94515.42235817779,0.0
54.85,1265.538716,1267.934244,7528,0.0,0.0,94483.92061998283,0.0
54.86,1265.538716,1267.574914,7528,0.0,0.0,94457.14406799915,0.0
54.870000000000005,1265.538716,1267.269485,7528,0.0,0.0,94434.38411059002,0.0
54.88,1265.538716,1267.009869,7528,0.0,0.0,94415.03804619293,0.0
54.89,1265.538716,1266.789196,7528,0.0,0.0,94398.5939361662,0.0
54.9,1265.538716,1266.601624,7528,0.0,0.0,94384.61644636939,0.0
54.910000000000004,1265.538716,1266.442188,7528,0.0,0.0,94372.73559494571,0.0
54.92,1269.296074,1266.870271,7528,0.0,0.0,94404.63548280044,0.0
54.93,1269.296074,1267.234141,7529,0.0,0.0,94431.75034649204,0.0
54.94,1259.638781,1266.094837,7530,0.0,0.0,94346.85169405215,0.0
54.95,1259.638781,1265.126429,7530,0.0,0.0,94274.6878692854,0.0
54.96,1259.638781,1264.303282,7530,0.0,0.0,94213.34860333009,0.0
54.97,1259.638781,1263.603607,7530,0.0,0.0,94161.21022354215,0.0
54.980000000000004,1259.638781,1263.008883,7530,0.0,0.0,94116.89258209294,0.0
54.99,1259.638781,1262.503367,7530,0.0,0.0,94079.22254215028,0.0
55.0,1286.389025,1266.086216,7530,0.0,0.0,94346.20927439707,0.0
55.01,1286.389025,1269.131637,7530,0.0,0.0,94573.14794837018,0.0
55.02,1286.389025,1271.720246,7530,0.0,0.0,94766.04590694302,0.0
55.03,1272.023363,1271.765713,7531,0.0,0.0,94769.43401672799,0.0
55.04,1261.02644,1270.154822,7532,0.0,0.0,94649.3936454771,0.0
55.050000000000004,1261.02644,1268.785565,7532,0.0,0.0,94547.35935599517,0.0
55.06,1261.02644,1267.621696,7532,0.0,0.0,94460.63016895065,0.0
55.07,1261.02644,1266.632408,7532,0.0,0.0,94386.91040839949,0.0
55.08,1261.02644,1265.791513,7532,0.0,0.0,94324.24859702738,0.0
55.09,1261.02644,1265.076752,7532,0.0,0.0,94270.98603873161,0.0
55.1,1283.249876,1267.802721,7532,0.0,0.0,94474.11978941887,0.0
55.11,1283.249876,1270.119794,7532,0.0,0.0,94646.78342906634,0.0
55.120000000000005,1277.934761,1271.292039,7533,0.0,0.0,94734.1367788566,0.0
55.13,1277.934761,1272.288447,7533,0.0,0.0,94808.3871075488,0.0
55.14,1262.686318,1270.848128,7534,0.0,0.0,94701.05742013999,0.0
55.15,1262.686318,1269.623857,7534,0.0,0.0,94609.8271970202,0.0
55.160000000000004,1262.686318,1268.583226,7534,0.0,0.0,94532.28145893167,0.0
55.17,1262.686318,1267.69869,7534,0.0,0.0,94466.36760763773,0.0
55.18,1262.686318,1266.946834,7534,0.0,0.0,94410.3408042307,0.0
55.19,1262.686318,1266.307757,7534,0.0,0.0,94362.71806604548,0.0
55.2,1278.910658,1268.198192,7534,0.0,0.0,94503.58949634439,0.0
55.21,1278.910658,1269.805062,7534,0.0,0.0,94623.33023072795,0.0
55.22,1278.910658,1271.170901,7535,0.0,0.0,94725.10981769499,0.0
55.230000000000004,1272.064197,1271.304895,7535,0.0,0.0,94735.09478223039,0.0
55.24,1259.937236,1269.599747,7536,0.0,0.0,94608.03056810435,0.0
55.25,1259.937236,1268.15037,7536,0.0,0.0,94500.02589667567,0.0
55.26,1259.937236,1266.9184,7536,0.0,0.0,94408.22195949435,0.0
55.27,1259.937236,1265.871226,7536,0.0,0.0,94330.18865014924,0.0
55.28,1259.937236,1264.981127,7536,0.0,0.0,94263.86025523611,0.0
55.29,1259.937236,1264.224544,7536,0.0,0.0,94207.48120525562,0.0
55.300000000000004,1280.34488,1266.642594,7536,0.0,0.0,94387.66944872036,0.0
55.31,1280.34488,1268.697937,7537,0.0,0.0,94540.82949292437,0.0
55.32,1271.623027,1269.1367,7537,0.0,0.0,94573.52523299071,0.0
55.33,1271.623027,1269.50965,7537,0.0,0.0,94601.31672009816,0.0
55.34,1265.044897,1268.839937,7538,0.0,0.0,94551.41104854648,0.0
55.35,1265.044897,1268.270681,7538,0.0,0.0,94508.99123145346,0.0
55.36,1265.044897,1267.786813,7538,0.0,0.0,94472.9343571172,0.0
55.370000000000005,1265.044897,1267.375526,7538,0.0,0.0,94442.28607354578,0.0
55.38,1265.044897,1267.025931,7538,0.0,0.0,94416.23495426617,0.0
55.39,1265.044897,1266.728776,7538,0.0,0.0,94394.09155876702,0.0
55.4,1278.62939,1268.513868,7538,0.0,0.0,94527.11303967226,0.0
55.410000000000004,1278.62939,1270.031196,7539,0.0,0.0,94640.18128353811,0.0
55.42,1278.62939,1271.320926,7539,0.0,0.0,94736.28938024573,0.0
55.43,1272.025737,1271.426647,7539,0.0,0.0,94744.16749744237,0.0
55.44,1263.620483,1270.255723,7540,0.0,0.0,94656.91258592658,0.0
55.45,1263.620483,1269.260437,7540,0.0,0.0,94582.74586642739,0.0
55.46,1263.620483,1268.414444,7540,0.0,0.0,94519.70416230486,0.0
55.47,1263.620483,1267.69535,7540,0.0,0.0,94466.11871752662,0.0
55.480000000000004,1263.620483,1267.08412,7540,0.0,0.0,94420.57108201331,0.0
55.49,1263.620483,1266.564574,7540,0.0,0.0,94381.855554568,0.0
55.5,1273.153327,1267.552887,7541,0.0,0.0,94455.50266007177,0.0
55.51,1273.153327,1268.392953,7541,0.0,0.0,94518.10269602406,0.0
55.52,1271.857361,1268.912614,7541,0.0,0.0,94556.82679303906,0.0
55.53,1271.857361,1269.354326,7541,0.0,0.0,94589.74228667951,0.0
55.54,1267.233851,1269.036255,7542,0.0,0.0,94566.04027274801,0.0
55.550000000000004,1267.233851,1268.765894,7542,0.0,0.0,94545.89351246953,0.0
55.56,1267.233851,1268.536088,7542,0.0,0.0,94528.76882957314,0.0
55.57,1267.233851,1268.340752,7542,0.0,0.0,94514.212782045,0.0
55.58,1267.233851,1268.174717,7542,0.0,0.0,94501.84018635687,0.0
55.59,1267.233851,1268.033587,7543,0.0,0.0,94491.32346139246,0.0
55.6,1273.190915,1268.807186,7543,0.0,0.0,94548.97050961564,0.0
55.61,1273.190915,1269.464745,7543,0.0,0.0,94597.97048942765,0.0
55.620000000000005,1273.190915,1270.023671,7543,0.0,0.0,94639.62053560815,0.0
55.63,1268.055372,1269.728426,7543,0.0,0.0,94617.6194694839,0.0
55.64,1260.033399,1268.274172,7544,0.0,0.0,94509.25137378217,0.0
55.65,1260.033399,1267.038056,7544,0.0,0.0,94417.13848498394,0.0
55.660000000000004,1260.033399,1265.987357,7544,0.0,0.0,94338.84249969818,0.0
55.67,1260.033399,1265.094263,7544,0.0,0.0,94272.290923383,0.0
55.68,1260.033399,1264.335134,7544,0.0,0.0,94215.72215058132,0.0
55.69,1260.033399,1263.689873,7545,0.0,0.0,94167.63859310058,0.0
55.7,1290.424189,1267.700021,7545,0.0,0.0,94466.4667910922,0.0
55.71,1290.424189,1271.108646,7545,0.0,0.0,94720.47069977067,0.0
55.72,1265.882589,1270.324738,7545,0.0,0.0,94662.05544551292,0.0
55.730000000000004,1265.882589,1269.658415,7545,0.0,0.0,94612.40238997222,0.0
55.74,1261.983351,1268.507156,7547,0.0,0.0,94526.61287487412,0.0
55.75,1261.983351,1267.528585,7547,0.0,0.0,94453.69172370045,0.0
55.76,1261.983351,1266.6968,7547,0.0,0.0,94391.7087712841,0.0
55.77,1261.983351,1265.989782,7547,0.0,0.0,94339.02320584173,0.0
55.78,1261.983351,1265.388818,7547,0.0,0.0,94294.2405720891,0.0
55.79,1261.983351,1264.877998,7547,0.0,0.0,94256.17528868857,0.0
55.800000000000004,1261.983351,1264.4438,7547,0.0,0.0,94223.81972328013,0.0
55.81,1261.983351,1264.074733,7547,0.0,0.0,94196.31758955632,0.0
55.82,1261.983351,1263.761026,7547,0.0,0.0,94172.94077216522,0.0
55.83,1293.539337,1268.227772,7548,0.0,0.0,94505.79373870566,0.0
55.84,1265.104425,1267.75927,7549,0.0,0.0,94470.88190791651,0.0
55.85,1265.104425,1267.361044,7549,0.0,0.0,94441.20690390833,0.0
55.86,1265.104425,1267.022551,7549,0.0,0.0,94415.98308343517,0.0
55.870000000000005,1265.104425,1266.734832,7549,0.0,0.0,94394.5428397589,0.0
55.88,1265.104425,1266.490271,7549,0.0,0.0,94376.31864381176,0.0
55.89,1265.104425,1266.282394,7549,0.0,0.0,94360.82806607899,0.0
55.9,1290.227425,1269.874149,7549,0.0,0.0,94628.4784556101,0.0
55.910000000000004,1290.227425,1272.92714,7549,0.0,0.0,94855.98123082303,0.0
55.92,1290.227425,1275.522183,7549,0.0,0.0,95049.35863819074,0.0
55.93,1220.22802,1267.228059,7550,0.0,0.0,94431.29712803225,0.0
55.94,1294.664658,1271.343549,7551,0.0,0.0,94737.97520089951,0.0
55.95,1294.664658,1274.841715,7551,0.0,0.0,94998.65152557768,0.0
55.96,1294.664658,1277.815156,7551,0.0,0.0,95220.22639410234,0.0
55.97,1294.664658,1280.342582,7551,0.0,0.0,95408.56511804399,0.0
55.980000000000004,1294.664658,1282.490893,7551,0.0,0.0,95568.65295142459,0.0
55.99,1294.664658,1284.316958,7551,0.0,0.0,95704.72765823481,0.0
56.0,1228.138928,1275.890253,7551,0.0,0.0,95076.78647747115,0.0
56.01,1228.138928,1268.727554,7551,0.0,0.0,94543.03649245157,0.0
56.02,1265.897779,1268.303088,7552,0.0,0.0,94511.40613619323,0.0
56.03,1265.897779,1267.942292,7552,0.0,0.0,94484.52034082543,0.0
56.04,1265.144874,1267.522679,7553,0.0,0.0,94453.25162040816,0.0
56.050000000000004,1265.144874,1267.166008,7553,0.0,0.0,94426.67321177939,0.0
56.06,1265.144874,1266.862838,7553,0.0,0.0,94404.08159052624,0.0
56.07,1265.144874,1266.605144,7553,0.0,0.0,94384.87874972004,0.0
56.08,1265.144874,1266.386103,7553,0.0,0.0,94368.55625306499,0.0
56.09,1265.144874,1266.199919,7553,0.0,0.0,94354.68219424847,0.0
56.1,1283.072289,1268.730774,7553,0.0,0.0,94543.27644040302,0.0
56.11,1283.072289,1270.882001,7553,0.0,0.0,94703.58156826385,0.0
56.120000000000005,1271.960951,1271.043844,7554,0.0,0.0,94715.64178450714,0.0
56.13,1271.960951,1271.18141,7554,0.0,0.0,94725.89292732901,0.0
56.14,1266.28032,1270.446246,7555,0.0,0.0,94671.10997833354,0.0
56.15,1266.28032,1269.821358,7555,0.0,0.0,94624.54457601257,0.0
56.160000000000004,1266.28032,1269.290202,7555,0.0,0.0,94584.96389461817,0.0
56.17,1266.28032,1268.83872,7555,0.0,0.0,94551.32036014371,0.0
56.18,1266.28032,1268.45496,7555,0.0,0.0,94522.72333348503,0.0
56.19,1266.28032,1268.128764,7555,0.0,0.0,94498.41586082516,0.0
56.2,1275.437989,1269.225148,7555,0.0,0.0,94580.1162008193,0.0
56.21,1275.437989,1270.157074,7556,0.0,0.0,94649.56146000711,0.0
56.22,1275.437989,1270.949211,7556,0.0,0.0,94708.58992286498,0.0
56.230000000000004,1272.08383,1271.119404,7556,0.0,0.0,94721.27236438605,0.0
56.24,1263.538379,1269.98225,7557,0.0,0.0,94636.53392564041,0.0
56.25,1263.538379,1269.01567,7557,0.0,0.0,94564.50631977279,0.0
56.26,1263.538379,1268.194076,7557,0.0,0.0,94503.28278026733,0.0
56.27,1263.538379,1267.495722,7557,0.0,0.0,94451.2428387539,0.0
56.28,1263.538379,1266.90212,7557,0.0,0.0,94407.00880649767,0.0
56.29,1263.538379,1266.397559,7557,0.0,0.0,94369.40993124251,0.0
56.300000000000004,1273.200792,1267.418044,7558,0.0,0.0,94445.45442975663,0.0
56.31,1273.200792,1268.285456,7558,0.0,0.0,94510.09223486415,0.0
56.32,1283.653927,1270.590727,7558,0.0,0.0,94681.87641310703,0.0
56.33,1283.653927,1272.550207,7558,0.0,0.0,94827.89293853217,0.0
56.34,1267.13982,1271.738649,7559,0.0,0.0,94767.417261648,0.0
56.35,1267.13982,1271.048825,7559,0.0,0.0,94716.01295865189,0.0
56.36,1267.13982,1270.462474,7559,0.0,0.0,94672.31925639434,0.0
56.370000000000005,1267.13982,1269.964076,7559,0.0,0.0,94635.17963555676,0.0
56.38,1267.13982,1269.540437,7559,0.0,0.0,94603.61090568222,0.0
56.39,1267.13982,1269.180345,7559,0.0,0.0,94576.77757098454,0.0
56.4,1273.653788,1269.851361,7560,0.0,0.0,94626.78033948674,0.0
56.410000000000004,1273.653788,1270.421725,7560,0.0,0.0,94669.28272252079,0.0
56.42,1271.965657,1270.653315,7560,0.0,0.0,94686.54034552447,0.0
56.43,1271.965657,1270.850166,7560,0.0,0.0,94701.20928781856,0.0
56.44,1264.269448,1269.863058,7561,0.0,0.0,94627.65197650158,0.0
56.45,1264.269448,1269.024017,7561,0.0,0.0,94565.12832149658,0.0
56.46,1264.269448,1268.310831,7561,0.0,0.0,94511.98312904661,0.0
56.47,1264.269448,1267.704624,7561,0.0,0.0,94466.80979743395,0.0
56.480000000000004,1264.269448,1267.189347,7561,0.0,0.0,94428.41238731929,0.0
56.49,1264.269448,1266.751362,7562,0.0,0.0,94395.7746222549,0.0
56.5,1280.135048,1268.758915,7562,0.0,0.0,94545.3734513661,0.0
56.51,1280.135048,1270.465335,7562,0.0,0.0,94672.53245238475,0.0
56.52,1271.792571,1270.664421,7562,0.0,0.0,94687.3679424029,0.0
56.53,1271.792571,1270.833643,7562,0.0,0.0,94699.97802694853,0.0
56.54,1262.93572,1269.648955,7563,0.0,0.0,94611.6974497174,0.0
56.550000000000004,1262.93572,1268.641969,7563,0.0,0.0,94536.65886964934,0.0
56.56,1262.93572,1267.786032,7563,0.0,0.0,94472.87615856128,0.0
56.57,1262.93572,1267.058485,7563,0.0,0.0,94418.66081315155,0.0
56.58,1262.93572,1266.44007,7563,0.0,0.0,94372.57776582736,0.0
56.59,1262.93572,1265.914418,7564,0.0,0.0,94333.4072314903,0.0
56.6,1278.487345,1267.800357,7564,0.0,0.0,94473.94362887317,0.0
56.61,1278.487345,1269.403405,7564,0.0,0.0,94593.39955547091,0.0
56.620000000000005,1278.487345,1270.765996,7564,0.0,0.0,94694.93710798258,0.0
56.63,1268.025614,1270.354939,7564,0.0,0.0,94664.30596355053,0.0
56.64,1263.976537,1269.398178,7565,0.0,0.0,94593.0100498988,0.0
56.65,1263.976537,1268.584932,7565,0.0,0.0,94532.40858663512,0.0
56.660000000000004,1263.976537,1267.893673,7565,0.0,0.0,94480.89735031284,0.0
56.67,1263.976537,1267.306102,7565,0.0,0.0,94437.11273609856,0.0
56.68,1263.976537,1266.806667,7566,0.0,0.0,94399.89584009771,0.0
56.69,1263.976537,1266.382148,7566,0.0,0.0,94368.26153438548,0.0
56.7,1282.452922,1268.792764,7566,0.0,0.0,94547.89581105803,0.0
56.71,1282.452922,1270.841788,7566,0.0,0.0,94700.58497603687,0.0
56.72,1259.911113,1269.202186,7566,0.0,0.0,94578.40511856442,0.0
56.730000000000004,1259.911113,1267.808525,7567,0.0,0.0,94474.55229187543,0.0
56.74,1268.24843,1267.874511,7568,0.0,0.0,94479.46943644782,0.0
56.75,1268.24843,1267.930599,7568,0.0,0.0,94483.64900188254,0.0
56.76,1268.24843,1267.978274,7568,0.0,0.0,94487.20164740566,0.0
56.77,1268.24843,1268.018797,7568,0.0,0.0,94490.22134021184,0.0
56.78,1268.24843,1268.053242,7568,0.0,0.0,94492.78811263015,0.0
56.79,1268.24843,1268.08252,7568,0.0,0.0,94494.96985055623,0.0
56.800000000000004,1268.24843,1268.107407,7568,0.0,0.0,94496.824379956,0.0
56.81,1268.24843,1268.12856,7568,0.0,0.0,94498.4006591537,0.0
56.82,1268.24843,1268.146541,7569,0.0,0.0,94499.74056726386,0.0
56.83,1279.243308,1269.811056,7569,0.0,0.0,94623.776891604,0.0
56.84,1265.431021,1269.154051,7570,0.0,0.0,94574.81819476253,0.0
56.85,1265.431021,1268.595596,7570,0.0,0.0,94533.20324655875,0.0
56.86,1265.431021,1268.12091,7570,0.0,0.0,94497.83059647409,0.0
56.870000000000005,1265.431021,1267.717427,7570,0.0,0.0,94467.76385135387,0.0
56.88,1265.431021,1267.374466,7570,0.0,0.0,94442.20708446861,0.0
56.89,1265.431021,1267.082949,7570,0.0,0.0,94420.48382143845,0.0
56.9,1283.902742,1269.605918,7570,0.0,0.0,94608.49041866594,0.0
56.910000000000004,1283.902742,1271.750442,7570,0.0,0.0,94768.29605239062,0.0
56.92,1283.902742,1273.573287,7571,0.0,0.0,94904.13081124942,0.0
56.93,1224.627989,1266.231492,7571,0.0,0.0,94357.03495097844,0.0
56.94,1295.845804,1270.673639,7572,0.0,0.0,94688.05484930237,0.0
56.95,1295.845804,1274.449464,7572,0.0,0.0,94969.42176660361,0.0
56.96,1295.845804,1277.658915,7572,0.0,0.0,95208.58362768016,0.0
56.97,1295.845804,1280.386948,7572,0.0,0.0,95411.87118351393,0.0
56.980000000000004,1295.845804,1282.705776,7572,0.0,0.0,95584.66560224672,0.0
56.99,1295.845804,1284.67678,7572,0.0,0.0,95731.5408730732,0.0
57.0,1220.949892,1275.117747,7572,0.0,0.0,95019.22087741907,0.0
57.01,1220.949892,1266.992569,7573,0.0,0.0,94413.74888483896,0.0
57.02,1271.892652,1267.727581,7573,0.0,0.0,94468.52050709886,0.0
57.03,1271.892652,1268.352342,7573,0.0,0.0,94515.07644563413,0.0
57.04,1269.318103,1268.497206,7574,0.0,0.0,94525.87142080061,0.0
57.050000000000004,1269.318103,1268.620341,7574,0.0,0.0,94535.0471944029,0.0
57.06,1269.318103,1268.725005,7574,0.0,0.0,94542.84654607634,0.0
57.07,1269.318103,1268.81397,7574,0.0,0.0,94549.4760397096,0.0
57.08,1269.318103,1268.88959,7574,0.0,0.0,94555.11109066835,0.0
57.09,1269.318103,1268.953867,7574,0.0,0.0,94559.90088398328,0.0
57.1,1273.279874,1269.602768,7574,0.0,0.0,94608.25568697431,0.0
57.11,1273.279874,1270.154334,7575,0.0,0.0,94649.35728069443,0.0
57.120000000000005,1271.945624,1270.423027,7575,0.0,0.0,94669.37974495334,0.0
57.13,1271.945624,1270.651417,7575,0.0,0.0,94686.39891036553,0.0
57.14,1265.630317,1269.898252,7576,0.0,0.0,94630.27456289994,0.0
57.15,1265.630317,1269.258061,7576,0.0,0.0,94582.56881166573,0.0
57.160000000000004,1265.630317,1268.7139,7576,0.0,0.0,94542.01902371593,0.0
57.17,1265.630317,1268.251362,7576,0.0,0.0,94507.55161826289,0.0
57.18,1265.630317,1267.858205,7576,0.0,0.0,94478.25434598322,0.0
57.19,1265.630317,1267.524022,7576,0.0,0.0,94453.35169807858,0.0
57.2,1276.957215,1268.939001,7577,0.0,0.0,94558.79309943484,0.0
57.21,1276.957215,1270.141733,7577,0.0,0.0,94648.41827940996,0.0
57.22,1276.957215,1271.164055,7577,0.0,0.0,94724.5996674852,0.0
57.230000000000004,1272.123099,1271.307912,7577,0.0,0.0,94735.31960302836,0.0
57.24,1263.17297,1270.08767,7578,0.0,0.0,94644.38961291984,0.0
57.25,1263.17297,1269.050465,7578,0.0,0.0,94567.09917349018,0.0
57.26,1263.17297,1268.168841,7578,0.0,0.0,94501.40231860451,0.0
57.27,1263.17297,1267.41946,7578,0.0,0.0,94445.55994724085,0.0
57.28,1263.17297,1266.782487,7578,0.0,0.0,94398.09399492206,0.0
57.29,1263.17297,1266.241059,7578,0.0,0.0,94357.74786465899,0.0
57.300000000000004,1278.953259,1268.147889,7579,0.0,0.0,94499.84101752426,0.0
57.31,1278.953259,1269.768695,7579,0.0,0.0,94620.62023471872,0.0
57.32,1277.532551,1270.933273,7579,0.0,0.0,94707.40225502341,0.0
57.33,1277.532551,1271.923165,7579,0.0,0.0,94781.16702444496,0.0
57.34,1265.035113,1270.889957,7580,0.0,0.0,94704.17443345068,0.0
57.35,1265.035113,1270.01173,7580,0.0,0.0,94638.73071620193,0.0
57.36,1265.035113,1269.265238,7580,0.0,0.0,94583.10362733262,0.0
57.370000000000005,1265.035113,1268.630719,7580,0.0,0.0,94535.82054217928,0.0
57.38,1265.035113,1268.091378,7580,0.0,0.0,94495.62993097666,0.0
57.39,1265.035113,1267.632939,7581,0.0,0.0,94461.46797479471,0.0
57.4,1278.707841,1269.294174,7581,0.0,0.0,94585.25988010364,0.0
57.410000000000004,1278.707841,1270.706224,7581,0.0,0.0,94690.48301824565,0.0
57.42,1271.993894,1270.899374,7581,0.0,0.0,94704.87616943162,0.0
57.43,1271.993894,1271.063552,7581,0.0,0.0,94717.11038519868,0.0
57.44,1264.739426,1270.114933,7582,0.0,0.0,94646.42119708129,0.0
57.45,1264.739426,1269.308607,7582,0.0,0.0,94586.3353983592,0.0
57.46,1264.739426,1268.62323,7582,0.0,0.0,94535.26247689719,0.0
57.47,1264.739426,1268.04066,7582,0.0,0.0,94491.85052718762,0.0
57.480000000000004,1264.739426,1267.545475,7582,0.0,0.0,94454.9503326755,0.0
57.49,1264.739426,1267.124567,7583,0.0,0.0,94423.58511145167,0.0
57.5,1279.137143,1268.926454,7583,0.0,0.0,94557.85812212224,0.0
57.51,1279.137143,1270.458057,7583,0.0,0.0,94671.9901104001,0.0
57.52,1271.84439,1270.666007,7583,0.0,0.0,94687.48612794667,0.0
57.53,1271.84439,1270.842764,7584,0.0,0.0,94700.65770560228,0.0
57.54,1263.062757,1269.675763,7584,0.0,0.0,94613.69512819007,0.0
57.550000000000004,1263.062757,1268.683812,7584,0.0,0.0,94539.776926212,0.0
57.56,1263.062757,1267.840654,7584,0.0,0.0,94476.94648061192,0.0
57.57,1263.062757,1267.12397,7584,0.0,0.0,94423.54062420728,0.0
57.58,1263.062757,1266.514788,7585,0.0,0.0,94378.1456015525,0.0
57.59,1263.062757,1265.996983,7585,0.0,0.0,94339.55980994058,0.0
57.6,1277.946323,1267.789384,7585,0.0,0.0,94473.12594288836,0.0
57.61,1277.946323,1269.312925,7585,0.0,0.0,94586.65716707171,0.0
57.620000000000005,1277.946323,1270.607935,7585,0.0,0.0,94683.15871880524,0.0
57.63,1268.114088,1270.233858,7586,0.0,0.0,94655.28324991478,0.0
57.64,1263.909041,1269.285135,7587,0.0,0.0,94584.58631192567,0.0
57.65,1263.909041,1268.478721,7587,0.0,0.0,94524.49395561981,0.0
57.660000000000004,1263.909041,1267.793269,7587,0.0,0.0,94473.41544530803,0.0
57.67,1263.909041,1267.210635,7587,0.0,0.0,94429.9987264466,0.0
57.68,1263.909041,1266.715396,7587,0.0,0.0,94393.09450796263,0.0
57.69,1263.909041,1266.294442,7587,0.0,0.0,94361.72585891093,0.0
57.7,1277.579346,1267.987178,7587,0.0,0.0,94487.86515565397,0.0
57.71,1277.579346,1269.426003,7587,0.0,0.0,94595.08351317476,0.0
57.72,1265.906006,1268.898004,7588,0.0,0.0,94555.73808509794,0.0
57.730000000000004,1265.906006,1268.449204,7588,0.0,0.0,94522.29440789236,0.0
57.74,1267.338389,1268.282582,7589,0.0,0.0,94509.8780701398,0.0
57.75,1267.338389,1268.140953,7589,0.0,0.0,94499.32416069473,0.0
57.76,1267.338389,1268.020568,7589,0.0,0.0,94490.35331158509,0.0
57.77,1267.338389,1267.918241,7589,0.0,0.0,94482.72810847143,0.0
57.78,1267.338389,1267.831263,7589,0.0,0.0,94476.24668209892,0.0
57.79,1267.338389,1267.757332,7589,0.0,0.0,94470.73749203766,0.0
57.800000000000004,1267.338389,1267.694491,7589,0.0,0.0,94466.05470656691,0.0
57.81,1267.338389,1267.641075,7589,0.0,0.0,94462.07425322107,0.0
57.82,1267.338389,1267.595672,7590,0.0,0.0,94458.69091258789,0.0
57.83,1281.462624,1269.675715,7590,0.0,0.0,94613.6915513262,0.0
57.84,1266.824006,1269.247959,7591,0.0,0.0,94581.8160308566,0.0
57.85,1266.824006,1268.884366,7591,0.0,0.0,94554.72180865025,0.0
57.86,1266.824006,1268.575312,7591,0.0,0.0,94531.69172350074,0.0
57.870000000000005,1266.824006,1268.312616,7591,0.0,0.0,94512.11614367185,0.0
57.88,1266.824006,1268.089324,7591,0.0,0.0,94495.47687101013,0.0
57.89,1266.824006,1267.899527,7591,0.0,0.0,94481.33357866923,0.0
57.9,1227.199591,1261.794536,7591,0.0,0.0,94026.40187557874,0.0
57.910000000000004,1227.199591,1256.605295,7592,0.0,0.0,93639.7100285511,0.0
57.92,1265.746661,1257.976499,7592,0.0,0.0,93741.88940457384,0.0
57.93,1265.746661,1259.142024,7592,0.0,0.0,93828.74199342198,0.0
57.94,1265.156095,1260.044134,7593,0.0,0.0,93895.96542400113,0.0
57.95,1265.156095,1260.810928,7593,0.0,0.0,93953.10537725245,0.0
57.96,1265.156095,1261.462703,7593,0.0,0.0,94001.67434496783,0.0
57.97,1265.156095,1262.016712,7593,0.0,0.0,94042.95798615544,0.0
57.980000000000004,1265.156095,1262.487619,7593,0.0,0.0,94078.04903272817,0.0
57.99,1265.156095,1262.887891,7593,0.0,0.0,94107.87650055892,0.0
58.0,1278.272929,1265.195646,7593,0.0,0.0,94279.8457815072,0.0
58.01,1278.272929,1267.157239,7594,0.0,0.0,94426.0197634607,0.0
58.02,1271.910267,1267.870193,7594,0.0,0.0,94479.14766773529,0.0
58.03,1271.910267,1268.476204,7594,0.0,0.0,94524.30639382052,0.0
58.04,1266.631492,1268.199497,7595,0.0,0.0,94503.68674233093,0.0
58.050000000000004,1266.631492,1267.964296,7595,0.0,0.0,94486.16003483887,0.0
58.06,1266.631492,1267.764376,7595,0.0,0.0,94471.26239681091,0.0
58.07,1266.631492,1267.594443,7595,0.0,0.0,94458.59932996916,0.0
58.08,1266.631492,1267.450001,7595,0.0,0.0,94447.83580139758,0.0
58.09,1266.631492,1267.327224,7595,0.0,0.0,94438.68670523832,0.0
58.1,1274.559045,1268.411997,7596,0.0,0.0,94519.52181676538,0.0
58.11,1274.559045,1269.334054,7596,0.0,0.0,94588.23165783746,0.0
58.120000000000005,1277.860138,1270.612967,7596,0.0,0.0,94683.53369336785,0.0
58.13,1277.860138,1271.700043,7596,0.0,0.0,94764.54041984274,0.0
58.14,1262.379961,1270.30203,7597,0.0,0.0,94660.36329082935,0.0
58.15,1262.379961,1269.11372,7597,0.0,0.0,94571.81280941186,0.0
58.160000000000004,1262.379961,1268.103656,7597,0.0,0.0,94496.54486294797,0.0
58.17,1262.379961,1267.245102,7597,0.0,0.0,94432.5671382609,0.0
58.18,1262.379961,1266.515331,7597,0.0,0.0,94378.18606482506,0.0
58.19,1262.379961,1265.895025,7597,0.0,0.0,94331.96210396792,0.0
58.2,1284.706277,1268.716713,7598,0.0,0.0,94542.22864284243,0.0
58.21,1284.706277,1271.115148,7598,0.0,0.0,94720.95521578938,0.0
58.22,1284.706277,1273.153817,7598,0.0,0.0,94872.87274690575,0.0
58.230000000000004,1268.080396,1272.392804,7598,0.0,0.0,94816.1635821971,0.0
58.24,1265.734186,1271.394011,7599,0.0,0.0,94741.73552808122,0.0
58.25,1265.734186,1270.545038,7599,0.0,0.0,94678.47176032663,0.0
58.26,1265.734186,1269.82341,7599,0.0,0.0,94624.69748694313,0.0
58.27,1265.734186,1269.210026,7599,0.0,0.0,94578.98933966355,0.0
58.28,1265.734186,1268.68865,7599,0.0,0.0,94540.13744428311,0.0
58.29,1265.734186,1268.245481,7600,0.0,0.0,94507.11337792053,0.0
58.300000000000004,1273.964152,1269.103281,7600,0.0,0.0,94571.03491603762,0.0
58.31,1273.964152,1269.832412,7600,0.0,0.0,94625.36829795517,0.0
58.32,1277.640153,1271.003573,7600,0.0,0.0,94712.6408702363,0.0
58.33,1277.640153,1271.99906,7600,0.0,0.0,94786.82256785297,0.0
58.34,1262.146225,1270.521135,7601,0.0,0.0,94676.69055663623,0.0
58.35,1262.146225,1269.264898,7601,0.0,0.0,94583.0782912135,0.0
58.36,1262.146225,1268.197097,7601,0.0,0.0,94503.5078991373,0.0
58.370000000000005,1262.146225,1267.289467,7601,0.0,0.0,94435.87312921284,0.0
58.38,1262.146225,1266.51798,7601,0.0,0.0,94378.38346300002,0.0
58.39,1262.146225,1265.862217,7602,0.0,0.0,94329.51731751123,0.0
58.4,1285.637422,1268.828498,7602,0.0,0.0,94550.55863717492,0.0
58.410000000000004,1285.637422,1271.349837,7602,0.0,0.0,94738.44377006678,0.0
58.42,1265.99981,1270.547333,7602,0.0,0.0,94678.6427791305,0.0
58.43,1265.99981,1269.865204,7603,0.0,0.0,94627.8118921239,0.0
58.44,1259.877434,1268.367039,7604,0.0,0.0,94516.17163664104,0.0
58.45,1259.877434,1267.093598,7604,0.0,0.0,94421.27736359209,0.0
58.46,1259.877434,1266.011173,7604,0.0,0.0,94340.6172203228,0.0
58.47,1259.877434,1265.091112,7604,0.0,0.0,94272.0561171734,0.0
58.480000000000004,1259.877434,1264.309061,7604,0.0,0.0,94213.7792428367,0.0
58.49,1259.877434,1263.644317,7604,0.0,0.0,94164.24385121382,0.0
58.5,1290.651625,1267.695413,7604,0.0,0.0,94466.12341216044,0.0
58.51,1290.651625,1271.138845,7604,0.0,0.0,94722.72106877228,0.0
58.52,1265.884931,1270.350758,7604,0.0,0.0,94663.99440380366,0.0
58.53,1265.884931,1269.680884,7605,0.0,0.0,94614.07673485443,0.0
58.54,1261.962284,1268.523094,7606,0.0,0.0,94527.8005427157,0.0
58.550000000000004,1261.962284,1267.538972,7606,0.0,0.0,94454.4657421388,0.0
58.56,1261.962284,1266.702469,7606,0.0,0.0,94392.13121381104,0.0
58.57,1261.962284,1265.991441,7606,0.0,0.0,94339.14683119931,0.0
58.58,1261.962284,1265.387068,7606,0.0,0.0,94294.11016559375,0.0
58.59,1261.962284,1264.87335,7606,0.0,0.0,94255.82892903694,0.0
58.6,1285.792099,1268.011162,7606,0.0,0.0,94489.65239530215,0.0
58.61,1285.792099,1270.678303,7606,0.0,0.0,94688.40240124194,0.0
58.620000000000005,1265.900184,1269.961585,7607,0.0,0.0,94634.9940112254,0.0
58.63,1265.900184,1269.352375,7607,0.0,0.0,94589.59690206671,0.0
58.64,1262.842992,1268.375967,7608,0.0,0.0,94516.83693332126,0.0
58.65,1262.842992,1267.546021,7608,0.0,0.0,94454.99101950205,0.0
58.660000000000004,1262.842992,1266.840567,7608,0.0,0.0,94402.4220002075,0.0
58.67,1262.842992,1266.240931,7608,0.0,0.0,94357.73832635533,0.0
58.68,1262.842992,1265.73124,7608,0.0,0.0,94319.75717377382,0.0
58.69,1262.842992,1265.298003,7608,0.0,0.0,94287.4732201608,0.0
58.7,1278.624382,1267.29696,7608,0.0,0.0,94436.43149256687,0.0
58.71,1278.624382,1268.996073,7608,0.0,0.0,94563.04599057896,0.0
58.72,1265.922399,1268.535022,7609,0.0,0.0,94528.68939338796,0.0
58.730000000000004,1265.922399,1268.143128,7609,0.0,0.0,94499.48623733892,0.0
58.74,1268.128128,1268.140878,7610,0.0,0.0,94499.31857184492,0.0
58.75,1268.128128,1268.138966,7610,0.0,0.0,94499.17609343401,0.0
58.76,1268.128128,1268.13734,7610,0.0,0.0,94499.05492717033,0.0
58.77,1268.128128,1268.135958,7610,0.0,0.0,94498.95194329803,0.0
58.78,1268.128128,1268.134784,7610,0.0,0.0,94498.86445916914,0.0
58.79,1268.128128,1268.133785,7610,0.0,0.0,94498.79001568981,0.0
58.800000000000004,1268.128128,1268.132937,7610,0.0,0.0,94498.72682442806,0.0
58.81,1268.128128,1268.132215,7611,0.0,0.0,94498.673022434,0.0
58.82,1268.128128,1268.131602,7611,0.0,0.0,94498.6273429016,0.0
58.83,1284.082242,1270.524198,7611,0.0,0.0,94676.9188052621,0.0
58.84,1262.264038,1269.285174,7612,0.0,0.0,94584.58921812757,0.0
58.85,1262.264038,1268.232004,7612,0.0,0.0,94506.1090988704,0.0
58.86,1262.264038,1267.336809,7612,0.0,0.0,94439.40096024281,0.0
58.870000000000005,1262.264038,1266.575893,7612,0.0,0.0,94382.69902377987,0.0
58.88,1262.264038,1265.929115,7612,0.0,0.0,94334.50242249717,0.0
58.89,1262.264038,1265.379353,7612,0.0,0.0,94293.53525924428,0.0
58.9,1230.26295,1260.111893,7612,0.0,0.0,93901.01468898282,0.0
58.910000000000004,1230.26295,1255.634551,7613,0.0,0.0,93567.37212974258,0.0
58.92,1271.582984,1258.026816,7613,0.0,0.0,93745.63892664593,0.0
58.93,1271.582984,1260.060241,7613,0.0,0.0,93897.16568538427,0.0
58.94,1288.518737,1264.329016,7614,0.0,0.0,94215.26624947359,0.0
58.95,1288.518737,1267.957474,7614,0.0,0.0,94485.65167306102,0.0
58.96,1288.518737,1271.041663,7614,0.0,0.0,94715.47926075495,0.0
58.97,1288.518737,1273.663225,7614,0.0,0.0,94910.83281089406,0.0
58.980000000000004,1288.518737,1275.891551,7614,0.0,0.0,95076.8832018317,0.0
58.99,1288.518737,1277.785629,7614,0.0,0.0,95218.02610119492,0.0
59.0,1223.286081,1269.610697,7615,0.0,0.0,94608.84654017523,0.0
59.01,1223.286081,1262.662005,7615,0.0,0.0,94091.04392821208,0.0
59.02,1223.286081,1256.755616,7615,0.0,0.0,93650.91164842901,0.0
59.03,1272.060211,1259.051305,7615,0.0,0.0,93821.9817952214,0.0
59.04,1263.453193,1259.711589,7616,0.0,0.0,93871.18483657615,0.0
59.050000000000004,1263.453193,1260.272829,7616,0.0,0.0,93913.0073174025,0.0
59.06,1263.453193,1260.749884,7616,0.0,0.0,93948.5565006229,0.0
59.07,1263.453193,1261.15538,7616,0.0,0.0,93978.77325047173,0.0
59.08,1263.453193,1261.500052,7616,0.0,0.0,94004.45751765046,0.0
59.09,1263.453193,1261.793023,7616,0.0,0.0,94026.28912984875,0.0
59.1,1278.389055,1264.282428,7617,0.0,0.0,94211.79460501358,0.0
59.11,1278.389055,1266.398422,7617,0.0,0.0,94369.4742402742,0.0
59.120000000000005,1271.979776,1267.235625,7617,0.0,0.0,94431.86093120012,0.0
59.13,1271.979776,1267.947248,7617,0.0,0.0,94484.88965202024,0.0
59.14,1262.995682,1267.204513,7618,0.0,0.0,94429.54252726691,0.0
59.15,1262.995682,1266.573188,7618,0.0,0.0,94382.4974525971,0.0
59.160000000000004,1262.995682,1266.036562,7618,0.0,0.0,94342.50915775723,0.0
59.17,1262.995682,1265.58043,7618,0.0,0.0,94308.51911459515,0.0
59.18,1262.995682,1265.192718,7618,0.0,0.0,94279.627592811,0.0
59.19,1262.995682,1264.863162,7619,0.0,0.0,94255.06973968007,0.0
59.2,1283.157998,1267.607388,7619,0.0,0.0,94459.5639654447,0.0
59.21,1283.157998,1269.939979,7619,0.0,0.0,94633.38397537488,0.0
59.22,1265.978668,1269.345783,7619,0.0,0.0,94589.10567942825,0.0
59.230000000000004,1265.978668,1268.840715,7619,0.0,0.0,94551.46902354842,0.0
59.24,1267.235927,1268.599997,7620,0.0,0.0,94533.53120026505,0.0
59.25,1267.235927,1268.395387,7620,0.0,0.0,94518.28407282959,0.0
59.26,1267.235927,1268.221468,7620,0.0,0.0,94505.32397725043,0.0
59.27,1267.235927,1268.073636,7620,0.0,0.0,94494.30783266788,0.0
59.28,1267.235927,1267.94798,7621,0.0,0.0,94484.94419919429,0.0
59.29,1267.235927,1267.841172,7621,0.0,0.0,94476.98508093454,0.0
59.300000000000004,1278.212301,1269.396841,7621,0.0,0.0,94592.91041933637,0.0
59.31,1278.212301,1270.71916,7621,0.0,0.0,94691.44698305923,0.0
59.32,1265.692753,1269.965199,7621,0.0,0.0,94635.26331926777,0.0
59.33,1265.692753,1269.324332,7622,0.0,0.0,94587.50719386734,0.0
59.34,1266.317068,1268.873243,7623,0.0,0.0,94553.89294496586,0.0
59.35,1266.317068,1268.489816,7623,0.0,0.0,94525.32073280028,0.0
59.36,1266.317068,1268.163904,7623,0.0,0.0,94501.03442325164,0.0
59.370000000000005,1266.317068,1267.886879,7623,0.0,0.0,94480.39107503889,0.0
59.38,1266.317068,1267.651407,7623,0.0,0.0,94462.84417316958,0.0
59.39,1266.317068,1267.451256,7623,0.0,0.0,94447.92932148426,0.0
59.4,1280.654892,1269.431801,7623,0.0,0.0,94595.51556852333,0.0
59.410000000000004,1280.654892,1271.115265,7623,0.0,0.0,94720.96393439504,0.0
59.42,1280.654892,1272.546209,7623,0.0,0.0,94827.5950155788,0.0
59.43,1264.002107,1271.264594,7624,0.0,0.0,94732.09163241963,0.0
59.44,1260.734619,1269.685097,7625,0.0,0.0,94614.39067917723,0.0
59.45,1260.734619,1268.342526,7625,0.0,0.0,94514.34497697225,0.0
59.46,1260.734619,1267.20134,7625,0.0,0.0,94429.30608166137,0.0
59.47,1260.734619,1266.231332,7625,0.0,0.0,94357.02302809888,0.0
59.480000000000004,1260.734619,1265.406825,7625,0.0,0.0,94295.58241766717,0.0
59.49,1260.734619,1264.705994,7625,0.0,0.0,94243.35789507434,0.0
59.5,1283.835413,1267.575407,7625,0.0,0.0,94457.18080537184,0.0
59.51,1283.835413,1270.014408,7625,0.0,0.0,94638.9302753988,0.0
59.52,1265.818102,1269.384962,7626,0.0,0.0,94592.02522004601,0.0
59.53,1265.818102,1268.849933,7626,0.0,0.0,94552.1559304479,0.0
59.54,1262.090571,1267.836029,7627,0.0,0.0,94476.60183487425,0.0
59.550000000000004,1262.090571,1266.97421,7627,0.0,0.0,94412.38080892584,0.0
59.56,1262.090571,1266.241664,7627,0.0,0.0,94357.79294804737,0.0
59.57,1262.090571,1265.619,7627,0.0,0.0,94311.3932737525,0.0
59.58,1262.090571,1265.089736,7627,0.0,0.0,94271.95358040904,0.0
59.59,1262.090571,1264.639861,7627,0.0,0.0,94238.42979635633,0.0
59.6,1285.489885,1267.767365,7627,0.0,0.0,94471.48513110494,0.0
59.61,1285.489885,1270.425743,7627,0.0,0.0,94669.5821358341,0.0
59.620000000000005,1285.489885,1272.685364,7628,0.0,0.0,94837.96456749848,0.0
59.63,1268.017752,1271.985222,7628,0.0,0.0,94785.7913878058,0.0
59.64,1259.643389,1270.133947,7629,0.0,0.0,94647.83808228267,0.0
59.65,1259.643389,1268.560364,7629,0.0,0.0,94530.57782847651,0.0
59.660000000000004,1259.643389,1267.222817,7629,0.0,0.0,94430.90650469021,0.0
59.67,1259.643389,1266.085903,7629,0.0,0.0,94346.1859502639,0.0
59.68,1259.643389,1265.119526,7629,0.0,0.0,94274.17347154976,0.0
59.69,1259.643389,1264.298105,7629,0.0,0.0,94212.96282365786,0.0
59.7,1280.996119,1266.802807,7629,0.0,0.0,94399.60820062799,0.0
59.71,1280.996119,1268.931804,7630,0.0,0.0,94558.256793408,0.0
59.72,1271.999746,1269.391995,7630,0.0,0.0,94592.54930512125,0.0
59.730000000000004,1271.999746,1269.783158,7630,0.0,0.0,94621.69798851424,0.0
59.74,1263.411883,1268.827467,7632,0.0,0.0,94550.48180911968,0.0
59.75,1263.411883,1268.015129,7632,0.0,0.0,94489.94800819758,0.0
59.76,1263.411883,1267.324642,7632,0.0,0.0,94438.4942997692,0.0
59.77,1263.411883,1266.737728,7632,0.0,0.0,94394.7586438792,0.0
59.78,1263.411883,1266.238851,7632,0.0,0.0,94357.58332892088,0.0
59.79,1263.411883,1265.814806,7632,0.0,0.0,94325.98434473941,0.0
59.800000000000004,1263.411883,1265.454368,7632,0.0,0.0,94299.12522681463,0.0
59.81,1263.411883,1265.147995,7632,0.0,0.0,94276.29492441601,0.0
59.82,1263.411883,1264.887578,7632,0.0,0.0,94256.88917110309,0.0
59.83,1280.757635,1267.268087,7632,0.0,0.0,94434.27993442971,0.0
59.84,1273.848583,1268.255161,7633,0.0,0.0,94507.83471213478,0.0
59.85,1273.848583,1269.094174,7633,0.0,0.0,94570.3562806359,0.0
59.86,1273.848583,1269.807336,7633,0.0,0.0,94623.49968465391,0.0
59.870000000000005,1273.848583,1270.413523,7633,0.0,0.0,94668.67152590661,0.0
59.88,1273.848583,1270.928782,7633,0.0,0.0,94707.06759469735,0.0
59.89,1273.848583,1271.366752,7633,0.0,0.0,94739.70424199176,0.0
59.9,1266.805179,1270.682516,7634,0.0,0.0,94688.71634556477,0.0
59.910000000000004,1266.805179,1270.100916,7634,0.0,0.0,94645.37667831259,0.0
59.92,1266.805179,1269.606555,7634,0.0,0.0,94608.53788663025,0.0
59.93,1244.535233,1265.845857,7634,0.0,0.0,94328.29820307475,0.0
59.94,1259.40836,1264.880232,7636,0.0,0.0,94256.34176189461,0.0
59.95,1259.40836,1264.059451,7636,0.0,0.0,94195.17880552102,0.0
59.96,1259.40836,1263.361788,7636,0.0,0.0,94143.1903559437,0.0
59.97,1259.40836,1262.768773,7636,0.0,0.0,94099.00006575194,0.0
59.980000000000004,1259.40836,1262.264711,7636,0.0,0.0,94061.43837497743,0.0
59.99,1259.40836,1261.836259,7636,0.0,0.0,94029.51098998167,0.0
60.0,1259.40836,1261.472074,7636,0.0,0.0,94002.3726531209,0.0
60.01,1259.40836,1261.162517,7636,0.0,0.0,93979.30508541873,0.0
60.02,1288.541236,1265.269325,7636,0.0,0.0,94285.3361930331,0.0
60.03,1288.541236,1268.760111,7636,0.0,0.0,94545.46257489093,0.0
60.04,1277.435956,1270.061488,7638,0.0,0.0,94642.43858271353,0.0
60.050000000000004,1277.435956,1271.167658,7638,0.0,0.0,94724.86815582962,0.0
60.06,1277.435956,1272.107903,7638,0.0,0.0,94794.9333302373,0.0
60.07,1277.435956,1272.907111,7638,0.0,0.0,94854.48870985434,0.0
60.08,1277.435956,1273.586437,7638,0.0,0.0,94905.11072291443,0.0
60.09,1277.435956,1274.163865,7638,0.0,0.0,94948.13950108168,0.0
60.1,1277.435956,1274.654679,7638,0.0,0.0,94984.71397742745,0.0
60.11,1253.108726,1271.422786,7638,0.0,0.0,94743.87978345466,0.0
60.120000000000005,1253.108726,1268.675677,7638,0.0,0.0,94539.17072230364,0.0
60.13,1229.888142,1262.857547,7638,0.0,0.0,94105.61532644769,0.0
60.14,1281.947847,1265.721092,7640,0.0,0.0,94319.0009651368,0.0
60.15,1281.947847,1268.155105,7640,0.0,0.0,94500.37873939305,0.0
60.160000000000004,1281.947847,1270.224016,7640,0.0,0.0,94654.54984378496,0.0
60.17,1281.947847,1271.982591,7640,0.0,0.0,94785.59533095478,0.0
60.18,1281.947847,1273.47738,7640,0.0,0.0,94896.98401367865,0.0
60.19,1281.947847,1274.74795,7640,0.0,0.0,94991.66434555722,0.0
60.2,1281.947847,1275.827934,7640,0.0,0.0,95072.14259039501,0.0
60.21,1281.238707,1276.63955,7640,0.0,0.0,95132.62258932304,0.0
60.22,1281.238707,1277.329424,7640,0.0,0.0,95184.03061821904,0.0
60.230000000000004,1281.238707,1277.915816,7641,0.0,0.0,95227.72737571443,0.0
60.24,1425.862439,1300.10781,7642,0.0,0.0,96881.43032554591,0.0
60.25,1425.862439,1318.971004,7642,0.0,0.0,98287.07776583647,0.0
60.26,1425.862439,1335.00472,7642,0.0,0.0,99481.87817205321,0.0
60.27,1425.862439,1348.633378,7642,0.0,0.0,100497.45847262669,0.0
60.28,1425.862439,1360.217737,7642,0.0,0.0,101360.70170575874,0.0
60.29,1425.862439,1370.064442,7642,0.0,0.0,102094.45844274326,0.0
60.300000000000004,1425.862439,1378.434142,7642,0.0,0.0,102718.1517250686,0.0
60.31,1425.862439,1385.548386,7643,0.0,0.0,103248.29094052716,0.0
60.32,1484.142674,1400.33753,7643,0.0,0.0,104350.34833376016,0.0
60.33,1484.142674,1412.908301,7643,0.0,0.0,105287.09701368301,0.0
60.34,1529.40108,1430.382218,7645,0.0,0.0,106589.21831418491,0.0
60.35,1529.40108,1445.235047,7645,0.0,0.0,107696.02138607841,0.0
60.36,1529.40108,1457.859952,7645,0.0,0.0,108636.8040232692,0.0
60.370000000000005,1529.40108,1468.591121,7645,0.0,0.0,109436.46924625186,0.0
60.38,1529.40108,1477.712615,7645,0.0,0.0,110116.18471186844,0.0
60.39,1529.40108,1485.465885,7645,0.0,0.0,110693.94286509432,0.0
60.4,1529.40108,1492.056164,7645,0.0,0.0,111185.03725807733,0.0
60.410000000000004,1559.501197,1502.172919,7645,0.0,0.0,111938.91758024316,0.0
60.42,1559.501197,1510.772161,7645,0.0,0.0,112579.71587271363,0.0
60.43,1499.942777,1509.147753,7646,0.0,0.0,112458.66824169272,0.0
60.44,1521.80326,1511.046079,7647,0.0,0.0,112600.12769350862,0.0
60.45,1521.80326,1512.659656,7647,0.0,0.0,112720.36822010035,0.0
60.46,1521.80326,1514.031197,7647,0.0,0.0,112822.5727086882,0.0
60.47,1521.80326,1515.197006,7647,0.0,0.0,112909.44646064758,0.0
60.480000000000004,1521.80326,1516.187944,7647,0.0,0.0,112983.28917589436,0.0
60.49,1521.80326,1517.030242,7647,0.0,0.0,113046.0555360167,0.0
60.5,1521.80326,1517.746194,7647,0.0,0.0,113099.40684524731,0.0
60.51,1524.22374,1518.717826,7648,0.0,0.0,113171.81091603747,0.0
60.52,1524.22374,1519.543713,7648,0.0,0.0,113233.3543613055,0.0
60.53,1511.740736,1518.373267,7648,0.0,0.0,113146.13506939246,0.0
60.54,1546.388106,1522.575493,7650,0.0,0.0,113459.2765352769,0.0
60.550000000000004,1546.388106,1526.147385,7650,0.0,0.0,113725.44677382687,0.0
60.56,1546.388106,1529.183493,7650,0.0,0.0,113951.69146169075,0.0
60.57,1546.388106,1531.764185,7650,0.0,0.0,114143.99946127861,0.0
60.58,1546.388106,1533.957773,7650,0.0,0.0,114307.46124602474,0.0
60.59,1546.388106,1535.822323,7650,0.0,0.0,114446.40377796254,0.0
60.6,1546.388106,1537.407191,7650,0.0,0.0,114564.50496736864,0.0
60.61,1546.388106,1538.754328,7650,0.0,0.0,114664.89091874943,0.0
60.620000000000005,1497.244251,1532.527816,7650,0.0,0.0,114200.90371410435,0.0
60.63,1497.244251,1527.235282,7651,0.0,0.0,113806.51467957761,0.0
60.64,1542.116122,1529.467408,7652,0.0,0.0,113972.84823890515,0.0
60.65,1542.116122,1531.364715,7652,0.0,0.0,114114.23175688175,0.0
60.660000000000004,1542.116122,1532.977426,7652,0.0,0.0,114234.40775088777,0.0
60.67,1542.116122,1534.34823,7652,0.0,0.0,114336.55731971159,0.0
60.68,1542.116122,1535.513414,7652,0.0,0.0,114423.38449792264,0.0
60.69,1542.116122,1536.50382,7652,0.0,0.0,114497.18756959483,0.0
60.7,1542.116122,1537.345666,7652,0.0,0.0,114559.92024758237,0.0
60.71,1542.116122,1538.061234,7653,0.0,0.0,114613.242941902,0.0
60.72,1485.695388,1530.206357,7653,0.0,0.0,114027.91323852053,0.0
60.730000000000004,1485.695388,1523.529712,7653,0.0,0.0,113530.38302417939,0.0
60.74,1535.386949,1525.308297,7656,0.0,0.0,113662.91961647598,0.0
60.75,1535.386949,1526.820095,7656,0.0,0.0,113775.57577581656,0.0
60.76,1535.386949,1528.105123,7656,0.0,0.0,113871.33348890065,0.0
60.77,1535.386949,1529.197397,7656,0.0,0.0,113952.72755992573,0.0
60.78,1535.386949,1530.12583,7656,0.0,0.0,114021.91252774883,0.0
60.79,1535.386949,1530.914998,7656,0.0,0.0,114080.71974667259,0.0
60.800000000000004,1535.386949,1531.585791,7656,0.0,0.0,114130.70589766139,0.0
60.81,1535.386949,1532.155964,7656,0.0,0.0,114173.19404775795,0.0
60.82,1535.386949,1532.640612,7656,0.0,0.0,114209.30904613214,0.0
60.83,1535.386949,1533.052563,7656,0.0,0.0,114240.00680965382,0.0
60.84,1531.158439,1532.768444,7657,0.0,0.0,114218.83483076794,0.0
60.85,1531.158439,1532.526943,7657,0.0,0.0,114200.83865989267,0.0
60.86,1531.158439,1532.321668,7657,0.0,0.0,114185.54197798896,0.0
60.870000000000005,1531.158439,1532.147183,7657,0.0,0.0,114172.53970522333,0.0
60.88,1531.158439,1531.998872,7657,0.0,0.0,114161.48786652002,0.0
60.89,1531.158439,1531.872807,7657,0.0,0.0,114152.09375518555,0.0
60.9,1531.158439,1531.765652,7658,0.0,0.0,114144.10877918072,0.0
60.910000000000004,1531.158439,1531.67457,7658,0.0,0.0,114137.32153094713,0.0
60.92,1506.368962,1527.878729,7658,0.0,0.0,113854.46306141117,0.0
60.93,1506.368962,1524.652264,7658,0.0,0.0,113614.03335112789,0.0
60.94,1546.006661,1527.855423,7660,0.0,0.0,113852.72634496518,0.0
60.95,1546.006661,1530.578109,7660,0.0,0.0,114055.61545306719,0.0
60.96,1546.006661,1532.892392,7660,0.0,0.0,114228.07118750206,0.0
60.97,1546.006661,1534.859532,7660,0.0,0.0,114374.65852078683,0.0
60.980000000000004,1546.006661,1536.531602,7660,0.0,0.0,114499.25782859688,0.0
60.99,1546.006661,1537.952861,7660,0.0,0.0,114605.1672029764,0.0
61.0,1491.863824,1531.039505,7660,0.0,0.0,114089.99775896723,0.0
61.01,1491.863824,1525.163153,7660,0.0,0.0,113652.10377627023,0.0
61.02,1491.863824,1520.168254,7661,0.0,0.0,113279.89390588137,0.0
61.03,1528.09408,1521.357127,7661,0.0,0.0,113368.48634093138,0.0
61.04,1520.487599,1521.226698,7662,0.0,0.0,113358.7670330565,0.0
61.050000000000004,1520.487599,1521.115833,7662,0.0,0.0,113350.50559528156,0.0
61.06,1520.487599,1521.021598,7662,0.0,0.0,113343.48339180234,0.0
61.07,1520.487599,1520.941498,7662,0.0,0.0,113337.5145002155,0.0
61.08,1520.487599,1520.873413,7662,0.0,0.0,113332.44094236672,0.0
61.09,1520.487599,1520.815541,7662,0.0,0.0,113328.12843682473,0.0
61.1,1546.071734,1524.60397,7663,0.0,0.0,113610.4345789644,0.0
61.11,1546.071734,1527.824135,7663,0.0,0.0,113850.39482586447,0.0
61.120000000000005,1529.996864,1528.150044,7663,0.0,0.0,113874.6809118591,0.0
61.13,1529.996864,1528.427067,7663,0.0,0.0,113895.32411103584,0.0
61.14,1519.006704,1527.014013,7665,0.0,0.0,113790.02615682446,0.0
61.15,1519.006704,1525.812916,7665,0.0,0.0,113700.522813775,0.0
61.160000000000004,1519.006704,1524.791985,7665,0.0,0.0,113624.44508023406,0.0
61.17,1519.006704,1523.924192,7665,0.0,0.0,113559.77888376953,0.0
61.18,1519.006704,1523.186569,7665,0.0,0.0,113504.8126950186,0.0
61.19,1519.006704,1522.55959,7665,0.0,0.0,113458.09147556522,0.0
61.2,1566.418032,1529.138356,7665,0.0,0.0,113948.32794284486,0.0
61.21,1566.418032,1534.730307,7665,0.0,0.0,114365.02893258075,0.0
61.22,1516.309315,1531.967158,7666,0.0,0.0,114159.12460275245,0.0
61.230000000000004,1516.309315,1529.618482,7666,0.0,0.0,113984.10597083508,0.0
61.24,1528.833754,1529.500773,7667,0.0,0.0,113975.33453188636,0.0
61.25,1528.833754,1529.40072,7667,0.0,0.0,113967.87878269861,0.0
61.26,1528.833754,1529.315675,7667,0.0,0.0,113961.54139961496,0.0
61.27,1528.833754,1529.243387,7667,0.0,0.0,113956.15464262335,0.0
61.28,1528.833754,1529.181942,7667,0.0,0.0,113951.57588427686,0.0
61.29,1528.833754,1529.129714,7668,0.0,0.0,113947.68395831184,0.0
61.300000000000004,1505.487206,1525.583338,7668,0.0,0.0,113683.41512098197,0.0
61.31,1505.487206,1522.568918,7668,0.0,0.0,113458.7865794444,0.0
61.32,1529.588999,1523.62193,7668,0.0,0.0,113537.25492485796,0.0
61.33,1529.588999,1524.516991,7669,0.0,0.0,113603.9530780739,0.0
61.34,1519.338396,1523.740201,7670,0.0,0.0,113546.06824292119,0.0
61.35,1519.338396,1523.07993,7670,0.0,0.0,113496.86617030042,0.0
61.36,1519.338396,1522.5187,7670,0.0,0.0,113455.04443465405,0.0
61.370000000000005,1519.338396,1522.041654,7670,0.0,0.0,113419.49592209562,0.0
61.38,1519.338396,1521.636166,7670,0.0,0.0,113389.27976839077,0.0
61.39,1519.338396,1521.2915,7670,0.0,0.0,113363.59594832003,0.0
61.4,1555.871617,1526.478518,7670,0.0,0.0,113750.12214183959,0.0
61.410000000000004,1555.871617,1530.887482,7671,0.0,0.0,114078.66930945782,0.0
61.42,1529.974143,1530.750482,7671,0.0,0.0,114068.46034382243,0.0
61.43,1529.974143,1530.634031,7671,0.0,0.0,114059.78264851435,0.0
61.44,1521.826595,1529.312916,7672,0.0,0.0,113961.3358044603,0.0
61.45,1521.826595,1528.189968,7672,0.0,0.0,113877.65596838483,0.0
61.46,1521.826595,1527.235462,7672,0.0,0.0,113806.52809281713,0.0
61.47,1521.826595,1526.424132,7672,0.0,0.0,113746.06940603635,0.0
61.480000000000004,1521.826595,1525.734501,7672,0.0,0.0,113694.67948501368,0.0
61.49,1521.826595,1525.148315,7673,0.0,0.0,113650.99807822572,0.0
61.5,1549.356694,1528.779572,7673,0.0,0.0,113921.59207768772,0.0
61.51,1549.356694,1531.866141,7673,0.0,0.0,114151.59701821528,0.0
61.52,1549.356694,1534.489724,7673,0.0,0.0,114347.10116922703,0.0
61.53,1532.01389,1534.118349,7674,0.0,0.0,114319.42704796538,0.0
61.54,1519.083847,1531.863173,7675,0.0,0.0,114151.3758487992,0.0
61.550000000000004,1519.083847,1529.946274,7675,0.0,0.0,114008.5323742187,0.0
61.56,1519.083847,1528.31691,7675,0.0,0.0,113887.11543200302,0.0
61.57,1519.083847,1526.931951,7675,0.0,0.0,113783.91106092687,0.0
61.58,1519.083847,1525.754735,7675,0.0,0.0,113696.18728217184,0.0
61.59,1519.083847,1524.754102,7675,0.0,0.0,113621.62211494087,0.0
61.6,1548.778291,1528.357731,7675,0.0,0.0,113890.15733117236,0.0
61.61,1548.778291,1531.420815,7676,0.0,0.0,114118.41221653242,0.0
61.620000000000005,1548.778291,1534.024436,7676,0.0,0.0,114312.42883928132,0.0
61.63,1532.120782,1533.738888,7676,0.0,0.0,114291.15037417726,0.0
61.64,1520.121243,1531.696241,7677,0.0,0.0,114138.93641046746,0.0
61.65,1520.121243,1529.959992,7677,0.0,0.0,114009.55461210622,0.0
61.660000000000004,1520.121243,1528.484179,7677,0.0,0.0,113899.57998289984,0.0
61.67,1520.121243,1527.229739,7677,0.0,0.0,113806.10162631834,0.0
61.68,1520.121243,1526.163465,7677,0.0,0.0,113726.64502322406,0.0
61.690000000000005,1520.121243,1525.257131,7678,0.0,0.0,113659.10682862414,0.0
61.7,1546.701671,1528.473812,7678,0.0,0.0,113898.80745482142,0.0
61.71,1546.701671,1531.207991,7678,0.0,0.0,114102.55299826684,0.0
61.72,1535.998234,1531.926528,7678,0.0,0.0,114156.09693652055,0.0
61.730000000000004,1535.998234,1532.537283,7679,0.0,0.0,114201.60917598516,0.0
61.74,1513.247747,1529.643853,7681,0.0,0.0,113985.99656694557,0.0
61.75,1513.247747,1527.184437,7681,0.0,0.0,113802.72581200289,0.0
61.76,1513.247747,1525.093934,7681,0.0,0.0,113646.94571501245,0.0
61.77,1513.247747,1523.317006,7681,0.0,0.0,113514.53259903747,0.0
61.78,1513.247747,1521.806617,7681,0.0,0.0,113401.98143555512,0.0
61.79,1513.247747,1520.522787,7681,0.0,0.0,113306.31299503185,0.0
61.800000000000004,1513.247747,1519.431531,7681,0.0,0.0,113224.99478332806,0.0
61.81,1513.247747,1518.503963,7681,0.0,0.0,113155.87427357263,0.0
61.82,1513.247747,1517.715531,7681,0.0,0.0,113097.12189989493,0.0
61.83,1530.957172,1519.701777,7681,0.0,0.0,113245.13297403682,0.0
61.84,1525.846919,1520.623548,7682,0.0,0.0,113313.8215029617,0.0
61.85,1525.846919,1521.407054,7682,0.0,0.0,113372.20680098451,0.0
61.86,1525.846919,1522.073034,7682,0.0,0.0,113421.8342968521,0.0
61.870000000000005,1525.846919,1522.639117,7682,0.0,0.0,113464.01766833955,0.0
61.88,1525.846919,1523.120287,7683,0.0,0.0,113499.873493119,0.0
61.89,1525.846919,1523.529282,7683,0.0,0.0,113530.35098144051,0.0
61.9,1545.702144,1526.855211,7683,0.0,0.0,113778.1925498111,0.0
61.910000000000004,1545.702144,1529.682251,7683,0.0,0.0,113988.85790900736,0.0
61.92,1523.977064,1528.826473,7684,0.0,0.0,113925.0870462809,0.0
61.93,1523.977064,1528.099062,7684,0.0,0.0,113870.88183531877,0.0
61.940000000000005,1529.939539,1528.375133,7685,0.0,0.0,113891.45409336204,0.0
61.95,1529.939539,1528.609794,7685,0.0,0.0,113908.94056113553,0.0
61.96,1529.939539,1528.809256,7685,0.0,0.0,113923.80406992069,0.0
61.97,1529.939539,1528.978798,7685,0.0,0.0,113936.43800022549,0.0
61.980000000000004,1529.939539,1529.122909,7685,0.0,0.0,113947.17686333998,0.0
61.99,1529.939539,1529.245404,7685,0.0,0.0,113956.30494542397,0.0
62.0,1535.173595,1530.134632,7686,0.0,0.0,114022.56843516142,0.0
62.01,1535.173595,1530.890477,7686,0.0,0.0,114078.89249085984,0.0
62.02,1529.859482,1530.735828,7686,0.0,0.0,114067.36835708945,0.0
62.03,1529.859482,1530.604376,7686,0.0,0.0,114057.57281730327,0.0
62.04,1527.832279,1530.188561,7688,0.0,0.0,114026.58711623991,0.0
62.050000000000004,1527.832279,1529.835119,7688,0.0,0.0,114000.24932622454,0.0
62.06,1527.832279,1529.534693,7688,0.0,0.0,113977.86218235607,0.0
62.07,1527.832279,1529.279331,7688,0.0,0.0,113958.83311751968,0.0
62.08,1527.832279,1529.062273,7688,0.0,0.0,113942.65839005333,0.0
62.09,1527.832279,1528.877774,7688,0.0,0.0,113928.90989406237,0.0
62.1,1535.129764,1529.815572,7688,0.0,0.0,113998.79272293055,0.0
62.11,1535.129764,1530.612701,7688,0.0,0.0,114058.19317963113,0.0
62.120000000000005,1523.971502,1529.616521,7689,0.0,0.0,113983.95984104229,0.0
62.13,1523.971502,1528.769768,7689,0.0,0.0,113920.8615032418,0.0
62.14,1529.894126,1528.938422,7690,0.0,0.0,113933.42926156495,0.0
62.15,1529.894126,1529.081778,7690,0.0,0.0,113944.11186359143,0.0
62.160000000000004,1529.894126,1529.20363,7690,0.0,0.0,113953.19203060314,0.0
62.17,1529.894126,1529.307204,7690,0.0,0.0,113960.91015765948,0.0
62.18,1529.894126,1529.395242,7690,0.0,0.0,113967.4705731092,0.0
62.190000000000005,1529.894126,1529.470075,7690,0.0,0.0,113973.04697840403,0.0
62.2,1540.277502,1531.091189,7691,0.0,0.0,114093.8491471417,0.0
62.21,1540.277502,1532.469136,7691,0.0,0.0,114196.53099802049,0.0
62.22,1540.277502,1533.640391,7691,0.0,0.0,114283.81057499337,0.0
62.230000000000004,1528.056334,1532.802782,7691,0.0,0.0,114221.39362976057,0.0
62.24,1524.314851,1531.529593,7693,0.0,0.0,114126.51813524695,0.0
62.25,1524.314851,1530.447381,7693,0.0,0.0,114045.87386431108,0.0
62.26,1524.314851,1529.527502,7693,0.0,0.0,113977.32632343718,0.0
62.27,1524.314851,1528.745604,7693,0.0,0.0,113919.0608503541,0.0
62.28,1524.314851,1528.080991,7693,0.0,0.0,113869.53522058889,0.0
62.29,1524.314851,1527.51607,7693,0.0,0.0,113827.4384390143,0.0
62.300000000000004,1549.66409,1530.838273,7693,0.0,0.0,114075.0023533268,0.0
62.31,1549.66409,1533.662146,7694,0.0,0.0,114285.43171402552,0.0
62.32,1529.736273,1533.073265,7694,0.0,0.0,114241.54948123472,0.0
62.33,1529.736273,1532.572716,7694,0.0,0.0,114204.24957218484,0.0
62.34,1525.11575,1531.454171,7695,0.0,0.0,114120.8978388517,0.0
62.35,1525.11575,1530.503408,7695,0.0,0.0,114050.04888414797,0.0
62.36,1525.11575,1529.695259,7695,0.0,0.0,113989.82723911674,0.0
62.370000000000005,1525.11575,1529.008333,7695,0.0,0.0,113938.63888927689,0.0
62.38,1525.11575,1528.424446,7695,0.0,0.0,113895.1287993648,0.0
62.39,1525.11575,1527.928141,7696,0.0,0.0,113858.14514469565,0.0
62.4,1481.181538,1520.916151,7696,0.0,0.0,113335.62569253698,0.0
62.410000000000004,1481.181538,1514.955959,7696,0.0,0.0,112891.48412094309,0.0
62.42,1481.181538,1509.889796,7696,0.0,0.0,112513.9637999919,0.0
62.43,1532.069658,1513.216775,7697,0.0,0.0,112761.88361225967,0.0
62.440000000000005,1554.557877,1519.41794,7698,0.0,0.0,113223.98200922622,0.0
62.45,1554.557877,1524.688931,7698,0.0,0.0,113616.7657025363,0.0
62.46,1554.557877,1529.169273,7698,0.0,0.0,113950.63181576856,0.0
62.47,1554.557877,1532.977563,7698,0.0,0.0,114234.4179598534,0.0
62.480000000000004,1554.557877,1536.21461,7698,0.0,0.0,114475.63621958451,0.0
62.49,1554.557877,1538.9661,7698,0.0,0.0,114680.67174408185,0.0
62.5,1479.620998,1530.064335,7698,0.0,0.0,114017.3300435025,0.0
62.51,1479.620998,1522.497835,7699,0.0,0.0,113453.48961663956,0.0
62.52,1479.620998,1516.066309,7699,0.0,0.0,112974.22517928807,0.0
62.53,1536.047105,1519.063429,7699,0.0,0.0,113197.56455947172,0.0
62.54,1519.505285,1519.129707,7700,0.0,0.0,113202.50346329933,0.0
62.550000000000004,1519.505285,1519.186044,7700,0.0,0.0,113206.70158371539,0.0
62.56,1519.505285,1519.23393,7700,0.0,0.0,113210.26995253593,0.0
62.57,1519.505285,1519.274633,7700,0.0,0.0,113213.30305858162,0.0
62.58,1519.505285,1519.309231,7700,0.0,0.0,113215.88123225354,0.0
62.59,1519.505285,1519.338639,7701,0.0,0.0,113218.07265751927,0.0
62.6,1542.73178,1522.84761,7701,0.0,0.0,113479.55414915869,0.0
62.61,1542.73178,1525.830236,7701,0.0,0.0,113701.81346548891,0.0
62.620000000000005,1542.73178,1528.365467,7701,0.0,0.0,113890.73380239979,0.0
62.63,1532.120731,1528.928757,7702,0.0,0.0,113932.70904512066,0.0
62.64,1523.566598,1528.124433,7703,0.0,0.0,113872.77243142926,0.0
62.65,1523.566598,1527.440758,7703,0.0,0.0,113821.82633959875,0.0
62.660000000000004,1523.566598,1526.859634,7703,0.0,0.0,113778.52214291331,0.0
62.67,1523.566598,1526.365679,7703,0.0,0.0,113741.71360553791,0.0
62.68,1523.566598,1525.945817,7703,0.0,0.0,113710.4263301393,0.0
62.690000000000005,1523.566598,1525.588934,7703,0.0,0.0,113683.8321236951,0.0
62.7,1539.842158,1527.726917,7703,0.0,0.0,113843.15033519917,0.0
62.71,1539.842158,1529.544203,7704,0.0,0.0,113978.57084851076,0.0
62.72,1541.974018,1531.408676,7704,0.0,0.0,114117.50764256275,0.0
62.730000000000004,1541.974018,1532.993477,7704,0.0,0.0,114235.60383926306,0.0
62.74,1534.703631,1533.25,7706,0.0,0.0,114254.71941949436,0.0
62.75,1534.703631,1533.468045,7706,0.0,0.0,114270.96769622406,0.0
62.76,1534.703631,1533.653383,7706,0.0,0.0,114284.77871281483,0.0
62.77,1534.703631,1533.81092,7706,0.0,0.0,114296.51805456156,0.0
62.78,1534.703631,1533.944826,7706,0.0,0.0,114306.49646151318,0.0
62.79,1534.703631,1534.058647,7706,0.0,0.0,114314.97817448828,0.0
62.800000000000004,1534.703631,1534.155395,7706,0.0,0.0,114322.18764169479,0.0
62.81,1534.703631,1534.23763,7706,0.0,0.0,114328.31562920593,0.0
62.82,1534.703631,1534.30753,7706,0.0,0.0,114333.52443721991,0.0
62.83,1517.574639,1531.797597,7707,0.0,0.0,114146.4892566057,0.0
62.84,1523.592247,1530.566794,7708,0.0,0.0,114054.77228192729,0.0
62.85,1523.592247,1529.520612,7708,0.0,0.0,113976.81289443553,0.0
62.86,1523.592247,1528.631357,7708,0.0,0.0,113910.54739271216,0.0
62.870000000000005,1523.592247,1527.875491,7708,0.0,0.0,113854.22177213577,0.0
62.88,1523.592247,1527.233004,7708,0.0,0.0,113806.34492757966,0.0
62.89,1523.592247,1526.686891,7708,0.0,0.0,113765.64968049905,0.0
62.9,1535.317912,1527.981544,7709,0.0,0.0,113862.12462930752,0.0
62.910000000000004,1535.317912,1529.081999,7709,0.0,0.0,113944.12833206884,0.0
62.92,1535.986867,1530.117729,7709,0.0,0.0,114021.3088574524,0.0
62.93,1535.986867,1530.9981,7709,0.0,0.0,114086.91234128745,0.0
62.940000000000005,1521.458603,1529.567176,7710,0.0,0.0,113980.28275046362,0.0
62.95,1521.458603,1528.35089,7710,0.0,0.0,113889.64755355257,0.0
62.96,1521.458603,1527.317047,7710,0.0,0.0,113812.60764362998,0.0
62.97,1521.458603,1526.43828,7710,0.0,0.0,113747.12368666269,0.0
62.980000000000004,1521.458603,1525.691329,7711,0.0,0.0,113691.46239403258,0.0
62.99,1521.458603,1525.05642,7711,0.0,0.0,113644.15024686027,0.0
63.0,1545.08425,1528.060594,7711,0.0,0.0,113868.01527699716,0.0
63.01,1545.08425,1530.614143,7711,0.0,0.0,114058.30063458328,0.0
63.02,1545.08425,1532.784659,7712,0.0,0.0,114220.04314009477,0.0
63.03,1524.020422,1531.470023,7712,0.0,0.0,114122.07909814549,0.0
63.04,1523.961565,1530.343754,7713,0.0,0.0,114038.15178780086,0.0
63.050000000000004,1523.961565,1529.386426,7713,0.0,0.0,113966.81362244465,0.0
63.06,1523.961565,1528.572697,7713,0.0,0.0,113906.17616698825,0.0
63.07,1523.961565,1527.881027,7713,0.0,0.0,113854.63430376902,0.0
63.08,1523.961565,1527.293108,7713,0.0,0.0,113810.8237572917,0.0
63.09,1523.961565,1526.793376,7713,0.0,0.0,113773.58472944566,0.0
63.1,1534.113079,1527.891332,7714,0.0,0.0,113855.4022117316,0.0
63.11,1534.113079,1528.824594,7714,0.0,0.0,113924.94702696387,0.0
63.120000000000005,1534.113079,1529.617867,7714,0.0,0.0,113984.0601422667,0.0
63.13,1531.935403,1529.965497,7714,0.0,0.0,114009.96483368153,0.0
63.14,1520.926354,1528.609626,7716,0.0,0.0,113908.92804211198,0.0
63.15,1520.926354,1527.457135,7716,0.0,0.0,113823.04672084117,0.0
63.160000000000004,1520.926354,1526.477518,7716,0.0,0.0,113750.04762384224,0.0
63.17,1520.926354,1525.644843,7716,0.0,0.0,113687.99835040829,0.0
63.18,1520.926354,1524.93707,7716,0.0,0.0,113635.25652387792,0.0
63.190000000000005,1520.926354,1524.335463,7716,0.0,0.0,113590.42597505299,0.0
63.2,1545.033901,1527.440228,7716,0.0,0.0,113821.78684506017,0.0
63.21,1545.033901,1530.079279,7716,0.0,0.0,114018.44364045476,0.0
63.22,1545.033901,1532.322472,7717,0.0,0.0,114185.60189045883,0.0
63.230000000000004,1528.080835,1531.686227,7717,0.0,0.0,114138.19018724209,0.0
63.24,1520.121835,1529.951568,7718,0.0,0.0,114008.92687249661,0.0
63.25,1520.121835,1528.477108,7718,0.0,0.0,113899.05306614067,0.0
63.26,1520.121835,1527.223817,7718,0.0,0.0,113805.66033073812,0.0
63.27,1520.121835,1526.15852,7718,0.0,0.0,113726.27653172721,0.0
63.28,1520.121835,1525.253017,7718,0.0,0.0,113658.80026158309,0.0
63.29,1520.121835,1524.48334,7718,0.0,0.0,113601.44547294546,0.0
63.300000000000004,1541.655468,1527.059159,7719,0.0,0.0,113793.39034633232,0.0
63.31,1541.655468,1529.248605,7719,0.0,0.0,113956.54347753346,0.0
63.32,1529.535174,1529.29159,7719,0.0,0.0,113959.74663364906,0.0
63.33,1529.535174,1529.328128,7719,0.0,0.0,113962.46937223582,0.0
63.34,1523.319157,1528.426782,7721,0.0,0.0,113895.30287340662,0.0
63.35,1523.319157,1527.660639,7721,0.0,0.0,113838.21143137157,0.0
63.36,1523.319157,1527.009416,7721,0.0,0.0,113789.68359759072,0.0
63.370000000000005,1523.319157,1526.455878,7721,0.0,0.0,113748.43505437984,0.0
63.38,1523.319157,1525.98537,7721,0.0,0.0,113713.37374048804,0.0
63.39,1523.319157,1525.585438,7721,0.0,0.0,113683.5716087764,0.0
63.4,1546.211968,1528.679417,7721,0.0,0.0,113914.12872766425,0.0
63.410000000000004,1546.211968,1531.3093,7722,0.0,0.0,114110.10234205922,0.0
63.42,1546.211968,1533.5447,7722,0.0,0.0,114276.67987331004,0.0
63.43,1536.009165,1533.91437,7722,0.0,0.0,114304.22694138624,0.0
63.440000000000005,1523.194998,1532.306464,7723,0.0,0.0,114184.40900635743,0.0
63.45,1523.194998,1530.939744,7723,0.0,0.0,114082.56376903474,0.0
63.46,1523.194998,1529.778032,7723,0.0,0.0,113995.99531731046,0.0
63.47,1523.194998,1528.790577,7723,0.0,0.0,113922.4121482484,0.0
63.480000000000004,1523.194998,1527.95124,7723,0.0,0.0,113859.86643591618,0.0
63.49,1523.194998,1527.237804,7724,0.0,0.0,113806.70261396689,0.0
63.5,1475.137699,1519.422788,7724,0.0,0.0,113224.34327247733,0.0
63.51,1475.137699,1512.780025,7724,0.0,0.0,112729.337876922,0.0
63.52,1535.949928,1516.25551,7724,0.0,0.0,112988.32405890254,0.0
63.53,1535.949928,1519.209673,7725,0.0,0.0,113208.46236947451,0.0
63.54,1524.640206,1520.024253,7726,0.0,0.0,113269.16323974663,0.0
63.550000000000004,1524.640206,1520.716646,7726,0.0,0.0,113320.75897947793,0.0
63.56,1524.640206,1521.30518,7726,0.0,0.0,113364.61535452364,0.0
63.57,1524.640206,1521.805434,7726,0.0,0.0,113401.8932807643,0.0
63.58,1524.640206,1522.23065,7726,0.0,0.0,113433.57952552065,0.0
63.59,1524.640206,1522.592083,7726,0.0,0.0,113460.51278885273,0.0
63.6,1537.47102,1524.823924,7726,0.0,0.0,113626.82511055104,0.0
63.61,1537.47102,1526.720988,7727,0.0,0.0,113768.1905206543,0.0
63.620000000000005,1537.47102,1528.333493,7727,0.0,0.0,113888.35116395289,0.0
63.63,1536.169388,1529.508877,7727,0.0,0.0,113975.93842573676,0.0
63.64,1518.36416,1527.83717,7728,0.0,0.0,113851.36616795976,0.0
63.65,1518.36416,1526.416218,7728,0.0,0.0,113745.47967060542,0.0
63.660000000000004,1518.36416,1525.20841,7728,0.0,0.0,113655.4762372758,0.0
63.67,1518.36416,1524.181772,7728,0.0,0.0,113578.97322952402,0.0
63.68,1518.36416,1523.30913,7728,0.0,0.0,113513.94569529044,0.0
63.690000000000005,1518.36416,1522.567385,7729,0.0,0.0,113458.67234335445,0.0
63.7,1544.983118,1525.929745,7729,0.0,0.0,113709.22867688605,0.0
63.71,1544.983118,1528.787751,7729,0.0,0.0,113922.20156038794,0.0
63.72,1544.983118,1531.217056,7729,0.0,0.0,114103.22850391273,0.0
63.730000000000004,1535.996826,1531.934021,7730,0.0,0.0,114156.65529987463,0.0
63.74,1532.292362,1531.987772,7732,0.0,0.0,114160.66071674958,0.0
63.75,1532.292362,1532.033461,7732,0.0,0.0,114164.06536952998,0.0
63.76,1532.292362,1532.072296,7732,0.0,0.0,114166.95927595664,0.0
63.77,1532.292362,1532.105306,7732,0.0,0.0,114169.41911504877,0.0
63.78,1532.292362,1532.133364,7732,0.0,0.0,114171.50994101811,0.0
63.79,1532.292362,1532.157214,7732,0.0,0.0,114173.28719525464,0.0
63.800000000000004,1532.292362,1532.177486,7732,0.0,0.0,114174.79782409669,0.0
63.81,1532.292362,1532.194718,7732,0.0,0.0,114176.08191822682,0.0
63.82,1532.292362,1532.209364,7732,0.0,0.0,114177.17330881587,0.0
63.83,1532.755619,1532.291302,7732,0.0,0.0,114183.27916448178,0.0
63.84,1519.555247,1530.380894,7733,0.0,0.0,114040.91938622201,0.0
63.85,1519.555247,1528.757047,7733,0.0,0.0,113919.91355979766,0.0
63.86,1519.555247,1527.376777,7733,0.0,0.0,113817.05860361103,0.0
63.870000000000005,1519.555247,1526.203548,7733,0.0,0.0,113729.63192811138,0.0
63.88,1519.555247,1525.206303,7733,0.0,0.0,113655.3192278554,0.0
63.89,1519.555247,1524.358644,7734,0.0,0.0,113592.15337674931,0.0
63.9,1552.794379,1528.624005,7734,0.0,0.0,113909.99953639571,0.0
63.910000000000004,1552.794379,1532.249561,7734,0.0,0.0,114180.16870875488,0.0
63.92,1552.794379,1535.331283,7735,0.0,0.0,114409.81246054935,0.0
63.93,1523.763613,1533.596133,7735,0.0,0.0,114280.51255746717,0.0
63.940000000000005,1526.079582,1532.46865,7736,0.0,0.0,114196.4947822738,0.0
63.95,1526.079582,1531.51029,7736,0.0,0.0,114125.0797143443,0.0
63.96,1526.079582,1530.695684,7736,0.0,0.0,114064.37690660427,0.0
63.97,1526.079582,1530.003269,7736,0.0,0.0,114012.77952747703,0.0
63.980000000000004,1526.079582,1529.414716,7736,0.0,0.0,113968.92173658937,0.0
63.99,1526.079582,1528.914446,7736,0.0,0.0,113931.64261806077,0.0
64.0,1535.373946,1529.883371,7737,0.0,0.0,114003.84496863211,0.0
64.01,1535.373946,1530.706957,7737,0.0,0.0,114065.21694798827,0.0
64.02,1535.373946,1531.407005,7737,0.0,0.0,114117.3831229892,0.0
64.03,1528.010034,1530.89746,7737,0.0,0.0,114079.41285003525,0.0
64.04,1524.58385,1529.950418,7738,0.0,0.0,114008.84117679966,0.0
64.05,1524.58385,1529.145433,7738,0.0,0.0,113948.85530671202,0.0
64.06,1524.58385,1528.461195,7738,0.0,0.0,113897.86726124902,0.0
64.07000000000001,1524.58385,1527.879593,7738,0.0,0.0,113854.52744496088,0.0
64.08,1524.58385,1527.385232,7739,0.0,0.0,113817.68865327854,0.0
64.09,1524.58385,1526.965025,7739,0.0,0.0,113786.37566917084,0.0
64.1,1537.938389,1528.611029,7739,0.0,0.0,113909.03259086226,0.0
64.11,1537.938389,1530.010133,7739,0.0,0.0,114013.29101901077,0.0
64.12,1523.994056,1529.107722,7740,0.0,0.0,113946.04515851439,0.0
64.13,1523.994056,1528.340672,7740,0.0,0.0,113888.88612865577,0.0
64.14,1525.507001,1527.915621,7741,0.0,0.0,113857.21217936897,0.0
64.15,1525.507001,1527.554328,7741,0.0,0.0,113830.2893485565,0.0
64.16,1525.507001,1527.247229,7741,0.0,0.0,113807.40494609179,0.0
64.17,1525.507001,1526.986195,7741,0.0,0.0,113787.9532151745,0.0
64.18,1525.507001,1526.764316,7741,0.0,0.0,113771.419236443,0.0
64.19,1525.507001,1526.575718,7741,0.0,0.0,113757.36529118092,0.0
64.2,1535.438293,1527.905105,7742,0.0,0.0,113856.42854810898,0.0
64.21000000000001,1535.438293,1529.035083,7742,0.0,0.0,113940.6322457057,0.0
64.22,1535.438293,1529.995564,7742,0.0,0.0,114012.20536630753,0.0
64.23,1528.10819,1529.712458,7742,0.0,0.0,113991.10887415298,0.0
64.24,1526.36675,1529.210602,7744,0.0,0.0,113953.71157008059,0.0
64.25,1526.36675,1528.784024,7744,0.0,0.0,113921.92383181184,0.0
64.26,1526.36675,1528.421433,7744,0.0,0.0,113894.90427663883,0.0
64.27,1526.36675,1528.113231,7744,0.0,0.0,113871.93768082306,0.0
64.28,1526.36675,1527.851259,7744,0.0,0.0,113852.41605202424,0.0
64.29,1526.36675,1527.628583,7744,0.0,0.0,113835.82268244888,0.0
64.3,1539.533691,1529.414349,7744,0.0,0.0,113968.89438848433,0.0
64.31,1539.533691,1530.93225,7744,0.0,0.0,114082.00533116268,0.0
64.32000000000001,1523.6456,1529.839253,7745,0.0,0.0,114000.55738362554,0.0
64.33,1523.6456,1528.910205,7745,0.0,0.0,113931.32658723404,0.0
64.34,1525.686068,1528.426584,7746,0.0,0.0,113895.28811884313,0.0
64.35,1525.686068,1528.015507,7746,0.0,0.0,113864.65548405115,0.0
64.36,1525.686068,1527.666091,7746,0.0,0.0,113838.61770349306,0.0
64.37,1525.686068,1527.369088,7746,0.0,0.0,113816.48563472948,0.0
64.38,1525.686068,1527.116635,7746,0.0,0.0,113797.67334274735,0.0
64.39,1525.686068,1526.90205,7746,0.0,0.0,113781.68289828842,0.0
64.4,1535.413237,1528.178728,7747,0.0,0.0,113876.81838609476,0.0
64.41,1535.413237,1529.263904,7747,0.0,0.0,113957.6835283747,0.0
64.42,1535.413237,1530.186304,7747,0.0,0.0,114026.4189291199,0.0
64.43,1528.005348,1529.859161,7748,0.0,0.0,114002.04088791656,0.0
64.44,1520.776867,1528.496816,7749,0.0,0.0,113900.52166683221,0.0
64.45,1520.776867,1527.338824,7749,0.0,0.0,113814.23042205803,0.0
64.46000000000001,1520.776867,1526.35453,7749,0.0,0.0,113740.88280438558,0.0
64.47,1520.776867,1525.517881,7749,0.0,0.0,113678.53739643018,0.0
64.48,1520.776867,1524.806729,7749,0.0,0.0,113625.54377358679,0.0
64.49,1520.776867,1524.202249,7749,0.0,0.0,113580.49913455553,0.0
64.5,1540.314588,1526.6191,7749,0.0,0.0,113760.59803094146,0.0
64.51,1540.314588,1528.673423,7750,0.0,0.0,113913.68206678818,0.0
64.52,1529.955784,1528.865778,7750,0.0,0.0,113928.01597616628,0.0
64.53,1529.955784,1529.029279,7750,0.0,0.0,113940.19974324915,0.0
64.54,1523.555276,1528.208178,7751,0.0,0.0,113879.01294111638,0.0
64.55,1523.555276,1527.510243,7751,0.0,0.0,113827.00422264381,0.0
64.56,1523.555276,1526.916998,7751,0.0,0.0,113782.79679331265,0.0
64.57000000000001,1523.555276,1526.412739,7751,0.0,0.0,113745.22042249265,0.0
64.58,1523.555276,1525.98412,7751,0.0,0.0,113713.28059299137,0.0
64.59,1523.555276,1525.619793,7752,0.0,0.0,113686.13167457498,0.0
64.6,1540.188992,1527.805173,7752,0.0,0.0,113848.98181559893,0.0
64.61,1540.188992,1529.662746,7752,0.0,0.0,113987.40443546927,0.0
64.62,1529.975597,1529.709674,7752,0.0,0.0,113990.90141604838,0.0
64.63,1529.975597,1529.749562,7753,0.0,0.0,113993.87378992622,0.0
64.64,1524.029163,1528.891502,7754,0.0,0.0,113929.93287712982,0.0
64.65,1524.029163,1528.162151,7754,0.0,0.0,113875.58310125288,0.0
64.66,1524.029163,1527.542203,7754,0.0,0.0,113829.38581783877,0.0
64.67,1524.029163,1527.015247,7754,0.0,0.0,113790.11811203316,0.0
64.68,1524.029163,1526.567334,7754,0.0,0.0,113756.74053229124,0.0
64.69,1524.029163,1526.186608,7754,0.0,0.0,113728.36959323646,0.0
64.7,1533.980883,1527.35575,7754,0.0,0.0,113815.49171368098,0.0
64.71000000000001,1533.980883,1528.34952,7755,0.0,0.0,113889.54546389623,0.0
64.72,1533.980883,1529.194224,7755,0.0,0.0,113952.49111432018,0.0
64.73,1531.965633,1529.609935,7755,0.0,0.0,113983.46906551183,0.0
64.74,1522.786409,1528.586406,7757,0.0,0.0,113907.19773421377,0.0
64.75,1522.786409,1527.716407,7757,0.0,0.0,113842.36715104715,0.0
64.76,1522.786409,1526.976907,7757,0.0,0.0,113787.26109201521,0.0
64.77,1522.786409,1526.348332,7757,0.0,0.0,113740.42094183808,0.0
64.78,1522.786409,1525.814044,7757,0.0,0.0,113700.606870076,0.0
64.79,1522.786409,1525.359899,7757,0.0,0.0,113666.76489417463,0.0
64.8,1522.786409,1524.973875,7757,0.0,0.0,113637.99915876996,0.0
64.81,1522.786409,1524.645755,7757,0.0,0.0,113613.5483134832,0.0
64.82000000000001,1522.786409,1524.366853,7757,0.0,0.0,113592.76509498946,0.0
64.83,1554.433677,1528.876877,7758,0.0,0.0,113928.84305141873,0.0
64.84,1523.144321,1528.016993,7759,0.0,0.0,113864.76621779517,0.0
64.85,1523.144321,1527.286093,7759,0.0,0.0,113810.30101354035,0.0
64.86,1523.144321,1526.664827,7759,0.0,0.0,113764.00551540578,0.0
64.87,1523.144321,1526.136751,7759,0.0,0.0,113724.65434944317,0.0
64.88,1523.144321,1525.687886,7759,0.0,0.0,113691.20582856772,0.0
64.89,1523.144321,1525.306352,7759,0.0,0.0,113662.77467897114,0.0
64.9,1475.296958,1517.804943,7759,0.0,0.0,113103.78470307298,0.0
64.91,1475.296958,1511.428745,7760,0.0,0.0,112628.64319747823,0.0
64.92,1541.926836,1516.003459,7760,0.0,0.0,112969.54172315534,0.0
64.93,1541.926836,1519.891965,7760,0.0,0.0,113259.30540291469,0.0
64.94,1551.391803,1524.616941,7761,0.0,0.0,113611.40115190789,0.0
64.95,1551.391803,1528.63317,7761,0.0,0.0,113910.68249384133,0.0
64.96000000000001,1551.391803,1532.046965,7761,0.0,0.0,114165.07166056604,0.0
64.97,1551.391803,1534.948691,7761,0.0,0.0,114381.30247091156,0.0
64.98,1551.391803,1537.415158,7761,0.0,0.0,114565.09865225344,0.0
64.99,1551.391803,1539.511655,7762,0.0,0.0,114721.32541011996,0.0
65.0,1474.644977,1529.781653,7762,0.0,0.0,113996.26514697883,0.0
65.01,1474.644977,1521.511152,7762,0.0,0.0,113379.96397547147,0.0
65.02,1535.914373,1523.671635,7763,0.0,0.0,113540.95884191568,0.0
65.03,1535.914373,1525.508045,7763,0.0,0.0,113677.80443740835,0.0
65.04,1525.746437,1525.543804,7764,0.0,0.0,113680.4691264752,0.0
65.05,1525.746437,1525.574199,7764,0.0,0.0,113682.7341010043,0.0
65.06,1525.746437,1525.600035,7764,0.0,0.0,113684.65934798354,0.0
65.07000000000001,1525.746437,1525.621995,7764,0.0,0.0,113686.29576320511,0.0
65.08,1525.746437,1525.640661,7764,0.0,0.0,113687.68671614342,0.0
65.09,1525.746437,1525.656528,7764,0.0,0.0,113688.86909320719,0.0
65.1,1534.992353,1527.056901,7765,0.0,0.0,113793.22208469431,0.0
65.11,1534.992353,1528.247219,7765,0.0,0.0,113881.92219825048,0.0
65.12,1534.992353,1529.258989,7765,0.0,0.0,113957.3172724178,0.0
65.13,1535.982592,1530.26753,7765,0.0,0.0,114032.47172797173,0.0
65.14,1521.063051,1528.886858,7766,0.0,0.0,113929.5868155502,0.0
65.15,1521.063051,1527.713287,7766,0.0,0.0,113842.13465489545,0.0
65.16,1521.063051,1526.715751,7767,0.0,0.0,113767.80026990223,0.0
65.17,1521.063051,1525.867846,7767,0.0,0.0,113704.61608736882,0.0
65.18,1521.063051,1525.147127,7767,0.0,0.0,113650.90955084488,0.0
65.19,1521.063051,1524.534515,7767,0.0,0.0,113605.25893145926,0.0
65.2,1544.648777,1527.551655,7767,0.0,0.0,113830.0901619496,0.0
65.21000000000001,1544.648777,1530.116223,7767,0.0,0.0,114021.19663334842,0.0
65.22,1544.648777,1532.296106,7768,0.0,0.0,114183.637148941,0.0
65.23,1532.189787,1532.280158,7768,0.0,0.0,114182.44873591943,0.0
65.24,1526.643246,1531.434622,7769,0.0,0.0,114119.44108652169,0.0
65.25,1526.643246,1530.715915,7769,0.0,0.0,114065.88448020842,0.0
65.26,1526.643246,1530.105015,7769,0.0,0.0,114020.36143563424,0.0
65.27,1526.643246,1529.58575,7769,0.0,0.0,113981.66684774618,0.0
65.28,1526.643246,1529.144374,7769,0.0,0.0,113948.77639215284,0.0
65.29,1526.643246,1528.769205,7769,0.0,0.0,113920.8195496093,0.0
65.3,1528.861841,1528.7831,7770,0.0,0.0,113921.85497718232,0.0
65.31,1528.861841,1528.794912,7770,0.0,0.0,113922.73518376687,0.0
65.32000000000001,1541.511495,1530.702399,7770,0.0,0.0,114064.87729495642,0.0
65.33,1541.511495,1532.323763,7770,0.0,0.0,114185.69809319342,0.0
65.34,1526.368279,1531.430441,7772,0.0,0.0,114119.12952677484,0.0
65.35,1526.368279,1530.671116,7772,0.0,0.0,114062.54614844565,0.0
65.36,1526.368279,1530.025691,7772,0.0,0.0,114014.45037001336,0.0
65.37,1526.368279,1529.477079,7772,0.0,0.0,113973.5689024574,0.0
65.38,1526.368279,1529.010759,7772,0.0,0.0,113938.81966993843,0.0
65.39,1526.368279,1528.614387,7772,0.0,0.0,113909.28282229733,0.0
65.4,1544.125337,1530.941029,7772,0.0,0.0,114082.65952466133,0.0
65.41,1544.125337,1532.918676,7772,0.0,0.0,114230.02981854414,0.0
65.42,1523.999619,1531.580817,7773,0.0,0.0,114130.33524514263,0.0
65.43,1523.999619,1530.443637,7773,0.0,0.0,114045.59486892905,0.0
65.44,1521.947701,1529.169247,7774,0.0,0.0,113950.62987830066,0.0
65.45,1521.947701,1528.086015,7774,0.0,0.0,113869.90959900751,0.0
65.46000000000001,1521.947701,1527.165268,7774,0.0,0.0,113801.29737651191,0.0
65.47,1521.947701,1526.382633,7774,0.0,0.0,113742.97698366478,0.0
65.48,1521.947701,1525.717393,7774,0.0,0.0,113693.40463111522,0.0
65.49,1521.947701,1525.151939,7775,0.0,0.0,113651.26813144809,0.0
65.5,1544.049713,1527.986605,7775,0.0,0.0,113862.50176489206,0.0
65.51,1544.049713,1530.396072,7775,0.0,0.0,114042.05042038564,0.0
65.52,1529.909047,1530.323018,7775,0.0,0.0,114036.60658260806,0.0
65.53,1529.909047,1530.260922,7776,0.0,0.0,114031.9793130453,0.0
65.54,1520.030101,1528.726299,7777,0.0,0.0,113917.62228041548,0.0
65.55,1520.030101,1527.421869,7777,0.0,0.0,113820.41876914703,0.0
65.56,1520.030101,1526.313104,7777,0.0,0.0,113737.79582182782,0.0
65.57000000000001,1520.030101,1525.370653,7777,0.0,0.0,113667.56626071801,0.0
65.58,1520.030101,1524.569571,7777,0.0,0.0,113607.87123437396,0.0
65.59,1520.030101,1523.88865,7777,0.0,0.0,113557.13036510813,0.0
65.6,1548.558114,1527.58907,7777,0.0,0.0,113832.87825282004,0.0
65.61,1548.558114,1530.734426,7778,0.0,0.0,114067.26388285715,0.0
65.62,1548.558114,1533.407979,7778,0.0,0.0,114266.49169819592,0.0
65.63,1532.116952,1533.214325,7778,0.0,0.0,114252.06098993929,0.0
65.64,1513.421983,1530.245474,7779,0.0,0.0,114030.82815902242,0.0
65.65,1513.421983,1527.72195,7779,0.0,0.0,113842.7802043064,0.0
65.66,1513.421983,1525.576955,7779,0.0,0.0,113682.93947260496,0.0
65.67,1513.421983,1523.75371,7779,0.0,0.0,113547.07490654725,0.0
65.68,1513.421983,1522.203951,7779,0.0,0.0,113431.58996950969,0.0
65.69,1513.421983,1520.886656,7780,0.0,0.0,113333.42778420544,0.0
65.7,1554.856519,1525.982135,7780,0.0,0.0,113713.13267476665,0.0
65.71000000000001,1554.856519,1530.313293,7780,0.0,0.0,114035.88189508393,0.0
65.72,1554.856519,1533.994777,7780,0.0,0.0,114310.21870999827,0.0
65.73,1523.993091,1532.494524,7781,0.0,0.0,114198.42286093693,0.0
65.74,1525.844753,1531.497058,7782,0.0,0.0,114124.09369220352,0.0
65.75,1525.844753,1530.649212,7782,0.0,0.0,114060.91390623194,0.0
65.76,1525.844753,1529.928543,7782,0.0,0.0,114007.21109560788,0.0
65.77,1525.844753,1529.315975,7782,0.0,0.0,113961.56375501414,0.0
65.78,1525.844753,1528.795292,7782,0.0,0.0,113922.76350060586,0.0
65.79,1525.844753,1528.352711,7783,0.0,0.0,113889.78325082573,0.0
65.8,1525.844753,1527.976517,7783,0.0,0.0,113861.75002733493,0.0
65.81,1525.844753,1527.656752,7783,0.0,0.0,113837.92177991592,0.0
65.82000000000001,1525.844753,1527.384952,7783,0.0,0.0,113817.66778823928,0.0
65.83,1550.406293,1530.838153,7783,0.0,0.0,114074.99341116712,0.0
65.84,1520.534993,1529.292679,7784,0.0,0.0,113959.82778374814,0.0
65.85,1520.534993,1527.979027,7784,0.0,0.0,113861.93706750823,0.0
65.86,1520.534993,1526.862422,7784,0.0,0.0,113778.7298990899,0.0
65.87,1520.534993,1525.913307,7784,0.0,0.0,113708.00375004583,0.0
65.88,1520.534993,1525.10656,7784,0.0,0.0,113647.88657924686,0.0
65.89,1520.534993,1524.420825,7785,0.0,0.0,113596.78698034181,0.0
65.9,1494.600944,1519.947843,7785,0.0,0.0,113263.46931956997,0.0
65.91,1494.600944,1516.145808,7785,0.0,0.0,112980.14928555848,0.0
65.92,1511.707107,1515.480003,7785,0.0,0.0,112930.53483034043,0.0
65.93,1511.707107,1514.914069,7786,0.0,0.0,112888.36256203457,0.0
65.94,1536.970062,1518.222468,7787,0.0,0.0,113134.89782991177,0.0
65.95,1536.970062,1521.034607,7787,0.0,0.0,113344.45279642972,0.0
65.96000000000001,1536.970062,1523.424925,7787,0.0,0.0,113522.57450679227,0.0
65.97,1536.970062,1525.456696,7787,0.0,0.0,113673.97801276302,0.0
65.98,1536.970062,1527.183701,7787,0.0,0.0,113802.67096675685,0.0
65.99,1536.970062,1528.651655,7787,0.0,0.0,113912.05995902212,0.0
66.0,1536.970062,1529.899416,7787,0.0,0.0,114005.04060989941,0.0
66.01,1536.970062,1530.960013,7788,0.0,0.0,114084.07417432278,0.0
66.02,1538.150936,1532.038651,7788,0.0,0.0,114164.45211793616,0.0
66.03,1538.150936,1532.955494,7788,0.0,0.0,114232.77342217014,0.0
66.04,1525.721926,1531.870459,7790,0.0,0.0,114151.91878692781,0.0
66.05,1525.721926,1530.948179,7790,0.0,0.0,114083.1923283423,0.0
66.06,1525.721926,1530.164241,7790,0.0,0.0,114024.77483854463,0.0
66.07000000000001,1525.721926,1529.497894,7790,0.0,0.0,113975.11999457201,0.0
66.08,1525.721926,1528.931499,7790,0.0,0.0,113932.91337346938,0.0
66.09,1525.721926,1528.450063,7790,0.0,0.0,113897.03772690265,0.0
66.1,1525.721926,1528.040842,7790,0.0,0.0,113866.54339751373,0.0
66.11,1559.443791,1532.751284,7790,0.0,0.0,114217.5561019336,0.0
66.12,1559.443791,1536.75516,7791,0.0,0.0,114515.91692304592,0.0
66.13,1487.907378,1529.427993,7791,0.0,0.0,113969.91111204003,0.0
66.14,1547.918684,1532.201597,7792,0.0,0.0,114176.59452753051,0.0
66.15,1547.918684,1534.55916,7792,0.0,0.0,114352.27540089024,0.0
66.16,1547.918684,1536.563088,7792,0.0,0.0,114501.60410226109,0.0
66.17,1547.918684,1538.266428,7792,0.0,0.0,114628.53358784791,0.0
66.18,1547.918684,1539.714266,7792,0.0,0.0,114736.42357607873,0.0
66.19,1547.918684,1540.944929,7792,0.0,0.0,114828.1301182375,0.0
66.2,1547.918684,1541.990992,7793,0.0,0.0,114906.08063808757,0.0
66.21000000000001,1459.74141,1529.653555,7793,0.0,0.0,113986.71954055574,0.0
66.22,1459.74141,1519.166733,7793,0.0,0.0,113205.26256666878,0.0
66.23,1459.74141,1510.252935,7793,0.0,0.0,112541.02419102745,0.0
66.24,1541.00583,1514.865869,7795,0.0,0.0,112884.77079456285,0.0
66.25,1541.00583,1518.786863,7795,0.0,0.0,113176.95541501974,0.0
66.26,1541.00583,1522.119708,7795,0.0,0.0,113425.31234985989,0.0
66.27,1541.00583,1524.952627,7795,0.0,0.0,113636.4158003625,0.0
66.28,1541.00583,1527.360607,7795,0.0,0.0,113815.85364759408,0.0
66.29,1541.00583,1529.407391,7795,0.0,0.0,113968.37589225886,0.0
66.3,1541.00583,1531.147156,7795,0.0,0.0,114098.01969589874,0.0
66.31,1541.00583,1532.625958,7795,0.0,0.0,114208.21705939915,0.0
66.32000000000001,1513.801349,1529.802266,7796,0.0,0.0,113997.80118645796,0.0
66.33,1513.801349,1527.402129,7796,0.0,0.0,113818.94778387957,0.0
66.34,1527.914714,1527.479016,7797,0.0,0.0,113824.6772491409,0.0
66.35,1527.914714,1527.544371,7797,0.0,0.0,113829.54737285699,0.0
66.36,1527.914714,1527.599922,7797,0.0,0.0,113833.68692212718,0.0
66.37,1527.914714,1527.647141,7797,0.0,0.0,113837.20558744349,0.0
66.38,1527.914714,1527.687277,7797,0.0,0.0,113840.19644178469,0.0
66.39,1527.914714,1527.721392,7797,0.0,0.0,113842.73862326387,0.0
66.4,1527.914714,1527.750391,7798,0.0,0.0,113844.89957066871,0.0
66.41,1527.914714,1527.775039,7798,0.0,0.0,113846.73629026713,0.0
66.42,1523.045297,1527.065578,7798,0.0,0.0,113793.86867735723,0.0
66.43,1523.045297,1526.462536,7798,0.0,0.0,113748.93119520614,0.0
66.44,1529.771827,1526.958929,7800,0.0,0.0,113785.92140745906,0.0
66.45,1529.771827,1527.380864,7800,0.0,0.0,113817.36315866615,0.0
66.46000000000001,1529.771827,1527.739509,7800,0.0,0.0,113844.08866582168,0.0
66.47,1529.771827,1528.044356,7800,0.0,0.0,113866.80525375638,0.0
66.48,1529.771827,1528.303477,7800,0.0,0.0,113886.11443174475,0.0
66.49,1529.771827,1528.52373,7800,0.0,0.0,113902.52724421259,0.0
66.5,1529.771827,1528.710944,7800,0.0,0.0,113916.47805656634,0.0
66.51,1529.771827,1528.870077,7800,0.0,0.0,113928.33632903683,0.0
66.52,1522.301772,1527.884831,7801,0.0,0.0,113854.91777023092,0.0
66.53,1522.301772,1527.047372,7801,0.0,0.0,113792.51200269768,0.0
66.54,1530.411385,1527.551974,7803,0.0,0.0,113830.11393319076,0.0
66.55,1530.411385,1527.980886,7803,0.0,0.0,113862.07559646529,0.0
66.56,1530.411385,1528.345461,7803,0.0,0.0,113889.24299534502,0.0
66.57000000000001,1530.411385,1528.655349,7803,0.0,0.0,113912.3352285043,0.0
66.58,1530.411385,1528.918754,7803,0.0,0.0,113931.96364159329,0.0
66.59,1530.411385,1529.142649,7803,0.0,0.0,113948.64784860742,0.0
66.6,1530.411385,1529.332959,7803,0.0,0.0,113962.82936868095,0.0
66.61,1530.411385,1529.494723,7803,0.0,0.0,113974.88369800245,0.0
66.62,1520.580826,1528.157639,7803,0.0,0.0,113875.24687604888,0.0
66.63,1520.580826,1527.021117,7804,0.0,0.0,113790.55553267755,0.0
66.64,1537.312276,1528.564791,7805,0.0,0.0,113905.5870277013,0.0
66.65,1537.312276,1529.876913,7805,0.0,0.0,114003.36373140529,0.0
66.66,1537.312276,1530.992218,7805,0.0,0.0,114086.4740264271,0.0
66.67,1537.312276,1531.940226,7805,0.0,0.0,114157.1176840481,0.0
66.68,1537.312276,1532.746034,7805,0.0,0.0,114217.16488244759,0.0
66.69,1537.312276,1533.43097,7805,0.0,0.0,114268.20494147272,0.0
66.7,1537.312276,1534.013166,7805,0.0,0.0,114311.58902145129,0.0
66.71000000000001,1537.312276,1534.508032,7806,0.0,0.0,114348.46544472229,0.0
66.72,1556.123915,1537.750415,7806,0.0,0.0,114590.08133248721,0.0
66.73,1556.123915,1540.50644,7806,0.0,0.0,114795.45479610248,0.0
66.74,1521.053873,1537.588555,7809,0.0,0.0,114578.01984943797,0.0
66.75,1521.053873,1535.108352,7809,0.0,0.0,114393.20008888464,0.0
66.76,1521.053873,1533.00018,7809,0.0,0.0,114236.10333339921,0.0
66.77,1521.053873,1531.208234,7809,0.0,0.0,114102.57110614021,0.0
66.78,1521.053873,1529.68508,7809,0.0,0.0,113989.06872042183,0.0
66.79,1521.053873,1528.390399,7809,0.0,0.0,113892.59168510941,0.0
66.8,1521.053873,1527.28992,7809,0.0,0.0,113810.58619391618,0.0
66.81,1521.053873,1526.354513,7809,0.0,0.0,113740.88153757963,0.0
66.82000000000001,1521.053873,1525.559417,7809,0.0,0.0,113681.63257596764,0.0
66.83,1521.053873,1524.883585,7809,0.0,0.0,113631.27092879027,0.0
66.84,1521.529972,1524.380543,7810,0.0,0.0,113593.78524637302,0.0
66.85,1521.529972,1523.952958,7810,0.0,0.0,113561.92246848099,0.0
66.86,1521.529972,1523.58951,7810,0.0,0.0,113534.83905138426,0.0
66.87,1521.529972,1523.280579,7810,0.0,0.0,113511.81813194841,0.0
66.88,1521.529972,1523.017988,7810,0.0,0.0,113492.25037650926,0.0
66.89,1521.529972,1522.794786,7810,0.0,0.0,113475.61781046727,0.0
66.9,1521.529972,1522.605064,7810,0.0,0.0,113461.48010697619,0.0
66.91,1521.529972,1522.4438,7811,0.0,0.0,113449.46303665337,0.0
66.92,1562.604928,1528.467969,7811,0.0,0.0,113898.372046163,0.0
66.93,1562.604928,1533.588513,7811,0.0,0.0,114279.94473032746,0.0
66.94,1523.519085,1532.078099,7812,0.0,0.0,114167.39170389519,0.0
66.95,1523.519085,1530.794247,7812,0.0,0.0,114071.72162397597,0.0
66.96000000000001,1523.519085,1529.702973,7812,0.0,0.0,113990.4020709482,0.0
66.97,1523.519085,1528.77539,7812,0.0,0.0,113921.28044342283,0.0
66.98,1523.519085,1527.986944,7812,0.0,0.0,113862.52702649316,0.0
66.99,1523.519085,1527.316765,7813,0.0,0.0,113812.58662955475,0.0
67.0,1545.269086,1530.009613,7813,0.0,0.0,114013.25226965213,0.0
67.01,1545.269086,1532.298534,7813,0.0,0.0,114183.81807863852,0.0
67.02,1545.269086,1534.244117,7813,0.0,0.0,114328.79902745466,0.0
67.03,1524.011887,1532.709282,7814,0.0,0.0,114214.4261970094,0.0
67.04,1523.760358,1531.366944,7815,0.0,0.0,114114.39785749782,0.0
67.05,1523.760358,1530.225956,7815,0.0,0.0,114029.37371675039,0.0
67.06,1523.760358,1529.256116,7815,0.0,0.0,113957.10318221147,0.0
67.07000000000001,1523.760358,1528.431752,7815,0.0,0.0,113895.67322785337,0.0
67.08,1523.760358,1527.731043,7815,0.0,0.0,113843.45779645622,0.0
67.09,1523.760358,1527.135441,7815,0.0,0.0,113799.0747282053,0.0
67.1,1534.523959,1528.243718,7816,0.0,0.0,113881.6613107418,0.0
67.11,1534.523959,1529.185754,7816,0.0,0.0,113951.85994688272,0.0
67.12,1534.523959,1529.986485,7816,0.0,0.0,114011.52881740968,0.0
67.13,1531.951386,1530.28122,7816,0.0,0.0,114033.4918793553,0.0
67.14,1524.290056,1529.382546,7817,0.0,0.0,113966.52449261499,0.0
67.15,1524.290056,1528.618672,7817,0.0,0.0,113909.60213191592,0.0
67.16,1524.290056,1527.96938,7817,0.0,0.0,113861.21819238791,0.0
67.17,1524.290056,1527.417481,7817,0.0,0.0,113820.09178417469,0.0
67.18,1524.290056,1526.948368,7818,0.0,0.0,113785.13442288918,0.0
67.19,1524.290056,1526.549621,7818,0.0,0.0,113755.42059500435,0.0
67.2,1538.526707,1528.346184,7818,0.0,0.0,113889.29687185709,0.0
67.21000000000001,1538.526707,1529.873262,7818,0.0,0.0,114003.09166619701,0.0
67.22,1538.526707,1531.171279,7819,0.0,0.0,114099.81729354855,0.0
67.23,1536.056527,1531.904066,7819,0.0,0.0,114154.42311326435,0.0
67.24,1512.942328,1529.059806,7820,0.0,0.0,113942.47455415392,0.0
67.25,1512.942328,1526.642184,7820,0.0,0.0,113762.31820439202,0.0
67.26,1512.942328,1524.587205,7820,0.0,0.0,113609.18528473904,0.0
67.27,1512.942328,1522.840474,7820,0.0,0.0,113479.02238872969,0.0
67.28,1512.942328,1521.355752,7820,0.0,0.0,113368.38387868504,0.0
67.29,1512.942328,1520.093738,7820,0.0,0.0,113274.34112279171,0.0
67.3,1545.60615,1523.9206,7821,0.0,0.0,113559.5112151231,0.0
67.31,1545.60615,1527.173433,7821,0.0,0.0,113801.90581596017,0.0
67.32000000000001,1541.612824,1529.339341,7821,0.0,0.0,113963.30494253998,0.0
67.33,1541.612824,1531.180364,7821,0.0,0.0,114100.49428955436,0.0
67.34,1516.54018,1528.984336,7823,0.0,0.0,113936.85068089476,0.0
67.35,1516.54018,1527.117713,7823,0.0,0.0,113797.75367314849,0.0
67.36,1516.54018,1525.531083,7823,0.0,0.0,113679.52118303106,0.0
67.37,1516.54018,1524.182447,7823,0.0,0.0,113579.02352917223,0.0
67.38,1516.54018,1523.036107,7823,0.0,0.0,113493.60056810305,0.0
67.39,1516.54018,1522.061718,7823,0.0,0.0,113420.99105119421,0.0
67.4,1552.109681,1526.568912,7823,0.0,0.0,113756.85812169101,0.0
67.41,1552.109681,1530.400028,7823,0.0,0.0,114042.34521358312,0.0
67.42,1535.891566,1531.223758,7824,0.0,0.0,114103.7279235309,0.0
67.43,1535.891566,1531.92393,7824,0.0,0.0,114155.90333876347,0.0
67.44,1523.018754,1530.588153,7825,0.0,0.0,114056.36391183244,0.0
67.45,1523.018754,1529.452743,7825,0.0,0.0,113971.75543247418,0.0
67.46000000000001,1523.018754,1528.487645,7825,0.0,0.0,113899.83826227862,0.0
67.47,1523.018754,1527.667311,7825,0.0,0.0,113838.70861544981,0.0
67.48,1523.018754,1526.970028,7825,0.0,0.0,113786.74848271153,0.0
67.49,1523.018754,1526.377337,7825,0.0,0.0,113742.58233635087,0.0
67.5,1541.574885,1528.656969,7826,0.0,0.0,113912.45594766,0.0
67.51,1541.574885,1530.594656,7826,0.0,0.0,114056.84850236913,0.0
67.52,1529.971313,1530.501155,7826,0.0,0.0,114049.88099509997,0.0
67.53,1529.971313,1530.421679,7826,0.0,0.0,114043.9586027435,0.0
67.54,1519.944583,1528.850114,7828,0.0,0.0,113926.84872625596,0.0
67.55,1519.944583,1527.514284,7828,0.0,0.0,113827.30534987108,0.0
67.56,1519.944583,1526.378829,7828,0.0,0.0,113742.6935172029,0.0
67.57000000000001,1519.944583,1525.413692,7828,0.0,0.0,113670.77344080548,0.0
67.58,1519.944583,1524.593326,7828,0.0,0.0,113609.64140940073,0.0
67.59,1519.944583,1523.896014,7828,0.0,0.0,113557.67911564052,0.0
67.6,1548.731063,1527.621272,7828,0.0,0.0,113835.27788137033,0.0
67.61,1548.731063,1530.78774,7829,0.0,0.0,114071.23673536727,0.0
67.62,1548.731063,1533.479239,7829,0.0,0.0,114271.80185068627,0.0
67.63,1532.105562,1533.273187,7829,0.0,0.0,114256.44726829864,0.0
67.64,1519.123293,1531.150703,7830,0.0,0.0,114098.28401123532,0.0
67.65,1519.123293,1529.346592,7830,0.0,0.0,113963.84527253867,0.0
67.66,1519.123293,1527.813097,7830,0.0,0.0,113849.57229620982,0.0
67.67,1519.123293,1526.509626,7830,0.0,0.0,113752.44024770081,0.0
67.68,1519.123293,1525.401676,7830,0.0,0.0,113669.87803254944,0.0
67.69,1519.123293,1524.459919,7831,0.0,0.0,113599.70018692978,0.0
67.7,1548.69357,1528.094967,7831,0.0,0.0,113870.57668411966,0.0
67.71000000000001,1548.69357,1531.184757,7831,0.0,0.0,114100.8216471167,0.0
67.72,1529.991126,1531.005712,7831,0.0,0.0,114087.47957228318,0.0
67.73,1529.991126,1530.853524,7832,0.0,0.0,114076.13882730422,0.0
67.74,1524.853251,1529.953483,7833,0.0,0.0,114009.06957446154,0.0
67.75,1524.853251,1529.188448,7833,0.0,0.0,113952.06069836755,0.0
67.76,1524.853251,1528.538169,7833,0.0,0.0,113903.60320957618,0.0
67.77,1524.853251,1527.985431,7833,0.0,0.0,113862.41428076319,0.0
67.78,1524.853251,1527.515604,7833,0.0,0.0,113827.40371362754,0.0
67.79,1524.853251,1527.116251,7833,0.0,0.0,113797.64472783635,0.0
67.8,1524.853251,1526.776801,7833,0.0,0.0,113772.34959363977,0.0
67.81,1524.853251,1526.488268,7834,0.0,0.0,113750.84869231365,0.0
67.82000000000001,1524.853251,1526.243016,7834,0.0,0.0,113732.57300443035,0.0
67.83,1547.877737,1529.488224,7834,0.0,0.0,113974.39940553774,0.0
67.84,1515.962666,1527.45939,7835,0.0,0.0,113823.21475892517,0.0
67.85,1515.962666,1525.734882,7835,0.0,0.0,113694.70787637068,0.0
67.86,1515.962666,1524.269049,7835,0.0,0.0,113585.47693677775,0.0
67.87,1515.962666,1523.023092,7835,0.0,0.0,113492.63071636767,0.0
67.88,1515.962666,1521.964028,7835,0.0,0.0,113413.71138803422,0.0
67.89,1515.962666,1521.063823,7836,0.0,0.0,113346.62991423997,0.0
67.9,1550.20577,1525.435115,7836,0.0,0.0,113672.36983986244,0.0
67.91,1550.20577,1529.150714,7836,0.0,0.0,113949.24883625598,0.0
67.92,1529.926028,1529.267011,7836,0.0,0.0,113957.91505579244,0.0
67.93,1529.926028,1529.365863,7837,0.0,0.0,113965.28130886538,0.0
67.94,1526.015849,1528.863361,7838,0.0,0.0,113927.83586616672,0.0
67.95,1526.015849,1528.436234,7838,0.0,0.0,113896.00721751744,0.0
67.96000000000001,1526.015849,1528.073177,7838,0.0,0.0,113868.95293695766,0.0
67.97,1526.015849,1527.764577,7838,0.0,0.0,113845.95668297895,0.0
67.98,1526.015849,1527.502268,7838,0.0,0.0,113826.40994161504,0.0
67.99,1526.015849,1527.279305,7838,0.0,0.0,113809.79518537442,0.0
68.0,1478.921333,1520.025609,7838,0.0,0.0,113269.26428615101,0.0
68.01,1478.921333,1513.859968,7839,0.0,0.0,112809.8130665219,0.0
68.02,1529.856576,1516.259459,7839,0.0,0.0,112988.61833047404,0.0
68.03,1529.856576,1518.299027,7839,0.0,0.0,113140.60285327003,0.0
68.04,1527.988611,1519.752464,7840,0.0,0.0,113248.91006776792,0.0
68.05,1527.988611,1520.987886,7840,0.0,0.0,113340.97124107604,0.0
68.06,1527.988611,1522.037995,7840,0.0,0.0,113419.22326074334,0.0
68.07000000000001,1527.988611,1522.930587,7840,0.0,0.0,113485.73742902388,0.0
68.08,1527.988611,1523.689291,7840,0.0,0.0,113542.27453167668,0.0
68.09,1527.988611,1524.334189,7841,0.0,0.0,113590.33103912439,0.0
68.1,1539.807418,1526.655173,7841,0.0,0.0,113763.28611865947,0.0
68.11,1539.807418,1528.62801,7841,0.0,0.0,113910.29798097505,0.0
68.12,1523.992609,1527.9327,7842,0.0,0.0,113858.48487224554,0.0
68.13,1523.992609,1527.341686,7842,0.0,0.0,113814.44369256642,0.0
68.14,1529.075798,1527.601803,7843,0.0,0.0,113833.82709048015,0.0
68.15,1529.075798,1527.822902,7843,0.0,0.0,113850.30294517374,0.0
68.16,1529.075798,1528.010837,7843,0.0,0.0,113864.30748500356,0.0
68.17,1529.075798,1528.170581,7843,0.0,0.0,113876.21128797045,0.0
68.18,1529.075798,1528.306363,7843,0.0,0.0,113886.32949068508,0.0
68.19,1529.075798,1528.421779,7843,0.0,0.0,113894.93005986592,0.0
68.2,1537.183008,1529.735963,7844,0.0,0.0,113992.86041968041,0.0
68.21000000000001,1537.183008,1530.85302,7844,0.0,0.0,114076.10127023353,0.0
68.22,1537.183008,1531.802518,7844,0.0,0.0,114146.8559596706,0.0
68.23,1528.110941,1531.248781,7844,0.0,0.0,114105.59258737828,0.0
68.24,1525.872639,1530.44236,7845,0.0,0.0,114045.49970944645,0.0
68.25,1525.872639,1529.756902,7845,0.0,0.0,113994.4207520267,0.0
68.26,1525.872639,1529.174263,7846,0.0,0.0,113951.0036605753,0.0
68.27,1525.872639,1528.679019,7846,0.0,0.0,113914.0990695013,0.0
68.28,1525.872639,1528.258062,7846,0.0,0.0,113882.73019689563,0.0
68.29,1525.872639,1527.900249,7846,0.0,0.0,113856.0666887139,0.0
68.3,1545.449103,1530.532577,7846,0.0,0.0,114052.22249961236,0.0
68.31,1545.449103,1532.770056,7846,0.0,0.0,114218.95495377966,0.0
68.32000000000001,1523.474858,1531.375776,7847,0.0,0.0,114115.05600045032,0.0
68.33,1523.474858,1530.190639,7847,0.0,0.0,114026.74196463836,0.0
68.34,1527.936203,1529.852473,7848,0.0,0.0,114001.54251155033,0.0
68.35000000000001,1527.936203,1529.565033,7848,0.0,0.0,113980.12305839533,0.0
68.36,1527.936203,1529.320708,7848,0.0,0.0,113961.91644869557,0.0
68.37,1527.936203,1529.113033,7848,0.0,0.0,113946.44092359825,0.0
68.38,1527.936203,1528.936508,7848,0.0,0.0,113933.28663411805,0.0
68.39,1527.936203,1528.786462,7848,0.0,0.0,113922.10550668936,0.0
68.4,1545.367484,1531.273616,7849,0.0,0.0,114107.44324184218,0.0
68.41,1545.367484,1533.387696,7849,0.0,0.0,114264.9802496559,0.0
68.42,1529.99541,1532.878853,7849,0.0,0.0,114227.06228833609,0.0
68.43,1529.99541,1532.446337,7849,0.0,0.0,114194.8320621992,0.0
68.44,1520.89319,1530.713365,7851,0.0,0.0,114065.69445931523,0.0
68.45,1520.89319,1529.240338,7851,0.0,0.0,113955.92743724944,0.0
68.46000000000001,1520.89319,1527.988266,7851,0.0,0.0,113862.62553928564,0.0
68.47,1520.89319,1526.924005,7851,0.0,0.0,113783.31894092001,0.0
68.48,1520.89319,1526.019383,7851,0.0,0.0,113715.90832113153,0.0
68.49,1520.89319,1525.250454,7851,0.0,0.0,113658.6092719559,0.0
68.5,1556.706313,1529.968833,7851,0.0,0.0,114010.21342572066,0.0
68.51,1556.706313,1533.979455,7851,0.0,0.0,114309.07694524302,0.0
68.52,1529.918914,1533.370374,7852,0.0,0.0,114263.689448906,0.0
68.53,1529.918914,1532.852655,7852,0.0,0.0,114225.11006584181,0.0
68.54,1520.884674,1531.057458,7853,0.0,0.0,114091.33558057348,0.0
68.55,1520.884674,1529.53154,7853,0.0,0.0,113977.62722711047,0.0
68.56,1520.884674,1528.23451,7853,0.0,0.0,113880.9751490223,0.0
68.57000000000001,1520.884674,1527.132035,7853,0.0,0.0,113798.82091990636,0.0
68.58,1520.884674,1526.194931,7853,0.0,0.0,113728.98980652832,0.0
68.59,1520.884674,1525.398392,7853,0.0,0.0,113669.63331544619,0.0
68.60000000000001,1546.627991,1528.582832,7854,0.0,0.0,113906.93140689131,0.0
68.61,1546.627991,1531.289606,7854,0.0,0.0,114108.63478461964,0.0
68.62,1546.627991,1533.590364,7854,0.0,0.0,114280.08266314054,0.0
68.63,1528.009066,1532.753169,7855,0.0,0.0,114217.6965683586,0.0
68.64,1525.128741,1531.609505,7856,0.0,0.0,114132.47301745028,0.0
68.65,1525.128741,1530.63739,7856,0.0,0.0,114060.03295446742,0.0
68.66,1525.128741,1529.811093,7856,0.0,0.0,113998.45895682047,0.0
68.67,1525.128741,1529.10874,7856,0.0,0.0,113946.12101783567,0.0
68.68,1525.128741,1528.51174,7856,0.0,0.0,113901.63377342449,0.0
68.69,1525.128741,1528.00429,7856,0.0,0.0,113863.819615675,0.0
68.7,1536.776287,1529.32009,7856,0.0,0.0,113961.8703965732,0.0
68.71000000000001,1536.776287,1530.438519,7857,0.0,0.0,114045.21348581869,0.0
68.72,1536.776287,1531.389184,7857,0.0,0.0,114116.05513775862,0.0
68.73,1531.988306,1531.479053,7857,0.0,0.0,114122.75199566144,0.0
68.74,1529.368442,1531.162461,7859,0.0,0.0,114099.16019384802,0.0
68.75,1529.368442,1530.893358,7859,0.0,0.0,114079.1071772102,0.0
68.76,1529.368442,1530.664621,7859,0.0,0.0,114062.06215405294,0.0
68.77,1529.368442,1530.470194,7859,0.0,0.0,114047.57384338437,0.0
68.78,1529.368442,1530.304931,7859,0.0,0.0,114035.25877559019,0.0
68.79,1529.368442,1530.164458,7859,0.0,0.0,114024.79100895004,0.0
68.8,1529.368442,1530.045056,7859,0.0,0.0,114015.89341103181,0.0
68.81,1529.368442,1529.943564,7859,0.0,0.0,114008.33043044593,0.0
68.82000000000001,1529.368442,1529.857296,7859,0.0,0.0,114001.9019118515,0.0
68.83,1527.339995,1529.4797,7860,0.0,0.0,113973.76421412843,0.0
68.84,1525.851862,1528.935525,7861,0.0,0.0,113933.21338292668,0.0
68.85000000000001,1525.851862,1528.472975,7861,0.0,0.0,113898.74508325766,0.0
68.86,1525.851862,1528.079808,7861,0.0,0.0,113869.447065798,0.0
68.87,1525.851862,1527.745616,7861,0.0,0.0,113844.54374723142,0.0
68.88,1525.851862,1527.461553,7861,0.0,0.0,113823.37594135341,0.0
68.89,1525.851862,1527.2201,7861,0.0,0.0,113805.38334734201,0.0
68.9,1535.488732,1528.460395,7861,0.0,0.0,113897.80764685116,0.0
68.91,1535.488732,1529.514645,7862,0.0,0.0,113976.36824554541,0.0
68.92,1535.488732,1530.410758,7862,0.0,0.0,114043.14479169455,0.0
68.93,1535.878256,1531.230883,7862,0.0,0.0,114104.25886426191,0.0
68.94,1517.238031,1529.131955,7863,0.0,0.0,113947.8509531439,0.0
68.95,1517.238031,1527.347867,7863,0.0,0.0,113814.90428830795,0.0
68.96000000000001,1517.238031,1525.831391,7863,0.0,0.0,113701.89953377581,0.0
68.97,1517.238031,1524.542387,7863,0.0,0.0,113605.84553713432,0.0
68.98,1517.238031,1523.446734,7863,0.0,0.0,113524.19966979623,0.0
68.99,1517.238031,1522.515429,7864,0.0,0.0,113454.80068628475,0.0
69.0,1486.698677,1517.142916,7864,0.0,0.0,113054.45177684886,0.0
69.01,1486.698677,1512.57628,7864,0.0,0.0,112714.15520755424,0.0
69.02,1529.887706,1515.172994,7864,0.0,0.0,112907.65713449549,0.0
69.03,1529.887706,1517.380201,7865,0.0,0.0,113072.13377984735,0.0
69.04,1549.376355,1522.179624,7866,0.0,0.0,113429.77717018843,0.0
69.05,1549.376355,1526.259133,7866,0.0,0.0,113733.77401099347,0.0
69.06,1549.376355,1529.726717,7866,0.0,0.0,113992.17142627701,0.0
69.07000000000001,1549.376355,1532.674162,7866,0.0,0.0,114211.80912494285,0.0
69.08,1549.376355,1535.179491,7866,0.0,0.0,114398.5012246973,0.0
69.09,1549.376355,1537.309021,7866,0.0,0.0,114557.18953556991,0.0
69.10000000000001,1478.90328,1528.54816,7866,0.0,0.0,113904.34771888758,0.0
69.11,1478.90328,1521.101428,7867,0.0,0.0,113349.43216352987,0.0
69.12,1535.992474,1523.335085,7867,0.0,0.0,113515.87980991136,0.0
69.13,1535.992474,1525.233693,7867,0.0,0.0,113657.36027580251,0.0
69.14,1522.542641,1524.830035,7868,0.0,0.0,113627.28049003278,0.0
69.15,1522.542641,1524.486926,7868,0.0,0.0,113601.71269448391,0.0
69.16,1522.542641,1524.195283,7868,0.0,0.0,113579.98004218607,0.0
69.17,1522.542641,1523.947387,7868,0.0,0.0,113561.50732871781,0.0
69.18,1522.542641,1523.736675,7869,0.0,0.0,113545.8054924626,0.0
69.19,1522.542641,1523.55757,7869,0.0,0.0,113532.45894654925,0.0
69.2,1557.736649,1528.684432,7869,0.0,0.0,113914.50243542089,0.0
69.21000000000001,1557.736649,1533.042264,7869,0.0,0.0,114239.23934879921,0.0
69.22,1557.736649,1536.746422,7870,0.0,0.0,114515.26578478517,0.0
69.23,1524.126604,1534.853449,7870,0.0,0.0,114374.20522780904,0.0
69.24,1523.333558,1533.125466,7871,0.0,0.0,114245.43939521376,0.0
69.25,1523.333558,1531.656679,7871,0.0,0.0,114135.98832945671,0.0
69.26,1523.333558,1530.408211,7871,0.0,0.0,114042.95499435533,0.0
69.27,1523.333558,1529.347013,7871,0.0,0.0,113963.87664461555,0.0
69.28,1523.333558,1528.444995,7871,0.0,0.0,113896.66006969214,0.0
69.29,1523.333558,1527.67828,7871,0.0,0.0,113839.52600336261,0.0
69.3,1550.558533,1531.110317,7872,0.0,0.0,114095.27452739478,0.0
69.31,1550.558533,1534.02755,7872,0.0,0.0,114312.66088832502,0.0
69.32000000000001,1529.379378,1533.330324,7872,0.0,0.0,114260.7050031126,0.0
69.33,1529.379378,1532.737682,7872,0.0,0.0,114216.5425081338,0.0
69.34,1519.884841,1530.809756,7874,0.0,0.0,114072.8773235967,0.0
69.35000000000001,1519.884841,1529.171019,7874,0.0,0.0,113950.76192419192,0.0
69.36,1519.884841,1527.778092,7874,0.0,0.0,113846.96379371299,0.0
69.37,1519.884841,1526.594104,7874,0.0,0.0,113758.73537908,0.0
69.38,1519.884841,1525.587715,7874,0.0,0.0,113683.74128625632,0.0
69.39,1519.884841,1524.732284,7874,0.0,0.0,113619.99628127493,0.0
69.4,1564.89752,1530.757069,7874,0.0,0.0,114068.95119387089,0.0
69.41,1564.89752,1535.878137,7874,0.0,0.0,114450.56292546597,0.0
69.42,1523.99398,1534.095513,7875,0.0,0.0,114317.72535497815,0.0
69.43,1523.99398,1532.580283,7875,0.0,0.0,114204.81344987071,0.0
69.44,1524.251697,1531.330995,7876,0.0,0.0,114111.7190100115,0.0
69.45,1524.251697,1530.269101,7876,0.0,0.0,114032.58879574554,0.0
69.46000000000001,1524.251697,1529.36649,7876,0.0,0.0,113965.32803164973,0.0
69.47,1524.251697,1528.599271,7876,0.0,0.0,113908.15640824955,0.0
69.48,1524.251697,1527.947135,7876,0.0,0.0,113859.56053953711,0.0
69.49,1524.251697,1527.392819,7876,0.0,0.0,113818.25402132433,0.0
69.5,1538.57139,1529.069605,7877,0.0,0.0,113943.20475600983,0.0
69.51,1538.57139,1530.494873,7877,0.0,0.0,114049.41287304071,0.0
69.52,1535.98825,1531.318879,7877,0.0,0.0,114110.81614995573,0.0
69.53,1535.98825,1532.019285,7877,0.0,0.0,114163.0090023997,0.0
69.54,1520.804061,1530.337001,7879,0.0,0.0,114037.64856776486,0.0
69.55,1520.804061,1528.90706,7879,0.0,0.0,113931.09222813242,0.0
69.56,1520.804061,1527.69161,7879,0.0,0.0,113840.51932826715,0.0
69.57000000000001,1520.804061,1526.658478,7879,0.0,0.0,113763.53240064066,0.0
69.58,1520.804061,1525.780315,7879,0.0,0.0,113698.09345254376,0.0
69.59,1520.804061,1525.033877,7879,0.0,0.0,113642.47038764629,0.0
69.60000000000001,1546.565261,1528.263585,7879,0.0,0.0,113883.14175979492,0.0
69.61,1546.565261,1531.008836,7879,0.0,0.0,114087.71236650686,0.0
69.62,1546.565261,1533.3423,7880,0.0,0.0,114261.5974306487,0.0
69.63,1532.162307,1533.165301,7880,0.0,0.0,114248.40781963777,0.0
69.64,1519.245234,1531.077291,7881,0.0,0.0,114092.81349601469,0.0
69.65,1519.245234,1529.302482,7881,0.0,0.0,113960.55828367606,0.0
69.66,1519.245234,1527.793895,7881,0.0,0.0,113848.14140162492,0.0
69.67,1519.245234,1526.511596,7881,0.0,0.0,113752.58704815556,0.0
69.68,1519.245234,1525.421641,7881,0.0,0.0,113671.3657843663,0.0
69.69,1519.245234,1524.49518,7882,0.0,0.0,113602.32776603394,0.0
69.7,1543.304377,1527.31656,7882,0.0,0.0,113812.57135336529,0.0
69.71000000000001,1543.304377,1529.714732,7882,0.0,0.0,113991.27832807892,0.0
69.72,1523.995428,1528.856837,7882,0.0,0.0,113927.34971075207,0.0
69.73,1523.995428,1528.127625,7883,0.0,0.0,113873.01029287676,0.0
69.74,1527.681344,1528.060683,7884,0.0,0.0,113868.02190909893,0.0
69.75,1527.681344,1528.003782,7884,0.0,0.0,113863.78176053234,0.0
69.76,1527.681344,1527.955417,7884,0.0,0.0,113860.17769759106,0.0
69.77,1527.681344,1527.914306,7884,0.0,0.0,113857.11418820247,0.0
69.78,1527.681344,1527.879362,7884,0.0,0.0,113854.51023130346,0.0
69.79,1527.681344,1527.849659,7884,0.0,0.0,113852.29682322853,0.0
69.8,1527.681344,1527.824412,7884,0.0,0.0,113850.41546734971,0.0
69.81,1527.681344,1527.802952,7885,0.0,0.0,113848.81631112684,0.0
69.82000000000001,1527.681344,1527.784711,7885,0.0,0.0,113847.45702833736,0.0
69.83,1548.392929,1530.875943,7885,0.0,0.0,114077.80944628654,0.0
69.84,1523.188267,1529.722792,7886,0.0,0.0,113991.87894313748,0.0
69.85000000000001,1523.188267,1528.742613,7886,0.0,0.0,113918.83796702404,0.0
69.86,1523.188267,1527.909461,7886,0.0,0.0,113856.75314850538,0.0
69.87,1523.188267,1527.201282,7886,0.0,0.0,113803.98106766806,0.0
69.88,1523.188267,1526.59933,7886,0.0,0.0,113759.12481013408,0.0
69.89,1523.188267,1526.08767,7887,0.0,0.0,113720.99693161577,0.0
69.9,1480.169877,1519.200001,7887,0.0,0.0,113207.74163140423,0.0
69.91,1480.169877,1513.345483,7887,0.0,0.0,112771.47467466112,0.0
69.92,1480.169877,1508.369142,7887,0.0,0.0,112400.6477092669,0.0
69.93,1528.077932,1511.32546,7888,0.0,0.0,112620.9466061231,0.0
69.94,1531.055262,1514.284931,7889,0.0,0.0,112841.48045822493,0.0
69.95,1531.055262,1516.80048,7889,0.0,0.0,113028.9341319122,0.0
69.96000000000001,1531.055262,1518.938698,7889,0.0,0.0,113188.26985514566,0.0
69.97,1531.055262,1520.756182,7889,0.0,0.0,113323.7051230207,0.0
69.98,1531.055262,1522.301044,7889,0.0,0.0,113438.8251454253,0.0
69.99,1531.055262,1523.614177,7889,0.0,0.0,113536.67718682459,0.0
70.0,1530.390162,1524.630575,7889,0.0,0.0,113612.4171302836,0.0
70.01,1530.390162,1525.494513,7890,0.0,0.0,113676.79605986837,0.0
70.02,1535.971124,1527.066004,7890,0.0,0.0,113793.9004220241,0.0
70.03,1535.971124,1528.401772,7890,0.0,0.0,113893.43917829315,0.0
70.04,1528.180122,1528.368525,7891,0.0,0.0,113890.96167843565,0.0
70.05,1528.180122,1528.340264,7891,0.0,0.0,113888.85572531284,0.0
70.06,1528.180122,1528.316243,7891,0.0,0.0,113887.06572849877,0.0
70.07000000000001,1528.180122,1528.295825,7891,0.0,0.0,113885.54422002911,0.0
70.08,1528.180122,1528.27847,7891,0.0,0.0,113884.25096018531,0.0
70.09,1528.180122,1528.263718,7892,0.0,0.0,113883.15167068854,0.0
70.10000000000001,1539.326845,1529.923187,7892,0.0,0.0,114006.81197721417,0.0
70.11,1539.326845,1531.333736,7892,0.0,0.0,114111.9232638422,0.0
70.12,1523.991237,1530.232361,7892,0.0,0.0,114029.85100452333,0.0
70.13,1523.991237,1529.296192,7893,0.0,0.0,113960.08956547281,0.0
70.14,1528.923409,1529.240275,7894,0.0,0.0,113955.92274261563,0.0
70.15,1528.923409,1529.192745,7894,0.0,0.0,113952.3809022021,0.0
70.16,1528.923409,1529.152344,7894,0.0,0.0,113949.37030059163,0.0
70.17,1528.923409,1529.118004,7894,0.0,0.0,113946.811352563,0.0
70.18,1528.923409,1529.088815,7894,0.0,0.0,113944.63624673871,0.0
70.19,1528.923409,1529.064004,7894,0.0,0.0,113942.78738070674,0.0
70.2,1532.55229,1529.587247,7895,0.0,0.0,113981.77840118819,0.0
70.21000000000001,1532.55229,1530.032003,7895,0.0,0.0,114014.92072761255,0.0
70.22,1553.422826,1533.540627,7895,0.0,0.0,114276.37636150692,0.0
70.23,1553.422826,1536.522956,7895,0.0,0.0,114498.6135459919,0.0
70.24,1680.313528,1558.091542,7897,0.0,0.0,116105.86138013845,0.0
70.25,1680.313528,1576.42484,7897,0.0,0.0,117472.02203171125,0.0
70.26,1680.313528,1592.008143,7897,0.0,0.0,118633.25856319272,0.0
70.27,1680.313528,1605.253951,7897,0.0,0.0,119620.30964848508,0.0
70.28,1680.313528,1616.512887,7897,0.0,0.0,120459.30301136918,0.0
70.29,1680.313528,1626.082983,7897,0.0,0.0,121172.44739962785,0.0
70.3,1786.016578,1650.073023,7897,0.0,0.0,122960.13713650209,0.0
70.31,1786.016578,1670.464556,7898,0.0,0.0,124479.67333832721,0.0
70.32000000000001,1787.509597,1688.021312,7898,0.0,0.0,125787.96763521068,0.0
70.33,1787.509597,1702.944555,7898,0.0,0.0,126900.01781736879,0.0
70.34,1775.713306,1713.859867,7900,0.0,0.0,127713.40500793538,0.0
70.35000000000001,1775.713306,1723.137883,7900,0.0,0.0,128404.78417953139,0.0
70.36,1775.713306,1731.024197,7900,0.0,0.0,128992.45650519518,0.0
70.37,1775.713306,1737.727563,7900,0.0,0.0,129491.97791494323,0.0
70.38,1775.713306,1743.425425,7900,0.0,0.0,129916.57118029526,0.0
70.39,1775.713306,1748.268607,7900,0.0,0.0,130277.47540368188,0.0
70.4,1797.305854,1755.624194,7900,0.0,0.0,130825.59901617213,0.0
70.41,1797.305854,1761.876443,7901,0.0,0.0,131291.50409051476,0.0
70.42,1797.305854,1767.190854,7901,0.0,0.0,131687.52335526928,0.0
70.43,1791.970791,1770.907845,7901,0.0,0.0,131964.5060807151,0.0
70.44,1778.420158,1772.034692,7903,0.0,0.0,132048.47646246213,0.0
70.45,1778.420158,1772.992512,7903,0.0,0.0,132119.85129067305,0.0
70.46000000000001,1778.420158,1773.806659,7903,0.0,0.0,132180.51989465236,0.0
70.47,1778.420158,1774.498684,7903,0.0,0.0,132232.08821176065,0.0
70.48,1778.420158,1775.086905,7903,0.0,0.0,132275.92126267316,0.0
70.49,1778.420158,1775.586893,7903,0.0,0.0,132313.17936712652,0.0
70.5,1801.520196,1779.476888,7903,0.0,0.0,132603.05400418388,0.0
70.51,1801.520196,1782.783385,7904,0.0,0.0,132849.4475388302,0.0
70.52,1801.520196,1785.593906,7904,0.0,0.0,133058.88193522842,0.0
70.53,1788.042615,1785.961213,7904,0.0,0.0,133086.2529172769,0.0
70.54,1771.044815,1783.723753,7906,0.0,0.0,132919.52187895155,0.0
70.55,1771.044815,1781.821912,7906,0.0,0.0,132777.800496375,0.0
70.56,1771.044815,1780.205348,7906,0.0,0.0,132657.33738452522,0.0
70.57000000000001,1771.044815,1778.831268,7906,0.0,0.0,132554.9436947421,0.0
70.58,1771.044815,1777.6633,7906,0.0,0.0,132467.9090584265,0.0
70.59,1771.044815,1776.670527,7906,0.0,0.0,132393.92960265462,0.0
70.60000000000001,1816.128336,1782.589199,7906,0.0,0.0,132834.97718699896,0.0
70.61,1816.128336,1787.620069,7907,0.0,0.0,133209.8675442701,0.0
70.62,1787.981405,1787.67427,7907,0.0,0.0,133213.90649424389,0.0
70.63,1787.981405,1787.72034,7907,0.0,0.0,133217.33953838126,0.0
70.64,1773.54955,1785.594721,7908,0.0,0.0,133058.94266739624,0.0
70.65,1773.54955,1783.787946,7908,0.0,0.0,132924.3054127547,0.0
70.66,1773.54955,1782.252186,7908,0.0,0.0,132809.86365316188,0.0
70.67,1773.54955,1780.946791,7909,0.0,0.0,132712.58823202603,0.0
70.68,1773.54955,1779.837205,7909,0.0,0.0,132629.904105431,0.0
70.69,1773.54955,1778.894057,7909,0.0,0.0,132559.62260527705,0.0
70.7,1822.637669,1785.455598,7909,0.0,0.0,133048.5755000525,0.0
70.71000000000001,1822.637669,1791.032909,7910,0.0,0.0,133464.18554630736,0.0
70.72,1781.955006,1789.671223,7910,0.0,0.0,133362.71543258327,0.0
70.73,1781.955006,1788.513791,7910,0.0,0.0,133276.4659178876,0.0
70.74,1776.825473,1786.760543,7912,0.0,0.0,133145.8173880896,0.0
70.75,1776.825473,1785.270283,7912,0.0,0.0,133034.7661973757,0.0
70.76,1776.825473,1784.003561,7912,0.0,0.0,132940.37261075087,0.0
70.77,1776.825473,1782.926848,7912,0.0,0.0,132860.1381142824,0.0
70.78,1776.825473,1782.011642,7912,0.0,0.0,132791.93879601004,0.0
70.79,1776.825473,1781.233717,7912,0.0,0.0,132733.9693829304,0.0
70.8,1776.825473,1780.57248,7912,0.0,0.0,132684.69532592417,0.0
70.81,1776.825473,1780.010429,7912,0.0,0.0,132642.81241100194,0.0
70.82000000000001,1776.825473,1779.532686,7913,0.0,0.0,132607.2119593994,0.0
70.83,1832.187877,1787.430964,7913,0.0,0.0,133195.77581838338,0.0
70.84,1773.563955,1785.350913,7914,0.0,0.0,133040.7745835011,0.0
70.85000000000001,1773.563955,1783.582869,7914,0.0,0.0,132909.02348541448,0.0
70.86,1773.563955,1782.080032,7914,0.0,0.0,132797.03508184807,0.0
70.87,1773.563955,1780.80262,7914,0.0,0.0,132701.84489783167,0.0
70.88,1773.563955,1779.716821,7915,0.0,0.0,132620.93333083935,0.0
70.89,1773.563955,1778.793891,7915,0.0,0.0,132552.1584355556,0.0
70.9,1816.328821,1784.42413,7915,0.0,0.0,132971.7125703736,0.0
70.91,1816.328821,1789.209834,7915,0.0,0.0,133328.3336483092,0.0
70.92,1816.328821,1793.277682,7916,0.0,0.0,133631.46153474727,0.0
70.93,1796.008441,1793.687296,7916,0.0,0.0,133661.98514970916,0.0
70.94,1777.819518,1791.307129,7917,0.0,0.0,133484.61987153758,0.0
70.95,1777.819518,1789.283988,7917,0.0,0.0,133333.85945588385,0.0
70.96000000000001,1777.819518,1787.564317,7917,0.0,0.0,133205.7130168825,0.0
70.97,1777.819518,1786.102597,7917,0.0,0.0,133096.78856981263,0.0
70.98,1777.819518,1784.860136,7918,0.0,0.0,133004.20286432124,0.0
70.99,1777.819518,1783.804043,7918,0.0,0.0,132925.50492895785,0.0
71.0,1726.969554,1775.27887,7918,0.0,0.0,132290.2261100323,0.0
71.01,1726.969554,1768.032472,7918,0.0,0.0,131750.23904315344,0.0
71.02,1726.969554,1761.873035,7919,0.0,0.0,131291.2501331798,0.0
71.03,1796.155906,1767.015465,7919,0.0,0.0,131674.45371823403,0.0
71.04,1819.755552,1774.926478,7920,0.0,0.0,132263.96656391415,0.0
71.05,1819.755552,1781.650839,7920,0.0,0.0,132765.05247901627,0.0
71.06,1819.755552,1787.366546,7920,0.0,0.0,133190.97551803078,0.0
71.07000000000001,1819.755552,1792.224897,7920,0.0,0.0,133553.01010491909,0.0
71.08,1819.755552,1796.354495,7921,0.0,0.0,133860.7394776928,0.0
71.09,1819.755552,1799.864654,7921,0.0,0.0,134122.30949671305,0.0
71.10000000000001,1726.41426,1788.847095,7921,0.0,0.0,133301.30306447257,0.0
71.11,1726.41426,1779.48217,7921,0.0,0.0,132603.44760824586,0.0
71.12,1726.41426,1771.521983,7922,0.0,0.0,132010.27041456464,0.0
71.13,1796.08268,1775.206088,7922,0.0,0.0,132284.80254114998,0.0
71.14,1777.552167,1775.558,7923,0.0,0.0,132311.02631862942,0.0
71.15,1777.552167,1775.857125,7923,0.0,0.0,132333.31651458336,0.0
71.16,1777.552167,1776.111381,7923,0.0,0.0,132352.26316251466,0.0
71.17,1777.552167,1776.327499,7923,0.0,0.0,132368.36784306352,0.0
71.18,1777.552167,1776.511199,7923,0.0,0.0,132382.05679917464,0.0
71.19,1777.552167,1776.667344,7924,0.0,0.0,132393.6924118691,0.0
71.2,1808.130569,1781.386828,7924,0.0,0.0,132745.37890802088,0.0
71.21000000000001,1808.130569,1785.398389,7924,0.0,0.0,133044.31239994278,0.0
71.22,1755.068071,1780.848841,7925,0.0,0.0,132705.28919418665,0.0
71.23,1755.068071,1776.981726,7925,0.0,0.0,132417.11952890837,0.0
71.24,1793.115939,1779.401858,7926,0.0,0.0,132597.4629188436,0.0
71.25,1793.115939,1781.45897,7926,0.0,0.0,132750.75478538492,0.0
71.26,1793.115939,1783.207515,7926,0.0,0.0,132881.05285704145,0.0
71.27,1793.115939,1784.693779,7926,0.0,0.0,132991.80627383798,0.0
71.28,1793.115939,1785.957103,7926,0.0,0.0,133085.94664830784,0.0
71.29,1793.115939,1787.030928,7927,0.0,0.0,133165.9659368,0.0
71.3,1844.306858,1795.622318,7927,0.0,0.0,133806.17911395538,0.0
71.31,1844.306858,1802.924999,7927,0.0,0.0,134350.36027727844,0.0
71.32000000000001,1787.441782,1800.602516,7928,0.0,0.0,134177.29349526536,0.0
71.33,1787.441782,1798.628406,7928,0.0,0.0,134030.18677153913,0.0
71.34,1784.867898,1796.56433,7929,0.0,0.0,133876.37596166437,0.0
71.35000000000001,1784.867898,1794.809865,7929,0.0,0.0,133745.6367434636,0.0
71.36,1784.867898,1793.31857,7929,0.0,0.0,133634.50842662243,0.0
71.37,1784.867898,1792.050969,7929,0.0,0.0,133540.04933867796,0.0
71.38,1784.867898,1790.973509,7929,0.0,0.0,133459.75917726546,0.0
71.39,1784.867898,1790.057667,7930,0.0,0.0,133391.51246554684,0.0
71.4,1816.269155,1793.98939,7930,0.0,0.0,133684.49658959717,0.0
71.41,1816.269155,1797.331355,7930,0.0,0.0,133933.53312857304,0.0
71.42,1781.996258,1795.03109,7931,0.0,0.0,133762.12198742482,0.0
71.43,1781.996258,1793.075866,7931,0.0,0.0,133616.42261059635,0.0
71.44,1783.559259,1791.648375,7932,0.0,0.0,133510.0488400574,0.0
71.45,1783.559259,1790.435007,7932,0.0,0.0,133419.6310866626,0.0
71.46000000000001,1783.559259,1789.403645,7932,0.0,0.0,133342.7760558914,0.0
71.47,1783.559259,1788.526987,7932,0.0,0.0,133277.4492573805,0.0
71.48,1783.559259,1787.781828,7932,0.0,0.0,133221.9215010016,0.0
71.49,1783.559259,1787.148443,7933,0.0,0.0,133174.72291925727,0.0
71.5,1737.41805,1779.688884,7933,0.0,0.0,132618.8515215477,0.0
71.51,1737.41805,1773.348259,7933,0.0,0.0,132146.3608446723,0.0
71.52,1737.41805,1767.958727,7934,0.0,0.0,131744.74371343973,0.0
71.53,1788.283264,1771.007408,7934,0.0,0.0,131971.92531608412,0.0
71.54,1817.800148,1778.026319,7935,0.0,0.0,132494.9605073024,0.0
71.55,1817.800148,1783.992393,7935,0.0,0.0,132939.54039375662,0.0
71.56,1817.800148,1789.063556,7935,0.0,0.0,133317.4333046945,0.0
71.57000000000001,1817.800148,1793.374045,7935,0.0,0.0,133638.6423125248,0.0
71.58,1817.800148,1797.03796,7935,0.0,0.0,133911.66992074385,0.0
71.59,1817.800148,1800.152289,7936,0.0,0.0,134143.74348087757,0.0
71.60000000000001,1734.589908,1790.317931,7936,0.0,0.0,133410.90681760618,0.0
71.61,1734.589908,1781.958728,7936,0.0,0.0,132787.99575069887,0.0
71.62,1787.987931,1782.863108,7937,0.0,0.0,132855.388337132,0.0
71.63,1787.987931,1783.631832,7937,0.0,0.0,132912.67211011818,0.0
71.64,1785.525334,1783.915857,7938,0.0,0.0,132933.83708431228,0.0
71.65,1785.525334,1784.157279,7938,0.0,0.0,132951.82736826577,0.0
71.66,1785.525334,1784.362487,7938,0.0,0.0,132967.11905746366,0.0
71.67,1785.525334,1784.536914,7938,0.0,0.0,132980.11700818545,0.0
71.68,1785.525334,1784.685177,7938,0.0,0.0,132991.16527002488,0.0
71.69,1785.525334,1784.811201,7939,0.0,0.0,133000.55632612147,0.0
71.7,1803.866983,1787.669568,7939,0.0,0.0,133213.55611062038,0.0
71.71000000000001,1803.866983,1790.09918,7939,0.0,0.0,133394.60593117034,0.0
71.72,1793.984661,1790.682003,7940,0.0,0.0,133438.03673393323,0.0
71.73,1793.984661,1791.177401,7940,0.0,0.0,133474.95280077882,0.0
71.74,1796.637709,1791.996447,7942,0.0,0.0,133535.98646842706,0.0
71.75,1796.637709,1792.692637,7942,0.0,0.0,133587.86515299426,0.0
71.76,1796.637709,1793.284397,7942,0.0,0.0,133631.96192309938,0.0
71.77,1796.637709,1793.787394,7942,0.0,0.0,133669.44425220674,0.0
71.78,1796.637709,1794.214941,7942,0.0,0.0,133701.30419841487,0.0
71.79,1796.637709,1794.578356,7942,0.0,0.0,133728.3851564177,0.0
71.8,1796.637709,1794.887259,7942,0.0,0.0,133751.4039893496,0.0
71.81,1796.637709,1795.149827,7942,0.0,0.0,133770.97003087483,0.0
71.82000000000001,1796.637709,1795.373009,7943,0.0,0.0,133787.6011065569,0.0
71.83,1778.74236,1792.878412,7943,0.0,0.0,133601.70873394984,0.0
71.84,1779.461546,1790.865882,7944,0.0,0.0,133451.7390287659,0.0
71.85000000000001,1779.461546,1789.155231,7944,0.0,0.0,133324.26474210052,0.0
71.86,1779.461546,1787.701178,7944,0.0,0.0,133215.91162451624,0.0
71.87,1779.461546,1786.465234,7944,0.0,0.0,133123.81155281354,0.0
71.88,1779.461546,1785.41468,7944,0.0,0.0,133045.52637263743,0.0
71.89,1779.461546,1784.52171,7945,0.0,0.0,132978.98403655388,0.0
71.9,1813.845308,1788.92025,7945,0.0,0.0,133306.75442856786,0.0
71.91,1813.845308,1792.659009,7945,0.0,0.0,133585.35926177975,0.0
71.92,1781.951709,1791.052914,7946,0.0,0.0,133465.67627884413,0.0
71.93,1781.951709,1789.687733,7946,0.0,0.0,133363.94572471935,0.0
71.94,1785.862796,1789.113992,7948,0.0,0.0,133321.19169440828,0.0
71.95,1785.862796,1788.626313,7948,0.0,0.0,133284.85083198413,0.0
71.96000000000001,1785.862796,1788.211786,7948,0.0,0.0,133253.96111010134,0.0
71.97,1785.862796,1787.859437,7948,0.0,0.0,133227.70476825707,0.0
71.98,1785.862796,1787.559941,7948,0.0,0.0,133205.38692612614,0.0
71.99,1785.862796,1787.305369,7948,0.0,0.0,133186.41673050763,0.0
72.0,1785.862796,1787.088983,7948,0.0,0.0,133170.2920791355,0.0
72.01,1785.862796,1786.905055,7948,0.0,0.0,133156.58613292102,0.0
72.02,1753.447505,1781.886423,7949,0.0,0.0,132782.6077269013,0.0
72.03,1753.447505,1777.620585,7949,0.0,0.0,132464.7260221702,0.0
72.04,1802.309992,1781.323996,7951,0.0,0.0,132740.69679321212,0.0
72.05,1802.309992,1784.471896,7951,0.0,0.0,132975.2719970345,0.0
72.06,1802.309992,1787.14761,7951,0.0,0.0,133174.6608457655,0.0
72.07000000000001,1802.309992,1789.421967,7951,0.0,0.0,133344.14137463862,0.0
72.08,1802.309992,1791.355171,7951,0.0,0.0,133488.19986516572,0.0
72.09,1802.309992,1792.998394,7951,0.0,0.0,133610.64955230654,0.0
72.10000000000001,1802.309992,1794.395134,7951,0.0,0.0,133714.73181990936,0.0
72.11,1802.309992,1795.582363,7951,0.0,0.0,133803.20174737173,0.0
72.12,1746.289545,1788.18844,7952,0.0,0.0,133252.22141293547,0.0
72.13,1746.289545,1781.903606,7952,0.0,0.0,132783.88816964958,0.0
72.14,1787.18337,1782.695571,7954,0.0,0.0,132842.90381541188,0.0
72.15,1787.18337,1783.368741,7954,0.0,0.0,132893.06709568037,0.0
72.16,1787.18337,1783.940935,7954,0.0,0.0,132935.70584664957,0.0
72.17,1787.18337,1784.4273,7954,0.0,0.0,132971.94879242516,0.0
72.18,1787.18337,1784.840711,7954,0.0,0.0,133002.75535222294,0.0
72.19,1787.18337,1785.19211,7954,0.0,0.0,133028.94090196973,0.0
72.2,1787.18337,1785.490799,7954,0.0,0.0,133051.19860807684,0.0
72.21000000000001,1814.443055,1789.833637,7954,0.0,0.0,133374.81819860302,0.0
72.22,1814.443055,1793.52505,7954,0.0,0.0,133649.89490271293,0.0
72.23,1814.443055,1796.662751,7955,0.0,0.0,133883.71009748042,0.0
72.24,1786.320395,1795.111397,7957,0.0,0.0,133768.10630423712,0.0
72.25,1786.320395,1793.792747,7957,0.0,0.0,133669.8431470465,0.0
72.26,1786.320395,1792.671894,7957,0.0,0.0,133586.31942617547,0.0
72.27,1786.320395,1791.719169,7957,0.0,0.0,133515.324267161,0.0
72.28,1786.320395,1790.909353,7957,0.0,0.0,133454.9784006282,0.0
72.29,1786.320395,1790.221009,7957,0.0,0.0,133403.6843842681,0.0
72.3,1786.320395,1789.635917,7957,0.0,0.0,133360.08450016924,0.0
72.31,1822.916767,1794.628045,7957,0.0,0.0,133732.08788118747,0.0
72.32000000000001,1822.916767,1798.871353,7957,0.0,0.0,134048.29069543857,0.0
72.33,1822.916767,1802.478165,7958,0.0,0.0,134317.06310245558,0.0
72.34,1774.636958,1798.301984,7959,0.0,0.0,134005.86245781186,0.0
72.35000000000001,1774.636958,1794.75223,7959,0.0,0.0,133741.34189868698,0.0
72.36,1774.636958,1791.734939,7960,0.0,0.0,133516.49941597902,0.0
72.37,1774.636958,1789.170242,7960,0.0,0.0,133325.38333175852,0.0
72.38,1774.636958,1786.990249,7960,0.0,0.0,133162.93461918627,0.0
72.39,1774.636958,1785.137256,7960,0.0,0.0,133024.85329174373,0.0
72.4,1774.636958,1783.562211,7960,0.0,0.0,132907.48409262544,0.0
72.41,1781.116493,1783.195353,7960,0.0,0.0,132880.1465691578,0.0
72.42,1781.116493,1782.883524,7960,0.0,0.0,132856.90969656568,0.0
72.43,1841.762505,1791.715371,7961,0.0,0.0,133515.0412478071,0.0
72.44,1774.956717,1789.201573,7962,0.0,0.0,133327.71805513318,0.0
72.45,1774.956717,1787.064845,7962,0.0,0.0,133168.49336371574,0.0
72.46000000000001,1774.956717,1785.248625,7963,0.0,0.0,133033.15228658935,0.0
72.47,1774.956717,1783.704839,7963,0.0,0.0,132918.11244554986,0.0
72.48,1774.956717,1782.392621,7963,0.0,0.0,132820.32858811814,0.0
72.49,1774.956717,1781.277235,7963,0.0,0.0,132737.21225713857,0.0
72.5,1774.956717,1780.329157,7963,0.0,0.0,132666.56338325772,0.0
72.51,1806.643305,1784.27628,7963,0.0,0.0,132960.69508446706,0.0
72.52,1806.643305,1787.631333,7963,0.0,0.0,133210.70691499213,0.0
72.53,1806.643305,1790.483129,7964,0.0,0.0,133423.2170417305,0.0
72.54,1774.58804,1788.098866,7966,0.0,0.0,133245.54653784187,0.0
72.55,1774.58804,1786.072242,7966,0.0,0.0,133094.5265760034,0.0
72.56,1774.58804,1784.349612,7966,0.0,0.0,132966.15963824792,0.0
72.57000000000001,1774.58804,1782.885376,7966,0.0,0.0,132857.04770389677,0.0
72.58,1774.58804,1781.640776,7966,0.0,0.0,132764.30260440908,0.0
72.59,1774.58804,1780.582865,7966,0.0,0.0,132685.46919532656,0.0
72.60000000000001,1774.58804,1779.683642,7966,0.0,0.0,132618.46089820567,0.0
72.61,1774.58804,1778.919301,7966,0.0,0.0,132561.50373760183,0.0
72.62,1791.640804,1780.827527,7966,0.0,0.0,132703.70091759137,0.0
72.63,1791.640804,1782.449518,7967,0.0,0.0,132824.5684386127,0.0
72.64,1806.035397,1785.9874,7969,0.0,0.0,133088.2043200732,0.0
72.65,1806.035397,1788.9946,7969,0.0,0.0,133312.29484167,0.0
72.66,1806.035397,1791.550719,7969,0.0,0.0,133502.7717105093,0.0
72.67,1806.035397,1793.723421,7969,0.0,0.0,133664.677112363,0.0
72.68,1806.035397,1795.570217,7969,0.0,0.0,133802.29665177604,0.0
72.69,1806.035397,1797.139994,7969,0.0,0.0,133919.2732900843,0.0
72.7,1806.035397,1798.474305,7969,0.0,0.0,134018.70347363123,0.0
72.71000000000001,1806.035397,1799.608468,7969,0.0,0.0,134103.21902904686,0.0
72.72,1782.60736,1797.058302,7969,0.0,0.0,133913.18576584573,0.0
72.73,1782.60736,1794.890661,7970,0.0,0.0,133751.65749957654,0.0
72.74,1789.655984,1794.105459,7973,0.0,0.0,133693.14581903027,0.0
72.75,1789.655984,1793.438038,7973,0.0,0.0,133643.4109427285,0.0
72.76,1789.655984,1792.87073,7973,0.0,0.0,133601.13628669427,0.0
72.77,1789.655984,1792.388518,7973,0.0,0.0,133565.2028141616,0.0
72.78,1789.655984,1791.978638,7973,0.0,0.0,133534.65937741246,0.0
72.79,1789.655984,1791.63024,7973,0.0,0.0,133508.69745617567,0.0
72.8,1789.655984,1791.334102,7973,0.0,0.0,133486.6298454798,0.0
72.81,1789.655984,1791.082384,7973,0.0,0.0,133467.8723242257,0.0
72.82000000000001,1789.655984,1790.868424,7973,0.0,0.0,133451.9284535151,0.0
72.83,1789.655984,1790.686558,7973,0.0,0.0,133438.37616341113,0.0
72.84,1785.347123,1789.885643,7975,0.0,0.0,133378.69358157265,0.0
72.85000000000001,1785.347123,1789.204865,7975,0.0,0.0,133327.9633683804,0.0
72.86,1785.347123,1788.626204,7975,0.0,0.0,133284.84270952243,0.0
72.87,1785.347123,1788.134342,7975,0.0,0.0,133248.19013831543,0.0
72.88,1785.347123,1787.716259,7975,0.0,0.0,133217.0354304341,0.0
72.89,1785.347123,1787.360888,7975,0.0,0.0,133190.55389520185,0.0
72.9,1785.347123,1787.058824,7975,0.0,0.0,133168.04469085374,0.0
72.91,1785.347123,1786.802069,7975,0.0,0.0,133148.9118224471,0.0
72.92,1806.759121,1789.795626,7975,0.0,0.0,133371.9856950062,0.0
72.93,1806.759121,1792.340151,7976,0.0,0.0,133561.59860218433,0.0
72.94,1781.330444,1790.688695,7977,0.0,0.0,133438.53540837145,0.0
72.95,1781.330444,1789.284957,7977,0.0,0.0,133333.93166382328,0.0
72.96000000000001,1781.330444,1788.09178,7977,0.0,0.0,133245.01850331272,0.0
72.97,1781.330444,1787.07758,7977,0.0,0.0,133169.44235041187,0.0
72.98,1781.330444,1786.215509,7977,0.0,0.0,133105.20254592813,0.0
72.99,1781.330444,1785.482749,7977,0.0,0.0,133050.59873819826,0.0
73.0,1737.677216,1778.311919,7978,0.0,0.0,132516.2428473423,0.0
73.01,1737.677216,1772.216714,7978,0.0,0.0,132062.04037737372,0.0
73.02,1737.677216,1767.035789,7978,0.0,0.0,131675.96822201196,0.0
73.03,1788.161769,1770.204686,7979,0.0,0.0,131912.10808022445,0.0
73.04,1817.7297,1777.333438,7980,0.0,0.0,132443.32840278835,0.0
73.05,1817.7297,1783.392878,7980,0.0,0.0,132894.8657365821,0.0
73.06,1817.7297,1788.543401,7980,0.0,0.0,133278.67239578877,0.0
73.07000000000001,1817.7297,1792.921346,7980,0.0,0.0,133604.9080896476,0.0
73.08,1817.7297,1796.642599,7980,0.0,0.0,133882.20841079808,0.0
73.09,1817.7297,1799.805664,7980,0.0,0.0,134117.91368005006,0.0
73.10000000000001,1734.838331,1790.060564,7981,0.0,0.0,133391.72834418513,0.0
73.11,1734.838331,1781.777229,7981,0.0,0.0,132774.47080869993,0.0
73.12,1787.98963,1782.709089,7981,0.0,0.0,132843.91114969988,0.0
73.13,1787.98963,1783.50117,7982,0.0,0.0,132902.9354395499,0.0
73.14,1783.484803,1783.498715,7983,0.0,0.0,132902.75249786646,0.0
73.15,1783.484803,1783.496628,7983,0.0,0.0,132902.596978806,0.0
73.16,1783.484803,1783.494855,7983,0.0,0.0,132902.4648583967,0.0
73.17,1783.484803,1783.493347,7983,0.0,0.0,132902.35248525674,0.0
73.18,1783.484803,1783.492065,7983,0.0,0.0,132902.25695318414,0.0
73.19,1783.484803,1783.490976,7983,0.0,0.0,132902.17580308506,0.0
73.2,1803.794987,1786.536578,7984,0.0,0.0,133129.12796481565,0.0
73.21000000000001,1803.794987,1789.125339,7984,0.0,0.0,133322.03725012406,0.0
73.22,1787.885307,1788.939334,7984,0.0,0.0,133308.1765300291,0.0
73.23,1787.885307,1788.78123,7985,0.0,0.0,133296.39493657785,0.0
73.24,1779.553452,1787.397063,7986,0.0,0.0,133193.2495837556,0.0
73.25,1779.553452,1786.220522,7986,0.0,0.0,133105.57610464882,0.0
73.26,1779.553452,1785.220461,7986,0.0,0.0,133031.0535617123,0.0
73.27,1779.553452,1784.37041,7986,0.0,0.0,132967.70946355656,0.0
73.28,1779.553452,1783.647866,7986,0.0,0.0,132913.86693168752,0.0
73.29,1779.553452,1783.033704,7986,0.0,0.0,132868.100809406,0.0
73.3,1813.237088,1787.564212,7987,0.0,0.0,133205.70519249275,0.0
73.31,1813.237088,1791.415143,7987,0.0,0.0,133492.6688585021,0.0
73.32000000000001,1787.084566,1790.765557,7987,0.0,0.0,133444.2630106829,0.0
73.33,1787.084566,1790.213408,7988,0.0,0.0,133403.11797297033,0.0
73.34,1779.446478,1788.598369,7989,0.0,0.0,133282.76850106652,0.0
73.35000000000001,1779.446478,1787.225585,7989,0.0,0.0,133180.47138660797,0.0
73.36,1779.446478,1786.058719,7989,0.0,0.0,133093.5188691254,0.0
73.37,1779.446478,1785.066883,7989,0.0,0.0,133019.60923671702,0.0
73.38,1779.446478,1784.223822,7989,0.0,0.0,132956.7860193627,0.0
73.39,1779.446478,1783.50722,7989,0.0,0.0,132903.38627343383,0.0
73.4,1814.246715,1788.118145,7990,0.0,0.0,133246.98317031257,0.0
73.41,1814.246715,1792.03743,7990,0.0,0.0,133539.040439512,0.0
73.42,1814.246715,1795.368823,7990,0.0,0.0,133787.28917422,0.0
73.43,1796.084895,1795.476234,7991,0.0,0.0,133795.29322683215,0.0
73.44,1775.658969,1792.503644,7992,0.0,0.0,133573.78177312322,0.0
73.45,1775.658969,1789.976943,7992,0.0,0.0,133385.49707472965,0.0
73.46000000000001,1775.658969,1787.829247,7992,0.0,0.0,133225.4550699174,0.0
73.47,1775.658969,1786.003705,7992,0.0,0.0,133089.4193360198,0.0
73.48,1775.658969,1784.451995,7992,0.0,0.0,132973.78901436942,0.0
73.49,1775.658969,1783.133041,7992,0.0,0.0,132875.50320370763,0.0
73.5,1807.005258,1786.713873,7993,0.0,0.0,133142.33963315378,0.0
73.51,1807.005258,1789.757581,7993,0.0,0.0,133369.15065779747,0.0
73.52,1807.005258,1792.344733,7993,0.0,0.0,133561.94004364815,0.0
73.53,1788.063536,1791.702553,7994,0.0,0.0,133514.0860761172,0.0
73.54,1772.589338,1788.835571,7995,0.0,0.0,133300.44431907122,0.0
73.55,1772.589338,1786.398636,7995,0.0,0.0,133118.84880322675,0.0
73.56,1772.589338,1784.327241,7995,0.0,0.0,132964.49259612948,0.0
73.57000000000001,1772.589338,1782.566556,7995,0.0,0.0,132833.28987598524,0.0
73.58,1772.589338,1781.069973,7995,0.0,0.0,132721.76750797415,0.0
73.59,1772.589338,1779.797878,7995,0.0,0.0,132626.97353614966,0.0
73.60000000000001,1818.229298,1785.562591,7996,0.0,0.0,133056.54840414177,0.0
73.61,1818.229298,1790.462597,7996,0.0,0.0,133421.68703820917,0.0
73.62,1787.923387,1790.081716,7996,0.0,0.0,133393.3045488648,0.0
73.63,1787.923387,1789.757966,7997,0.0,0.0,133369.17934722643,0.0
73.64,1778.838951,1788.120114,7998,0.0,0.0,133247.12989624933,0.0
73.65,1778.838951,1786.72794,7998,0.0,0.0,133143.38787782236,0.0
73.66,1778.838951,1785.544591,7998,0.0,0.0,133055.20708018966,0.0
73.67,1778.838951,1784.538745,7998,0.0,0.0,132980.25345063856,0.0
73.68,1778.838951,1783.683776,7998,0.0,0.0,132916.54287297194,0.0
73.69,1778.838951,1782.957052,7998,0.0,0.0,132862.38885587401,0.0
73.7,1804.714551,1786.220677,7999,0.0,0.0,133105.58765493837,0.0
73.71000000000001,1804.714551,1788.994758,7999,0.0,0.0,133312.3066155136,0.0
73.72,1787.961469,1788.839765,7999,0.0,0.0,133300.75684755208,0.0
73.73,1787.961469,1788.708021,7999,0.0,0.0,133290.93954851068,0.0
73.74,1777.195439,1786.981133,8002,0.0,0.0,133162.25531312253,0.0
73.75,1777.195439,1785.513279,8002,0.0,0.0,133052.873772657,0.0
73.76,1777.195439,1784.265603,8002,0.0,0.0,132959.8994558095,0.0
73.77,1777.195439,1783.205078,8002,0.0,0.0,132880.87125668194,0.0
73.78,1777.195439,1782.303632,8002,0.0,0.0,132813.69730605299,0.0
73.79,1777.195439,1781.537403,8002,0.0,0.0,132756.59945547016,0.0
73.8,1777.195439,1780.886109,8002,0.0,0.0,132708.0663309115,0.0
73.81,1777.195439,1780.332508,8002,0.0,0.0,132666.81309306683,0.0
73.82000000000001,1777.195439,1779.861948,8002,0.0,0.0,132631.7479042391,0.0
73.83,1817.665505,1785.532481,8002,0.0,0.0,133054.30466724187,0.0
73.84,1773.493738,1783.72667,8004,0.0,0.0,132919.7392479498,0.0
73.85000000000001,1773.493738,1782.19173,8004,0.0,0.0,132805.3585931148,0.0
73.86,1773.493738,1780.887031,8004,0.0,0.0,132708.13503650503,0.0
73.87,1773.493738,1779.778037,8004,0.0,0.0,132625.49502456447,0.0
73.88,1773.493738,1778.835392,8004,0.0,0.0,132555.25100696317,0.0
73.89,1773.493738,1778.034144,8004,0.0,0.0,132495.54361063155,0.0
73.9,1816.432652,1783.79392,8005,0.0,0.0,132924.75058327083,0.0
73.91,1816.432652,1788.68973,8005,0.0,0.0,133289.57653982137,0.0
73.92,1816.432652,1792.851169,8005,0.0,0.0,133599.67864014834,0.0
73.93,1788.010549,1792.125076,8005,0.0,0.0,133545.57164390673,0.0
73.94,1774.719714,1789.514271,8007,0.0,0.0,133351.019683865,0.0
73.95,1774.719714,1787.295088,8007,0.0,0.0,133185.650610977,0.0
73.96000000000001,1774.719714,1785.408782,8007,0.0,0.0,133045.0868654891,0.0
73.97,1774.719714,1783.805421,8007,0.0,0.0,132925.60761475822,0.0
73.98,1774.719714,1782.442565,8007,0.0,0.0,132824.0503149772,0.0
73.99,1774.719714,1781.284137,8007,0.0,0.0,132737.72658035622,0.0
74.0,1808.78973,1785.409976,8008,0.0,0.0,133045.17583997792,0.0
74.01,1808.78973,1788.916939,8008,0.0,0.0,133306.50769947868,0.0
74.02,1808.78973,1791.897858,8008,0.0,0.0,133528.63981358745,0.0
74.03,1788.108777,1791.329496,8008,0.0,0.0,133486.28661558402,0.0
74.04,1776.762041,1789.144378,8010,0.0,0.0,133323.4559982754,0.0
74.05,1776.762041,1787.287027,8010,0.0,0.0,133185.04992140047,0.0
74.06,1776.762041,1785.708279,8010,0.0,0.0,133067.40478213804,0.0
74.07000000000001,1776.762041,1784.366343,8010,0.0,0.0,132967.40639886138,0.0
74.08,1776.762041,1783.225698,8010,0.0,0.0,132882.40781778703,0.0
74.09,1776.762041,1782.256149,8010,0.0,0.0,132810.15896798534,0.0
74.10000000000001,1809.874305,1786.398873,8011,0.0,0.0,133118.86646399213,0.0
74.11,1809.874305,1789.920187,8011,0.0,0.0,133381.2677312727,0.0
74.12,1809.874305,1792.913305,8011,0.0,0.0,133604.30889043096,0.0
74.13,1792.013858,1792.778388,8011,0.0,0.0,133594.25514578403,0.0
74.14,1781.303801,1791.0572,8013,0.0,0.0,133465.9956629807,0.0
74.15,1781.303801,1789.59419,8013,0.0,0.0,133356.9750876943,0.0
74.16,1781.303801,1788.350632,8013,0.0,0.0,133264.30763595982,0.0
74.17,1781.303801,1787.293607,8013,0.0,0.0,133185.54024982292,0.0
74.18,1781.303801,1786.395136,8013,0.0,0.0,133118.5879902361,0.0
74.19,1781.303801,1785.631436,8013,0.0,0.0,133061.67859566855,0.0
74.2,1800.911428,1787.923435,8013,0.0,0.0,133232.47377105075,0.0
74.21000000000001,1800.911428,1789.871634,8014,0.0,0.0,133377.64965894792,0.0
74.22,1800.911428,1791.527603,8014,0.0,0.0,133501.0491524828,0.0
74.23,1780.066574,1789.808449,8014,0.0,0.0,133372.9412392861,0.0
74.24,1773.916156,1787.424605,8016,0.0,0.0,133195.3019584383,0.0
74.25,1773.916156,1785.398337,8016,0.0,0.0,133044.3085250069,0.0
74.26,1773.916156,1783.67601,8016,0.0,0.0,132915.9641662046,0.0
74.27,1773.916156,1782.212032,8016,0.0,0.0,132806.87145749675,0.0
74.28,1773.916156,1780.96765,8016,0.0,0.0,132714.14260293246,0.0
74.29,1773.916156,1779.909926,8016,0.0,0.0,132635.32312871548,0.0
74.3,1815.535584,1785.253775,8016,0.0,0.0,133033.5360542756,0.0
74.31,1815.535584,1789.796046,8017,0.0,0.0,133372.01699256507,0.0
74.32000000000001,1799.204931,1791.207379,8017,0.0,0.0,133477.18670130303,0.0
74.33,1799.204931,1792.407012,8017,0.0,0.0,133566.5809500044,0.0
74.34,1777.355942,1790.149351,8019,0.0,0.0,133398.34457361483,0.0
74.35000000000001,1777.355942,1788.23034,8019,0.0,0.0,133255.34371702396,0.0
74.36,1777.355942,1786.59918,8019,0.0,0.0,133133.79294048503,0.0
74.37,1777.355942,1785.212694,8019,0.0,0.0,133030.474780427,0.0
74.38,1777.355942,1784.034182,8019,0.0,0.0,132942.65442634738,0.0
74.39,1777.355942,1783.032446,8019,0.0,0.0,132868.00706576533,0.0
74.4,1814.010929,1787.679218,8019,0.0,0.0,133214.2752092947,0.0
74.41,1814.010929,1791.628975,8020,0.0,0.0,133508.60319090905,0.0
74.42,1814.010929,1794.986268,8020,0.0,0.0,133758.78194174814,0.0
74.43,1788.028191,1793.942556,8020,0.0,0.0,133681.0066137098,0.0
74.44,1776.896468,1791.385643,8022,0.0,0.0,133490.47057758062,0.0
74.45,1776.896468,1789.212267,8022,0.0,0.0,133328.51495059673,0.0
74.46000000000001,1776.896468,1787.364897,8022,0.0,0.0,133190.85263785318,0.0
74.47,1776.896468,1785.794633,8022,0.0,0.0,133073.83970928023,0.0
74.48,1776.896468,1784.459908,8022,0.0,0.0,132974.37867528238,0.0
74.49,1776.896468,1783.325392,8022,0.0,0.0,132889.83681501372,0.0
74.5,1809.562273,1787.260924,8022,0.0,0.0,133183.10477811593,0.0
74.51,1809.562273,1790.606126,8023,0.0,0.0,133432.38253184917,0.0
74.52,1787.987931,1790.213397,8023,0.0,0.0,133403.11715327238,0.0
74.53,1787.987931,1789.879577,8023,0.0,0.0,133378.2415554008,0.0
74.54,1778.923816,1788.236213,8025,0.0,0.0,133255.78136122235,0.0
74.55,1778.923816,1786.839353,8025,0.0,0.0,133151.69015145986,0.0
74.56,1778.923816,1785.652023,8025,0.0,0.0,133063.21269767976,0.0
74.57000000000001,1778.923816,1784.642792,8025,0.0,0.0,132988.00682470767,0.0
74.58,1778.923816,1783.784946,8025,0.0,0.0,132924.08185876269,0.0
74.59,1778.923816,1783.055776,8025,0.0,0.0,132869.74557064325,0.0
74.60000000000001,1804.524504,1786.276085,8025,0.0,0.0,133109.7165481349,0.0
74.61,1804.524504,1789.013348,8026,0.0,0.0,133313.69190508412,0.0
74.62,1787.834,1788.836446,8026,0.0,0.0,133300.50952231893,0.0
74.63,1787.834,1788.686079,8026,0.0,0.0,133289.30447461308,0.0
74.64,1777.957611,1787.076809,8028,0.0,0.0,133169.3848970359,0.0
74.65,1777.957611,1785.708929,8028,0.0,0.0,133067.4532188363,0.0
74.66,1777.957611,1784.546231,8028,0.0,0.0,132980.81129236665,0.0
74.67,1777.957611,1783.557938,8028,0.0,0.0,132907.16567722283,0.0
74.68,1777.957611,1782.717889,8028,0.0,0.0,132844.5669080765,0.0
74.69,1777.957611,1782.003847,8028,0.0,0.0,132791.3579282208,0.0
74.7,1806.909302,1785.739666,8028,0.0,0.0,133069.74367852052,0.0
74.71000000000001,1806.909302,1788.915111,8029,0.0,0.0,133306.37148057955,0.0
74.72,1806.909302,1791.61424,8029,0.0,0.0,133507.50516821825,0.0
74.73,1788.020503,1791.075179,8029,0.0,0.0,133467.33542205486,0.0
74.74,1776.050627,1788.821496,8031,0.0,0.0,133299.3954782587,0.0
74.75,1776.050627,1786.905866,8031,0.0,0.0,133156.64656701684,0.0
74.76,1776.050627,1785.27758,8031,0.0,0.0,133035.30995520228,0.0
74.77,1776.050627,1783.893537,8031,0.0,0.0,132932.1738426117,0.0
74.78,1776.050627,1782.7171,8031,0.0,0.0,132844.5081133766,0.0
74.79,1776.050627,1781.717129,8031,0.0,0.0,132769.99227705988,0.0
74.8,1776.050627,1780.867154,8031,0.0,0.0,132706.65384227195,0.0
74.81,1776.050627,1780.144675,8032,0.0,0.0,132652.8161540727,0.0
74.82000000000001,1776.050627,1779.530568,8032,0.0,0.0,132607.05413028103,0.0
74.83,1825.64832,1786.44823,8032,0.0,0.0,133122.54444878676,0.0
74.84,1776.468167,1784.951221,8034,0.0,0.0,133010.99033610884,0.0
74.85000000000001,1776.468167,1783.678763,8034,0.0,0.0,132916.16931425128,0.0
74.86,1776.468167,1782.597174,8034,0.0,0.0,132835.57146802775,0.0
74.87,1776.468167,1781.677823,8034,0.0,0.0,132767.06327265647,0.0
74.88,1776.468167,1780.896374,8034,0.0,0.0,132708.83125815415,0.0
74.89,1776.468167,1780.232143,8034,0.0,0.0,132659.3340942639,0.0
74.9,1819.897717,1786.181979,8034,0.0,0.0,133102.70395747735,0.0
74.91,1819.897717,1791.23934,8035,0.0,0.0,133479.56837101598,0.0
74.92,1819.897717,1795.538097,8035,0.0,0.0,133799.90313370153,0.0
74.93,1732.636975,1786.102928,8035,0.0,0.0,133096.8132352697,0.0
74.94,1815.442801,1790.503909,8037,0.0,0.0,133424.76552571522,0.0
74.95,1815.442801,1794.244743,8037,0.0,0.0,133703.52498377158,0.0
74.96000000000001,1815.442801,1797.424452,8037,0.0,0.0,133940.47053057127,0.0
74.97,1815.442801,1800.127204,8037,0.0,0.0,134141.87419691432,0.0
74.98,1815.442801,1802.424544,8037,0.0,0.0,134313.0673729203,0.0
74.99,1815.442801,1804.377282,8037,0.0,0.0,134458.5814980074,0.0
75.0,1739.228835,1794.605015,8037,0.0,0.0,133730.3717317088,0.0
75.01,1739.228835,1786.298588,8038,0.0,0.0,133111.39342662905,0.0
75.02,1787.986322,1786.551748,8038,0.0,0.0,133130.25840283532,0.0
75.03,1787.986322,1786.766934,8038,0.0,0.0,133146.29363261058,0.0
75.04,1813.79736,1790.821498,8040,0.0,0.0,133448.431621972,0.0
75.05,1813.79736,1794.267878,8040,0.0,0.0,133705.24895764003,0.0
75.06,1813.79736,1797.1973,8040,0.0,0.0,133923.5436184398,0.0
75.07000000000001,1813.79736,1799.687309,8040,0.0,0.0,134109.09410247504,0.0
75.08,1813.79736,1801.803817,8040,0.0,0.0,134266.81203998628,0.0
75.09,1813.79736,1803.602848,8040,0.0,0.0,134400.87222725642,0.0
75.10000000000001,1731.805743,1792.833283,8040,0.0,0.0,133598.34581124794,0.0
75.11,1731.805743,1783.679152,8041,0.0,0.0,132916.1983017522,0.0
75.12,1793.982957,1785.224723,8041,0.0,0.0,133031.37115741696,0.0
75.13,1793.982957,1786.538458,8041,0.0,0.0,133129.26805865066,0.0
75.14,1778.800859,1785.377818,8043,0.0,0.0,133042.7794902195,0.0
75.15,1778.800859,1784.391274,8043,0.0,0.0,132969.26420705306,0.0
75.16,1778.800859,1783.552712,8043,0.0,0.0,132906.77624616877,0.0
75.17,1778.800859,1782.839934,8043,0.0,0.0,132853.66145706168,0.0
75.18,1778.800859,1782.234072,8043,0.0,0.0,132808.5138341581,0.0
75.19,1778.800859,1781.71909,8043,0.0,0.0,132770.13840685264,0.0
75.2,1809.900536,1785.946307,8043,0.0,0.0,133085.14215200854,0.0
75.21000000000001,1809.900536,1789.539442,8044,0.0,0.0,133352.895376376,0.0
75.22,1793.996233,1790.20796,8044,0.0,0.0,133402.71199892083,0.0
75.23,1793.996233,1790.776201,8044,0.0,0.0,133445.05618024655,0.0
75.24,1779.332541,1789.059652,8046,0.0,0.0,133317.14238643288,0.0
75.25,1779.332541,1787.600585,8046,0.0,0.0,133208.41563560997,0.0
75.26,1779.332541,1786.360379,8046,0.0,0.0,133115.99796820257,0.0
75.27,1779.332541,1785.306203,8046,0.0,0.0,133037.4428838401,0.0
75.28,1779.332541,1784.410154,8046,0.0,0.0,132970.67110684278,0.0
75.29,1779.332541,1783.648512,8046,0.0,0.0,132913.91507031381,0.0
75.3,1813.681925,1788.153524,8046,0.0,0.0,133249.6195425404,0.0
75.31,1813.681925,1791.982784,8047,0.0,0.0,133534.96832902942,0.0
75.32000000000001,1813.681925,1795.237655,8047,0.0,0.0,133777.5147975451,0.0
75.33,1795.702452,1795.307375,8047,0.0,0.0,133782.71019231953,0.0
75.34,1778.651905,1792.809054,8049,0.0,0.0,133596.54031469044,0.0
75.35000000000001,1778.651905,1790.685482,8049,0.0,0.0,133438.295982046,0.0
75.36,1778.651905,1788.880445,8049,0.0,0.0,133303.7882396838,0.0
75.37,1778.651905,1787.346164,8049,0.0,0.0,133189.45669220906,0.0
75.38,1778.651905,1786.042026,8049,0.0,0.0,133092.2749401958,0.0
75.39,1778.651905,1784.933508,8049,0.0,0.0,133009.67039882197,0.0
75.4,1811.879458,1788.9754,8049,0.0,0.0,133310.8640961211,0.0
75.41,1811.879458,1792.411009,8050,0.0,0.0,133566.87879843975,0.0
75.42,1793.992824,1792.648281,8050,0.0,0.0,133584.5598327043,0.0
75.43,1793.992824,1792.849963,8050,0.0,0.0,133599.58877144355,0.0
75.44,1774.049206,1790.029849,8051,0.0,0.0,133389.43952389684,0.0
75.45,1774.049206,1787.632753,8051,0.0,0.0,133210.81273054835,0.0
75.46000000000001,1774.049206,1785.595221,8051,0.0,0.0,133058.97992639494,0.0
75.47,1774.049206,1783.863318,8051,0.0,0.0,132929.92198325013,0.0
75.48,1774.049206,1782.391202,8052,0.0,0.0,132820.22284707992,0.0
75.49,1774.049206,1781.139902,8052,0.0,0.0,132726.97847701007,0.0
75.5,1816.101234,1786.384102,8052,0.0,0.0,133117.76575865343,0.0
75.51,1816.101234,1790.841672,8053,0.0,0.0,133449.93494805033,0.0
75.52,1816.101234,1794.630606,8053,0.0,0.0,133732.27872177865,0.0
75.53,1788.055787,1793.644383,8053,0.0,0.0,133658.78735888933,0.0
75.54,1775.84153,1790.973955,8054,0.0,0.0,133459.79241229224,0.0
75.55,1775.84153,1788.704091,8054,0.0,0.0,133290.64669278116,0.0
75.56,1775.84153,1786.774707,8054,0.0,0.0,133146.8728610039,0.0
75.57000000000001,1775.84153,1785.134731,8054,0.0,0.0,133024.66513380044,0.0
75.58,1775.84153,1783.74075,8055,0.0,0.0,132920.78846135232,0.0
75.59,1775.84153,1782.555867,8055,0.0,0.0,132832.4933531117,0.0
75.60000000000001,1811.707425,1786.928601,8055,0.0,0.0,133158.34073368637,0.0
75.61,1811.707425,1790.645425,8055,0.0,0.0,133435.3110146266,0.0
75.62,1811.707425,1793.804725,8056,0.0,0.0,133670.73572361862,0.0
75.63,1788.021575,1792.937252,8056,0.0,0.0,133606.09337291325,0.0
75.64,1765.263827,1788.786239,8057,0.0,0.0,133296.76819722654,0.0
75.65,1765.263827,1785.257877,8057,0.0,0.0,133033.84172710072,0.0
75.66,1765.263827,1782.25877,8057,0.0,0.0,132810.35427965634,0.0
75.67,1765.263827,1779.709528,8057,0.0,0.0,132620.38987108477,0.0
75.68,1765.263827,1777.542673,8058,0.0,0.0,132458.9201759615,0.0
75.69,1765.263827,1775.700846,8058,0.0,0.0,132321.67091647728,0.0
75.7,1827.86063,1783.524814,8058,0.0,0.0,132904.697343079,0.0
75.71000000000001,1827.86063,1790.175186,8058,0.0,0.0,133400.26974607605,0.0
75.72,1827.86063,1795.828003,8059,0.0,0.0,133821.50634823798,0.0
75.73,1788.007212,1794.654884,8059,0.0,0.0,133734.08786971806,0.0
75.74,1784.508456,1793.13292,8061,0.0,0.0,133620.67416041653,0.0
75.75,1784.508456,1791.83925,8061,0.0,0.0,133524.27246279942,0.0
75.76,1784.508456,1790.739631,8061,0.0,0.0,133442.33105708388,0.0
75.77,1784.508456,1789.804955,8061,0.0,0.0,133372.68087340335,0.0
75.78,1784.508456,1789.01048,8061,0.0,0.0,133313.47818746776,0.0
75.79,1784.508456,1788.335176,8061,0.0,0.0,133263.15588579298,0.0
75.8,1784.508456,1787.761168,8061,0.0,0.0,133220.38195917662,0.0
75.81,1784.508456,1787.273261,8061,0.0,0.0,133184.02410664907,0.0
75.82000000000001,1784.508456,1786.85854,8062,0.0,0.0,133153.1199282748,0.0
75.83,1806.388661,1789.788058,8062,0.0,0.0,133371.42174280234,0.0
75.84,1777.709426,1787.976264,8063,0.0,0.0,133236.41048233214,0.0
75.85000000000001,1777.709426,1786.436238,8063,0.0,0.0,133121.65082896268,0.0
75.86,1777.709426,1785.127216,8063,0.0,0.0,133024.10513105046,0.0
75.87,1777.709426,1784.014548,8063,0.0,0.0,132941.19133998762,0.0
75.88,1777.709426,1783.068779,8064,0.0,0.0,132870.71452816267,0.0
75.89,1777.709426,1782.264876,8064,0.0,0.0,132810.80928654812,0.0
75.9,1742.058745,1776.233957,8064,0.0,0.0,132361.39728055644,0.0
75.91,1742.058745,1771.107675,8064,0.0,0.0,131979.39701212326,0.0
75.92,1742.058745,1766.750335,8065,0.0,0.0,131654.69676159965,0.0
75.93,1788.078973,1769.949631,8065,0.0,0.0,131893.10189241322,0.0
75.94,1815.592286,1776.796029,8066,0.0,0.0,132403.2817603566,0.0
75.95,1815.592286,1782.615468,8066,0.0,0.0,132836.93470027106,0.0
75.96000000000001,1815.592286,1787.561991,8066,0.0,0.0,133205.5396880207,0.0
75.97,1815.592286,1791.766535,8066,0.0,0.0,133518.85388662294,0.0
75.98,1815.592286,1795.340397,8066,0.0,0.0,133785.17092562767,0.0
75.99,1815.592286,1798.378181,8067,0.0,0.0,134011.54050565508,0.0
76.0,1749.130568,1790.991039,8067,0.0,0.0,133461.0654777588,0.0
76.01,1749.130568,1784.711968,8067,0.0,0.0,132993.1616816916,0.0
76.02,1787.984623,1785.202866,8068,0.0,0.0,133029.74241754913,0.0
76.03,1787.984623,1785.62013,8068,0.0,0.0,133060.83609519064,0.0
76.04,1784.363806,1785.431681,8069,0.0,0.0,133046.79325311017,0.0
76.05,1784.363806,1785.2715,8069,0.0,0.0,133034.85688577846,0.0
76.06,1784.363806,1785.135346,8069,0.0,0.0,133024.71096236882,0.0
76.07000000000001,1784.363806,1785.019615,8069,0.0,0.0,133016.0869200188,0.0
76.08,1784.363806,1784.921244,8069,0.0,0.0,133008.7565101026,0.0
76.09,1784.363806,1784.837628,8070,0.0,0.0,133002.52561323714,0.0
76.10000000000001,1796.536774,1786.5925,8070,0.0,0.0,133133.29516026282,0.0
76.11,1796.536774,1788.084141,8070,0.0,0.0,133244.44926033105,0.0
76.12,1796.536774,1789.352036,8071,0.0,0.0,133338.93025656676,0.0
76.13,1792.08136,1789.761435,8071,0.0,0.0,133369.4378501592,0.0
76.14,1781.028716,1788.451527,8072,0.0,0.0,133271.82612930133,0.0
76.15,1781.028716,1787.338105,8072,0.0,0.0,133188.8561516685,0.0
76.16,1781.028716,1786.391697,8072,0.0,0.0,133118.33172284326,0.0
76.17,1781.028716,1785.58725,8072,0.0,0.0,133058.38594343813,0.0
76.18,1781.028716,1784.90347,8072,0.0,0.0,133007.4320272179,0.0
76.19,1781.028716,1784.322257,8073,0.0,0.0,132964.12119843072,0.0
76.2,1811.469166,1788.394293,8073,0.0,0.0,133267.56116624162,0.0
76.21000000000001,1811.469166,1791.855524,8073,0.0,0.0,133525.4851686881,0.0
76.22,1781.959906,1790.371181,8074,0.0,0.0,133414.87490096447,0.0
76.23,1781.959906,1789.10949,8074,0.0,0.0,133320.85621438426,0.0
76.24,1780.557453,1787.826685,8075,0.0,0.0,133225.26415480825,0.0
76.25,1780.557453,1786.7363,8075,0.0,0.0,133144.01084828013,0.0
76.26,1780.557453,1785.809473,8075,0.0,0.0,133074.94555636073,0.0
76.27,1780.557453,1785.02167,8075,0.0,0.0,133016.24005450335,0.0
76.28,1780.557453,1784.352037,8075,0.0,0.0,132966.34034439147,0.0
76.29,1780.557453,1783.78285,8076,0.0,0.0,132923.92566904027,0.0
76.3,1815.767003,1788.580473,8076,0.0,0.0,133281.43492698614,0.0
76.31,1815.767003,1792.658452,8076,0.0,0.0,133585.31775525524,0.0
76.32000000000001,1815.767003,1796.124735,8077,0.0,0.0,133843.6182226243,0.0
76.33,1787.822946,1794.879467,8077,0.0,0.0,133750.82334511436,0.0
76.34,1780.983683,1792.795099,8078,0.0,0.0,133595.50041603754,0.0
76.35000000000001,1780.983683,1791.023387,8078,0.0,0.0,133463.4759859367,0.0
76.36,1780.983683,1789.517431,8078,0.0,0.0,133351.25516073656,0.0
76.37,1780.983683,1788.237369,8078,0.0,0.0,133255.86750402724,0.0
76.38,1780.983683,1787.149316,8078,0.0,0.0,133174.78797346898,0.0
76.39,1780.983683,1786.224471,8079,0.0,0.0,133105.8703762203,0.0
76.4,1812.156024,1790.114204,8079,0.0,0.0,133395.72548956235,0.0
76.41,1812.156024,1793.420477,8079,0.0,0.0,133642.10233217722,0.0
76.42,1812.156024,1796.230809,8080,0.0,0.0,133851.52264467397,0.0
76.43,1787.974134,1794.992308,8080,0.0,0.0,133759.23203045203,0.0
76.44,1773.43137,1791.758167,8081,0.0,0.0,133518.23032002122,0.0
76.45,1773.43137,1789.009147,8081,0.0,0.0,133313.3788549773,0.0
76.46000000000001,1773.43137,1786.672481,8081,0.0,0.0,133139.25518420798,0.0
76.47,1773.43137,1784.686314,8081,0.0,0.0,132991.24999698784,0.0
76.48,1773.43137,1782.998073,8081,0.0,0.0,132865.44565864283,0.0
76.49,1773.43137,1781.563067,8082,0.0,0.0,132758.51188535386,0.0
76.5,1816.567681,1786.813759,8082,0.0,0.0,133149.782937836,0.0
76.51,1816.567681,1791.276848,8082,0.0,0.0,133482.36339206016,0.0
76.52,1781.94672,1789.877328,8083,0.0,0.0,133378.07396442475,0.0
76.53,1781.94672,1788.687737,8083,0.0,0.0,133289.42802545268,0.0
76.54,1777.88566,1787.067426,8084,0.0,0.0,133168.6856946669,0.0
76.55,1777.88566,1785.690161,8084,0.0,0.0,133066.05466506223,0.0
76.56,1777.88566,1784.519486,8084,0.0,0.0,132978.8183085278,0.0
76.57000000000001,1777.88566,1783.524412,8084,0.0,0.0,132904.66738684406,0.0
76.58,1777.88566,1782.678599,8084,0.0,0.0,132841.63909596106,0.0
76.59,1777.88566,1781.959658,8085,0.0,0.0,132788.0650524364,0.0
76.60000000000001,1812.081038,1786.477865,8085,0.0,0.0,133124.75278963795,0.0
76.61,1812.081038,1790.318341,8085,0.0,0.0,133410.93736998507,0.0
76.62,1787.991149,1789.969263,8086,0.0,0.0,133384.9247765101,0.0
76.63,1787.991149,1789.672546,8086,0.0,0.0,133362.81401989376,0.0
76.64,1782.095549,1788.535996,8087,0.0,0.0,133278.12059001852,0.0
76.65,1782.095549,1787.569929,8087,0.0,0.0,133206.13121188353,0.0
76.66,1782.095549,1786.748772,8087,0.0,0.0,133144.9402367429,0.0
76.67,1782.095549,1786.050788,8087,0.0,0.0,133092.92786688852,0.0
76.68,1782.095549,1785.457503,8087,0.0,0.0,133048.71745683745,0.0
76.69,1782.095549,1784.953209,8088,0.0,0.0,133011.13847788755,0.0
76.7,1811.954597,1789.003418,8088,0.0,0.0,133312.95194137053,0.0
76.71000000000001,1811.954597,1792.446095,8088,0.0,0.0,133569.49333689437,0.0
76.72,1811.954597,1795.37237,8089,0.0,0.0,133787.55348955657,0.0
76.73,1788.029264,1794.270904,8089,0.0,0.0,133705.47444909994,0.0
76.74,1784.295326,1792.774567,8091,0.0,0.0,133593.9704125162,0.0
76.75,1784.295326,1791.502681,8091,0.0,0.0,133499.19201495312,0.0
76.76,1784.295326,1790.421578,8091,0.0,0.0,133418.63038447633,0.0
76.77,1784.295326,1789.50264,8091,0.0,0.0,133350.15296503794,0.0
76.78,1784.295326,1788.721543,8091,0.0,0.0,133291.9471808707,0.0
76.79,1784.295326,1788.05761,8091,0.0,0.0,133242.47222334365,0.0
76.8,1784.295326,1787.493267,8091,0.0,0.0,133200.41851317158,0.0
76.81,1784.295326,1787.013576,8091,0.0,0.0,133164.67290051017,0.0
76.82000000000001,1784.295326,1786.605839,8092,0.0,0.0,133134.28915582932,0.0
76.83,1744.281593,1780.257202,8092,0.0,0.0,132661.20144075924,0.0
76.84,1787.805891,1781.389505,8093,0.0,0.0,132745.5783926998,0.0
76.85000000000001,1787.805891,1782.351963,8093,0.0,0.0,132817.29883538233,0.0
76.86,1787.805891,1783.170052,8093,0.0,0.0,132878.26118930714,0.0
76.87,1787.805891,1783.865428,8093,0.0,0.0,132930.07921622452,0.0
76.88,1787.805891,1784.456497,8093,0.0,0.0,132974.12449439347,0.0
76.89,1787.805891,1784.958906,8094,0.0,0.0,133011.56300691835,0.0
76.9,1798.504747,1786.990782,8094,0.0,0.0,133162.97433727884,0.0
76.91,1798.504747,1788.717877,8094,0.0,0.0,133291.67399789245,0.0
76.92,1787.994457,1788.609364,8095,0.0,0.0,133283.58782644724,0.0
76.93,1787.994457,1788.517128,8095,0.0,0.0,133276.7145844447,0.0
76.94,1780.790669,1787.358159,8096,0.0,0.0,133190.35053558715,0.0
76.95,1780.790669,1786.373036,8096,0.0,0.0,133116.94114249488,0.0
76.96000000000001,1780.790669,1785.535681,8096,0.0,0.0,133054.54312483338,0.0
76.97,1780.790669,1784.823929,8096,0.0,0.0,133001.5047911916,0.0
76.98,1780.790669,1784.21894,8096,0.0,0.0,132956.42222249968,0.0
76.99,1780.790669,1783.704699,8097,0.0,0.0,132918.10201303026,0.0
77.0,1815.299757,1788.443958,8097,0.0,0.0,133271.26210257947,0.0
77.01,1815.299757,1792.472328,8097,0.0,0.0,133571.44816751857,0.0
77.02,1793.873263,1792.682468,8097,0.0,0.0,133587.1073794793,0.0
77.03,1793.873263,1792.861087,8098,0.0,0.0,133600.41770964596,0.0
77.04,1778.840616,1790.758017,8099,0.0,0.0,133443.70114498294,0.0
77.05,1778.840616,1788.970407,8099,0.0,0.0,133310.4920277604,0.0
77.06,1778.840616,1787.450938,8099,0.0,0.0,133197.26424086222,0.0
77.07000000000001,1778.840616,1786.15939,8099,0.0,0.0,133101.02067043548,0.0
77.08,1778.840616,1785.061574,8099,0.0,0.0,133019.21362066915,0.0
77.09,1778.840616,1784.12843,8100,0.0,0.0,132949.67759856058,0.0
77.10000000000001,1819.950305,1789.501711,8100,0.0,0.0,133350.0837378184,0.0
77.11,1819.950305,1794.069,8100,0.0,0.0,133690.42896736527,0.0
77.12,1787.969694,1793.154105,8100,0.0,0.0,133622.25282419013,0.0
77.13,1787.969694,1792.376443,8101,0.0,0.0,133564.30300934377,0.0
77.14,1781.207526,1790.701105,8102,0.0,0.0,133439.46017671842,0.0
77.15,1781.207526,1789.277068,8102,0.0,0.0,133333.34379134225,0.0
77.16,1781.207526,1788.066637,8102,0.0,0.0,133243.1448973056,0.0
77.17,1781.207526,1787.03777,8102,0.0,0.0,133166.47578893782,0.0
77.18,1781.207526,1786.163234,8102,0.0,0.0,133101.30711761725,0.0
77.19,1781.207526,1785.419877,8103,0.0,0.0,133045.9136426696,0.0
77.2,1809.35696,1789.01044,8103,0.0,0.0,133313.47520674785,0.0
77.21000000000001,1809.35696,1792.062418,8103,0.0,0.0,133540.90249522947,0.0
77.22,1787.997854,1791.452733,8103,0.0,0.0,133495.46999002207,0.0
77.23,1787.997854,1790.934501,8104,0.0,0.0,133456.85237922525,0.0
77.24,1778.70307,1789.099787,8105,0.0,0.0,133320.13316625607,0.0
77.25,1778.70307,1787.540279,8105,0.0,0.0,133203.92175326246,0.0
77.26,1778.70307,1786.214698,8105,0.0,0.0,133105.14211183228,0.0
77.27,1778.70307,1785.087954,8105,0.0,0.0,133021.17940543895,0.0
77.28,1778.70307,1784.130221,8105,0.0,0.0,132949.81106029378,0.0
77.29,1778.70307,1783.316148,8106,0.0,0.0,132889.1479706463,0.0
77.3,1810.036653,1787.324224,8106,0.0,0.0,133187.82176734746,0.0
77.31,1810.036653,1790.731088,8106,0.0,0.0,133441.6944498326,0.0
77.32000000000001,1787.986233,1790.31936,8106,0.0,0.0,133411.01330382438,0.0
77.33,1787.986233,1789.969391,8107,0.0,0.0,133384.93431481376,0.0
77.34,1774.298437,1787.618748,8108,0.0,0.0,133209.76910599563,0.0
77.35000000000001,1774.298437,1785.620701,8108,0.0,0.0,133060.8786449671,0.0
77.36,1774.298437,1783.922362,8108,0.0,0.0,132934.32182388497,0.0
77.37,1774.298437,1782.478773,8108,0.0,0.0,132826.74846262488,0.0
77.38,1774.298437,1781.251723,8108,0.0,0.0,132735.31115399048,0.0
77.39,1774.298437,1780.20873,8109,0.0,0.0,132657.58940439226,0.0
77.4,1820.885403,1786.310231,8109,0.0,0.0,133112.261039672,0.0
77.41,1820.885403,1791.496506,8109,0.0,0.0,133498.73186631955,0.0
77.42,1820.885403,1795.904841,8109,0.0,0.0,133827.2321621175,0.0
77.43,1788.007212,1794.720197,8110,0.0,0.0,133738.9548636782,0.0
77.44,1783.721784,1793.070435,8111,0.0,0.0,133616.01790335283,0.0
77.45,1783.721784,1791.668137,8111,0.0,0.0,133511.5214647208,0.0
77.46000000000001,1783.721784,1790.476184,8111,0.0,0.0,133422.699514239,0.0
77.47,1783.721784,1789.463024,8111,0.0,0.0,133347.20086005534,0.0
77.48,1783.721784,1788.601838,8111,0.0,0.0,133283.0270039993,0.0
77.49,1783.721784,1787.86983,8112,0.0,0.0,133228.47923380343,0.0
77.5,1796.263319,1789.128853,8112,0.0,0.0,133322.29910636673,0.0
77.51,1796.263319,1790.199023,8112,0.0,0.0,133402.04603157862,0.0
77.52,1796.263319,1791.108668,8112,0.0,0.0,133469.83095526777,0.0
77.53,1788.025986,1790.646265,8113,0.0,0.0,133435.37360974436,0.0
77.54,1783.236666,1789.534825,8114,0.0,0.0,133352.5513267823,0.0
77.55,1783.236666,1788.590101,8114,0.0,0.0,133282.1523862645,0.0
77.56,1783.236666,1787.787086,8114,0.0,0.0,133222.31331663163,0.0
77.57000000000001,1783.236666,1787.104523,8114,0.0,0.0,133171.45008881416,0.0
77.58,1783.236666,1786.524344,8114,0.0,0.0,133128.2163116362,0.0
77.59,1783.236666,1786.031193,8114,0.0,0.0,133091.46768673067,0.0
77.60000000000001,1792.144617,1786.948206,8115,0.0,0.0,133159.80165902418,0.0
77.61,1792.144617,1787.727668,8115,0.0,0.0,133217.88560626574,0.0
77.62,1792.144617,1788.39021,8115,0.0,0.0,133267.25690925852,0.0
77.63,1792.03154,1788.93641,8116,0.0,0.0,133307.95863940488,0.0
77.64,1783.431261,1788.110637,8117,0.0,0.0,133246.42368918855,0.0
77.65,1783.431261,1787.408731,8117,0.0,0.0,133194.11905974854,0.0
77.66,1783.431261,1786.81211,8117,0.0,0.0,133149.66005765836,0.0
77.67,1783.431261,1786.304983,8117,0.0,0.0,133111.869969222,0.0
77.68,1783.431261,1785.873925,8117,0.0,0.0,133079.7483903252,0.0
77.69,1783.431261,1785.507525,8117,0.0,0.0,133052.44499610033,0.0
77.7,1796.73485,1787.191624,8118,0.0,0.0,133177.94068090036,0.0
77.71000000000001,1796.73485,1788.623108,8118,0.0,0.0,133284.61200180268,0.0
77.72,1796.73485,1789.839869,8118,0.0,0.0,133375.28259476245,0.0
77.73,1788.074563,1789.575073,8119,0.0,0.0,133355.55052713916,0.0
77.74,1782.955267,1788.582102,8121,0.0,0.0,133281.55631680382,0.0
77.75,1782.955267,1787.738077,8121,0.0,0.0,133218.66126410005,0.0
77.76,1782.955267,1787.020655,8121,0.0,0.0,133165.20041341335,0.0
77.77,1782.955267,1786.410847,8121,0.0,0.0,133119.75874249227,0.0
77.78,1782.955267,1785.89251,8121,0.0,0.0,133081.13330730572,0.0
77.79,1782.955267,1785.451923,8121,0.0,0.0,133048.3016464123,0.0
77.8,1782.955267,1785.077425,8121,0.0,0.0,133020.39480544496,0.0
77.81,1782.955267,1784.759101,8121,0.0,0.0,132996.67393846012,0.0
77.82000000000001,1782.955267,1784.488526,8121,0.0,0.0,132976.51123133022,0.0
77.83,1815.123787,1789.083815,8122,0.0,0.0,133318.94296480258,0.0
77.84,1774.74758,1786.93338,8123,0.0,0.0,133158.69685519562,0.0
77.85000000000001,1774.74758,1785.10551,8123,0.0,0.0,133022.48764340024,0.0
77.86,1774.74758,1783.55182,8123,0.0,0.0,132906.7097761151,0.0
77.87,1774.74758,1782.231184,8123,0.0,0.0,132808.29862618176,0.0
77.88,1774.74758,1781.108644,8123,0.0,0.0,132724.64919344927,0.0
77.89,1774.74758,1780.154484,8123,0.0,0.0,132653.5471011086,0.0
77.9,1747.40743,1775.242426,8124,0.0,0.0,132287.51037613724,0.0
77.91,1747.40743,1771.067177,8124,0.0,0.0,131976.37918226706,0.0
77.92,1787.504593,1773.532789,8124,0.0,0.0,132160.11165072123,0.0
77.93,1787.504593,1775.62856,8125,0.0,0.0,132316.28430852166,0.0
77.94,1797.190228,1778.86281,8126,0.0,0.0,132557.2941414142,0.0
77.95,1797.190228,1781.611923,8126,0.0,0.0,132762.15253663185,0.0
77.96000000000001,1797.190228,1783.948669,8126,0.0,0.0,132936.282168841,0.0
77.97,1797.190228,1785.934903,8127,0.0,0.0,133084.29234876693,0.0
77.98,1797.190228,1787.623201,8127,0.0,0.0,133210.1009346378,0.0
77.99,1797.190228,1789.058256,8127,0.0,0.0,133317.03835930862,0.0
78.0,1797.190228,1790.278051,8127,0.0,0.0,133407.9350398723,0.0
78.01,1797.190228,1791.314878,8127,0.0,0.0,133485.19731149892,0.0
78.02,1799.227962,1792.501841,8127,0.0,0.0,133573.647417174,0.0
78.03,1799.227962,1793.510759,8128,0.0,0.0,133648.82996601297,0.0
78.04,1790.870807,1793.114766,8129,0.0,0.0,133619.32136069282,0.0
78.05,1790.870807,1792.778172,8129,0.0,0.0,133594.23904989663,0.0
78.06,1790.870807,1792.492067,8129,0.0,0.0,133572.91907826802,0.0
78.07000000000001,1790.870807,1792.248878,8129,0.0,0.0,133554.79712101325,0.0
78.08,1790.870807,1792.042167,8129,0.0,0.0,133539.3934312654,0.0
78.09,1790.870807,1791.866463,8129,0.0,0.0,133526.300321061,0.0
78.10000000000001,1790.870807,1791.717115,8130,0.0,0.0,133515.17120719445,0.0
78.11,1790.870807,1791.590169,8130,0.0,0.0,133505.7114455043,0.0
78.12,1772.966288,1788.796587,8130,0.0,0.0,133297.539309463,0.0
78.13,1772.966288,1786.422042,8131,0.0,0.0,133120.59297147248,0.0
78.14,1796.016054,1787.861144,8132,0.0,0.0,133227.8319704785,0.0
78.15,1796.016054,1789.08438,8132,0.0,0.0,133318.98506747108,0.0
78.16,1796.016054,1790.124131,8132,0.0,0.0,133396.46522972194,0.0
78.17,1796.016054,1791.00792,8132,0.0,0.0,133462.32341607186,0.0
78.18,1796.016054,1791.75914,8132,0.0,0.0,133518.30282603262,0.0
78.19,1796.016054,1792.397677,8132,0.0,0.0,133565.88532449925,0.0
78.2,1796.016054,1792.940433,8133,0.0,0.0,133606.33041466278,0.0
78.21000000000001,1796.016054,1793.401777,8133,0.0,0.0,133640.708845627,0.0
78.22,1760.907174,1788.527586,8133,0.0,0.0,133277.4938936609,0.0
78.23,1760.907174,1784.384524,8134,0.0,0.0,132968.761210571,0.0
78.24,1789.080405,1785.088906,8135,0.0,0.0,133021.2503465724,0.0
78.25,1789.080405,1785.687631,8135,0.0,0.0,133065.86613452897,0.0
78.26,1789.080405,1786.196547,8135,0.0,0.0,133103.78953566257,0.0
78.27,1789.080405,1786.629126,8135,0.0,0.0,133136.02445643334,0.0
78.28,1789.080405,1786.996818,8135,0.0,0.0,133163.4241279108,0.0
78.29,1789.080405,1787.309356,8135,0.0,0.0,133186.713833763,0.0
78.3,1789.080405,1787.575013,8136,0.0,0.0,133206.510061382,0.0
78.31,1813.951585,1791.531499,8136,0.0,0.0,133501.33947460045,0.0
78.32000000000001,1813.951585,1794.894512,8136,0.0,0.0,133751.94446838432,0.0
78.33,1745.577657,1787.496983,8137,0.0,0.0,133200.6954220497,0.0
78.34,1787.286651,1787.465434,8138,0.0,0.0,133198.34445375166,0.0
78.35000000000001,1787.286651,1787.438616,8138,0.0,0.0,133196.34603009903,0.0
78.36,1787.286651,1787.415822,8138,0.0,0.0,133194.6474668677,0.0
78.37,1787.286651,1787.396446,8138,0.0,0.0,133193.20360615125,0.0
78.38,1787.286651,1787.379977,8138,0.0,0.0,133191.97636925307,0.0
78.39,1787.286651,1787.365978,8138,0.0,0.0,133190.93319180835,0.0
78.4,1787.286651,1787.354079,8139,0.0,0.0,133190.046502158,0.0
78.41,1773.716684,1785.30847,8139,0.0,0.0,133037.61181614007,0.0
78.42,1773.716684,1783.569702,8139,0.0,0.0,132908.04230694353,0.0
78.43,1865.973503,1795.930272,8140,0.0,0.0,133829.1272293078,0.0
78.44,1779.723381,1793.499239,8141,0.0,0.0,133647.9715186836,0.0
78.45,1779.723381,1791.43286,8141,0.0,0.0,133493.98909386096,0.0
78.46000000000001,1779.723381,1789.676438,8141,0.0,0.0,133363.1040439394,0.0
78.47,1779.723381,1788.18348,8141,0.0,0.0,133251.8518036687,0.0
78.48,1779.723381,1786.914465,8141,0.0,0.0,133157.28734727597,0.0
78.49,1779.723381,1785.835802,8141,0.0,0.0,133076.90754071265,0.0
78.5,1779.723381,1784.918939,8142,0.0,0.0,133008.58474611875,0.0
78.51,1800.47774,1787.252759,8142,0.0,0.0,133182.49633866767,0.0
78.52,1800.47774,1789.236507,8142,0.0,0.0,133330.32126685223,0.0
78.53,1800.47774,1790.922692,8142,0.0,0.0,133455.97239619473,0.0
78.54,1779.020017,1789.13729,8144,0.0,0.0,133322.92781471025,0.0
78.55,1779.020017,1787.619699,8144,0.0,0.0,133209.8399726111,0.0
78.56,1779.020017,1786.329747,8144,0.0,0.0,133113.7153329081,0.0
78.57000000000001,1779.020017,1785.233288,8144,0.0,0.0,133032.00940406413,0.0
78.58,1779.020017,1784.301297,8144,0.0,0.0,132962.5593012065,0.0
78.59,1779.020017,1783.509105,8144,0.0,0.0,132903.5267398588,0.0
78.60000000000001,1779.020017,1782.835742,8145,0.0,0.0,132853.34907761685,0.0
78.61,1759.352363,1779.313235,8145,0.0,0.0,132590.85891036547,0.0
78.62,1759.352363,1776.319104,8145,0.0,0.0,132367.74226447585,0.0
78.63,1759.352363,1773.774093,8145,0.0,0.0,132178.093141551,0.0
78.64,1802.803608,1778.12852,8147,0.0,0.0,132502.5763211484,0.0
78.65,1802.803608,1781.829783,8147,0.0,0.0,132778.38702753204,0.0
78.66,1802.803608,1784.975857,8147,0.0,0.0,133012.82616149125,0.0
78.67,1802.803608,1787.65002,8147,0.0,0.0,133212.0994328084,0.0
78.68,1802.803608,1789.923058,8147,0.0,0.0,133381.48167244307,0.0
78.69,1802.803608,1791.855141,8147,0.0,0.0,133525.45662829516,0.0
78.7,1802.803608,1793.497411,8148,0.0,0.0,133647.83529978446,0.0
78.71000000000001,1730.59729,1784.062393,8148,0.0,0.0,132944.75665357028,0.0
78.72,1730.59729,1776.042627,8148,0.0,0.0,132347.1397521257,0.0
78.73,1847.989189,1786.834611,8148,0.0,0.0,133151.33678711648,0.0
78.74,1783.594522,1786.348598,8152,0.0,0.0,133115.12007167592,0.0
78.75,1783.594522,1785.935487,8152,0.0,0.0,133084.33586727735,0.0
78.76,1783.594522,1785.584342,8152,0.0,0.0,133058.1692451019,0.0
78.77,1783.594522,1785.285869,8152,0.0,0.0,133035.92763488222,0.0
78.78,1783.594522,1785.032167,8152,0.0,0.0,133017.0222699214,0.0
78.79,1783.594522,1784.81652,8152,0.0,0.0,133000.95268734932,0.0
78.8,1783.594522,1784.63322,8152,0.0,0.0,132987.29353843714,0.0
78.81,1783.594522,1784.477416,8152,0.0,0.0,132975.68333637976,0.0
78.82000000000001,1783.594522,1784.344982,8152,0.0,0.0,132965.81461992025,0.0
78.83,1783.594522,1784.232413,8152,0.0,0.0,132957.42620347784,0.0
78.84,1801.251019,1786.785204,8153,0.0,0.0,133147.65507642197,0.0
78.85000000000001,1801.251019,1788.955076,8153,0.0,0.0,133309.34959234318,0.0
78.86,1801.251019,1790.799467,8153,0.0,0.0,133446.78991597262,0.0
78.87,1801.251019,1792.3672,8153,0.0,0.0,133563.61423949435,0.0
78.88,1801.251019,1793.699773,8153,0.0,0.0,133662.91491076193,0.0
78.89,1801.251019,1794.83246,8153,0.0,0.0,133747.32047761348,0.0
78.9,1801.251019,1795.795244,8154,0.0,0.0,133819.06521316315,0.0
78.91,1801.251019,1796.61361,8154,0.0,0.0,133880.0482085732,0.0
78.92,1752.624889,1790.015302,8154,0.0,0.0,133388.35551058958,0.0
78.93,1752.624889,1784.40674,8154,0.0,0.0,132970.41670239987,0.0
78.94,1781.839788,1784.021697,8156,0.0,0.0,132941.7240691506,0.0
78.95,1781.839788,1783.694411,8156,0.0,0.0,132917.33537187363,0.0
78.96000000000001,1781.839788,1783.416217,8156,0.0,0.0,132896.604912122,0.0
78.97,1781.839788,1783.179753,8156,0.0,0.0,132878.9840883993,0.0
78.98,1781.839788,1782.978758,8156,0.0,0.0,132864.00634352423,0.0
78.99,1781.839788,1782.807913,8156,0.0,0.0,132851.2753162689,0.0
79.0,1807.600987,1786.526874,8156,0.0,0.0,133128.4048421695,0.0
79.01,1807.600987,1789.687991,8157,0.0,0.0,133363.96495036266,0.0
79.02,1807.600987,1792.37494,8157,0.0,0.0,133564.19100879374,0.0
79.03,1788.124215,1791.737332,8157,0.0,0.0,133516.67773754665,0.0
79.04,1785.394189,1790.78586,8159,0.0,0.0,133445.77594958286,0.0
79.05,1785.394189,1789.977109,8159,0.0,0.0,133385.5094447172,0.0
79.06,1785.394189,1789.289671,8159,0.0,0.0,133334.28294166274,0.0
79.07000000000001,1785.394189,1788.705349,8159,0.0,0.0,133290.74043642182,0.0
79.08,1785.394189,1788.208675,8159,0.0,0.0,133253.72928461162,0.0
79.09,1785.394189,1787.786502,8159,0.0,0.0,133222.26979812118,0.0
79.10000000000001,1803.102318,1790.083875,8159,0.0,0.0,133393.46543322108,0.0
79.11,1803.102318,1792.036641,8160,0.0,0.0,133538.9816448121,0.0
79.12,1803.102318,1793.696493,8160,0.0,0.0,133662.67049173065,0.0
79.13,1788.012754,1792.843932,8160,0.0,0.0,133599.1393534016,0.0
79.14,1784.392651,1791.57624,8162,0.0,0.0,133504.67348431938,0.0
79.15,1784.392651,1790.498701,8162,0.0,0.0,133424.37743598508,0.0
79.16,1784.392651,1789.582794,8162,0.0,0.0,133356.12588059664,0.0
79.17,1784.392651,1788.804272,8162,0.0,0.0,133298.11198027254,0.0
79.18,1784.392651,1788.142529,8162,0.0,0.0,133248.80021715967,0.0
79.19,1784.392651,1787.580048,8162,0.0,0.0,133206.88525949864,0.0
79.2,1804.975422,1790.189354,8162,0.0,0.0,133401.32551706236,0.0
79.21000000000001,1804.975422,1792.407264,8163,0.0,0.0,133566.59972853973,0.0
79.22,1793.8799,1792.628159,8163,0.0,0.0,133583.06038156187,0.0
79.23,1793.8799,1792.81592,8163,0.0,0.0,133597.05195526016,0.0
79.24,1788.143911,1792.115119,8165,0.0,0.0,133544.82966820724,0.0
79.25,1788.143911,1791.519438,8165,0.0,0.0,133500.44071303454,0.0
79.26,1788.143911,1791.013109,8165,0.0,0.0,133462.71008996005,0.0
79.27,1788.143911,1790.582729,8165,0.0,0.0,133430.63903426545,0.0
79.28,1788.143911,1790.216906,8165,0.0,0.0,133403.37863692504,0.0
79.29,1788.143911,1789.905957,8165,0.0,0.0,133380.20734017057,0.0
79.3,1792.802801,1790.340483,8165,0.0,0.0,133412.58734748216,0.0
79.31,1792.802801,1790.709831,8166,0.0,0.0,133440.11042076317,0.0
79.32000000000001,1792.802801,1791.023777,8166,0.0,0.0,133463.5050479557,0.0
79.33,1799.799442,1792.340126,8166,0.0,0.0,133561.5967392344,0.0
79.34,1778.194776,1790.218324,8168,0.0,0.0,133403.48430344524,0.0
79.35000000000001,1778.194776,1788.414792,8168,0.0,0.0,133269.08871066905,0.0
79.36,1778.194776,1786.881789,8168,0.0,0.0,133154.85239719492,0.0
79.37,1778.194776,1785.578737,8168,0.0,0.0,133057.7515717268,0.0
79.38,1778.194776,1784.471143,8168,0.0,0.0,132975.2158849825,0.0
79.39,1778.194776,1783.529688,8168,0.0,0.0,132905.06054379803,0.0
79.4,1812.393083,1787.859197,8168,0.0,0.0,133227.6868839377,0.0
79.41,1812.393083,1791.53928,8169,0.0,0.0,133501.91929913775,0.0
79.42,1793.938019,1791.899091,8169,0.0,0.0,133528.73169427816,0.0
79.43,1793.938019,1792.20493,8169,0.0,0.0,133551.52220406625,0.0
79.44,1786.478113,1791.345908,8171,0.0,0.0,133487.50960495637,0.0
79.45,1786.478113,1790.615739,8171,0.0,0.0,133433.09887335758,0.0
79.46000000000001,1786.478113,1789.995095,8171,0.0,0.0,133386.84972541736,0.0
79.47,1786.478113,1789.467547,8171,0.0,0.0,133347.53790495734,0.0
79.48,1786.478113,1789.019132,8171,0.0,0.0,133314.1229171807,0.0
79.49,1786.478113,1788.637979,8171,0.0,0.0,133285.7201589411,0.0
79.5,1721.052022,1778.500086,8171,0.0,0.0,132530.2646753475,0.0
79.51,1721.052022,1769.882876,8172,0.0,0.0,131888.12744350088,0.0
79.52,1721.052022,1762.558248,8172,0.0,0.0,131342.31083369022,0.0
79.53,1788.115333,1766.391811,8172,0.0,0.0,131627.9802711218,0.0
79.54,1786.281088,1769.375203,8174,0.0,0.0,131850.29666823798,0.0
79.55,1786.281088,1771.911085,8174,0.0,0.0,132039.2655163651,0.0
79.56,1786.281088,1774.066586,8174,0.0,0.0,132199.88913414656,0.0
79.57000000000001,1786.281088,1775.898761,8174,0.0,0.0,132336.41914592055,0.0
79.58,1786.281088,1777.45611,8174,0.0,0.0,132452.4696745579,0.0
79.59,1786.281088,1778.779857,8174,0.0,0.0,132551.11264998096,0.0
79.60000000000001,1801.269719,1782.153336,8174,0.0,0.0,132802.49754912496,0.0
79.61,1801.269719,1785.020794,8175,0.0,0.0,133016.17477673767,0.0
79.62,1801.269719,1787.458132,8175,0.0,0.0,133197.80032333508,0.0
79.63,1784.09307,1786.953373,8175,0.0,0.0,133160.1866935164,0.0
79.64,1790.441566,1787.476602,8177,0.0,0.0,133199.17667074592,0.0
79.65,1790.441566,1787.921347,8177,0.0,0.0,133232.3181774723,0.0
79.66,1790.441566,1788.29938,8177,0.0,0.0,133260.4884395602,0.0
79.67,1790.441566,1788.620708,8177,0.0,0.0,133284.43315860906,0.0
79.68,1790.441566,1788.893836,8177,0.0,0.0,133304.78611018616,0.0
79.69,1790.441566,1789.125996,8177,0.0,0.0,133322.0862084483,0.0
79.7,1798.257975,1790.495793,8177,0.0,0.0,133424.1607376488,0.0
79.71000000000001,1798.257975,1791.66012,8178,0.0,0.0,133510.92405393615,0.0
79.72,1798.257975,1792.649798,8178,0.0,0.0,133584.67287650626,0.0
79.73,1784.088669,1791.365629,8178,0.0,0.0,133488.97917438188,0.0
79.74,1787.059338,1790.719685,8180,0.0,0.0,133440.84472110897,0.0
79.75,1787.059338,1790.170633,8180,0.0,0.0,133399.93046563418,0.0
79.76,1787.059338,1789.703939,8180,0.0,0.0,133365.15336338422,0.0
79.77,1787.059338,1789.307249,8180,0.0,0.0,133335.59281901992,0.0
79.78,1787.059338,1788.970062,8180,0.0,0.0,133310.4663190513,0.0
79.79,1787.059338,1788.683453,8180,0.0,0.0,133289.10879035207,0.0
79.8,1787.059338,1788.439836,8180,0.0,0.0,133270.95493939443,0.0
79.81,1787.059338,1788.232761,8181,0.0,0.0,133255.52412509552,0.0
79.82000000000001,1787.059338,1788.056748,8181,0.0,0.0,133242.40798882997,0.0
79.83,1808.458303,1791.116981,8181,0.0,0.0,133470.4504233796,0.0
79.84,1776.551207,1788.932115,8183,0.0,0.0,133307.63858460632,0.0
79.85000000000001,1776.551207,1787.074979,8183,0.0,0.0,133169.2485291008,0.0
79.86,1776.551207,1785.496413,8183,0.0,0.0,133051.6169521139,0.0
79.87,1776.551207,1784.154632,8183,0.0,0.0,132951.6301191268,0.0
79.88,1776.551207,1783.014119,8183,0.0,0.0,132866.64137442812,0.0
79.89,1776.551207,1782.044682,8183,0.0,0.0,132794.40087064213,0.0
79.9,1815.507195,1787.064059,8183,0.0,0.0,133168.43479256984,0.0
79.91,1815.507195,1791.330529,8184,0.0,0.0,133486.3635926753,0.0
79.92,1799.856102,1792.609365,8184,0.0,0.0,133581.65989031986,0.0
79.93,1799.856102,1793.696376,8184,0.0,0.0,133662.66177312497,0.0
79.94,1782.357641,1791.995565,8186,0.0,0.0,133535.9207435534,0.0
79.95,1782.357641,1790.549877,8186,0.0,0.0,133428.19096901687,0.0
79.96000000000001,1782.357641,1789.321041,8186,0.0,0.0,133336.6205712392,0.0
79.97,1782.357641,1788.276531,8186,0.0,0.0,133258.78577783905,0.0
79.98,1782.357641,1787.388698,8186,0.0,0.0,133192.62624070785,0.0
79.99,1782.357641,1786.634039,8186,0.0,0.0,133136.39056335427,0.0
80.0,1801.310277,1788.835475,8186,0.0,0.0,133300.4371653435,0.0
80.01,1801.310277,1790.706695,8187,0.0,0.0,133439.87673232352,0.0
80.02,1801.310277,1792.297232,8187,0.0,0.0,133558.40036425655,0.0
80.03,1788.081179,1791.664824,8187,0.0,0.0,133511.2745865956,0.0
80.04,1781.225931,1790.09899,8189,0.0,0.0,133394.59177275086,0.0
80.05,1781.225931,1788.768031,8189,0.0,0.0,133295.41137353098,0.0
80.06,1781.225931,1787.636716,8189,0.0,0.0,133211.1080453718,0.0
80.07000000000001,1781.225931,1786.675098,8189,0.0,0.0,133139.450197807,0.0
80.08,1781.225931,1785.857723,8189,0.0,0.0,133078.5410497323,0.0
80.09,1781.225931,1785.162954,8189,0.0,0.0,133026.76825523932,0.0
80.10000000000001,1801.086513,1787.551488,8189,0.0,0.0,133204.75702549465,0.0
80.11,1801.086513,1789.581742,8190,0.0,0.0,133356.04748766343,0.0
80.12,1787.969605,1789.339921,8190,0.0,0.0,133338.02747102897,0.0
80.13,1787.969605,1789.134374,8190,0.0,0.0,133322.71052023003,0.0
80.14,1784.762584,1788.478605,8192,0.0,0.0,133273.84392763325,0.0
80.15,1784.762584,1787.921202,8192,0.0,0.0,133232.3073723627,0.0
80.16,1784.762584,1787.447409,8192,0.0,0.0,133197.00126684963,0.0
80.17,1784.762584,1787.044686,8192,0.0,0.0,133166.9911554074,0.0
80.18,1784.762584,1786.70237,8192,0.0,0.0,133141.48245263044,0.0
80.19,1784.762584,1786.411402,8192,0.0,0.0,133119.80009998078,0.0
80.2,1795.64985,1787.79717,8192,0.0,0.0,133223.0647561168,0.0
80.21000000000001,1795.64985,1788.975072,8193,0.0,0.0,133310.839654218,0.0
80.22,1793.994528,1789.72799,8193,0.0,0.0,133366.94559573822,0.0
80.23,1793.994528,1790.367971,8193,0.0,0.0,133414.63569819301,0.0
80.24,1782.628065,1789.206985,8195,0.0,0.0,133328.12134653478,0.0
80.25,1782.628065,1788.220147,8195,0.0,0.0,133254.5841550771,0.0
80.26,1782.628065,1787.381335,8195,0.0,0.0,133192.07756469346,0.0
80.27,1782.628065,1786.668344,8195,0.0,0.0,133138.94690325297,0.0
80.28,1782.628065,1786.062302,8195,0.0,0.0,133093.78586710987,0.0
80.29,1782.628065,1785.547167,8195,0.0,0.0,133055.39903855082,0.0
80.3,1815.195728,1789.994451,8195,0.0,0.0,133386.80173582706,0.0
80.31,1815.195728,1793.774642,8196,0.0,0.0,133668.49399870468,0.0
80.32000000000001,1815.195728,1796.987805,8196,0.0,0.0,133907.93247058732,0.0
80.33,1916.09408,1814.853746,8196,0.0,0.0,135239.26661447794,0.0
80.34,1993.245186,1841.612462,8198,0.0,0.0,137233.2725421518,0.0
80.35000000000001,1993.245186,1864.357371,8198,0.0,0.0,138928.17761048177,0.0
80.36,1993.245186,1883.690543,8198,0.0,0.0,140368.84687012553,0.0
80.37,1993.245186,1900.123739,8198,0.0,0.0,141593.41572591913,0.0
80.38,1993.245186,1914.091956,8198,0.0,0.0,142634.2992831509,0.0
80.39,1993.245186,1925.964941,8198,0.0,0.0,143519.05034778282,0.0
80.4,1974.797984,1933.289897,8199,0.0,0.0,144064.89139949658,0.0
80.41,1974.797984,1939.51611,8199,0.0,0.0,144528.8563232605,0.0
80.42,1974.797984,1944.808391,8199,0.0,0.0,144923.2265047339,0.0
80.43,2040.073647,1959.09818,8200,0.0,0.0,145988.0729634059,0.0
80.44,2046.305383,1972.17926,8201,0.0,0.0,146962.84884803262,0.0
80.45,2046.305383,1983.298179,8201,0.0,0.0,147791.40842448332,0.0
80.46000000000001,2046.305383,1992.749259,8201,0.0,0.0,148495.68397877077,0.0
80.47,2046.305383,2000.782678,8201,0.0,0.0,149094.31827443308,0.0
80.48,2046.305383,2007.611084,8201,0.0,0.0,149603.15741456833,0.0
80.49,2046.305383,2013.415228,8202,0.0,0.0,150035.67060171353,0.0
80.5,2058.01537,2020.10525,8202,0.0,0.0,150534.1976433051,0.0
80.51,2058.01537,2025.791768,8202,0.0,0.0,150957.94557649532,0.0
80.52,2039.801119,2027.89317,8203,0.0,0.0,151114.53784513872,0.0
80.53,2039.801119,2029.679363,8203,0.0,0.0,151247.64137035905,0.0
80.54,2046.915685,2032.264811,8205,0.0,0.0,151440.30377754229,0.0
80.55,2046.915685,2034.462442,8205,0.0,0.0,151604.06683855163,0.0
80.56,2046.915685,2036.330429,8205,0.0,0.0,151743.26548884631,0.0
80.57000000000001,2046.915685,2037.918217,8205,0.0,0.0,151861.58427080465,0.0
80.58,2046.915685,2039.267837,8205,0.0,0.0,151962.15525037286,0.0
80.59,2046.915685,2040.415015,8205,0.0,0.0,152047.6406575238,0.0
80.60000000000001,2058.957925,2043.196451,8205,0.0,0.0,152254.90769796944,0.0
80.61,2058.957925,2045.560672,8206,0.0,0.0,152431.08471215545,0.0
80.62,2045.967265,2045.621661,8206,0.0,0.0,152435.62949029513,0.0
80.63,2045.967265,2045.673502,8206,0.0,0.0,152439.49257779517,0.0
80.64,2072.04372,2049.629035,8208,0.0,0.0,152734.2509753621,0.0
80.65,2072.04372,2052.991237,8208,0.0,0.0,152984.79553505016,0.0
80.66,2072.04372,2055.84911,8208,0.0,0.0,153197.75850765838,0.0
80.67,2072.04372,2058.278301,8208,0.0,0.0,153378.77695613148,0.0
80.68,2072.04372,2060.343114,8208,0.0,0.0,153532.64268577023,0.0
80.69,2072.04372,2062.098205,8208,0.0,0.0,153663.42855223734,0.0
80.7,1993.838563,2051.859259,8209,0.0,0.0,152900.44280145873,0.0
80.71000000000001,1993.838563,2043.156154,8209,0.0,0.0,152251.90484623067,0.0
80.72,2051.85873,2044.461541,8209,0.0,0.0,152349.17967122258,0.0
80.73,2051.85873,2045.571119,8210,0.0,0.0,152431.86320167367,0.0
80.74,2045.562307,2045.569797,8212,0.0,0.0,152431.76468888117,0.0
80.75,2045.562307,2045.568674,8212,0.0,0.0,152431.6810051702,0.0
80.76,2045.562307,2045.567719,8212,0.0,0.0,152431.60984048268,0.0
80.77,2045.562307,2045.566907,8212,0.0,0.0,152431.54933186882,0.0
80.78,2045.562307,2045.566217,8212,0.0,0.0,152431.49791445068,0.0
80.79,2045.562307,2045.565631,8212,0.0,0.0,152431.45424690424,0.0
80.8,2045.562307,2045.565132,8212,0.0,0.0,152431.41706242354,0.0
80.81,2045.562307,2045.564709,8213,0.0,0.0,152431.38554131068,0.0
80.82000000000001,2045.562307,2045.564348,8213,0.0,0.0,152431.35864031367,0.0
80.83,2072.206585,2049.560684,8213,0.0,0.0,152729.15759572602,0.0
80.84,2030.832782,2046.751499,8215,0.0,0.0,152519.82275537224,0.0
80.85000000000001,2030.832782,2044.363691,8215,0.0,0.0,152341.888085183,0.0
80.86,2030.832782,2042.334055,8215,0.0,0.0,152190.64367513658,0.0
80.87,2030.832782,2040.608864,8215,0.0,0.0,152062.08589678988,0.0
80.88,2030.832782,2039.142452,8215,0.0,0.0,151952.81181127654,0.0
80.89,2030.832782,2037.896001,8215,0.0,0.0,151859.92877897577,0.0
80.9,2073.144666,2043.183301,8216,0.0,0.0,152253.92778630444,0.0
80.91,2073.144666,2047.677506,8216,0.0,0.0,152588.82694253384,0.0
80.92,2073.144666,2051.49758,8216,0.0,0.0,152873.49120669934,0.0
80.93,2048.013312,2050.97494,8217,0.0,0.0,152834.54512057023,0.0
80.94,2034.945941,2048.57059,8218,0.0,0.0,152655.377773669,0.0
80.95,2034.945941,2046.526893,8218,0.0,0.0,152503.08556606196,0.0
80.96000000000001,2034.945941,2044.78975,8218,0.0,0.0,152373.63714861113,0.0
80.97,2034.945941,2043.313178,8218,0.0,0.0,152263.6059602448,0.0
80.98,2034.945941,2042.058093,8218,0.0,0.0,152170.079539555,0.0
80.99,2034.945941,2040.99127,8219,0.0,0.0,152090.58202608017,0.0
81.0,2075.103478,2046.108101,8219,0.0,0.0,152471.87802492053,0.0
81.01,2075.103478,2050.457408,8219,0.0,0.0,152795.97967237156,0.0
81.02,2057.974584,2051.584984,8220,0.0,0.0,152880.00437773866,0.0
81.03,2057.974584,2052.543424,8220,0.0,0.0,152951.42540710795,0.0
81.04,2033.64663,2049.708905,8222,0.0,0.0,152740.20272780955,0.0
81.05,2033.64663,2047.299564,8222,0.0,0.0,152560.66346158364,0.0
81.06,2033.64663,2045.251624,8222,0.0,0.0,152408.05507411392,0.0
81.07000000000001,2033.64663,2043.510875,8222,0.0,0.0,152278.33794476467,0.0
81.08,2033.64663,2042.031238,8222,0.0,0.0,152168.0783587365,0.0
81.09,2033.64663,2040.773547,8222,0.0,0.0,152074.35774414564,0.0
81.10000000000001,2080.60263,2046.747909,8222,0.0,0.0,152519.55523576177,0.0
81.11,2080.60263,2051.826118,8223,0.0,0.0,152897.97320050895,0.0
81.12,2033.993796,2049.151269,8223,0.0,0.0,152698.64880984562,0.0
81.13,2033.993796,2046.877648,8223,0.0,0.0,152529.22312621854,0.0
81.14,2038.966236,2045.690937,8225,0.0,0.0,152440.79179907875,0.0
81.15,2038.966236,2044.682231,8225,0.0,0.0,152365.62504805528,0.0
81.16,2038.966236,2043.824832,8225,0.0,0.0,152301.7333916551,0.0
81.17,2038.966236,2043.096043,8225,0.0,0.0,152247.4254948927,0.0
81.18,2038.966236,2042.476572,8225,0.0,0.0,152201.26375656328,0.0
81.19,2038.966236,2041.950021,8226,0.0,0.0,152162.02623054662,0.0
81.2,2072.737722,2046.568176,8226,0.0,0.0,152506.1618925461,0.0
81.21000000000001,2072.737722,2050.493608,8226,0.0,0.0,152798.6772238752,0.0
81.22,2072.737722,2053.830225,8227,0.0,0.0,153047.3152406013,0.0
81.23,2048.104317,2052.971339,8227,0.0,0.0,152983.31277593915,0.0
81.24,2036.154671,2050.448839,8228,0.0,0.0,152795.34112765235,0.0
81.25,2036.154671,2048.304714,8228,0.0,0.0,152635.56522660863,0.0
81.26,2036.154671,2046.482207,8228,0.0,0.0,152499.75565483293,0.0
81.27,2036.154671,2044.933077,8228,0.0,0.0,152384.31758961568,0.0
81.28,2036.154671,2043.616316,8229,0.0,0.0,152286.19519692205,0.0
81.29,2036.154671,2042.497069,8229,0.0,0.0,152202.79115195473,0.0
81.3,2045.858551,2043.001292,8229,0.0,0.0,152240.36484012683,0.0
81.31,2045.858551,2043.42988,8230,0.0,0.0,152272.3023595702,0.0
81.32000000000001,2045.858551,2043.794181,8230,0.0,0.0,152299.44934051868,0.0
81.33,2060.204166,2046.255679,8230,0.0,0.0,152482.8752419318,0.0
81.34,2041.348294,2045.519571,8232,0.0,0.0,152428.02194794684,0.0
81.35000000000001,2041.348294,2044.89388,8232,0.0,0.0,152381.396707674,0.0
81.36,2041.348294,2044.362042,8232,0.0,0.0,152341.7652050054,0.0
81.37,2041.348294,2043.90998,8232,0.0,0.0,152308.07845009252,0.0
81.38,2041.348294,2043.525727,8232,0.0,0.0,152279.44468606112,0.0
81.39,2041.348294,2043.199112,8232,0.0,0.0,152255.10599036035,0.0
81.4,2027.645449,2040.866062,8233,0.0,0.0,152081.25177666944,0.0
81.41,2027.645449,2038.88297,8233,0.0,0.0,151933.4757322911,0.0
81.42,2027.645449,2037.197342,8233,0.0,0.0,151807.86610947314,0.0
81.43,2048.092915,2038.831678,8234,0.0,0.0,151929.6535551716,0.0
81.44,2030.365313,2037.561723,8235,0.0,0.0,151835.01905186137,0.0
81.45,2030.365313,2036.482262,8235,0.0,0.0,151754.5797799362,0.0
81.46000000000001,2030.365313,2035.56472,8235,0.0,0.0,151686.2063876221,0.0
81.47,2030.365313,2034.784809,8235,0.0,0.0,151628.08898179972,0.0
81.48,2030.365313,2034.121884,8235,0.0,0.0,151578.689138414,0.0
81.49,2030.365313,2033.558399,8236,0.0,0.0,151536.6993646836,0.0
81.5,2089.200847,2041.904766,8236,0.0,0.0,152158.65391857707,0.0
81.51,2089.200847,2048.999178,8236,0.0,0.0,152687.3152931124,0.0
81.52,2045.90282,2048.534724,8237,0.0,0.0,152652.70511117647,0.0
81.53,2045.90282,2048.139939,8237,0.0,0.0,152623.2865235971,0.0
81.54,2036.819901,2046.441933,8239,0.0,0.0,152496.7545170081,0.0
81.55,2036.819901,2044.998628,8239,0.0,0.0,152389.20231885923,0.0
81.56,2036.819901,2043.771819,8239,0.0,0.0,152297.78296906222,0.0
81.57000000000001,2036.819901,2042.729031,8239,0.0,0.0,152220.07649565343,0.0
81.58,2036.819901,2041.842662,8239,0.0,0.0,152154.02605287032,0.0
81.59,2036.819901,2041.089247,8239,0.0,0.0,152097.88307590544,0.0
81.60000000000001,2083.38106,2047.433019,8239,0.0,0.0,152570.6082609185,0.0
81.61,2083.38106,2052.825225,8240,0.0,0.0,152972.424653276,0.0
81.62,2045.965321,2051.79624,8240,0.0,0.0,152895.74675178443,0.0
81.63,2045.965321,2050.921602,8241,0.0,0.0,152830.57047962816,0.0
81.64,2041.790275,2049.551903,8242,0.0,0.0,152728.5032531914,0.0
81.65,2041.790275,2048.387659,8242,0.0,0.0,152641.74612189786,0.0
81.66,2041.790275,2047.398051,8242,0.0,0.0,152568.00251558755,0.0
81.67,2041.790275,2046.556885,8242,0.0,0.0,152505.32050983817,0.0
81.68,2041.790275,2045.841893,8242,0.0,0.0,152452.04073788502,0.0
81.69,2041.790275,2045.23415,8243,0.0,0.0,152406.75294662843,0.0
81.7,2071.137409,2049.119639,8243,0.0,0.0,152696.2918055898,0.0
81.71000000000001,2071.137409,2052.422305,8243,0.0,0.0,152942.3998617883,0.0
81.72,2071.137409,2055.22957,8244,0.0,0.0,153151.5916275872,0.0
81.73,2048.062602,2054.154525,8244,0.0,0.0,153071.48142713823,0.0
81.74,2030.809499,2050.652771,8246,0.0,0.0,152810.53773188562,0.0
81.75,2030.809499,2047.67628,8246,0.0,0.0,152588.73558346907,0.0
81.76,2030.809499,2045.146263,8246,0.0,0.0,152400.2037833963,0.0
81.77,2030.809499,2042.995749,8246,0.0,0.0,152239.95178686758,0.0
81.78,2030.809499,2041.167811,8246,0.0,0.0,152103.73750784836,0.0
81.79,2030.809499,2039.614064,8246,0.0,0.0,151987.9553930374,0.0
81.8,2030.809499,2038.29338,8246,0.0,0.0,151889.5406662402,0.0
81.81,2030.809499,2037.170798,8247,0.0,0.0,151805.88810375181,0.0
81.82000000000001,2030.809499,2036.216603,8247,0.0,0.0,151734.7834032812,0.0
81.83,2033.703909,2035.839699,8247,0.0,0.0,151706.6972720123,0.0
81.84,2082.227752,2042.797907,8249,0.0,0.0,152225.20899723808,0.0
81.85000000000001,2082.227752,2048.712384,8249,0.0,0.0,152665.94397858364,0.0
81.86,2082.227752,2053.739689,8249,0.0,0.0,153040.56867919423,0.0
81.87,2082.227752,2058.012898,8249,0.0,0.0,153358.99965608376,0.0
81.88,2082.227752,2061.645127,8249,0.0,0.0,153629.66608703916,0.0
81.89,2082.227752,2064.73252,8249,0.0,0.0,153859.7324303965,0.0
81.9,1992.954003,2053.965743,8250,0.0,0.0,153057.41377056466,0.0
81.91,1992.954003,2044.813982,8250,0.0,0.0,152375.4428687226,0.0
81.92,2045.800534,2044.961965,8250,0.0,0.0,152386.47026552277,0.0
81.93,2045.800534,2045.08775,8251,0.0,0.0,152395.84351181804,0.0
81.94,2076.864654,2049.854286,8252,0.0,0.0,152751.03622878063,0.0
81.95,2076.864654,2053.905841,8252,0.0,0.0,153052.9499934881,0.0
81.96000000000001,2076.864654,2057.349663,8252,0.0,0.0,153309.57671211887,0.0
81.97,2076.864654,2060.276912,8252,0.0,0.0,153527.70944531044,0.0
81.98,2076.864654,2062.765073,8252,0.0,0.0,153713.1222200866,0.0
81.99,2076.864654,2064.88001,8253,0.0,0.0,153870.72308982402,0.0
82.0,1987.749144,2053.31038,8253,0.0,0.0,153008.57743227482,0.0
82.01,1987.749144,2043.476195,8253,0.0,0.0,152275.75366061693,0.0
82.02,1987.749144,2035.117137,8254,0.0,0.0,151652.85339881928,0.0
82.03,2048.132105,2037.069382,8254,0.0,0.0,151798.3307865337,0.0
82.04,2034.505604,2036.684816,8256,0.0,0.0,151769.67369836915,0.0
82.05,2034.505604,2036.357934,8256,0.0,0.0,151745.31510636306,0.0
82.06,2034.505604,2036.080084,8256,0.0,0.0,151724.61028080256,0.0
82.07000000000001,2034.505604,2035.843912,8256,0.0,0.0,151707.01121633512,0.0
82.08,2034.505604,2035.643166,8256,0.0,0.0,151692.05202644132,0.0
82.09,2034.505604,2035.472532,8256,0.0,0.0,151679.33672248345,0.0
82.10000000000001,2086.034053,2043.05676,8257,0.0,0.0,152244.49820440318,0.0
82.11,2086.034053,2049.503354,8257,0.0,0.0,152724.88547893858,0.0
82.12,2051.993741,2049.876912,8257,0.0,0.0,152752.72227298844,0.0
82.13,2051.993741,2050.194436,8258,0.0,0.0,152776.38352557542,0.0
82.14,2037.179956,2048.242264,8259,0.0,0.0,152630.91157767482,0.0
82.15,2037.179956,2046.582918,8259,0.0,0.0,152507.26043686288,0.0
82.16,2037.179956,2045.172474,8259,0.0,0.0,152402.15697462458,0.0
82.17,2037.179956,2043.973596,8259,0.0,0.0,152312.8189870112,0.0
82.18,2037.179956,2042.95455,8259,0.0,0.0,152236.88171989523,0.0
82.19,2037.179956,2042.088361,8260,0.0,0.0,152172.33505029848,0.0
82.2,2082.051704,2048.082863,8260,0.0,0.0,152619.03333438103,0.0
82.21000000000001,2082.051704,2053.178189,8260,0.0,0.0,152998.72682368863,0.0
82.22,2082.051704,2057.509216,8261,0.0,0.0,153321.46628214826,0.0
82.23,2048.111895,2056.099618,8261,0.0,0.0,153216.4258621357,0.0
82.24,2030.582761,2052.272089,8263,0.0,0.0,152931.20606630002,0.0
82.25,2030.582761,2049.01869,8263,0.0,0.0,152688.76928827647,0.0
82.26,2030.582761,2046.253301,8263,0.0,0.0,152482.6980381341,0.0
82.27,2030.582761,2043.90272,8263,0.0,0.0,152307.5374494318,0.0
82.28,2030.582761,2041.904726,8263,0.0,0.0,152158.65093785716,0.0
82.29,2030.582761,2040.206431,8263,0.0,0.0,152032.0973955669,0.0
82.3,2088.717163,2047.483041,8263,0.0,0.0,152574.33580018135,0.0
82.31,2088.717163,2053.668159,8264,0.0,0.0,153035.23840684458,0.0
82.32000000000001,2088.717163,2058.92551,8264,0.0,0.0,153427.005674671,0.0
82.33,2043.801274,2056.656874,8264,0.0,0.0,153257.95146326063,0.0
82.34,2057.354372,2056.761499,8266,0.0,0.0,153265.74790873218,0.0
82.35000000000001,2057.354372,2056.85043,8266,0.0,0.0,153272.3748687535,0.0
82.36,2057.354372,2056.926021,8266,0.0,0.0,153278.00775869034,0.0
82.37,2057.354372,2056.990274,8266,0.0,0.0,153282.79576357338,0.0
82.38,2057.354372,2057.044889,8266,0.0,0.0,153286.86556399797,0.0
82.39,2057.354372,2057.091311,8266,0.0,0.0,153290.32483847043,0.0
82.4,2000.92218,2048.665941,8267,0.0,0.0,152662.48313923329,0.0
82.41,2000.92218,2041.504377,8267,0.0,0.0,152128.81773214065,0.0
82.42,2000.92218,2035.417048,8267,0.0,0.0,151675.20216591915,0.0
82.43,2056.027277,2038.508582,8268,0.0,0.0,151905.57708830346,0.0
82.44,2032.462789,2037.601713,8269,0.0,0.0,151837.99902657495,0.0
82.45,2032.462789,2036.830875,8269,0.0,0.0,151780.55772254243,0.0
82.46000000000001,2032.462789,2036.175662,8269,0.0,0.0,151731.73256195217,0.0
82.47,2032.462789,2035.618731,8269,0.0,0.0,151690.23117917633,0.0
82.48,2032.462789,2035.14534,8270,0.0,0.0,151654.95502989824,0.0
82.49,2032.462789,2034.742957,8270,0.0,0.0,151624.9702545751,0.0
82.5,2090.038292,2043.037257,8270,0.0,0.0,152243.0448799011,0.0
82.51,2090.038292,2050.087412,8271,0.0,0.0,152768.4083114282,0.0
82.52,2090.038292,2056.080044,8271,0.0,0.0,153214.96724685575,0.0
82.53,2044.241629,2054.304282,8271,0.0,0.0,153082.6410188657,0.0
82.54,2038.760322,2051.972688,8273,0.0,0.0,152908.89530337887,0.0
82.55,2038.760322,2049.990833,8273,0.0,0.0,152761.21143776324,0.0
82.56,2038.760322,2048.306257,8273,0.0,0.0,152635.68020787855,0.0
82.57000000000001,2038.760322,2046.874366,8273,0.0,0.0,152528.97855815123,0.0
82.58,2038.760322,2045.65726,8273,0.0,0.0,152438.28225648237,0.0
82.59,2038.760322,2044.622719,8273,0.0,0.0,152361.19033299765,0.0
82.60000000000001,2072.826837,2048.853337,8274,0.0,0.0,152676.4475138625,0.0
82.61,2072.826837,2052.449362,8274,0.0,0.0,152944.41609524225,0.0
82.62,2045.986087,2051.479871,8274,0.0,0.0,152872.17156748442,0.0
82.63,2045.986087,2050.655803,8275,0.0,0.0,152810.76367045354,0.0
82.64,2035.758691,2048.421236,8276,0.0,0.0,152644.2482126945,0.0
82.65,2035.758691,2046.521854,8276,0.0,0.0,152502.71006987343,0.0
82.66,2035.758691,2044.90738,8276,0.0,0.0,152382.40270063805,0.0
82.67,2035.758691,2043.535076,8276,0.0,0.0,152280.14135481822,0.0
82.68,2035.758691,2042.368619,8276,0.0,0.0,152193.2193151966,0.0
82.69,2035.758691,2041.377129,8277,0.0,0.0,152119.3354660153,0.0
82.7,2075.469448,2046.490977,8277,0.0,0.0,152500.4091776696,0.0
82.71000000000001,2075.469448,2050.837748,8277,0.0,0.0,152824.32184747932,0.0
82.72,2075.469448,2054.532503,8278,0.0,0.0,153099.64759073633,0.0
82.73,2048.047446,2053.559744,8278,0.0,0.0,153027.15953816316,0.0
82.74,2035.084586,2050.788471,8281,0.0,0.0,152820.64982412447,0.0
82.75,2035.084586,2048.432888,8281,0.0,0.0,152645.11649639948,0.0
82.76,2035.084586,2046.430643,8281,0.0,0.0,152495.91320881815,0.0
82.77,2035.084586,2044.728734,8281,0.0,0.0,152369.0903584855,0.0
82.78,2035.084586,2043.282112,8281,0.0,0.0,152261.2909841395,0.0
82.79,2035.084586,2042.052483,8281,0.0,0.0,152169.66149358993,0.0
82.8,2035.084586,2041.007298,8281,0.0,0.0,152091.77640054154,0.0
82.81,2035.084586,2040.118891,8281,0.0,0.0,152025.5740900799,0.0
82.82000000000001,2035.084586,2039.363746,8281,0.0,0.0,151969.30219697958,0.0
82.83,2084.739078,2046.170046,8281,0.0,0.0,152476.4940422657,0.0
82.84,2034.888907,2044.477875,8283,0.0,0.0,152350.39684819116,0.0
82.85000000000001,2034.888907,2043.03953,8283,0.0,0.0,152243.21425930908,0.0
82.86,2034.888907,2041.816936,8283,0.0,0.0,152152.1090028708,0.0
82.87,2034.888907,2040.777732,8283,0.0,0.0,152074.66960196447,0.0
82.88,2034.888907,2039.894408,8283,0.0,0.0,152008.8460664833,0.0
82.89,2034.888907,2039.143583,8283,0.0,0.0,151952.89609113155,0.0
82.9,2009.760141,2034.736067,8284,0.0,0.0,151624.45682557346,0.0
82.91,2009.760141,2030.989678,8284,0.0,0.0,151345.28342004184,0.0
82.92,2039.88801,2032.324428,8285,0.0,0.0,151444.74631698962,0.0
82.93,2039.88801,2033.458965,8285,0.0,0.0,151529.28974213623,0.0
82.94,2076.637287,2039.935714,8286,0.0,0.0,152011.92410688137,0.0
82.95,2076.637287,2045.44095,8286,0.0,0.0,152422.16326847803,0.0
82.96000000000001,2076.637287,2050.1204,8286,0.0,0.0,152770.86651112442,0.0
82.97,2076.637287,2054.097933,8286,0.0,0.0,153067.26430463284,0.0
82.98,2076.637287,2057.478836,8287,0.0,0.0,153319.20242538908,0.0
82.99,2076.637287,2060.352604,8287,0.0,0.0,153533.34986156502,0.0
83.0,1988.327957,2049.548907,8287,0.0,0.0,152728.27999727137,0.0
83.01,1988.327957,2040.365765,8288,0.0,0.0,152043.97064615486,0.0
83.02,2051.913922,2042.097988,8288,0.0,0.0,152173.05243505884,0.0
83.03,2051.913922,2043.570378,8288,0.0,0.0,152282.77198916028,0.0
83.04,2039.298113,2042.929538,8290,0.0,0.0,152235.01787574583,0.0
83.05,2039.298113,2042.384825,8290,0.0,0.0,152194.42695386146,0.0
83.06,2039.298113,2041.921818,8290,0.0,0.0,152159.9245994677,0.0
83.07000000000001,2039.298113,2041.528262,8290,0.0,0.0,152130.59759450707,0.0
83.08,2039.298113,2041.19374,8290,0.0,0.0,152105.66968500134,0.0
83.09,2039.298113,2040.909396,8290,0.0,0.0,152084.48093956607,0.0
83.10000000000001,2072.08465,2045.585684,8291,0.0,0.0,152432.94855630485,0.0
83.11,2072.08465,2049.560529,8291,0.0,0.0,152729.14604543647,0.0
83.12,2063.970692,2051.722053,8291,0.0,0.0,152890.21848511588,0.0
83.13,2063.970692,2053.559349,8292,0.0,0.0,153027.13010355423,0.0
83.14,2028.82099,2049.848595,8293,0.0,0.0,152750.6121468578,0.0
83.15,2028.82099,2046.694454,8293,0.0,0.0,152515.57187621406,0.0
83.16,2028.82099,2044.013435,8293,0.0,0.0,152315.78770950716,0.0
83.17,2028.82099,2041.734568,8293,0.0,0.0,152145.971104466,0.0
83.18,2028.82099,2039.797531,8293,0.0,0.0,152001.62698645514,0.0
83.19,2028.82099,2038.15105,8294,0.0,0.0,151878.934519679,0.0
83.2,2097.36277,2047.032808,8294,0.0,0.0,152540.78533868556,0.0
83.21000000000001,2097.36277,2054.582302,8294,0.0,0.0,153103.35851248578,0.0
83.22,2045.957751,2053.28862,8295,0.0,0.0,153006.9559206527,0.0
83.23,2045.957751,2052.188989,8295,0.0,0.0,152925.01362072126,0.0
83.24,2039.078141,2050.222362,8297,0.0,0.0,152778.4645151691,0.0
83.25,2039.078141,2048.550729,8297,0.0,0.0,152653.8977717239,0.0
83.26,2039.078141,2047.129841,8297,0.0,0.0,152548.01604352135,0.0
83.27,2039.078141,2045.922086,8297,0.0,0.0,152458.0165596456,0.0
83.28,2039.078141,2044.895494,8297,0.0,0.0,152381.51697972172,0.0
83.29,2039.078141,2044.022891,8297,0.0,0.0,152316.49235169,0.0
83.3,2077.784393,2049.087116,8297,0.0,0.0,152693.86825676233,0.0
83.31,2077.784393,2053.391708,8298,0.0,0.0,153014.63783196235,0.0
83.32000000000001,2045.99376,2052.282015,8298,0.0,0.0,152931.9457319416,0.0
83.33,2045.99376,2051.338777,8299,0.0,0.0,152861.65752516792,0.0
83.34,2035.539247,2048.968848,8300,0.0,0.0,152685.05516225312,0.0
83.35000000000001,2035.539247,2046.954408,8300,0.0,0.0,152534.94312769422,0.0
83.36,2035.539247,2045.242134,8300,0.0,0.0,152407.3478983192,0.0
83.37,2035.539247,2043.786701,8300,0.0,0.0,152298.8919458986,0.0
83.38,2035.539247,2042.549583,8300,0.0,0.0,152206.70439006694,0.0
83.39,2035.539247,2041.498032,8301,0.0,0.0,152128.34491544752,0.0
83.4,2086.396453,2048.232795,8301,0.0,0.0,152630.205966758,0.0
83.41,2086.396453,2053.957344,8301,0.0,0.0,153056.78789390498,0.0
83.42,2086.396453,2058.82321,8302,0.0,0.0,153419.38248354328,0.0
83.43,2055.980331,2058.396778,8302,0.0,0.0,153387.60562490212,0.0
83.44,2027.589135,2053.775632,8304,0.0,0.0,153043.24707957255,0.0
83.45,2027.589135,2049.847657,8304,0.0,0.0,152750.54224897624,0.0
83.46000000000001,2027.589135,2046.508879,8304,0.0,0.0,152501.74319885796,0.0
83.47,2027.589135,2043.670917,8304,0.0,0.0,152290.2639540947,0.0
83.48,2027.589135,2041.25865,8304,0.0,0.0,152110.5066482086,0.0
83.49,2027.589135,2039.208223,8304,0.0,0.0,151957.71293447952,0.0
83.5,2003.261316,2033.816187,8304,0.0,0.0,151555.90921018153,0.0
83.51,2003.261316,2029.232956,8305,0.0,0.0,151214.3760147211,0.0
83.52,2051.987893,2032.646197,8305,0.0,0.0,151468.72389847526,0.0
83.53,2051.987893,2035.547451,8305,0.0,0.0,151684.91953632605,0.0
83.54,2074.059541,2041.324265,8307,0.0,0.0,152115.39614660398,0.0
83.55,2074.059541,2046.234556,8307,0.0,0.0,152481.301198274,0.0
83.56,2074.059541,2050.408304,8307,0.0,0.0,152792.32054063023,0.0
83.57000000000001,2074.059541,2053.95599,8307,0.0,0.0,153056.68699653662,0.0
83.58,2074.059541,2056.971522,8307,0.0,0.0,153281.39840208722,0.0
83.59,2074.059541,2059.534725,8307,0.0,0.0,153472.40315641966,0.0
83.60000000000001,1989.347854,2049.006695,8308,0.0,0.0,152687.8754448984,0.0
83.61,1989.347854,2040.057869,8308,0.0,0.0,152021.02685284632,0.0
83.62,2081.673698,2046.300243,8308,0.0,0.0,152486.1960619652,0.0
83.63,2081.673698,2051.606261,8309,0.0,0.0,152881.58989716804,0.0
83.64,2025.661245,2047.714509,8310,0.0,0.0,152591.58433198932,0.0
83.65,2025.661245,2044.406519,8310,0.0,0.0,152345.07954197304,0.0
83.66,2025.661245,2041.594728,8310,0.0,0.0,152135.5505077182,0.0
83.67,2025.661245,2039.204706,8310,0.0,0.0,151957.45085468286,0.0
83.68,2025.661245,2037.173187,8310,0.0,0.0,151806.0661272474,0.0
83.69,2025.661245,2035.446395,8311,0.0,0.0,151677.38904558698,0.0
83.7,2089.957728,2043.623095,8311,0.0,0.0,152286.700354426,0.0
83.71000000000001,2089.957728,2050.57329,8311,0.0,0.0,152804.61496693915,0.0
83.72,2045.972891,2049.88323,8312,0.0,0.0,152753.19307769564,0.0
83.73,2045.972891,2049.296679,8312,0.0,0.0,152709.48447183863,0.0
83.74,2044.923172,2048.640653,8315,0.0,0.0,152660.5987281165,0.0
83.75,2044.923172,2048.083031,8315,0.0,0.0,152619.0458534046,0.0
83.76,2044.923172,2047.609052,8315,0.0,0.0,152583.725887544,0.0
83.77,2044.923172,2047.20617,8315,0.0,0.0,152553.70392774022,0.0
83.78,2044.923172,2046.86372,8315,0.0,0.0,152528.18523955156,0.0
83.79,2044.923172,2046.572638,8315,0.0,0.0,152506.49439185025,0.0
83.8,2044.923172,2046.325218,8315,0.0,0.0,152488.05714894872,0.0
83.81,2044.923172,2046.114911,8315,0.0,0.0,152472.38549248243,0.0
83.82000000000001,2044.923172,2045.93615,8315,0.0,0.0,152459.06458076017,0.0
83.83,2069.663946,2049.49532,8316,0.0,0.0,152724.286801348,0.0
83.84,2030.147036,2046.593077,8317,0.0,0.0,152508.01746519786,0.0
83.85000000000001,2030.147036,2044.126171,8317,0.0,0.0,152324.18857045512,0.0
83.86,2030.147036,2042.029301,8317,0.0,0.0,152167.93401737566,0.0
83.87,2030.147036,2040.246961,8317,0.0,0.0,152035.11760999903,0.0
83.88,2030.147036,2038.731972,8317,0.0,0.0,151922.22366372895,0.0
83.89,2030.147036,2037.444232,8318,0.0,0.0,151826.26385783608,0.0
83.9,2088.6501,2045.125112,8318,0.0,0.0,152398.6276532346,0.0
83.91,2088.6501,2051.65386,8318,0.0,0.0,152885.13687932334,0.0
83.92,2039.980518,2049.902859,8319,0.0,0.0,152754.65579146537,0.0
83.93,2039.980518,2048.414508,8319,0.0,0.0,152643.7468556084,0.0
83.94,2021.749167,2044.414707,8321,0.0,0.0,152345.68969533526,0.0
83.95,2021.749167,2041.014876,8321,0.0,0.0,152092.34109792538,0.0
83.96000000000001,2021.749167,2038.125019,8321,0.0,0.0,151876.99474169026,0.0
83.97,2021.749167,2035.668642,8321,0.0,0.0,151693.95044694154,0.0
83.98,2021.749167,2033.58072,8321,0.0,0.0,151538.36268090224,0.0
83.99,2021.749167,2031.805987,8321,0.0,0.0,151406.11313193137,0.0
84.0,2021.749167,2030.297464,8321,0.0,0.0,151293.7010190321,0.0
84.01,2021.749167,2029.01522,8322,0.0,0.0,151198.15076405258,0.0
84.02,2090.666517,2038.262914,8322,0.0,0.0,151887.27040093328,0.0
84.03,2090.666517,2046.123455,8322,0.0,0.0,152473.02217425167,0.0
84.04,2037.616648,2044.847434,8324,0.0,0.0,152377.9356447696,0.0
84.05,2037.616648,2043.762816,8324,0.0,0.0,152297.11208353215,0.0
84.06,2037.616648,2042.840891,8324,0.0,0.0,152228.41207883574,0.0
84.07000000000001,2037.616648,2042.057254,8324,0.0,0.0,152170.01701895526,0.0
84.08,2037.616648,2041.391164,8324,0.0,0.0,152120.38132610792,0.0
84.09,2037.616648,2040.824986,8324,0.0,0.0,152078.19087541074,0.0
84.10000000000001,2037.616648,2040.343736,8325,0.0,0.0,152042.32908919154,0.0
84.11,2037.616648,2039.934672,8325,0.0,0.0,152011.84645912817,0.0
84.12,2041.700805,2040.199592,8325,0.0,0.0,152031.58776698308,0.0
84.13,2041.700805,2040.424774,8326,0.0,0.0,152048.36787865986,0.0
84.14,2043.6675,2040.911183,8328,0.0,0.0,152084.61410322733,0.0
84.15,2043.6675,2041.32463,8328,0.0,0.0,152115.423345673,0.0
84.16,2043.6675,2041.676061,8328,0.0,0.0,152141.6112799957,0.0
84.17,2043.6675,2041.974777,8328,0.0,0.0,152163.8709980887,0.0
84.18,2043.6675,2042.228685,8328,0.0,0.0,152182.79171375703,0.0
84.19,2043.6675,2042.444507,8328,0.0,0.0,152198.87433697862,0.0
84.2,2043.6675,2042.627956,8328,0.0,0.0,152212.5445890724,0.0
84.21000000000001,2078.429626,2047.998207,8329,0.0,0.0,152612.72493879832,0.0
84.22,2078.429626,2052.562919,8329,0.0,0.0,152952.87813546605,0.0
84.23,2078.429626,2056.442925,8329,0.0,0.0,153242.00841224802,0.0
84.24,2036.20935,2053.407889,8331,0.0,0.0,153015.84360767732,0.0
84.25,2036.20935,2050.828108,8331,0.0,0.0,152823.60349398502,0.0
84.26,2036.20935,2048.635295,8331,0.0,0.0,152660.1994606868,0.0
84.27,2036.20935,2046.771403,8331,0.0,0.0,152521.30596159122,0.0
84.28,2036.20935,2045.187095,8331,0.0,0.0,152403.24650226365,0.0
84.29,2036.20935,2043.840433,8331,0.0,0.0,152302.8959469316,0.0
84.3,2036.20935,2042.695771,8332,0.0,0.0,152217.59802706193,0.0
84.31,2036.20935,2041.722808,8332,0.0,0.0,152145.0947728173,0.0
84.32000000000001,2111.847423,2052.2415,8332,0.0,0.0,152928.92663527947,0.0
84.33,2111.847423,2061.182388,8333,0.0,0.0,153595.1837034687,0.0
84.34,2034.063667,2057.11458,8335,0.0,0.0,153292.0587977505,0.0
84.35000000000001,2034.063667,2053.656943,8335,0.0,0.0,153034.40261298648,0.0
84.36,2034.063667,2050.717952,8335,0.0,0.0,152815.39488947016,0.0
84.37,2034.063667,2048.219809,8335,0.0,0.0,152629.23827604455,0.0
84.38,2034.063667,2046.096388,8335,0.0,0.0,152471.0051956177,0.0
84.39,2034.063667,2044.29148,8335,0.0,0.0,152336.50706607717,0.0
84.4,2034.063667,2042.757308,8335,0.0,0.0,152222.18364106413,0.0
84.41,2034.063667,2041.453262,8335,0.0,0.0,152125.00874470666,0.0
84.42,2078.626412,2047.029234,8336,0.0,0.0,152540.5190113631,0.0
84.43,2078.626412,2051.768811,8336,0.0,0.0,152893.70279763543,0.0
84.44,2045.456368,2050.821944,8338,0.0,0.0,152823.14416504937,0.0
84.45,2045.456368,2050.017108,8338,0.0,0.0,152763.1693981433,0.0
84.46000000000001,2045.456368,2049.332997,8338,0.0,0.0,152712.190816466,0.0
84.47,2045.456368,2048.751503,8338,0.0,0.0,152668.85904812152,0.0
84.48,2045.456368,2048.257232,8338,0.0,0.0,152632.02696305898,0.0
84.49,2045.456368,2047.837103,8338,0.0,0.0,152600.71979135508,0.0
84.5,2045.456368,2047.479993,8338,0.0,0.0,152574.10866932548,0.0
84.51,1966.775333,2035.374294,8339,0.0,0.0,151672.01622346087,0.0
84.52,1966.775333,2025.08445,8339,0.0,0.0,150905.2376556537,0.0
84.53,1966.775333,2016.338082,8339,0.0,0.0,150253.4758283068,0.0
84.54,2064.307312,2023.533467,8342,0.0,0.0,150789.66150858742,0.0
84.55,2064.307312,2029.649543,8342,0.0,0.0,151245.41924367842,0.0
84.56,2064.307312,2034.848209,8342,0.0,0.0,151632.813422831,0.0
84.57000000000001,2064.307312,2039.267074,8342,0.0,0.0,151962.09839314086,0.0
84.58,2064.307312,2043.02311,8342,0.0,0.0,152241.99067379275,0.0
84.59,2064.307312,2046.21574,8342,0.0,0.0,152479.8990676361,0.0
84.60000000000001,2064.307312,2048.929476,8342,0.0,0.0,152682.12123966188,0.0
84.61,2064.307312,2051.236152,8342,0.0,0.0,152854.01011569102,0.0
84.62,2041.351829,2049.753503,8343,0.0,0.0,152743.52608145488,0.0
84.63,2041.351829,2048.493252,8343,0.0,0.0,152649.61470079081,0.0
84.64,2033.531821,2046.249037,8345,0.0,0.0,152482.38029339345,0.0
84.65,2033.531821,2044.341455,8345,0.0,0.0,152340.23110299418,0.0
84.66,2033.531821,2042.72001,8345,0.0,0.0,152219.4042687994,0.0
84.67,2033.531821,2041.341782,8345,0.0,0.0,152116.70147836333,0.0
84.68,2033.531821,2040.170288,8345,0.0,0.0,152029.4040915891,0.0
84.69,2033.531821,2039.174518,8345,0.0,0.0,151955.2013053792,0.0
84.7,2033.531821,2038.328113,8345,0.0,0.0,151892.12889984174,0.0
84.71000000000001,2033.531821,2037.608669,8346,0.0,0.0,151838.51737376445,0.0
84.72,2044.590278,2038.655911,8346,0.0,0.0,151916.55575033335,0.0
84.73,2044.590278,2039.546066,8346,0.0,0.0,151982.88831825438,0.0
84.74,2053.483212,2041.636638,8350,0.0,0.0,152138.67355698664,0.0
84.75,2053.483212,2043.413624,8350,0.0,0.0,152271.09099500545,0.0
84.76,2053.483212,2044.924062,8350,0.0,0.0,152383.64580986972,0.0
84.77,2053.483212,2046.207935,8350,0.0,0.0,152479.31745466686,0.0
84.78,2053.483212,2047.299226,8350,0.0,0.0,152560.63827450058,0.0
84.79,2053.483212,2048.226824,8350,0.0,0.0,152629.76101979587,0.0
84.8,2053.483212,2049.015282,8350,0.0,0.0,152688.51533094153,0.0
84.81,2053.483212,2049.685472,8350,0.0,0.0,152738.45654757795,0.0
84.82000000000001,2053.483212,2050.255133,8350,0.0,0.0,152780.9065444599,0.0
84.83,2053.483212,2050.739345,8350,0.0,0.0,152816.98905298722,0.0
84.84,2038.881734,2048.960703,8352,0.0,0.0,152684.44821316478,0.0
84.85000000000001,2038.881734,2047.448858,8352,0.0,0.0,152571.7885514783,0.0
84.86,2038.881734,2046.163789,8352,0.0,0.0,152476.02778315634,0.0
84.87,2038.881734,2045.071481,8352,0.0,0.0,152394.63117851934,0.0
84.88,2038.881734,2044.143019,8352,0.0,0.0,152325.4440496743,0.0
84.89,2038.881734,2043.353826,8352,0.0,0.0,152266.6349678006,0.0
84.9,2038.881734,2042.683013,8352,0.0,0.0,152216.6473264519,0.0
84.91,2038.881734,2042.112821,8352,0.0,0.0,152174.15776051336,0.0
84.92,2061.441231,2045.012082,8353,0.0,0.0,152390.2048839954,0.0
84.93,2061.441231,2047.476455,8353,0.0,0.0,152573.84502465092,0.0
84.94,2039.766277,2046.319928,8355,0.0,0.0,152487.6629487428,0.0
84.95,2039.766277,2045.33688,8355,0.0,0.0,152414.40818049503,0.0
84.96000000000001,2039.766277,2044.50129,8355,0.0,0.0,152352.14168709883,0.0
84.97,2039.766277,2043.791038,8355,0.0,0.0,152299.21513045306,0.0
84.98,2039.766277,2043.187324,8355,0.0,0.0,152254.22757220775,0.0
84.99,2039.766277,2042.674167,8355,0.0,0.0,152215.9881402474,0.0
85.0,2070.784634,2046.890737,8355,0.0,0.0,152530.19849228568,0.0
85.01,2070.784634,2050.474821,8356,0.0,0.0,152797.2772542592,0.0
85.02,2070.784634,2053.521293,8356,0.0,0.0,153024.29424664748,0.0
85.03,2048.113124,2052.710068,8356,0.0,0.0,152963.84338425644,0.0
85.04,2040.202268,2050.833898,8358,0.0,0.0,152824.03495318955,0.0
85.05,2040.202268,2049.239153,8358,0.0,0.0,152705.19774952374,0.0
85.06,2040.202268,2047.883621,8358,0.0,0.0,152604.1862195553,0.0
85.07000000000001,2040.202268,2046.731418,8358,0.0,0.0,152518.32635946773,0.0
85.08,2040.202268,2045.752045,8358,0.0,0.0,152445.3454448601,0.0
85.09,2040.202268,2044.919579,8359,0.0,0.0,152383.31174568762,0.0
85.10000000000001,2069.990478,2048.680213,8359,0.0,0.0,152663.54666009126,0.0
85.11,2069.990478,2051.876753,8359,0.0,0.0,152901.74641930417,0.0
85.12,2045.904661,2050.980939,8360,0.0,0.0,152834.99215403627,0.0
85.13,2045.904661,2050.219497,8360,0.0,0.0,152778.25102110673,0.0
85.14,2038.966114,2048.53149,8361,0.0,0.0,152652.46411997304,0.0
85.15,2038.966114,2047.096684,8361,0.0,0.0,152545.5452502836,0.0
85.16,2038.966114,2045.877098,8361,0.0,0.0,152454.66414398132,0.0
85.17,2038.966114,2044.840451,8361,0.0,0.0,152377.41528559424,0.0
85.18,2038.966114,2043.9593,8362,0.0,0.0,152311.75367772122,0.0
85.19,2038.966114,2043.210322,8362,0.0,0.0,152255.9413371105,0.0
85.2,2067.803827,2046.899348,8362,0.0,0.0,152530.84016676075,0.0
85.21000000000001,2067.803827,2050.03502,8363,0.0,0.0,152764.50416451163,0.0
85.22,2045.986087,2049.42768,8363,0.0,0.0,152719.24640400795,0.0
85.23,2045.986087,2048.911441,8363,0.0,0.0,152680.7773075799,0.0
85.24,2036.913711,2047.111781,8365,0.0,0.0,152546.67024848942,0.0
85.25,2036.913711,2045.582071,8365,0.0,0.0,152432.67932278052,0.0
85.26,2036.913711,2044.281817,8365,0.0,0.0,152335.78699866892,0.0
85.27,2036.913711,2043.176601,8365,0.0,0.0,152253.42851572228,0.0
85.28,2036.913711,2042.237168,8365,0.0,0.0,152183.42384992843,0.0
85.29,2036.913711,2041.438649,8365,0.0,0.0,152123.91981321157,0.0
85.3,2067.548947,2045.355194,8366,0.0,0.0,152415.7729030983,0.0
85.31,2067.548947,2048.684257,8366,0.0,0.0,152663.84801087252,0.0
85.32000000000001,2067.548947,2051.51396,8366,0.0,0.0,152874.7118114957,0.0
85.33,2055.635193,2052.132145,8367,0.0,0.0,152920.77771968048,0.0
85.34,2033.23145,2049.297041,8368,0.0,0.0,152709.51144735367,0.0
85.35000000000001,2033.23145,2046.887202,8368,0.0,0.0,152529.93507116506,0.0
85.36,2033.23145,2044.83884,8368,0.0,0.0,152377.29523710045,0.0
85.37,2033.23145,2043.097731,8368,0.0,0.0,152247.55128127217,0.0
85.38,2033.23145,2041.617789,8368,0.0,0.0,152137.2689672548,0.0
85.39,2033.23145,2040.359838,8369,0.0,0.0,152043.52897798468,0.0
85.4,2084.048823,2046.913186,8369,0.0,0.0,152531.87134680795,0.0
85.41,2084.048823,2052.483531,8369,0.0,0.0,152946.96230069335,0.0
85.42,2084.048823,2057.218325,8370,0.0,0.0,153299.78966738444,0.0
85.43,1980.240137,2045.671597,8370,0.0,0.0,152439.35062101024,0.0
85.44,2081.895709,2051.105214,8372,0.0,0.0,152844.2528781555,0.0
85.45,2081.895709,2055.723788,8372,0.0,0.0,153188.41976319585,0.0
85.46000000000001,2081.895709,2059.649576,8372,0.0,0.0,153480.96162293202,0.0
85.47,2081.895709,2062.986496,8372,0.0,0.0,153729.62221861133,0.0
85.48,2081.895709,2065.822878,8372,0.0,0.0,153940.98372493873,0.0
85.49,2081.895709,2068.233803,8372,0.0,0.0,154120.64102767245,0.0
85.5,1988.247025,2056.235786,8373,0.0,0.0,153226.5728287973,0.0
85.51,1988.247025,2046.037472,8373,0.0,0.0,152466.61489328652,0.0
85.52,2057.883112,2047.814318,8373,0.0,0.0,152599.02189878572,0.0
85.53,2057.883112,2049.324637,8374,0.0,0.0,152711.56784600826,0.0
85.54,2075.393499,2053.234966,8375,0.0,0.0,153002.9577320235,0.0
85.55,2075.393499,2056.558746,8375,0.0,0.0,153250.63916121778,0.0
85.56,2075.393499,2059.383959,8375,0.0,0.0,153461.1683760329,0.0
85.57000000000001,2075.393499,2061.78539,8375,0.0,0.0,153640.1182048999,0.0
85.58,2075.393499,2063.826606,8375,0.0,0.0,153792.2255333555,0.0
85.59,2075.393499,2065.56164,8376,0.0,0.0,153921.51679234995,0.0
85.60000000000001,1991.40966,2054.438843,8376,0.0,0.0,153092.66823510555,0.0
85.61,1991.40966,2044.984466,8376,0.0,0.0,152388.14699498095,0.0
85.62,2045.934837,2045.127021,8377,0.0,0.0,152398.76990809155,0.0
85.63,2045.934837,2045.248194,8377,0.0,0.0,152407.79947738306,0.0
85.64,2035.304451,2043.756632,8379,0.0,0.0,152296.65126423663,0.0
85.65,2035.304451,2042.488805,8379,0.0,0.0,152202.17533522472,0.0
85.66,2035.304451,2041.411152,8379,0.0,0.0,152121.8707918387,0.0
85.67,2035.304451,2040.495147,8379,0.0,0.0,152053.61193368654,0.0
85.68,2035.304451,2039.716542,8379,0.0,0.0,151995.59184836867,0.0
85.69,2035.304451,2039.054728,8379,0.0,0.0,151946.274794478,0.0
85.7,2086.907569,2046.232655,8379,0.0,0.0,152481.15953956108,0.0
85.71000000000001,2086.907569,2052.333892,8380,0.0,0.0,152935.81150208958,0.0
85.72,2086.907569,2057.519943,8380,0.0,0.0,153322.2656367057,0.0
85.73,2044.122988,2055.5104,8380,0.0,0.0,153172.5185167798,0.0
85.74,2046.085456,2054.096658,8383,0.0,0.0,153067.16929418623,0.0
85.75,2046.085456,2052.894978,8383,0.0,0.0,152977.62250714432,0.0
85.76,2046.085456,2051.87355,8383,0.0,0.0,152901.50773815866,0.0
85.77,2046.085456,2051.005336,8383,0.0,0.0,152836.81016961733,0.0
85.78,2046.085456,2050.267354,8383,0.0,0.0,152781.81722890533,0.0
85.79,2046.085456,2049.640069,8383,0.0,0.0,152735.07320694477,0.0
85.8,2046.085456,2049.106877,8383,0.0,0.0,152695.34080690777,0.0
85.81,2046.085456,2048.653664,8383,0.0,0.0,152661.5682817799,0.0
85.82000000000001,2046.085456,2048.268433,8383,0.0,0.0,152632.8616391472,0.0
85.83,2068.1605,2051.252243,8384,0.0,0.0,152855.2091847862,0.0
85.84,2031.113204,2048.231387,8385,0.0,0.0,152630.10104541774,0.0
85.85000000000001,2031.113204,2045.66366,8385,0.0,0.0,152438.75917166536,0.0
85.86,2031.113204,2043.481091,8385,0.0,0.0,152276.11850073194,0.0
85.87,2031.113204,2041.625908,8385,0.0,0.0,152137.87397887523,0.0
85.88,2031.113204,2040.049003,8385,0.0,0.0,152020.3661762819,0.0
85.89,2031.113204,2038.708633,8386,0.0,0.0,151920.4844881891,0.0
85.9,2077.840177,2044.578365,8386,0.0,0.0,152357.8851617437,0.0
85.91,2077.840177,2049.567637,8387,0.0,0.0,152729.67571936155,0.0
85.92,2077.840177,2053.808518,8387,0.0,0.0,153045.69767843306,0.0
85.93,2048.010718,2052.938848,8387,0.0,0.0,152980.89161168755,0.0
85.94,2033.718184,2050.055748,8389,0.0,0.0,152766.04877356047,0.0
85.95,2033.718184,2047.605114,8389,0.0,0.0,152583.4324356705,0.0
85.96000000000001,2033.718184,2045.522074,8389,0.0,0.0,152428.20846649416,0.0
85.97,2033.718184,2043.751491,8389,0.0,0.0,152296.2681672123,0.0
85.98,2033.718184,2042.246495,8389,0.0,0.0,152184.11887928963,0.0
85.99,2033.718184,2040.967248,8389,0.0,0.0,152088.7919547481,0.0
86.0,2072.552951,2045.705103,8390,0.0,0.0,152441.84742102906,0.0
86.01,2072.552951,2049.73228,8390,0.0,0.0,152741.94458599735,0.0
86.02,2072.552951,2053.155381,8390,0.0,0.0,152997.02721720532,0.0
86.03,2048.018296,2052.384818,8391,0.0,0.0,152939.60640562203,0.0
86.04,2035.682841,2049.879522,8392,0.0,0.0,152752.9167649615,0.0
86.05,2035.682841,2047.750019,8392,0.0,0.0,152594.23046607483,0.0
86.06,2035.682841,2045.939943,8392,0.0,0.0,152459.34722752406,0.0
86.07000000000001,2035.682841,2044.401377,8392,0.0,0.0,152344.69637043073,0.0
86.08,2035.682841,2043.093597,8392,0.0,0.0,152247.24322387116,0.0
86.09,2035.682841,2041.981983,8393,0.0,0.0,152164.40797477757,0.0
86.10000000000001,2068.523595,2045.963225,8393,0.0,0.0,152461.0821555381,0.0
86.11,2068.523595,2049.347281,8393,0.0,0.0,152713.25523153992,0.0
86.12,2068.523595,2052.223728,8394,0.0,0.0,152927.60230143077,0.0
86.13,2048.094144,2051.60429,8394,0.0,0.0,152881.4430221953,0.0
86.14,2030.854657,2048.491845,8396,0.0,0.0,152649.50985396857,0.0
86.15,2030.854657,2045.846267,8396,0.0,0.0,152452.3666796054,0.0
86.16,2030.854657,2043.597526,8396,0.0,0.0,152284.79500375202,0.0
86.17,2030.854657,2041.686095,8396,0.0,0.0,152142.358993581,0.0
86.18,2030.854657,2040.06138,8396,0.0,0.0,152021.28848553498,0.0
86.19,2030.854657,2038.680371,8396,0.0,0.0,151918.37846054832,0.0
86.2,2078.159845,2044.602292,8396,0.0,0.0,152359.66815386602,0.0
86.21000000000001,2078.159845,2049.635925,8397,0.0,0.0,152734.76440436378,0.0
86.22,2078.159845,2053.914513,8397,0.0,0.0,153053.59621356102,0.0
86.23,2048.001843,2053.027613,8397,0.0,0.0,152987.50620172138,0.0
86.24,2030.75074,2049.686082,8399,0.0,0.0,152738.5020035563,0.0
86.25,2030.75074,2046.845781,8399,0.0,0.0,152526.84846119734,0.0
86.26,2030.75074,2044.431525,8399,0.0,0.0,152346.94293901447,0.0
86.27,2030.75074,2042.379407,8399,0.0,0.0,152194.02321535192,0.0
86.28,2030.75074,2040.635107,8399,0.0,0.0,152064.04147259408,0.0
86.29,2030.75074,2039.152452,8399,0.0,0.0,151953.5569912499,0.0
86.3,2078.475669,2045.050934,8400,0.0,0.0,152393.10005722803,0.0
86.31,2078.475669,2050.064645,8400,0.0,0.0,152766.7117601828,0.0
86.32000000000001,2045.993657,2049.453997,8401,0.0,0.0,152721.20749414395,0.0
86.33,2045.993657,2048.934946,8401,0.0,0.0,152682.5288531073,0.0
86.34,2040.203388,2047.625212,8402,0.0,0.0,152584.93009838098,0.0
86.35000000000001,2040.203388,2046.511939,8402,0.0,0.0,152501.97122392978,0.0
86.36,2040.203388,2045.565656,8402,0.0,0.0,152431.45610985416,0.0
86.37,2040.203388,2044.761316,8402,0.0,0.0,152371.51830387482,0.0
86.38,2040.203388,2044.077627,8403,0.0,0.0,152320.57116879235,0.0
86.39,2040.203388,2043.496491,8403,0.0,0.0,152277.26607789096,0.0
86.4,2008.914665,2038.309217,8403,0.0,0.0,151890.72080776407,0.0
86.41,2008.914665,2033.900034,8404,0.0,0.0,151562.1573207044,0.0
86.42,2045.957751,2035.708692,8404,0.0,0.0,151696.93489273492,0.0
86.43,2045.957751,2037.246051,8404,0.0,0.0,151811.49580660553,0.0
86.44,2074.047249,2042.76623,8406,0.0,0.0,152222.8484906364,0.0
86.45,2074.047249,2047.458383,8406,0.0,0.0,152572.49833540298,0.0
86.46000000000001,2074.047249,2051.446713,8406,0.0,0.0,152869.70069972862,0.0
86.47,2074.047249,2054.836793,8406,0.0,0.0,153122.3226721465,0.0
86.48,2074.047249,2057.718362,8406,0.0,0.0,153337.05142321961,0.0
86.49,2074.047249,2060.167695,8406,0.0,0.0,153519.5708131951,0.0
86.5,1989.304191,2049.538169,8407,0.0,0.0,152727.47982301595,0.0
86.51,1989.304191,2040.503073,8407,0.0,0.0,152054.20256333344,0.0
86.52,2051.986046,2042.225519,8407,0.0,0.0,152182.55578977743,0.0
86.53,2051.986046,2043.689598,8408,0.0,0.0,152291.65602480303,0.0
86.54,2037.963078,2042.83062,8409,0.0,0.0,152227.64670448503,0.0
86.55,2037.963078,2042.100489,8409,0.0,0.0,152173.23880457014,0.0
86.56,2037.963078,2041.479877,8409,0.0,0.0,152126.99204120584,0.0
86.57000000000001,2037.963078,2040.952357,8409,0.0,0.0,152087.68230724972,0.0
86.58,2037.963078,2040.503965,8409,0.0,0.0,152054.2690333871,0.0
86.59,2037.963078,2040.122832,8410,0.0,0.0,152025.8677655074,0.0
86.60000000000001,2090.5423,2047.685753,8410,0.0,0.0,152589.44149245785,0.0
86.61,2090.5423,2054.114235,8410,0.0,0.0,153068.47909702547,0.0
86.62,2039.988066,2051.995309,8411,0.0,0.0,152910.58097499667,0.0
86.63,2039.988066,2050.194223,8411,0.0,0.0,152776.36765324196,0.0
86.64,2039.099575,2048.530026,8413,0.0,0.0,152652.35502562497,0.0
86.65,2039.099575,2047.115458,8413,0.0,0.0,152546.94425116564,0.0
86.66,2039.099575,2045.913075,8413,0.0,0.0,152457.34507797158,0.0
86.67,2039.099575,2044.89105,8413,0.0,0.0,152381.1858217415,0.0
86.68,2039.099575,2044.022329,8413,0.0,0.0,152316.4504725755,0.0
86.69,2039.099575,2043.283916,8413,0.0,0.0,152261.4254146067,0.0
86.7,2077.636548,2048.436811,8413,0.0,0.0,152645.40883050303,0.0
86.71000000000001,2077.636548,2052.816771,8414,0.0,0.0,152971.79467812646,0.0
86.72,2057.984051,2053.591863,8414,0.0,0.0,153029.55298171967,0.0
86.73,2057.984051,2054.250691,8414,0.0,0.0,153078.64752487032,0.0
86.74,2043.944764,2052.704802,8417,0.0,0.0,152963.45097248247,0.0
86.75,2043.944764,2051.390797,8417,0.0,0.0,152865.53395138946,0.0
86.76,2043.944764,2050.273892,8417,0.0,0.0,152782.30442757194,0.0
86.77,2043.944764,2049.324523,8417,0.0,0.0,152711.55935095658,0.0
86.78,2043.944764,2048.517559,8417,0.0,0.0,152651.42600975212,0.0
86.79,2043.944764,2047.83164,8417,0.0,0.0,152600.31269953563,0.0
86.8,2043.944764,2047.248608,8417,0.0,0.0,152556.86632251125,0.0
86.81,2043.944764,2046.753032,8417,0.0,0.0,152519.93699146216,0.0
86.82000000000001,2043.944764,2046.331792,8418,0.0,0.0,152488.54703026323,0.0
86.83,2063.724678,2048.940725,8418,0.0,0.0,152682.95949261394,0.0
86.84,2033.318221,2046.597349,8419,0.0,0.0,152508.33580608247,0.0
86.85000000000001,2033.318221,2044.60548,8419,0.0,0.0,152359.9057172415,0.0
86.86,2033.318221,2042.912391,8419,0.0,0.0,152233.74011564543,0.0
86.87,2033.318221,2041.473266,8419,0.0,0.0,152126.49940272546,0.0
86.88,2033.318221,2040.250009,8420,0.0,0.0,152035.34474085495,0.0
86.89,2033.318221,2039.210241,8420,0.0,0.0,151957.86331179814,0.0
86.9,2002.280855,2033.670833,8420,0.0,0.0,151545.0777211964,0.0
86.91,2002.280855,2028.962336,8421,0.0,0.0,151194.2099542813,0.0
86.92,2051.879657,2032.399935,8421,0.0,0.0,151450.3729474147,0.0
86.93,2051.879657,2035.321893,8421,0.0,0.0,151668.11140588237,0.0
86.94,2074.019315,2041.126506,8423,0.0,0.0,152100.65954196826,0.0
86.95,2074.019315,2046.060428,8423,0.0,0.0,152468.32552843343,0.0
86.96000000000001,2074.019315,2050.254261,8423,0.0,0.0,152780.8415647662,0.0
86.97,2074.019315,2053.819019,8423,0.0,0.0,153046.48019192315,0.0
86.98,2074.019315,2056.849063,8423,0.0,0.0,153272.27300265114,0.0
86.99,2074.019315,2059.424601,8423,0.0,0.0,153464.19693648076,0.0
87.0,1989.455379,2048.929218,8424,0.0,0.0,152682.1020140186,0.0
87.01,1989.455379,2040.008142,8424,0.0,0.0,152017.32129639262,0.0
87.02,2045.932996,2040.89687,8424,0.0,0.0,152083.54752713142,0.0
87.03,2045.932996,2041.652289,8425,0.0,0.0,152139.83983816302,0.0
87.04,2038.694036,2041.208551,8426,0.0,0.0,152106.77337105994,0.0
87.05,2038.694036,2040.831374,8426,0.0,0.0,152078.66689637775,0.0
87.06,2038.694036,2040.510773,8426,0.0,0.0,152054.77635191297,0.0
87.07000000000001,2038.694036,2040.238263,8426,0.0,0.0,152034.46945245817,0.0
87.08,2038.694036,2040.006629,8426,0.0,0.0,152017.20855066265,0.0
87.09,2038.694036,2039.80974,8427,0.0,0.0,152002.53677668466,0.0
87.10000000000001,2083.663659,2046.387828,8427,0.0,0.0,152492.72272076207,0.0
87.11,2083.663659,2051.979202,8427,0.0,0.0,152909.3807136135,0.0
87.12,2051.961321,2051.97652,8428,0.0,0.0,152909.18085634467,0.0
87.13,2051.961321,2051.97424,8428,0.0,0.0,152909.01095531072,0.0
87.14,2038.642004,2049.974405,8430,0.0,0.0,152759.987256103,0.0
87.15,2038.642004,2048.274545,8430,0.0,0.0,152633.31709314688,0.0
87.16,2038.642004,2046.829664,8430,0.0,0.0,152525.64745463422,0.0
87.17,2038.642004,2045.601515,8430,0.0,0.0,152434.12825072074,0.0
87.18,2038.642004,2044.557588,8430,0.0,0.0,152356.33690131298,0.0
87.19,2038.642004,2043.670251,8430,0.0,0.0,152290.2143251085,0.0
87.2,2078.643443,2048.916229,8431,0.0,0.0,152681.13409975113,0.0
87.21000000000001,2078.643443,2053.375312,8431,0.0,0.0,153013.416034878,0.0
87.22,2078.643443,2057.165531,8431,0.0,0.0,153295.85556423294,0.0
87.23,2048.110598,2055.807291,8432,0.0,0.0,153194.6422395277,0.0
87.24,2037.409813,2053.047669,8433,0.0,0.0,152989.00073467597,0.0
87.25,2037.409813,2050.701991,8433,0.0,0.0,152814.20550771462,0.0
87.26,2037.409813,2048.708164,8433,0.0,0.0,152665.62951263489,0.0
87.27,2037.409813,2047.013412,8433,0.0,0.0,152539.33998760922,0.0
87.28,2037.409813,2045.572872,8433,0.0,0.0,152431.99383172297,0.0
87.29,2037.409813,2044.348413,8434,0.0,0.0,152340.74959921968,0.0
87.3,2075.49376,2049.020215,8434,0.0,0.0,152688.88292822242,0.0
87.31,2075.49376,2052.991247,8434,0.0,0.0,152984.7962802301,0.0
87.32000000000001,2045.997443,2051.942176,8435,0.0,0.0,152906.62161024404,0.0
87.33,2045.997443,2051.050466,8435,0.0,0.0,152840.1731668372,0.0
87.34,2037.234479,2048.978068,8437,0.0,0.0,152685.74221818856,0.0
87.35000000000001,2037.234479,2047.216529,8437,0.0,0.0,152554.47585967468,0.0
87.36,2037.234479,2045.719222,8437,0.0,0.0,152442.89954063346,0.0
87.37,2037.234479,2044.44651,8437,0.0,0.0,152348.0595912046,0.0
87.38,2037.234479,2043.364706,8437,0.0,0.0,152267.44572361166,0.0
87.39,2037.234479,2042.445172,8437,0.0,0.0,152198.92389144684,0.0
87.4,2092.558543,2049.962177,8437,0.0,0.0,152759.07605003152,0.0
87.41,2092.558543,2056.351632,8438,0.0,0.0,153235.205440717,0.0
87.42,2044.248488,2054.53616,8438,0.0,0.0,153099.92010305257,0.0
87.43,2044.248488,2052.99301,8438,0.0,0.0,152984.92765545944,0.0
87.44,2038.604024,2050.834662,8440,0.0,0.0,152824.09188493952,0.0
87.45,2038.604024,2049.000066,8440,0.0,0.0,152687.38146509405,0.0
87.46000000000001,2038.604024,2047.44066,8440,0.0,0.0,152571.17765293617,0.0
87.47,2038.604024,2046.115165,8440,0.0,0.0,152472.40442005373,0.0
87.48,2038.604024,2044.988494,8440,0.0,0.0,152388.4471534742,0.0
87.49,2038.604024,2044.030823,8440,0.0,0.0,152317.0834284449,0.0
87.5,2003.990773,2038.024816,8441,0.0,0.0,151869.52781480298,0.0
87.51,2003.990773,2032.919709,8441,0.0,0.0,151489.1054649634,0.0
87.52,2045.940565,2034.872838,8441,0.0,0.0,151634.64872658745,0.0
87.53,2045.940565,2036.532997,8442,0.0,0.0,151758.3604505312,0.0
87.54,2075.522489,2042.381421,8443,0.0,0.0,152194.17329459853,0.0
87.55,2075.522489,2047.352581,8443,0.0,0.0,152564.61418224857,0.0
87.56,2075.522489,2051.578067,8443,0.0,0.0,152879.48893675106,0.0
87.57000000000001,2075.522489,2055.16973,8443,0.0,0.0,153147.1324706264,0.0
87.58,2075.522489,2058.222644,8443,0.0,0.0,153374.62950795356,0.0
87.59,2075.522489,2060.817621,8444,0.0,0.0,153568.00199713346,0.0
87.60000000000001,1986.036441,2049.600444,8444,0.0,0.0,152732.12043130025,0.0
87.61,1986.036441,2040.065843,8444,0.0,0.0,152021.6210593571,0.0
87.62,2051.729582,2041.815404,8445,0.0,0.0,152151.99484129887,0.0
87.63,2051.729582,2043.302531,8445,0.0,0.0,152262.8125671271,0.0
87.64,2037.630985,2042.451799,8447,0.0,0.0,152199.41772221518,0.0
87.65,2037.630985,2041.728677,8447,0.0,0.0,152145.53211894372,0.0
87.66,2037.630985,2041.114023,8447,0.0,0.0,152099.72933380748,0.0
87.67,2037.630985,2040.591567,8447,0.0,0.0,152060.79695898996,0.0
87.68,2037.630985,2040.14748,8447,0.0,0.0,152027.70448510582,0.0
87.69,2037.630985,2039.770006,8447,0.0,0.0,151999.57587857838,0.0
87.7,2081.455035,2046.02276,8448,0.0,0.0,152465.5185845097,0.0
87.71000000000001,2081.455035,2051.337601,8448,0.0,0.0,152861.56989200306,0.0
87.72,2039.953999,2049.630061,8448,0.0,0.0,152734.3274308274,0.0
87.73,2039.953999,2048.178652,8449,0.0,0.0,152626.1713388281,0.0
87.74,2049.934737,2048.442064,8451,0.0,0.0,152645.80027354305,0.0
87.75,2049.934737,2048.665965,8451,0.0,0.0,152662.4849276652,0.0
87.76,2049.934737,2048.856281,8451,0.0,0.0,152676.66689484668,0.0
87.77,2049.934737,2049.018049,8451,0.0,0.0,152688.72152224017,0.0
87.78,2049.934737,2049.155552,8451,0.0,0.0,152698.96797042826,0.0
87.79,2049.934737,2049.27243,8451,0.0,0.0,152707.67748492118,0.0
87.8,2049.934737,2049.371776,8451,0.0,0.0,152715.0805498848,0.0
87.81,2049.934737,2049.45622,8451,0.0,0.0,152721.37314765205,0.0
87.82000000000001,2049.934737,2049.527998,8452,0.0,0.0,152726.72190046505,0.0
87.83,2067.098911,2052.163635,8452,0.0,0.0,152923.12429141664,0.0
87.84,2027.481349,2048.461292,8454,0.0,0.0,152647.2331055959,0.0
87.85000000000001,2027.481349,2045.3143,8454,0.0,0.0,152412.72556411513,0.0
87.86,2027.481349,2042.639358,8454,0.0,0.0,152213.39424327808,0.0
87.87,2027.481349,2040.365656,8454,0.0,0.0,152043.96252369316,0.0
87.88,2027.481349,2038.43301,8454,0.0,0.0,151899.94561420858,0.0
87.89,2027.481349,2036.790261,8454,0.0,0.0,151777.53124859856,0.0
87.9,2075.046939,2042.528763,8454,0.0,0.0,152205.1529253624,0.0
87.91,2075.046939,2047.406489,8455,0.0,0.0,152568.6312984491,0.0
87.92,2075.046939,2051.552557,8455,0.0,0.0,152877.58798263897,0.0
87.93,2056.000548,2052.219755,8455,0.0,0.0,152927.30624142732,0.0
87.94,2033.789754,2049.455255,8457,0.0,0.0,152721.30123778462,0.0
87.95,2033.789754,2047.10543,8457,0.0,0.0,152546.19698468831,0.0
87.96000000000001,2033.789754,2045.108079,8457,0.0,0.0,152397.35838818597,0.0
87.97,2033.789754,2043.41033,8457,0.0,0.0,152270.84553272222,0.0
87.98,2033.789754,2041.967244,8457,0.0,0.0,152163.30965401477,0.0
87.99,2033.789754,2040.74062,8457,0.0,0.0,152071.90409004723,0.0
88.0,2072.418354,2045.49228,8458,0.0,0.0,152425.98827728146,0.0
88.01,2072.418354,2049.531191,8458,0.0,0.0,152726.9598364305,0.0
88.02,2072.418354,2052.964266,8459,0.0,0.0,152982.78571014394,0.0
88.03,2048.034748,2052.224838,8459,0.0,0.0,152927.68501640784,0.0
88.04,2033.481814,2049.413385,8460,0.0,0.0,152718.18116923602,0.0
88.05,2033.481814,2047.023649,8460,0.0,0.0,152540.10282834797,0.0
88.06,2033.481814,2044.992374,8460,0.0,0.0,152388.73628330388,0.0
88.07000000000001,2033.481814,2043.26579,8460,0.0,0.0,152260.07470138688,0.0
88.08,2033.481814,2041.798193,8461,0.0,0.0,152150.71231204673,0.0
88.09,2033.481814,2040.550737,8461,0.0,0.0,152057.75438915862,0.0
88.10000000000001,2067.857058,2044.646685,8461,0.0,0.0,152362.9762313219,0.0
88.11,2067.857058,2048.128241,8462,0.0,0.0,152622.41481206426,0.0
88.12,2067.857058,2051.087563,8462,0.0,0.0,152842.9375609845,0.0
88.13,2048.011947,2050.626221,8462,0.0,0.0,152808.55927905627,0.0
88.14,2033.481598,2048.054527,8464,0.0,0.0,152616.92179240842,0.0
88.15,2033.481598,2045.868588,8464,0.0,0.0,152454.02999582398,0.0
88.16,2033.481598,2044.01054,8464,0.0,0.0,152315.57197990487,0.0
88.17,2033.481598,2042.431198,8464,0.0,0.0,152197.88257695205,0.0
88.18,2033.481598,2041.088758,8464,0.0,0.0,152097.84663660472,0.0
88.19,2033.481598,2039.947684,8464,0.0,0.0,152012.81608730953,0.0
88.2,2072.945202,2044.897312,8465,0.0,0.0,152381.65245344085,0.0
88.21000000000001,2072.945202,2049.104495,8465,0.0,0.0,152695.16330503812,0.0
88.22,2072.945202,2052.680601,8465,0.0,0.0,152961.64756242884,0.0
88.23,2044.066228,2051.388445,8466,0.0,0.0,152865.35868505973,0.0
88.24,2033.53928,2048.71107,8467,0.0,0.0,152665.84606193515,0.0
88.25,2033.53928,2046.435302,8467,0.0,0.0,152496.26038816778,0.0
88.26,2033.53928,2044.500899,8467,0.0,0.0,152352.11255056187,0.0
88.27,2033.53928,2042.856656,8467,0.0,0.0,152229.58685506377,0.0
88.28,2033.53928,2041.459049,8467,0.0,0.0,152125.43998035725,0.0
88.29,2033.53928,2040.271084,8468,0.0,0.0,152036.91520764888,0.0
88.3,2077.956656,2045.92392,8468,0.0,0.0,152458.1532256527,0.0
88.31,2077.956656,2050.72883,8468,0.0,0.0,152816.2054962452,0.0
88.32000000000001,2077.956656,2054.813004,8469,0.0,0.0,153120.5499635078,0.0
88.33,2047.671963,2053.741848,8469,0.0,0.0,153040.72956355056,0.0
88.34,2029.094662,2050.04477,8471,0.0,0.0,152765.2307149857,0.0
88.35000000000001,2029.094662,2046.902254,8471,0.0,0.0,152531.05671606102,0.0
88.36,2029.094662,2044.231115,8471,0.0,0.0,152332.00878716787,0.0
88.37,2029.094662,2041.960647,8471,0.0,0.0,152162.81805878636,0.0
88.38,2029.094662,2040.030749,8471,0.0,0.0,152019.00592475847,0.0
88.39,2029.094662,2038.390336,8471,0.0,0.0,151896.76563319014,0.0
88.4,2087.479423,2045.753699,8471,0.0,0.0,152445.46869762774,0.0
88.41,2087.479423,2052.012558,8472,0.0,0.0,152911.86633593278,0.0
88.42,2045.900774,2051.09579,8472,0.0,0.0,152843.55062054857,0.0
88.43,2045.900774,2050.316538,8472,0.0,0.0,152785.48232208643,0.0
88.44,2039.118292,2048.636801,8474,0.0,0.0,152660.31168479077,0.0
88.45,2039.118292,2047.209025,8474,0.0,0.0,152553.9166766226,0.0
88.46000000000001,2039.118292,2045.995415,8474,0.0,0.0,152463.48088987244,0.0
88.47,2039.118292,2044.963846,8474,0.0,0.0,152386.6104338758,0.0
88.48,2039.118292,2044.087013,8474,0.0,0.0,152321.27059471532,0.0
88.49,2039.118292,2043.341705,8475,0.0,0.0,152265.73173515487,0.0
88.5,2001.430125,2037.054968,8475,0.0,0.0,151797.25668412005,0.0
88.51,2001.430125,2031.711242,8475,0.0,0.0,151399.05292427354,0.0
88.52,2045.95949,2033.848479,8476,0.0,0.0,151558.3155453516,0.0
88.53,2045.95949,2035.665131,8476,0.0,0.0,151693.68881425288,0.0
88.54,2074.372391,2041.47122,8477,0.0,0.0,152126.3469389029,0.0
88.55,2074.372391,2046.406395,8477,0.0,0.0,152494.10629641864,0.0
88.56,2074.372391,2050.601295,8477,0.0,0.0,152806.7018434546,0.0
88.57000000000001,2074.372391,2054.166959,8477,0.0,0.0,153072.40798391716,0.0
88.58,2074.372391,2057.197774,8478,0.0,0.0,153298.25824802113,0.0
88.59,2074.372391,2059.773966,8478,0.0,0.0,153490.23091662096,0.0
88.60000000000001,1988.642333,2049.104221,8478,0.0,0.0,152695.14288710683,0.0
88.61,1988.642333,2040.034938,8479,0.0,0.0,152019.3180806493,0.0
88.62,2051.94234,2041.821048,8479,0.0,0.0,152152.41542087586,0.0
88.63,2051.94234,2043.339242,8479,0.0,0.0,152265.5481973274,0.0
88.64,2037.130265,2042.407896,8481,0.0,0.0,152196.14615857808,0.0
88.65,2037.130265,2041.616251,8481,0.0,0.0,152137.15435857486,0.0
88.66,2037.130265,2040.943353,8481,0.0,0.0,152087.01134720168,0.0
88.67,2037.130265,2040.37139,8481,0.0,0.0,152044.3898098899,0.0
88.68,2037.130265,2039.885221,8481,0.0,0.0,152008.16146964175,0.0
88.69,2037.130265,2039.471977,8481,0.0,0.0,151977.36735434955,0.0
88.7,2077.353218,2045.154164,8482,0.0,0.0,152400.7925500933,0.0
88.71000000000001,2077.353218,2049.984022,8482,0.0,0.0,152760.7038956834,0.0
88.72,2077.353218,2054.089401,8482,0.0,0.0,153066.62851707957,0.0
88.73,2048.101654,2053.191239,8483,0.0,0.0,152999.6992835539,0.0
88.74,2056.910119,2053.749071,8485,0.0,0.0,153041.2678070453,0.0
88.75,2056.910119,2054.223228,8485,0.0,0.0,153076.6010371094,0.0
88.76,2056.910119,2054.626262,8485,0.0,0.0,153106.63432364882,0.0
88.77,2056.910119,2054.968841,8485,0.0,0.0,153132.16262465905,0.0
88.78,2056.910119,2055.260032,8485,0.0,0.0,153153.8615948221,0.0
88.79,2056.910119,2055.507545,8485,0.0,0.0,153172.3057678974,0.0
88.8,2056.910119,2055.717932,8485,0.0,0.0,153187.98338580347,0.0
88.81,2056.910119,2055.89676,8485,0.0,0.0,153201.30929023155,0.0
88.82000000000001,2056.910119,2056.048764,8486,0.0,0.0,153212.63632389903,0.0
88.83,2047.55149,2054.774173,8486,0.0,0.0,153117.65635515313,0.0
88.84,2037.861675,2052.237298,8488,0.0,0.0,152928.61351065466,0.0
88.85000000000001,2037.861675,2050.080954,8488,0.0,0.0,152767.92707420143,0.0
88.86,2037.861675,2048.248062,8488,0.0,0.0,152631.3436330234,0.0
88.87,2037.861675,2046.690104,8488,0.0,0.0,152515.24772292565,0.0
88.88,2037.861675,2045.36584,8488,0.0,0.0,152416.56622169795,0.0
88.89,2037.861675,2044.240215,8488,0.0,0.0,152332.68690094363,0.0
88.9,2074.64407,2048.800793,8489,0.0,0.0,152672.53204021035,0.0
88.91,2074.64407,2052.677285,8489,0.0,0.0,152961.4004607497,0.0
88.92,2062.234933,2054.110932,8489,0.0,0.0,153068.23296408026,0.0
88.93,2062.234933,2055.329532,8490,0.0,0.0,153159.04059563717,0.0
88.94,2033.827775,2052.104269,8491,0.0,0.0,152918.70045598666,0.0
88.95,2033.827775,2049.362795,8491,0.0,0.0,152714.41130375068,0.0
88.96000000000001,2033.827775,2047.032542,8491,0.0,0.0,152540.76551689827,0.0
88.97,2033.827775,2045.051827,8491,0.0,0.0,152393.16660179966,0.0
88.98,2033.827775,2043.368219,8491,0.0,0.0,152267.7075053363,0.0
88.99,2033.827775,2041.937152,8492,0.0,0.0,152161.06725843888,0.0
89.0,2000.229628,2035.681024,8492,0.0,0.0,151694.8731287846,0.0
89.01,2000.229628,2030.363314,8492,0.0,0.0,151298.6080291568,0.0
89.02,2039.912386,2031.795675,8493,0.0,0.0,151405.34470234285,0.0
89.03,2039.912386,2033.013182,8493,0.0,0.0,151496.07088572864,0.0
89.04,2040.209828,2034.092679,8495,0.0,0.0,151576.51284030173,0.0
89.05,2040.209828,2035.010251,8495,0.0,0.0,151644.88846815575,0.0
89.06,2040.209828,2035.790188,8495,0.0,0.0,151703.00781144603,0.0
89.07000000000001,2040.209828,2036.453134,8495,0.0,0.0,151752.40921970972,0.0
89.08,2040.209828,2037.016638,8495,0.0,0.0,151794.40040928207,0.0
89.09,2040.209828,2037.495616,8495,0.0,0.0,151830.0928906113,0.0
89.10000000000001,2074.930025,2043.110778,8495,0.0,0.0,152248.52351758347,0.0
89.11,2074.930025,2047.883665,8496,0.0,0.0,152604.18949834714,0.0
89.12,2057.980243,2049.398152,8496,0.0,0.0,152717.0460365826,0.0
89.13,2057.980243,2050.685465,8496,0.0,0.0,152812.97402329062,0.0
89.14,2033.204897,2048.06338,8498,0.0,0.0,152617.5815002389,0.0
89.15,2033.204897,2045.834608,8498,0.0,0.0,152451.49787427438,0.0
89.16,2033.204897,2043.940151,8498,0.0,0.0,152310.3267325902,0.0
89.17,2033.204897,2042.329863,8498,0.0,0.0,152190.33129569172,0.0
89.18,2033.204897,2040.961118,8498,0.0,0.0,152088.33515942443,0.0
89.19,2033.204897,2039.797685,8498,0.0,0.0,152001.63846222672,0.0
89.2,2086.585691,2046.815886,8499,0.0,0.0,152524.6207456669,0.0
89.21000000000001,2086.585691,2052.781357,8499,0.0,0.0,152969.1556977687,0.0
89.22,2045.986087,2051.762066,8499,0.0,0.0,152893.2001737434,0.0
89.23,2045.986087,2050.895669,8500,0.0,0.0,152828.63800440318,0.0
89.24,2046.116096,2050.178733,8501,0.0,0.0,152775.21336946322,0.0
89.25,2046.116096,2049.569338,8501,0.0,0.0,152729.80247447497,0.0
89.26,2046.116096,2049.051352,8501,0.0,0.0,152691.20319510557,0.0
89.27,2046.116096,2048.611063,8501,0.0,0.0,152658.3937405753,0.0
89.28,2046.116096,2048.236818,8501,0.0,0.0,152630.5057526613,0.0
89.29,2046.116096,2047.91871,8502,0.0,0.0,152606.80098156387,0.0
89.3,2091.765924,2054.495792,8502,0.0,0.0,153096.911960536,0.0
89.31,2091.765924,2060.086312,8503,0.0,0.0,153513.5063150177,0.0
89.32000000000001,2044.817891,2057.796049,8503,0.0,0.0,153342.84050287888,0.0
89.33,2044.817891,2055.849325,8503,0.0,0.0,153197.7745290278,0.0
89.34,2036.763655,2052.986474,8505,0.0,0.0,152984.44060582877,0.0
89.35000000000001,2036.763655,2050.553052,8505,0.0,0.0,152803.10687170902,0.0
89.36,2036.763655,2048.484642,8505,0.0,0.0,152648.97310083377,0.0
89.37,2036.763655,2046.726494,8505,0.0,0.0,152517.9594328488,0.0
89.38,2036.763655,2045.232068,8505,0.0,0.0,152406.59780015794,0.0
89.39,2036.763655,2043.961806,8505,0.0,0.0,152311.94041982255,0.0
89.4,1992.662394,2036.266894,8506,0.0,0.0,151738.53098788537,0.0
89.41,1992.662394,2029.726219,8506,0.0,0.0,151251.13298564235,0.0
89.42,1992.662394,2024.166645,8506,0.0,0.0,150836.8446651063,0.0
89.43,2048.090321,2027.755197,8507,0.0,0.0,151104.2563734919,0.0
89.44,2037.144496,2029.163592,8508,0.0,0.0,151209.20714835371,0.0
89.45,2037.144496,2030.360727,8508,0.0,0.0,151298.4152510977,0.0
89.46000000000001,2037.144496,2031.378293,8508,0.0,0.0,151374.2422315776,0.0
89.47,2037.144496,2032.243223,8508,0.0,0.0,151438.69508301577,0.0
89.48,2037.144496,2032.978414,8508,0.0,0.0,151493.48004399714,0.0
89.49,2037.144496,2033.603326,8509,0.0,0.0,151540.04723475003,0.0
89.5,2075.841108,2039.938994,8509,0.0,0.0,152012.16852591262,0.0
89.51,2075.841108,2045.324311,8509,0.0,0.0,152413.47156378647,0.0
89.52,2039.967157,2044.520738,8510,0.0,0.0,152353.59091311108,0.0
89.53,2039.967157,2043.8377,8510,0.0,0.0,152302.69228924485,0.0
89.54,2039.995711,2043.261402,8512,0.0,0.0,152259.7477164146,0.0
89.55,2039.995711,2042.771548,8512,0.0,0.0,152223.24477734626,0.0
89.56,2039.995711,2042.355173,8512,0.0,0.0,152192.2173462044,0.0
89.57000000000001,2039.995711,2042.001254,8512,0.0,0.0,152165.84401110426,0.0
89.58,2039.995711,2041.700422,8512,0.0,0.0,152143.42661292886,0.0
89.59,2039.995711,2041.444716,8512,0.0,0.0,152124.3719139014,0.0
89.60000000000001,2080.57091,2047.313645,8512,0.0,0.0,152561.71274950416,0.0
89.61,2080.57091,2052.302235,8513,0.0,0.0,152933.45248584784,0.0
89.62,2051.767535,2052.22203,8513,0.0,0.0,152927.47576987123,0.0
89.63,2051.767535,2052.153855,8513,0.0,0.0,152922.3955054027,0.0
89.64,2037.562656,2049.965175,8515,0.0,0.0,152759.29945498754,0.0
89.65,2037.562656,2048.104797,8515,0.0,0.0,152620.66781213463,0.0
89.66,2037.562656,2046.523476,8515,0.0,0.0,152502.8309380651,0.0
89.67,2037.562656,2045.179353,8515,0.0,0.0,152402.66958392825,0.0
89.68,2037.562656,2044.036848,8515,0.0,0.0,152317.53239937883,0.0
89.69,2037.562656,2043.06572,8515,0.0,0.0,152245.16588565934,0.0
89.7,2076.392986,2048.064809,8516,0.0,0.0,152617.68798645708,0.0
89.71000000000001,2076.392986,2052.314036,8516,0.0,0.0,152934.33187273444,0.0
89.72,2039.978478,2050.463702,8516,0.0,0.0,152796.4486886468,0.0
89.73,2039.978478,2048.890919,8517,0.0,0.0,152679.2480492385,0.0
89.74,2035.52172,2046.885539,8519,0.0,0.0,152529.81114773554,0.0
89.75,2035.52172,2045.180966,8519,0.0,0.0,152402.78978145795,0.0
89.76,2035.52172,2043.732079,8519,0.0,0.0,152294.82162384797,0.0
89.77,2035.52172,2042.500525,8519,0.0,0.0,152203.04868615352,0.0
89.78,2035.52172,2041.453705,8519,0.0,0.0,152125.04175617947,0.0
89.79,2035.52172,2040.563907,8519,0.0,0.0,152058.73579118354,0.0
89.8,2035.52172,2039.807579,8519,0.0,0.0,152002.37574329242,0.0
89.81,2035.52172,2039.1647,8520,0.0,0.0,151954.46968768133,0.0
89.82000000000001,2035.52172,2038.618253,8520,0.0,0.0,151913.7495515896,0.0
89.83,2090.688935,2046.428855,8520,0.0,0.0,152495.77997063892,0.0
89.84,2027.333402,2043.564537,8522,0.0,0.0,152282.33672953784,0.0
89.85000000000001,2027.333402,2041.129867,8522,0.0,0.0,152100.90999695734,0.0
89.86,2027.333402,2039.060397,8522,0.0,0.0,151946.69723700488,0.0
89.87,2027.333402,2037.301348,8522,0.0,0.0,151815.61642830435,0.0
89.88,2027.333402,2035.806156,8522,0.0,0.0,151704.19771482758,0.0
89.89,2027.333402,2034.535243,8522,0.0,0.0,151609.49182327586,0.0
89.9,2089.324201,2042.753587,8523,0.0,0.0,152221.90635959606,0.0
89.91,2089.324201,2049.739179,8523,0.0,0.0,152742.458685661,0.0
89.92,2089.324201,2055.676932,8523,0.0,0.0,153184.9281479126,0.0
89.93,2011.986922,2049.123431,8524,0.0,0.0,152696.5743778357,0.0
89.94,2034.895974,2046.989312,8526,0.0,0.0,152537.54410387334,0.0
89.95,2034.895974,2045.175311,8526,0.0,0.0,152402.36838218302,0.0
89.96000000000001,2034.895974,2043.633411,8526,0.0,0.0,152287.46908208652,0.0
89.97,2034.895974,2042.322795,8526,0.0,0.0,152189.80460248655,0.0
89.98,2034.895974,2041.208772,8526,0.0,0.0,152106.78983953735,0.0
89.99,2034.895974,2040.261852,8526,0.0,0.0,152036.22725749746,0.0
90.0,2034.895974,2039.45697,8526,0.0,0.0,151976.2490627635,0.0
90.01,2034.895974,2038.772821,8526,0.0,0.0,151925.26764940226,0.0
90.02,2088.453054,2046.224856,8527,0.0,0.0,152480.5783736998,0.0
90.03,2088.453054,2052.559085,8527,0.0,0.0,152952.59243346422,0.0
90.04,2036.250071,2050.112733,8529,0.0,0.0,152770.29518163885,0.0
90.05,2036.250071,2048.033334,8529,0.0,0.0,152615.34253249085,0.0
90.06,2036.250071,2046.265844,8529,0.0,0.0,152483.6327173747,0.0
90.07000000000001,2036.250071,2044.763478,8529,0.0,0.0,152371.6794117851,0.0
90.08,2036.250071,2043.486467,8529,0.0,0.0,152276.5191094856,0.0
90.09,2036.250071,2042.401008,8529,0.0,0.0,152195.6328786124,0.0
90.10000000000001,2036.250071,2041.478367,8529,0.0,0.0,152126.87951902987,0.0
90.11,2036.250071,2040.694123,8530,0.0,0.0,152068.43922672496,0.0
90.12,2044.923569,2041.32854,8530,0.0,0.0,152115.71471104262,0.0
90.13,2044.923569,2041.867794,8530,0.0,0.0,152155.89883917948,0.0
90.14,2049.739495,2043.048549,8532,0.0,0.0,152243.88633712707,0.0
90.15,2049.739495,2044.052191,8532,0.0,0.0,152318.675729012,0.0
90.16,2049.739495,2044.905287,8532,0.0,0.0,152382.24673446963,0.0
90.17,2049.739495,2045.630418,8532,0.0,0.0,152436.28204439778,0.0
90.18,2049.739495,2046.24678,8532,0.0,0.0,152482.21210627342,0.0
90.19,2049.739495,2046.770687,8533,0.0,0.0,152521.25260670515,0.0
90.2,2049.739495,2047.216008,8533,0.0,0.0,152554.43703579804,0.0
90.21000000000001,2047.831681,2047.308359,8533,0.0,0.0,152561.31884737028,0.0
90.22,2047.831681,2047.386858,8534,0.0,0.0,152567.16843564337,0.0
90.23,2047.831681,2047.453581,8534,0.0,0.0,152572.14049997975,0.0
90.24,2060.01067,2049.337144,8536,0.0,0.0,152712.49984260096,0.0
90.25,2060.01067,2050.938173,8536,0.0,0.0,152831.80531736207,0.0
90.26,2060.01067,2052.299048,8536,0.0,0.0,152933.21499699028,0.0
90.27,2060.01067,2053.455791,8536,0.0,0.0,153019.4131687858,0.0
90.28,2060.01067,2054.439023,8536,0.0,0.0,153092.68164834508,0.0
90.29,2060.01067,2055.27477,8536,0.0,0.0,153154.95984106688,0.0
90.3,2060.01067,2055.985155,8536,0.0,0.0,153207.8963086063,0.0
90.31,2060.01067,2056.588983,8537,0.0,0.0,153252.89236190333,0.0
90.32000000000001,2042.189428,2054.429049,8537,0.0,0.0,153091.93840583964,0.0
90.33,2042.189428,2052.593106,8537,0.0,0.0,152955.12761025171,0.0
90.34,2030.540652,2049.285238,8539,0.0,0.0,152708.6319114311,0.0
90.35000000000001,2030.540652,2046.47355,8539,0.0,0.0,152499.11055252995,0.0
90.36,2030.540652,2044.083616,8539,0.0,0.0,152321.01745707836,0.0
90.37,2030.540652,2042.052171,8539,0.0,0.0,152169.63824397474,0.0
90.38,2030.540652,2040.325443,8539,0.0,0.0,152040.9659314662,0.0
90.39,2030.540652,2038.857724,8539,0.0,0.0,151931.59445093028,0.0
90.4,2030.540652,2037.610164,8540,0.0,0.0,151838.62877817047,0.0
90.41,2030.540652,2036.549737,8540,0.0,0.0,151759.60788180665,0.0
90.42,2139.136213,2051.937708,8540,0.0,0.0,152906.28866383195,0.0
90.43,2139.136213,2065.017484,8541,0.0,0.0,153880.96737699016,0.0
90.44,2247.67641,2092.416323,8543,0.0,0.0,155922.67398867445,0.0
90.45,2247.67641,2115.705336,8543,0.0,0.0,157658.12459742837,0.0
90.46000000000001,2247.67641,2135.500997,8543,0.0,0.0,159133.2576111433,0.0
90.47,2247.67641,2152.327309,8543,0.0,0.0,160387.12068397866,0.0
90.48,2247.67641,2166.629674,8543,0.0,0.0,161452.9042809852,0.0
90.49,2247.67641,2178.786684,8543,0.0,0.0,162358.8203198112,0.0
90.5,2247.67641,2189.120143,8543,0.0,0.0,163128.84899007235,0.0
90.51,2309.80942,2207.223535,8544,0.0,0.0,164477.87750694898,0.0
90.52,2309.80942,2222.611417,8544,0.0,0.0,165624.5516568725,0.0
90.53,2309.80942,2235.691118,8545,0.0,0.0,166599.22478118096,0.0
90.54,2285.838215,2243.213182,8547,0.0,0.0,167159.75392631412,0.0
90.55,2285.838215,2249.606937,8547,0.0,0.0,167636.20374438816,0.0
90.56,2285.838215,2255.041629,8547,0.0,0.0,168041.18610838053,0.0
90.57000000000001,2285.838215,2259.661117,8547,0.0,0.0,168385.4211028705,0.0
90.58,2285.838215,2263.587682,8547,0.0,0.0,168678.02086309055,0.0
90.59,2285.838215,2266.925262,8547,0.0,0.0,168926.73064064817,0.0
90.60000000000001,2285.838215,2269.762205,8547,0.0,0.0,169138.13395157203,0.0
90.61,2285.838215,2272.173606,8548,0.0,0.0,169317.82672487246,0.0
90.62,2291.988665,2275.145865,8548,0.0,0.0,169539.31351312427,0.0
90.63,2291.988665,2277.672285,8548,0.0,0.0,169727.57727196062,0.0
90.64,2300.076719,2281.03295,8551,0.0,0.0,169978.00729748668,0.0
90.65,2300.076719,2283.889516,8551,0.0,0.0,170190.8728750724,0.0
90.66,2300.076719,2286.317596,8551,0.0,0.0,170371.80853405045,0.0
90.67,2300.076719,2288.381464,8551,0.0,0.0,170525.60384418178,0.0
90.68,2300.076719,2290.135752,8551,0.0,0.0,170656.32987269704,0.0
90.69,2300.076719,2291.626897,8551,0.0,0.0,170767.4470118386,0.0
90.7,2300.076719,2292.894371,8551,0.0,0.0,170861.8966359974,0.0
90.71000000000001,2300.076719,2293.971723,8551,0.0,0.0,170942.1787494662,0.0
90.72,2310.046222,2296.382898,8552,0.0,0.0,171121.85468169922,0.0
90.73,2310.046222,2298.432396,8552,0.0,0.0,171274.57916820882,0.0
90.74,2308.169662,2299.892986,8556,0.0,0.0,171383.41940994168,0.0
90.75,2308.169662,2301.134488,8556,0.0,0.0,171475.93365267362,0.0
90.76,2308.169662,2302.189764,8557,0.0,0.0,171554.57070683312,0.0
90.77,2308.169662,2303.086749,8557,0.0,0.0,171621.41223267597,0.0
90.78,2308.169662,2303.849186,8557,0.0,0.0,171678.22751101287,0.0
90.79,2308.169662,2304.497257,8557,0.0,0.0,171726.52046406615,0.0
90.8,2308.169662,2305.048118,8557,0.0,0.0,171767.5695225981,0.0
90.81,2308.169662,2305.51635,8557,0.0,0.0,171802.46123352795,0.0
90.82000000000001,2308.169662,2305.914347,8557,0.0,0.0,171832.11917291477,0.0
90.83,2308.169662,2306.252644,8557,0.0,0.0,171857.32838786044,0.0
90.84,2310.295621,2306.85909,8559,0.0,0.0,171902.5195292745,0.0
90.85000000000001,2310.295621,2307.37457,8559,0.0,0.0,171940.93206654262,0.0
90.86,2310.295621,2307.812728,8559,0.0,0.0,171973.58272322052,0.0
90.87,2310.295621,2308.185162,8559,0.0,0.0,172001.33575904134,0.0
90.88,2310.295621,2308.50173,8559,0.0,0.0,172024.92577242287,0.0
90.89,2310.295621,2308.770814,8559,0.0,0.0,172044.97737321872,0.0
90.9,2310.295621,2308.999535,8559,0.0,0.0,172062.021204088,0.0
90.91,2310.295621,2309.193948,8559,0.0,0.0,172076.5084715046,0.0
90.92,2320.327929,2310.864045,8560,0.0,0.0,172200.9607553059,0.0
90.93,2320.327929,2312.283627,8560,0.0,0.0,172306.7451630039,0.0
90.94,2288.239608,2308.677025,8562,0.0,0.0,172037.98840476634,0.0
90.95,2288.239608,2305.611412,8562,0.0,0.0,171809.54506339098,0.0
90.96000000000001,2288.239608,2303.005641,8562,0.0,0.0,171615.36822694784,0.0
90.97,2288.239608,2300.790736,8562,0.0,0.0,171450.31794205244,0.0
90.98,2288.239608,2298.908067,8562,0.0,0.0,171310.02521852087,0.0
90.99,2288.239608,2297.307798,8562,0.0,0.0,171190.77637743775,0.0
91.0,2336.364723,2303.166337,8563,0.0,0.0,171627.34297104814,0.0
91.01,2336.364723,2308.146095,8563,0.0,0.0,171998.42456443934,0.0
91.02,2336.364723,2312.378889,8563,0.0,0.0,172313.84389646637,0.0
91.03,2304.111596,2311.138795,8564,0.0,0.0,172221.4345750747,0.0
91.04,2287.860245,2307.647012,8565,0.0,0.0,171961.23389877356,0.0
91.05,2287.860245,2304.678997,8565,0.0,0.0,171740.06336490245,0.0
91.06,2287.860245,2302.156184,8565,0.0,0.0,171552.0683924825,0.0
91.07000000000001,2287.860245,2300.011793,8565,0.0,0.0,171392.2726696515,0.0
91.08,2287.860245,2298.189061,8566,0.0,0.0,171256.44633132638,0.0
91.09,2287.860245,2296.639739,8566,0.0,0.0,171140.9939586537,0.0
91.10000000000001,2330.395681,2301.70313,8566,0.0,0.0,171518.30771571622,0.0
91.11,2330.395681,2306.007013,8567,0.0,0.0,171839.0244576561,0.0
91.12,2303.99712,2305.705529,8567,0.0,0.0,171816.55847374644,0.0
91.13,2303.99712,2305.449268,8568,0.0,0.0,171797.46241723048,0.0
91.14,2291.16644,2303.306843,8569,0.0,0.0,171637.8131967822,0.0
91.15,2291.16644,2301.485783,8569,0.0,0.0,171502.11145254868,0.0
91.16,2291.16644,2299.937881,8569,0.0,0.0,171386.76489543216,0.0
91.17,2291.16644,2298.622165,8569,0.0,0.0,171288.72037404578,0.0
91.18,2291.16644,2297.503806,8569,0.0,0.0,171205.3825010601,0.0
91.19,2291.16644,2296.553201,8570,0.0,0.0,171134.5453202,0.0
91.2,2324.365256,2300.72501,8570,0.0,0.0,171445.42017215936,0.0
91.21000000000001,2324.365256,2304.271046,8571,0.0,0.0,171709.66367337015,0.0
91.22,2309.973551,2305.126422,8571,0.0,0.0,171773.40457986167,0.0
91.23,2309.973551,2305.853491,8571,0.0,0.0,171827.5843056687,0.0
91.24,2289.550953,2303.408111,8573,0.0,0.0,171645.35948533672,0.0
91.25,2289.550953,2301.329537,8573,0.0,0.0,171490.46831353652,0.0
91.26,2289.550953,2299.56275,8573,0.0,0.0,171358.81088457254,0.0
91.27,2289.550953,2298.06098,8573,0.0,0.0,171246.90199170928,0.0
91.28,2289.550953,2296.784476,8573,0.0,0.0,171151.77947003444,0.0
91.29,2289.550953,2295.699448,8574,0.0,0.0,171070.9253564181,0.0
91.3,2333.246083,2301.331443,8574,0.0,0.0,171490.61034483943,0.0
91.31,2333.246083,2306.118639,8574,0.0,0.0,171847.34260362704,0.0
91.32000000000001,2333.246083,2310.187755,8575,0.0,0.0,172150.56497888576,0.0
91.33,2299.60738,2308.600699,8575,0.0,0.0,172032.30074410146,0.0
91.34,2286.367287,2305.265687,8577,0.0,0.0,171783.7823287611,0.0
91.35000000000001,2286.367287,2302.430927,8577,0.0,0.0,171572.54169062534,0.0
91.36,2286.367287,2300.021381,8577,0.0,0.0,171392.98714820997,0.0
91.37,2286.367287,2297.973267,8577,0.0,0.0,171240.36579460866,0.0
91.38,2286.367287,2296.23237,8577,0.0,0.0,171110.63763659584,0.0
91.39,2286.367287,2294.752608,8578,0.0,0.0,171000.368735818,0.0
91.4,2332.358844,2300.393543,8578,0.0,0.0,171420.71991513553,0.0
91.41,2332.358844,2305.188338,8578,0.0,0.0,171778.0184361849,0.0
91.42,2213.693735,2291.464148,8579,0.0,0.0,170755.3192822897,0.0
91.43,2213.693735,2279.798586,8579,0.0,0.0,169886.0249642198,0.0
91.44,2339.578459,2288.765567,8581,0.0,0.0,170554.22643051355,0.0
91.45,2339.578459,2296.387501,8581,0.0,0.0,171122.197688041,0.0
91.46000000000001,2339.578459,2302.866145,8581,0.0,0.0,171604.97326439107,0.0
91.47,2339.578459,2308.372992,8581,0.0,0.0,172015.33247448146,0.0
91.48,2339.578459,2313.053812,8581,0.0,0.0,172364.1378067842,0.0
91.49,2339.578459,2317.032509,8581,0.0,0.0,172660.6223392415,0.0
91.5,2262.648446,2308.8749,8582,0.0,0.0,172052.7336534897,0.0
91.51,2262.648446,2301.940932,8582,0.0,0.0,171536.02824451937,0.0
91.52,2297.837428,2301.325406,8583,0.0,0.0,171490.1604796895,0.0
91.53,2297.837428,2300.802209,8583,0.0,0.0,171451.1728870359,0.0
91.54,2289.930991,2299.171527,8585,0.0,0.0,171329.65773009972,0.0
91.55,2289.930991,2297.785446,8585,0.0,0.0,171226.36974983054,0.0
91.56,2289.930991,2296.607278,8585,0.0,0.0,171138.57502994206,0.0
91.57000000000001,2289.930991,2295.605835,8585,0.0,0.0,171063.94950313322,0.0
91.58,2289.930991,2294.754608,8585,0.0,0.0,171000.51777181268,0.0
91.59,2289.930991,2294.031065,8585,0.0,0.0,170946.60079646428,0.0
91.60000000000001,2348.081025,2302.138559,8586,0.0,0.0,171550.7550127794,0.0
91.61,2348.081025,2309.029929,8586,0.0,0.0,172064.2861040991,0.0
91.62,2303.572572,2308.211326,8586,0.0,0.0,172003.2854479237,0.0
91.63,2303.572572,2307.515513,8587,0.0,0.0,171951.4348566415,0.0
91.64,2295.098064,2305.652895,8589,0.0,0.0,171812.63629347458,0.0
91.65,2295.098064,2304.069671,8589,0.0,0.0,171694.6576116561,0.0
91.66,2295.098064,2302.72393,8589,0.0,0.0,171594.37568739956,0.0
91.67,2295.098064,2301.58005,8589,0.0,0.0,171509.1360406038,0.0
91.68,2295.098064,2300.607752,8589,0.0,0.0,171436.6823408274,0.0
91.69,2295.098064,2299.781299,8589,0.0,0.0,171375.0967183729,0.0
91.7,2345.771427,2306.679818,8589,0.0,0.0,171889.1605388556,0.0
91.71000000000001,2345.771427,2312.543559,8590,0.0,0.0,172326.11477508812,0.0
91.72,2345.771427,2317.527739,8590,0.0,0.0,172697.52588706353,0.0
91.73,2300.051751,2314.906341,8591,0.0,0.0,172502.18455787597,0.0
91.74,2292.625613,2311.564232,8593,0.0,0.0,172253.13728830847,0.0
91.75,2292.625613,2308.723439,8593,0.0,0.0,172041.4470830948,0.0
91.76,2292.625613,2306.308765,8593,0.0,0.0,171861.5104123891,0.0
91.77,2292.625613,2304.256292,8593,0.0,0.0,171708.56423483742,0.0
91.78,2292.625613,2302.511691,8593,0.0,0.0,171578.5600621624,0.0
91.79,2292.625613,2301.028779,8593,0.0,0.0,171468.05642969295,0.0
91.8,2292.625613,2299.768304,8593,0.0,0.0,171374.1283569975,0.0
91.81,2292.625613,2298.6969,8594,0.0,0.0,171294.2894765768,0.0
91.82000000000001,2292.625613,2297.786207,8594,0.0,0.0,171226.42645802654,0.0
91.83,2267.526383,2293.247234,8594,0.0,0.0,170888.1912800923,0.0
91.84,2300.068794,2294.270468,8596,0.0,0.0,170964.44062858113,0.0
91.85000000000001,2300.068794,2295.140217,8596,0.0,0.0,171029.25258224845,0.0
91.86,2300.068794,2295.879503,8596,0.0,0.0,171084.34269442895,0.0
91.87,2300.068794,2296.507897,8596,0.0,0.0,171131.16935684855,0.0
91.88,2300.068794,2297.042032,8596,0.0,0.0,171170.97202735703,0.0
91.89,2300.068794,2297.496046,8597,0.0,0.0,171204.80424140077,0.0
91.9,2321.628276,2301.11588,8597,0.0,0.0,171474.54702177912,0.0
91.91,2321.628276,2304.19274,8597,0.0,0.0,171703.82846707056,0.0
91.92,2321.628276,2306.80807,8598,0.0,0.0,171898.71762105025,0.0
91.93,2308.03339,2306.991868,8598,0.0,0.0,171912.4138799251,0.0
91.94,2295.446344,2305.260039,8600,0.0,0.0,171783.36145111205,0.0
91.95,2295.446344,2303.787985,8600,0.0,0.0,171673.66693505773,0.0
91.96000000000001,2295.446344,2302.536739,8600,0.0,0.0,171580.42658895976,0.0
91.97,2295.446344,2301.47318,8600,0.0,0.0,171501.17230222822,0.0
91.98,2295.446344,2300.569155,8600,0.0,0.0,171433.8061696842,0.0
91.99,2295.446344,2299.800733,8601,0.0,0.0,171376.54490113317,0.0
92.0,2320.392906,2302.889559,8601,0.0,0.0,171606.71802878077,0.0
92.01,2320.392906,2305.515061,8601,0.0,0.0,171802.36517982942,0.0
92.02,2320.392906,2307.746738,8602,0.0,0.0,171968.66528057613,0.0
92.03,2312.139114,2308.405594,8602,0.0,0.0,172017.7619102307,0.0
92.04,2297.538135,2306.775475,8604,0.0,0.0,171896.28870692698,0.0
92.05,2297.538135,2305.389874,8604,0.0,0.0,171793.03649529652,0.0
92.06,2297.538135,2304.212113,8604,0.0,0.0,171705.27210423298,0.0
92.07000000000001,2297.538135,2303.211017,8604,0.0,0.0,171630.67243516925,0.0
92.08,2297.538135,2302.360084,8604,0.0,0.0,171567.26261213984,0.0
92.09,2297.538135,2301.636792,8604,0.0,0.0,171513.36434080877,0.0
92.10000000000001,2306.312955,2302.338216,8605,0.0,0.0,171565.6330525741,0.0
92.11,2306.312955,2302.934427,8605,0.0,0.0,171610.0615022854,0.0
92.12,2303.999194,2303.094142,8606,0.0,0.0,171621.96314423028,0.0
92.13,2303.999194,2303.2299,8606,0.0,0.0,171632.07955851298,0.0
92.14,2301.230503,2302.92999,8608,0.0,0.0,171609.7308659312,0.0
92.15,2301.230503,2302.675067,8608,0.0,0.0,171590.7345144956,0.0
92.16,2301.230503,2302.458383,8608,0.0,0.0,171574.58765676024,0.0
92.17,2301.230503,2302.274201,8608,0.0,0.0,171560.86278297444,0.0
92.18,2301.230503,2302.117646,8608,0.0,0.0,171549.19661790112,0.0
92.19,2301.230503,2301.984575,8608,0.0,0.0,171539.2804334772,0.0
92.2,2315.548522,2304.019167,8609,0.0,0.0,171690.89415471847,0.0
92.21000000000001,2315.548522,2305.74857,8609,0.0,0.0,171819.76580286995,0.0
92.22,2315.548522,2307.218563,8609,0.0,0.0,171929.3067373318,0.0
92.23,2312.116222,2307.953212,8610,0.0,0.0,171984.05130955865,0.0
92.24,2290.467905,2305.330416,8612,0.0,0.0,171788.60580421076,0.0
92.25,2290.467905,2303.101039,8612,0.0,0.0,171622.47709485795,0.0
92.26,2290.467905,2301.206069,8612,0.0,0.0,171481.2677254411,0.0
92.27,2290.467905,2299.595345,8612,0.0,0.0,171361.2397986958,0.0
92.28,2290.467905,2298.226229,8612,0.0,0.0,171259.21601625148,0.0
92.29,2290.467905,2297.06248,8612,0.0,0.0,171172.4957713666,0.0
92.3,2330.34483,2302.054833,8612,0.0,0.0,171544.51591893425,0.0
92.31,2330.34483,2306.298332,8613,0.0,0.0,171860.73296612283,0.0
92.32000000000001,2330.34483,2309.905307,8613,0.0,0.0,172129.51751957342,0.0
92.33,2311.649554,2310.166944,8614,0.0,0.0,172149.0141848431,0.0
92.34,2285.753987,2306.505,8615,0.0,0.0,171876.1334515968,0.0
92.35000000000001,2285.753987,2303.392348,8615,0.0,0.0,171644.18485814467,0.0
92.36,2285.753987,2300.746594,8615,0.0,0.0,171447.02856861395,0.0
92.37,2285.753987,2298.497703,8615,0.0,0.0,171279.44571506098,0.0
92.38,2285.753987,2296.586146,8616,0.0,0.0,171137.0003156223,0.0
92.39,2285.753987,2294.961322,8616,0.0,0.0,171015.9216851145,0.0
92.4,2350.669592,2303.317562,8616,0.0,0.0,171638.61195519572,0.0
92.41,2350.669592,2310.420367,8617,0.0,0.0,172167.89875928266,0.0
92.42,2303.924431,2309.445976,8617,0.0,0.0,172095.28909333787,0.0
92.43,2303.924431,2308.617745,8617,0.0,0.0,172033.57097788405,0.0
92.44,2270.807374,2302.946189,8619,0.0,0.0,171610.93798297003,0.0
92.45,2270.807374,2298.125367,8619,0.0,0.0,171251.69998200395,0.0
92.46000000000001,2270.807374,2294.027668,8619,0.0,0.0,170946.34765882732,0.0
92.47,2270.807374,2290.544624,8619,0.0,0.0,170686.7981953049,0.0
92.48,2270.807374,2287.584036,8619,0.0,0.0,170466.18110660004,0.0
92.49,2270.807374,2285.067537,8620,0.0,0.0,170278.6566408153,0.0
92.5,2360.971683,2296.453159,8620,0.0,0.0,171127.09039071022,0.0
92.51,2360.971683,2306.130938,8621,0.0,0.0,171848.2591004763,0.0
92.52,2303.920284,2305.79934,8621,0.0,0.0,171823.54908159483,0.0
92.53,2303.920284,2305.517481,8621,0.0,0.0,171802.54551338294,0.0
92.54,2296.991205,2304.23854,8623,0.0,0.0,171707.24139134862,0.0
92.55,2296.991205,2303.15144,8623,0.0,0.0,171626.2328764418,0.0
92.56,2296.991205,2302.227405,8623,0.0,0.0,171557.375638771,0.0
92.57000000000001,2296.991205,2301.441975,8623,0.0,0.0,171498.8469681213,0.0
92.58,2296.991205,2300.774359,8623,0.0,0.0,171449.09756081,0.0
92.59,2296.991205,2300.206886,8624,0.0,0.0,171406.8106093063,0.0
92.60000000000001,2315.697729,2302.530512,8624,0.0,0.0,171579.96256539028,0.0
92.61,2315.697729,2304.505595,8624,0.0,0.0,171727.14179512797,0.0
92.62,2303.945857,2304.421634,8625,0.0,0.0,171720.88518955337,0.0
92.63,2303.945857,2304.350268,8625,0.0,0.0,171715.5671381553,0.0
92.64,2297.114649,2303.264925,8627,0.0,0.0,171634.68955136978,0.0
92.65,2297.114649,2302.342384,8627,0.0,0.0,171565.943643587,0.0
92.66,2297.114649,2301.558224,8627,0.0,0.0,171507.50961079387,0.0
92.67,2297.114649,2300.891687,8627,0.0,0.0,171457.8406084018,0.0
92.68,2297.114649,2300.325132,8627,0.0,0.0,171415.6220644196,0.0
92.69,2297.114649,2299.843559,8627,0.0,0.0,171379.7362088872,0.0
92.7,2320.24157,2302.903261,8628,0.0,0.0,171607.7390743803,0.0
92.71000000000001,2320.24157,2305.504007,8628,0.0,0.0,171801.54145788684,0.0
92.72,2297.997128,2304.377975,8629,0.0,0.0,171717.63180830752,0.0
92.73,2297.997128,2303.420848,8629,0.0,0.0,171646.3086210688,0.0
92.74,2297.406855,2302.518749,8632,0.0,0.0,171579.08601018763,0.0
92.75,2297.406855,2301.751965,8632,0.0,0.0,171521.9468021163,0.0
92.76,2297.406855,2301.100199,8632,0.0,0.0,171473.37850506284,0.0
92.77,2297.406855,2300.546197,8632,0.0,0.0,171432.09538550125,0.0
92.78,2297.406855,2300.075296,8632,0.0,0.0,171397.00478603647,0.0
92.79,2297.406855,2299.67503,8632,0.0,0.0,171367.17776531374,0.0
92.8,2297.406855,2299.334804,8632,0.0,0.0,171341.82480515118,0.0
92.81,2297.406855,2299.045611,8632,0.0,0.0,171320.2747219468,0.0
92.82000000000001,2297.406855,2298.799798,8632,0.0,0.0,171301.95722946702,0.0
92.83,2333.225426,2303.963642,8633,0.0,0.0,171686.75654291624,0.0
92.84,2300.676893,2303.47063,8635,0.0,0.0,171650.01827601233,0.0
92.85000000000001,2300.676893,2303.051569,8635,0.0,0.0,171618.79068952962,0.0
92.86,2300.676893,2302.695368,8635,0.0,0.0,171592.2473043596,0.0
92.87,2300.676893,2302.392597,8635,0.0,0.0,171569.68541578733,0.0
92.88,2300.676893,2302.135241,8635,0.0,0.0,171550.50776206428,0.0
92.89,2300.676893,2301.916489,8635,0.0,0.0,171534.20680111044,0.0
92.9,2220.204609,2289.659707,8636,0.0,0.0,170620.85595265395,0.0
92.91,2220.204609,2279.241442,8636,0.0,0.0,169844.50770911053,0.0
92.92,2315.874827,2284.73645,8636,0.0,0.0,170253.98470063045,0.0
92.93,2315.874827,2289.407206,8637,0.0,0.0,170602.04008380792,0.0
92.94,2299.755969,2290.959521,8638,0.0,0.0,170717.71548884668,0.0
92.95,2299.755969,2292.278988,8638,0.0,0.0,170816.03952724114,0.0
92.96000000000001,2299.755969,2293.400535,8638,0.0,0.0,170899.61496360233,0.0
92.97,2299.755969,2294.35385,8638,0.0,0.0,170970.6540882352,0.0
92.98,2299.755969,2295.164168,8639,0.0,0.0,171031.03736280266,0.0
92.99,2299.755969,2295.852938,8639,0.0,0.0,171082.36312382965,0.0
93.0,2314.046379,2298.581954,8639,0.0,0.0,171285.72393085482,0.0
93.01,2314.046379,2300.901618,8640,0.0,0.0,171458.58064663332,0.0
93.02,2315.838354,2303.142128,8640,0.0,0.0,171625.53896485057,0.0
93.03,2315.838354,2305.046562,8640,0.0,0.0,171767.45357259424,0.0
93.04,2295.141278,2303.56077,8642,0.0,0.0,171656.73532829242,0.0
93.05,2295.141278,2302.297846,8642,0.0,0.0,171562.6247610215,0.0
93.06,2295.141278,2301.224361,8642,0.0,0.0,171482.63080864842,0.0
93.07000000000001,2295.141278,2300.311898,8642,0.0,0.0,171414.63589324278,0.0
93.08,2295.141278,2299.536305,8642,0.0,0.0,171356.8402561329,0.0
93.09,2295.141278,2298.877051,8643,0.0,0.0,171307.71396831542,0.0
93.10000000000001,2314.811126,2301.267162,8643,0.0,0.0,171485.82025345252,0.0
93.11,2314.811126,2303.298757,8644,0.0,0.0,171637.21064425574,0.0
93.12,2314.811126,2305.025612,8644,0.0,0.0,171765.89242055,0.0
93.13,2312.129094,2306.091135,8644,0.0,0.0,171845.29306062823,0.0
93.14,2295.442615,2304.493857,8646,0.0,0.0,171726.26710287514,0.0
93.15,2295.442615,2303.13617,8646,0.0,0.0,171625.09498662248,0.0
93.16,2295.442615,2301.982137,8646,0.0,0.0,171539.09875859972,0.0
93.17,2295.442615,2301.001209,8646,0.0,0.0,171466.00196850632,0.0
93.18,2295.442615,2300.16742,8646,0.0,0.0,171403.86968202333,0.0
93.19,2295.442615,2299.458699,8647,0.0,0.0,171351.05721243145,0.0
93.2,2330.49781,2304.114566,8647,0.0,0.0,171698.0030971466,0.0
93.21000000000001,2330.49781,2308.072052,8647,0.0,0.0,171992.90702836236,0.0
93.22,2297.924628,2306.549939,8648,0.0,0.0,171879.4822158792,0.0
93.23,2297.924628,2305.256142,8648,0.0,0.0,171783.0710544765,0.0
93.24,2300.491194,2304.5414,8650,0.0,0.0,171729.80991202264,0.0
93.25,2300.491194,2303.933869,8650,0.0,0.0,171684.5379185815,0.0
93.26,2300.491194,2303.417468,8650,0.0,0.0,171646.05675023783,0.0
93.27,2300.491194,2302.978527,8650,0.0,0.0,171613.34774596803,0.0
93.28,2300.491194,2302.605427,8650,0.0,0.0,171585.54508116093,0.0
93.29,2300.491194,2302.288292,8650,0.0,0.0,171561.91281607494,0.0
93.3,2322.308207,2305.291279,8651,0.0,0.0,171785.68939334896,0.0
93.31,2322.308207,2307.843818,8651,0.0,0.0,171975.89948775776,0.0
93.32000000000001,2297.986327,2306.365195,8652,0.0,0.0,171865.7154629789,0.0
93.33,2297.986327,2305.108365,8652,0.0,0.0,171772.05900838377,0.0
93.34,2292.427469,2303.20623,8654,0.0,0.0,171630.31571751597,0.0
93.35000000000001,2292.427469,2301.589416,8654,0.0,0.0,171509.83397616688,0.0
93.36,2292.427469,2300.215124,8654,0.0,0.0,171407.4244885683,0.0
93.37,2292.427469,2299.046976,8654,0.0,0.0,171320.3764390132,0.0
93.38,2292.427469,2298.054049,8654,0.0,0.0,171246.38550746968,0.0
93.39,2292.427469,2297.210062,8654,0.0,0.0,171183.49328644987,0.0
93.4,2341.90699,2303.914602,8655,0.0,0.0,171683.10218032676,0.0
93.41,2341.90699,2309.61346,8655,0.0,0.0,172107.76966560417,0.0
93.42,2341.90699,2314.457489,8655,0.0,0.0,172468.7370057345,0.0
93.43,2304.021965,2312.892161,8656,0.0,0.0,172352.0918979964,0.0
93.44,2295.02593,2310.212226,8658,0.0,0.0,172152.38850879864,0.0
93.45,2295.02593,2307.934282,8658,0.0,0.0,171982.64068386905,0.0
93.46000000000001,2295.02593,2305.998029,8658,0.0,0.0,171838.35498796805,0.0
93.47,2295.02593,2304.352214,8658,0.0,0.0,171715.71215017812,0.0
93.48,2295.02593,2302.953272,8658,0.0,0.0,171611.4657939452,0.0
93.49,2295.02593,2301.76417,8658,0.0,0.0,171522.85629427378,0.0
93.5,2311.196495,2303.179019,8659,0.0,0.0,171628.2880082904,0.0
93.51,2311.196495,2304.381641,8659,0.0,0.0,171717.90499128582,0.0
93.52,2311.196495,2305.403869,8659,0.0,0.0,171794.07937466935,0.0
93.53,2304.084483,2305.205961,8660,0.0,0.0,171779.331666852,0.0
93.54,2295.384635,2303.732762,8661,0.0,0.0,171669.55182769068,0.0
93.55,2295.384635,2302.480543,8661,0.0,0.0,171576.23897558128,0.0
93.56,2295.384635,2301.416157,8661,0.0,0.0,171496.923062466,0.0
93.57000000000001,2295.384635,2300.511428,8661,0.0,0.0,171429.50446925175,0.0
93.58,2295.384635,2299.742409,8662,0.0,0.0,171372.1987134564,0.0
93.59,2295.384635,2299.088743,8662,0.0,0.0,171323.48883220804,0.0
93.60000000000001,2315.485387,2301.54824,8662,0.0,0.0,171506.76562310848,0.0
93.61,2315.485387,2303.638812,8663,0.0,0.0,171662.55086184072,0.0
93.62,2303.898974,2303.677836,8663,0.0,0.0,171665.45885216887,0.0
93.63,2303.898974,2303.711007,8664,0.0,0.0,171667.93068865858,0.0
93.64,2295.74619,2302.516284,8665,0.0,0.0,171578.90232332415,0.0
93.65,2295.74619,2301.50077,8665,0.0,0.0,171503.2282537748,0.0
93.66,2295.74619,2300.637583,8665,0.0,0.0,171438.90528720606,0.0
93.67,2295.74619,2299.903874,8665,0.0,0.0,171384.2307618967,0.0
93.68,2295.74619,2299.280221,8665,0.0,0.0,171337.75738930242,0.0
93.69,2295.74619,2298.750117,8666,0.0,0.0,171298.25510084123,0.0
93.7,2318.60101,2301.727751,8666,0.0,0.0,171520.1424233287,0.0
93.71000000000001,2318.60101,2304.25874,8667,0.0,0.0,171708.74665489493,0.0
93.72,2303.958644,2304.213725,8667,0.0,0.0,171705.39222724468,0.0
93.73,2303.958644,2304.175463,8667,0.0,0.0,171702.54101963053,0.0
93.74,2298.831539,2303.373874,8670,0.0,0.0,171642.80821266182,0.0
93.75,2298.831539,2302.692524,8670,0.0,0.0,171592.0353751751,0.0
93.76,2298.831539,2302.113376,8670,0.0,0.0,171548.87842605243,0.0
93.77,2298.831539,2301.621101,8670,0.0,0.0,171512.19507891257,0.0
93.78,2298.831539,2301.202667,8670,0.0,0.0,171481.01421521418,0.0
93.79,2298.831539,2300.846997,8670,0.0,0.0,171454.51039910075,0.0
93.8,2298.831539,2300.544679,8670,0.0,0.0,171431.98226718127,0.0
93.81,2298.831539,2300.287708,8670,0.0,0.0,171412.8333028872,0.0
93.82000000000001,2298.831539,2300.069282,8671,0.0,0.0,171396.55663480048,0.0
93.83,2333.50862,2305.085183,8671,0.0,0.0,171770.33153216948,0.0
93.84,2292.991097,2303.27107,8673,0.0,0.0,171635.1474644634,0.0
93.85000000000001,2292.991097,2301.729074,8673,0.0,0.0,171520.2410106392,0.0
93.86,2292.991097,2300.418378,8673,0.0,0.0,171422.5705695994,0.0
93.87,2292.991097,2299.304286,8673,0.0,0.0,171339.55066490837,0.0
93.88,2292.991097,2298.357307,8673,0.0,0.0,171268.98368630666,0.0
93.89,2292.991097,2297.552376,8673,0.0,0.0,171209.00184019087,0.0
93.9,2234.691701,2288.123275,8674,0.0,0.0,170506.36411696693,0.0
93.91,2234.691701,2280.108539,8674,0.0,0.0,169909.1220410489,0.0
93.92,2303.841381,2283.668465,8675,0.0,0.0,170174.40059724273,0.0
93.93,2303.841381,2286.694402,8675,0.0,0.0,170399.88736255566,0.0
93.94,2340.864592,2294.819931,8677,0.0,0.0,171005.38551095282,0.0
93.95,2340.864592,2301.72663,8677,0.0,0.0,171520.0588886537,0.0
93.96000000000001,2340.864592,2307.597324,8677,0.0,0.0,171957.53124852176,0.0
93.97,2340.864592,2312.587414,8677,0.0,0.0,172329.38276186143,0.0
93.98,2340.864592,2316.828991,8677,0.0,0.0,172645.45658545915,0.0
93.99,2340.864592,2320.434331,8677,0.0,0.0,172914.11930198406,0.0
94.0,2222.208971,2305.700527,8678,0.0,0.0,171816.18573472378,0.0
94.01,2222.208971,2293.176794,8678,0.0,0.0,170882.94223235978,0.0
94.02,2303.837119,2294.775842,8678,0.0,0.0,171002.10008696816,0.0
94.03,2303.837119,2296.135034,8679,0.0,0.0,171103.38435280687,0.0
94.04,2303.836865,2297.290309,8681,0.0,0.0,171189.4731321823,0.0
94.05,2303.836865,2298.272292,8681,0.0,0.0,171262.6485387629,0.0
94.06,2303.836865,2299.106978,8681,0.0,0.0,171324.84766788947,0.0
94.07000000000001,2303.836865,2299.816461,8681,0.0,0.0,171377.7169201953,0.0
94.08,2303.836865,2300.419522,8681,0.0,0.0,171422.6558181884,0.0
94.09,2303.836865,2300.932123,8681,0.0,0.0,171460.85381814218,0.0
94.10000000000001,2309.42196,2302.205599,8682,0.0,0.0,171555.75069932098,0.0
94.11,2309.42196,2303.288053,8682,0.0,0.0,171636.41300361225,0.0
94.12,2309.42196,2304.208139,8682,0.0,0.0,171704.97596971158,0.0
94.13,2304.122887,2304.195351,8683,0.0,0.0,171704.0230335616,0.0
94.14,2299.919967,2303.554044,8685,0.0,0.0,171656.23412024233,0.0
94.15,2299.919967,2303.008932,8685,0.0,0.0,171615.61346567707,0.0
94.16,2299.919967,2302.545587,8685,0.0,0.0,171581.0859242002,0.0
94.17,2299.919967,2302.151744,8685,0.0,0.0,171551.73753257433,0.0
94.18,2299.919967,2301.816978,8686,0.0,0.0,171526.79144067728,0.0
94.19,2299.919967,2301.532426,8686,0.0,0.0,171505.58719549858,0.0
94.2,2342.214823,2307.634786,8686,0.0,0.0,171960.3228417381,0.0
94.21000000000001,2342.214823,2312.821791,8687,0.0,0.0,172346.84806652364,0.0
94.22,2303.935259,2311.488811,8687,0.0,0.0,172247.5170664312,0.0
94.23,2303.935259,2310.355779,8688,0.0,0.0,172163.08579087057,0.0
94.24,2300.288301,2308.845657,8689,0.0,0.0,172050.5545236935,0.0
94.25,2300.288301,2307.562054,8689,0.0,0.0,171954.90299875563,0.0
94.26,2300.288301,2306.470991,8689,0.0,0.0,171873.59916902537,0.0
94.27,2300.288301,2305.543587,8689,0.0,0.0,171804.49088022148,0.0
94.28,2300.288301,2304.755294,8689,0.0,0.0,171745.7488645454,0.0
94.29,2300.288301,2304.085245,8690,0.0,0.0,171695.81815494664,0.0
94.3,2307.945101,2304.664224,8690,0.0,0.0,171738.96251052778,0.0
94.31,2307.945101,2305.156355,8691,0.0,0.0,171775.635127076,0.0
94.32000000000001,2303.952193,2304.975731,8691,0.0,0.0,171762.17538832471,0.0
94.33,2303.952193,2304.8222,8691,0.0,0.0,171750.73456567535,0.0
94.34,2289.126926,2302.467909,8693,0.0,0.0,171575.2975152029,0.0
94.35000000000001,2289.126926,2300.466762,8693,0.0,0.0,171426.17604838265,0.0
94.36,2289.126926,2298.765786,8693,0.0,0.0,171299.42272334153,0.0
94.37,2289.126926,2297.319957,8693,0.0,0.0,171191.6824417674,0.0
94.38,2289.126926,2296.091003,8693,0.0,0.0,171100.10325086603,0.0
94.39,2289.126926,2295.046391,8694,0.0,0.0,171022.2608566301,0.0
94.4,2334.26704,2300.929488,8694,0.0,0.0,171460.6574632192,0.0
94.41,2334.26704,2305.930121,8694,0.0,0.0,171833.29461980477,0.0
94.42,2334.26704,2310.180659,8695,0.0,0.0,172150.03619917663,0.0
94.43,2312.01341,2310.455572,8695,0.0,0.0,172170.522165379,0.0
94.44,2281.192143,2306.066057,8697,0.0,0.0,171843.424298291,0.0
94.45,2281.192143,2302.33497,8697,0.0,0.0,171565.3911671547,0.0
94.46000000000001,2281.192143,2299.163546,8697,0.0,0.0,171329.063001963,0.0
94.47,2281.192143,2296.467836,8697,0.0,0.0,171128.18409135714,0.0
94.48,2281.192143,2294.176482,8697,0.0,0.0,170957.43698008324,0.0
94.49,2281.192143,2292.228831,8698,0.0,0.0,170812.30192804858,0.0
94.5,2328.232045,2297.629313,8698,0.0,0.0,171214.73503135206,0.0
94.51,2328.232045,2302.219723,8698,0.0,0.0,171556.8031915154,0.0
94.52,2303.954267,2302.479904,8699,0.0,0.0,171576.19135858098,0.0
94.53,2303.954267,2302.701059,8699,0.0,0.0,171592.67138628245,0.0
94.54,2289.56222,2300.730233,8701,0.0,0.0,171445.80937965948,0.0
94.55,2289.56222,2299.055031,8701,0.0,0.0,171320.97668148173,0.0
94.56,2289.56222,2297.631109,8701,0.0,0.0,171214.86886567532,0.0
94.57000000000001,2289.56222,2296.420776,8701,0.0,0.0,171124.6772744024,0.0
94.58,2289.56222,2295.391993,8701,0.0,0.0,171048.01442554637,0.0
94.59,2289.56222,2294.517527,8701,0.0,0.0,170982.8509704856,0.0
94.60000000000001,2333.284365,2300.332552,8702,0.0,0.0,171416.17498795982,0.0
94.61,2333.284365,2305.275324,8702,0.0,0.0,171784.50045870143,0.0
94.62,2297.826744,2304.158037,8702,0.0,0.0,171701.24246900892,0.0
94.63,2297.826744,2303.208343,8703,0.0,0.0,171630.47317404437,0.0
94.64,2296.029393,2302.131501,8705,0.0,0.0,171550.22906475418,0.0
94.65,2296.029393,2301.216185,8705,0.0,0.0,171482.0215495022,0.0
94.66,2296.029393,2300.438166,8705,0.0,0.0,171424.04513173076,0.0
94.67,2296.029393,2299.77685,8705,0.0,0.0,171374.76518780275,0.0
94.68,2296.029393,2299.214732,8705,0.0,0.0,171332.87728017473,0.0
94.69,2296.029393,2298.736931,8705,0.0,0.0,171297.27250652833,0.0
94.7,2318.024237,2301.630027,8706,0.0,0.0,171512.8602265568,0.0
94.71000000000001,2318.024237,2304.089158,8706,0.0,0.0,171696.10974387024,0.0
94.72,2303.973504,2304.07181,8706,0.0,0.0,171694.81700565238,0.0
94.73,2303.973504,2304.057064,8707,0.0,0.0,171693.71816326363,0.0
94.74,2298.069488,2303.158928,8710,0.0,0.0,171626.79086720583,0.0
94.75,2298.069488,2302.395512,8710,0.0,0.0,171569.90263574957,0.0
94.76,2298.069488,2301.746608,8710,0.0,0.0,171521.54760920454,0.0
94.77,2298.069488,2301.19504,8710,0.0,0.0,171480.44586644846,0.0
94.78,2298.069488,2300.726208,8710,0.0,0.0,171445.50944472017,0.0
94.79,2298.069488,2300.3277,8710,0.0,0.0,171415.81342663674,0.0
94.8,2298.069488,2299.988968,8710,0.0,0.0,171390.57179636226,0.0
94.81,2298.069488,2299.701046,8710,0.0,0.0,171369.1164255325,0.0
94.82000000000001,2298.069488,2299.456312,8710,0.0,0.0,171350.8793379718,0.0
94.83,2322.333545,2302.887897,8711,0.0,0.0,171606.59417986922,0.0
94.84,2281.843507,2299.731239,8712,0.0,0.0,171371.36634742617,0.0
94.85000000000001,2281.843507,2297.048079,8712,0.0,0.0,171171.422637687,0.0
94.86,2281.843507,2294.767393,8712,0.0,0.0,171001.47048440864,0.0
94.87,2281.843507,2292.82881,8712,0.0,0.0,170857.01116157387,0.0
94.88,2281.843507,2291.181015,8712,0.0,0.0,170734.22077814926,0.0
94.89,2281.843507,2289.780389,8713,0.0,0.0,170629.84893360874,0.0
94.9,2342.698312,2297.718077,8713,0.0,0.0,171221.34954686786,0.0
94.91,2342.698312,2304.465113,8714,0.0,0.0,171724.1251575597,0.0
94.92,2342.698312,2310.200093,8714,0.0,0.0,172151.4843819369,0.0
94.93,2304.033332,2309.275078,8714,0.0,0.0,172082.55411662871,0.0
94.94,2285.801463,2305.754036,8716,0.0,0.0,171820.1731182434,0.0
94.95,2285.801463,2302.76115,8716,0.0,0.0,171597.14924726047,0.0
94.96000000000001,2285.801463,2300.217197,8716,0.0,0.0,171407.57896437685,0.0
94.97,2285.801463,2298.054837,8716,0.0,0.0,171246.4442276516,0.0
94.98,2285.801463,2296.216831,8716,0.0,0.0,171109.4797014352,0.0
94.99,2285.801463,2294.654525,8717,0.0,0.0,170993.05978708502,0.0
95.0,2334.456759,2300.62486,8717,0.0,0.0,171437.9571947259,0.0
95.01,2334.456759,2305.699645,8717,0.0,0.0,171816.12000985013,0.0
95.02,2334.456759,2310.013212,8718,0.0,0.0,172137.55838407626,0.0
95.03,2304.023347,2309.114733,8718,0.0,0.0,172070.6055283454,0.0
95.04,2288.079104,2305.959388,8720,0.0,0.0,171835.4755380329,0.0
95.05,2288.079104,2303.277346,8720,0.0,0.0,171635.6151394147,0.0
95.06,2288.079104,2300.997609,8720,0.0,0.0,171465.73370371587,0.0
95.07000000000001,2288.079104,2299.059833,8720,0.0,0.0,171321.33451690496,0.0
95.08,2288.079104,2297.412724,8720,0.0,0.0,171198.59525282646,0.0
95.09,2288.079104,2296.012681,8721,0.0,0.0,171094.2668522785,0.0
95.10000000000001,2329.963128,2301.105248,8721,0.0,0.0,171473.75474643143,0.0
95.11,2329.963128,2305.43393,8721,0.0,0.0,171796.31946018728,0.0
95.12,2329.963128,2309.11331,8722,0.0,0.0,172070.4994892352,0.0
95.13,2304.019047,2308.34917,8722,0.0,0.0,172013.55730674884,0.0
95.14,2287.1626,2305.171185,8724,0.0,0.0,171776.74022897656,0.0
95.15,2287.1626,2302.469897,8724,0.0,0.0,171575.4456569816,0.0
95.16,2287.1626,2300.173802,8724,0.0,0.0,171404.34525588228,0.0
95.17,2287.1626,2298.222122,8724,0.0,0.0,171258.90997083642,0.0
95.18,2287.1626,2296.563194,8724,0.0,0.0,171135.28997854737,0.0
95.19,2287.1626,2295.153105,8724,0.0,0.0,171030.21297019807,0.0
95.2,2326.701812,2299.885411,8725,0.0,0.0,171382.85493611183,0.0
95.21000000000001,2326.701812,2303.907871,8725,0.0,0.0,171682.60059968667,0.0
95.22,2303.907498,2303.907815,8726,0.0,0.0,171682.59642667882,0.0
95.23,2303.907498,2303.907767,8726,0.0,0.0,171682.59284981497,0.0
95.24,2294.960349,2302.565655,8728,0.0,0.0,171582.58135137078,0.0
95.25,2294.960349,2301.424859,8728,0.0,0.0,171497.57151807888,0.0
95.26,2294.960349,2300.455182,8728,0.0,0.0,171425.31312997348,0.0
95.27,2294.960349,2299.630957,8728,0.0,0.0,171363.89353361703,0.0
95.28,2294.960349,2298.930366,8728,0.0,0.0,171311.6868953435,0.0
95.29,2294.960349,2298.334863,8728,0.0,0.0,171267.31120437436,0.0
95.3,2320.337138,2301.635205,8729,0.0,0.0,171513.24608074702,0.0
95.31,2320.337138,2304.440495,8729,0.0,0.0,171722.29067350115,0.0
95.32000000000001,2297.99483,2303.473645,8729,0.0,0.0,171650.2429477743,0.0
95.33,2297.99483,2302.651823,8730,0.0,0.0,171589.00241816544,0.0
95.34,2292.704422,2301.159712,8732,0.0,0.0,171477.8132946385,0.0
95.35000000000001,2292.704422,2299.891419,8732,0.0,0.0,171383.30264023985,0.0
95.36,2292.704422,2298.813369,8732,0.0,0.0,171302.9685132089,0.0
95.37,2292.704422,2297.897027,8732,0.0,0.0,171234.6845424916,0.0
95.38,2292.704422,2297.118136,8732,0.0,0.0,171176.64314502652,0.0
95.39,2292.704422,2296.456079,8732,0.0,0.0,171127.30798326246,0.0
95.4,2325.649637,2300.835113,8732,0.0,0.0,171453.62482722037,0.0
95.41,2325.649637,2304.557291,8733,0.0,0.0,171730.99407751838,0.0
95.42,2325.649637,2307.721143,8733,0.0,0.0,171966.7579924343,0.0
95.43,2303.999155,2307.162845,8734,0.0,0.0,171925.15474355605,0.0
95.44,2290.661363,2304.687623,8735,0.0,0.0,171740.70615714745,0.0
95.45,2290.661363,2302.583684,8735,0.0,0.0,171583.9248363448,0.0
95.46000000000001,2290.661363,2300.795336,8735,0.0,0.0,171450.6607248402,0.0
95.47,2290.661363,2299.27524,8735,0.0,0.0,171337.3862151577,0.0
95.48,2290.661363,2297.983158,8736,0.0,0.0,171241.10285212038,0.0
95.49,2290.661363,2296.884889,8736,0.0,0.0,171159.26204570124,0.0
95.5,2324.91074,2301.088767,8736,0.0,0.0,171472.5266153173,0.0
95.51,2324.91074,2304.662063,8737,0.0,0.0,171738.80147713554,0.0
95.52,2303.994931,2304.561993,8737,0.0,0.0,171731.3444611418,0.0
95.53,2303.994931,2304.476934,8737,0.0,0.0,171725.0060348062,0.0
95.54,2291.592212,2302.544226,8739,0.0,0.0,171580.9845052058,0.0
95.55,2291.592212,2300.901424,8739,0.0,0.0,171458.5661901419,0.0
95.56,2291.592212,2299.505042,8739,0.0,0.0,171354.5105999821,0.0
95.57000000000001,2291.592212,2298.318117,8739,0.0,0.0,171266.06332599092,0.0
95.58,2291.592212,2297.309232,8739,0.0,0.0,171190.88323624592,0.0
95.59,2291.592212,2296.451679,8740,0.0,0.0,171126.98010407414,0.0
95.60000000000001,2328.442998,2301.250377,8740,0.0,0.0,171484.56946886718,0.0
95.61,2328.442998,2305.32927,8740,0.0,0.0,171788.52040658586,0.0
95.62,2303.691996,2305.083679,8741,0.0,0.0,171770.21945710143,0.0
95.63,2303.691996,2304.874926,8741,0.0,0.0,171754.66360160298,0.0
95.64,2283.980383,2301.740745,8743,0.0,0.0,171521.11071018616,0.0
95.65,2283.980383,2299.076691,8743,0.0,0.0,171322.59074130416,0.0
95.66,2283.980383,2296.812244,8743,0.0,0.0,171153.8486857846,0.0
95.67,2283.980383,2294.887465,8743,0.0,0.0,171010.4180093851,0.0
95.68,2283.980383,2293.251403,8743,0.0,0.0,170888.5019456232,0.0
95.69,2283.980383,2291.86075,8744,0.0,0.0,170784.87326907023,0.0
95.7,2352.324255,2300.930276,8744,0.0,0.0,171460.7161834011,0.0
95.71000000000001,2352.324255,2308.639373,8744,0.0,0.0,172035.18265313053,0.0
95.72,2352.324255,2315.192105,8745,0.0,0.0,172523.47911886746,0.0
95.73,2300.02898,2312.917636,8745,0.0,0.0,172353.9902439786,0.0
95.74000000000001,2304.998351,2311.729744,8748,0.0,0.0,172265.470911084,0.0
95.75,2304.998351,2310.720035,8748,0.0,0.0,172190.22941850915,0.0
95.76,2304.998351,2309.861782,8748,0.0,0.0,172126.27412373928,0.0
95.77,2304.998351,2309.132268,8748,0.0,0.0,172071.91220142873,0.0
95.78,2304.998351,2308.51218,8748,0.0,0.0,172025.70448549502,0.0
95.79,2304.998351,2307.985106,8748,0.0,0.0,171986.42798656577,0.0
95.8,2304.998351,2307.537093,8748,0.0,0.0,171953.04295502408,0.0
95.81,2304.998351,2307.156281,8748,0.0,0.0,171924.66560742154,0.0
95.82000000000001,2304.998351,2306.832592,8749,0.0,0.0,171900.544951381,0.0
95.83,2310.165883,2307.332586,8749,0.0,0.0,171937.80350294235,0.0
95.84,2297.726927,2305.891737,8751,0.0,0.0,171830.43432099491,0.0
95.85000000000001,2297.726927,2304.667015,8751,0.0,0.0,171739.17049025832,0.0
95.86,2297.726927,2303.626002,8751,0.0,0.0,171661.59628629484,0.0
95.87,2297.726927,2302.741141,8751,0.0,0.0,171595.65821665173,0.0
95.88,2297.726927,2301.989009,8751,0.0,0.0,171539.6108462774,0.0
95.89,2297.726927,2301.349696,8751,0.0,0.0,171491.9705218449,0.0
95.9,2224.349091,2289.799606,8752,0.0,0.0,170631.28094596363,0.0
95.91,2224.349091,2279.982028,8752,0.0,0.0,169899.69469468755,0.0
95.92,2395.706893,2297.340758,8752,0.0,0.0,171193.23249062998,0.0
95.93,2395.706893,2312.095678,8753,0.0,0.0,172292.7395799221,0.0
95.94,2282.523707,2307.659883,8755,0.0,0.0,171962.19301991726,0.0
95.95,2282.523707,2303.889456,8755,0.0,0.0,171681.22835076565,0.0
95.96000000000001,2282.523707,2300.684594,8755,0.0,0.0,171442.40845277894,0.0
95.97,2282.523707,2297.960461,8755,0.0,0.0,171239.41151713478,0.0
95.98,2282.523707,2295.644948,8755,0.0,0.0,171066.86412556315,0.0
95.99000000000001,2282.523707,2293.676761,8755,0.0,0.0,170920.19877193522,0.0
96.0,2282.523707,2292.003803,8755,0.0,0.0,170795.53329214352,0.0
96.01,2282.523707,2290.581789,8756,0.0,0.0,170689.56765667596,0.0
96.02,2321.08075,2295.156633,8756,0.0,0.0,171030.47586969272,0.0
96.03,2321.08075,2299.04525,8757,0.0,0.0,171320.2478209498,0.0
96.04,2305.000418,2299.938526,8759,0.0,0.0,171386.81295954046,0.0
96.05,2305.000418,2300.697809,8759,0.0,0.0,171443.39320811376,0.0
96.06,2305.000418,2301.343201,8759,0.0,0.0,171491.48652745216,0.0
96.07000000000001,2305.000418,2301.891783,8759,0.0,0.0,171532.36575946817,0.0
96.08,2305.000418,2302.358078,8759,0.0,0.0,171567.1131290372,0.0
96.09,2305.000418,2302.754429,8759,0.0,0.0,171596.64841180042,0.0
96.10000000000001,2305.000418,2303.091328,8759,0.0,0.0,171621.75345058576,0.0
96.11,2318.446875,2305.39466,8760,0.0,0.0,171793.39313843183,0.0
96.12,2318.446875,2307.352492,8760,0.0,0.0,171939.28685819736,0.0
96.13,2255.990863,2299.648248,8760,0.0,0.0,171365.18202430898,0.0
96.14,2310.040734,2301.207121,8763,0.0,0.0,171481.3461183743,0.0
96.15,2310.040734,2302.532163,8763,0.0,0.0,171580.08559460394,0.0
96.16,2310.040734,2303.658449,8763,0.0,0.0,171664.01417175448,0.0
96.17,2310.040734,2304.615791,8763,0.0,0.0,171735.35338036265,0.0
96.18,2310.040734,2305.429533,8763,0.0,0.0,171795.99180455302,0.0
96.19,2310.040734,2306.121213,8763,0.0,0.0,171847.5344129522,0.0
96.2,2310.040734,2306.709141,8763,0.0,0.0,171891.3456300915,0.0
96.21000000000001,2255.80223,2299.073105,8764,0.0,0.0,171322.32351976563,0.0
96.22,2255.80223,2292.582473,8764,0.0,0.0,170838.65462166345,0.0
96.23,2255.80223,2287.065437,8764,0.0,0.0,170427.5361476982,0.0
96.24000000000001,2304.740346,2289.716673,8767,0.0,0.0,170625.10094489035,0.0
96.25,2304.740346,2291.970224,8767,0.0,0.0,170793.0310523109,0.0
96.26,2304.740346,2293.885743,8767,0.0,0.0,170935.771692055,0.0
96.27,2304.740346,2295.513933,8767,0.0,0.0,171057.10115014183,0.0
96.28,2304.740346,2296.897895,8767,0.0,0.0,171160.23122677463,0.0
96.29,2304.740346,2298.074263,8767,0.0,0.0,171247.89181426793,0.0
96.3,2304.740346,2299.074175,8767,0.0,0.0,171322.40325402282,0.0
96.31,2304.740346,2299.924101,8767,0.0,0.0,171385.73803742885,0.0
96.32000000000001,2318.162139,2302.659807,8768,0.0,0.0,171589.59736985623,0.0
96.33,2318.162139,2304.985156,8768,0.0,0.0,171762.8777204497,0.0
96.34,2302.761299,2304.651578,8770,0.0,0.0,171738.0201559334,0.0
96.35000000000001,2302.761299,2304.368036,8770,0.0,0.0,171716.891173932,0.0
96.36,2302.761299,2304.127025,8770,0.0,0.0,171698.93151687543,0.0
96.37,2302.761299,2303.922166,8770,0.0,0.0,171683.66583445866,0.0
96.38,2302.761299,2303.748036,8770,0.0,0.0,171670.69001558208,0.0
96.39,2302.761299,2303.600025,8770,0.0,0.0,171659.66053227798,0.0
96.4,2302.761299,2303.474216,8771,0.0,0.0,171650.28549755077,0.0
96.41,2302.761299,2303.367279,8771,0.0,0.0,171642.31676646936,0.0
96.42,2290.529341,2301.441588,8772,0.0,0.0,171498.8181296563,0.0
96.43,2290.529341,2299.804751,8772,0.0,0.0,171376.8443144465,0.0
96.44,2306.097803,2300.748709,8774,0.0,0.0,171447.1861741783,0.0
96.45,2306.097803,2301.551073,8774,0.0,0.0,171506.97673259495,0.0
96.46000000000001,2306.097803,2302.233083,8774,0.0,0.0,171557.7987519599,0.0
96.47,2306.097803,2302.812791,8774,0.0,0.0,171600.99743116106,0.0
96.48,2306.097803,2303.305543,8774,0.0,0.0,171637.71632338568,0.0
96.49000000000001,2306.097803,2303.724382,8774,0.0,0.0,171668.92736687296,0.0
96.5,2306.097803,2304.080395,8775,0.0,0.0,171695.45674265953,0.0
96.51,2320.459568,2306.537271,8775,0.0,0.0,171878.53822188894,0.0
96.52,2320.459568,2308.625616,8775,0.0,0.0,172034.1575090411,0.0
96.53,2320.459568,2310.400708,8776,0.0,0.0,172166.43380997304,0.0
96.54,2290.815423,2307.462916,8778,0.0,0.0,171947.5154335355,0.0
96.55,2290.815423,2304.965792,8778,0.0,0.0,171761.43475394917,0.0
96.56,2290.815423,2302.843237,8778,0.0,0.0,171603.266206108,0.0
96.57000000000001,2290.815423,2301.039065,8778,0.0,0.0,171468.82292181355,0.0
96.58,2290.815423,2299.505518,8778,0.0,0.0,171354.54607054888,0.0
96.59,2290.815423,2298.202004,8778,0.0,0.0,171257.41081776595,0.0
96.60000000000001,2290.815423,2297.094017,8778,0.0,0.0,171174.8458454487,0.0
96.61,2382.845143,2309.956686,8779,0.0,0.0,172133.3461797587,0.0
96.62,2382.845143,2320.889955,8779,0.0,0.0,172948.07149000352,0.0
96.63,2225.251314,2306.544159,8780,0.0,0.0,171879.0515018546,0.0
96.64,2303.016114,2306.014952,8782,0.0,0.0,171839.61605603702,0.0
96.65,2303.016114,2305.565126,8782,0.0,0.0,171806.09592336614,0.0
96.66,2303.016114,2305.182774,8782,0.0,0.0,171777.6038180477,0.0
96.67,2303.016114,2304.857775,8782,0.0,0.0,171753.38554343066,0.0
96.68,2303.016114,2304.581526,8782,0.0,0.0,171732.80002118385,0.0
96.69,2303.016114,2304.346714,8782,0.0,0.0,171715.3023011927,0.0
96.7,2303.016114,2304.147124,8782,0.0,0.0,171700.42925410395,0.0
96.71000000000001,2303.016114,2303.977472,8783,0.0,0.0,171687.78712681943,0.0
96.72,2351.552377,2311.113708,8783,0.0,0.0,172219.5651420755,0.0
96.73,2351.552377,2317.179508,8783,0.0,0.0,172671.57641033232,0.0
96.74000000000001,2292.127055,2313.42164,8787,0.0,0.0,172391.54761270928,0.0
96.75,2292.127055,2310.227453,8788,0.0,0.0,172153.52319434407,0.0
96.76,2292.127055,2307.512393,8788,0.0,0.0,171951.2023604898,0.0
96.77,2292.127055,2305.204592,8788,0.0,0.0,171779.2296517137,0.0
96.78,2292.127055,2303.242962,8788,0.0,0.0,171633.05291259423,0.0
96.79,2292.127055,2301.575576,8788,0.0,0.0,171508.80264708374,0.0
96.8,2292.127055,2300.158297,8788,0.0,0.0,171403.1898543336,0.0
96.81,2292.127055,2298.953611,8788,0.0,0.0,171313.41906619162,0.0
96.82000000000001,2292.127055,2297.929628,8788,0.0,0.0,171237.1139037228,0.0
96.83,2292.127055,2297.059242,8788,0.0,0.0,171172.2544820912,0.0
96.84,2303.563523,2298.034884,8790,0.0,0.0,171244.95737005072,0.0
96.85000000000001,2303.563523,2298.86418,8790,0.0,0.0,171306.7548471717,0.0
96.86,2303.563523,2299.569081,8790,0.0,0.0,171359.28265801375,0.0
96.87,2303.563523,2300.168248,8790,0.0,0.0,171403.93138292508,0.0
96.88,2303.563523,2300.677539,8790,0.0,0.0,171441.88272830768,0.0
96.89,2303.563523,2301.110437,8790,0.0,0.0,171474.1414203196,0.0
96.9,2303.563523,2301.4784,8790,0.0,0.0,171501.56128617434,0.0
96.91,2303.563523,2301.791168,8790,0.0,0.0,171524.86813116595,0.0
96.92,2345.116773,2308.290009,8791,0.0,0.0,172009.1487475083,0.0
96.93,2345.116773,2313.814024,8791,0.0,0.0,172420.78728257696,0.0
96.94,2290.825033,2310.365675,8793,0.0,0.0,172163.82322097223,0.0
96.95,2290.825033,2307.434579,8793,0.0,0.0,171945.40381704492,0.0
96.96000000000001,2290.825033,2304.943147,8793,0.0,0.0,171759.74729389948,0.0
96.97,2290.825033,2302.82543,8793,0.0,0.0,171601.9392641294,0.0
96.98,2290.825033,2301.02537,8793,0.0,0.0,171467.80239784,0.0
96.99000000000001,2290.825033,2299.495319,8793,0.0,0.0,171353.786061494,0.0
97.0,2330.237748,2304.106684,8794,0.0,0.0,171697.4157462916,0.0
97.01,2330.237748,2308.026343,8794,0.0,0.0,171989.500885222,0.0
97.02,2330.237748,2311.358054,8796,0.0,0.0,172237.77331665315,0.0
97.03,2304.026189,2310.258274,8796,0.0,0.0,172155.81991354004,0.0
97.04,2286.565952,2306.704426,8798,0.0,0.0,171890.99427773408,0.0
97.05,2286.565952,2303.683655,8798,0.0,0.0,171665.89247239538,0.0
97.06,2286.565952,2301.115999,8798,0.0,0.0,171474.55588942082,0.0
97.07000000000001,2286.565952,2298.933492,8798,0.0,0.0,171311.91983860327,0.0
97.08,2286.565952,2297.078361,8798,0.0,0.0,171173.6791916823,0.0
97.09,2286.565952,2295.5015,8798,0.0,0.0,171056.17466788093,0.0
97.10000000000001,2332.989163,2301.124649,8799,0.0,0.0,171475.2004700978,0.0
97.11,2332.989163,2305.904326,8799,0.0,0.0,171831.3724280634,0.0
97.12,2297.962888,2304.71311,8799,0.0,0.0,171742.60539734567,0.0
97.13,2297.962888,2303.700577,8800,0.0,0.0,171667.15346594638,0.0
97.14,2292.285239,2301.988276,8802,0.0,0.0,171539.55622458537,0.0
97.15,2292.285239,2300.532821,8802,0.0,0.0,171431.09863276884,0.0
97.16,2292.285239,2299.295684,8802,0.0,0.0,171338.9096610953,0.0
97.17,2292.285239,2298.244117,8802,0.0,0.0,171260.54899418788,0.0
97.18,2292.285239,2297.350285,8802,0.0,0.0,171193.94242359066,0.0
97.19,2292.285239,2296.590528,8802,0.0,0.0,171137.32685348662,0.0
97.2,2326.763598,2301.116489,8803,0.0,0.0,171474.5924032395,0.0
97.21000000000001,2326.763598,2304.963555,8803,0.0,0.0,171761.26805718913,0.0
97.22,2297.962888,2303.913455,8803,0.0,0.0,171683.0167081838,0.0
97.23,2297.962888,2303.02087,8804,0.0,0.0,171616.50306152928,0.0
97.24000000000001,2297.494965,2302.191984,8805,0.0,0.0,171554.73613678725,0.0
97.25,2297.494965,2301.487431,8805,0.0,0.0,171502.2342582083,0.0
97.26,2297.494965,2300.888561,8805,0.0,0.0,171457.60766514213,0.0
97.27,2297.494965,2300.379522,8805,0.0,0.0,171419.67509829483,0.0
97.28,2297.494965,2299.946838,8806,0.0,0.0,171387.43235313435,0.0
97.29,2297.494965,2299.579057,8806,0.0,0.0,171360.02604955513,0.0
97.3,2319.339024,2302.543052,8806,0.0,0.0,171580.89702107693,0.0
97.31,2319.339024,2305.062448,8807,0.0,0.0,171768.63736549995,0.0
97.32000000000001,2303.984218,2304.900713,8807,0.0,0.0,171756.58519720042,0.0
97.33,2303.984218,2304.763239,8807,0.0,0.0,171746.34091003425,0.0
97.34,2285.706178,2301.90468,8809,0.0,0.0,171533.3268180799,0.0
97.35000000000001,2285.706178,2299.474905,8809,0.0,0.0,171352.26485109635,0.0
97.36,2285.706178,2297.409596,8809,0.0,0.0,171198.3621605308,0.0
97.37,2285.706178,2295.654083,8809,0.0,0.0,171067.54484746885,0.0
97.38,2285.706178,2294.161897,8809,0.0,0.0,170956.35013509207,0.0
97.39,2285.706178,2292.893539,8810,0.0,0.0,170861.83463702362,0.0
97.4,2342.573612,2300.34555,8810,0.0,0.0,171417.14357288924,0.0
97.41,2342.573612,2306.67976,8811,0.0,0.0,171889.15621681174,0.0
97.42,2342.573612,2312.063837,8811,0.0,0.0,172290.36685236884,0.0
97.43,2300.02185,2310.257539,8811,0.0,0.0,172155.76514281204,0.0
97.44,2287.906273,2306.904849,8813,0.0,0.0,171905.92939831468,0.0
97.45,2287.906273,2304.055063,8813,0.0,0.0,171693.56905275094,0.0
97.46000000000001,2287.906273,2301.632745,8813,0.0,0.0,171513.0627664736,0.0
97.47,2287.906273,2299.573774,8813,0.0,0.0,171359.6323709752,0.0
97.48,2287.906273,2297.823649,8813,0.0,0.0,171229.2165608829,0.0
97.49000000000001,2287.906273,2296.336043,8814,0.0,0.0,171118.3631409339,0.0
97.5,2330.348911,2301.437973,8814,0.0,0.0,171498.54874709595,0.0
97.51,2330.348911,2305.774613,8814,0.0,0.0,171821.70647507464,0.0
97.52,2303.992742,2305.507333,8815,0.0,0.0,171801.78930474597,0.0
97.53,2303.992742,2305.280144,8815,0.0,0.0,171784.85963544858,0.0
97.54,2289.887579,2302.971259,8817,0.0,0.0,171612.8061491633,0.0
97.55,2289.887579,2301.008707,8817,0.0,0.0,171466.56070445036,0.0
97.56,2289.887579,2299.340538,8817,0.0,0.0,171342.25209134788,0.0
97.57000000000001,2289.887579,2297.922594,8817,0.0,0.0,171236.58974412954,0.0
97.58,2289.887579,2296.717342,8817,0.0,0.0,171146.77677880114,0.0
97.59,2289.887579,2295.692877,8817,0.0,0.0,171070.43569865762,0.0
97.60000000000001,2332.466346,2301.208898,8818,0.0,0.0,171481.47853685555,0.0
97.61,2332.466346,2305.897515,8818,0.0,0.0,171830.86488598358,0.0
97.62,2297.879936,2304.694878,8819,0.0,0.0,171741.24678521813,0.0
97.63,2297.879936,2303.672637,8819,0.0,0.0,171665.0714331007,0.0
97.64,2294.933868,2302.361821,8821,0.0,0.0,171567.39204990125,0.0
97.65,2294.933868,2301.247628,8821,0.0,0.0,171484.36461889252,0.0
97.66,2294.933868,2300.300564,8821,0.0,0.0,171413.79130626097,0.0
97.67,2294.933868,2299.49556,8821,0.0,0.0,171353.80402033133,0.0
97.68,2294.933868,2298.811306,8821,0.0,0.0,171302.8147825804,0.0
97.69,2294.933868,2298.22969,8821,0.0,0.0,171259.47392304026,0.0
97.7,2320.43982,2301.56121,8822,0.0,0.0,171507.73212153395,0.0
97.71000000000001,2320.43982,2304.393001,8822,0.0,0.0,171718.75151573555,0.0
97.72,2320.43982,2306.800024,8822,0.0,0.0,171898.11804924367,0.0
97.73,2300.019013,2305.782872,8823,0.0,0.0,171822.32191921468,0.0
97.74000000000001,2308.719865,2306.223421,8826,0.0,0.0,171855.15074842423,0.0
97.75,2308.719865,2306.597888,8826,0.0,0.0,171883.0552793336,0.0
97.76,2308.719865,2306.916184,8826,0.0,0.0,171906.77405981455,0.0
97.77,2308.719865,2307.186736,8826,0.0,0.0,171926.93505303052,0.0
97.78,2308.719865,2307.416706,8826,0.0,0.0,171944.07195687844,0.0
97.79,2308.719865,2307.612179,8826,0.0,0.0,171958.63821337224,0.0
97.8,2308.719865,2307.778332,8826,0.0,0.0,171971.01960218407,0.0
97.81,2308.719865,2307.919562,8826,0.0,0.0,171981.5437789482,0.0
97.82000000000001,2308.719865,2308.039607,8826,0.0,0.0,171990.4892919387,0.0
97.83,2304.229232,2307.468051,8827,0.0,0.0,171947.89808345182,0.0
97.84,2283.457058,2303.866402,8828,0.0,0.0,171679.51041285507,0.0
97.85000000000001,2283.457058,2300.805001,8828,0.0,0.0,171451.38094128447,0.0
97.86,2283.457058,2298.202809,8828,0.0,0.0,171257.47080475377,0.0
97.87,2283.457058,2295.990947,8828,0.0,0.0,171092.64727812432,0.0
97.88,2283.457058,2294.110863,8829,0.0,0.0,170952.54718361585,0.0
97.89,2283.457058,2292.512793,8829,0.0,0.0,170833.4622076089,0.0
97.9,2253.216237,2286.618309,8829,0.0,0.0,170394.21706458417,0.0
97.91,2253.216237,2281.607999,8830,0.0,0.0,170020.85879733833,0.0
97.92,2303.843454,2284.943317,8830,0.0,0.0,170269.4000151859,0.0
97.93,2303.843454,2287.778337,8830,0.0,0.0,170480.66002800092,0.0
97.94,2328.878976,2293.943433,8832,0.0,0.0,170940.0706353215,0.0
97.95,2328.878976,2299.183765,8832,0.0,0.0,171330.56968135113,0.0
97.96000000000001,2328.878976,2303.638046,8832,0.0,0.0,171662.49378105477,0.0
97.97,2328.878976,2307.424186,8832,0.0,0.0,171944.62935149856,0.0
97.98,2328.878976,2310.642405,8832,0.0,0.0,172184.4445863758,0.0
97.99000000000001,2328.878976,2313.37789,8833,0.0,0.0,172388.28745032573,0.0
98.0,2250.005701,2303.872062,8833,0.0,0.0,171679.93218471998,0.0
98.01,2250.005701,2295.792108,8834,0.0,0.0,171077.83019405152,0.0
98.02,2303.888146,2297.006514,8834,0.0,0.0,171168.32529712757,0.0
98.03,2303.888146,2298.038758,8834,0.0,0.0,171245.24605277245,0.0
98.04,2300.62638,2298.426902,8836,0.0,0.0,171274.16976633144,0.0
98.05,2300.62638,2298.756824,8836,0.0,0.0,171298.7548930494,0.0
98.06,2300.62638,2299.037257,8836,0.0,0.0,171319.65219859706,0.0
98.07000000000001,2300.62638,2299.275626,8836,0.0,0.0,171337.41497910468,0.0
98.08,2300.62638,2299.478239,8836,0.0,0.0,171352.51329409945,0.0
98.09,2300.62638,2299.65046,8837,0.0,0.0,171365.3468581191,0.0
98.10000000000001,2316.913961,2302.239985,8837,0.0,0.0,171558.31307517752,0.0
98.11,2316.913961,2304.441081,8837,0.0,0.0,171722.3343410476,0.0
98.12,2303.990554,2304.373502,8838,0.0,0.0,171717.29848930548,0.0
98.13,2303.990554,2304.31606,8838,0.0,0.0,171713.01802650237,0.0
98.14,2294.849116,2302.896018,8840,0.0,0.0,171607.19934052552,0.0
98.15,2294.849116,2301.688983,8840,0.0,0.0,171517.25350960786,0.0
98.16,2294.849116,2300.663003,8840,0.0,0.0,171440.79953469842,0.0
98.17,2294.849116,2299.79092,8840,0.0,0.0,171375.81365602528,0.0
98.18,2294.849116,2299.049649,8840,0.0,0.0,171320.57562562008,0.0
98.19,2294.849116,2298.419569,8840,0.0,0.0,171273.62332585698,0.0
98.2,2330.60818,2303.247861,8841,0.0,0.0,171633.41797626318,0.0
98.21000000000001,2330.60818,2307.351909,8841,0.0,0.0,171939.24341420495,0.0
98.22,2297.967139,2305.944193,8842,0.0,0.0,171834.34323706332,0.0
98.23,2297.967139,2304.747635,8842,0.0,0.0,171745.17813120378,0.0
98.24000000000001,2296.05441,2303.443651,8844,0.0,0.0,171648.0078549621,0.0
98.25,2296.05441,2302.335265,8844,0.0,0.0,171565.41314996392,0.0
98.26,2296.05441,2301.393137,8844,0.0,0.0,171495.2076581673,0.0
98.27,2296.05441,2300.592328,8844,0.0,0.0,171435.53297523648,0.0
98.28,2296.05441,2299.91164,8844,0.0,0.0,171384.80946866403,0.0
98.29,2296.05441,2299.333056,8844,0.0,0.0,171341.69454769182,0.0
98.3,2327.778339,2303.599848,8845,0.0,0.0,171659.64734259242,0.0
98.31,2327.778339,2307.226622,8845,0.0,0.0,171929.90727787238,0.0
98.32000000000001,2303.960717,2306.736736,8845,0.0,0.0,171893.40195422806,0.0
98.33,2303.960717,2306.320333,8846,0.0,0.0,171862.37243658229,0.0
98.34,2286.720499,2303.380358,8848,0.0,0.0,171643.29138735658,0.0
98.35000000000001,2286.720499,2300.881379,8848,0.0,0.0,171457.0724768852,0.0
98.36,2286.720499,2298.757247,8848,0.0,0.0,171298.78641416228,0.0
98.37,2286.720499,2296.951735,8848,0.0,0.0,171164.24327575136,0.0
98.38,2286.720499,2295.41705,8848,0.0,0.0,171049.8816230057,0.0
98.39,2286.720499,2294.112567,8848,0.0,0.0,170952.67416228334,0.0
98.4,2350.678682,2302.597485,8849,0.0,0.0,171584.95325922605,0.0
98.41,2350.678682,2309.809664,8849,0.0,0.0,172122.39039475398,0.0
98.42,2350.678682,2315.940017,8849,0.0,0.0,172579.212023293,0.0
98.43,2299.984973,2313.54676,8850,0.0,0.0,172400.8713045363,0.0
98.44,2295.520838,2310.842872,8851,0.0,0.0,172199.3829857483,0.0
98.45,2295.520838,2308.544567,8851,0.0,0.0,172028.11789987484,0.0
98.46000000000001,2295.520838,2306.591007,8851,0.0,0.0,171882.54252099394,0.0
98.47,2295.520838,2304.930482,8851,0.0,0.0,171758.80352346317,0.0
98.48,2295.520838,2303.519035,8852,0.0,0.0,171653.62531967348,0.0
98.49000000000001,2295.520838,2302.319306,8852,0.0,0.0,171564.22391724435,0.0
98.5,2315.366703,2304.276415,8852,0.0,0.0,171710.06376049784,0.0
98.51,2315.366703,2305.939958,8853,0.0,0.0,171834.0276533446,0.0
98.52,2303.956455,2305.642433,8853,0.0,0.0,171811.8566861864,0.0
98.53,2303.956455,2305.389536,8854,0.0,0.0,171793.01130821346,0.0
98.54,2294.88389,2303.813689,8855,0.0,0.0,171675.58234566133,0.0
98.55,2294.88389,2302.47422,8855,0.0,0.0,171575.7677982841,0.0
98.56,2294.88389,2301.33567,8855,0.0,0.0,171490.92533241422,0.0
98.57000000000001,2294.88389,2300.367903,8855,0.0,0.0,171418.80927368373,0.0
98.58,2294.88389,2299.545301,8855,0.0,0.0,171357.510620037,0.0
98.59,2294.88389,2298.84609,8856,0.0,0.0,171305.4068165998,0.0
98.60000000000001,2320.526352,2302.098129,8856,0.0,0.0,171547.742250147,0.0
98.61,2320.526352,2304.862362,8857,0.0,0.0,171753.7273574844,0.0
98.62,2297.945883,2303.824891,8857,0.0,0.0,171676.41709626754,0.0
98.63,2297.945883,2302.943039,8857,0.0,0.0,171610.70325127844,0.0
98.64,2294.706842,2301.70761,8859,0.0,0.0,171518.64155634432,0.0
98.65,2294.706842,2300.657495,8859,0.0,0.0,171440.38908956904,0.0
98.66,2294.706842,2299.764897,8859,0.0,0.0,171373.87447418054,0.0
98.67,2294.706842,2299.006189,8859,0.0,0.0,171317.33707345574,0.0
98.68,2294.706842,2298.361287,8859,0.0,0.0,171269.28026793606,0.0
98.69,2294.706842,2297.81312,8860,0.0,0.0,171228.43196088888,0.0
98.7,2320.899516,2301.276079,8860,0.0,0.0,171486.48473043478,0.0
98.71000000000001,2320.899516,2304.219595,8860,0.0,0.0,171705.82964788907,0.0
98.72,2303.982029,2304.18396,8861,0.0,0.0,171703.1741990539,0.0
98.73,2303.982029,2304.15367,8861,0.0,0.0,171700.91704891453,0.0
98.74000000000001,2296.330929,2302.980259,8864,0.0,0.0,171613.47681113935,0.0
98.75,2296.330929,2301.982859,8864,0.0,0.0,171539.1525605938,0.0
98.76,2296.330929,2301.13507,8864,0.0,0.0,171475.97702214803,0.0
98.77,2296.330929,2300.414449,8864,0.0,0.0,171422.27778838787,0.0
98.78,2296.330929,2299.801921,8864,0.0,0.0,171376.63342851403,0.0
98.79,2296.330929,2299.281272,8864,0.0,0.0,171337.83570771766,0.0
98.8,2296.330929,2298.83872,8864,0.0,0.0,171304.85761895945,0.0
98.81,2296.330929,2298.462552,8864,0.0,0.0,171276.82633293653,0.0
98.82000000000001,2296.330929,2298.142808,8865,0.0,0.0,171252.9996503955,0.0
98.83,2318.837812,2301.247059,8865,0.0,0.0,171484.32221815203,0.0
98.84,2295.345851,2300.361877,8867,0.0,0.0,171418.36022823182,0.0
98.85000000000001,2295.345851,2299.609473,8867,0.0,0.0,171362.29258896218,0.0
98.86,2295.345851,2298.96993,8867,0.0,0.0,171314.63512539025,0.0
98.87,2295.345851,2298.426318,8867,0.0,0.0,171274.12624782097,0.0
98.88,2295.345851,2297.964248,8867,0.0,0.0,171239.69371679073,0.0
98.89,2295.345851,2297.571488,8867,0.0,0.0,171210.42602815595,0.0
98.9,2315.731925,2300.295554,8868,0.0,0.0,171413.41797109428,0.0
98.91,2315.731925,2302.611009,8868,0.0,0.0,171585.9610406221,0.0
98.92,2315.731925,2304.579147,8869,0.0,0.0,171732.62274286817,0.0
98.93,2299.929545,2303.881707,8869,0.0,0.0,171680.6509108043,0.0
98.94,2286.160755,2301.223564,8871,0.0,0.0,171482.57141780455,0.0
98.95,2286.160755,2298.964142,8871,0.0,0.0,171314.2038152216,0.0
98.96000000000001,2286.160755,2297.043634,8871,0.0,0.0,171171.09140518875,0.0
98.97,2286.160755,2295.411202,8871,0.0,0.0,171049.44584175723,0.0
98.98,2286.160755,2294.023635,8871,0.0,0.0,170946.04712774404,0.0
98.99000000000001,2286.160755,2292.844203,8871,0.0,0.0,170858.15821710695,0.0
99.0,2333.874895,2298.998807,8872,0.0,0.0,171316.78698159938,0.0
99.01,2333.874895,2304.23022,8872,0.0,0.0,171706.62140161078,0.0
99.02,2333.874895,2308.676921,8872,0.0,0.0,172037.9806548946,0.0
99.03,2300.010503,2307.376959,8873,0.0,0.0,171941.11009003827,0.0
99.04,2295.502388,2305.595773,8874,0.0,0.0,171808.3796764306,0.0
99.05,2295.502388,2304.081765,8874,0.0,0.0,171695.55883231587,0.0
99.06,2295.502388,2302.794859,8874,0.0,0.0,171599.6611744328,0.0
99.07000000000001,2295.502388,2301.700988,8874,0.0,0.0,171518.14809816596,0.0
99.08,2295.502388,2300.771198,8875,0.0,0.0,171448.86200942044,0.0
99.09,2295.502388,2299.980877,8875,0.0,0.0,171389.96887124577,0.0
99.10000000000001,2315.427889,2302.297928,8875,0.0,0.0,171562.6308714973,0.0
99.11,2315.427889,2304.267423,8876,0.0,0.0,171709.39369466578,0.0
99.12,2303.950119,2304.219827,8876,0.0,0.0,171705.84693606442,0.0
99.13,2303.950119,2304.179371,8877,0.0,0.0,171702.83223596416,0.0
99.14,2294.911147,2302.789137,8878,0.0,0.0,171599.234782452,0.0
99.15,2294.911147,2301.607439,8878,0.0,0.0,171511.1770140329,0.0
99.16,2294.911147,2300.602995,8878,0.0,0.0,171436.32785871412,0.0
99.17,2294.911147,2299.749218,8878,0.0,0.0,171372.7061065003,0.0
99.18,2294.911147,2299.023507,8878,0.0,0.0,171318.62757613361,0.0
99.19,2294.911147,2298.406653,8879,0.0,0.0,171272.6608514033,0.0
99.2,2325.344951,2302.447398,8879,0.0,0.0,171573.76907655946,0.0
99.21000000000001,2325.344951,2305.882031,8881,0.0,0.0,171829.71104931275,0.0
99.22,2279.96751,2301.994853,8881,0.0,0.0,171540.04632945385,0.0
99.23,2279.96751,2298.690751,8881,0.0,0.0,171293.83126541125,0.0
99.24000000000001,2300.620541,2298.98022,8883,0.0,0.0,171315.40191558286,0.0
99.25,2300.620541,2299.226268,8883,0.0,0.0,171333.73691979202,0.0
99.26,2300.620541,2299.435409,8883,0.0,0.0,171349.32168827346,0.0
99.27,2300.620541,2299.613179,8883,0.0,0.0,171362.56875266033,0.0
99.28,2300.620541,2299.764283,8883,0.0,0.0,171373.82872013017,0.0
99.29,2300.620541,2299.892722,8884,0.0,0.0,171383.3997371904,0.0
99.3,2322.162425,2303.233177,8884,0.0,0.0,171632.3237539903,0.0
99.31,2322.162425,2306.072564,8884,0.0,0.0,171843.9091868997,0.0
99.32000000000001,2297.307706,2304.757836,8885,0.0,0.0,171745.93828929463,0.0
99.33,2297.307706,2303.640316,8885,0.0,0.0,171662.66293690875,0.0
99.34,2279.561274,2300.02846,8887,0.0,0.0,171393.5146611131,0.0
99.35000000000001,2279.561274,2296.958382,8887,0.0,0.0,171164.73859687964,0.0
99.36,2279.561274,2294.348816,8887,0.0,0.0,170970.2789646366,0.0
99.37,2279.561274,2292.130685,8887,0.0,0.0,170804.98828468184,0.0
99.38,2279.561274,2290.245273,8887,0.0,0.0,170664.49115828355,0.0
99.39,2279.561274,2288.642673,8888,0.0,0.0,170545.0686157486,0.0
99.4,2281.530278,2287.575814,8888,0.0,0.0,170465.5684196259,0.0
99.41,2281.530278,2286.668984,8888,0.0,0.0,170397.9932640993,0.0
99.42,2281.530278,2285.898178,8889,0.0,0.0,170340.55434464267,0.0
99.43,2304.124269,2288.632092,8889,0.0,0.0,170544.2801408188,0.0
99.44,2295.619951,2289.680271,8891,0.0,0.0,170622.38834075123,0.0
99.45,2295.619951,2290.571223,8891,0.0,0.0,170688.78029951607,0.0
99.46000000000001,2295.619951,2291.328532,8891,0.0,0.0,170745.21344956267,0.0
99.47,2295.619951,2291.972245,8891,0.0,0.0,170793.1816531835,0.0
99.48,2295.619951,2292.519401,8891,0.0,0.0,170833.9546225353,0.0
99.49000000000001,2295.619951,2292.984483,8891,0.0,0.0,170868.6116017736,0.0
99.5,2325.262524,2297.826189,8892,0.0,0.0,171229.40583659612,0.0
99.51,2325.262524,2301.941639,8892,0.0,0.0,171536.08092874353,0.0
99.52,2297.845929,2301.327283,8893,0.0,0.0,171490.30034997052,0.0
99.53,2297.845929,2300.80508,8893,0.0,0.0,171451.3868282063,0.0
99.54,2295.194962,2299.963562,8895,0.0,0.0,171388.67859212184,0.0
99.55,2295.194962,2299.248272,8895,0.0,0.0,171335.37661380545,0.0
99.56,2295.194962,2298.640276,8895,0.0,0.0,171290.06996949555,0.0
99.57000000000001,2295.194962,2298.123479,8895,0.0,0.0,171251.55929202496,0.0
99.58,2295.194962,2297.684201,8895,0.0,0.0,171218.82517519,0.0
99.59,2295.194962,2297.310815,8895,0.0,0.0,171191.0011982357,0.0
99.60000000000001,2330.086465,2302.227163,8896,0.0,0.0,171557.35760541563,0.0
99.61,2330.086465,2306.406058,8896,0.0,0.0,171868.76049190416,0.0
99.62,2303.709042,2306.001506,8896,0.0,0.0,171838.61408704479,0.0
99.63,2303.709042,2305.657636,8897,0.0,0.0,171812.98958329993,0.0
99.64,2299.525196,2304.73777,8898,0.0,0.0,171744.44301116007,0.0
99.65,2299.525196,2303.955884,8898,0.0,0.0,171686.1784322929,0.0
99.66,2299.525196,2303.291281,8898,0.0,0.0,171636.65354770762,0.0
99.67,2299.525196,2302.726368,8898,0.0,0.0,171594.55736227706,0.0
99.68,2299.525196,2302.246192,8899,0.0,0.0,171558.775608387,0.0
99.69,2299.525196,2301.838043,8899,0.0,0.0,171528.36116229123,0.0
99.7,2319.850523,2304.539915,8899,0.0,0.0,171729.69925279656,0.0
99.71000000000001,2319.850523,2306.836506,8900,0.0,0.0,171900.8366148226,0.0
99.72,2297.782055,2305.478338,8900,0.0,0.0,171799.6286554131,0.0
99.73,2297.782055,2304.323896,8901,0.0,0.0,171713.60194952946,0.0
99.74000000000001,2303.937582,2304.265949,8903,0.0,0.0,171709.2838551377,0.0
99.75,2303.937582,2304.216694,8903,0.0,0.0,171705.6134711788,0.0
99.76,2303.937582,2304.174827,8903,0.0,0.0,171702.49362618424,0.0
99.77,2303.937582,2304.13924,8903,0.0,0.0,171699.84175421295,0.0
99.78,2303.937582,2304.108992,8903,0.0,0.0,171697.58773382942,0.0
99.79,2303.937582,2304.08328,8903,0.0,0.0,171695.67172708182,0.0
99.8,2303.937582,2304.061426,8903,0.0,0.0,171694.043210768,0.0
99.81,2303.937582,2304.042849,8904,0.0,0.0,171692.65888993145,0.0
99.82000000000001,2303.937582,2304.027059,8904,0.0,0.0,171691.4822507535,0.0
99.83,2313.364327,2305.427649,8904,0.0,0.0,171795.85141264607,0.0
99.84,2300.628797,2304.707822,8906,0.0,0.0,171742.21134617573,0.0
99.85000000000001,2300.628797,2304.095968,8906,0.0,0.0,171696.61721143208,0.0
99.86,2300.628797,2303.575892,8906,0.0,0.0,171657.86218944815,0.0
99.87,2300.628797,2303.133828,8906,0.0,0.0,171624.92046547268,0.0
99.88,2300.628797,2302.758073,8906,0.0,0.0,171596.9199553827,0.0
99.89,2300.628797,2302.438682,8907,0.0,0.0,171573.11957769468,0.0
99.9,2319.01312,2304.924848,8907,0.0,0.0,171758.38368906616,0.0
99.91,2319.01312,2307.038089,8907,0.0,0.0,171915.8581762801,0.0
99.92,2319.01312,2308.834343,8908,0.0,0.0,172049.71142707163,0.0
99.93,2237.201974,2298.089488,8908,0.0,0.0,171249.0263507774,0.0
99.94,2296.153515,2297.799092,8910,0.0,0.0,171227.3866224223,0.0
99.95,2296.153515,2297.552256,8910,0.0,0.0,171208.99289803117,0.0
99.96000000000001,2296.153515,2297.342445,8910,0.0,0.0,171193.35820249154,0.0
99.97,2296.153515,2297.164105,8910,0.0,0.0,171180.06866284614,0.0
99.98,2296.153515,2297.012517,8910,0.0,0.0,171168.77262866558,0.0
99.99000000000001,2296.153515,2296.883667,8911,0.0,0.0,171159.1709847085,0.0
100.0,2314.121496,2299.469341,8911,0.0,0.0,171351.85023295914,0.0
100.01,2314.121496,2301.667164,8911,0.0,0.0,171515.627601424,0.0
100.02,2297.828927,2301.091428,8912,0.0,0.0,171472.7249077082,0.0
100.03,2297.828927,2300.602053,8912,0.0,0.0,171436.25766276062,0.0
100.04,2301.560566,2300.74583,8914,0.0,0.0,171446.97163686392,0.0
100.05,2301.560566,2300.868041,8914,0.0,0.0,171456.07855583672,0.0
100.06,2301.560566,2300.971919,8914,0.0,0.0,171463.81933636428,0.0
100.07000000000001,2301.560566,2301.060216,8914,0.0,0.0,171470.39905197526,0.0
100.08,2301.560566,2301.135269,8914,0.0,0.0,171475.9918512295,0.0
100.09,2301.560566,2301.199064,8914,0.0,0.0,171480.74572686976,0.0
100.10000000000001,2314.778802,2303.236024,8915,0.0,0.0,171632.5359067287,0.0
100.11,2314.778802,2304.967441,8915,0.0,0.0,171761.5576341268,0.0
100.12,2314.778802,2306.439145,8916,0.0,0.0,171871.2260688821,0.0
100.13,2312.136108,2307.293689,8916,0.0,0.0,171934.90497639985,0.0
100.14,2292.92021,2305.137668,8918,0.0,0.0,171774.24260925976,0.0
100.15,2292.92021,2303.305049,8918,0.0,0.0,171637.679511495,0.0
100.16,2292.92021,2301.747323,8918,0.0,0.0,171521.60088957264,0.0
100.17,2292.92021,2300.423256,8918,0.0,0.0,171422.93406839043,0.0
100.18,2292.92021,2299.297799,8918,0.0,0.0,171339.06726665967,0.0
100.19,2292.92021,2298.341161,8918,0.0,0.0,171267.78051872159,0.0
100.2,2320.302784,2301.635404,8919,0.0,0.0,171513.26090982847,0.0
100.21000000000001,2320.302784,2304.435511,8919,0.0,0.0,171721.91927580244,0.0
100.22,2320.302784,2306.815602,8919,0.0,0.0,171899.2788906062,0.0
100.23,2312.104738,2307.608973,8920,0.0,0.0,171958.39930867276,0.0
100.24000000000001,2296.732949,2305.977569,8922,0.0,0.0,171836.83034974252,0.0
100.25,2296.732949,2304.590876,8922,0.0,0.0,171733.496764459,0.0
100.26,2296.732949,2303.412187,8922,0.0,0.0,171645.66322069382,0.0
100.27,2296.732949,2302.410301,8922,0.0,0.0,171571.00468241223,0.0
100.28,2296.732949,2301.558699,8922,0.0,0.0,171507.54500684264,0.0
100.29,2296.732949,2300.834836,8922,0.0,0.0,171453.60418573505,0.0
100.3,2322.829581,2304.134048,8922,0.0,0.0,171699.45485677072,0.0
100.31,2322.829581,2306.938378,8923,0.0,0.0,171908.42791224745,0.0
100.32000000000001,2322.829581,2309.322058,8923,0.0,0.0,172086.05497214367,0.0
100.33,2300.146749,2307.945762,8924,0.0,0.0,171983.49615047843,0.0
100.34,2293.139839,2305.724874,8925,0.0,0.0,171818.00002440502,0.0
100.35000000000001,2293.139839,2303.837118,8925,0.0,0.0,171677.32822782098,0.0
100.36,2293.139839,2302.232527,8925,0.0,0.0,171557.75731995338,0.0
100.37,2293.139839,2300.868623,8925,0.0,0.0,171456.12192531116,0.0
100.38,2293.139839,2299.709306,8926,0.0,0.0,171369.7319441905,0.0
100.39,2293.139839,2298.723886,8926,0.0,0.0,171296.30041925306,0.0
100.4,2325.068501,2302.675578,8926,0.0,0.0,171590.77259319223,0.0
100.41,2325.068501,2306.034517,8927,0.0,0.0,171841.07400065495,0.0
100.42,2300.261156,2305.168512,8927,0.0,0.0,171776.54104236967,0.0
100.43,2300.261156,2304.432409,8927,0.0,0.0,171721.6881209747,0.0
100.44,2384.451836,2316.435323,8929,0.0,0.0,172616.12123448282,0.0
100.45,2384.451836,2326.6378,8929,0.0,0.0,173376.38938841652,0.0
100.46000000000001,2384.451836,2335.309905,8929,0.0,0.0,174022.61728572706,0.0
100.47,2384.451836,2342.681195,8929,0.0,0.0,174571.91105432954,0.0
100.48,2384.451836,2348.946791,8929,0.0,0.0,175038.8107203826,0.0
100.49000000000001,2384.451836,2354.272548,8930,0.0,0.0,175435.67546633494,0.0
100.5,2470.287026,2371.674719,8930,0.0,0.0,176732.4503985998,0.0
100.51,2470.287026,2386.466565,8931,0.0,0.0,177834.70913946163,0.0
100.52,2339.691512,2379.450307,8931,0.0,0.0,177311.87164449028,0.0
100.53,2339.691512,2373.486488,8931,0.0,0.0,176867.45979612003,0.0
100.54,2510.155671,2393.986866,8933,0.0,0.0,178395.1069093655,0.0
100.55,2510.155671,2411.412186,8933,0.0,0.0,179693.60685875072,0.0
100.56,2510.155671,2426.223709,8933,0.0,0.0,180797.33189024616,0.0
100.57000000000001,2510.155671,2438.813504,8933,0.0,0.0,181735.49820055038,0.0
100.58,2510.155671,2449.514829,8934,0.0,0.0,182532.93950842047,0.0
100.59,2510.155671,2458.610955,8934,0.0,0.0,183210.76460148054,0.0
100.60000000000001,2392.283752,2448.661875,8934,0.0,0.0,182469.3790845185,0.0
100.61,2392.283752,2440.205156,8935,0.0,0.0,181839.20132058268,0.0
100.62,2483.98522,2446.772166,8935,0.0,0.0,182328.56175428565,0.0
100.63,2483.98522,2452.354124,8936,0.0,0.0,182744.51808567412,0.0
100.64,2505.244736,2460.287716,8938,0.0,0.0,183335.71347321614,0.0
100.65,2505.244736,2467.031269,8938,0.0,0.0,183838.22953772318,0.0
100.66,2505.244736,2472.763289,8938,0.0,0.0,184265.36818882832,0.0
100.67,2505.244736,2477.635506,8938,0.0,0.0,184628.4360422677,0.0
100.68,2505.244736,2481.77689,8938,0.0,0.0,184937.04368415807,0.0
100.69,2505.244736,2485.297067,8938,0.0,0.0,185199.36022447565,0.0
100.7,2412.706514,2474.408484,8938,0.0,0.0,184387.9648254599,0.0
100.71000000000001,2412.706514,2465.153189,8939,0.0,0.0,183698.2787772814,0.0
100.72,2412.706514,2457.286187,8939,0.0,0.0,183112.0455431822,0.0
100.73,2476.191575,2460.121995,8940,0.0,0.0,183323.36427617914,0.0
100.74000000000001,2467.120268,2461.171736,8943,0.0,0.0,183401.5888732234,0.0
100.75,2467.120268,2462.064016,8943,0.0,0.0,183468.07979188877,0.0
100.76,2467.120268,2462.822454,8943,0.0,0.0,183524.5970727543,0.0
100.77,2467.120268,2463.467126,8943,0.0,0.0,183572.6367391346,0.0
100.78,2467.120268,2464.015097,8943,0.0,0.0,183613.4704406543,0.0
100.79,2467.120268,2464.480873,8943,0.0,0.0,183648.1791353827,0.0
100.8,2467.120268,2464.876782,8943,0.0,0.0,183677.68148119104,0.0
100.81,2467.120268,2465.213305,8943,0.0,0.0,183702.75850120944,0.0
100.82000000000001,2467.120268,2465.49935,8943,0.0,0.0,183724.07400175818,0.0
100.83,2521.693106,2473.928413,8944,0.0,0.0,184352.19089595956,0.0
100.84,2468.718052,2473.146859,8946,0.0,0.0,184293.95105706755,0.0
100.85000000000001,2468.718052,2472.482538,8946,0.0,0.0,184244.44718655752,0.0
100.86,2468.718052,2471.917865,8946,0.0,0.0,184202.36888544628,0.0
100.87,2468.718052,2471.437893,8946,0.0,0.0,184166.60233322767,0.0
100.88,2468.718052,2471.029917,8946,0.0,0.0,184136.2007787454,0.0
100.89,2468.718052,2470.683137,8946,0.0,0.0,184110.35942762837,0.0
100.9,2498.617768,2474.873332,8947,0.0,0.0,184422.60436748678,0.0
100.91,2498.617768,2478.434997,8947,0.0,0.0,184688.01251047797,0.0
100.92,2471.971572,2477.465484,8948,0.0,0.0,184615.76634332415,0.0
100.93,2471.971572,2476.641397,8948,0.0,0.0,184554.35703045136,0.0
100.94,2455.97292,2473.541125,8950,0.0,0.0,184323.33096980627,0.0
100.95,2455.97292,2470.905894,8950,0.0,0.0,184126.95883316148,0.0
100.96000000000001,2455.97292,2468.665948,8950,0.0,0.0,183960.04254309475,0.0
100.97,2455.97292,2466.761994,8950,0.0,0.0,183818.16370398988,0.0
100.98,2455.97292,2465.143633,8950,0.0,0.0,183697.56668329888,0.0
100.99000000000001,2455.97292,2463.768026,8950,0.0,0.0,183595.05920453384,0.0
101.0,2520.584562,2472.290506,8951,0.0,0.0,184230.13734649253,0.0
101.01,2520.584562,2479.534615,8951,0.0,0.0,184769.9538416755,0.0
101.02,2471.916696,2478.391927,8952,0.0,0.0,184684.8030203326,0.0
101.03,2471.916696,2477.420642,8952,0.0,0.0,184612.42480728752,0.0
101.04,2460.668976,2474.907892,8954,0.0,0.0,184425.17970947482,0.0
101.05,2460.668976,2472.772055,8954,0.0,0.0,184266.021413593,0.0
101.06,2460.668976,2470.956593,8954,0.0,0.0,184130.73682110858,0.0
101.07000000000001,2460.668976,2469.413451,8954,0.0,0.0,184015.74496965937,0.0
101.08,2460.668976,2468.101779,8954,0.0,0.0,183918.0017990542,0.0
101.09,2460.668976,2466.986859,8955,0.0,0.0,183834.92019346144,0.0
101.10000000000001,2509.107554,2473.304963,8955,0.0,0.0,184305.73265051874,0.0
101.11,2509.107554,2478.675352,8955,0.0,0.0,184705.9232837283,0.0
101.12,2509.107554,2483.240182,8956,0.0,0.0,185046.0852735197,0.0
101.13,2476.057114,2482.162722,8956,0.0,0.0,184965.7951121072,0.0
101.14,2456.871389,2478.369022,8958,0.0,0.0,184683.09618560356,0.0
101.15,2456.871389,2475.144377,8958,0.0,0.0,184442.80209807545,0.0
101.16,2456.871389,2472.403429,8958,0.0,0.0,184238.55214230603,0.0
101.17,2456.871389,2470.073623,8958,0.0,0.0,184064.93966499847,0.0
101.18,2456.871389,2468.093288,8958,0.0,0.0,183917.36906673881,0.0
101.19,2456.871389,2466.410003,8959,0.0,0.0,183791.9340395886,0.0
101.2,2506.603677,2472.439054,8959,0.0,0.0,184241.20684596122,0.0
101.21000000000001,2506.603677,2477.563748,8960,0.0,0.0,184623.08877981463,0.0
101.22,2477.957751,2477.622848,8960,0.0,0.0,184627.49279345735,0.0
101.23,2477.957751,2477.673084,8960,0.0,0.0,184631.23627957166,0.0
101.24000000000001,2458.373678,2474.778173,8962,0.0,0.0,184415.51330937806,0.0
101.25,2458.373678,2472.317499,8962,0.0,0.0,184232.14881079475,0.0
101.26,2458.373678,2470.225925,8962,0.0,0.0,184076.28890502913,0.0
101.27,2458.373678,2468.448088,8962,0.0,0.0,183943.80805219457,0.0
101.28,2458.373678,2466.936927,8962,0.0,0.0,183831.19936081828,0.0
101.29,2458.373678,2465.65244,8963,0.0,0.0,183735.4819619707,0.0
101.3,2509.543341,2472.236075,8963,0.0,0.0,184226.0812573794,0.0
101.31,2509.543341,2477.832165,8964,0.0,0.0,184643.0906771063,0.0
101.32000000000001,2509.543341,2482.588841,8964,0.0,0.0,184997.54864661512,0.0
101.33,2476.01271,2481.602422,8964,0.0,0.0,184924.04267819837,0.0
101.34,2456.529512,2477.841485,8966,0.0,0.0,184643.7851848415,0.0
101.35000000000001,2456.529512,2474.644689,8966,0.0,0.0,184405.56634902128,0.0
101.36,2456.529512,2471.927413,8966,0.0,0.0,184203.08038328486,0.0
101.37,2456.529512,2469.617728,8966,0.0,0.0,184030.96728260175,0.0
101.38,2456.529512,2467.654495,8967,0.0,0.0,183884.6710911326,0.0
101.39,2456.529512,2465.985748,8967,0.0,0.0,183760.3194066277,0.0
101.4,2507.252142,2472.175707,8967,0.0,0.0,184221.58275491607,0.0
101.41,2507.252142,2477.437172,8968,0.0,0.0,184613.65658978355,0.0
101.42,2477.82234,2477.494947,8968,0.0,0.0,184617.96186707975,0.0
101.43,2477.82234,2477.544056,8969,0.0,0.0,184621.62137141105,0.0
101.44,2457.731859,2474.572227,8971,0.0,0.0,184400.16662589816,0.0
101.45,2457.731859,2472.046172,8971,0.0,0.0,184211.93006613082,0.0
101.46000000000001,2457.731859,2469.899025,8971,0.0,0.0,184051.92897169915,0.0
101.47,2457.731859,2468.07395,8971,0.0,0.0,183915.92803770627,0.0
101.48,2457.731859,2466.522636,8971,0.0,0.0,183800.32722518287,0.0
101.49000000000001,2457.731859,2465.20402,8971,0.0,0.0,183702.06660160414,0.0
101.5,2536.779148,2475.940289,8971,0.0,0.0,184502.11186637325,0.0
101.51,2536.779148,2485.066118,8972,0.0,0.0,185182.15036750826,0.0
101.52,2489.706215,2485.762132,8972,0.0,0.0,185234.01593690793,0.0
101.53,2489.706215,2486.353745,8973,0.0,0.0,185278.10175286743,0.0
101.54,2460.806507,2482.521659,8975,0.0,0.0,184992.54237851794,0.0
101.55,2460.806507,2479.264386,8975,0.0,0.0,184749.8169177727,0.0
101.56,2460.806507,2476.495705,8975,0.0,0.0,184543.50035438305,0.0
101.57000000000001,2460.806507,2474.142325,8975,0.0,0.0,184368.1311898062,0.0
101.58,2460.806507,2472.141952,8975,0.0,0.0,184219.06739991592,0.0
101.59,2460.806507,2470.441636,8975,0.0,0.0,184092.36325675304,0.0
101.60000000000001,2417.774648,2462.541587,8976,0.0,0.0,183503.6674263958,0.0
101.61,2417.774648,2455.826547,8976,0.0,0.0,183003.27609354682,0.0
101.62,2471.481854,2458.174843,8976,0.0,0.0,183178.26640862518,0.0
101.63,2471.481854,2460.170894,8977,0.0,0.0,183327.00813173104,0.0
101.64,2506.635515,2467.140587,8979,0.0,0.0,183846.37569615626,0.0
101.65,2506.635515,2473.064826,8979,0.0,0.0,184287.8381221918,0.0
101.66,2506.635515,2478.10043,8979,0.0,0.0,184663.08124766234,0.0
101.67,2506.635515,2482.380692,8979,0.0,0.0,184982.03779998713,0.0
101.68,2506.635515,2486.018916,8979,0.0,0.0,185253.1509663365,0.0
101.69,2506.635515,2489.111406,8979,0.0,0.0,185483.59712792636,0.0
101.7,2466.141094,2485.665859,8980,0.0,0.0,185226.84186575015,0.0
101.71000000000001,2466.141094,2482.737144,8980,0.0,0.0,185008.5998891745,0.0
101.72,2411.920889,2472.114706,8981,0.0,0.0,184217.0370825604,0.0
101.73,2411.920889,2463.085633,8981,0.0,0.0,183544.2086447759,0.0
101.74000000000001,2493.21011,2467.604305,8984,0.0,0.0,183880.93103284616,0.0
101.75,2493.21011,2471.445176,8984,0.0,0.0,184167.1450478023,0.0
101.76,2493.21011,2474.709916,8984,0.0,0.0,184410.42693443366,0.0
101.77,2493.21011,2477.484945,8984,0.0,0.0,184617.2165380704,0.0
101.78,2493.21011,2479.84372,8984,0.0,0.0,184792.98772724287,0.0
101.79,2493.21011,2481.848678,8984,0.0,0.0,184942.393182151,0.0
101.8,2493.21011,2483.552893,8984,0.0,0.0,185069.3878709855,0.0
101.81,2493.21011,2485.001476,8984,0.0,0.0,185177.33337512432,0.0
101.82000000000001,2493.21011,2486.232771,8985,0.0,0.0,185269.0870126574,0.0
101.83,2486.826988,2486.321903,8985,0.0,0.0,185275.7289507962,0.0
101.84,2454.8999,2481.608603,8987,0.0,0.0,184924.50327393995,0.0
101.85000000000001,2454.8999,2477.602297,8987,0.0,0.0,184625.96137409407,0.0
101.86,2454.8999,2474.196938,8987,0.0,0.0,184372.2008411949,0.0
101.87,2454.8999,2471.302382,8987,0.0,0.0,184156.50432489027,0.0
101.88,2454.8999,2468.84201,8987,0.0,0.0,183973.1623307422,0.0
101.89,2454.8999,2466.750693,8988,0.0,0.0,183817.3215761019,0.0
101.9,2407.880206,2457.92012,8988,0.0,0.0,183159.2849607891,0.0
101.91,2407.880206,2450.414133,8988,0.0,0.0,182599.95384149914,0.0
101.92,2407.880206,2444.034044,8989,0.0,0.0,182124.52238637678,0.0
101.93,2515.998994,2454.828787,8989,0.0,0.0,182928.9250165222,0.0
101.94,2463.364875,2456.1092,8992,0.0,0.0,183024.3388290486,0.0
101.95,2463.364875,2457.197551,8992,0.0,0.0,183105.44056597014,0.0
101.96000000000001,2463.364875,2458.12265,8992,0.0,0.0,183174.37709079013,0.0
101.97,2463.364875,2458.908983,8992,0.0,0.0,183232.9730511914,0.0
101.98,2463.364875,2459.577367,8992,0.0,0.0,183282.7796883246,0.0
101.99000000000001,2463.364875,2460.145493,8992,0.0,0.0,183325.11530008065,0.0
102.0,2463.364875,2460.628401,8992,0.0,0.0,183361.10063713943,0.0
102.01,2463.364875,2461.038872,8993,0.0,0.0,183391.68811402505,0.0
102.02,2501.639408,2467.128952,8993,0.0,0.0,183845.50867925724,0.0
102.03,2501.639408,2472.305521,8993,0.0,0.0,184231.25623422262,0.0
102.04,2456.411323,2469.921391,8996,0.0,0.0,184053.59564122758,0.0
102.05,2456.411323,2467.894881,8996,0.0,0.0,183902.58417444088,0.0
102.06,2456.411323,2466.172347,8996,0.0,0.0,183774.2243904131,0.0
102.07000000000001,2456.411323,2464.708194,8996,0.0,0.0,183665.11864105568,0.0
102.08,2456.411323,2463.463663,8996,0.0,0.0,183572.37868330986,0.0
102.09,2456.411323,2462.405812,8996,0.0,0.0,183493.54974530713,0.0
102.10000000000001,2456.411323,2461.506639,8996,0.0,0.0,183426.54517408615,0.0
102.11,2456.411323,2460.742342,8997,0.0,0.0,183369.5912922742,0.0
102.12,2484.653718,2464.329048,8997,0.0,0.0,183636.86544043678,0.0
102.13,2484.653718,2467.377748,8997,0.0,0.0,183864.0484589231,0.0
102.14,2482.000575,2469.571172,9000,0.0,0.0,184027.49802271763,0.0
102.15,2482.000575,2471.435583,9000,0.0,0.0,184166.4301966538,0.0
102.16,2482.000575,2473.020332,9000,0.0,0.0,184284.52251841826,0.0
102.17,2482.000575,2474.367368,9000,0.0,0.0,184384.90094348133,0.0
102.18,2482.000575,2475.512349,9000,0.0,0.0,184470.22263459215,0.0
102.19,2482.000575,2476.485583,9000,0.0,0.0,184542.74608321404,0.0
102.2,2482.000575,2477.312832,9000,0.0,0.0,184604.39102199447,0.0
102.21000000000001,2468.155459,2475.939226,9001,0.0,0.0,184502.03265374206,0.0
102.22,2468.155459,2474.771661,9001,0.0,0.0,184415.02804817937,0.0
102.23,2567.956088,2488.749325,9002,0.0,0.0,185456.615576932,0.0
102.24000000000001,2466.344631,2485.388621,9004,0.0,0.0,185206.182645204,0.0
102.25,2466.344631,2482.532022,9004,0.0,0.0,184993.31460852438,0.0
102.26,2466.344631,2480.103914,9004,0.0,0.0,184812.3768630424,0.0
102.27,2466.344631,2478.040021,9004,0.0,0.0,184658.5796899611,0.0
102.28,2466.344631,2476.285713,9004,0.0,0.0,184527.85217108598,0.0
102.29,2466.344631,2474.79455,9004,0.0,0.0,184416.73369062046,0.0
102.3,2466.344631,2473.527062,9004,0.0,0.0,184322.2830232097,0.0
102.31,2466.344631,2472.449698,9005,0.0,0.0,184242.00001552489,0.0
102.32000000000001,2446.940142,2468.623264,9005,0.0,0.0,183956.86181689636,0.0
102.33,2446.940142,2465.370796,9006,0.0,0.0,183714.4944151283,0.0
102.34,2481.631811,2467.809948,9008,0.0,0.0,183896.25513737288,0.0
102.35000000000001,2481.631811,2469.883228,9008,0.0,0.0,184050.7518108952,0.0
102.36,2481.631811,2471.645515,9008,0.0,0.0,184182.07390887116,0.0
102.37,2481.631811,2473.14346,9008,0.0,0.0,184293.69777039453,0.0
102.38,2481.631811,2474.416712,9008,0.0,0.0,184388.57795954205,0.0
102.39,2481.631811,2475.498977,9008,0.0,0.0,184469.22617993172,0.0
102.4,2481.631811,2476.418902,9009,0.0,0.0,184537.77714863347,0.0
102.41,2481.631811,2477.200839,9009,0.0,0.0,184596.0455279185,0.0
102.42,2461.022194,2474.774042,9009,0.0,0.0,184415.205475531,0.0
102.43,2461.022194,2472.711265,9010,0.0,0.0,184261.4914645348,0.0
102.44,2461.789266,2471.072965,9012,0.0,0.0,184139.40862949484,0.0
102.45,2461.789266,2469.68041,9012,0.0,0.0,184035.63821971096,0.0
102.46000000000001,2461.789266,2468.496738,9012,0.0,0.0,183947.43335276507,0.0
102.47,2461.789266,2467.490618,9012,0.0,0.0,183872.45930528268,0.0
102.48,2461.789266,2466.635415,9012,0.0,0.0,183808.7312904047,0.0
102.49000000000001,2461.789266,2465.908493,9012,0.0,0.0,183754.5625187433,0.0
102.5,2461.789266,2465.290609,9013,0.0,0.0,183708.51904047572,0.0
102.51,2461.789266,2464.765407,9013,0.0,0.0,183669.38203923742,0.0
102.52,2547.580094,2477.18761,9014,0.0,0.0,184595.0597293317,0.0
102.53,2547.580094,2487.746483,9014,0.0,0.0,185381.88579944492,0.0
102.54,2458.792193,2483.403339,9016,0.0,0.0,185058.2434064115,0.0
102.55,2458.792193,2479.711667,9016,0.0,0.0,184783.1474021403,0.0
102.56,2458.792193,2476.573746,9016,0.0,0.0,184549.3158134134,0.0
102.57000000000001,2458.792193,2473.906513,9016,0.0,0.0,184350.55895181777,0.0
102.58,2458.792193,2471.639365,9016,0.0,0.0,184181.61562318748,0.0
102.59,2458.792193,2469.712289,9016,0.0,0.0,184038.01377894808,0.0
102.60000000000001,2458.792193,2468.074275,9017,0.0,0.0,183915.9522560554,0.0
102.61,2485.570622,2470.698727,9017,0.0,0.0,184111.52116320684,0.0
102.62,2485.570622,2472.929511,9018,0.0,0.0,184277.75471938195,0.0
102.63,2485.570622,2474.825678,9018,0.0,0.0,184419.0532868416,0.0
102.64,2475.875133,2474.983096,9020,0.0,0.0,184430.78376094668,0.0
102.65,2475.875133,2475.116902,9020,0.0,0.0,184440.75471609857,0.0
102.66,2475.875133,2475.230636,9020,0.0,0.0,184449.22994600786,0.0
102.67,2475.875133,2475.327311,9020,0.0,0.0,184456.43397340056,0.0
102.68,2475.875133,2475.409484,9020,0.0,0.0,184462.55734079587,0.0
102.69,2475.875133,2475.479332,9021,0.0,0.0,184467.76227387402,0.0
102.7,2475.875133,2475.538702,9021,0.0,0.0,184472.186407376,0.0
102.71000000000001,2484.890381,2476.941454,9021,0.0,0.0,184576.71667717875,0.0
102.72,2484.890381,2478.133793,9022,0.0,0.0,184665.56739160756,0.0
102.73,2484.890381,2479.147281,9022,0.0,0.0,184741.09048769434,0.0
102.74000000000001,2468.993849,2477.624266,9028,0.0,0.0,184627.59845997757,0.0
102.75,2468.993849,2476.329704,9028,0.0,0.0,184531.13029230686,0.0
102.76,2468.993849,2475.229325,9028,0.0,0.0,184449.13225291338,0.0
102.77,2468.993849,2474.294004,9028,0.0,0.0,184379.43400512455,0.0
102.78,2468.993849,2473.498981,9028,0.0,0.0,184320.1904833264,0.0
102.79,2468.993849,2472.823211,9028,0.0,0.0,184269.8334562648,0.0
102.8,2468.993849,2472.248807,9028,0.0,0.0,184227.03002052155,0.0
102.81,2468.993849,2471.760563,9028,0.0,0.0,184190.64705542894,0.0
102.82000000000001,2468.993849,2471.345556,9028,0.0,0.0,184159.7215649074,0.0
102.83,2468.993849,2470.9928,9028,0.0,0.0,184133.43489423822,0.0
102.84,2476.898686,2471.878683,9030,0.0,0.0,184199.44912127458,0.0
102.85000000000001,2476.898686,2472.631683,9030,0.0,0.0,184255.56117327057,0.0
102.86,2476.898686,2473.271733,9030,0.0,0.0,184303.25641746717,0.0
102.87,2476.898686,2473.815776,9030,0.0,0.0,184343.79741229326,0.0
102.88,2476.898686,2474.278213,9030,0.0,0.0,184378.25729142863,0.0
102.89,2476.898686,2474.671284,9030,0.0,0.0,184407.54815516053,0.0
102.9,2476.898686,2475.005394,9030,0.0,0.0,184432.4453632513,0.0
102.91,2476.898686,2475.289388,9031,0.0,0.0,184453.6080273875,0.0
102.92,2505.931348,2479.885682,9031,0.0,0.0,184796.1146514472,0.0
102.93,2505.931348,2483.792532,9031,0.0,0.0,185087.2452893497,0.0
102.94,2471.706271,2481.979593,9033,0.0,0.0,184952.1487057726,0.0
102.95,2471.706271,2480.438594,9033,0.0,0.0,184837.31654639172,0.0
102.96000000000001,2471.706271,2479.128746,9033,0.0,0.0,184739.70929661364,0.0
102.97,2471.706271,2478.015375,9033,0.0,0.0,184656.7431193987,0.0
102.98,2471.706271,2477.069009,9034,0.0,0.0,184586.22182032935,0.0
102.99000000000001,2471.706271,2476.264598,9034,0.0,0.0,184526.27872357215,0.0
103.0,2492.972671,2478.770809,9034,0.0,0.0,184713.03654820024,0.0
103.01,2492.972671,2480.901089,9035,0.0,0.0,184871.78074757083,0.0
103.02,2492.972671,2482.711826,9035,0.0,0.0,185006.71324251787,0.0
103.03,2476.0189,2481.707887,9036,0.0,0.0,184931.9017187877,0.0
103.04,2461.895902,2478.736089,9037,0.0,0.0,184710.44928333265,0.0
103.05,2461.895902,2476.210061,9037,0.0,0.0,184522.2147355513,0.0
103.06,2461.895902,2474.062938,9037,0.0,0.0,184362.21542955152,0.0
103.07000000000001,2461.895902,2472.237882,9037,0.0,0.0,184226.21591140062,0.0
103.08,2461.895902,2470.686585,9038,0.0,0.0,184110.61636568315,0.0
103.09,2461.895902,2469.367983,9038,0.0,0.0,184012.35678535642,0.0
103.10000000000001,2501.780729,2474.229895,9038,0.0,0.0,184374.65673083317,0.0
103.11,2501.780729,2478.36252,9039,0.0,0.0,184682.6116695849,0.0
103.12,2471.960078,2477.402154,9039,0.0,0.0,184611.04711855273,0.0
103.13,2471.960078,2476.585842,9040,0.0,0.0,184550.2171831092,0.0
103.14,2463.389386,2474.606374,9042,0.0,0.0,184402.71119195325,0.0
103.15,2463.389386,2472.923826,9042,0.0,0.0,184277.3310845671,0.0
103.16,2463.389386,2471.49366,9042,0.0,0.0,184170.75797838526,0.0
103.17,2463.389386,2470.278019,9042,0.0,0.0,184080.1708455825,0.0
103.18,2463.389386,2469.244724,9042,0.0,0.0,184003.17177152244,0.0
103.19,2463.389386,2468.366423,9042,0.0,0.0,183937.72253994187,0.0
103.2,2482.34259,2470.462848,9043,0.0,0.0,184093.9439325126,0.0
103.21000000000001,2482.34259,2472.244809,9043,0.0,0.0,184226.73209756817,0.0
103.22,2477.895804,2473.092459,9043,0.0,0.0,184289.8972780123,0.0
103.23,2477.895804,2473.81296,9044,0.0,0.0,184343.58756961284,0.0
103.24000000000001,2465.9386,2472.631806,9046,0.0,0.0,184255.57033898425,0.0
103.25,2465.9386,2471.627826,9046,0.0,0.0,184180.75576001615,0.0
103.26,2465.9386,2470.774442,9046,0.0,0.0,184117.16329337534,0.0
103.27,2465.9386,2470.049066,9046,0.0,0.0,184063.1097265378,0.0
103.28,2465.9386,2469.432496,9046,0.0,0.0,184017.1641649187,0.0
103.29,2465.9386,2468.908411,9046,0.0,0.0,183978.11040028348,0.0
103.3,2496.451592,2473.039889,9047,0.0,0.0,184285.97986689222,0.0
103.31,2496.451592,2476.551644,9047,0.0,0.0,184547.66881663623,0.0
103.32000000000001,2496.451592,2479.536636,9048,0.0,0.0,184770.10444254812,0.0
103.33,2476.053978,2479.014238,9048,0.0,0.0,184731.1763897744,0.0
103.34,2455.935943,2475.552493,9050,0.0,0.0,184473.21408507734,0.0
103.35000000000001,2455.935943,2472.610011,9050,0.0,0.0,184253.94621923228,0.0
103.36,2455.935943,2470.108901,9050,0.0,0.0,184067.56851090855,0.0
103.37,2455.935943,2467.982957,9050,0.0,0.0,183909.14742157445,0.0
103.38,2455.935943,2466.175905,9050,0.0,0.0,183774.48952544763,0.0
103.39,2455.935943,2464.63991,9050,0.0,0.0,183660.03025412542,0.0
103.4,2524.021761,2473.547188,9051,0.0,0.0,184323.7827724241,0.0
103.41,2524.021761,2481.118374,9051,0.0,0.0,184887.9723906226,0.0
103.42,2524.021761,2487.553882,9052,0.0,0.0,185367.5335586395,0.0
103.43,2476.021954,2485.824093,9052,0.0,0.0,185238.63314654105,0.0
103.44,2461.081188,2482.112657,9054,0.0,0.0,184962.06436857046,0.0
103.45,2461.081188,2478.957937,9054,0.0,0.0,184726.98095200624,0.0
103.46000000000001,2461.081188,2476.276425,9054,0.0,0.0,184527.16004792665,0.0
103.47,2461.081188,2473.997139,9054,0.0,0.0,184357.3122198446,0.0
103.48,2461.081188,2472.059747,9054,0.0,0.0,184212.9416479447,0.0
103.49000000000001,2461.081188,2470.412963,9055,0.0,0.0,184090.22660221538,0.0
103.5,2407.00041,2460.90108,9055,0.0,0.0,183381.42013013578,0.0
103.51,2407.00041,2452.815979,9055,0.0,0.0,182778.93459533498,0.0
103.52,2489.846874,2458.370614,9056,0.0,0.0,183192.85487148218,0.0
103.53,2489.846874,2463.092053,9056,0.0,0.0,183544.68705031884,0.0
103.54,2508.728239,2469.937481,9058,0.0,0.0,184054.79463580478,0.0
103.55,2508.728239,2475.756095,9058,0.0,0.0,184488.38609837144,0.0
103.56,2508.728239,2480.701916,9058,0.0,0.0,184856.9387744869,0.0
103.57000000000001,2508.728239,2484.905865,9058,0.0,0.0,185170.20863488075,0.0
103.58,2508.728239,2488.479221,9058,0.0,0.0,185436.48796777887,0.0
103.59,2508.728239,2491.516574,9059,0.0,0.0,185662.82543054942,0.0
103.60000000000001,2409.929315,2479.278485,9059,0.0,0.0,184750.86754701711,0.0
103.61,2409.929315,2468.876109,9059,0.0,0.0,183975.70331993344,0.0
103.62,2409.929315,2460.03409,9060,0.0,0.0,183316.8137716231,0.0
103.63,2471.849464,2461.806396,9060,0.0,0.0,183448.88246541438,0.0
103.64,2461.139201,2461.706317,9062,0.0,0.0,183441.42477875878,0.0
103.65,2461.139201,2461.62125,9062,0.0,0.0,183435.08575627918,0.0
103.66,2461.139201,2461.548942,9062,0.0,0.0,183429.69750892752,0.0
103.67,2461.139201,2461.487481,9062,0.0,0.0,183425.11755829316,0.0
103.68,2461.139201,2461.435239,9062,0.0,0.0,183421.22458907616,0.0
103.69,2461.139201,2461.390833,9063,0.0,0.0,183417.91554288633,0.0
103.7,2529.109731,2471.548668,9063,0.0,0.0,184174.85706438284,0.0
103.71000000000001,2529.109731,2480.182827,9064,0.0,0.0,184818.2573017664,0.0
103.72,2471.92337,2478.943909,9064,0.0,0.0,184725.9356135396,0.0
103.73,2471.92337,2477.890828,9064,0.0,0.0,184647.46212638417,0.0
103.74000000000001,2474.854474,2477.435375,9067,0.0,0.0,184613.52268094232,0.0
103.75,2474.854474,2477.04824,9067,0.0,0.0,184584.6741560426,0.0
103.76,2474.854474,2476.719175,9067,0.0,0.0,184560.1528912484,0.0
103.77,2474.854474,2476.43947,9067,0.0,0.0,184539.30983480273,0.0
103.78,2474.854474,2476.201721,9068,0.0,0.0,184521.59325545345,0.0
103.79,2474.854474,2475.999634,9068,0.0,0.0,184506.5341369253,0.0
103.8,2474.854474,2475.82786,9068,0.0,0.0,184493.7338824504,0.0
103.81,2474.854474,2475.681852,9068,0.0,0.0,184482.85365869504,0.0
103.82000000000001,2474.854474,2475.557745,9068,0.0,0.0,184473.60545359933,0.0
103.83,2494.708466,2478.430353,9069,0.0,0.0,184687.66644889835,0.0
103.84,2459.515082,2475.593063,9070,0.0,0.0,184476.23728022934,0.0
103.85000000000001,2459.515082,2473.181366,9070,0.0,0.0,184296.52244960165,0.0
103.86,2459.515082,2471.131423,9070,0.0,0.0,184143.76480258332,0.0
103.87,2459.515082,2469.388972,9070,0.0,0.0,184013.92084360257,0.0
103.88,2459.515082,2467.907888,9071,0.0,0.0,183903.55343003222,0.0
103.89,2459.515082,2466.648967,9071,0.0,0.0,183809.74115830468,0.0
103.9,2506.486166,2472.624547,9071,0.0,0.0,184255.02941284154,0.0
103.91,2506.486166,2477.70379,9072,0.0,0.0,184633.52442919795,0.0
103.92,2506.486166,2482.021146,9072,0.0,0.0,184955.245152116,0.0
103.93,2471.997446,2480.517591,9073,0.0,0.0,184843.20324462748,0.0
103.94,2452.424673,2476.303653,9075,0.0,0.0,184529.18902395823,0.0
103.95,2452.424673,2472.721806,9075,0.0,0.0,184262.27695874474,0.0
103.96000000000001,2452.424673,2469.677237,9075,0.0,0.0,184035.40177410532,0.0
103.97,2452.424673,2467.089352,9075,0.0,0.0,183842.55776656265,0.0
103.98,2452.424673,2464.88965,9075,0.0,0.0,183678.64037878078,0.0
103.99000000000001,2452.424673,2463.019904,9075,0.0,0.0,183539.31065132885,0.0
104.0,2520.743085,2471.678381,9076,0.0,0.0,184184.52301737166,0.0
104.01,2520.743085,2479.038086,9076,0.0,0.0,184732.95349497494,0.0
104.02,2520.743085,2485.293836,9076,0.0,0.0,185199.1194568262,0.0
104.03,2472.047793,2483.30693,9077,0.0,0.0,185051.05920080608,0.0
104.04,2461.545112,2480.042657,9079,0.0,0.0,184807.81211407942,0.0
104.05,2461.545112,2477.268025,9079,0.0,0.0,184601.05209408767,0.0
104.06,2461.545112,2474.909588,9079,0.0,0.0,184425.3060919983,0.0
104.07000000000001,2461.545112,2472.904917,9079,0.0,0.0,184275.92202375538,0.0
104.08,2461.545112,2471.200946,9079,0.0,0.0,184148.94551731227,0.0
104.09,2461.545112,2469.752571,9079,0.0,0.0,184041.0155129169,0.0
104.10000000000001,2502.487215,2474.662768,9080,0.0,0.0,184406.91355989515,0.0
104.11,2502.487215,2478.836435,9080,0.0,0.0,184717.9268662936,0.0
104.12,2471.989865,2477.809449,9081,0.0,0.0,184641.39792627876,0.0
104.13,2471.989865,2476.936512,9081,0.0,0.0,184576.34840923594,0.0
104.14,2463.358563,2474.899819,9083,0.0,0.0,184424.5781256823,0.0
104.15,2463.358563,2473.168631,9083,0.0,0.0,184295.57346290557,0.0
104.16,2463.358563,2471.697121,9083,0.0,0.0,184185.91948464178,0.0
104.17,2463.358563,2470.446337,9083,0.0,0.0,184092.71356585852,0.0
104.18,2463.358563,2469.383171,9083,0.0,0.0,184013.48856469998,0.0
104.19,2463.358563,2468.47948,9083,0.0,0.0,183946.14732116702,0.0
104.2,2517.732403,2475.867418,9084,0.0,0.0,184496.68166538916,0.0
104.21000000000001,2517.732403,2482.147166,9084,0.0,0.0,184964.63591014064,0.0
104.22,2471.928067,2480.614301,9085,0.0,0.0,184850.40988015008,0.0
104.23,2471.928067,2479.311366,9085,0.0,0.0,184753.31777328762,0.0
104.24000000000001,2464.176019,2477.041064,9087,0.0,0.0,184584.13941489373,0.0
104.25,2464.176019,2475.111307,9087,0.0,0.0,184440.33778790347,0.0
104.26,2464.176019,2473.471014,9087,0.0,0.0,184318.10643849487,0.0
104.27,2464.176019,2472.076765,9087,0.0,0.0,184214.2097952234,0.0
104.28,2464.176019,2470.891653,9087,0.0,0.0,184125.8976223614,0.0
104.29,2464.176019,2469.884308,9088,0.0,0.0,184050.83229033233,0.0
104.3,2510.815789,2476.02403,9088,0.0,0.0,184508.3520779884,0.0
104.31,2510.815789,2481.242794,9088,0.0,0.0,184897.2439198514,0.0
104.32000000000001,2471.898281,2479.841117,9089,0.0,0.0,184792.7937568958,0.0
104.33,2471.898281,2478.649692,9089,0.0,0.0,184704.01115191658,0.0
104.34,2462.083803,2476.164808,9091,0.0,0.0,184518.84257261775,0.0
104.35000000000001,2462.083803,2474.052658,9091,0.0,0.0,184361.44938453886,0.0
104.36,2462.083803,2472.257329,9091,0.0,0.0,184227.66506289487,0.0
104.37,2462.083803,2470.7313,9091,0.0,0.0,184113.94843793413,0.0
104.38,2462.083803,2469.434176,9091,0.0,0.0,184017.2893551543,0.0
104.39,2462.083803,2468.33162,9092,0.0,0.0,183935.12909008053,0.0
104.4,2495.530009,2472.411378,9092,0.0,0.0,184239.14448586688,0.0
104.41,2495.530009,2475.879173,9092,0.0,0.0,184497.5576244479,0.0
104.42,2495.530009,2478.826798,9093,0.0,0.0,184717.20873635323,0.0
104.43,2412.162741,2468.82719,9093,0.0,0.0,183972.05797402165,0.0
104.44,2518.045996,2476.210011,9095,0.0,0.0,184522.2110096514,0.0
104.45,2518.045996,2482.485409,9095,0.0,0.0,184989.84110111443,0.0
104.46000000000001,2518.045996,2487.819497,9095,0.0,0.0,185387.32665650256,0.0
104.47,2518.045996,2492.353472,9095,0.0,0.0,185725.1893934861,0.0
104.48,2518.045996,2496.20735,9095,0.0,0.0,186012.3726640336,0.0
104.49000000000001,2518.045996,2499.483147,9096,0.0,0.0,186256.47849616158,0.0
104.5,2402.384987,2484.918423,9096,0.0,0.0,185171.14443189136,0.0
104.51,2402.384987,2472.538408,9097,0.0,0.0,184248.6105070688,0.0
104.52,2471.886788,2472.440665,9097,0.0,0.0,184241.32689445495,0.0
104.53,2471.886788,2472.357583,9097,0.0,0.0,184235.13579020006,0.0
104.54,2471.573305,2472.239941,9099,0.0,0.0,184226.3693439571,0.0
104.55,2471.573305,2472.139946,9099,0.0,0.0,184218.91791681328,0.0
104.56,2471.573305,2472.05495,9099,0.0,0.0,184212.58418511148,0.0
104.57000000000001,2471.573305,2471.982703,9099,0.0,0.0,184207.20048335774,0.0
104.58,2471.573305,2471.921294,9100,0.0,0.0,184202.62440765917,0.0
104.59,2471.573305,2471.869095,9100,0.0,0.0,184198.7346427161,0.0
104.60000000000001,2498.327929,2475.83792,9100,0.0,0.0,184494.48353350366,0.0
104.61,2498.327929,2479.211422,9101,0.0,0.0,184745.87014656162,0.0
104.62,2498.327929,2482.078898,9101,0.0,0.0,184959.5487154983,0.0
104.63,2480.118384,2481.784821,9102,0.0,0.0,184937.63468639494,0.0
104.64,2461.082086,2478.679411,9103,0.0,0.0,184706.2257522795,0.0
104.65,2461.082086,2476.039812,9103,0.0,0.0,184509.52812102236,0.0
104.66,2461.082086,2473.796153,9103,0.0,0.0,184342.3351456315,0.0
104.67,2461.082086,2471.889043,9104,0.0,0.0,184200.221127727,0.0
104.68,2461.082086,2470.268,9104,0.0,0.0,184079.42424976718,0.0
104.69,2461.082086,2468.890113,9104,0.0,0.0,183976.7468699682,0.0
104.7,2503.311409,2474.053307,9104,0.0,0.0,184361.49774671913,0.0
104.71000000000001,2503.311409,2478.442022,9105,0.0,0.0,184688.53599940927,0.0
104.72,2483.950694,2479.268323,9105,0.0,0.0,184750.1102951282,0.0
104.73,2483.950694,2479.970679,9106,0.0,0.0,184802.44845766696,0.0
104.74000000000001,2477.710508,2479.631653,9109,0.0,0.0,184777.18491910122,0.0
104.75,2477.710508,2479.343481,9109,0.0,0.0,184755.71091877218,0.0
104.76,2477.710508,2479.098535,9109,0.0,0.0,184737.45803339608,0.0
104.77,2477.710508,2478.890331,9109,0.0,0.0,184721.94308827817,0.0
104.78,2477.710508,2478.713358,9109,0.0,0.0,184708.75541473512,0.0
104.79,2477.710508,2478.56293,9109,0.0,0.0,184697.54582143147,0.0
104.8,2477.710508,2478.435067,9109,0.0,0.0,184688.01772673777,0.0
104.81,2477.710508,2478.326383,9109,0.0,0.0,184679.918812715,0.0
104.82000000000001,2477.710508,2478.234002,9109,0.0,0.0,184673.0347656029,0.0
104.83,2481.129275,2478.668293,9110,0.0,0.0,184705.3972611851,0.0
104.84,2456.369376,2475.323455,9112,0.0,0.0,184456.14663200287,0.0
104.85000000000001,2456.369376,2472.480343,9112,0.0,0.0,184244.28361955337,0.0
104.86,2456.369376,2470.063698,9112,0.0,0.0,184064.20007387488,0.0
104.87,2456.369376,2468.00955,9112,0.0,0.0,183911.1290786777,0.0
104.88,2456.369376,2466.263524,9112,0.0,0.0,183781.01871785644,0.0
104.89,2456.369376,2464.779402,9112,0.0,0.0,183670.4249186102,0.0
104.9,2507.708883,2471.218824,9113,0.0,0.0,184150.27775006872,0.0
104.91,2507.708883,2476.692333,9113,0.0,0.0,184558.1526791638,0.0
104.92,2507.708883,2481.344815,9114,0.0,0.0,184904.84632045796,0.0
104.93,2476.031033,2480.547748,9114,0.0,0.0,184845.4504838732,0.0
104.94,2464.479883,2478.137568,9116,0.0,0.0,184665.84869704754,0.0
104.95,2464.479883,2476.088915,9116,0.0,0.0,184513.18717824566,0.0
104.96000000000001,2464.479883,2474.34756,9116,0.0,0.0,184383.42489099005,0.0
104.97,2464.479883,2472.867409,9116,0.0,0.0,184273.12700271123,0.0
104.98,2464.479883,2471.60928,9116,0.0,0.0,184179.37374923757,0.0
104.99000000000001,2464.479883,2470.53987,9116,0.0,0.0,184099.68345770362,0.0
105.0,2496.711822,2474.465663,9117,0.0,0.0,184392.22569002974,0.0
105.01,2496.711822,2477.802587,9117,0.0,0.0,184640.88658378104,0.0
105.02,2471.923494,2476.920723,9119,0.0,0.0,184575.171844576,0.0
105.03,2471.923494,2476.171139,9119,0.0,0.0,184519.3143460589,0.0
105.04,2465.91905,2474.633325,9121,0.0,0.0,184404.71952649954,0.0
105.05,2465.91905,2473.326184,9121,0.0,0.0,184307.3139969403,0.0
105.06,2465.91905,2472.215114,9121,0.0,0.0,184224.51928563722,0.0
105.07000000000001,2465.91905,2471.270705,9121,0.0,0.0,184154.14381828858,0.0
105.08,2465.91905,2470.467956,9121,0.0,0.0,184094.324570443,0.0
105.09,2465.91905,2469.785621,9123,0.0,0.0,184043.47833272893,0.0
105.10000000000001,2496.543458,2473.799296,9123,0.0,0.0,184342.56935569717,0.0
105.11,2496.543458,2477.21092,9123,0.0,0.0,184596.79674384964,0.0
105.12,2496.543458,2480.110801,9124,0.0,0.0,184812.89006849006,0.0
105.13,2476.037223,2479.499764,9124,0.0,0.0,184767.35681495027,0.0
105.14,2461.555967,2476.808195,9126,0.0,0.0,184566.78648337148,0.0
105.15,2461.555967,2474.520361,9126,0.0,0.0,184396.30167544817,0.0
105.16,2461.555967,2472.575701,9126,0.0,0.0,184251.38950674355,0.0
105.17,2461.555967,2470.922741,9126,0.0,0.0,184128.21423786264,0.0
105.18,2461.555967,2469.517725,9126,0.0,0.0,184023.51525931392,0.0
105.19,2461.555967,2468.323461,9127,0.0,0.0,183934.52109774022,0.0
105.2,2502.454006,2473.443043,9127,0.0,0.0,184316.0220955913,0.0
105.21000000000001,2502.454006,2477.794687,9128,0.0,0.0,184640.29789160207,0.0
105.22,2471.937213,2476.916066,9128,0.0,0.0,184574.82481426233,0.0
105.23,2471.937213,2476.169238,9128,0.0,0.0,184519.17268734594,0.0
105.24000000000001,2463.820721,2474.316961,9130,0.0,0.0,184381.1447147895,0.0
105.25,2463.820721,2472.742525,9130,0.0,0.0,184263.8208971316,0.0
105.26,2463.820721,2471.404254,9130,0.0,0.0,184164.0956223152,0.0
105.27,2463.820721,2470.266724,9130,0.0,0.0,184079.32916480253,0.0
105.28,2463.820721,2469.299824,9130,0.0,0.0,184007.2777131758,0.0
105.29,2463.820721,2468.477959,9131,0.0,0.0,183946.03397929305,0.0
105.3,2501.521232,2473.43445,9131,0.0,0.0,184315.38176244014,0.0
105.31,2501.521232,2477.647467,9132,0.0,0.0,184629.32735203384,0.0
105.32000000000001,2477.973733,2477.696407,9132,0.0,0.0,184632.9742628236,0.0
105.33,2477.973733,2477.738006,9132,0.0,0.0,184636.07413699492,0.0
105.34,2457.690617,2474.730898,9135,0.0,0.0,184411.99047105384,0.0
105.35000000000001,2457.690617,2472.174855,9135,0.0,0.0,184221.5192655824,0.0
105.36,2457.690617,2470.00222,9135,0.0,0.0,184059.61885643445,0.0
105.37,2457.690617,2468.155479,9135,0.0,0.0,183922.0034155113,0.0
105.38,2457.690617,2466.58575,9136,0.0,0.0,183805.03035406693,0.0
105.39,2457.690617,2465.25148,9136,0.0,0.0,183705.60322575783,0.0
105.4,2516.36687,2472.918788,9136,0.0,0.0,184276.9556628965,0.0
105.41,2516.36687,2479.436,9137,0.0,0.0,184762.60524936797,0.0
105.42,2516.36687,2484.975631,9137,0.0,0.0,185175.40745748306,0.0
105.43,2472.000494,2483.02936,9138,0.0,0.0,185030.3752402848,0.0
105.44,2455.900916,2478.960094,9139,0.0,0.0,184727.14168732648,0.0
105.45,2455.900916,2475.501217,9139,0.0,0.0,184469.39310024577,0.0
105.46000000000001,2455.900916,2472.561172,9139,0.0,0.0,184250.30683476024,0.0
105.47,2455.900916,2470.062134,9139,0.0,0.0,184064.08352772702,0.0
105.48,2455.900916,2467.937951,9140,0.0,0.0,183905.79366458618,0.0
105.49000000000001,2455.900916,2466.132396,9140,0.0,0.0,183771.24732190144,0.0
105.5,2508.556119,2472.495954,9140,0.0,0.0,184245.4469200098,0.0
105.51,2508.556119,2477.904979,9141,0.0,0.0,184648.5166305645,0.0
105.52,2471.959954,2477.013225,9141,0.0,0.0,184582.06490836578,0.0
105.53,2471.959954,2476.255235,9142,0.0,0.0,184525.58101156307,0.0
105.54,2465.464524,2474.636628,9144,0.0,0.0,184404.96565944474,0.0
105.55,2465.464524,2473.260812,9144,0.0,0.0,184302.44260641825,0.0
105.56,2465.464524,2472.091369,9144,0.0,0.0,184215.29805605655,0.0
105.57000000000001,2465.464524,2471.097342,9144,0.0,0.0,184141.225154716,0.0
105.58,2465.464524,2470.25242,9144,0.0,0.0,184078.26325936863,0.0
105.59,2465.464524,2469.534235,9144,0.0,0.0,184024.74555144997,0.0
105.60000000000001,2502.573142,2474.490071,9145,0.0,0.0,184394.04452530877,0.0
105.61,2502.573142,2478.702532,9145,0.0,0.0,184707.94868289595,0.0
105.62,2502.573142,2482.283124,9145,0.0,0.0,184974.76722802277,0.0
105.63,2472.034114,2480.745772,9146,0.0,0.0,184860.2068357782,0.0
105.64,2455.572001,2476.969706,9148,0.0,0.0,184578.82195963958,0.0
105.65,2455.572001,2473.760051,9148,0.0,0.0,184339.6448968916,0.0
105.66,2455.572001,2471.031843,9148,0.0,0.0,184136.34430040832,0.0
105.67,2455.572001,2468.712867,9148,0.0,0.0,183963.53885301194,0.0
105.68,2455.572001,2466.741737,9148,0.0,0.0,183816.65419291775,0.0
105.69,2455.572001,2465.066276,9148,0.0,0.0,183691.80219457875,0.0
105.7,2514.506565,2472.48232,9149,0.0,0.0,184244.43094163408,0.0
105.71000000000001,2514.506565,2478.785957,9149,0.0,0.0,184714.16534682395,0.0
105.72,2514.506565,2484.144048,9150,0.0,0.0,185113.43955770222,0.0
105.73,2475.991334,2482.921141,9150,0.0,0.0,185022.31097713075,0.0
105.74000000000001,2471.017266,2481.13556,9153,0.0,0.0,184889.25305692485,0.0
105.75,2471.017266,2479.617815,9153,0.0,0.0,184776.15373905408,0.0
105.76,2471.017266,2478.327733,9153,0.0,0.0,184680.01941201143,0.0
105.77,2471.017266,2477.231163,9153,0.0,0.0,184598.30521166977,0.0
105.78,2471.017266,2476.299078,9153,0.0,0.0,184528.84810412038,0.0
105.79,2471.017266,2475.506806,9153,0.0,0.0,184469.80958133287,0.0
105.8,2471.017266,2474.833375,9153,0.0,0.0,184419.62685186716,0.0
105.81,2471.017266,2474.260959,9153,0.0,0.0,184376.97155790252,0.0
105.82000000000001,2471.017266,2473.774405,9154,0.0,0.0,184340.71452822542,0.0
105.83,2492.576623,2476.594738,9154,0.0,0.0,184550.8800952135,0.0
105.84,2465.15,2474.878027,9156,0.0,0.0,184422.9542294843,0.0
105.85000000000001,2465.15,2473.418823,9156,0.0,0.0,184314.21726969568,0.0
105.86,2465.15,2472.1785,9156,0.0,0.0,184221.7908836827,0.0
105.87,2465.15,2471.124225,9156,0.0,0.0,184143.22842203846,0.0
105.88,2465.15,2470.228091,9156,0.0,0.0,184076.45031101134,0.0
105.89,2465.15,2469.466377,9157,0.0,0.0,184019.68890918655,0.0
105.9,2399.314221,2458.943554,9157,0.0,0.0,183235.5492128774,0.0
105.91,2399.314221,2449.999154,9157,0.0,0.0,182569.03043748153,0.0
105.92,2489.867539,2455.979412,9158,0.0,0.0,183014.66728721,0.0
105.93,2489.867539,2461.062631,9158,0.0,0.0,183393.45858712378,0.0
105.94,2503.876391,2467.484695,9160,0.0,0.0,183872.0179351845,0.0
105.95,2503.876391,2472.943449,9160,0.0,0.0,184278.79335122884,0.0
105.96000000000001,2503.876391,2477.583391,9160,0.0,0.0,184624.5525368364,0.0
105.97,2503.876391,2481.527341,9160,0.0,0.0,184918.4477924402,0.0
105.98,2503.876391,2484.879698,9160,0.0,0.0,185168.25872244444,0.0
105.99000000000001,2503.876391,2487.729202,9161,0.0,0.0,185380.5980539329,0.0
106.0,2416.564766,2477.054537,9161,0.0,0.0,184585.14339587186,0.0
106.01,2416.564766,2467.981071,9161,0.0,0.0,183909.00688063147,0.0
106.02,2471.925842,2468.572787,9162,0.0,0.0,183953.1003719447,0.0
106.03,2471.925842,2469.075745,9162,0.0,0.0,183990.57979485014,0.0
106.04,2505.025508,2474.46821,9164,0.0,0.0,184392.41548736897,0.0
106.05,2505.025508,2479.051804,9164,0.0,0.0,184733.97573286243,0.0
106.06,2505.025508,2482.94786,9164,0.0,0.0,185024.30202350172,0.0
106.07000000000001,2505.025508,2486.259507,9164,0.0,0.0,185271.07932583423,0.0
106.08,2505.025508,2489.074407,9164,0.0,0.0,185480.84003654285,0.0
106.09,2505.025508,2491.467072,9165,0.0,0.0,185659.13664064513,0.0
106.10000000000001,2413.723002,2479.805462,9165,0.0,0.0,184790.1368177007,0.0
106.11,2413.723002,2469.893093,9166,0.0,0.0,184051.4869309389,0.0
106.12,2413.723002,2461.467579,9166,0.0,0.0,183423.6345011101,0.0
106.13,2472.206512,2463.078419,9166,0.0,0.0,183543.6710719431,0.0
106.14,2458.898469,2462.451426,9168,0.0,0.0,183496.94880923777,0.0
106.15,2458.898469,2461.918483,9168,0.0,0.0,183457.23496418208,0.0
106.16,2458.898469,2461.465481,9168,0.0,0.0,183423.4781623517,0.0
106.17,2458.898469,2461.080429,9168,0.0,0.0,183394.78485844046,0.0
106.18,2458.898469,2460.753135,9168,0.0,0.0,183370.39556501945,0.0
106.19,2458.898469,2460.474935,9169,0.0,0.0,183349.66465815986,0.0
106.2,2517.716998,2469.061245,9169,0.0,0.0,183989.49928388876,0.0
106.21000000000001,2517.716998,2476.359608,9170,0.0,0.0,184533.3586784993,0.0
106.22,2471.989865,2475.704146,9170,0.0,0.0,184484.5149629277,0.0
106.23,2471.989865,2475.147004,9171,0.0,0.0,184442.99785685446,0.0
106.24000000000001,2468.067463,2474.085073,9172,0.0,0.0,184363.86488542263,0.0
106.25,2468.067463,2473.182431,9172,0.0,0.0,184296.60181126883,0.0
106.26,2468.067463,2472.415186,9172,0.0,0.0,184239.4282504008,0.0
106.27,2468.067463,2471.763028,9172,0.0,0.0,184190.83074229237,0.0
106.28,2468.067463,2471.208693,9173,0.0,0.0,184149.52280823764,0.0
106.29,2468.067463,2470.737508,9173,0.0,0.0,184114.41104566166,0.0
106.3,2501.418057,2475.339591,9173,0.0,0.0,184457.34905440788,0.0
106.31,2501.418057,2479.251361,9174,0.0,0.0,184748.84632085735,0.0
106.32000000000001,2501.418057,2482.576365,9174,0.0,0.0,184996.61896008035,0.0
106.33,2476.110517,2481.606488,9175,0.0,0.0,184924.34566837555,0.0
106.34,2472.506938,2480.241556,9177,0.0,0.0,184822.6336692321,0.0
106.35000000000001,2472.506938,2479.081363,9177,0.0,0.0,184736.17841034572,0.0
106.36,2472.506938,2478.095199,9177,0.0,0.0,184662.69144401827,0.0
106.37,2472.506938,2477.25696,9177,0.0,0.0,184600.22755244712,0.0
106.38,2472.506938,2476.544457,9177,0.0,0.0,184547.13325578932,0.0
106.39,2472.506938,2475.938829,9177,0.0,0.0,184502.00307009713,0.0
106.4,2425.033771,2468.30307,9178,0.0,0.0,183933.00160125652,0.0
106.41,2425.033771,2461.812676,9178,0.0,0.0,183449.3504384377,0.0
106.42,2425.033771,2456.29584,9178,0.0,0.0,183038.2468680719,0.0
106.43,2472.162256,2458.675802,9179,0.0,0.0,183215.596870054,0.0
106.44,2514.439395,2467.040341,9181,0.0,0.0,183838.90556499502,0.0
106.45,2514.439395,2474.150199,9181,0.0,0.0,184368.7179445173,0.0
106.46000000000001,2514.439395,2480.193579,9181,0.0,0.0,184819.05851927382,0.0
106.47,2514.439395,2485.330451,9181,0.0,0.0,185201.8479332988,0.0
106.48,2514.439395,2489.696793,9181,0.0,0.0,185527.21899483446,0.0
106.49000000000001,2514.439395,2493.408183,9181,0.0,0.0,185803.78434497718,0.0
106.5,2409.276016,2480.788358,9182,0.0,0.0,184863.3802592128,0.0
106.51,2409.276016,2470.061507,9182,0.0,0.0,184064.03680494268,0.0
106.52,2477.677778,2471.203947,9183,0.0,0.0,184149.16914582226,0.0
106.53,2477.677778,2472.175022,9183,0.0,0.0,184221.5317100879,0.0
106.54,2467.026443,2471.402735,9185,0.0,0.0,184163.98242947724,0.0
106.55,2467.026443,2470.746291,9185,0.0,0.0,184115.06553723227,0.0
106.56,2467.026443,2470.188314,9185,0.0,0.0,184073.48620863125,0.0
106.57000000000001,2467.026443,2469.714034,9185,0.0,0.0,184038.14381285346,0.0
106.58,2467.026443,2469.310895,9185,0.0,0.0,184008.10270192436,0.0
106.59,2467.026443,2468.968227,9185,0.0,0.0,183982.56776881227,0.0
106.60000000000001,2504.257343,2474.261595,9186,0.0,0.0,184377.01895134884,0.0
106.61,2504.257343,2478.760957,9186,0.0,0.0,184712.30239689047,0.0
106.62,2471.85243,2477.724678,9187,0.0,0.0,184635.08096112637,0.0
106.63,2471.85243,2476.843841,9187,0.0,0.0,184569.44275190457,0.0
106.64,2468.81592,2475.639653,9189,0.0,0.0,184479.70907372536,0.0
106.65,2468.81592,2474.616093,9189,0.0,0.0,184403.4354323694,0.0
106.66,2468.81592,2473.746067,9189,0.0,0.0,184338.60283721684,0.0
106.67,2468.81592,2473.006545,9189,0.0,0.0,184283.49513878895,0.0
106.68,2468.81592,2472.377951,9189,0.0,0.0,184236.65357276986,0.0
106.69,2468.81592,2471.843646,9190,0.0,0.0,184196.83823420183,0.0
106.7,2504.857695,2476.795754,9190,0.0,0.0,184565.85940496656,0.0
106.71000000000001,2504.857695,2481.005045,9190,0.0,0.0,184879.5273405022,0.0
106.72,2504.857695,2484.582942,9191,0.0,0.0,185146.14505962617,0.0
106.73,2484.239646,2484.531448,9191,0.0,0.0,185142.30782987122,0.0
106.74000000000001,2473.3942,2482.860861,9194,0.0,0.0,185017.81903225122,0.0
106.75,2473.3942,2481.440862,9194,0.0,0.0,184912.0035505483,0.0
106.76,2473.3942,2480.233863,9194,0.0,0.0,184822.06040227856,0.0
106.77,2473.3942,2479.207913,9194,0.0,0.0,184745.60866290898,0.0
106.78,2473.3942,2478.335856,9194,0.0,0.0,184680.62472170385,0.0
106.79,2473.3942,2477.594608,9194,0.0,0.0,184625.38840521255,0.0
106.8,2473.3942,2476.964547,9194,0.0,0.0,184578.43752129134,0.0
106.81,2473.3942,2476.428995,9194,0.0,0.0,184538.52925878065,0.0
106.82000000000001,2473.3942,2475.973776,9195,0.0,0.0,184504.6072505501,0.0
106.83,2486.063772,2477.487275,9195,0.0,0.0,184617.39016500418,0.0
106.84,2460.98162,2475.011427,9197,0.0,0.0,184432.89493032926,0.0
106.85000000000001,2460.98162,2472.906956,9197,0.0,0.0,184276.07396595195,0.0
106.86,2460.98162,2471.118156,9197,0.0,0.0,184142.7761723126,0.0
106.87,2460.98162,2469.597675,9197,0.0,0.0,184029.4729732011,0.0
106.88,2460.98162,2468.305267,9197,0.0,0.0,183933.1653172967,0.0
106.89,2460.98162,2467.20672,9198,0.0,0.0,183851.30379487426,0.0
106.9,2512.768818,2474.041035,9198,0.0,0.0,184360.58326185582,0.0
106.91,2512.768818,2479.850202,9199,0.0,0.0,184793.4707529016,0.0
106.92,2512.768818,2484.787994,9199,0.0,0.0,185161.42512401644,0.0
106.93,2484.696792,2484.774314,9199,0.0,0.0,185160.40571781283,0.0
106.94,2464.786057,2481.776076,9201,0.0,0.0,184936.9830265082,0.0
106.95,2464.786057,2479.227573,9201,0.0,0.0,184747.07368673664,0.0
106.96000000000001,2464.786057,2477.061346,9201,0.0,0.0,184585.65078891572,0.0
106.97,2464.786057,2475.220052,9201,0.0,0.0,184448.44124752405,0.0
106.98,2464.786057,2473.654953,9202,0.0,0.0,184331.81320440728,0.0
106.99000000000001,2464.786057,2472.324619,9202,0.0,0.0,184232.6793789358,0.0
107.0,2385.225219,2459.259709,9202,0.0,0.0,183259.108450326,0.0
107.01,2385.225219,2448.154535,9203,0.0,0.0,182431.57312374873,0.0
107.02,2495.756289,2455.294798,9203,0.0,0.0,182963.65122297997,0.0
107.03,2495.756289,2461.364022,9204,0.0,0.0,183415.91764085973,0.0
107.04,2502.859821,2467.588392,9205,0.0,0.0,183879.7452279545,0.0
107.05,2502.859821,2472.879106,9205,0.0,0.0,184273.99863972608,0.0
107.06,2502.859821,2477.376214,9205,0.0,0.0,184609.11412170174,0.0
107.07000000000001,2502.859821,2481.198755,9205,0.0,0.0,184893.96222176668,0.0
107.08,2502.859821,2484.447915,9206,0.0,0.0,185136.08311799954,0.0
107.09,2502.859821,2487.209701,9206,0.0,0.0,185341.88587979748,0.0
107.10000000000001,2398.78583,2473.94612,9206,0.0,0.0,184353.51038613843,0.0
107.11,2398.78583,2462.672076,9207,0.0,0.0,183513.3912053505,0.0
107.12,2489.982819,2466.768688,9207,0.0,0.0,183818.66252746404,0.0
107.13,2489.982819,2470.250808,9208,0.0,0.0,184078.1431363569,0.0
107.14,2508.159204,2475.937067,9210,0.0,0.0,184501.87176938582,0.0
107.15,2508.159204,2480.770388,9210,0.0,0.0,184862.04117080066,0.0
107.16,2508.159204,2484.87871,9210,0.0,0.0,185168.18509866303,0.0
107.17,2508.159204,2488.370784,9210,0.0,0.0,185428.4074597014,0.0
107.18,2508.159204,2491.339047,9210,0.0,0.0,185649.59647403585,0.0
107.19,2508.159204,2493.862071,9210,0.0,0.0,185837.60716975326,0.0
107.2,2396.397719,2479.242418,9211,0.0,0.0,184748.1799064071,0.0
107.21000000000001,2396.397719,2466.815713,9211,0.0,0.0,183822.1667362889,0.0
107.22,2489.95294,2470.286297,9211,0.0,0.0,184080.78770556446,0.0
107.23,2489.95294,2473.236294,9212,0.0,0.0,184300.61557415948,0.0
107.24000000000001,2459.102766,2471.116264,9214,0.0,0.0,184142.63518426163,0.0
107.25,2459.102766,2469.31424,9214,0.0,0.0,184008.35196462547,0.0
107.26,2459.102766,2467.782519,9214,0.0,0.0,183894.21118322384,0.0
107.27,2459.102766,2466.480556,9214,0.0,0.0,183797.19150785482,0.0
107.28,2459.102766,2465.373887,9214,0.0,0.0,183714.72475025812,0.0
107.29,2459.102766,2464.433219,9214,0.0,0.0,183644.62805473752,0.0
107.3,2507.783417,2470.935749,9215,0.0,0.0,184129.1835679721,0.0
107.31,2507.783417,2476.462899,9215,0.0,0.0,184541.05571696238,0.0
107.32000000000001,2489.992032,2478.492269,9216,0.0,0.0,184692.28030522153,0.0
107.33,2489.992032,2480.217233,9216,0.0,0.0,184820.82116798282,0.0
107.34,2459.141873,2477.055929,9218,0.0,0.0,184585.24712492415,0.0
107.35000000000001,2459.141873,2474.368821,9218,0.0,0.0,184385.00921813145,0.0
107.36,2459.141873,2472.084779,9218,0.0,0.0,184214.80698245406,0.0
107.37,2459.141873,2470.143343,9218,0.0,0.0,184070.13505977293,0.0
107.38,2459.141873,2468.493123,9218,0.0,0.0,183947.1639702047,0.0
107.39,2459.141873,2467.090435,9218,0.0,0.0,183842.63846955376,0.0
107.4,2523.211636,2475.508615,9219,0.0,0.0,184469.9443843901,0.0
107.41,2523.211636,2482.664068,9219,0.0,0.0,185003.15441200096,0.0
107.42,2523.211636,2488.746203,9220,0.0,0.0,185456.3829317443,0.0
107.43,2476.135032,2486.854528,9220,0.0,0.0,185315.41909912866,0.0
107.44,2465.075026,2483.587602,9222,0.0,0.0,185071.97431615513,0.0
107.45,2465.075026,2480.810716,9222,0.0,0.0,184865.04633259735,0.0
107.46000000000001,2465.075026,2478.450362,9222,0.0,0.0,184689.1574795071,0.0
107.47,2465.075026,2476.444062,9222,0.0,0.0,184539.65202144656,0.0
107.48,2465.075026,2474.738706,9222,0.0,0.0,184412.57230757707,0.0
107.49000000000001,2465.075026,2473.289154,9223,0.0,0.0,184304.5545954988,0.0
107.5,2500.699525,2477.40071,9223,0.0,0.0,184610.93951456452,0.0
107.51,2500.699525,2480.895532,9223,0.0,0.0,184871.36665105965,0.0
107.52,2471.93264,2479.551098,9224,0.0,0.0,184771.18212182564,0.0
107.53,2471.93264,2478.40833,9224,0.0,0.0,184686.02533904294,0.0
107.54,2466.539154,2476.627953,9226,0.0,0.0,184553.35521049512,0.0
107.55,2466.539154,2475.114633,9226,0.0,0.0,184440.58563476262,0.0
107.56,2466.539154,2473.828311,9226,0.0,0.0,184344.73149538995,0.0
107.57000000000001,2466.539154,2472.734938,9226,0.0,0.0,184263.25552908579,0.0
107.58,2466.539154,2471.80557,9226,0.0,0.0,184194.00088693513,0.0
107.59,2466.539154,2471.015608,9227,0.0,0.0,184135.13450072153,0.0
107.60000000000001,2495.014486,2474.61544,9227,0.0,0.0,184403.3867721171,0.0
107.61,2495.014486,2477.675297,9227,0.0,0.0,184631.40118789978,0.0
107.62,2471.898281,2476.808744,9228,0.0,0.0,184566.827393752,0.0
107.63,2471.898281,2476.072175,9228,0.0,0.0,184511.93974697025,0.0
107.64,2468.047906,2474.868535,9230,0.0,0.0,184422.24690465358,0.0
107.65,2468.047906,2473.84544,9230,0.0,0.0,184346.0079141664,0.0
107.66,2468.047906,2472.97581,9230,0.0,0.0,184281.20482814073,0.0
107.67,2468.047906,2472.236624,9230,0.0,0.0,184226.12216775998,0.0
107.68,2468.047906,2471.608317,9230,0.0,0.0,184179.30198840614,0.0
107.69,2468.047906,2471.074255,9231,0.0,0.0,184139.50475771143,0.0
107.7,2491.489404,2474.136527,9231,0.0,0.0,184367.69913445768,0.0
107.71000000000001,2491.489404,2476.739459,9232,0.0,0.0,184561.66441430635,0.0
107.72,2471.987516,2476.026667,9232,0.0,0.0,184508.54858194734,0.0
107.73,2471.987516,2475.420795,9232,0.0,0.0,184463.4002138638,0.0
107.74000000000001,2466.903251,2474.143163,9235,0.0,0.0,184368.19363588805,0.0
107.75,2466.903251,2473.057176,9235,0.0,0.0,184287.26805951216,0.0
107.76,2466.903251,2472.134088,9235,0.0,0.0,184218.48139038484,0.0
107.77,2466.903251,2471.349462,9235,0.0,0.0,184160.01263220503,0.0
107.78,2466.903251,2470.68253,9235,0.0,0.0,184110.31419520394,0.0
107.79,2466.903251,2470.115638,9235,0.0,0.0,184068.07053865667,0.0
107.8,2466.903251,2469.63378,9235,0.0,0.0,184032.16344549507,0.0
107.81,2466.903251,2469.224201,9236,0.0,0.0,184001.64243866308,0.0
107.82000000000001,2466.903251,2468.876058,9236,0.0,0.0,183975.69951951556,0.0
107.83,2519.073968,2476.405745,9237,0.0,0.0,184536.7967153425,0.0
107.84,2464.184841,2474.572609,9238,0.0,0.0,184400.19509177312,0.0
107.85000000000001,2464.184841,2473.014444,9238,0.0,0.0,184284.0837564499,0.0
107.86,2464.184841,2471.690004,9238,0.0,0.0,184185.3891400547,0.0
107.87,2464.184841,2470.564229,9238,0.0,0.0,184101.4986416008,0.0
107.88,2464.184841,2469.607321,9239,0.0,0.0,184030.19177380344,0.0
107.89,2464.184841,2468.793949,9239,0.0,0.0,183969.5809212721,0.0
107.9,2489.119009,2471.842708,9239,0.0,0.0,184196.76833632033,0.0
107.91,2489.119009,2474.434153,9240,0.0,0.0,184389.87762793363,0.0
107.92,2489.119009,2476.636881,9240,0.0,0.0,184554.02050717536,0.0
107.93,2425.735937,2469.00174,9241,0.0,0.0,183985.06509045712,0.0
107.94,2498.815725,2473.473838,9243,0.0,0.0,184318.3168773193,0.0
107.95,2498.815725,2477.275121,9243,0.0,0.0,184601.5808737968,0.0
107.96000000000001,2498.815725,2480.506211,9243,0.0,0.0,184842.35522981774,0.0
107.97,2498.815725,2483.252638,9243,0.0,0.0,185047.01346969453,0.0
107.98,2498.815725,2485.587101,9243,0.0,0.0,185220.97297731577,0.0
107.99000000000001,2498.815725,2487.571395,9243,0.0,0.0,185368.83859232685,0.0
108.0,2498.815725,2489.258044,9244,0.0,0.0,185494.52429802014,0.0
108.01,2498.815725,2490.691696,9244,0.0,0.0,185601.3571739407,0.0
108.02,2426.10498,2481.003689,9244,0.0,0.0,184879.4262940978,0.0
108.03,2426.10498,2472.768882,9245,0.0,0.0,184265.78496798742,0.0
108.04,2459.461384,2470.772758,9247,0.0,0.0,184117.0378050678,0.0
108.05,2459.461384,2469.076052,9247,0.0,0.0,183990.60267187533,0.0
108.06,2459.461384,2467.633851,9247,0.0,0.0,183883.13274159553,0.0
108.07000000000001,2459.461384,2466.407981,9247,0.0,0.0,183791.78336419797,0.0
108.08,2459.461384,2465.365992,9247,0.0,0.0,183714.13643066908,0.0
108.09,2459.461384,2464.480301,9247,0.0,0.0,183648.13651108823,0.0
108.10000000000001,2459.461384,2463.727463,9248,0.0,0.0,183592.03653100776,0.0
108.11,2459.461384,2463.087551,9248,0.0,0.0,183544.35157029482,0.0
108.12,2469.514178,2464.051545,9249,0.0,0.0,183616.18647262122,0.0
108.13,2469.514178,2464.87094,9249,0.0,0.0,183677.24614705058,0.0
108.14,2472.038725,2465.946108,9251,0.0,0.0,183757.36551321318,0.0
108.15,2472.038725,2466.86,9251,0.0,0.0,183825.46691483702,0.0
108.16,2472.038725,2467.636809,9251,0.0,0.0,183883.35316583168,0.0
108.17,2472.038725,2468.297096,9251,0.0,0.0,183932.5564307404,0.0
108.18,2472.038725,2468.858341,9251,0.0,0.0,183974.37928415672,0.0
108.19,2472.038725,2469.335398,9251,0.0,0.0,184009.92861641312,0.0
108.2,2472.038725,2469.740897,9252,0.0,0.0,184040.14558981598,0.0
108.21000000000001,2493.672605,2473.330653,9252,0.0,0.0,184307.6470178704,0.0
108.22,2493.672605,2476.381946,9253,0.0,0.0,184535.02326152386,0.0
108.23,2493.672605,2478.975545,9253,0.0,0.0,184728.29306490335,0.0
108.24000000000001,2486.943238,2480.170699,9256,0.0,0.0,184817.35354749463,0.0
108.25,2486.943238,2481.18658,9256,0.0,0.0,184893.0549651491,0.0
108.26,2486.943238,2482.050079,9256,0.0,0.0,184957.401181333,0.0
108.27,2486.943238,2482.784052,9256,0.0,0.0,185012.09537939364,0.0
108.28,2486.943238,2483.40793,9256,0.0,0.0,185058.5855185373,0.0
108.29,2486.943238,2483.938226,9256,0.0,0.0,185098.102114454,0.0
108.3,2486.943238,2484.388978,9256,0.0,0.0,185131.69125079038,0.0
108.31,2486.943238,2484.772117,9256,0.0,0.0,185160.24200177268,0.0
108.32000000000001,2459.500682,2480.981402,9257,0.0,0.0,184877.76551149107,0.0
108.33,2459.500682,2477.759294,9257,0.0,0.0,184637.66047612226,0.0
108.34,2481.907845,2478.381577,9260,0.0,0.0,184684.03175906013,0.0
108.35000000000001,2481.907845,2478.910517,9260,0.0,0.0,184723.44730857242,0.0
108.36,2481.907845,2479.360116,9260,0.0,0.0,184756.9505256579,0.0
108.37,2481.907845,2479.742275,9260,0.0,0.0,184785.42824900287,0.0
108.38,2481.907845,2480.067111,9260,0.0,0.0,184809.63437718636,0.0
108.39,2481.907845,2480.343221,9260,0.0,0.0,184830.20954143154,0.0
108.4,2481.907845,2480.577914,9260,0.0,0.0,184847.6983937809,0.0
108.41,2481.907845,2480.777404,9260,0.0,0.0,184862.56398907,0.0
108.42,2464.470213,2478.331325,9261,0.0,0.0,184680.28708065787,0.0
108.43,2464.470213,2476.252158,9261,0.0,0.0,184525.35171968522,0.0
108.44,2484.693805,2477.518405,9264,0.0,0.0,184619.70991026133,0.0
108.45,2484.693805,2478.594715,9264,0.0,0.0,184699.91437597692,0.0
108.46000000000001,2484.693805,2479.509579,9264,0.0,0.0,184768.08820909416,0.0
108.47,2484.693805,2480.287213,9264,0.0,0.0,184826.0359374366,0.0
108.48,2484.693805,2480.948201,9264,0.0,0.0,184875.29143946146,0.0
108.49000000000001,2484.693805,2481.510042,9264,0.0,0.0,184917.15870560423,0.0
108.5,2484.693805,2481.987606,9264,0.0,0.0,184952.74581848527,0.0
108.51,2484.693805,2482.393536,9265,0.0,0.0,184982.99490914494,0.0
108.52,2441.773224,2476.300489,9265,0.0,0.0,184528.95324901462,0.0
108.53,2441.773224,2471.121399,9265,0.0,0.0,184143.017834178,0.0
108.54,2475.872449,2471.834057,9268,0.0,0.0,184196.12368112535,0.0
108.55,2475.872449,2472.439816,9268,0.0,0.0,184241.26362867522,0.0
108.56,2475.872449,2472.954711,9268,0.0,0.0,184279.6325729149,0.0
108.57000000000001,2475.872449,2473.392371,9268,0.0,0.0,184312.24611963014,0.0
108.58,2475.872449,2473.764383,9268,0.0,0.0,184339.96770885607,0.0
108.59,2475.872449,2474.080593,9268,0.0,0.0,184363.53104479454,0.0
108.60000000000001,2475.872449,2474.349371,9268,0.0,0.0,184383.5598430832,0.0
108.61,2475.872449,2474.577833,9269,0.0,0.0,184400.5843737912,0.0
108.62,2465.96451,2473.285834,9269,0.0,0.0,184304.30719574762,0.0
108.63,2465.96451,2472.187636,9270,0.0,0.0,184222.47168010633,0.0
108.64,2490.663103,2474.958956,9272,0.0,0.0,184428.9848964909,0.0
108.65,2490.663103,2477.314578,9272,0.0,0.0,184604.5211304178,0.0
108.66,2490.663103,2479.316857,9272,0.0,0.0,184753.72695161102,0.0
108.67,2490.663103,2481.018794,9272,0.0,0.0,184880.55188844758,0.0
108.68,2490.663103,2482.46544,9272,0.0,0.0,184988.35305122557,0.0
108.69,2490.663103,2483.69509,9272,0.0,0.0,185079.98410665308,0.0
108.7,2490.663103,2484.740292,9272,0.0,0.0,185157.8704665074,0.0
108.71000000000001,2490.663103,2485.628713,9273,0.0,0.0,185224.07382022103,0.0
108.72,2416.436798,2475.249926,9273,0.0,0.0,184450.66739817656,0.0
108.73,2416.436798,2466.427957,9274,0.0,0.0,183793.27193571284,0.0
108.74000000000001,2479.631306,2468.408459,9279,0.0,0.0,183940.85497847805,0.0
108.75,2479.631306,2470.091886,9279,0.0,0.0,184066.30058718388,0.0
108.76,2479.631306,2471.522799,9279,0.0,0.0,184172.9293583097,0.0
108.77,2479.631306,2472.739075,9279,0.0,0.0,184263.56381004077,0.0
108.78,2479.631306,2473.77291,9279,0.0,0.0,184340.60312381937,0.0
108.79,2479.631306,2474.651669,9279,0.0,0.0,184406.0864846427,0.0
108.8,2479.631306,2475.398615,9279,0.0,0.0,184461.7474046828,0.0
108.81,2479.631306,2476.033518,9279,0.0,0.0,184509.05910474714,0.0
108.82000000000001,2479.631306,2476.573186,9279,0.0,0.0,184549.2740833349,0.0
108.83,2479.631306,2477.031904,9279,0.0,0.0,184583.45683003808,0.0
108.84,2486.144251,2478.398756,9282,0.0,0.0,184685.31190373644,0.0
108.85000000000001,2486.144251,2479.56058,9282,0.0,0.0,184771.8887014764,0.0
108.86,2486.144251,2480.548131,9282,0.0,0.0,184845.47902426618,0.0
108.87,2486.144251,2481.387549,9282,0.0,0.0,184908.03077255623,0.0
108.88,2486.144251,2482.101054,9282,0.0,0.0,184961.19973624733,0.0
108.89,2486.144251,2482.707534,9282,0.0,0.0,185006.3934112733,0.0
108.9,2486.144251,2483.223042,9282,0.0,0.0,185044.80803504534,0.0
108.91,2486.144251,2483.661223,9282,0.0,0.0,185077.46040563716,0.0
108.92,2410.058077,2472.620751,9283,0.0,0.0,184254.74654252364,0.0
108.93,2410.058077,2463.23635,9283,0.0,0.0,183555.43977378082,0.0
108.94,2517.019215,2471.30378,9285,0.0,0.0,184156.6085010506,0.0
108.95,2517.019215,2478.161095,9285,0.0,0.0,184667.60188197088,0.0
108.96000000000001,2517.019215,2483.989813,9285,0.0,0.0,185101.94627438273,0.0
108.97,2517.019215,2488.944223,9285,0.0,0.0,185471.13898557733,0.0
108.98,2517.019215,2493.155472,9285,0.0,0.0,185784.95282735172,0.0
108.99000000000001,2517.019215,2496.735033,9285,0.0,0.0,186051.69454442328,0.0
109.0,2385.939868,2480.115758,9286,0.0,0.0,184813.25945420284,0.0
109.01,2385.939868,2465.989375,9286,0.0,0.0,183760.58968340405,0.0
109.02,2385.939868,2453.981949,9287,0.0,0.0,182865.82034469192,0.0
109.03,2472.139346,2456.705558,9287,0.0,0.0,183068.77823290552,0.0
109.04,2472.130637,2459.01932,9289,0.0,0.0,183241.19514346376,0.0
109.05,2472.130637,2460.986018,9289,0.0,0.0,183387.7495397937,0.0
109.06,2472.130637,2462.657711,9289,0.0,0.0,183512.32075431873,0.0
109.07000000000001,2472.130637,2464.07865,9289,0.0,0.0,183618.20628293912,0.0
109.08,2472.130637,2465.286448,9289,0.0,0.0,183708.20897108878,0.0
109.09,2472.130637,2466.313076,9289,0.0,0.0,183784.71123366055,0.0
109.10000000000001,2491.849366,2470.14352,9290,0.0,0.0,184070.14824945843,0.0
109.11,2491.849366,2473.399397,9290,0.0,0.0,184312.76968307944,0.0
109.12,2471.982943,2473.186929,9291,0.0,0.0,184296.93699322088,0.0
109.13,2471.982943,2473.006331,9291,0.0,0.0,184283.47919193748,0.0
109.14,2471.778746,2472.822193,9293,0.0,0.0,184269.75759694356,0.0
109.15,2471.778746,2472.665676,9293,0.0,0.0,184258.09426355414,0.0
109.16,2471.778746,2472.532636,9293,0.0,0.0,184248.18038918817,0.0
109.17,2471.778746,2472.419553,9293,0.0,0.0,184239.75367049515,0.0
109.18,2471.778746,2472.323432,9293,0.0,0.0,184232.59092607294,0.0
109.19,2471.778746,2472.241729,9294,0.0,0.0,184226.50258213634,0.0
109.2,2502.697093,2476.810033,9294,0.0,0.0,184566.92344745054,0.0
109.21000000000001,2502.697093,2480.693092,9294,0.0,0.0,184856.2812276784,0.0
109.22,2489.79148,2482.05785,9295,0.0,0.0,184957.98026069032,0.0
109.23,2489.79148,2483.217895,9295,0.0,0.0,185044.42449091305,0.0
109.24000000000001,2466.449387,2480.702619,9297,0.0,0.0,184856.99116063907,0.0
109.25,2466.449387,2478.564634,9297,0.0,0.0,184697.67280009895,0.0
109.26,2466.449387,2476.747347,9297,0.0,0.0,184562.2522122694,0.0
109.27,2466.449387,2475.202653,9297,0.0,0.0,184447.1447088883,0.0
109.28,2466.449387,2473.889663,9297,0.0,0.0,184349.3033235627,0.0
109.29,2466.449387,2472.773621,9298,0.0,0.0,184266.13810877682,0.0
109.3,2500.596043,2476.946985,9298,0.0,0.0,184577.12883622205,0.0
109.31,2500.596043,2480.494343,9299,0.0,0.0,184841.4708502253,0.0
109.32000000000001,2500.596043,2483.509598,9299,0.0,0.0,185066.1616142907,0.0
109.33,2476.044734,2482.389869,9299,0.0,0.0,184982.72165164867,0.0
109.34,2452.493819,2477.905461,9301,0.0,0.0,184648.5525482392,0.0
109.35000000000001,2452.493819,2474.093715,9301,0.0,0.0,184364.5088699556,0.0
109.36,2452.493819,2470.853731,9301,0.0,0.0,184123.0717508663,0.0
109.37,2452.493819,2468.099744,9301,0.0,0.0,183917.85015492965,0.0
109.38,2452.493819,2465.758855,9301,0.0,0.0,183743.41179465753,0.0
109.39,2452.493819,2463.7691,9302,0.0,0.0,183595.13923686297,0.0
109.4,2510.233606,2470.738776,9302,0.0,0.0,184114.50553448228,0.0
109.41,2510.233606,2476.663,9303,0.0,0.0,184555.96684274788,0.0
109.42,2510.233606,2481.698591,9303,0.0,0.0,184931.2089994844,0.0
109.43,2476.031033,2480.848457,9304,0.0,0.0,184867.85871633491,0.0
109.44,2457.028513,2477.275466,9305,0.0,0.0,184601.60658250592,0.0
109.45,2457.028513,2474.238423,9305,0.0,0.0,184375.29222031447,0.0
109.46000000000001,2457.028513,2471.656936,9305,0.0,0.0,184182.9249789187,0.0
109.47,2457.028513,2469.462673,9305,0.0,0.0,184019.41289452443,0.0
109.48,2457.028513,2467.597549,9306,0.0,0.0,183880.42758925614,0.0
109.49000000000001,2457.028513,2466.012193,9306,0.0,0.0,183762.2900350673,0.0
109.5,2506.286285,2472.053307,9306,0.0,0.0,184212.46175204185,0.0
109.51,2506.286285,2477.188254,9307,0.0,0.0,184595.107718922,0.0
109.52,2471.92337,2476.398521,9307,0.0,0.0,184536.25839732972,0.0
109.53,2471.92337,2475.727249,9308,0.0,0.0,184486.23655222022,0.0
109.54,2453.48656,2472.391145,9310,0.0,0.0,184237.63676322674,0.0
109.55,2453.48656,2469.555458,9310,0.0,0.0,184026.32704690748,0.0
109.56,2453.48656,2467.145123,9310,0.0,0.0,183846.71370979218,0.0
109.57000000000001,2453.48656,2465.096338,9310,0.0,0.0,183694.0423546147,0.0
109.58,2453.48656,2463.354872,9310,0.0,0.0,183564.27179586136,0.0
109.59,2453.48656,2461.874625,9310,0.0,0.0,183453.96675385482,0.0
109.60000000000001,2521.384974,2470.801177,9311,0.0,0.0,184119.15553203414,0.0
109.61,2521.384974,2478.388747,9311,0.0,0.0,184684.56605310104,0.0
109.62,2521.384974,2484.838181,9311,0.0,0.0,185165.1649587489,0.0
109.63,2475.804824,2483.483177,9312,0.0,0.0,185064.19277428303,0.0
109.64,2457.437415,2479.576313,9314,0.0,0.0,184773.06109312855,0.0
109.65,2457.437415,2476.255478,9314,0.0,0.0,184525.59911943643,0.0
109.66,2457.437415,2473.432769,9314,0.0,0.0,184315.2564976866,0.0
109.67,2457.437415,2471.033466,9314,0.0,0.0,184136.465243118,0.0
109.68,2457.437415,2468.994058,9314,0.0,0.0,183984.49264320158,0.0
109.69,2457.437415,2467.260562,9314,0.0,0.0,183855.31599288696,0.0
109.7,2505.79095,2473.04012,9315,0.0,0.0,184285.99708054963,0.0
109.71000000000001,2505.79095,2477.952745,9315,0.0,0.0,184652.0760572254,0.0
109.72,2505.79095,2482.128475,9315,0.0,0.0,184963.24309425236,0.0
109.73,2472.105806,2480.625075,9316,0.0,0.0,184851.2127370534,0.0
109.74000000000001,2460.733016,2477.641266,9319,0.0,0.0,184628.86526593237,0.0
109.75,2460.733016,2475.105029,9319,0.0,0.0,184439.86996391616,0.0
109.76,2460.733016,2472.949227,9319,0.0,0.0,184279.2239162175,0.0
109.77,2460.733016,2471.116795,9319,0.0,0.0,184142.67475331822,0.0
109.78,2460.733016,2469.559228,9319,0.0,0.0,184026.60797975745,0.0
109.79,2460.733016,2468.235297,9319,0.0,0.0,183927.95129302292,0.0
109.8,2460.733016,2467.109955,9319,0.0,0.0,183844.09306086178,0.0
109.81,2460.733016,2466.153414,9319,0.0,0.0,183772.81354116945,0.0
109.82000000000001,2460.733016,2465.340354,9320,0.0,0.0,183712.2259382533,0.0
109.83,2521.076053,2473.700709,9320,0.0,0.0,184335.22284989353,0.0
109.84,2464.343969,2472.297198,9322,0.0,0.0,184230.6360209308,0.0
109.85000000000001,2464.343969,2471.104214,9322,0.0,0.0,184141.7372423937,0.0
109.86,2464.343969,2470.090177,9322,0.0,0.0,184066.1732359264,0.0
109.87,2464.343969,2469.228246,9322,0.0,0.0,184001.9438639623,0.0
109.88,2464.343969,2468.495604,9322,0.0,0.0,183947.34884935612,0.0
109.89,2464.343969,2467.872859,9322,0.0,0.0,183900.94313910344,0.0
109.9,2506.935919,2473.732318,9323,0.0,0.0,184337.57828927142,0.0
109.91,2506.935919,2478.712858,9323,0.0,0.0,184708.71815573645,0.0
109.92,2345.907806,2458.7921,9324,0.0,0.0,183224.26316410847,0.0
109.93,2345.907806,2441.859456,9324,0.0,0.0,181962.47644358006,0.0
109.94,2515.504524,2452.906216,9326,0.0,0.0,182785.65887586083,0.0
109.95,2515.504524,2462.295962,9326,0.0,0.0,183485.3639432995,0.0
109.96000000000001,2515.504524,2470.277247,9326,0.0,0.0,184080.11331768855,0.0
109.97,2515.504524,2477.061338,9326,0.0,0.0,184585.65019277175,0.0
109.98,2515.504524,2482.827816,9326,0.0,0.0,185015.35658502913,0.0
109.99000000000001,2515.504524,2487.729322,9327,0.0,0.0,185380.60699609257,0.0
110.0,2390.112566,2473.086809,9327,0.0,0.0,184289.47625132735,0.0
110.01,2390.112566,2460.640672,9327,0.0,0.0,183362.01504748483,0.0
110.02,2471.715135,2462.301842,9328,0.0,0.0,183485.80210912382,0.0
110.03,2471.715135,2463.713836,9328,0.0,0.0,183591.021074258,0.0
110.04,2465.948436,2464.049026,9330,0.0,0.0,183615.998761786,0.0
110.05,2465.948436,2464.333937,9330,0.0,0.0,183637.2297589257,0.0
110.06,2465.948436,2464.576112,9330,0.0,0.0,183655.27615493123,0.0
110.07000000000001,2465.948436,2464.781961,9330,0.0,0.0,183670.61561016543,0.0
110.08,2465.948436,2464.956932,9330,0.0,0.0,183683.65409867774,0.0
110.09,2465.948436,2465.105658,9331,0.0,0.0,183694.73686234994,0.0
110.10000000000001,2506.416085,2471.302222,9331,0.0,0.0,184156.4924020107,0.0
110.11,2506.416085,2476.569301,9332,0.0,0.0,184548.98458091522,0.0
110.12,2506.416085,2481.046319,9332,0.0,0.0,184882.60299632433,0.0
110.13,2472.156075,2479.712782,9332,0.0,0.0,184783.23048970735,0.0
110.14,2466.17224,2477.681701,9334,0.0,0.0,184631.87840115477,0.0
110.15,2466.17224,2475.955282,9334,0.0,0.0,184503.22911470736,0.0
110.16,2466.17224,2474.487826,9334,0.0,0.0,184393.87723240475,0.0
110.17,2466.17224,2473.240488,9334,0.0,0.0,184300.92810264032,0.0
110.18,2466.17224,2472.180251,9334,0.0,0.0,184221.921364696,0.0
110.19,2466.17224,2471.279049,9335,0.0,0.0,184154.76559645843,0.0
110.2,2503.241102,2476.073357,9335,0.0,0.0,184512.02782724312,0.0
110.21000000000001,2503.241102,2480.148519,9336,0.0,0.0,184815.70073831367,0.0
110.22,2477.787901,2479.794426,9336,0.0,0.0,184789.31443708204,0.0
110.23,2477.787901,2479.493447,9336,0.0,0.0,184766.88608476106,0.0
110.24000000000001,2460.722434,2476.677795,9338,0.0,0.0,184557.06933651847,0.0
110.25,2460.722434,2474.284491,9338,0.0,0.0,184378.72511541587,0.0
110.26,2460.722434,2472.250183,9338,0.0,0.0,184227.1325572859,0.0
110.27,2460.722434,2470.521021,9338,0.0,0.0,184098.27886797176,0.0
110.28,2460.722434,2469.051233,9339,0.0,0.0,183988.75320969938,0.0
110.29,2460.722434,2467.801913,9339,0.0,0.0,183895.65638526427,0.0
110.3,2513.956645,2474.725123,9339,0.0,0.0,184411.5601296192,0.0
110.31,2513.956645,2480.609851,9340,0.0,0.0,184850.07827506194,0.0
110.32000000000001,2513.956645,2485.61187,9340,0.0,0.0,185222.81871359184,0.0
110.33,2472.148494,2483.592364,9341,0.0,0.0,185072.32917085846,0.0
110.34,2459.072825,2479.914433,9343,0.0,0.0,184798.25711838866,0.0
110.35000000000001,2459.072825,2476.788192,9343,0.0,0.0,184565.29589987066,0.0
110.36,2459.072825,2474.130887,9343,0.0,0.0,184367.27885295267,0.0
110.37,2459.072825,2471.872177,9343,0.0,0.0,184198.96430718392,0.0
110.38,2459.072825,2469.952274,9343,0.0,0.0,184055.8969805394,0.0
110.39,2459.072825,2468.320357,9343,0.0,0.0,183934.2897938765,0.0
110.4,2517.549844,2475.70478,9344,0.0,0.0,184484.56220733802,0.0
110.41,2517.549844,2481.98154,9344,0.0,0.0,184952.2937923134,0.0
110.42,2473.841596,2480.760548,9344,0.0,0.0,184861.3079137069,0.0
110.43,2473.841596,2479.722705,9345,0.0,0.0,184783.9699317949,0.0
110.44,2383.901966,2465.349594,9347,0.0,0.0,183712.91448454873,0.0
110.45,2383.901966,2453.13245,9347,0.0,0.0,182802.51738047076,0.0
110.46000000000001,2383.901966,2442.747878,9347,0.0,0.0,182028.67987181165,0.0
110.47,2383.901966,2433.920991,9347,0.0,0.0,181370.91792983704,0.0
110.48,2383.901966,2426.418137,9347,0.0,0.0,180811.82027543275,0.0
110.49000000000001,2383.901966,2420.040712,9347,0.0,0.0,180336.58733625527,0.0
110.5,2294.88863,2401.267899,9347,0.0,0.0,178937.67490708214,0.0
110.51,2294.88863,2385.311009,9348,0.0,0.0,177748.59942052895,0.0
110.52,2195.984848,2356.912085,9348,0.0,0.0,175632.3684774762,0.0
110.53,2195.984848,2332.772999,9349,0.0,0.0,173833.57213117063,0.0
110.54,2074.979107,2294.103915,9350,0.0,0.0,170952.02943257036,0.0
110.55,2074.979107,2261.235194,9350,0.0,0.0,168502.71816856734,0.0
110.56,2074.979107,2233.296781,9350,0.0,0.0,166420.80358298708,0.0
110.57000000000001,2074.979107,2209.54913,9350,0.0,0.0,164651.17618896972,0.0
110.58,2074.979107,2189.363627,9350,0.0,0.0,163146.9929301363,0.0
110.59,2074.979107,2172.205949,9351,0.0,0.0,161868.4371265948,0.0
110.60000000000001,1916.134154,2133.795179,9351,0.0,0.0,159006.1434699591,0.0
110.61,1916.134154,2101.146026,9351,0.0,0.0,156573.19397359565,0.0
110.62,1907.969186,2072.1695,9352,0.0,0.0,154413.9212862442,0.0
110.63,1907.969186,2047.539453,9352,0.0,0.0,152578.53950944723,0.0
110.64,1823.081046,2013.870692,9353,0.0,0.0,150069.61086685339,0.0
110.65,1823.081046,1985.252245,9353,0.0,0.0,147937.0215094709,0.0
110.66,1823.081046,1960.926565,9353,0.0,0.0,146124.32055196993,0.0
110.67,1823.081046,1940.249737,9353,0.0,0.0,144583.52473809407,0.0
110.68,1823.081046,1922.674434,9353,0.0,0.0,143273.848355914,0.0
110.69,1823.081046,1907.735426,9354,0.0,0.0,142160.62339752784,0.0
110.7,1658.432723,1870.34002,9354,0.0,0.0,139373.99263274187,0.0
110.71000000000001,1658.432723,1838.553926,9354,0.0,0.0,137005.35656464362,0.0
110.72,1625.860826,1806.649961,9354,0.0,0.0,134627.936985681,0.0
110.73,1625.860826,1779.531591,9355,0.0,0.0,132607.13036219234,0.0
110.74000000000001,1482.662342,1735.001203,9357,0.0,0.0,129288.815027719,0.0
110.75,1482.662342,1697.150374,9357,0.0,0.0,126468.24705303108,0.0
110.76,1482.662342,1664.977169,9357,0.0,0.0,124070.76424846504,0.0
110.77,1482.662342,1637.629945,9357,0.0,0.0,122032.90388321342,0.0
110.78,1482.662342,1614.384804,9357,0.0,0.0,120300.72252803875,0.0
110.79,1482.662342,1594.626435,9357,0.0,0.0,118828.36843948055,0.0
110.8,1482.662342,1577.831821,9357,0.0,0.0,117576.86743812478,0.0
110.81,1482.662342,1563.556399,9357,0.0,0.0,116513.09157952061,0.0
110.82000000000001,1482.662342,1551.42229,9357,0.0,0.0,115608.88207735163,0.0
110.83,1377.696787,1525.363465,9357,0.0,0.0,113667.03062535312,0.0
110.84,1243.612426,1483.100809,9358,0.0,0.0,110517.7021380206,0.0
110.85000000000001,1243.612426,1447.177551,9358,0.0,0.0,107840.77289398074,0.0
110.86,1243.612426,1416.642783,9358,0.0,0.0,105565.38313342028,0.0
110.87,1243.612426,1390.688229,9358,0.0,0.0,103631.30174752227,0.0
110.88,1243.612426,1368.626858,9358,0.0,0.0,101987.33256205717,0.0
110.89,1243.612426,1349.874694,9358,0.0,0.0,100589.95885501114,0.0
110.9,1165.37479,1322.199708,9359,0.0,0.0,98527.6743219158,0.0
110.91,1165.37479,1298.67597,9359,0.0,0.0,96774.73247623655,0.0
110.92,1165.37479,1278.680793,9359,0.0,0.0,95284.73192976459,0.0
110.93,1092.008299,1250.679919,9359,0.0,0.0,93198.16287555253,0.0
110.94,988.128347,1211.297183,9360,0.0,0.0,90263.44025911554,0.0
110.95,988.128347,1177.821858,9360,0.0,0.0,87768.9260798549,0.0
110.96000000000001,988.128347,1149.367831,9360,0.0,0.0,85648.58897159486,0.0
110.97,988.128347,1125.181908,9360,0.0,0.0,83846.3024258479,0.0
110.98,988.128347,1104.623874,9360,0.0,0.0,82314.35890294789,0.0
110.99000000000001,988.128347,1087.149545,9360,0.0,0.0,81012.20690103111,0.0
111.0,920.327532,1062.126243,9360,0.0,0.0,79147.52054919071,0.0
111.01,920.327532,1040.856436,9360,0.0,0.0,77562.53712777101,0.0
111.02,839.998866,1010.727801,9360,0.0,0.0,75317.41158502366,0.0
111.03,839.998866,985.118461,9361,0.0,0.0,73409.05485505893,0.0
111.04,775.286596,953.643681,9361,0.0,0.0,71063.61728278414,0.0
111.05,775.286596,926.890118,9361,0.0,0.0,69069.99534635057,0.0
111.06,775.286596,904.14959,9361,0.0,0.0,67375.41674136693,0.0
111.07000000000001,775.286596,884.820141,9361,0.0,0.0,65935.02491222727,0.0
111.08,775.286596,868.390109,9361,0.0,0.0,64710.69183137722,0.0
111.09,775.286596,854.424582,9361,0.0,0.0,63670.00872755828,0.0
111.10000000000001,656.557065,824.744455,9361,0.0,0.0,61458.305102761326,0.0
111.11,656.557065,799.516346,9362,0.0,0.0,59578.35694344,0.0
111.12,656.557065,778.072454,9362,0.0,0.0,57980.401056453564,0.0
111.13,612.002754,753.161999,9362,0.0,0.0,56124.123837058854,0.0
111.14,536.717355,720.695302,9362,0.0,0.0,53704.770596417904,0.0
111.15,536.717355,693.09861,9362,0.0,0.0,51648.3203754062,0.0
111.16,536.717355,669.641422,9362,0.0,0.0,49900.33770244984,0.0
111.17,536.717355,649.702812,9362,0.0,0.0,48414.55241553334,0.0
111.18,536.717355,632.754993,9362,0.0,0.0,47151.63488439531,0.0
111.19,536.717355,618.349347,9362,0.0,0.0,46078.154994105695,0.0
111.2,430.896962,590.23149,9362,0.0,0.0,43982.86860101098,0.0
111.21000000000001,430.896962,566.331311,9362,0.0,0.0,42201.87512589558,0.0
111.22,389.997309,539.88121,9362,0.0,0.0,40230.8665699704,0.0
111.23,389.997309,517.398625,9363,0.0,0.0,38555.50936077429,0.0
111.24000000000001,338.877215,490.620414,9363,0.0,0.0,36560.05070474232,0.0
111.25,338.877215,467.858934,9363,0.0,0.0,34863.91079867845,0.0
111.26,338.877215,448.511676,9363,0.0,0.0,33422.19187852416,0.0
111.27,338.877215,432.066507,9363,0.0,0.0,32196.73081874841,0.0
111.28,338.877215,418.088113,9363,0.0,0.0,31155.088891857722,0.0
111.29,338.877215,406.206478,9363,0.0,0.0,30269.693246548843,0.0
111.3,279.655883,387.223889,9363,0.0,0.0,28855.148729966037,0.0
111.31,279.655883,371.088688,9363,0.0,0.0,27652.78586478936,0.0
111.32000000000001,279.655883,357.373767,9363,0.0,0.0,26630.777418211477,0.0
111.33,204.002047,334.368009,9363,0.0,0.0,24916.434404793716,0.0
111.34,95.602695,298.553212,9363,0.0,0.0,22247.58745726321,0.0
111.35000000000001,95.602695,268.110634,9363,0.0,0.0,19979.067510877383,0.0
111.36,95.602695,242.234443,9363,0.0,0.0,18050.825578804826,0.0
111.37,95.602695,220.239681,9363,0.0,0.0,16411.819962624453,0.0
111.38,95.602695,201.544133,9363,0.0,0.0,15018.665166515739,0.0
111.39,95.602695,185.652917,9363,0.0,0.0,13834.48357491973,0.0
111.4,0.0,0.0,9363,0.0,0.0,0.0,0.0
111.41,0.0,0.0,9363,0.0,0.0,0.0,0.0
111.42,0.0,0.0,9363,0.0,0.0,0.0,0.0
111.43,0.0,0.0,9363,0.0,0.0,0.0,0.0
111.44,0.0,0.0,9363,0.0,0.0,0.0,0.0
111.45,0.0,0.0,9363,0.0,0.0,0.0,0.0
111.46000000000001,0.0,0.0,9363,0.0,0.0,0.0,0.0
111.47,0.0,0.0,9363,0.0,0.0,0.0,0.0
111.48,0.0,0.0,9363,0.0,0.0,0.0,0.0
111.49000000000001,0.0,0.0,9363,0.0,0.0,0.0,0.0
111.5,0.0,0.0,9363,0.0,0.0,0.0,0.0
111.51,0.0,0.0,9363,0.0,0.0,0.0,0.0
111.52,0.0,0.0,9363,0.0,0.0,0.0,0.0
111.53,0.0,0.0,9363,0.0,0.0,0.0,0.0
111.54,0.0,0.0,9363,0.0,0.0,0.0,0.0
111.55,0.0,0.0,9363,0.0,0.0,0.0,0.0
111.56,0.0,0.0,9363,0.0,0.0,0.0,0.0
111.57000000000001,0.0,0.0,9363,0.0,0.0,0.0,0.0
111.58,0.0,0.0,9363,0.0,0.0,0.0,0.0
111.59,0.0,0.0,9363,0.0,0.0,0.0,0.0
111.60000000000001,0.0,0.0,9363,0.0,0.0,0.0,0.0
111.61,0.0,0.0,9363,0.0,0.0,0.0,0.0
111.62,0.0,0.0,9363,0.0,0.0,0.0,0.0
111.63,0.0,0.0,9363,0.0,0.0,0.0,0.0
111.64,0.0,0.0,9363,0.0,0.0,0.0,0.0
111.65,0.0,0.0,9363,0.0,0.0,0.0,0.0
111.66,0.0,0.0,9363,0.0,0.0,0.0,0.0
111.67,0.0,0.0,9363,0.0,0.0,0.0,0.0
111.68,0.0,0.0,9363,0.0,0.0,0.0,0.0
111.69,0.0,0.0,9363,0.0,0.0,0.0,0.0
111.7,0.0,0.0,9363,0.0,0.0,0.0,0.0
111.71000000000001,0.0,0.0,9363,0.0,0.0,0.0,0.0
111.72,0.0,0.0,9363,0.0,0.0,0.0,0.0
111.73,0.0,0.0,9363,0.0,0.0,0.0,0.0
111.74000000000001,0.0,0.0,9363,0.0,0.0,0.0,0.0
111.75,0.0,0.0,9363,0.0,0.0,0.0,0.0
111.76,0.0,0.0,9363,0.0,0.0,0.0,0.0
111.77,0.0,0.0,9363,0.0,0.0,0.0,0.0
111.78,0.0,0.0,9363,0.0,0.0,0.0,0.0
111.79,0.0,0.0,9363,0.0,0.0,0.0,0.0
111.8,0.0,0.0,9363,0.0,0.0,0.0,0.0
111.81,0.0,0.0,9363,0.0,0.0,0.0,0.0
111.82000000000001,0.0,0.0,9363,0.0,0.0,0.0,0.0
111.83,0.0,0.0,9363,0.0,0.0,0.0,0.0
111.84,0.0,0.0,9363,0.0,0.0,0.0,0.0
111.85000000000001,0.0,0.0,9363,0.0,0.0,0.0,0.0
111.86,0.0,0.0,9363,0.0,0.0,0.0,0.0
111.87,0.0,0.0,9363,0.0,0.0,0.0,0.0
111.88,0.0,0.0,9363,0.0,0.0,0.0,0.0
111.89,0.0,0.0,9363,0.0,0.0,0.0,0.0
111.9,0.0,0.0,9363,0.0,0.0,0.0,0.0
111.91,0.0,0.0,9363,0.0,0.0,0.0,0.0
111.92,0.0,0.0,9363,0.0,0.0,0.0,0.0
111.93,0.0,0.0,9363,0.0,0.0,0.0,0.0
111.94,0.0,0.0,9363,0.0,0.0,0.0,0.0
111.95,0.0,0.0,9363,0.0,0.0,0.0,0.0
111.96000000000001,0.0,0.0,9363,0.0,0.0,0.0,0.0
111.97,0.0,0.0,9363,0.0,0.0,0.0,0.0
111.98,0.0,0.0,9363,0.0,0.0,0.0,0.0
111.99000000000001,0.0,0.0,9363,0.0,0.0,0.0,0.0
112.0,0.0,0.0,9363,0.0,0.0,0.0,0.0
112.01,0.0,0.0,9363,0.0,0.0,0.0,0.0
112.02,0.0,0.0,9363,0.0,0.0,0.0,0.0
112.03,0.0,0.0,9363,0.0,0.0,0.0,0.0
112.04,0.0,0.0,9363,0.0,0.0,0.0,0.0
112.05,0.0,0.0,9363,0.0,0.0,0.0,0.0
112.06,0.0,0.0,9363,0.0,0.0,0.0,0.0
112.07000000000001,0.0,0.0,9363,0.0,0.0,0.0,0.0
112.08,0.0,0.0,9363,0.0,0.0,0.0,0.0
112.09,0.0,0.0,9363,0.0,0.0,0.0,0.0
112.10000000000001,0.0,0.0,9363,0.0,0.0,0.0,0.0
112.11,0.0,0.0,9363,0.0,0.0,0.0,0.0
112.12,0.0,0.0,9363,0.0,0.0,0.0,0.0
112.13,0.0,0.0,9363,0.0,0.0,0.0,0.0
112.14,0.0,0.0,9363,0.0,0.0,0.0,0.0
112.15,0.0,0.0,9363,0.0,0.0,0.0,0.0
112.16,0.0,0.0,9363,0.0,0.0,0.0,0.0
112.17,0.0,0.0,9363,0.0,0.0,0.0,0.0
112.18,0.0,0.0,9363,0.0,0.0,0.0,0.0
112.19,0.0,0.0,9363,0.0,0.0,0.0,0.0
112.2,0.0,0.0,9363,0.0,0.0,0.0,0.0
112.21000000000001,0.0,0.0,9363,0.0,0.0,0.0,0.0
112.22,0.0,0.0,9363,0.0,0.0,0.0,0.0
112.23,0.0,0.0,9363,0.0,0.0,0.0,0.0
112.24000000000001,0.0,0.0,9363,0.0,0.0,0.0,0.0
112.25,0.0,0.0,9363,0.0,0.0,0.0,0.0
112.26,0.0,0.0,9363,0.0,0.0,0.0,0.0
112.27,0.0,0.0,9363,0.0,0.0,0.0,0.0
112.28,0.0,0.0,9363,0.0,0.0,0.0,0.0
112.29,0.0,0.0,9363,0.0,0.0,0.0,0.0
112.3,0.0,0.0,9363,0.0,0.0,0.0,0.0
112.31,0.0,0.0,9363,0.0,0.0,0.0,0.0
112.32000000000001,0.0,0.0,9363,0.0,0.0,0.0,0.0
112.33,0.0,0.0,9363,0.0,0.0,0.0,0.0
112.34,0.0,0.0,9363,0.0,0.0,0.0,0.0
112.35000000000001,0.0,0.0,9363,0.0,0.0,0.0,0.0
112.36,0.0,0.0,9363,0.0,0.0,0.0,0.0
112.37,0.0,0.0,9363,0.0,0.0,0.0,0.0
112.38,0.0,0.0,9363,0.0,0.0,0.0,0.0
112.39,0.0,0.0,9363,0.0,0.0,0.0,0.0
112.4,0.0,0.0,9363,0.0,0.0,0.0,0.0
112.41,0.0,0.0,9363,0.0,0.0,0.0,0.0
112.42,0.0,0.0,9363,0.0,0.0,0.0,0.0
112.43,0.0,0.0,9363,0.0,0.0,0.0,0.0
112.44,0.0,0.0,9363,0.0,0.0,0.0,0.0
112.45,0.0,0.0,9363,0.0,0.0,0.0,0.0
112.46000000000001,0.0,0.0,9363,0.0,0.0,0.0,0.0
112.47,0.0,0.0,9363,0.0,0.0,0.0,0.0
112.48,0.0,0.0,9363,0.0,0.0,0.0,0.0
112.49000000000001,0.0,0.0,9363,0.0,0.0,0.0,0.0
112.5,0.0,0.0,9363,0.0,0.0,0.0,0.0
112.51,0.0,0.0,9363,0.0,0.0,0.0,0.0
112.52,0.0,0.0,9363,0.0,0.0,0.0,0.0
112.53,0.0,0.0,9363,0.0,0.0,0.0,0.0
112.54,0.0,0.0,9363,0.0,0.0,0.0,0.0
112.55,0.0,0.0,9363,0.0,0.0,0.0,0.0
112.56,0.0,0.0,9363,0.0,0.0,0.0,0.0
112.57000000000001,0.0,0.0,9363,0.0,0.0,0.0,0.0
112.58,0.0,0.0,9363,0.0,0.0,0.0,0.0
112.59,0.0,0.0,9363,0.0,0.0,0.0,0.0
112.60000000000001,0.0,0.0,9363,0.0,0.0,0.0,0.0
112.61,0.0,0.0,9363,0.0,0.0,0.0,0.0
112.62,0.0,0.0,9363,0.0,0.0,0.0,0.0
112.63,0.0,0.0,9363,0.0,0.0,0.0,0.0
112.64,0.0,0.0,9363,0.0,0.0,0.0,0.0
112.65,0.0,0.0,9363,0.0,0.0,0.0,0.0
112.66,0.0,0.0,9363,0.0,0.0,0.0,0.0
112.67,0.0,0.0,9363,0.0,0.0,0.0,0.0
112.68,0.0,0.0,9363,0.0,0.0,0.0,0.0
112.69,0.0,0.0,9363,0.0,0.0,0.0,0.0
112.7,0.0,0.0,9363,0.0,0.0,0.0,0.0
112.71000000000001,0.0,0.0,9363,0.0,0.0,0.0,0.0
112.72,0.0,0.0,9363,0.0,0.0,0.0,0.0
112.73,0.0,0.0,9363,0.0,0.0,0.0,0.0
112.74000000000001,0.0,0.0,9363,0.0,0.0,0.0,0.0
112.75,0.0,0.0,9363,0.0,0.0,0.0,0.0
112.76,0.0,0.0,9363,0.0,0.0,0.0,0.0
112.77,0.0,0.0,9363,0.0,0.0,0.0,0.0
112.78,0.0,0.0,9363,0.0,0.0,0.0,0.0
112.79,0.0,0.0,9363,0.0,0.0,0.0,0.0
112.8,0.0,0.0,9363,0.0,0.0,0.0,0.0
112.81,0.0,0.0,9363,0.0,0.0,0.0,0.0
112.82000000000001,0.0,0.0,9363,0.0,0.0,0.0,0.0
112.83,0.0,0.0,9363,0.0,0.0,0.0,0.0
112.84,0.0,0.0,9363,0.0,0.0,0.0,0.0
112.85000000000001,0.0,0.0,9363,0.0,0.0,0.0,0.0
112.86,0.0,0.0,9363,0.0,0.0,0.0,0.0
112.87,0.0,0.0,9363,0.0,0.0,0.0,0.0
112.88,0.0,0.0,9363,0.0,0.0,0.0,0.0
112.89,0.0,0.0,9363,0.0,0.0,0.0,0.0
112.9,0.0,0.0,9363,0.0,0.0,0.0,0.0
112.91,0.0,0.0,9363,0.0,0.0,0.0,0.0
112.92,0.0,0.0,9363,0.0,0.0,0.0,0.0
112.93,0.0,0.0,9363,0.0,0.0,0.0,0.0
112.94,0.0,0.0,9363,0.0,0.0,0.0,0.0
112.95,0.0,0.0,9363,0.0,0.0,0.0,0.0
112.96000000000001,0.0,0.0,9363,0.0,0.0,0.0,0.0
112.97,0.0,0.0,9363,0.0,0.0,0.0,0.0
112.98,0.0,0.0,9363,0.0,0.0,0.0,0.0
112.99000000000001,0.0,0.0,9363,0.0,0.0,0.0,0.0
113.0,0.0,0.0,9363,0.0,0.0,0.0,0.0
113.01,0.0,0.0,9363,0.0,0.0,0.0,0.0
113.02,0.0,0.0,9363,0.0,0.0,0.0,0.0
113.03,0.0,0.0,9363,0.0,0.0,0.0,0.0
113.04,0.0,0.0,9363,0.0,0.0,0.0,0.0
113.05,0.0,0.0,9363,0.0,0.0,0.0,0.0
113.06,0.0,0.0,9363,0.0,0.0,0.0,0.0
113.07000000000001,0.0,0.0,9363,0.0,0.0,0.0,0.0
113.08,0.0,0.0,9363,0.0,0.0,0.0,0.0
113.09,0.0,0.0,9363,0.0,0.0,0.0,0.0
113.10000000000001,0.0,0.0,9363,0.0,0.0,0.0,0.0
113.11,0.0,0.0,9363,0.0,0.0,0.0,0.0
113.12,0.0,0.0,9363,0.0,0.0,0.0,0.0
113.13,0.0,0.0,9363,0.0,0.0,0.0,0.0
113.14,0.0,0.0,9363,0.0,0.0,0.0,0.0
113.15,0.0,0.0,9363,0.0,0.0,0.0,0.0
113.16,0.0,0.0,9363,0.0,0.0,0.0,0.0
113.17,0.0,0.0,9363,0.0,0.0,0.0,0.0
113.18,0.0,0.0,9363,0.0,0.0,0.0,0.0
113.19,0.0,0.0,9363,0.0,0.0,0.0,0.0
113.2,0.0,0.0,9363,0.0,0.0,0.0,0.0
113.21000000000001,0.0,0.0,9363,0.0,0.0,0.0,0.0
113.22,0.0,0.0,9363,0.0,0.0,0.0,0.0
113.23,0.0,0.0,9363,0.0,0.0,0.0,0.0
113.24000000000001,0.0,0.0,9363,0.0,0.0,0.0,0.0
113.25,0.0,0.0,9363,0.0,0.0,0.0,0.0
113.26,0.0,0.0,9363,0.0,0.0,0.0,0.0
113.27,0.0,0.0,9363,0.0,0.0,0.0,0.0
113.28,0.0,0.0,9363,0.0,0.0,0.0,0.0
113.29,0.0,0.0,9363,0.0,0.0,0.0,0.0
113.3,0.0,0.0,9363,0.0,0.0,0.0,0.0
113.31,0.0,0.0,9363,0.0,0.0,0.0,0.0
113.32000000000001,0.0,0.0,9363,0.0,0.0,0.0,0.0
113.33,0.0,0.0,9363,0.0,0.0,0.0,0.0
113.34,0.0,0.0,9363,0.0,0.0,0.0,0.0
113.35000000000001,0.0,0.0,9363,0.0,0.0,0.0,0.0
113.36,0.0,0.0,9363,0.0,0.0,0.0,0.0
113.37,0.0,0.0,9363,0.0,0.0,0.0,0.0
113.38,0.0,0.0,9363,0.0,0.0,0.0,0.0
113.39,0.0,0.0,9363,0.0,0.0,0.0,0.0
113.4,0.0,0.0,9363,0.0,0.0,0.0,0.0
113.41,0.0,0.0,9363,0.0,0.0,0.0,0.0
113.42,0.0,0.0,9363,0.0,0.0,0.0,0.0
113.43,0.0,0.0,9363,0.0,0.0,0.0,0.0
113.44,0.0,0.0,9363,0.0,0.0,0.0,0.0
113.45,0.0,0.0,9363,0.0,0.0,0.0,0.0
113.46000000000001,0.0,0.0,9363,0.0,0.0,0.0,0.0
113.47,0.0,0.0,9363,0.0,0.0,0.0,0.0
113.48,0.0,0.0,9363,0.0,0.0,0.0,0.0
113.49000000000001,0.0,0.0,9363,0.0,0.0,0.0,0.0
113.5,0.0,0.0,9363,0.0,0.0,0.0,0.0
113.51,0.0,0.0,9363,0.0,0.0,0.0,0.0
113.52,0.0,0.0,9363,0.0,0.0,0.0,0.0
113.53,0.0,0.0,9363,0.0,0.0,0.0,0.0
113.54,0.0,0.0,9363,0.0,0.0,0.0,0.0
113.55,0.0,0.0,9363,0.0,0.0,0.0,0.0
113.56,0.0,0.0,9363,0.0,0.0,0.0,0.0
113.57000000000001,0.0,0.0,9363,0.0,0.0,0.0,0.0
113.58,0.0,0.0,9363,0.0,0.0,0.0,0.0
113.59,0.0,0.0,9363,0.0,0.0,0.0,0.0
113.60000000000001,0.0,0.0,9363,0.0,0.0,0.0,0.0
113.61,0.0,0.0,9363,0.0,0.0,0.0,0.0
113.62,0.0,0.0,9363,0.0,0.0,0.0,0.0
113.63,0.0,0.0,9363,0.0,0.0,0.0,0.0
113.64,0.0,0.0,9363,0.0,0.0,0.0,0.0
113.65,0.0,0.0,9363,0.0,0.0,0.0,0.0
113.66,0.0,0.0,9363,0.0,0.0,0.0,0.0
113.67,0.0,0.0,9363,0.0,0.0,0.0,0.0
113.68,0.0,0.0,9363,0.0,0.0,0.0,0.0
113.69,0.0,0.0,9363,0.0,0.0,0.0,0.0
113.7,0.0,0.0,9363,0.0,0.0,0.0,0.0
113.71000000000001,0.0,0.0,9363,0.0,0.0,0.0,0.0
113.72,0.0,0.0,9363,0.0,0.0,0.0,0.0
113.73,0.0,0.0,9363,0.0,0.0,0.0,0.0
113.74000000000001,0.0,0.0,9363,0.0,0.0,0.0,0.0
113.75,0.0,0.0,9363,0.0,0.0,0.0,0.0
113.76,0.0,0.0,9363,0.0,0.0,0.0,0.0
113.77,0.0,0.0,9363,0.0,0.0,0.0,0.0
113.78,0.0,0.0,9363,0.0,0.0,0.0,0.0
113.79,0.0,0.0,9363,0.0,0.0,0.0,0.0
113.8,0.0,0.0,9363,0.0,0.0,0.0,0.0
113.81,0.0,0.0,9363,0.0,0.0,0.0,0.0
113.82000000000001,0.0,0.0,9363,0.0,0.0,0.0,0.0
113.83,0.0,0.0,9363,0.0,0.0,0.0,0.0
113.84,0.0,0.0,9363,0.0,0.0,0.0,0.0
113.85000000000001,0.0,0.0,9363,0.0,0.0,0.0,0.0
113.86,0.0,0.0,9363,0.0,0.0,0.0,0.0
113.87,0.0,0.0,9363,0.0,0.0,0.0,0.0
113.88,0.0,0.0,9363,0.0,0.0,0.0,0.0
113.89,0.0,0.0,9363,0.0,0.0,0.0,0.0
113.9,0.0,0.0,9363,0.0,0.0,0.0,0.0
113.91,0.0,0.0,9363,0.0,0.0,0.0,0.0
113.92,0.0,0.0,9363,0.0,0.0,0.0,0.0
113.93,0.0,0.0,9363,0.0,0.0,0.0,0.0
113.94,0.0,0.0,9363,0.0,0.0,0.0,0.0
113.95,0.0,0.0,9363,0.0,0.0,0.0,0.0
113.96000000000001,0.0,0.0,9363,0.0,0.0,0.0,0.0
113.97,0.0,0.0,9363,0.0,0.0,0.0,0.0
113.98,0.0,0.0,9363,0.0,0.0,0.0,0.0
113.99000000000001,0.0,0.0,9363,0.0,0.0,0.0,0.0
114.0,0.0,0.0,9363,0.0,0.0,0.0,0.0
114.01,0.0,0.0,9363,0.0,0.0,0.0,0.0
114.02,0.0,0.0,9363,0.0,0.0,0.0,0.0
114.03,0.0,0.0,9363,0.0,0.0,0.0,0.0
114.04,0.0,0.0,9363,0.0,0.0,0.0,0.0
114.05,0.0,0.0,9363,0.0,0.0,0.0,0.0
114.06,0.0,0.0,9363,0.0,0.0,0.0,0.0
114.07000000000001,0.0,0.0,9363,0.0,0.0,0.0,0.0
114.08,0.0,0.0,9363,0.0,0.0,0.0,0.0
114.09,0.0,0.0,9363,0.0,0.0,0.0,0.0
114.10000000000001,0.0,0.0,9363,0.0,0.0,0.0,0.0
114.11,0.0,0.0,9363,0.0,0.0,0.0,0.0
114.12,0.0,0.0,9363,0.0,0.0,0.0,0.0
114.13,0.0,0.0,9363,0.0,0.0,0.0,0.0
114.14,0.0,0.0,9363,0.0,0.0,0.0,0.0
114.15,0.0,0.0,9363,0.0,0.0,0.0,0.0
114.16,0.0,0.0,9363,0.0,0.0,0.0,0.0
114.17,0.0,0.0,9363,0.0,0.0,0.0,0.0
114.18,0.0,0.0,9363,0.0,0.0,0.0,0.0
114.19,0.0,0.0,9363,0.0,0.0,0.0,0.0
114.2,0.0,0.0,9363,0.0,0.0,0.0,0.0
114.21000000000001,0.0,0.0,9363,0.0,0.0,0.0,0.0
114.22,0.0,0.0,9363,0.0,0.0,0.0,0.0
114.23,0.0,0.0,9363,0.0,0.0,0.0,0.0
114.24000000000001,0.0,0.0,9363,0.0,0.0,0.0,0.0
114.25,0.0,0.0,9363,0.0,0.0,0.0,0.0
114.26,0.0,0.0,9363,0.0,0.0,0.0,0.0
114.27,0.0,0.0,9363,0.0,0.0,0.0,0.0
114.28,0.0,0.0,9363,0.0,0.0,0.0,0.0
114.29,0.0,0.0,9363,0.0,0.0,0.0,0.0
114.3,0.0,0.0,9363,0.0,0.0,0.0,0.0
114.31,0.0,0.0,9363,0.0,0.0,0.0,0.0
114.32000000000001,0.0,0.0,9363,0.0,0.0,0.0,0.0
114.33,0.0,0.0,9363,0.0,0.0,0.0,0.0
114.34,0.0,0.0,9363,0.0,0.0,0.0,0.0
114.35000000000001,0.0,0.0,9363,0.0,0.0,0.0,0.0
114.36,0.0,0.0,9363,0.0,0.0,0.0,0.0
114.37,0.0,0.0,9363,0.0,0.0,0.0,0.0
114.38,0.0,0.0,9363,0.0,0.0,0.0,0.0
114.39,0.0,0.0,9363,0.0,0.0,0.0,0.0
114.4,0.0,0.0,9363,0.0,0.0,0.0,0.0
114.41,0.0,0.0,9363,0.0,0.0,0.0,0.0
114.42,0.0,0.0,9363,0.0,0.0,0.0,0.0
114.43,0.0,0.0,9363,0.0,0.0,0.0,0.0
114.44,0.0,0.0,9363,0.0,0.0,0.0,0.0
114.45,0.0,0.0,9363,0.0,0.0,0.0,0.0
114.46000000000001,0.0,0.0,9363,0.0,0.0,0.0,0.0
114.47,0.0,0.0,9363,0.0,0.0,0.0,0.0
114.48,0.0,0.0,9363,0.0,0.0,0.0,0.0
114.49000000000001,0.0,0.0,9363,0.0,0.0,0.0,0.0
114.5,0.0,0.0,9363,0.0,0.0,0.0,0.0
114.51,0.0,0.0,9363,0.0,0.0,0.0,0.0
114.52,0.0,0.0,9363,0.0,0.0,0.0,0.0
114.53,0.0,0.0,9363,0.0,0.0,0.0,0.0
114.54,0.0,0.0,9363,0.0,0.0,0.0,0.0
114.55,0.0,0.0,9363,0.0,0.0,0.0,0.0
114.56,0.0,0.0,9363,0.0,0.0,0.0,0.0
114.57000000000001,0.0,0.0,9363,0.0,0.0,0.0,0.0
114.58,0.0,0.0,9363,0.0,0.0,0.0,0.0
114.59,0.0,0.0,9363,0.0,0.0,0.0,0.0
114.60000000000001,0.0,0.0,9363,0.0,0.0,0.0,0.0
114.61,0.0,0.0,9363,0.0,0.0,0.0,0.0
114.62,0.0,0.0,9363,0.0,0.0,0.0,0.0
114.63,0.0,0.0,9363,0.0,0.0,0.0,0.0
114.64,0.0,0.0,9363,0.0,0.0,0.0,0.0
114.65,0.0,0.0,9363,0.0,0.0,0.0,0.0
114.66,0.0,0.0,9363,0.0,0.0,0.0,0.0
114.67,0.0,0.0,9363,0.0,0.0,0.0,0.0
114.68,0.0,0.0,9363,0.0,0.0,0.0,0.0
114.69,0.0,0.0,9363,0.0,0.0,0.0,0.0
114.7,0.0,0.0,9363,0.0,0.0,0.0,0.0
114.71000000000001,0.0,0.0,9363,0.0,0.0,0.0,0.0
114.72,0.0,0.0,9363,0.0,0.0,0.0,0.0
114.73,0.0,0.0,9363,0.0,0.0,0.0,0.0
114.74000000000001,0.0,0.0,9363,0.0,0.0,0.0,0.0
114.75,0.0,0.0,9363,0.0,0.0,0.0,0.0
114.76,0.0,0.0,9363,0.0,0.0,0.0,0.0
114.77,0.0,0.0,9363,0.0,0.0,0.0,0.0
114.78,0.0,0.0,9363,0.0,0.0,0.0,0.0
114.79,0.0,0.0,9363,0.0,0.0,0.0,0.0
114.8,0.0,0.0,9363,0.0,0.0,0.0,0.0
114.81,0.0,0.0,9363,0.0,0.0,0.0,0.0
114.82000000000001,0.0,0.0,9363,0.0,0.0,0.0,0.0
114.83,0.0,0.0,9363,0.0,0.0,0.0,0.0
114.84,0.0,0.0,9363,0.0,0.0,0.0,0.0
114.85000000000001,0.0,0.0,9363,0.0,0.0,0.0,0.0
114.86,0.0,0.0,9363,0.0,0.0,0.0,0.0
114.87,0.0,0.0,9363,0.0,0.0,0.0,0.0
114.88,0.0,0.0,9363,0.0,0.0,0.0,0.0
114.89,0.0,0.0,9363,0.0,0.0,0.0,0.0
114.9,0.0,0.0,9363,0.0,0.0,0.0,0.0
114.91,0.0,0.0,9363,0.0,0.0,0.0,0.0
114.92,0.0,0.0,9363,0.0,0.0,0.0,0.0
114.93,0.0,0.0,9363,0.0,0.0,0.0,0.0
114.94,0.0,0.0,9363,0.0,0.0,0.0,0.0
114.95,0.0,0.0,9363,0.0,0.0,0.0,0.0
114.96000000000001,0.0,0.0,9363,0.0,0.0,0.0,0.0
114.97,0.0,0.0,9363,0.0,0.0,0.0,0.0
114.98,0.0,0.0,9363,0.0,0.0,0.0,0.0
114.99000000000001,0.0,0.0,9363,0.0,0.0,0.0,0.0
115.0,0.0,0.0,9363,0.0,0.0,0.0,0.0
115.01,0.0,0.0,9363,0.0,0.0,0.0,0.0
115.02,0.0,0.0,9363,0.0,0.0,0.0,0.0
115.03,0.0,0.0,9363,0.0,0.0,0.0,0.0
115.04,0.0,0.0,9363,0.0,0.0,0.0,0.0
115.05,0.0,0.0,9363,0.0,0.0,0.0,0.0
115.06,0.0,0.0,9363,0.0,0.0,0.0,0.0
115.07000000000001,0.0,0.0,9363,0.0,0.0,0.0,0.0
115.08,0.0,0.0,9363,0.0,0.0,0.0,0.0
115.09,0.0,0.0,9363,0.0,0.0,0.0,0.0
115.10000000000001,0.0,0.0,9363,0.0,0.0,0.0,0.0
115.11,0.0,0.0,9363,0.0,0.0,0.0,0.0
115.12,0.0,0.0,9363,0.0,0.0,0.0,0.0
115.13,0.0,0.0,9363,0.0,0.0,0.0,0.0
115.14,0.0,0.0,9363,0.0,0.0,0.0,0.0
115.15,0.0,0.0,9363,0.0,0.0,0.0,0.0
115.16,0.0,0.0,9363,0.0,0.0,0.0,0.0
115.17,0.0,0.0,9363,0.0,0.0,0.0,0.0
115.18,0.0,0.0,9363,0.0,0.0,0.0,0.0
115.19,0.0,0.0,9363,0.0,0.0,0.0,0.0
115.2,0.0,0.0,9363,0.0,0.0,0.0,0.0
115.21000000000001,0.0,0.0,9363,0.0,0.0,0.0,0.0
115.22,0.0,0.0,9363,0.0,0.0,0.0,0.0
115.23,0.0,0.0,9363,0.0,0.0,0.0,0.0
115.24000000000001,0.0,0.0,9363,0.0,0.0,0.0,0.0
115.25,0.0,0.0,9363,0.0,0.0,0.0,0.0
115.26,0.0,0.0,9363,0.0,0.0,0.0,0.0
115.27,0.0,0.0,9363,0.0,0.0,0.0,0.0
115.28,0.0,0.0,9363,0.0,0.0,0.0,0.0
115.29,0.0,0.0,9363,0.0,0.0,0.0,0.0
115.3,0.0,0.0,9363,0.0,0.0,0.0,0.0
115.31,0.0,0.0,9363,0.0,0.0,0.0,0.0
115.32000000000001,0.0,0.0,9363,0.0,0.0,0.0,0.0
115.33,0.0,0.0,9363,0.0,0.0,0.0,0.0
115.34,0.0,0.0,9363,0.0,0.0,0.0,0.0
115.35000000000001,0.0,0.0,9363,0.0,0.0,0.0,0.0
115.36,0.0,0.0,9363,0.0,0.0,0.0,0.0
115.37,0.0,0.0,9363,0.0,0.0,0.0,0.0
115.38,0.0,0.0,9363,0.0,0.0,0.0,0.0
115.39,0.0,0.0,9363,0.0,0.0,0.0,0.0
115.4,0.0,0.0,9363,0.0,0.0,0.0,0.0
115.41,0.0,0.0,9363,0.0,0.0,0.0,0.0
115.42,0.0,0.0,9363,0.0,0.0,0.0,0.0
115.43,0.0,0.0,9363,0.0,0.0,0.0,0.0
115.44,0.0,0.0,9363,0.0,0.0,0.0,0.0
115.45,0.0,0.0,9363,0.0,0.0,0.0,0.0
115.46000000000001,0.0,0.0,9363,0.0,0.0,0.0,0.0
115.47,0.0,0.0,9363,0.0,0.0,0.0,0.0
115.48,0.0,0.0,9363,0.0,0.0,0.0,0.0
115.49000000000001,0.0,0.0,9363,0.0,0.0,0.0,0.0
115.5,0.0,0.0,9363,0.0,0.0,0.0,0.0
115.51,0.0,0.0,9363,0.0,0.0,0.0,0.0
115.52,0.0,0.0,9363,0.0,0.0,0.0,0.0
115.53,0.0,0.0,9363,0.0,0.0,0.0,0.0
115.54,0.0,0.0,9363,0.0,0.0,0.0,0.0
115.55,0.0,0.0,9363,0.0,0.0,0.0,0.0
115.56,0.0,0.0,9363,0.0,0.0,0.0,0.0
115.57000000000001,0.0,0.0,9363,0.0,0.0,0.0,0.0
115.58,0.0,0.0,9363,0.0,0.0,0.0,0.0
115.59,0.0,0.0,9363,0.0,0.0,0.0,0.0
115.60000000000001,0.0,0.0,9363,0.0,0.0,0.0,0.0
115.61,0.0,0.0,9363,0.0,0.0,0.0,0.0
115.62,0.0,0.0,9363,0.0,0.0,0.0,0.0
115.63,0.0,0.0,9363,0.0,0.0,0.0,0.0
115.64,0.0,0.0,9363,0.0,0.0,0.0,0.0
115.65,0.0,0.0,9363,0.0,0.0,0.0,0.0
115.66,0.0,0.0,9363,0.0,0.0,0.0,0.0
115.67,0.0,0.0,9363,0.0,0.0,0.0,0.0
115.68,0.0,0.0,9363,0.0,0.0,0.0,0.0
115.69,0.0,0.0,9363,0.0,0.0,0.0,0.0
115.7,0.0,0.0,9363,0.0,0.0,0.0,0.0
115.71000000000001,0.0,0.0,9363,0.0,0.0,0.0,0.0
115.72,0.0,0.0,9363,0.0,0.0,0.0,0.0
115.73,0.0,0.0,9363,0.0,0.0,0.0,0.0
115.74000000000001,0.0,0.0,9363,0.0,0.0,0.0,0.0
115.75,0.0,0.0,9363,0.0,0.0,0.0,0.0
115.76,0.0,0.0,9363,0.0,0.0,0.0,0.0
115.77,0.0,0.0,9363,0.0,0.0,0.0,0.0
115.78,0.0,0.0,9363,0.0,0.0,0.0,0.0
115.79,0.0,0.0,9363,0.0,0.0,0.0,0.0
115.8,0.0,0.0,9363,0.0,0.0,0.0,0.0
115.81,0.0,0.0,9363,0.0,0.0,0.0,0.0
115.82000000000001,0.0,0.0,9363,0.0,0.0,0.0,0.0
115.83,0.0,0.0,9363,0.0,0.0,0.0,0.0
115.84,0.0,0.0,9363,0.0,0.0,0.0,0.0
115.85000000000001,0.0,0.0,9363,0.0,0.0,0.0,0.0
115.86,0.0,0.0,9363,0.0,0.0,0.0,0.0
115.87,0.0,0.0,9363,0.0,0.0,0.0,0.0
115.88,0.0,0.0,9363,0.0,0.0,0.0,0.0
115.89,0.0,0.0,9363,0.0,0.0,0.0,0.0
115.9,0.0,0.0,9363,0.0,0.0,0.0,0.0
115.91,0.0,0.0,9363,0.0,0.0,0.0,0.0
115.92,0.0,0.0,9363,0.0,0.0,0.0,0.0
115.93,0.0,0.0,9363,0.0,0.0,0.0,0.0
115.94,0.0,0.0,9363,0.0,0.0,0.0,0.0
115.95,0.0,0.0,9363,0.0,0.0,0.0,0.0
115.96000000000001,0.0,0.0,9363,0.0,0.0,0.0,0.0
115.97,0.0,0.0,9363,0.0,0.0,0.0,0.0
115.98,0.0,0.0,9363,0.0,0.0,0.0,0.0
115.99000000000001,0.0,0.0,9363,0.0,0.0,0.0,0.0
116.0,0.0,0.0,9363,0.0,0.0,0.0,0.0
116.01,0.0,0.0,9363,0.0,0.0,0.0,0.0
116.02,0.0,0.0,9363,0.0,0.0,0.0,0.0
116.03,0.0,0.0,9363,0.0,0.0,0.0,0.0
116.04,0.0,0.0,9363,0.0,0.0,0.0,0.0
116.05,0.0,0.0,9363,0.0,0.0,0.0,0.0
116.06,0.0,0.0,9363,0.0,0.0,0.0,0.0
116.07000000000001,0.0,0.0,9363,0.0,0.0,0.0,0.0
116.08,0.0,0.0,9363,0.0,0.0,0.0,0.0
116.09,0.0,0.0,9363,0.0,0.0,0.0,0.0
116.10000000000001,0.0,0.0,9363,0.0,0.0,0.0,0.0
116.11,0.0,0.0,9363,0.0,0.0,0.0,0.0
116.12,0.0,0.0,9363,0.0,0.0,0.0,0.0
116.13,0.0,0.0,9363,0.0,0.0,0.0,0.0
116.14,0.0,0.0,9363,0.0,0.0,0.0,0.0
116.15,0.0,0.0,9363,0.0,0.0,0.0,0.0
116.16,0.0,0.0,9363,0.0,0.0,0.0,0.0
116.17,0.0,0.0,9363,0.0,0.0,0.0,0.0
116.18,0.0,0.0,9363,0.0,0.0,0.0,0.0
116.19,0.0,0.0,9363,0.0,0.0,0.0,0.0
116.2,0.0,0.0,9363,0.0,0.0,0.0,0.0
116.21000000000001,0.0,0.0,9363,0.0,0.0,0.0,0.0
116.22,0.0,0.0,9363,0.0,0.0,0.0,0.0
116.23,0.0,0.0,9363,0.0,0.0,0.0,0.0
116.24000000000001,0.0,0.0,9363,0.0,0.0,0.0,0.0
116.25,0.0,0.0,9363,0.0,0.0,0.0,0.0
116.26,0.0,0.0,9363,0.0,0.0,0.0,0.0
116.27,0.0,0.0,9363,0.0,0.0,0.0,0.0
116.28,0.0,0.0,9363,0.0,0.0,0.0,0.0
116.29,0.0,0.0,9363,0.0,0.0,0.0,0.0
116.3,0.0,0.0,9363,0.0,0.0,0.0,0.0
116.31,0.0,0.0,9363,0.0,0.0,0.0,0.0
116.32000000000001,0.0,0.0,9363,0.0,0.0,0.0,0.0
116.33,0.0,0.0,9363,0.0,0.0,0.0,0.0
116.34,0.0,0.0,9363,0.0,0.0,0.0,0.0
116.35000000000001,0.0,0.0,9363,0.0,0.0,0.0,0.0
116.36,0.0,0.0,9363,0.0,0.0,0.0,0.0
116.37,0.0,0.0,9363,0.0,0.0,0.0,0.0
116.38,0.0,0.0,9363,0.0,0.0,0.0,0.0
116.39,0.0,0.0,9363,0.0,0.0,0.0,0.0
116.4,0.0,0.0,9363,0.0,0.0,0.0,0.0
116.41,0.0,0.0,9363,0.0,0.0,0.0,0.0
116.42,0.0,0.0,9363,0.0,0.0,0.0,0.0
116.43,0.0,0.0,9363,0.0,0.0,0.0,0.0
116.44,0.0,0.0,9363,0.0,0.0,0.0,0.0
116.45,0.0,0.0,9363,0.0,0.0,0.0,0.0
116.46000000000001,0.0,0.0,9363,0.0,0.0,0.0,0.0
116.47,0.0,0.0,9363,0.0,0.0,0.0,0.0
116.48,0.0,0.0,9363,0.0,0.0,0.0,0.0
116.49000000000001,0.0,0.0,9363,0.0,0.0,0.0,0.0
116.5,0.0,0.0,9363,0.0,0.0,0.0,0.0
116.51,0.0,0.0,9363,0.0,0.0,0.0,0.0
116.52,0.0,0.0,9363,0.0,0.0,0.0,0.0
