t (s),Raw RPM,Filtered RPM,Revolutions,Torque,Power (W),N_Re,N_Po
0.0,0.0,0.0,23345,0.0,0.0,0.0,0.0
0.01,0.0,0.0,23345,0.0,0.0,0.0,0.0
0.02,0.0,0.0,23345,0.0,0.0,0.0,0.0
0.03,0.0,0.0,23345,0.0,0.0,0.0,0.0
0.04,0.0,0.0,23345,0.0,0.0,0.0,0.0
0.05,0.0,0.0,23345,0.0,0.0,0.0,0.0
0.06,0.0,0.0,23345,0.0,0.0,0.0,0.0
0.07,0.0,0.0,23345,0.0,0.0,0.0,0.0
0.08,0.0,0.0,23345,0.0,0.0,0.0,0.0
0.09,0.0,0.0,23345,0.0,0.0,0.0,0.0
0.1,0.0,0.0,23345,0.0,0.0,0.0,0.0
0.11,0.0,0.0,23345,0.0,0.0,0.0,0.0
0.12,0.0,0.0,23345,0.0,0.0,0.0,0.0
0.13,0.0,0.0,23345,0.0,0.0,0.0,0.0
0.14,0.0,0.0,23345,0.0,0.0,0.0,0.0
0.15,0.0,0.0,23345,0.0,0.0,0.0,0.0
0.16,0.0,0.0,23345,0.0,0.0,0.0,0.0
0.17,0.0,0.0,23345,0.0,0.0,0.0,0.0
0.18,0.0,0.0,23345,0.0,0.0,0.0,0.0
0.19,0.0,0.0,23345,0.0,0.0,0.0,0.0
0.2,0.0,0.0,23345,0.0,0.0,0.0,0.0
0.21,0.0,0.0,23345,0.0,0.0,0.0,0.0
0.22,0.0,0.0,23345,0.0,0.0,0.0,0.0
0.23,0.0,0.0,23345,0.0,0.0,0.0,0.0
0.24,0.0,0.0,23345,0.0,0.0,0.0,0.0
0.25,0.0,0.0,23345,0.0,0.0,0.0,0.0
0.26,0.0,0.0,23345,0.0,0.0,0.0,0.0
0.27,0.0,0.0,23345,0.0,0.0,0.0,0.0
0.28,0.0,0.0,23345,0.0,0.0,0.0,0.0
0.29,0.0,0.0,23345,0.0,0.0,0.0,0.0
0.3,0.0,0.0,23345,0.0,0.0,0.0,0.0
0.31,0.0,0.0,23345,0.0,0.0,0.0,0.0
0.32,0.0,0.0,23345,0.0,0.0,0.0,0.0
0.33,0.0,0.0,23345,0.0,0.0,0.0,0.0
0.34,0.0,0.0,23345,0.0,0.0,0.0,0.0
0.35000000000000003,0.0,0.0,23345,0.0,0.0,0.0,0.0
0.36,0.0,0.0,23345,0.0,0.0,0.0,0.0
0.37,0.0,0.0,23345,0.0,0.0,0.0,0.0
0.38,0.0,0.0,23345,0.0,0.0,0.0,0.0
0.39,0.0,0.0,23345,0.0,0.0,0.0,0.0
0.4,0.0,0.0,23345,0.0,0.0,0.0,0.0
0.41000000000000003,0.0,0.0,23345,0.0,0.0,0.0,0.0
0.42,0.0,0.0,23345,0.0,0.0,0.0,0.0
0.43,0.0,0.0,23345,0.0,0.0,0.0,0.0
0.44,0.0,0.0,23345,0.0,0.0,0.0,0.0
0.45,0.0,0.0,23345,0.0,0.0,0.0,0.0
0.46,0.0,0.0,23345,0.0,0.0,0.0,0.0
0.47000000000000003,0.0,0.0,23345,0.0,0.0,0.0,0.0
0.48,0.0,0.0,23345,0.0,0.0,0.0,0.0
0.49,0.0,0.0,23345,0.0,0.0,0.0,0.0
0.5,0.0,0.0,23345,0.0,0.0,0.0,0.0
0.51,0.0,0.0,23345,0.0,0.0,0.0,0.0
0.52,0.0,0.0,23345,0.0,0.0,0.0,0.0
0.53,0.0,0.0,23345,0.0,0.0,0.0,0.0
0.54,0.0,0.0,23345,0.0,0.0,0.0,0.0
0.55,0.0,0.0,23345,0.0,0.0,0.0,0.0
0.56,0.0,0.0,23345,0.0,0.0,0.0,0.0
0.5700000000000001,0.0,0.0,23345,0.0,0.0,0.0,0.0
0.58,0.0,0.0,23345,0.0,0.0,0.0,0.0
0.59,0.0,0.0,23345,0.0,0.0,0.0,0.0
0.6,0.0,0.0,23345,0.0,0.0,0.0,0.0
0.61,0.0,0.0,23345,0.0,0.0,0.0,0.0
0.62,0.0,0.0,23345,0.0,0.0,0.0,0.0
0.63,0.0,0.0,23345,0.0,0.0,0.0,0.0
0.64,0.0,0.0,23345,0.0,0.0,0.0,0.0
0.65,0.0,0.0,23345,0.0,0.0,0.0,0.0
0.66,0.0,0.0,23345,0.0,0.0,0.0,0.0
0.67,0.0,0.0,23345,0.0,0.0,0.0,0.0
0.68,0.0,0.0,23345,0.0,0.0,0.0,0.0
0.6900000000000001,0.0,0.0,23345,0.0,0.0,0.0,0.0
0.7000000000000001,0.0,0.0,23345,0.0,0.0,0.0,0.0
0.71,0.0,0.0,23345,0.0,0.0,0.0,0.0
0.72,0.0,0.0,23345,0.0,0.0,0.0,0.0
0.73,0.0,0.0,23345,0.0,0.0,0.0,0.0
0.74,0.0,0.0,23345,0.0,0.0,0.0,0.0
0.75,0.0,0.0,23345,0.0,0.0,0.0,0.0
0.76,0.0,0.0,23345,0.0,0.0,0.0,0.0
0.77,0.0,0.0,23345,0.0,0.0,0.0,0.0
0.78,0.0,0.0,23345,0.0,0.0,0.0,0.0
0.79,0.0,0.0,23345,0.0,0.0,0.0,0.0
0.8,0.0,0.0,23345,0.0,0.0,0.0,0.0
0.81,0.0,0.0,23345,0.0,0.0,0.0,0.0
0.8200000000000001,0.0,0.0,23345,0.0,0.0,0.0,0.0
0.8300000000000001,0.0,0.0,23345,0.0,0.0,0.0,0.0
0.84,0.0,0.0,23345,0.0,0.0,0.0,0.0
0.85,0.0,0.0,23345,0.0,0.0,0.0,0.0
0.86,0.0,0.0,23345,0.0,0.0,0.0,0.0
0.87,0.0,0.0,23345,0.0,0.0,0.0,0.0
0.88,0.0,0.0,23345,0.0,0.0,0.0,0.0
0.89,0.0,0.0,23345,0.0,0.0,0.0,0.0
0.9,0.0,0.0,23345,0.0,0.0,0.0,0.0
0.91,0.0,0.0,23345,0.0,0.0,0.0,0.0
0.92,0.0,0.0,23345,0.0,0.0,0.0,0.0
0.93,0.0,0.0,23345,0.0,0.0,0.0,0.0
0.9400000000000001,0.0,0.0,23345,0.0,0.0,0.0,0.0
0.9500000000000001,0.0,0.0,23345,0.0,0.0,0.0,0.0
0.96,0.0,0.0,23345,0.0,0.0,0.0,0.0
0.97,0.0,0.0,23345,0.0,0.0,0.0,0.0
0.98,0.0,0.0,23345,0.0,0.0,0.0,0.0
0.99,0.0,0.0,23345,0.0,0.0,0.0,0.0
1.0,0.0,0.0,23345,0.0,0.0,0.0,0.0
1.01,0.0,0.0,23345,0.0,0.0,0.0,0.0
1.02,0.0,0.0,23345,0.0,0.0,0.0,0.0
1.03,0.0,0.0,23345,0.0,0.0,0.0,0.0
1.04,0.0,0.0,23345,0.0,0.0,0.0,0.0
1.05,0.0,0.0,23345,0.0,0.0,0.0,0.0
1.06,0.0,0.0,23345,0.0,0.0,0.0,0.0
1.07,0.0,0.0,23345,0.0,0.0,0.0,0.0
1.08,0.0,0.0,23345,0.0,0.0,0.0,0.0
1.09,0.0,0.0,23345,0.0,0.0,0.0,0.0
1.1,0.0,0.0,23345,0.0,0.0,0.0,0.0
1.11,0.0,0.0,23345,0.0,0.0,0.0,0.0
1.12,0.0,0.0,23345,0.0,0.0,0.0,0.0
1.1300000000000001,0.0,0.0,23345,0.0,0.0,0.0,0.0
1.1400000000000001,0.0,0.0,23345,0.0,0.0,0.0,0.0
1.1500000000000001,0.0,0.0,23345,0.0,0.0,0.0,0.0
1.16,0.0,0.0,23345,0.0,0.0,0.0,0.0
1.17,0.0,0.0,23345,0.0,0.0,0.0,0.0
1.18,0.0,0.0,23345,0.0,0.0,0.0,0.0
1.19,0.0,0.0,23345,0.0,0.0,0.0,0.0
1.2,0.0,0.0,23345,0.0,0.0,0.0,0.0
1.21,0.0,0.0,23345,0.0,0.0,0.0,0.0
1.22,0.0,0.0,23345,0.0,0.0,0.0,0.0
1.23,0.0,0.0,23345,0.0,0.0,0.0,0.0
1.24,0.0,0.0,23345,0.0,0.0,0.0,0.0
1.25,0.0,0.0,23345,0.0,0.0,0.0,0.0
1.26,0.0,0.0,23345,0.0,0.0,0.0,0.0
1.27,0.0,0.0,23345,0.0,0.0,0.0,0.0
1.28,0.0,0.0,23345,0.0,0.0,0.0,0.0
1.29,0.0,0.0,23345,0.0,0.0,0.0,0.0
1.3,0.0,0.0,23345,0.0,0.0,0.0,0.0
1.31,0.0,0.0,23345,0.0,0.0,0.0,0.0
1.32,0.0,0.0,23345,0.0,0.0,0.0,0.0
1.33,0.0,0.0,23345,0.0,0.0,0.0,0.0
1.34,0.0,0.0,23345,0.0,0.0,0.0,0.0
1.35,0.0,0.0,23345,0.0,0.0,0.0,0.0
1.36,0.0,0.0,23345,0.0,0.0,0.0,0.0
1.37,0.0,0.0,23345,0.0,0.0,0.0,0.0
1.3800000000000001,0.0,0.0,23345,0.0,0.0,0.0,0.0
1.3900000000000001,0.0,0.0,23345,0.0,0.0,0.0,0.0
1.4000000000000001,0.0,0.0,23345,0.0,0.0,0.0,0.0
1.41,0.0,0.0,23345,0.0,0.0,0.0,0.0
1.42,0.0,0.0,23345,0.0,0.0,0.0,0.0
1.43,0.0,0.0,23345,0.0,0.0,0.0,0.0
1.44,0.0,0.0,23345,0.0,0.0,0.0,0.0
1.45,0.0,0.0,23345,0.0,0.0,0.0,0.0
1.46,0.0,0.0,23345,0.0,0.0,0.0,0.0
1.47,0.0,0.0,23345,0.0,0.0,0.0,0.0
1.48,0.0,0.0,23345,0.0,0.0,0.0,0.0
1.49,0.0,0.0,23345,0.0,0.0,0.0,0.0
1.5,0.0,0.0,23345,0.0,0.0,0.0,0.0
1.51,0.0,0.0,23345,0.0,0.0,0.0,0.0
1.52,0.0,0.0,23345,0.0,0.0,0.0,0.0
1.53,0.0,0.0,23345,0.0,0.0,0.0,0.0
1.54,0.0,0.0,23345,0.0,0.0,0.0,0.0
1.55,0.0,0.0,23345,0.0,0.0,0.0,0.0
1.56,0.0,0.0,23345,0.0,0.0,0.0,0.0
1.57,0.0,0.0,23345,0.0,0.0,0.0,0.0
1.58,0.0,0.0,23345,0.0,0.0,0.0,0.0
1.59,0.0,0.0,23345,0.0,0.0,0.0,0.0
1.6,0.0,0.0,23345,0.0,0.0,0.0,0.0
1.61,0.0,0.0,23345,0.0,0.0,0.0,0.0
1.62,0.0,0.0,23345,0.0,0.0,0.0,0.0
1.6300000000000001,0.0,0.0,23345,0.0,0.0,0.0,0.0
1.6400000000000001,0.0,0.0,23345,0.0,0.0,0.0,0.0
1.6500000000000001,0.0,0.0,23345,0.0,0.0,0.0,0.0
1.6600000000000001,0.0,0.0,23345,0.0,0.0,0.0,0.0
1.67,0.0,0.0,23345,0.0,0.0,0.0,0.0
1.68,0.0,0.0,23345,0.0,0.0,0.0,0.0
1.69,0.0,0.0,23345,0.0,0.0,0.0,0.0
1.7,0.0,0.0,23345,0.0,0.0,0.0,0.0
1.71,0.0,0.0,23345,0.0,0.0,0.0,0.0
1.72,0.0,0.0,23345,0.0,0.0,0.0,0.0
1.73,0.0,0.0,23345,0.0,0.0,0.0,0.0
1.74,0.0,0.0,23345,0.0,0.0,0.0,0.0
1.75,0.0,0.0,23345,0.0,0.0,0.0,0.0
1.76,0.0,0.0,23345,0.0,0.0,0.0,0.0
1.77,0.0,0.0,23345,0.0,0.0,0.0,0.0
1.78,0.0,0.0,23345,0.0,0.0,0.0,0.0
1.79,0.0,0.0,23345,0.0,0.0,0.0,0.0
1.8,0.0,0.0,23345,0.0,0.0,0.0,0.0
1.81,0.0,0.0,23345,0.0,0.0,0.0,0.0
1.82,0.0,0.0,23345,0.0,0.0,0.0,0.0
1.83,0.0,0.0,23345,0.0,0.0,0.0,0.0
1.84,0.0,0.0,23345,0.0,0.0,0.0,0.0
1.85,0.0,0.0,23345,0.0,0.0,0.0,0.0
1.86,0.0,0.0,23345,0.0,0.0,0.0,0.0
1.87,0.0,0.0,23345,0.0,0.0,0.0,0.0
1.8800000000000001,0.0,0.0,23345,0.0,0.0,0.0,0.0
1.8900000000000001,0.0,0.0,23345,0.0,0.0,0.0,0.0
1.9000000000000001,0.0,0.0,23345,0.0,0.0,0.0,0.0
1.9100000000000001,0.0,0.0,23345,0.0,0.0,0.0,0.0
1.92,0.0,0.0,23345,0.0,0.0,0.0,0.0
1.93,0.0,0.0,23345,0.0,0.0,0.0,0.0
1.94,0.0,0.0,23345,0.0,0.0,0.0,0.0
1.95,0.0,0.0,23345,0.0,0.0,0.0,0.0
1.96,0.0,0.0,23345,0.0,0.0,0.0,0.0
1.97,0.0,0.0,23345,0.0,0.0,0.0,0.0
1.98,0.0,0.0,23345,0.0,0.0,0.0,0.0
1.99,0.0,0.0,23345,0.0,0.0,0.0,0.0
2.0,0.0,0.0,23345,0.0,0.0,0.0,0.0
2.0100000000000002,0.0,0.0,23345,0.0,0.0,0.0,0.0
2.02,0.0,0.0,23345,0.0,0.0,0.0,0.0
2.0300000000000002,0.0,0.0,23345,0.0,0.0,0.0,0.0
2.04,0.0,0.0,23345,0.0,0.0,0.0,0.0
2.05,0.0,0.0,23345,0.0,0.0,0.0,0.0
2.06,0.0,0.0,23345,0.0,0.0,0.0,0.0
2.07,0.0,0.0,23345,0.0,0.0,0.0,0.0
2.08,0.0,0.0,23345,0.0,0.0,0.0,0.0
2.09,0.0,0.0,23345,0.0,0.0,0.0,0.0
2.1,0.0,0.0,23345,0.0,0.0,0.0,0.0
2.11,0.0,0.0,23345,0.0,0.0,0.0,0.0
2.12,0.0,0.0,23345,0.0,0.0,0.0,0.0
2.13,0.0,0.0,23345,0.0,0.0,0.0,0.0
2.14,0.0,0.0,23345,0.0,0.0,0.0,0.0
2.15,0.0,0.0,23345,0.0,0.0,0.0,0.0
2.16,0.0,0.0,23345,0.0,0.0,0.0,0.0
2.17,0.0,0.0,23345,0.0,0.0,0.0,0.0
2.18,0.0,0.0,23345,0.0,0.0,0.0,0.0
2.19,0.0,0.0,23345,0.0,0.0,0.0,0.0
2.2,0.0,0.0,23345,0.0,0.0,0.0,0.0
2.21,0.0,0.0,23345,0.0,0.0,0.0,0.0
2.22,0.0,0.0,23345,0.0,0.0,0.0,0.0
2.23,0.0,0.0,23345,0.0,0.0,0.0,0.0
2.24,0.0,0.0,23345,0.0,0.0,0.0,0.0
2.25,0.0,0.0,23345,0.0,0.0,0.0,0.0
2.2600000000000002,0.0,0.0,23345,0.0,0.0,0.0,0.0
2.27,0.0,0.0,23345,0.0,0.0,0.0,0.0
2.2800000000000002,0.0,0.0,23345,0.0,0.0,0.0,0.0
2.29,0.0,0.0,23345,0.0,0.0,0.0,0.0
2.3000000000000003,0.0,0.0,23345,0.0,0.0,0.0,0.0
2.31,0.0,0.0,23345,0.0,0.0,0.0,0.0
2.32,0.0,0.0,23345,0.0,0.0,0.0,0.0
2.33,0.0,0.0,23345,0.0,0.0,0.0,0.0
2.34,0.0,0.0,23345,0.0,0.0,0.0,0.0
2.35,0.0,0.0,23345,0.0,0.0,0.0,0.0
2.36,0.0,0.0,23345,0.0,0.0,0.0,0.0
2.37,0.0,0.0,23345,0.0,0.0,0.0,0.0
2.38,0.0,0.0,23345,0.0,0.0,0.0,0.0
2.39,0.0,0.0,23345,0.0,0.0,0.0,0.0
2.4,0.0,0.0,23345,0.0,0.0,0.0,0.0
2.41,0.0,0.0,23345,0.0,0.0,0.0,0.0
2.42,0.0,0.0,23345,0.0,0.0,0.0,0.0
2.43,0.0,0.0,23345,0.0,0.0,0.0,0.0
2.44,0.0,0.0,23345,0.0,0.0,0.0,0.0
2.45,0.0,0.0,23345,0.0,0.0,0.0,0.0
2.46,0.0,0.0,23345,0.0,0.0,0.0,0.0
2.47,0.0,0.0,23345,0.0,0.0,0.0,0.0
2.48,0.0,0.0,23345,0.0,0.0,0.0,0.0
2.49,0.0,0.0,23345,0.0,0.0,0.0,0.0
2.5,0.0,0.0,23345,0.0,0.0,0.0,0.0
2.5100000000000002,0.0,0.0,23345,0.0,0.0,0.0,0.0
2.52,0.0,0.0,23345,0.0,0.0,0.0,0.0
2.5300000000000002,0.0,0.0,23345,0.0,0.0,0.0,0.0
2.54,0.0,0.0,23345,0.0,0.0,0.0,0.0
2.5500000000000003,0.0,0.0,23345,0.0,0.0,0.0,0.0
2.56,0.0,0.0,23345,0.0,0.0,0.0,0.0
2.57,0.0,0.0,23345,0.0,0.0,0.0,0.0
2.58,0.0,0.0,23345,0.0,0.0,0.0,0.0
2.59,0.0,0.0,23345,0.0,0.0,0.0,0.0
2.6,0.0,0.0,23345,0.0,0.0,0.0,0.0
2.61,0.0,0.0,23345,0.0,0.0,0.0,0.0
2.62,0.0,0.0,23345,0.0,0.0,0.0,0.0
2.63,0.0,0.0,23345,0.0,0.0,0.0,0.0
2.64,0.0,0.0,23345,0.0,0.0,0.0,0.0
2.65,0.0,0.0,23345,0.0,0.0,0.0,0.0
2.66,0.0,0.0,23345,0.0,0.0,0.0,0.0
2.67,0.0,0.0,23345,0.0,0.0,0.0,0.0
2.68,0.0,0.0,23345,0.0,0.0,0.0,0.0
2.69,0.0,0.0,23345,0.0,0.0,0.0,0.0
2.7,0.0,0.0,23345,0.0,0.0,0.0,0.0
2.71,0.0,0.0,23345,0.0,0.0,0.0,0.0
2.72,0.0,0.0,23345,0.0,0.0,0.0,0.0
2.73,0.0,0.0,23345,0.0,0.0,0.0,0.0
2.74,0.0,0.0,23345,0.0,0.0,0.0,0.0
2.75,0.0,0.0,23345,0.0,0.0,0.0,0.0
2.7600000000000002,0.0,0.0,23345,0.0,0.0,0.0,0.0
2.77,0.0,0.0,23345,0.0,0.0,0.0,0.0
2.7800000000000002,0.0,0.0,23345,0.0,0.0,0.0,0.0
2.79,0.0,0.0,23345,0.0,0.0,0.0,0.0
2.8000000000000003,0.0,0.0,23345,0.0,0.0,0.0,0.0
2.81,0.0,0.0,23345,0.0,0.0,0.0,0.0
2.82,0.0,0.0,23345,0.0,0.0,0.0,0.0
2.83,0.0,0.0,23345,0.0,0.0,0.0,0.0
2.84,0.0,0.0,23345,0.0,0.0,0.0,0.0
2.85,0.0,0.0,23345,0.0,0.0,0.0,0.0
2.86,0.0,0.0,23345,0.0,0.0,0.0,0.0
2.87,0.0,0.0,23345,0.0,0.0,0.0,0.0
2.88,0.0,0.0,23345,0.0,0.0,0.0,0.0
2.89,0.0,0.0,23345,0.0,0.0,0.0,0.0
2.9,0.0,0.0,23345,0.0,0.0,0.0,0.0
2.91,0.0,0.0,23345,0.0,0.0,0.0,0.0
2.92,0.0,0.0,23345,0.0,0.0,0.0,0.0
2.93,0.0,0.0,23345,0.0,0.0,0.0,0.0
2.94,0.0,0.0,23345,0.0,0.0,0.0,0.0
2.95,0.0,0.0,23345,0.0,0.0,0.0,0.0
2.96,0.0,0.0,23345,0.0,0.0,0.0,0.0
2.97,0.0,0.0,23345,0.0,0.0,0.0,0.0
2.98,0.0,0.0,23345,0.0,0.0,0.0,0.0
2.99,0.0,0.0,23345,0.0,0.0,0.0,0.0
3.0,0.0,0.0,23345,0.0,0.0,0.0,0.0
3.0100000000000002,0.0,0.0,23345,0.0,0.0,0.0,0.0
3.02,0.0,0.0,23345,0.0,0.0,0.0,0.0
3.0300000000000002,0.0,0.0,23345,0.0,0.0,0.0,0.0
3.04,0.0,0.0,23345,0.0,0.0,0.0,0.0
3.0500000000000003,0.0,0.0,23345,0.0,0.0,0.0,0.0
3.06,0.0,0.0,23345,0.0,0.0,0.0,0.0
3.0700000000000003,0.0,0.0,23345,0.0,0.0,0.0,0.0
3.08,0.0,0.0,23345,0.0,0.0,0.0,0.0
3.09,0.0,0.0,23345,0.0,0.0,0.0,0.0
3.1,0.0,0.0,23345,0.0,0.0,0.0,0.0
3.11,0.0,0.0,23345,0.0,0.0,0.0,0.0
3.12,0.0,0.0,23345,0.0,0.0,0.0,0.0
3.13,0.0,0.0,23345,0.0,0.0,0.0,0.0
3.14,0.0,0.0,23345,0.0,0.0,0.0,0.0
3.15,0.0,0.0,23345,0.0,0.0,0.0,0.0
3.16,0.0,0.0,23345,0.0,0.0,0.0,0.0
3.17,0.0,0.0,23345,0.0,0.0,0.0,0.0
3.18,0.0,0.0,23345,0.0,0.0,0.0,0.0
3.19,0.0,0.0,23345,0.0,0.0,0.0,0.0
3.2,0.0,0.0,23345,0.0,0.0,0.0,0.0
3.21,0.0,0.0,23345,0.0,0.0,0.0,0.0
3.22,0.0,0.0,23345,0.0,0.0,0.0,0.0
3.23,0.0,0.0,23345,0.0,0.0,0.0,0.0
3.24,0.0,0.0,23345,0.0,0.0,0.0,0.0
3.25,0.0,0.0,23345,0.0,0.0,0.0,0.0
3.2600000000000002,0.0,0.0,23345,0.0,0.0,0.0,0.0
3.27,0.0,0.0,23345,0.0,0.0,0.0,0.0
3.2800000000000002,0.0,0.0,23345,0.0,0.0,0.0,0.0
3.29,0.0,0.0,23345,0.0,0.0,0.0,0.0
3.3000000000000003,0.0,0.0,23345,0.0,0.0,0.0,0.0
3.31,0.0,0.0,23345,0.0,0.0,0.0,0.0
3.3200000000000003,0.0,0.0,23345,0.0,0.0,0.0,0.0
3.33,0.0,0.0,23345,0.0,0.0,0.0,0.0
3.34,0.0,0.0,23345,0.0,0.0,0.0,0.0
3.35,0.0,0.0,23345,0.0,0.0,0.0,0.0
3.36,0.0,0.0,23345,0.0,0.0,0.0,0.0
3.37,0.0,0.0,23345,0.0,0.0,0.0,0.0
3.38,0.0,0.0,23345,0.0,0.0,0.0,0.0
3.39,0.0,0.0,23345,0.0,0.0,0.0,0.0
3.4,0.0,0.0,23345,0.0,0.0,0.0,0.0
3.41,0.0,0.0,23345,0.0,0.0,0.0,0.0
3.42,0.0,0.0,23345,0.0,0.0,0.0,0.0
3.43,0.0,0.0,23345,0.0,0.0,0.0,0.0
3.44,0.0,0.0,23345,0.0,0.0,0.0,0.0
3.45,0.0,0.0,23345,0.0,0.0,0.0,0.0
3.46,0.0,0.0,23345,0.0,0.0,0.0,0.0
3.47,0.0,0.0,23345,0.0,0.0,0.0,0.0
3.48,0.0,0.0,23345,0.0,0.0,0.0,0.0
3.49,0.0,0.0,23345,0.0,0.0,0.0,0.0
3.5,0.0,0.0,23345,0.0,0.0,0.0,0.0
3.5100000000000002,0.0,0.0,23345,0.0,0.0,0.0,0.0
3.52,0.0,0.0,23345,0.0,0.0,0.0,0.0
3.5300000000000002,0.0,0.0,23345,0.0,0.0,0.0,0.0
3.54,0.0,0.0,23345,0.0,0.0,0.0,0.0
3.5500000000000003,0.0,0.0,23345,0.0,0.0,0.0,0.0
3.56,0.0,0.0,23345,0.0,0.0,0.0,0.0
3.5700000000000003,0.0,0.0,23345,0.0,0.0,0.0,0.0
3.58,0.0,0.0,23345,0.0,0.0,0.0,0.0
3.59,0.0,0.0,23345,0.0,0.0,0.0,0.0
3.6,0.0,0.0,23345,0.0,0.0,0.0,0.0
3.61,0.0,0.0,23345,0.0,0.0,0.0,0.0
3.62,0.0,0.0,23345,0.0,0.0,0.0,0.0
3.63,0.0,0.0,23345,0.0,0.0,0.0,0.0
3.64,0.0,0.0,23345,0.0,0.0,0.0,0.0
3.65,0.0,0.0,23345,0.0,0.0,0.0,0.0
3.66,0.0,0.0,23345,0.0,0.0,0.0,0.0
3.67,0.0,0.0,23345,0.0,0.0,0.0,0.0
3.68,0.0,0.0,23345,0.0,0.0,0.0,0.0
3.69,0.0,0.0,23345,0.0,0.0,0.0,0.0
3.7,0.0,0.0,23345,0.0,0.0,0.0,0.0
3.71,0.0,0.0,23345,0.0,0.0,0.0,0.0
3.72,0.0,0.0,23345,0.0,0.0,0.0,0.0
3.73,0.0,0.0,23345,0.0,0.0,0.0,0.0
3.74,0.0,0.0,23345,0.0,0.0,0.0,0.0
3.75,0.0,0.0,23345,0.0,0.0,0.0,0.0
3.7600000000000002,0.0,0.0,23345,0.0,0.0,0.0,0.0
3.77,0.0,0.0,23345,0.0,0.0,0.0,0.0
3.7800000000000002,0.0,0.0,23345,0.0,0.0,0.0,0.0
3.79,0.0,0.0,23345,0.0,0.0,0.0,0.0
3.8000000000000003,0.0,0.0,23345,0.0,0.0,0.0,0.0
3.81,0.0,0.0,23345,0.0,0.0,0.0,0.0
3.8200000000000003,0.0,0.0,23345,0.0,0.0,0.0,0.0
3.83,0.0,0.0,23345,0.0,0.0,0.0,0.0
3.84,0.0,0.0,23345,0.0,0.0,0.0,0.0
3.85,0.0,0.0,23345,0.0,0.0,0.0,0.0
3.86,0.0,0.0,23345,0.0,0.0,0.0,0.0
3.87,0.0,0.0,23345,0.0,0.0,0.0,0.0
3.88,0.0,0.0,23345,0.0,0.0,0.0,0.0
3.89,0.0,0.0,23345,0.0,0.0,0.0,0.0
3.9,0.0,0.0,23345,0.0,0.0,0.0,0.0
3.91,0.0,0.0,23345,0.0,0.0,0.0,0.0
3.92,0.0,0.0,23345,0.0,0.0,0.0,0.0
3.93,0.0,0.0,23345,0.0,0.0,0.0,0.0
3.94,0.0,0.0,23345,0.0,0.0,0.0,0.0
3.95,0.0,0.0,23345,0.0,0.0,0.0,0.0
3.96,0.0,0.0,23345,0.0,0.0,0.0,0.0
3.97,0.0,0.0,23345,0.0,0.0,0.0,0.0
3.98,0.0,0.0,23345,0.0,0.0,0.0,0.0
3.99,0.0,0.0,23345,0.0,0.0,0.0,0.0
4.0,0.0,0.0,23345,0.0,0.0,0.0,0.0
4.01,0.0,0.0,23345,0.0,0.0,0.0,0.0
4.0200000000000005,0.0,0.0,23345,0.0,0.0,0.0,0.0
4.03,0.0,0.0,23345,0.0,0.0,0.0,0.0
4.04,0.0,0.0,23345,0.0,0.0,0.0,0.0
4.05,0.0,0.0,23345,0.0,0.0,0.0,0.0
4.0600000000000005,0.0,0.0,23345,0.0,0.0,0.0,0.0
4.07,0.0,0.0,23345,0.0,0.0,0.0,0.0
4.08,0.0,0.0,23345,0.0,0.0,0.0,0.0
4.09,0.0,0.0,23345,0.0,0.0,0.0,0.0
4.1,0.0,0.0,23345,0.0,0.0,0.0,0.0
4.11,0.0,0.0,23345,0.0,0.0,0.0,0.0
4.12,0.0,0.0,23345,0.0,0.0,0.0,0.0
4.13,0.0,0.0,23345,0.0,0.0,0.0,0.0
4.14,0.0,0.0,23345,0.0,0.0,0.0,0.0
4.15,0.0,0.0,23345,0.0,0.0,0.0,0.0
4.16,0.0,0.0,23345,0.0,0.0,0.0,0.0
4.17,0.0,0.0,23345,0.0,0.0,0.0,0.0
4.18,0.0,0.0,23345,0.0,0.0,0.0,0.0
4.19,0.0,0.0,23345,0.0,0.0,0.0,0.0
4.2,0.0,0.0,23345,0.0,0.0,0.0,0.0
4.21,0.0,0.0,23345,0.0,0.0,0.0,0.0
4.22,0.0,0.0,23345,0.0,0.0,0.0,0.0
4.23,0.0,0.0,23345,0.0,0.0,0.0,0.0
4.24,0.0,0.0,23345,0.0,0.0,0.0,0.0
4.25,0.0,0.0,23345,0.0,0.0,0.0,0.0
4.26,0.0,0.0,23345,0.0,0.0,0.0,0.0
4.2700000000000005,0.0,0.0,23345,0.0,0.0,0.0,0.0
4.28,0.0,0.0,23345,0.0,0.0,0.0,0.0
4.29,0.0,0.0,23345,0.0,0.0,0.0,0.0
4.3,0.0,0.0,23345,0.0,0.0,0.0,0.0
4.3100000000000005,0.0,0.0,23345,0.0,0.0,0.0,0.0
4.32,0.0,0.0,23345,0.0,0.0,0.0,0.0
4.33,0.0,0.0,23345,0.0,0.0,0.0,0.0
4.34,0.0,0.0,23345,0.0,0.0,0.0,0.0
4.3500000000000005,0.0,0.0,23345,0.0,0.0,0.0,0.0
4.36,0.0,0.0,23345,0.0,0.0,0.0,0.0
4.37,0.0,0.0,23345,0.0,0.0,0.0,0.0
4.38,0.0,0.0,23345,0.0,0.0,0.0,0.0
4.39,0.0,0.0,23345,0.0,0.0,0.0,0.0
4.4,0.0,0.0,23345,0.0,0.0,0.0,0.0
4.41,0.0,0.0,23345,0.0,0.0,0.0,0.0
4.42,0.0,0.0,23345,0.0,0.0,0.0,0.0
4.43,0.0,0.0,23345,0.0,0.0,0.0,0.0
4.44,0.0,0.0,23345,0.0,0.0,0.0,0.0
4.45,0.0,0.0,23345,0.0,0.0,0.0,0.0
4.46,0.0,0.0,23345,0.0,0.0,0.0,0.0
4.47,0.0,0.0,23345,0.0,0.0,0.0,0.0
4.48,0.0,0.0,23345,0.0,0.0,0.0,0.0
4.49,0.0,0.0,23345,0.0,0.0,0.0,0.0
4.5,0.0,0.0,23345,0.0,0.0,0.0,0.0
4.51,0.0,0.0,23345,0.0,0.0,0.0,0.0
4.5200000000000005,0.0,0.0,23345,0.0,0.0,0.0,0.0
4.53,0.0,0.0,23345,0.0,0.0,0.0,0.0
4.54,0.0,0.0,23345,0.0,0.0,0.0,0.0
4.55,0.0,0.0,23345,0.0,0.0,0.0,0.0
4.5600000000000005,0.0,0.0,23345,0.0,0.0,0.0,0.0
4.57,0.0,0.0,23345,0.0,0.0,0.0,0.0
4.58,0.0,0.0,23345,0.0,0.0,0.0,0.0
4.59,0.0,0.0,23345,0.0,0.0,0.0,0.0
4.6000000000000005,0.0,0.0,23345,0.0,0.0,0.0,0.0
4.61,0.0,0.0,23345,0.0,0.0,0.0,0.0
4.62,0.0,0.0,23345,0.0,0.0,0.0,0.0
4.63,0.0,0.0,23345,0.0,0.0,0.0,0.0
4.64,0.0,0.0,23345,0.0,0.0,0.0,0.0
4.65,0.0,0.0,23345,0.0,0.0,0.0,0.0
4.66,0.0,0.0,23345,0.0,0.0,0.0,0.0
4.67,0.0,0.0,23345,0.0,0.0,0.0,0.0
4.68,0.0,0.0,23345,0.0,0.0,0.0,0.0
4.69,0.0,0.0,23345,0.0,0.0,0.0,0.0
4.7,0.0,0.0,23345,0.0,0.0,0.0,0.0
4.71,0.0,0.0,23345,0.0,0.0,0.0,0.0
4.72,0.0,0.0,23345,0.0,0.0,0.0,0.0
4.73,0.0,0.0,23345,0.0,0.0,0.0,0.0
4.74,0.0,0.0,23345,0.0,0.0,0.0,0.0
4.75,0.0,0.0,23345,0.0,0.0,0.0,0.0
4.76,0.0,0.0,23345,0.0,0.0,0.0,0.0
4.7700000000000005,0.0,0.0,23345,0.0,0.0,0.0,0.0
4.78,0.0,0.0,23345,0.0,0.0,0.0,0.0
4.79,0.0,0.0,23345,0.0,0.0,0.0,0.0
4.8,0.0,0.0,23345,0.0,0.0,0.0,0.0
4.8100000000000005,0.0,0.0,23345,0.0,0.0,0.0,0.0
4.82,0.0,0.0,23345,0.0,0.0,0.0,0.0
4.83,0.0,0.0,23345,0.0,0.0,0.0,0.0
4.84,0.0,0.0,23345,0.0,0.0,0.0,0.0
4.8500000000000005,0.0,0.0,23345,0.0,0.0,0.0,0.0
4.86,0.0,0.0,23345,0.0,0.0,0.0,0.0
4.87,0.0,0.0,23345,0.0,0.0,0.0,0.0
4.88,0.0,0.0,23345,0.0,0.0,0.0,0.0
4.89,0.0,0.0,23345,0.0,0.0,0.0,0.0
4.9,0.0,0.0,23345,0.0,0.0,0.0,0.0
4.91,0.0,0.0,23345,0.0,0.0,0.0,0.0
4.92,0.0,0.0,23345,0.0,0.0,0.0,0.0
4.93,0.0,0.0,23345,0.0,0.0,0.0,0.0
4.94,0.0,0.0,23345,0.0,0.0,0.0,0.0
4.95,0.0,0.0,23345,0.0,0.0,0.0,0.0
4.96,0.0,0.0,23345,0.0,0.0,0.0,0.0
4.97,0.0,0.0,23345,0.0,0.0,0.0,0.0
4.98,0.0,0.0,23345,0.0,0.0,0.0,0.0
4.99,0.0,0.0,23345,0.0,0.0,0.0,0.0
5.0,0.0,0.0,23345,0.0,0.0,0.0,0.0
5.01,0.0,0.0,23345,0.0,0.0,0.0,0.0
5.0200000000000005,0.0,0.0,23345,0.0,0.0,0.0,0.0
5.03,0.0,0.0,23345,0.0,0.0,0.0,0.0
5.04,0.0,0.0,23345,0.0,0.0,0.0,0.0
5.05,0.0,0.0,23345,0.0,0.0,0.0,0.0
5.0600000000000005,0.0,0.0,23345,0.0,0.0,0.0,0.0
5.07,0.0,0.0,23345,0.0,0.0,0.0,0.0
5.08,0.0,0.0,23345,0.0,0.0,0.0,0.0
5.09,0.0,0.0,23345,0.0,0.0,0.0,0.0
5.1000000000000005,0.0,0.0,23345,0.0,0.0,0.0,0.0
5.11,0.0,0.0,23345,0.0,0.0,0.0,0.0
5.12,0.0,0.0,23345,0.0,0.0,0.0,0.0
5.13,0.0,0.0,23345,0.0,0.0,0.0,0.0
5.14,0.0,0.0,23345,0.0,0.0,0.0,0.0
5.15,0.0,0.0,23345,0.0,0.0,0.0,0.0
5.16,0.0,0.0,23345,0.0,0.0,0.0,0.0
5.17,0.0,0.0,23345,0.0,0.0,0.0,0.0
5.18,0.0,0.0,23345,0.0,0.0,0.0,0.0
5.19,0.0,0.0,23345,0.0,0.0,0.0,0.0
5.2,0.0,0.0,23345,0.0,0.0,0.0,0.0
5.21,0.0,0.0,23345,0.0,0.0,0.0,0.0
5.22,0.0,0.0,23345,0.0,0.0,0.0,0.0
5.23,0.0,0.0,23345,0.0,0.0,0.0,0.0
5.24,0.0,0.0,23345,0.0,0.0,0.0,0.0
5.25,0.0,0.0,23345,0.0,0.0,0.0,0.0
5.26,0.0,0.0,23345,0.0,0.0,0.0,0.0
5.2700000000000005,0.0,0.0,23345,0.0,0.0,0.0,0.0
5.28,0.0,0.0,23345,0.0,0.0,0.0,0.0
5.29,0.0,0.0,23345,0.0,0.0,0.0,0.0
5.3,0.0,0.0,23345,0.0,0.0,0.0,0.0
5.3100000000000005,0.0,0.0,23345,0.0,0.0,0.0,0.0
5.32,0.0,0.0,23345,0.0,0.0,0.0,0.0
5.33,0.0,0.0,23345,0.0,0.0,0.0,0.0
5.34,0.0,0.0,23345,0.0,0.0,0.0,0.0
5.3500000000000005,0.0,0.0,23345,0.0,0.0,0.0,0.0
5.36,0.0,0.0,23345,0.0,0.0,0.0,0.0
5.37,0.0,0.0,23345,0.0,0.0,0.0,0.0
5.38,0.0,0.0,23345,0.0,0.0,0.0,0.0
5.39,0.0,0.0,23345,0.0,0.0,0.0,0.0
5.4,0.0,0.0,23345,0.0,0.0,0.0,0.0
5.41,0.0,0.0,23345,0.0,0.0,0.0,0.0
5.42,0.0,0.0,23345,0.0,0.0,0.0,0.0
5.43,0.0,0.0,23345,0.0,0.0,0.0,0.0
5.44,0.0,0.0,23345,0.0,0.0,0.0,0.0
5.45,0.0,0.0,23345,0.0,0.0,0.0,0.0
5.46,0.0,0.0,23345,0.0,0.0,0.0,0.0
5.47,0.0,0.0,23345,0.0,0.0,0.0,0.0
5.48,0.0,0.0,23345,0.0,0.0,0.0,0.0
5.49,0.0,0.0,23345,0.0,0.0,0.0,0.0
5.5,0.0,0.0,23345,0.0,0.0,0.0,0.0
5.51,0.0,0.0,23345,0.0,0.0,0.0,0.0
5.5200000000000005,0.0,0.0,23345,0.0,0.0,0.0,0.0
5.53,0.0,0.0,23345,0.0,0.0,0.0,0.0
5.54,0.0,0.0,23345,0.0,0.0,0.0,0.0
5.55,0.0,0.0,23345,0.0,0.0,0.0,0.0
5.5600000000000005,0.0,0.0,23345,0.0,0.0,0.0,0.0
5.57,0.0,0.0,23345,0.0,0.0,0.0,0.0
5.58,0.0,0.0,23345,0.0,0.0,0.0,0.0
5.59,0.0,0.0,23345,0.0,0.0,0.0,0.0
5.6000000000000005,0.0,0.0,23345,0.0,0.0,0.0,0.0
5.61,0.0,0.0,23345,0.0,0.0,0.0,0.0
5.62,0.0,0.0,23345,0.0,0.0,0.0,0.0
5.63,0.0,0.0,23345,0.0,0.0,0.0,0.0
5.64,0.0,0.0,23345,0.0,0.0,0.0,0.0
5.65,0.0,0.0,23345,0.0,0.0,0.0,0.0
5.66,0.0,0.0,23345,0.0,0.0,0.0,0.0
5.67,0.0,0.0,23345,0.0,0.0,0.0,0.0
5.68,0.0,0.0,23345,0.0,0.0,0.0,0.0
5.69,0.0,0.0,23345,0.0,0.0,0.0,0.0
5.7,0.0,0.0,23345,0.0,0.0,0.0,0.0
5.71,0.0,0.0,23345,0.0,0.0,0.0,0.0
5.72,0.0,0.0,23345,0.0,0.0,0.0,0.0
5.73,0.0,0.0,23345,0.0,0.0,0.0,0.0
5.74,0.0,0.0,23345,0.0,0.0,0.0,0.0
5.75,0.0,0.0,23345,0.0,0.0,0.0,0.0
5.76,0.0,0.0,23345,0.0,0.0,0.0,0.0
5.7700000000000005,0.0,0.0,23345,0.0,0.0,0.0,0.0
5.78,0.0,0.0,23345,0.0,0.0,0.0,0.0
5.79,0.0,0.0,23345,0.0,0.0,0.0,0.0
5.8,0.0,0.0,23345,0.0,0.0,0.0,0.0
5.8100000000000005,0.0,0.0,23345,0.0,0.0,0.0,0.0
5.82,0.0,0.0,23345,0.0,0.0,0.0,0.0
5.83,0.0,0.0,23345,0.0,0.0,0.0,0.0
5.84,0.0,0.0,23345,0.0,0.0,0.0,0.0
5.8500000000000005,0.0,0.0,23345,0.0,0.0,0.0,0.0
5.86,0.0,0.0,23345,0.0,0.0,0.0,0.0
5.87,0.0,0.0,23345,0.0,0.0,0.0,0.0
5.88,0.0,0.0,23345,0.0,0.0,0.0,0.0
5.89,0.0,0.0,23345,0.0,0.0,0.0,0.0
5.9,0.0,0.0,23345,0.0,0.0,0.0,0.0
5.91,0.0,0.0,23345,0.0,0.0,0.0,0.0
5.92,0.0,0.0,23345,0.0,0.0,0.0,0.0
5.93,0.0,0.0,23345,0.0,0.0,0.0,0.0
5.94,0.0,0.0,23345,0.0,0.0,0.0,0.0
5.95,0.0,0.0,23345,0.0,0.0,0.0,0.0
5.96,0.0,0.0,23345,0.0,0.0,0.0,0.0
5.97,0.0,0.0,23345,0.0,0.0,0.0,0.0
5.98,0.0,0.0,23345,0.0,0.0,0.0,0.0
5.99,0.0,0.0,23345,0.0,0.0,0.0,0.0
6.0,0.0,0.0,23345,0.0,0.0,0.0,0.0
6.01,0.0,0.0,23345,0.0,0.0,0.0,0.0
6.0200000000000005,0.0,0.0,23345,0.0,0.0,0.0,0.0
6.03,0.0,0.0,23345,0.0,0.0,0.0,0.0
6.04,0.0,0.0,23345,0.0,0.0,0.0,0.0
6.05,0.0,0.0,23345,0.0,0.0,0.0,0.0
6.0600000000000005,0.0,0.0,23345,0.0,0.0,0.0,0.0
6.07,0.0,0.0,23345,0.0,0.0,0.0,0.0
6.08,0.0,0.0,23345,0.0,0.0,0.0,0.0
6.09,0.0,0.0,23345,0.0,0.0,0.0,0.0
6.1000000000000005,0.0,0.0,23345,0.0,0.0,0.0,0.0
6.11,0.0,0.0,23345,0.0,0.0,0.0,0.0
6.12,0.0,0.0,23345,0.0,0.0,0.0,0.0
6.13,0.0,0.0,23345,0.0,0.0,0.0,0.0
6.140000000000001,0.0,0.0,23345,0.0,0.0,0.0,0.0
6.15,0.0,0.0,23345,0.0,0.0,0.0,0.0
6.16,0.0,0.0,23345,0.0,0.0,0.0,0.0
6.17,0.0,0.0,23345,0.0,0.0,0.0,0.0
6.18,0.0,0.0,23345,0.0,0.0,0.0,0.0
6.19,0.0,0.0,23345,0.0,0.0,0.0,0.0
6.2,0.0,0.0,23345,0.0,0.0,0.0,0.0
6.21,0.0,0.0,23345,0.0,0.0,0.0,0.0
6.22,0.0,0.0,23345,0.0,0.0,0.0,0.0
6.23,0.0,0.0,23345,0.0,0.0,0.0,0.0
6.24,0.0,0.0,23345,0.0,0.0,0.0,0.0
6.25,0.0,0.0,23345,0.0,0.0,0.0,0.0
6.26,0.0,0.0,23345,0.0,0.0,0.0,0.0
6.2700000000000005,0.0,0.0,23345,0.0,0.0,0.0,0.0
6.28,0.0,0.0,23345,0.0,0.0,0.0,0.0
6.29,0.0,0.0,23345,0.0,0.0,0.0,0.0
6.3,0.0,0.0,23345,0.0,0.0,0.0,0.0
6.3100000000000005,0.0,0.0,23345,0.0,0.0,0.0,0.0
6.32,0.0,0.0,23345,0.0,0.0,0.0,0.0
6.33,0.0,0.0,23345,0.0,0.0,0.0,0.0
6.34,0.0,0.0,23345,0.0,0.0,0.0,0.0
6.3500000000000005,0.0,0.0,23345,0.0,0.0,0.0,0.0
6.36,0.0,0.0,23345,0.0,0.0,0.0,0.0
6.37,0.0,0.0,23345,0.0,0.0,0.0,0.0
6.38,0.0,0.0,23345,0.0,0.0,0.0,0.0
6.390000000000001,0.0,0.0,23345,0.0,0.0,0.0,0.0
6.4,0.0,0.0,23345,0.0,0.0,0.0,0.0
6.41,0.0,0.0,23345,0.0,0.0,0.0,0.0
6.42,0.0,0.0,23345,0.0,0.0,0.0,0.0
6.43,0.0,0.0,23345,0.0,0.0,0.0,0.0
6.44,0.0,0.0,23345,0.0,0.0,0.0,0.0
6.45,0.0,0.0,23345,0.0,0.0,0.0,0.0
6.46,0.0,0.0,23345,0.0,0.0,0.0,0.0
6.47,0.0,0.0,23345,0.0,0.0,0.0,0.0
6.48,0.0,0.0,23345,0.0,0.0,0.0,0.0
6.49,0.0,0.0,23345,0.0,0.0,0.0,0.0
6.5,0.0,0.0,23345,0.0,0.0,0.0,0.0
6.51,0.0,0.0,23345,0.0,0.0,0.0,0.0
6.5200000000000005,0.0,0.0,23345,0.0,0.0,0.0,0.0
6.53,0.0,0.0,23345,0.0,0.0,0.0,0.0
6.54,0.0,0.0,23345,0.0,0.0,0.0,0.0
6.55,0.0,0.0,23345,0.0,0.0,0.0,0.0
6.5600000000000005,0.0,0.0,23345,0.0,0.0,0.0,0.0
6.57,0.0,0.0,23345,0.0,0.0,0.0,0.0
6.58,0.0,0.0,23345,0.0,0.0,0.0,0.0
6.59,0.0,0.0,23345,0.0,0.0,0.0,0.0
6.6000000000000005,0.0,0.0,23345,0.0,0.0,0.0,0.0
6.61,0.0,0.0,23345,0.0,0.0,0.0,0.0
6.62,0.0,0.0,23345,0.0,0.0,0.0,0.0
6.63,0.0,0.0,23345,0.0,0.0,0.0,0.0
6.640000000000001,0.0,0.0,23345,0.0,0.0,0.0,0.0
6.65,0.0,0.0,23345,0.0,0.0,0.0,0.0
6.66,0.0,0.0,23345,0.0,0.0,0.0,0.0
6.67,0.0,0.0,23345,0.0,0.0,0.0,0.0
6.68,0.0,0.0,23345,0.0,0.0,0.0,0.0
6.69,0.0,0.0,23345,0.0,0.0,0.0,0.0
6.7,0.0,0.0,23345,0.0,0.0,0.0,0.0
6.71,0.0,0.0,23345,0.0,0.0,0.0,0.0
6.72,0.0,0.0,23345,0.0,0.0,0.0,0.0
6.73,0.0,0.0,23345,0.0,0.0,0.0,0.0
6.74,0.0,0.0,23345,0.0,0.0,0.0,0.0
6.75,0.0,0.0,23345,0.0,0.0,0.0,0.0
6.76,0.0,0.0,23345,0.0,0.0,0.0,0.0
6.7700000000000005,0.0,0.0,23345,0.0,0.0,0.0,0.0
6.78,0.0,0.0,23345,0.0,0.0,0.0,0.0
6.79,0.0,0.0,23345,0.0,0.0,0.0,0.0
6.8,0.0,0.0,23345,0.0,0.0,0.0,0.0
6.8100000000000005,0.0,0.0,23345,0.0,0.0,0.0,0.0
6.82,0.0,0.0,23345,0.0,0.0,0.0,0.0
6.83,0.0,0.0,23345,0.0,0.0,0.0,0.0
6.84,0.0,0.0,23345,0.0,0.0,0.0,0.0
6.8500000000000005,0.0,0.0,23345,0.0,0.0,0.0,0.0
6.86,0.0,0.0,23345,0.0,0.0,0.0,0.0
6.87,0.0,0.0,23345,0.0,0.0,0.0,0.0
6.88,0.0,0.0,23345,0.0,0.0,0.0,0.0
6.890000000000001,0.0,0.0,23345,0.0,0.0,0.0,0.0
6.9,0.0,0.0,23345,0.0,0.0,0.0,0.0
6.91,0.0,0.0,23345,0.0,0.0,0.0,0.0
6.92,0.0,0.0,23345,0.0,0.0,0.0,0.0
6.93,0.0,0.0,23345,0.0,0.0,0.0,0.0
6.94,0.0,0.0,23345,0.0,0.0,0.0,0.0
6.95,0.0,0.0,23345,0.0,0.0,0.0,0.0
6.96,0.0,0.0,23345,0.0,0.0,0.0,0.0
6.97,0.0,0.0,23345,0.0,0.0,0.0,0.0
6.98,0.0,0.0,23345,0.0,0.0,0.0,0.0
6.99,0.0,0.0,23345,0.0,0.0,0.0,0.0
7.0,0.0,0.0,23345,0.0,0.0,0.0,0.0
7.01,0.0,0.0,23345,0.0,0.0,0.0,0.0
7.0200000000000005,0.0,0.0,23345,0.0,0.0,0.0,0.0
7.03,0.0,0.0,23345,0.0,0.0,0.0,0.0
7.04,0.0,0.0,23345,0.0,0.0,0.0,0.0
7.05,0.0,0.0,23345,0.0,0.0,0.0,0.0
7.0600000000000005,0.0,0.0,23345,0.0,0.0,0.0,0.0
7.07,0.0,0.0,23345,0.0,0.0,0.0,0.0
7.08,0.0,0.0,23345,0.0,0.0,0.0,0.0
7.09,0.0,0.0,23345,0.0,0.0,0.0,0.0
7.1000000000000005,0.0,0.0,23345,0.0,0.0,0.0,0.0
7.11,0.0,0.0,23345,0.0,0.0,0.0,0.0
7.12,0.0,0.0,23345,0.0,0.0,0.0,0.0
7.13,0.0,0.0,23345,0.0,0.0,0.0,0.0
7.140000000000001,0.0,0.0,23345,0.0,0.0,0.0,0.0
7.15,0.0,0.0,23345,0.0,0.0,0.0,0.0
7.16,0.0,0.0,23345,0.0,0.0,0.0,0.0
7.17,0.0,0.0,23345,0.0,0.0,0.0,0.0
7.18,0.0,0.0,23345,0.0,0.0,0.0,0.0
7.19,0.0,0.0,23345,0.0,0.0,0.0,0.0
7.2,0.0,0.0,23345,0.0,0.0,0.0,0.0
7.21,0.0,0.0,23345,0.0,0.0,0.0,0.0
7.22,0.0,0.0,23345,0.0,0.0,0.0,0.0
7.23,0.0,0.0,23345,0.0,0.0,0.0,0.0
7.24,0.0,0.0,23345,0.0,0.0,0.0,0.0
7.25,0.0,0.0,23345,0.0,0.0,0.0,0.0
7.26,0.0,0.0,23345,0.0,0.0,0.0,0.0
7.2700000000000005,0.0,0.0,23345,0.0,0.0,0.0,0.0
7.28,0.0,0.0,23345,0.0,0.0,0.0,0.0
7.29,0.0,0.0,23345,0.0,0.0,0.0,0.0
7.3,0.0,0.0,23345,0.0,0.0,0.0,0.0
7.3100000000000005,0.0,0.0,23345,0.0,0.0,0.0,0.0
7.32,0.0,0.0,23345,0.0,0.0,0.0,0.0
7.33,0.0,0.0,23345,0.0,0.0,0.0,0.0
7.34,0.0,0.0,23345,0.0,0.0,0.0,0.0
7.3500000000000005,0.0,0.0,23345,0.0,0.0,0.0,0.0
7.36,0.0,0.0,23345,0.0,0.0,0.0,0.0
7.37,0.0,0.0,23345,0.0,0.0,0.0,0.0
7.38,0.0,0.0,23345,0.0,0.0,0.0,0.0
7.390000000000001,0.0,0.0,23345,0.0,0.0,0.0,0.0
7.4,0.0,0.0,23345,0.0,0.0,0.0,0.0
7.41,0.0,0.0,23345,0.0,0.0,0.0,0.0
7.42,0.0,0.0,23345,0.0,0.0,0.0,0.0
7.43,0.0,0.0,23345,0.0,0.0,0.0,0.0
7.44,0.0,0.0,23345,0.0,0.0,0.0,0.0
7.45,0.0,0.0,23345,0.0,0.0,0.0,0.0
7.46,0.0,0.0,23345,0.0,0.0,0.0,0.0
7.47,0.0,0.0,23345,0.0,0.0,0.0,0.0
7.48,0.0,0.0,23345,0.0,0.0,0.0,0.0
7.49,0.0,0.0,23345,0.0,0.0,0.0,0.0
7.5,0.0,0.0,23345,0.0,0.0,0.0,0.0
7.51,0.0,0.0,23345,0.0,0.0,0.0,0.0
7.5200000000000005,0.0,0.0,23345,0.0,0.0,0.0,0.0
7.53,0.0,0.0,23345,0.0,0.0,0.0,0.0
7.54,0.0,0.0,23345,0.0,0.0,0.0,0.0
7.55,0.0,0.0,23345,0.0,0.0,0.0,0.0
7.5600000000000005,0.0,0.0,23345,0.0,0.0,0.0,0.0
7.57,0.0,0.0,23345,0.0,0.0,0.0,0.0
7.58,0.0,0.0,23345,0.0,0.0,0.0,0.0
7.59,0.0,0.0,23345,0.0,0.0,0.0,0.0
7.6000000000000005,0.0,0.0,23345,0.0,0.0,0.0,0.0
7.61,0.0,0.0,23345,0.0,0.0,0.0,0.0
7.62,0.0,0.0,23345,0.0,0.0,0.0,0.0
7.63,0.0,0.0,23345,0.0,0.0,0.0,0.0
7.640000000000001,0.0,0.0,23345,0.0,0.0,0.0,0.0
7.65,0.0,0.0,23345,0.0,0.0,0.0,0.0
7.66,0.0,0.0,23345,0.0,0.0,0.0,0.0
7.67,0.0,0.0,23345,0.0,0.0,0.0,0.0
7.68,0.0,0.0,23345,0.0,0.0,0.0,0.0
7.69,0.0,0.0,23345,0.0,0.0,0.0,0.0
7.7,0.0,0.0,23345,0.0,0.0,0.0,0.0
7.71,0.0,0.0,23345,0.0,0.0,0.0,0.0
7.72,0.0,0.0,23345,0.0,0.0,0.0,0.0
7.73,0.0,0.0,23345,0.0,0.0,0.0,0.0
7.74,0.0,0.0,23345,0.0,0.0,0.0,0.0
7.75,0.0,0.0,23345,0.0,0.0,0.0,0.0
7.76,0.0,0.0,23345,0.0,0.0,0.0,0.0
7.7700000000000005,0.0,0.0,23345,0.0,0.0,0.0,0.0
7.78,0.0,0.0,23345,0.0,0.0,0.0,0.0
7.79,0.0,0.0,23345,0.0,0.0,0.0,0.0
7.8,0.0,0.0,23345,0.0,0.0,0.0,0.0
7.8100000000000005,0.0,0.0,23345,0.0,0.0,0.0,0.0
7.82,0.0,0.0,23345,0.0,0.0,0.0,0.0
7.83,0.0,0.0,23345,0.0,0.0,0.0,0.0
7.84,0.0,0.0,23345,0.0,0.0,0.0,0.0
7.8500000000000005,0.0,0.0,23345,0.0,0.0,0.0,0.0
7.86,0.0,0.0,23345,0.0,0.0,0.0,0.0
7.87,0.0,0.0,23345,0.0,0.0,0.0,0.0
7.88,0.0,0.0,23345,0.0,0.0,0.0,0.0
7.890000000000001,0.0,0.0,23345,0.0,0.0,0.0,0.0
7.9,0.0,0.0,23345,0.0,0.0,0.0,0.0
7.91,0.0,0.0,23345,0.0,0.0,0.0,0.0
7.92,0.0,0.0,23345,0.0,0.0,0.0,0.0
7.930000000000001,0.0,0.0,23345,0.0,0.0,0.0,0.0
7.94,0.0,0.0,23345,0.0,0.0,0.0,0.0
7.95,0.0,0.0,23345,0.0,0.0,0.0,0.0
7.96,0.0,0.0,23345,0.0,0.0,0.0,0.0
7.97,0.0,0.0,23345,0.0,0.0,0.0,0.0
7.98,0.0,0.0,23345,0.0,0.0,0.0,0.0
7.99,0.0,0.0,23345,0.0,0.0,0.0,0.0
8.0,0.0,0.0,23345,0.0,0.0,0.0,0.0
8.01,0.0,0.0,23345,0.0,0.0,0.0,0.0
8.02,0.0,0.0,23345,0.0,0.0,0.0,0.0
8.03,0.0,0.0,23345,0.0,0.0,0.0,0.0
8.040000000000001,0.0,0.0,23345,0.0,0.0,0.0,0.0
8.05,0.0,0.0,23345,0.0,0.0,0.0,0.0
8.06,0.0,0.0,23345,0.0,0.0,0.0,0.0
8.07,0.0,0.0,23345,0.0,0.0,0.0,0.0
8.08,0.0,0.0,23345,0.0,0.0,0.0,0.0
8.09,0.0,0.0,23345,0.0,0.0,0.0,0.0
8.1,0.0,0.0,23345,0.0,0.0,0.0,0.0
8.11,0.0,0.0,23345,0.0,0.0,0.0,0.0
8.120000000000001,0.0,0.0,23345,0.0,0.0,0.0,0.0
8.13,0.0,0.0,23345,0.0,0.0,0.0,0.0
8.14,0.0,0.0,23345,0.0,0.0,0.0,0.0
8.15,0.0,0.0,23345,0.0,0.0,0.0,0.0
8.16,0.0,0.0,23345,0.0,0.0,0.0,0.0
8.17,0.0,0.0,23345,0.0,0.0,0.0,0.0
8.18,0.0,0.0,23345,0.0,0.0,0.0,0.0
8.19,0.0,0.0,23345,0.0,0.0,0.0,0.0
8.2,0.0,0.0,23345,0.0,0.0,0.0,0.0
8.21,0.0,0.0,23345,0.0,0.0,0.0,0.0
8.22,0.0,0.0,23345,0.0,0.0,0.0,0.0
8.23,0.0,0.0,23345,0.0,0.0,0.0,0.0
8.24,0.0,0.0,23345,0.0,0.0,0.0,0.0
8.25,0.0,0.0,23345,0.0,0.0,0.0,0.0
8.26,0.0,0.0,23345,0.0,0.0,0.0,0.0
8.27,0.0,0.0,23345,0.0,0.0,0.0,0.0
8.28,0.0,0.0,23345,0.0,0.0,0.0,0.0
8.290000000000001,0.0,0.0,23345,0.0,0.0,0.0,0.0
8.3,0.0,0.0,23345,0.0,0.0,0.0,0.0
8.31,0.0,0.0,23345,0.0,0.0,0.0,0.0
8.32,0.0,0.0,23345,0.0,0.0,0.0,0.0
8.33,0.0,0.0,23345,0.0,0.0,0.0,0.0
8.34,0.0,0.0,23345,0.0,0.0,0.0,0.0
8.35,0.0,0.0,23345,0.0,0.0,0.0,0.0
8.36,0.0,0.0,23345,0.0,0.0,0.0,0.0
8.370000000000001,0.0,0.0,23345,0.0,0.0,0.0,0.0
8.38,0.0,0.0,23345,0.0,0.0,0.0,0.0
8.39,0.0,0.0,23345,0.0,0.0,0.0,0.0
8.4,0.0,0.0,23345,0.0,0.0,0.0,0.0
8.41,0.0,0.0,23345,0.0,0.0,0.0,0.0
8.42,0.0,0.0,23345,0.0,0.0,0.0,0.0
8.43,0.0,0.0,23345,0.0,0.0,0.0,0.0
8.44,0.0,0.0,23345,0.0,0.0,0.0,0.0
8.45,0.0,0.0,23345,0.0,0.0,0.0,0.0
8.46,0.0,0.0,23345,0.0,0.0,0.0,0.0
8.47,0.0,0.0,23345,0.0,0.0,0.0,0.0
8.48,0.0,0.0,23345,0.0,0.0,0.0,0.0
8.49,0.0,0.0,23345,0.0,0.0,0.0,0.0
8.5,0.0,0.0,23345,0.0,0.0,0.0,0.0
8.51,0.0,0.0,23345,0.0,0.0,0.0,0.0
8.52,0.0,0.0,23345,0.0,0.0,0.0,0.0
8.53,0.0,0.0,23345,0.0,0.0,0.0,0.0
8.540000000000001,0.0,0.0,23345,0.0,0.0,0.0,0.0
8.55,0.0,0.0,23345,0.0,0.0,0.0,0.0
8.56,0.0,0.0,23345,0.0,0.0,0.0,0.0
8.57,0.0,0.0,23345,0.0,0.0,0.0,0.0
8.58,0.0,0.0,23345,0.0,0.0,0.0,0.0
8.59,0.0,0.0,23345,0.0,0.0,0.0,0.0
8.6,0.0,0.0,23345,0.0,0.0,0.0,0.0
8.61,0.0,0.0,23345,0.0,0.0,0.0,0.0
8.620000000000001,0.0,0.0,23345,0.0,0.0,0.0,0.0
8.63,0.0,0.0,23345,0.0,0.0,0.0,0.0
8.64,0.0,0.0,23345,0.0,0.0,0.0,0.0
8.65,0.0,0.0,23345,0.0,0.0,0.0,0.0
8.66,0.0,0.0,23345,0.0,0.0,0.0,0.0
8.67,0.0,0.0,23345,0.0,0.0,0.0,0.0
8.68,0.0,0.0,23345,0.0,0.0,0.0,0.0
8.69,0.0,0.0,23345,0.0,0.0,0.0,0.0
8.700000000000001,0.0,0.0,23345,0.0,0.0,0.0,0.0
8.71,0.0,0.0,23345,0.0,0.0,0.0,0.0
8.72,0.0,0.0,23345,0.0,0.0,0.0,0.0
8.73,0.0,0.0,23345,0.0,0.0,0.0,0.0
8.74,0.0,0.0,23345,0.0,0.0,0.0,0.0
8.75,0.0,0.0,23345,0.0,0.0,0.0,0.0
8.76,0.0,0.0,23345,0.0,0.0,0.0,0.0
8.77,0.0,0.0,23345,0.0,0.0,0.0,0.0
8.78,0.0,0.0,23345,0.0,0.0,0.0,0.0
8.790000000000001,0.0,0.0,23345,0.0,0.0,0.0,0.0
8.8,0.0,0.0,23345,0.0,0.0,0.0,0.0
8.81,0.0,0.0,23345,0.0,0.0,0.0,0.0
8.82,0.0,0.0,23345,0.0,0.0,0.0,0.0
8.83,0.0,0.0,23345,0.0,0.0,0.0,0.0
8.84,0.0,0.0,23345,0.0,0.0,0.0,0.0
8.85,0.0,0.0,23345,0.0,0.0,0.0,0.0
8.86,0.0,0.0,23345,0.0,0.0,0.0,0.0
8.870000000000001,0.0,0.0,23345,0.0,0.0,0.0,0.0
8.88,0.0,0.0,23345,0.0,0.0,0.0,0.0
8.89,0.0,0.0,23345,0.0,0.0,0.0,0.0
8.9,0.0,0.0,23345,0.0,0.0,0.0,0.0
8.91,0.0,0.0,23345,0.0,0.0,0.0,0.0
8.92,0.0,0.0,23345,0.0,0.0,0.0,0.0
8.93,0.0,0.0,23345,0.0,0.0,0.0,0.0
8.94,0.0,0.0,23345,0.0,0.0,0.0,0.0
8.950000000000001,0.0,0.0,23345,0.0,0.0,0.0,0.0
8.96,0.0,0.0,23345,0.0,0.0,0.0,0.0
8.97,0.0,0.0,23345,0.0,0.0,0.0,0.0
8.98,0.0,0.0,23345,0.0,0.0,0.0,0.0
8.99,0.0,0.0,23345,0.0,0.0,0.0,0.0
9.0,0.0,0.0,23345,0.0,0.0,0.0,0.0
9.01,0.0,0.0,23345,0.0,0.0,0.0,0.0
9.02,0.0,0.0,23345,0.0,0.0,0.0,0.0
9.03,0.0,0.0,23345,0.0,0.0,0.0,0.0
9.040000000000001,0.0,0.0,23345,0.0,0.0,0.0,0.0
9.05,0.0,0.0,23345,0.0,0.0,0.0,0.0
9.06,0.0,0.0,23345,0.0,0.0,0.0,0.0
9.07,0.0,0.0,23345,0.0,0.0,0.0,0.0
9.08,0.0,0.0,23345,0.0,0.0,0.0,0.0
9.09,0.0,0.0,23345,0.0,0.0,0.0,0.0
9.1,0.0,0.0,23345,0.0,0.0,0.0,0.0
9.11,0.0,0.0,23345,0.0,0.0,0.0,0.0
9.120000000000001,0.0,0.0,23345,0.0,0.0,0.0,0.0
9.13,0.0,0.0,23345,0.0,0.0,0.0,0.0
9.14,0.0,0.0,23345,0.0,0.0,0.0,0.0
9.15,0.0,0.0,23345,0.0,0.0,0.0,0.0
9.16,0.0,0.0,23345,0.0,0.0,0.0,0.0
9.17,0.0,0.0,23345,0.0,0.0,0.0,0.0
9.18,0.0,0.0,23345,0.0,0.0,0.0,0.0
9.19,0.0,0.0,23345,0.0,0.0,0.0,0.0
9.200000000000001,0.0,0.0,23345,0.0,0.0,0.0,0.0
9.21,0.0,0.0,23345,0.0,0.0,0.0,0.0
9.22,0.0,0.0,23345,0.0,0.0,0.0,0.0
9.23,0.0,0.0,23345,0.0,0.0,0.0,0.0
9.24,0.0,0.0,23345,0.0,0.0,0.0,0.0
9.25,0.0,0.0,23345,0.0,0.0,0.0,0.0
9.26,0.0,0.0,23345,0.0,0.0,0.0,0.0
9.27,0.0,0.0,23345,0.0,0.0,0.0,0.0
9.28,0.0,0.0,23345,0.0,0.0,0.0,0.0
9.290000000000001,0.0,0.0,23345,0.0,0.0,0.0,0.0
9.3,0.0,0.0,23345,0.0,0.0,0.0,0.0
9.31,0.0,0.0,23345,0.0,0.0,0.0,0.0
9.32,0.0,0.0,23345,0.0,0.0,0.0,0.0
9.33,0.0,0.0,23345,0.0,0.0,0.0,0.0
9.34,0.0,0.0,23345,0.0,0.0,0.0,0.0
9.35,0.0,0.0,23345,0.0,0.0,0.0,0.0
9.36,0.0,0.0,23345,0.0,0.0,0.0,0.0
9.370000000000001,0.0,0.0,23345,0.0,0.0,0.0,0.0
9.38,0.0,0.0,23345,0.0,0.0,0.0,0.0
9.39,0.0,0.0,23345,0.0,0.0,0.0,0.0
9.4,0.0,0.0,23345,0.0,0.0,0.0,0.0
9.41,0.0,0.0,23345,0.0,0.0,0.0,0.0
9.42,0.0,0.0,23345,0.0,0.0,0.0,0.0
9.43,0.0,0.0,23345,0.0,0.0,0.0,0.0
9.44,0.0,0.0,23345,0.0,0.0,0.0,0.0
9.450000000000001,0.0,0.0,23345,0.0,0.0,0.0,0.0
9.46,0.0,0.0,23345,0.0,0.0,0.0,0.0
9.47,0.0,0.0,23345,0.0,0.0,0.0,0.0
9.48,0.0,0.0,23345,0.0,0.0,0.0,0.0
9.49,0.0,0.0,23345,0.0,0.0,0.0,0.0
9.5,0.0,0.0,23345,0.0,0.0,0.0,0.0
9.51,0.0,0.0,23345,0.0,0.0,0.0,0.0
9.52,0.0,0.0,23345,0.0,0.0,0.0,0.0
9.53,0.0,0.0,23345,0.0,0.0,0.0,0.0
9.540000000000001,0.0,0.0,23345,0.0,0.0,0.0,0.0
9.55,0.0,0.0,23345,0.0,0.0,0.0,0.0
9.56,0.0,0.0,23345,0.0,0.0,0.0,0.0
9.57,0.0,0.0,23345,0.0,0.0,0.0,0.0
9.58,0.0,0.0,23345,0.0,0.0,0.0,0.0
9.59,0.0,0.0,23345,0.0,0.0,0.0,0.0
9.6,0.0,0.0,23345,0.0,0.0,0.0,0.0
9.61,0.0,0.0,23345,0.0,0.0,0.0,0.0
9.620000000000001,0.0,0.0,23345,0.0,0.0,0.0,0.0
9.63,0.0,0.0,23345,0.0,0.0,0.0,0.0
9.64,0.0,0.0,23345,0.0,0.0,0.0,0.0
9.65,0.0,0.0,23345,0.0,0.0,0.0,0.0
9.66,0.0,0.0,23345,0.0,0.0,0.0,0.0
9.67,0.0,0.0,23345,0.0,0.0,0.0,0.0
9.68,0.0,0.0,23345,0.0,0.0,0.0,0.0
9.69,0.0,0.0,23345,0.0,0.0,0.0,0.0
9.700000000000001,0.0,0.0,23345,0.0,0.0,0.0,0.0
9.71,0.0,0.0,23345,0.0,0.0,0.0,0.0
9.72,0.0,0.0,23345,0.0,0.0,0.0,0.0
9.73,0.0,0.0,23345,0.0,0.0,0.0,0.0
9.74,0.0,0.0,23345,0.0,0.0,0.0,0.0
9.75,0.0,0.0,23345,0.0,0.0,0.0,0.0
9.76,0.0,0.0,23345,0.0,0.0,0.0,0.0
9.77,0.0,0.0,23345,0.0,0.0,0.0,0.0
9.78,0.0,0.0,23345,0.0,0.0,0.0,0.0
9.790000000000001,0.0,0.0,23345,0.0,0.0,0.0,0.0
9.8,0.0,0.0,23345,0.0,0.0,0.0,0.0
9.81,0.0,0.0,23345,0.0,0.0,0.0,0.0
9.82,0.0,0.0,23345,0.0,0.0,0.0,0.0
9.83,0.0,0.0,23345,0.0,0.0,0.0,0.0
9.84,0.0,0.0,23345,0.0,0.0,0.0,0.0
9.85,0.0,0.0,23345,0.0,0.0,0.0,0.0
9.86,0.0,0.0,23345,0.0,0.0,0.0,0.0
9.870000000000001,0.0,0.0,23345,0.0,0.0,0.0,0.0
9.88,0.0,0.0,23345,0.0,0.0,0.0,0.0
9.89,0.0,0.0,23345,0.0,0.0,0.0,0.0
9.9,0.0,0.0,23345,0.0,0.0,0.0,0.0
9.91,0.0,0.0,23345,0.0,0.0,0.0,0.0
9.92,0.0,0.0,23345,0.0,0.0,0.0,0.0
9.93,0.0,0.0,23345,0.0,0.0,0.0,0.0
9.94,0.0,0.0,23345,0.0,0.0,0.0,0.0
9.950000000000001,0.0,0.0,23345,0.0,0.0,0.0,0.0
9.96,0.0,0.0,23345,0.0,0.0,0.0,0.0
9.97,0.0,0.0,23345,0.0,0.0,0.0,0.0
9.98,0.0,0.0,23345,0.0,0.0,0.0,0.0
9.99,0.0,0.0,23345,0.0,0.0,0.0,0.0
10.0,0.0,0.0,23345,0.0,0.0,0.0,0.0
10.01,0.0,0.0,23345,0.0,0.0,0.0,0.0
10.02,0.0,0.0,23345,0.0,0.0,0.0,0.0
10.03,0.0,0.0,23345,0.0,0.0,0.0,0.0
10.040000000000001,121.719027,18.257854,23345,0.0,0.0,1360.53871578157,0.0
10.05,121.719027,33.77703,23345,0.0,0.0,2516.9966316477053,0.0
10.06,121.719027,46.968329,23345,0.0,0.0,3499.9858154231206,0.0
10.07,121.719027,58.180934,23345,0.0,0.0,4335.526684972522,0.0
10.08,121.719027,67.711648,23345,0.0,0.0,5045.736405460014,0.0
10.09,121.719027,75.812755,23345,0.0,0.0,5649.414675326181,0.0
10.1,121.719027,82.698696,23345,0.0,0.0,6162.541208438325,0.0
10.11,216.294579,102.738078,23345,0.0,0.0,7655.835822982635,0.0
10.120000000000001,216.294579,119.771553,23345,0.0,0.0,8925.136267700698,0.0
10.13,216.799422,134.325734,23345,0.0,0.0,10009.684688725018,0.0
10.14,224.625719,147.870731,23345,0.0,0.0,11019.030739123122,0.0
10.15,224.625719,159.38398,23345,0.0,0.0,11876.974997464407,0.0
10.16,224.625719,169.170241,23345,0.0,0.0,12606.2275686178,0.0
10.17,224.625719,177.488562,23345,0.0,0.0,13226.092190757885,0.0
10.18,224.625719,184.559136,23345,0.0,0.0,13752.977205272657,0.0
10.19,228.49863,191.15006,23346,0.0,0.0,14244.11966236394,0.0
10.200000000000001,228.327415,196.726663,23346,0.0,0.0,14659.676949876683,0.0
10.21,234.283395,202.360173,23346,0.0,0.0,15079.474833063972,0.0
10.22,234.283395,207.148656,23346,0.0,0.0,15436.302996514172,0.0
10.23,216.928985,208.615706,23346,0.0,0.0,15545.624624509846,0.0
10.24,222.130068,210.64286,23346,0.0,0.0,15696.684080886896,0.0
10.25,222.130068,212.365941,23346,0.0,0.0,15825.08462625918,0.0
10.26,222.130068,213.83056,23346,0.0,0.0,15934.225101003327,0.0
10.27,222.130068,215.075486,23346,0.0,0.0,16026.994493358154,0.0
10.28,222.130068,216.133674,23346,0.0,0.0,16105.848543925951,0.0
10.290000000000001,188.845778,212.040489,23346,0.0,0.0,15800.832594989324,0.0
10.3,193.300631,209.229511,23346,0.0,0.0,15591.364143866302,0.0
10.31,193.300631,206.840179,23346,0.0,0.0,15413.315908249137,0.0
10.32,199.234928,205.699391,23346,0.0,0.0,15328.306671101163,0.0
10.33,199.234928,204.729722,23346,0.0,0.0,15256.048879139787,0.0
10.34,201.889702,204.303719,23346,0.0,0.0,15224.30398871953,0.0
10.35,201.889702,203.941616,23346,0.0,0.0,15197.320798329209,0.0
10.36,201.889702,203.633829,23346,0.0,0.0,15174.385127482337,0.0
10.370000000000001,201.889702,203.37221,23346,0.0,0.0,15154.889803536595,0.0
10.38,201.889702,203.149834,23346,0.0,0.0,15138.318789360414,0.0
10.39,224.824654,206.401057,23346,0.0,0.0,15380.59341622179,0.0
10.4,216.7615,207.955123,23346,0.0,0.0,15496.399302273885,0.0
10.41,216.7615,209.27608,23346,0.0,0.0,15594.834372484367,0.0
10.42,228.519795,212.162637,23346,0.0,0.0,15809.934819328244,0.0
10.43,228.519795,214.616211,23346,0.0,0.0,15992.770240130441,0.0
10.44,230.610581,217.015366,23347,0.0,0.0,16171.550466035465,0.0
10.450000000000001,230.610581,219.054648,23347,0.0,0.0,16323.513676684233,0.0
10.46,230.610581,220.788038,23347,0.0,0.0,16452.682428091088,0.0
10.47,230.610581,222.26142,23347,0.0,0.0,16562.47590404591,0.0
10.48,230.610581,223.513794,23347,0.0,0.0,16655.80030644491,0.0
10.49,240.46962,226.057168,23347,0.0,0.0,16845.327443408118,0.0
10.5,234.317241,227.296179,23347,0.0,0.0,16937.65606180868,0.0
10.51,234.316351,228.349204,23347,0.0,0.0,17016.12537595622,0.0
10.52,234.316351,229.244276,23347,0.0,0.0,17082.82434887013,0.0
10.53,228.574403,229.143795,23347,0.0,0.0,17075.336705979542,0.0
10.540000000000001,207.77617,225.938652,23347,0.0,0.0,16836.49586843553,0.0
10.55,207.77617,223.214279,23347,0.0,0.0,16633.481048472026,0.0
10.56,207.77617,220.898563,23347,0.0,0.0,16460.91852974694,0.0
10.57,207.77617,218.930204,23347,0.0,0.0,16314.240359023424,0.0
10.58,207.77617,217.257099,23347,0.0,0.0,16189.56392508613,0.0
10.59,204.758867,215.382364,23347,0.0,0.0,16049.862427345442,0.0
10.6,187.487795,211.198179,23347,0.0,0.0,15738.065340651001,0.0
10.61,187.487795,207.641621,23347,0.0,0.0,15473.03776107222,0.0
10.620000000000001,205.081294,207.257572,23347,0.0,0.0,15444.419198712312,0.0
10.63,205.081294,206.93113,23347,0.0,0.0,15420.093394625086,0.0
10.64,218.137286,208.612054,23347,0.0,0.0,15545.352484783569,0.0
10.65,218.137286,210.040838,23347,0.0,0.0,15651.822607093083,0.0
10.66,218.137286,211.255306,23347,0.0,0.0,15742.322330284966,0.0
10.67,218.137286,212.287603,23347,0.0,0.0,15819.247035383667,0.0
10.68,218.137286,213.165055,23347,0.0,0.0,15884.633001184466,0.0
10.69,227.565563,215.325131,23347,0.0,0.0,16045.597538803762,0.0
10.700000000000001,228.46735,217.296464,23347,0.0,0.0,16192.497326051365,0.0
10.71,228.46735,218.972097,23347,0.0,0.0,16317.362141485932,0.0
10.72,231.472684,220.847185,23347,0.0,0.0,16457.089944079675,0.0
10.73,234.348472,222.872378,23347,0.0,0.0,16608.003270663936,0.0
10.74,235.166276,224.716463,23348,0.0,0.0,16745.420791786197,0.0
10.75,235.166276,226.283935,23348,0.0,0.0,16862.225666110615,0.0
10.76,235.166276,227.616286,23348,0.0,0.0,16961.50979438277,0.0
10.77,235.166276,228.748784,23348,0.0,0.0,17045.901277332803,0.0
10.78,235.166276,229.711408,23348,0.0,0.0,17117.634090002928,0.0
10.790000000000001,239.865353,231.2345,23348,0.0,0.0,17231.131855605458,0.0
10.8,222.653734,229.947385,23348,0.0,0.0,17135.218623460914,0.0
10.81,222.653734,228.853337,23348,0.0,0.0,17053.692357508553,0.0
10.82,219.72731,227.484433,23348,0.0,0.0,16951.684372879678,0.0
10.83,210.932775,225.001684,23348,0.0,0.0,16766.674889505128,0.0
10.84,199.011778,221.103198,23348,0.0,0.0,16476.167520132338,0.0
10.85,199.011778,217.789485,23348,0.0,0.0,16229.236263617266,0.0
10.86,199.011778,214.972829,23348,0.0,0.0,16019.344699305357,0.0
10.870000000000001,199.011778,212.578672,23348,0.0,0.0,15840.936914351034,0.0
10.88,199.011778,210.543637,23348,0.0,0.0,15689.29018163696,0.0
10.89,199.843287,208.938585,23348,0.0,0.0,15569.684920972557,0.0
10.9,210.890956,209.231441,23348,0.0,0.0,15591.507963601165,0.0
10.91,210.927291,209.485818,23348,0.0,0.0,15610.46362821018,0.0
10.92,210.927291,209.702039,23348,0.0,0.0,15626.575984112746,0.0
10.93,219.75601,211.210135,23348,0.0,0.0,15738.956277827181,0.0
10.94,226.078697,213.440419,23348,0.0,0.0,15905.152575003627,0.0
10.950000000000001,226.078697,215.336161,23348,0.0,0.0,16046.419472314406,0.0
10.96,226.078697,216.947541,23348,0.0,0.0,16166.49628286597,0.0
10.97,226.078697,218.317214,23348,0.0,0.0,16268.5615718348,0.0
10.98,226.078697,219.481437,23348,0.0,0.0,16355.317138250402,0.0
10.99,231.934608,221.349412,23348,0.0,0.0,16494.514894329077,0.0
11.0,231.934608,222.937192,23348,0.0,0.0,16612.83308014345,0.0
11.01,231.462186,224.215941,23349,0.0,0.0,16708.122894722255,0.0
11.02,240.226303,226.617495,23349,0.0,0.0,16887.081889302895,0.0
11.03,233.77448,227.691043,23349,0.0,0.0,16967.08053630981,0.0
11.040000000000001,224.837398,227.262996,23349,0.0,0.0,16935.183331103,0.0
11.05,224.837398,226.899156,23349,0.0,0.0,16908.0707029513,0.0
11.06,224.837398,226.589893,23349,0.0,0.0,16885.02504354035,0.0
11.07,224.837398,226.327018,23349,0.0,0.0,16865.436124989956,0.0
11.08,224.837398,226.103575,23349,0.0,0.0,16848.785600110616,0.0
11.09,224.837398,225.913649,23349,0.0,0.0,16834.63269494807,0.0
11.1,224.837398,225.752211,23349,0.0,0.0,16822.602658493714,0.0
11.11,224.837398,225.614989,23349,0.0,0.0,16812.37714986291,0.0
11.120000000000001,211.355711,223.476097,23349,0.0,0.0,16652.991201499237,0.0
11.13,199.17075,219.830295,23349,0.0,0.0,16381.313337765969,0.0
11.14,198.16081,216.579872,23349,0.0,0.0,16139.098325302462,0.0
11.15,198.16081,213.817013,23349,0.0,0.0,15933.215605693382,0.0
11.16,198.16081,211.468582,23349,0.0,0.0,15758.215230685366,0.0
11.17,198.16081,209.472416,23349,0.0,0.0,15609.464938009849,0.0
11.18,198.16081,207.775675,23349,0.0,0.0,15483.02719668746,0.0
11.19,210.12277,208.12774,23349,0.0,0.0,15509.262375420494,0.0
11.200000000000001,210.12277,208.426994,23349,0.0,0.0,15531.562184196076,0.0
11.21,225.648341,211.010196,23349,0.0,0.0,15724.057223957288,0.0
11.22,222.655382,212.756974,23349,0.0,0.0,15854.22362231251,0.0
11.23,222.655382,214.241735,23349,0.0,0.0,15964.86503855905,0.0
11.24,231.39828,216.815217,23349,0.0,0.0,16156.635763386128,0.0
11.25,231.39828,219.002676,23349,0.0,0.0,16319.640827326552,0.0
11.26,231.39828,220.862017,23349,0.0,0.0,16458.195195016204,0.0
11.27,231.39828,222.442456,23349,0.0,0.0,16575.96634421211,0.0
11.28,231.39828,223.78583,23349,0.0,0.0,16676.071884368932,0.0
11.290000000000001,233.569404,225.253366,23350,0.0,0.0,16785.429728111314,0.0
11.3,234.332844,226.615287,23350,0.0,0.0,16886.91735356477,0.0
11.31,234.332844,227.772921,23350,0.0,0.0,16973.18192089591,0.0
11.32,237.307049,229.20304,23350,0.0,0.0,17079.75152473187,0.0
11.33,237.307049,230.418641,23350,0.0,0.0,17170.33567681474,0.0
11.34,225.185272,229.633636,23350,0.0,0.0,17111.838676313906,0.0
11.35,225.185272,228.966381,23350,0.0,0.0,17062.116169999703,0.0
11.36,225.185272,228.399215,23350,0.0,0.0,17019.852095521128,0.0
11.370000000000001,225.185272,227.917124,23350,0.0,0.0,16983.927639666137,0.0
11.38,225.185272,227.507346,23350,0.0,0.0,16953.391803752696,0.0
11.39,197.956526,223.074723,23350,0.0,0.0,16623.08161483543,0.0
11.4,199.185506,219.49134,23350,0.0,0.0,16356.055089978046,0.0
11.41,199.185506,216.445465,23350,0.0,0.0,16129.082584834168,0.0
11.42,196.294461,213.422815,23350,0.0,0.0,15903.840760178478,0.0
11.43,196.294461,210.853561,23350,0.0,0.0,15712.385097444147,0.0
11.44,212.220116,211.058545,23350,0.0,0.0,15727.660094610614,0.0
11.450000000000001,212.220116,211.23278,23350,0.0,0.0,15740.643737876915,0.0
11.46,212.220116,211.380881,23350,0.0,0.0,15751.679927800767,0.0
11.47,212.220116,211.506766,23350,0.0,0.0,15761.060625895741,0.0
11.48,212.220116,211.613768,23350,0.0,0.0,15769.034200646975,0.0
11.49,221.835812,213.147075,23350,0.0,0.0,15883.293167592317,0.0
11.5,228.458442,215.44378,23350,0.0,0.0,16054.439024669995,0.0
11.51,228.455062,217.395472,23350,0.0,0.0,16199.875203931872,0.0
11.52,228.455062,219.054411,23350,0.0,0.0,16323.49601591886,0.0
11.53,228.55768,220.479901,23350,0.0,0.0,16429.720675945144,0.0
11.540000000000001,234.627193,222.601995,23351,0.0,0.0,16587.854870989522,0.0
11.55,234.627193,224.405774,23351,0.0,0.0,16722.26886971105,0.0
11.56,234.627193,225.938987,23351,0.0,0.0,16836.520831964637,0.0
11.57,234.627193,227.242218,23351,0.0,0.0,16933.634996154295,0.0
11.58,234.627193,228.349964,23351,0.0,0.0,17016.182009634198,0.0
11.59,233.647593,229.144609,23351,0.0,0.0,17075.397363629374,0.0
11.6,240.197385,230.802525,23351,0.0,0.0,17198.94194370509,0.0
11.61,240.197385,232.211754,23351,0.0,0.0,17303.95486657665,0.0
11.620000000000001,231.45339,232.097999,23351,0.0,0.0,17295.47807178939,0.0
11.63,231.45339,232.001308,23351,0.0,0.0,17288.27285210872,0.0
11.64,208.274843,228.442338,23351,0.0,0.0,17023.06553512036,0.0
11.65,208.274843,225.417214,23351,0.0,0.0,16797.639352939255,0.0
11.66,208.274843,222.845858,23351,0.0,0.0,16606.027053374517,0.0
11.67,208.274843,220.660206,23351,0.0,0.0,16443.15664345529,0.0
11.68,208.274843,218.802401,23351,0.0,0.0,16304.716735409549,0.0
11.69,189.630337,214.426592,23351,0.0,0.0,15978.640211993083,0.0
11.700000000000001,205.041997,213.018902,23351,0.0,0.0,15873.741972319429,0.0
11.71,205.041997,211.822367,23351,0.0,0.0,15784.578580373822,0.0
11.72,205.10086,210.814141,23351,0.0,0.0,15709.447597989058,0.0
11.73,205.10086,209.957149,23351,0.0,0.0,15645.586270413805,0.0
11.74,221.418674,211.676377,23351,0.0,0.0,15773.699697942351,0.0
11.75,221.418674,213.137722,23351,0.0,0.0,15882.59620076321,0.0
11.76,221.418674,214.379865,23351,0.0,0.0,15975.158209531439,0.0
11.77,221.418674,215.435686,23351,0.0,0.0,16053.835875999537,0.0
11.78,221.418674,216.333134,23351,0.0,0.0,16120.711903675117,0.0
11.790000000000001,231.128267,218.552404,23351,0.0,0.0,16286.087459628878,0.0
11.8,222.650817,219.167166,23351,0.0,0.0,16331.898292708785,0.0
11.81,222.650817,219.689714,23351,0.0,0.0,16370.837523182105,0.0
11.82,234.374941,221.892498,23351,0.0,0.0,16534.984575431736,0.0
11.83,234.374941,223.764864,23352,0.0,0.0,16674.509540036728,0.0
11.84,236.190338,225.628685,23352,0.0,0.0,16813.39774835446,0.0
11.85,236.190338,227.212933,23352,0.0,0.0,16931.45273660223,0.0
11.86,236.190338,228.559544,23352,0.0,0.0,17031.79949151643,0.0
11.870000000000001,236.190338,229.704163,23352,0.0,0.0,17117.094207112208,0.0
11.88,236.190338,230.677089,23352,0.0,0.0,17189.59470419092,0.0
11.89,227.682729,230.227935,23352,0.0,0.0,17156.124647614273,0.0
11.9,222.611683,229.085497,23352,0.0,0.0,17070.99245577069,0.0
11.91,222.611683,228.114425,23352,0.0,0.0,16998.63011505905,0.0
11.92,213.887132,225.980331,23352,0.0,0.0,16839.601704046607,0.0
11.93,213.887132,224.166351,23352,0.0,0.0,16704.427547234234,0.0
11.94,196.398777,220.001215,23352,0.0,0.0,16394.049953871094,0.0
11.950000000000001,196.398777,216.46085,23352,0.0,0.0,16130.22904422322,0.0
11.96,196.398777,213.451539,23352,0.0,0.0,15905.981215134034,0.0
11.97,196.398777,210.893625,23352,0.0,0.0,15715.370586489522,0.0
11.98,196.398777,208.719398,23352,0.0,0.0,15553.35154468989,0.0
11.99,205.578563,208.248272,23352,0.0,0.0,15518.244178675715,0.0
12.0,210.922588,208.64942,23352,0.0,0.0,15548.136924272125,0.0
12.01,210.922588,208.990395,23352,0.0,0.0,15573.545698414673,0.0
12.02,219.740142,210.602857,23352,0.0,0.0,15693.703137439355,0.0
12.030000000000001,219.740142,211.97345,23352,0.0,0.0,15795.836982965737,0.0
12.040000000000001,226.643008,214.173884,23353,0.0,0.0,15959.808917921622,0.0
12.05,226.643008,216.044252,23353,0.0,0.0,16099.18499556793,0.0
12.06,226.643008,217.634066,23353,0.0,0.0,16217.65475098889,0.0
12.07,226.643008,218.985407,23353,0.0,0.0,16318.353976030507,0.0
12.08,226.643008,220.134047,23353,0.0,0.0,16403.94832849358,0.0
12.09,226.643008,221.110391,23353,0.0,0.0,16476.703528087193,0.0
12.1,226.643008,221.940284,23353,0.0,0.0,16538.545492452566,0.0
12.11,226.643008,222.645692,23353,0.0,0.0,16591.11108391923,0.0
12.120000000000001,240.077213,225.26042,23353,0.0,0.0,16785.95537806454,0.0
12.13,240.077213,227.482939,23353,0.0,0.0,16951.573042991648,0.0
12.14,231.270577,228.051085,23353,0.0,0.0,16993.91014510762,0.0
12.15,231.270577,228.534009,23353,0.0,0.0,17029.89667445439,0.0
12.16,231.270577,228.944494,23353,0.0,0.0,17060.48519459195,0.0
12.17,231.270577,229.293407,23353,0.0,0.0,17086.485492597374,0.0
12.18,231.270577,229.589982,23353,0.0,0.0,17108.585667658084,0.0
12.19,231.270577,229.842071,23353,0.0,0.0,17127.37083508919,0.0
12.200000000000001,185.832905,223.240697,23353,0.0,0.0,16635.449664925716,0.0
12.21,205.071235,220.515277,23353,0.0,0.0,16432.356824618997,0.0
12.22,205.071235,218.198671,23353,0.0,0.0,16259.727984876283,0.0
12.23,196.288101,214.912085,23353,0.0,0.0,16014.818178075016,0.0
12.24,204.393734,213.334333,23353,0.0,0.0,15897.247258737958,0.0
12.25,204.393734,211.993243,23353,0.0,0.0,15797.311917687062,0.0
12.26,204.393734,210.853317,23353,0.0,0.0,15712.366915052797,0.0
12.27,204.393734,209.884379,23353,0.0,0.0,15640.163595747472,0.0
12.280000000000001,204.393734,209.060782,23353,0.0,0.0,15578.790796693347,0.0
12.290000000000001,204.393734,208.360725,23353,0.0,0.0,15526.623951030442,0.0
12.3,235.980929,212.503756,23353,0.0,0.0,15835.354324062411,0.0
12.31,235.980929,216.025332,23353,0.0,0.0,16097.775115058283,0.0
12.32,219.748482,216.583804,23353,0.0,0.0,16139.391330067996,0.0
12.33,219.748482,217.058506,23353,0.0,0.0,16174.765172440653,0.0
12.34,231.820492,219.272804,23354,0.0,0.0,16339.770224911645,0.0
12.35,231.820492,221.154957,23354,0.0,0.0,16480.024497156588,0.0
12.36,231.820492,222.754787,23354,0.0,0.0,16599.24062483889,0.0
12.370000000000001,231.820492,224.114643,23354,0.0,0.0,16700.574370627848,0.0
12.38,231.820492,225.27052,23354,0.0,0.0,16786.708009837657,0.0
12.39,231.820492,226.253016,23354,0.0,0.0,16859.921644150898,0.0
12.4,239.35682,228.218587,23354,0.0,0.0,17006.392058697842,0.0
12.41,239.35682,229.889322,23354,0.0,0.0,17130.89188498144,0.0
12.42,234.381445,230.56314,23354,0.0,0.0,17181.10345291218,0.0
12.43,246.089591,232.892108,23354,0.0,0.0,17354.653484137994,0.0
12.44,209.462964,229.377736,23354,0.0,0.0,17092.769520794944,0.0
12.450000000000001,209.462964,226.390521,23354,0.0,0.0,16870.168241374955,0.0
12.46,209.462964,223.851387,23354,0.0,0.0,16680.95706072046,0.0
12.47,209.462964,221.693124,23354,0.0,0.0,16520.12762423034,0.0
12.48,209.462964,219.8586,23354,0.0,0.0,16383.42256968064,0.0
12.49,209.462964,218.299254,23354,0.0,0.0,16267.223228602596,0.0
12.5,186.8232,213.577846,23354,0.0,0.0,15915.393359823885,0.0
12.51,199.123191,211.409648,23354,0.0,0.0,15753.82358703021,0.0
12.52,199.123191,209.566679,23354,0.0,0.0,15616.489227992983,0.0
12.530000000000001,202.203609,208.462219,23354,0.0,0.0,15534.187080652331,0.0
12.540000000000001,218.514913,209.970123,23354,0.0,0.0,15646.55306691128,0.0
12.55,218.514913,211.251842,23354,0.0,0.0,15742.064199942184,0.0
12.56,218.514913,212.341302,23354,0.0,0.0,15823.248577322756,0.0
12.57,218.514913,213.267344,23354,0.0,0.0,15892.25537261424,0.0
12.58,218.514913,214.054479,23354,0.0,0.0,15950.911096449403,0.0
12.59,218.514913,214.723545,23354,0.0,0.0,16000.768554856786,0.0
12.6,218.232264,215.249852,23354,0.0,0.0,16039.987898482106,0.0
12.61,218.232264,215.697214,23354,0.0,0.0,16073.32441880752,0.0
12.620000000000001,234.377965,218.499327,23354,0.0,0.0,16282.132267884132,0.0
12.63,234.377965,220.881122,23354,0.0,0.0,16459.618861355357,0.0
12.64,235.063282,223.008446,23355,0.0,0.0,16618.142785525815,0.0
12.65,235.063282,224.816672,23355,0.0,0.0,16752.888165781507,0.0
12.66,235.063282,226.353663,23355,0.0,0.0,16867.42165702905,0.0
12.67,235.063282,227.660106,23355,0.0,0.0,16964.775173026148,0.0
12.68,235.063282,228.770583,23355,0.0,0.0,17047.525695156786,0.0
12.69,235.063282,229.714488,23355,0.0,0.0,17117.86360543473,0.0
12.700000000000001,224.655135,228.955585,23355,0.0,0.0,17061.311673700435,0.0
12.71,224.655135,228.310517,23355,0.0,0.0,17013.242498193184,0.0
12.72,231.45854,228.782721,23355,0.0,0.0,17048.430194608485,0.0
12.73,231.45854,229.184094,23355,0.0,0.0,17078.339706754294,0.0
12.74,200.155103,224.829745,23355,0.0,0.0,16753.862339560714,0.0
12.75,200.155103,221.128549,23355,0.0,0.0,16478.05662588287,0.0
12.76,200.155103,217.982532,23355,0.0,0.0,16243.621739449502,0.0
12.77,200.155103,215.308417,23355,0.0,0.0,16044.352044996242,0.0
12.780000000000001,200.155103,213.03542,23355,0.0,0.0,15874.97286059947,0.0
12.790000000000001,200.155103,211.103373,23355,0.0,0.0,15731.00058739531,0.0
12.8,209.405566,210.848702,23355,0.0,0.0,15712.023014495078,0.0
12.81,209.405566,210.632231,23355,0.0,0.0,15695.892029093182,0.0
12.82,205.083016,209.799849,23355,0.0,0.0,15633.864589432436,0.0
12.83,199.206519,208.21085,23355,0.0,0.0,15515.45556617931,0.0
12.84,228.441129,211.245391,23355,0.0,0.0,15741.583484341352,0.0
12.85,228.441129,213.824752,23355,0.0,0.0,15933.792300474784,0.0
12.86,228.441129,216.017209,23355,0.0,0.0,16097.169805365904,0.0
12.870000000000001,228.441129,217.880797,23355,0.0,0.0,16236.040650990255,0.0
12.88,228.441129,219.464847,23355,0.0,0.0,16354.080884674551,0.0
12.89,228.441129,220.811289,23355,0.0,0.0,16454.41504604721,0.0
12.9,234.074532,222.800775,23355,0.0,0.0,16602.6675585005,0.0
12.91,234.074532,224.491839,23355,0.0,0.0,16728.682261152,0.0
12.92,231.463691,225.537617,23356,0.0,0.0,16806.611543372823,0.0
12.93,231.463691,226.426528,23356,0.0,0.0,16872.851410905125,0.0
12.94,233.380338,227.469599,23356,0.0,0.0,16950.578972907155,0.0
12.950000000000001,233.380338,228.35621,23356,0.0,0.0,17016.647449045577,0.0
12.96,233.380338,229.109829,23356,0.0,0.0,17072.805627681937,0.0
12.97,233.380338,229.750406,23356,0.0,0.0,17120.54014286314,0.0
12.98,233.380338,230.294896,23356,0.0,0.0,17161.114447234067,0.0
12.99,233.380338,230.757712,23356,0.0,0.0,17195.602568690356,0.0
13.0,217.514575,228.771241,23356,0.0,0.0,17047.57472799904,0.0
13.01,217.514575,227.082742,23356,0.0,0.0,16921.751164010715,0.0
13.02,210.965179,224.665107,23356,0.0,0.0,16741.59384551487,0.0
13.030000000000001,210.965179,222.610118,23356,0.0,0.0,16588.460180681905,0.0
13.040000000000001,207.532192,220.348429,23356,0.0,0.0,16419.923645799037,0.0
13.05,207.532192,218.425993,23356,0.0,0.0,16276.667565067302,0.0
13.06,207.532192,216.791923,23356,0.0,0.0,16154.89994115612,0.0
13.07,207.532192,215.402964,23356,0.0,0.0,16051.39749809062,0.0
13.08,207.532192,214.222348,23356,0.0,0.0,15963.420358144647,0.0
13.09,207.532192,213.218825,23356,0.0,0.0,15888.639833901365,0.0
13.1,207.532192,212.36583,23356,0.0,0.0,15825.076354761479,0.0
13.11,207.532192,211.640784,23356,0.0,0.0,15771.047378863075,0.0
13.120000000000001,207.532192,211.024495,23356,0.0,0.0,15725.122756801233,0.0
13.13,207.532192,210.50065,23356,0.0,0.0,15686.086876485366,0.0
13.14,232.042914,213.731989,23356,0.0,0.0,15926.879787487662,0.0
13.15,232.042914,216.478628,23356,0.0,0.0,16131.553825179908,0.0
13.16,232.042914,218.813271,23356,0.0,0.0,16305.526746040621,0.0
13.17,232.042914,220.797717,23356,0.0,0.0,16453.40368778733,0.0
13.18,232.042914,222.484497,23356,0.0,0.0,16579.099155338226,0.0
13.19,232.042914,223.918259,23356,0.0,0.0,16685.940228238494,0.0
13.200000000000001,236.401876,225.790802,23357,0.0,0.0,16825.47838252901,0.0
13.21,236.401876,227.382463,23357,0.0,0.0,16944.08577269105,0.0
13.22,237.303311,228.87059,23357,0.0,0.0,17054.978016516638,0.0
13.23,237.303311,230.135498,23357,0.0,0.0,17149.23642749428,0.0
13.24,228.260536,229.854254,23357,0.0,0.0,17128.278687850765,0.0
13.25,228.260536,229.615196,23357,0.0,0.0,17110.464564442984,0.0
13.26,228.260536,229.411997,23357,0.0,0.0,17095.322581901768,0.0
13.27,228.260536,229.239278,23357,0.0,0.0,17082.45190791943,0.0
13.280000000000001,228.260536,229.092467,23357,0.0,0.0,17071.511846212143,0.0
13.290000000000001,210.02667,226.232597,23357,0.0,0.0,16858.40006116324,0.0
13.3,193.356107,221.301124,23357,0.0,0.0,16490.916569273588,0.0
13.31,199.195086,217.985218,23357,0.0,0.0,16243.821894790355,0.0
13.32,199.195086,215.166698,23357,0.0,0.0,16033.791428931405,0.0
13.33,193.370242,211.89723,23357,0.0,0.0,15790.157221208585,0.0
13.34,206.035074,211.017906,23357,0.0,0.0,15724.631757716768,0.0
13.35,206.035074,210.270482,23357,0.0,0.0,15668.935218073919,0.0
13.36,206.035074,209.63517,23357,0.0,0.0,15621.593040148702,0.0
13.370000000000001,206.035074,209.095156,23357,0.0,0.0,15581.352278333867,0.0
13.38,206.035074,208.636144,23357,0.0,0.0,15547.147623339455,0.0
13.39,225.553419,211.173735,23357,0.0,0.0,15736.243822724053,0.0
13.4,225.553419,213.330688,23357,0.0,0.0,15896.97564063766,0.0
13.41,222.660113,214.730101,23357,0.0,0.0,16001.257094847339,0.0
13.42,228.484665,216.793286,23357,0.0,0.0,16155.001509186497,0.0
13.43,228.484665,218.546993,23357,0.0,0.0,16285.68424274528,0.0
13.44,231.435639,220.48029,23358,0.0,0.0,16429.74966344611,0.0
13.450000000000001,231.435639,222.123592,23358,0.0,0.0,16552.205237508715,0.0
13.46,231.435639,223.520399,23358,0.0,0.0,16656.292497817336,0.0
13.47,231.435639,224.707685,23358,0.0,0.0,16744.76667280556,0.0
13.48,231.435639,225.716878,23358,0.0,0.0,16819.969714093746,0.0
13.49,241.226246,228.043284,23358,0.0,0.0,16993.328830210383,0.0
13.5,234.365836,228.991666,23358,0.0,0.0,17064.00035756241,0.0
13.51,240.112902,230.659852,23358,0.0,0.0,17188.310237470792,0.0
13.52,240.136039,232.08128,23358,0.0,0.0,17294.232205391883,0.0
13.530000000000001,240.136039,233.289494,23358,0.0,0.0,17384.265893028412,0.0
13.540000000000001,209.93236,229.785924,23358,0.0,0.0,17123.186873092618,0.0
13.55,209.93236,226.807889,23358,0.0,0.0,16901.269668888195,0.0
13.56,209.93236,224.27656,23358,0.0,0.0,16712.64010120293,0.0
13.57,209.93236,222.12493,23358,0.0,0.0,16552.304942589155,0.0
13.58,209.93236,220.296044,23358,0.0,0.0,16416.02002050845,0.0
13.59,199.139665,217.122587,23358,0.0,0.0,16179.540360228113,0.0
13.6,193.358234,213.557934,23358,0.0,0.0,15913.90955746088,0.0
13.61,193.358234,210.527979,23358,0.0,0.0,15688.12337883463,0.0
13.620000000000001,199.218332,208.831532,23358,0.0,0.0,15561.707545803461,0.0
13.63,199.218332,207.389552,23358,0.0,0.0,15454.254084001066,0.0
13.64,215.035066,208.536379,23358,0.0,0.0,15539.713335334965,0.0
13.65,215.035066,209.511182,23358,0.0,0.0,15612.35370269468,0.0
13.66,215.035066,210.339765,23358,0.0,0.0,15674.098048483535,0.0
13.67,215.035066,211.04406,23358,0.0,0.0,15726.580701419163,0.0
13.68,215.035066,211.642711,23358,0.0,0.0,15771.190975043946,0.0
13.69,227.12225,213.964642,23358,0.0,0.0,15944.21662312249,0.0
13.700000000000001,227.12225,215.938283,23358,0.0,0.0,16091.288397907954,0.0
13.71,231.488983,218.270888,23358,0.0,0.0,16265.109451090091,0.0
13.72,231.488983,220.253602,23358,0.0,0.0,16412.857327665406,0.0
13.73,231.455323,221.93386,23358,0.0,0.0,16538.06678883766,0.0
13.74,234.007598,223.744921,23359,0.0,0.0,16673.023427615804,0.0
13.75,234.007598,225.284322,23359,0.0,0.0,16787.736507236925,0.0
13.76,234.007598,226.592814,23359,0.0,0.0,16885.24271061058,0.0
13.77,234.007598,227.705031,23359,0.0,0.0,16968.12289405659,0.0
13.780000000000001,234.007598,228.650416,23359,0.0,0.0,17038.571090970592,0.0
13.790000000000001,243.336682,230.853356,23359,0.0,0.0,17202.729768027813,0.0
13.8,222.656205,229.623783,23359,0.0,0.0,17111.104450486127,0.0
13.81,222.656205,228.578647,23359,0.0,0.0,17033.223008819597,0.0
13.82,219.722432,227.250215,23359,0.0,0.0,16934.23091657901,0.0
13.83,219.722432,226.121047,23359,0.0,0.0,16850.087578560113,0.0
13.84,197.996524,221.902369,23359,0.0,0.0,16535.72014258347,0.0
13.85,197.996524,218.316492,23359,0.0,0.0,16268.507769840722,0.0
13.86,197.996524,215.268497,23359,0.0,0.0,16041.37728654248,0.0
13.870000000000001,197.996524,212.677701,23359,0.0,0.0,15848.316357109485,0.0
13.88,197.996524,210.475524,23359,0.0,0.0,15684.214537284235,0.0
13.89,203.72215,209.462518,23359,0.0,0.0,15608.72735887219,0.0
13.9,199.217216,207.925723,23359,0.0,0.0,15494.20847315213,0.0
13.91,210.90074,208.371975,23359,0.0,0.0,15527.462278500501,0.0
13.92,210.90074,208.75129,23359,0.0,0.0,15555.728072661013,0.0
13.93,216.81589,209.96098,23359,0.0,0.0,15645.871748861611,0.0
13.94,226.208554,212.398116,23359,0.0,0.0,15827.482242823555,0.0
13.950000000000001,226.208554,214.469682,23359,0.0,0.0,15981.851192498405,0.0
13.96,226.208554,216.230513,23359,0.0,0.0,16113.064792270228,0.0
13.97,226.208554,217.727219,23359,0.0,0.0,16224.596325994977,0.0
13.98,226.208554,218.999419,23359,0.0,0.0,16319.398122209215,0.0
13.99,227.609031,220.290861,23359,0.0,0.0,16415.633793728248,0.0
14.0,227.609031,221.388586,23359,0.0,0.0,16497.434062356824,0.0
14.01,231.461966,222.899593,23359,0.0,0.0,16610.031277961512,0.0
14.02,234.36886,224.619983,23360,0.0,0.0,16738.231295402962,0.0
14.030000000000001,240.227625,226.96113,23360,0.0,0.0,16912.688881318365,0.0
14.040000000000001,227.424028,227.030564,23360,0.0,0.0,16917.862963945576,0.0
14.05,227.424028,227.089584,23360,0.0,0.0,16922.261016148506,0.0
14.06,227.424028,227.139751,23360,0.0,0.0,16925.999360520993,0.0
14.07,227.424028,227.182392,23360,0.0,0.0,16929.17688244551,0.0
14.08,227.424028,227.218638,23360,0.0,0.0,16931.877861777048,0.0
14.09,227.424028,227.249446,23360,0.0,0.0,16934.173612239058,0.0
14.1,227.424028,227.275633,23360,0.0,0.0,16936.125015035366,0.0
14.11,227.424028,227.297893,23360,0.0,0.0,16937.783785656124,0.0
14.120000000000001,199.717162,223.160783,23360,0.0,0.0,16629.494633686394,0.0
14.13,199.717162,219.64424,23360,0.0,0.0,16367.448891771124,0.0
14.14,197.911295,216.384298,23360,0.0,0.0,16124.524542490955,0.0
14.15,197.911295,213.613348,23360,0.0,0.0,15918.038897765404,0.0
14.16,197.911295,211.25804,23360,0.0,0.0,15742.526062489687,0.0
14.17,197.911295,209.256028,23360,0.0,0.0,15593.34013760173,0.0
14.18,197.911295,207.554318,23360,0.0,0.0,15466.532116350567,0.0
14.19,207.972854,207.617099,23360,0.0,0.0,15471.210430741487,0.0
14.200000000000001,222.650417,209.872096,23360,0.0,0.0,15639.248291186164,0.0
14.21,222.650417,211.788844,23360,0.0,0.0,15782.080513549037,0.0
14.22,222.658254,213.419256,23360,0.0,0.0,15903.57555062595,0.0
14.23,222.658254,214.805106,23360,0.0,0.0,16006.846317237725,0.0
14.24,225.778964,216.451184,23360,0.0,0.0,16129.508753260945,0.0
14.25,225.778964,217.850351,23360,0.0,0.0,16233.771876043282,0.0
14.26,225.778964,219.039643,23360,0.0,0.0,16322.395534134168,0.0
14.27,225.778964,220.050541,23360,0.0,0.0,16397.72562860782,0.0
14.280000000000001,225.778964,220.909805,23360,0.0,0.0,16461.756261073024,0.0
14.290000000000001,230.743442,222.384851,23361,0.0,0.0,16571.67373497542,0.0
14.3,230.743442,223.638639,23361,0.0,0.0,16665.103505822655,0.0
14.31,237.292764,225.686758,23361,0.0,0.0,16817.725232013905,0.0
14.32,240.20985,227.865222,23361,0.0,0.0,16980.060006568267,0.0
14.33,240.20985,229.716916,23361,0.0,0.0,17118.04453513227,0.0
14.34,225.952061,229.152188,23361,0.0,0.0,17075.962135531205,0.0
14.35,225.952061,228.672169,23361,0.0,0.0,17040.192080966703,0.0
14.36,225.952061,228.264153,23361,0.0,0.0,17009.78754576457,0.0
14.370000000000001,225.952061,227.917339,23361,0.0,0.0,16983.943661035566,0.0
14.38,225.952061,227.622547,23361,0.0,0.0,16961.976351564106,0.0
14.39,198.925348,223.317967,23361,0.0,0.0,16641.207670580076,0.0
14.4,193.337837,218.820948,23361,0.0,0.0,16306.09882070619,0.0
14.41,193.337837,214.998481,23361,0.0,0.0,16021.256234973087,0.0
14.42,196.291555,212.192442,23361,0.0,0.0,15812.155828238925,0.0
14.43,196.291555,209.807309,23361,0.0,0.0,15634.420493692583,0.0
14.44,205.68363,209.188757,23361,0.0,0.0,15588.327237402762,0.0
14.450000000000001,205.68363,208.662988,23361,0.0,0.0,15549.147984460016,0.0
14.46,205.68363,208.216085,23361,0.0,0.0,15515.845667895377,0.0
14.47,205.68363,207.836216,23361,0.0,0.0,15487.538590764341,0.0
14.48,205.68363,207.513328,23361,0.0,0.0,15463.477623639656,0.0
14.49,222.382601,209.743719,23361,0.0,0.0,15629.681894241818,0.0
14.5,222.637215,211.677744,23361,0.0,0.0,15773.801564044712,0.0
14.51,228.386564,214.184067,23361,0.0,0.0,15960.567734688524,0.0
14.52,228.386564,216.314441,23361,0.0,0.0,16119.318938750868,0.0
14.530000000000001,231.518565,218.59506,23361,0.0,0.0,16289.266099323353,0.0
14.540000000000001,232.050717,220.613408,23362,0.0,0.0,16439.669350215838,0.0
14.55,232.050717,222.329005,23362,0.0,0.0,16567.512202896043,0.0
14.56,232.050717,223.787262,23362,0.0,0.0,16676.178594141118,0.0
14.57,232.050717,225.02678,23362,0.0,0.0,16768.544993166335,0.0
14.58,232.050717,226.080371,23362,0.0,0.0,16847.056484500372,0.0
14.59,237.419575,227.781251,23362,0.0,0.0,16973.802655813743,0.0
14.6,234.34238,228.765421,23362,0.0,0.0,17047.141033254524,0.0
14.61,234.34238,229.601964,23362,0.0,0.0,17109.478542302197,0.0
14.620000000000001,237.308793,230.757989,23362,0.0,0.0,17195.623210175618,0.0
14.63,237.308793,231.740609,23362,0.0,0.0,17268.846084720528,0.0
14.64,209.31713,228.377087,23362,0.0,0.0,17018.203161276015,0.0
14.65,209.31713,225.518094,23362,0.0,0.0,16805.15672851078,0.0
14.66,209.31713,223.087949,23362,0.0,0.0,16624.067189868234,0.0
14.67,209.31713,221.022326,23362,0.0,0.0,16470.141100651563,0.0
14.68,209.31713,219.266547,23362,0.0,0.0,16339.303965802297,0.0
14.69,193.600261,215.416604,23362,0.0,0.0,16052.41392357432,0.0
14.700000000000001,193.336039,212.104519,23362,0.0,0.0,15805.603982358918,0.0
14.71,199.198412,210.168603,23362,0.0,0.0,15661.343399023055,0.0
14.72,199.198412,208.523074,23362,0.0,0.0,15538.721873380377,0.0
14.73,202.17103,207.570268,23362,0.0,0.0,15467.720678408119,0.0
14.74,220.177927,209.461417,23362,0.0,0.0,15608.645314557121,0.0
14.75,220.177927,211.068893,23362,0.0,0.0,15728.431206847074,0.0
14.76,220.177927,212.435248,23362,0.0,0.0,15830.249245100735,0.0
14.77,220.177927,213.59665,23362,0.0,0.0,15916.794596245843,0.0
14.780000000000001,220.177927,214.583842,23362,0.0,0.0,15990.358167074586,0.0
14.790000000000001,230.073713,216.907322,23362,0.0,0.0,16163.499243531009,0.0
14.8,228.485945,218.644116,23362,0.0,0.0,16292.921654200802,0.0
14.81,228.485945,220.12039,23362,0.0,0.0,16402.930636203924,0.0
14.82,228.511752,221.379094,23362,0.0,0.0,16496.72673752608,0.0
14.83,228.511752,222.448993,23362,0.0,0.0,16576.453468360713,0.0
14.84,235.15409,224.354758,23363,0.0,0.0,16718.46725955882,0.0
14.85,235.15409,225.974657,23363,0.0,0.0,16839.17888892971,0.0
14.86,235.15409,227.351572,23363,0.0,0.0,16941.783837235267,0.0
14.870000000000001,235.15409,228.52195,23363,0.0,0.0,17028.998061924485,0.0
14.88,235.15409,229.516771,23363,0.0,0.0,17103.130130554924,0.0
14.89,239.374489,230.995429,23363,0.0,0.0,17213.316763463707,0.0
14.9,222.652064,229.743924,23363,0.0,0.0,17120.05711720439,0.0
14.91,222.614977,228.674582,23363,0.0,0.0,17040.371892894276,0.0
14.92,210.826163,225.997319,23363,0.0,0.0,16840.8676157854,0.0
14.93,210.826163,223.721646,23363,0.0,0.0,16671.289021227745,0.0
14.94,195.974671,219.559599,23363,0.0,0.0,16361.141613958382,0.0
14.950000000000001,195.974671,216.02186,23363,0.0,0.0,16097.516388571526,0.0
14.96,195.974671,213.014782,23363,0.0,0.0,15873.434958170394,0.0
14.97,195.974671,210.458765,23363,0.0,0.0,15682.965690166837,0.0
14.98,195.974671,208.286151,23363,0.0,0.0,15521.066845896907,0.0
14.99,199.465316,206.963026,23363,0.0,0.0,15422.4702206682,0.0
15.0,199.465316,205.838369,23363,0.0,0.0,15338.663033335297,0.0
15.01,207.978872,206.159445,23363,0.0,0.0,15362.588973848804,0.0
15.02,207.978872,206.432359,23363,0.0,0.0,15382.925978574485,0.0
15.030000000000001,219.781651,208.434753,23363,0.0,0.0,15532.140369337427,0.0
15.040000000000001,227.554412,211.302701,23363,0.0,0.0,15745.854110768832,0.0
15.05,227.554412,213.740458,23363,0.0,0.0,15927.51088040712,0.0
15.06,227.554412,215.812551,23363,0.0,0.0,16081.91910106657,0.0
15.07,227.554412,217.57383,23363,0.0,0.0,16213.166084901199,0.0
15.08,227.554412,219.070918,23363,0.0,0.0,16324.726084500935,0.0
15.09,227.554412,220.343442,23363,0.0,0.0,16419.552024546312,0.0
15.1,227.554412,221.425087,23363,0.0,0.0,16500.15404377768,0.0
15.11,227.554412,222.344486,23363,0.0,0.0,16568.66581601284,0.0
15.120000000000001,222.489908,222.366299,23364,0.0,0.0,16570.291277088792,0.0
15.13,240.225415,225.045167,23364,0.0,0.0,16769.9151555834,0.0
15.14,233.782056,226.3557,23364,0.0,0.0,16867.573450189622,0.0
15.15,233.782056,227.469653,23364,0.0,0.0,16950.58299687901,0.0
15.16,233.782056,228.416514,23364,0.0,0.0,17021.14118235709,0.0
15.17,233.782056,229.221345,23364,0.0,0.0,17081.115576673154,0.0
15.18,233.782056,229.905452,23364,0.0,0.0,17132.09386027851,0.0
15.19,220.43382,228.484707,23364,0.0,0.0,17026.2227881496,0.0
15.200000000000001,220.43382,227.277074,23364,0.0,0.0,16936.23239546953,0.0
15.21,205.082627,223.947907,23364,0.0,0.0,16688.14953782359,0.0
15.22,193.326741,219.354732,23364,0.0,0.0,16345.875335397608,0.0
15.23,193.326741,215.450534,23364,0.0,0.0,16054.942319224021,0.0
15.24,196.856061,212.661363,23364,0.0,0.0,15847.098882068964,0.0
15.25,196.856061,210.290567,23364,0.0,0.0,15670.431912050466,0.0
15.26,196.856061,208.275391,23364,0.0,0.0,15520.265032245545,0.0
15.27,196.856061,206.562492,23364,0.0,0.0,15392.623229122157,0.0
15.280000000000001,196.856061,205.106527,23364,0.0,0.0,15284.127633126982,0.0
15.290000000000001,211.875061,206.121807,23364,0.0,0.0,15359.78426546497,0.0
15.3,216.791997,207.722336,23364,0.0,0.0,15479.052481227416,0.0
15.31,228.491451,210.837703,23364,0.0,0.0,15711.20339104235,0.0
15.32,216.793601,211.731088,23364,0.0,0.0,15777.776652094746,0.0
15.33,216.793601,212.490465,23364,0.0,0.0,15834.363905359782,0.0
15.34,229.983829,215.114469,23364,0.0,0.0,16029.899428448407,0.0
15.35,229.983829,217.344873,23364,0.0,0.0,16196.104667784533,0.0
15.36,229.983829,219.240717,23364,0.0,0.0,16337.379165931037,0.0
15.370000000000001,229.983829,220.852184,23364,0.0,0.0,16457.46245954837,0.0
15.38,229.983829,222.221931,23364,0.0,0.0,16559.533262849007,0.0
15.39,230.96926,223.53403,23365,0.0,0.0,16657.308252639057,0.0
15.4,240.20495,226.034668,23365,0.0,0.0,16843.650788468,0.0
15.41,240.20495,228.16021,23365,0.0,0.0,17002.0419215672,0.0
15.42,237.304403,229.531839,23365,0.0,0.0,17104.252967738823,0.0
15.43,237.304403,230.697724,23365,0.0,0.0,17191.132383066,0.0
15.44,224.740974,229.804211,23365,0.0,0.0,17124.54958370995,0.0
15.450000000000001,224.740974,229.044726,23365,0.0,0.0,17067.954282501196,0.0
15.46,224.740974,228.399163,23365,0.0,0.0,17019.848220585263,0.0
15.47,224.740974,227.850435,23365,0.0,0.0,16978.95810894162,0.0
15.48,224.740974,227.384016,23365,0.0,0.0,16944.20149914092,0.0
15.49,195.475474,222.597734,23365,0.0,0.0,16587.53734980286,0.0
15.5,199.191023,219.086728,23365,0.0,0.0,16325.904214038856,0.0
15.51,199.114713,216.090925,23365,0.0,0.0,16102.662974057721,0.0
15.52,199.114713,213.544493,23365,0.0,0.0,15912.907961058649,0.0
15.530000000000001,190.491197,210.086499,23365,0.0,0.0,15655.225173369561,0.0
15.540000000000001,208.107823,209.789698,23365,0.0,0.0,15633.108157241453,0.0
15.55,208.107823,209.537416,23365,0.0,0.0,15614.308607836861,0.0
15.56,208.107823,209.322977,23365,0.0,0.0,15598.329043005557,0.0
15.57,208.107823,209.140704,23365,0.0,0.0,15584.74642407665,0.0
15.58,208.107823,208.985772,23365,0.0,0.0,15573.201201712975,0.0
15.59,223.376924,211.144445,23365,0.0,0.0,15734.061190582004,0.0
15.6,223.376924,212.979317,23365,0.0,0.0,15870.79217739478,0.0
15.610000000000001,225.591521,214.871147,23365,0.0,0.0,16011.767560299968,0.0
15.620000000000001,234.374063,217.796585,23365,0.0,0.0,16229.765341398372,0.0
15.63,234.374063,220.283206,23365,0.0,0.0,16415.063358458618,0.0
15.64,230.990732,221.889335,23366,0.0,0.0,16534.748875006153,0.0
15.65,230.990732,223.254545,23366,0.0,0.0,16636.481590152864,0.0
15.66,230.990732,224.414973,23366,0.0,0.0,16722.954360768566,0.0
15.67,230.990732,225.401337,23366,0.0,0.0,16796.45623069551,0.0
15.68,230.990732,226.239746,23366,0.0,0.0,16858.932790326216,0.0
15.69,242.918458,228.741553,23366,0.0,0.0,17045.362437694046,0.0
15.700000000000001,234.371016,229.585972,23366,0.0,0.0,17108.28685048876,0.0
15.71,240.184945,231.175818,23366,0.0,0.0,17226.758990485625,0.0
15.72,240.184945,232.527187,23366,0.0,0.0,17327.460302031177,0.0
15.73,222.678251,231.049847,23366,0.0,0.0,17217.371883842883,0.0
15.74,202.822916,226.815807,23366,0.0,0.0,16901.85970239112,0.0
15.75,202.822916,223.216873,23366,0.0,0.0,16633.67434815712,0.0
15.76,202.822916,220.15778,23366,0.0,0.0,16405.71686412442,0.0
15.77,202.822916,217.55755,23366,0.0,0.0,16211.952931904525,0.0
15.780000000000001,202.822916,215.347355,23366,0.0,0.0,16047.253626776615,0.0
15.790000000000001,192.263206,211.884732,23366,0.0,0.0,15789.225895277847,0.0
15.8,192.263206,208.941503,23366,0.0,0.0,15569.902364488791,0.0
15.81,196.291555,207.044011,23366,0.0,0.0,15428.50506068267,0.0
15.82,199.216838,205.869935,23366,0.0,0.0,15341.015268439289,0.0
15.83,199.216838,204.871971,23366,0.0,0.0,15266.648989743217,0.0
15.84,217.047431,206.69829,23366,0.0,0.0,15402.742624124752,0.0
15.85,217.047431,208.250661,23366,0.0,0.0,15518.42220217136,0.0
15.860000000000001,217.047431,209.570176,23366,0.0,0.0,15616.749817429676,0.0
15.870000000000001,217.047431,210.691765,23366,0.0,0.0,15700.328383546741,0.0
15.88,217.047431,211.645115,23366,0.0,0.0,15771.37011630955,0.0
15.89,231.572952,214.63429,23366,0.0,0.0,15994.117451004327,0.0
15.9,228.501184,216.714324,23366,0.0,0.0,16149.11741908064,0.0
15.91,222.63392,217.602264,23366,0.0,0.0,16215.284929637526,0.0
15.92,222.63392,218.357012,23366,0.0,0.0,16271.527239092882,0.0
15.93,234.394033,220.762565,23366,0.0,0.0,16450.784231144877,0.0
15.94,236.612255,223.140019,23367,0.0,0.0,16627.947341989657,0.0
15.950000000000001,236.612255,225.160854,23367,0.0,0.0,16778.53591914152,0.0
15.96,236.612255,226.878564,23367,0.0,0.0,16906.5362283501,0.0
15.97,236.612255,228.338618,23367,0.0,0.0,17015.336528436394,0.0
15.98,236.612255,229.579663,23367,0.0,0.0,17107.81671644355,0.0
15.99,235.444168,230.459339,23367,0.0,0.0,17173.36841027043,0.0
16.0,235.444168,231.207063,23367,0.0,0.0,17229.087305312478,0.0
16.01,219.741362,229.487208,23367,0.0,0.0,17100.927154999605,0.0
16.02,219.741362,228.025331,23367,0.0,0.0,16991.99100860416,0.0
16.03,208.012763,225.023446,23367,0.0,0.0,16768.29655016321,0.0
16.04,197.184405,220.84759,23367,0.0,0.0,16457.120123868597,0.0
16.05,197.184405,217.298112,23367,0.0,0.0,16192.620131710977,0.0
16.06,197.184405,214.281056,23367,0.0,0.0,15967.795160732403,0.0
16.07,197.184405,211.716558,23367,0.0,0.0,15776.693905593414,0.0
16.080000000000002,197.184405,209.536735,23367,0.0,0.0,15614.257861080672,0.0
16.09,197.184405,207.683886,23367,0.0,0.0,15476.187264229742,0.0
16.1,197.184405,206.108964,23367,0.0,0.0,15358.827230825149,0.0
16.11,197.184405,204.77028,23367,0.0,0.0,15259.07118007585,0.0
16.12,214.055423,206.163051,23367,0.0,0.0,15362.857685747207,0.0
16.13,222.645875,208.635475,23367,0.0,0.0,15547.097770799237,0.0
16.14,226.11379,211.257222,23367,0.0,0.0,15742.465106767868,0.0
16.15,226.11379,213.485707,23367,0.0,0.0,15908.5273460671,0.0
16.16,226.11379,215.37992,23367,0.0,0.0,16049.68030535995,0.0
16.17,226.11379,216.99,23367,0.0,0.0,16169.660242514974,0.0
16.18,226.11379,218.358569,23367,0.0,0.0,16271.64326361474,0.0
16.19,235.585012,220.942535,23367,0.0,0.0,16464.195235125917,0.0
16.2,235.585012,223.138907,23367,0.0,0.0,16627.864477976615,0.0
16.21,219.865749,222.647933,23368,0.0,0.0,16591.278078751264,0.0
16.22,234.358009,224.404444,23368,0.0,0.0,16722.16976077459,0.0
16.23,234.358009,225.897479,23368,0.0,0.0,16833.427738931106,0.0
16.240000000000002,235.197831,227.292532,23368,0.0,0.0,16937.384294672393,0.0
16.25,235.197831,228.478327,23368,0.0,0.0,17025.747363326584,0.0
16.26,235.197831,229.486252,23368,0.0,0.0,17100.85591579415,0.0
16.27,235.197831,230.342989,23368,0.0,0.0,17164.698241280075,0.0
16.28,235.197831,231.071215,23368,0.0,0.0,17218.964184410015,0.0
16.29,215.674038,228.761639,23368,0.0,0.0,17046.85920618859,0.0
16.3,210.90152,226.082621,23368,0.0,0.0,16847.224149994378,0.0
16.31,199.205782,222.051095,23368,0.0,0.0,16546.80290625566,0.0
16.32,187.492313,216.867278,23368,0.0,0.0,16160.515244845576,0.0
16.330000000000002,187.492313,212.461033,23368,0.0,0.0,15832.170691662111,0.0
16.34,196.676742,210.093389,23368,0.0,0.0,15655.738602371224,0.0
16.35,196.676742,208.080892,23368,0.0,0.0,15505.771356281171,0.0
16.36,196.676742,206.37027,23368,0.0,0.0,15378.299230637725,0.0
16.37,196.676742,204.91624,23368,0.0,0.0,15269.9478269674,0.0
16.38,196.676742,203.680316,23368,0.0,0.0,15177.84924562462,0.0
16.39,208.672641,204.429165,23368,0.0,0.0,15233.651973413675,0.0
16.4,222.629379,207.159197,23368,0.0,0.0,15437.088490724122,0.0
16.41,222.629379,209.479724,23368,0.0,0.0,15610.009515534399,0.0
16.42,222.653923,211.455854,23368,0.0,0.0,15757.266765615237,0.0
16.43,222.653923,213.135564,23368,0.0,0.0,15882.43539092495,0.0
16.44,229.839037,215.641085,23368,0.0,0.0,16069.141798134897,0.0
16.45,229.839037,217.770778,23368,0.0,0.0,16227.842255441054,0.0
16.46,229.839037,219.581017,23368,0.0,0.0,16362.737640425386,0.0
16.47,229.839037,221.11972,23368,0.0,0.0,16477.398706484364,0.0
16.48,229.839037,222.427618,23368,0.0,0.0,16574.860646167595,0.0
16.490000000000002,231.505183,223.789252,23369,0.0,0.0,16676.326884955826,0.0
16.5,240.199186,226.250742,23369,0.0,0.0,16859.75219022495,0.0
16.51,239.745031,228.274886,23369,0.0,0.0,17010.58734743001,0.0
16.52,239.745031,229.995408,23369,0.0,0.0,17138.79720124711,0.0
16.53,231.667702,230.246252,23369,0.0,0.0,17157.489593771523,0.0
16.54,221.665842,228.95919,23369,0.0,0.0,17061.58031108084,0.0
16.55,221.665842,227.865188,23369,0.0,0.0,16980.057472956356,0.0
16.56,221.665842,226.935286,23369,0.0,0.0,16910.763038195146,0.0
16.57,221.665842,226.14487,23369,0.0,0.0,16851.86282081071,0.0
16.580000000000002,221.665842,225.473015,23369,0.0,0.0,16801.79753170875,0.0
16.59,197.992326,221.350912,23369,0.0,0.0,16494.626671325084,0.0
16.6,199.204686,218.028978,23369,0.0,0.0,16247.082802353892,0.0
16.61,199.204686,215.205334,23369,0.0,0.0,16036.670506276583,0.0
16.62,190.428221,211.488767,23369,0.0,0.0,15759.719376461646,0.0
16.63,190.428221,208.329685,23369,0.0,0.0,15524.310912393048,0.0
16.64,208.736933,208.390773,23369,0.0,0.0,15528.863067814473,0.0
16.65,208.736933,208.442697,23369,0.0,0.0,15532.732340308286,0.0
16.66,208.736933,208.486832,23369,0.0,0.0,15536.021192120825,0.0
16.67,208.736933,208.524347,23369,0.0,0.0,15538.816734790988,0.0
16.68,208.736933,208.556235,23369,0.0,0.0,15541.19296469012,0.0
16.69,219.040243,210.128836,23369,0.0,0.0,15658.380041822891,0.0
16.7,228.48213,212.88183,23369,0.0,0.0,15863.527641388226,0.0
16.71,228.504977,215.225302,23369,0.0,0.0,16038.158481647442,0.0
16.72,228.504977,217.217253,23369,0.0,0.0,16186.594680964174,0.0
16.73,225.606141,218.475586,23369,0.0,0.0,16280.363136109316,0.0
16.740000000000002,234.219317,220.837146,23370,0.0,0.0,16456.341857904394,0.0
16.75,234.219317,222.844472,23370,0.0,0.0,16605.92377143021,0.0
16.76,234.219317,224.550698,23370,0.0,0.0,16733.068315957356,0.0
16.77,234.219317,226.000991,23370,0.0,0.0,16841.141245871622,0.0
16.78,234.219317,227.23374,23370,0.0,0.0,16933.003232572857,0.0
16.79,238.760921,228.962817,23370,0.0,0.0,17061.85058785719,0.0
16.8,234.34716,229.770469,23370,0.0,0.0,17122.03519744375,0.0
16.81,234.34716,230.456972,23370,0.0,0.0,17173.192026170727,0.0
16.82,231.440313,230.604473,23370,0.0,0.0,17184.18350529618,0.0
16.830000000000002,231.440313,230.729849,23370,0.0,0.0,17193.52627373051,0.0
16.84,206.225332,227.054172,23370,0.0,0.0,16919.62218482675,0.0
16.85,206.225332,223.929846,23370,0.0,0.0,16686.803668273653,0.0
16.86,206.225332,221.274169,23370,0.0,0.0,16488.907936655323,0.0
16.87,206.225332,219.016843,23370,0.0,0.0,16320.696523794844,0.0
16.88,206.225332,217.098116,23370,0.0,0.0,16177.71683031524,0.0
16.89,192.973698,213.479454,23370,0.0,0.0,15908.061385029743,0.0
16.9,193.330317,210.457083,23370,0.0,0.0,15682.84035089531,0.0
16.91,199.210204,208.770051,23370,0.0,0.0,15557.126104809082,0.0
16.92,199.210204,207.336074,23370,0.0,0.0,15450.26901053939,0.0
16.93,205.097825,207.000337,23370,0.0,0.0,15425.250561666902,0.0
16.94,221.013438,209.102302,23370,0.0,0.0,15581.884783942849,0.0
16.95,221.013438,210.888972,23370,0.0,0.0,15715.023854247906,0.0
16.96,221.013438,212.407642,23370,0.0,0.0,15828.192101266202,0.0
16.97,221.013438,213.698511,23370,0.0,0.0,15924.385073972757,0.0
16.98,221.013438,214.79575,23370,0.0,0.0,16006.149126854625,0.0
16.990000000000002,227.579965,216.713382,23370,0.0,0.0,16149.047223127147,0.0
17.0,227.579965,218.34337,23370,0.0,0.0,16270.510664573188,0.0
17.01,228.540742,219.872976,23370,0.0,0.0,16384.49384041038,0.0
17.02,234.371016,222.047682,23370,0.0,0.0,16546.54857633074,0.0
17.03,234.371016,223.896182,23370,0.0,0.0,16684.29509441125,0.0
17.04,231.988806,225.110075,23371,0.0,0.0,16774.751969754663,0.0
17.05,231.988806,226.141885,23371,0.0,0.0,16851.640384588656,0.0
17.06,231.988806,227.018923,23371,0.0,0.0,16916.99549993856,0.0
17.07,231.988806,227.764406,23371,0.0,0.0,16972.54740014857,0.0
17.080000000000002,231.988806,228.398066,23371,0.0,0.0,17019.766474342185,0.0
17.09,231.988806,228.936677,23371,0.0,0.0,17059.902687406753,0.0
17.1,231.988806,229.394496,23371,0.0,0.0,17094.01844243034,0.0
17.11,231.988806,229.783643,23371,0.0,0.0,17123.01689754069,0.0
17.12,222.540723,228.697205,23371,0.0,0.0,17042.057713548074,0.0
17.13,205.041997,225.148923,23371,0.0,0.0,16777.646844915267,0.0
17.14,193.06809,220.336798,23371,0.0,0.0,16419.05692697199,0.0
17.150000000000002,193.06809,216.246492,23371,0.0,0.0,16114.255515349701,0.0
17.16,193.06809,212.769732,23371,0.0,0.0,15855.174322922556,0.0
17.17,193.06809,209.814486,23371,0.0,0.0,15634.955309359482,0.0
17.18,193.06809,207.302526,23371,0.0,0.0,15447.769080764672,0.0
17.19,190.296277,204.751589,23371,0.0,0.0,15257.678364187592,0.0
17.2,190.296277,202.583292,23371,0.0,0.0,15096.10121411218,0.0
17.21,205.090789,202.959417,23371,0.0,0.0,15124.129295861178,0.0
17.22,216.78196,205.032798,23371,0.0,0.0,15278.633495701202,0.0
17.23,216.78196,206.795173,23371,0.0,0.0,15409.962151260912,0.0
17.240000000000002,227.480628,209.897991,23371,0.0,0.0,15641.177934727248,0.0
17.25,227.480628,212.535386,23371,0.0,0.0,15837.711328318232,0.0
17.26,227.480628,214.777173,23371,0.0,0.0,16004.764806018065,0.0
17.27,227.480628,216.682691,23371,0.0,0.0,16146.760191270827,0.0
17.28,227.480628,218.302382,23371,0.0,0.0,16267.45632089827,0.0
17.29,228.411961,219.818819,23371,0.0,0.0,16380.458169228514,0.0
17.3,228.491039,221.119652,23371,0.0,0.0,16477.39363926055,0.0
17.31,234.368836,223.107029,23372,0.0,0.0,16625.488993257455,0.0
17.32,240.229859,225.675454,23372,0.0,0.0,16816.882880571993,0.0
17.330000000000002,240.229859,227.858614,23372,0.0,0.0,16979.56759164185,0.0
17.34,234.657199,228.878402,23372,0.0,0.0,17055.560151111844,0.0
17.35,234.657199,229.745222,23372,0.0,0.0,17120.153841564937,0.0
17.36,234.657199,230.482018,23372,0.0,0.0,17175.05840393207,0.0
17.37,234.657199,231.108295,23372,0.0,0.0,17221.727311751332,0.0
17.38,234.657199,231.640631,23372,0.0,0.0,17261.395924382603,0.0
17.39,213.923409,228.983047,23372,0.0,0.0,17063.35808694335,0.0
17.400000000000002,210.905822,226.271464,23372,0.0,0.0,16861.296352165806,0.0
17.41,210.905822,223.966617,23372,0.0,0.0,16689.543769553795,0.0
17.42,196.294637,219.81582,23372,0.0,0.0,16380.234689754492,0.0
17.43,196.294637,216.287643,23372,0.0,0.0,16117.322005458187,0.0
17.44,197.494411,213.468658,23372,0.0,0.0,15907.256888730475,0.0
17.45,197.494411,211.072521,23372,0.0,0.0,15728.70155814142,0.0
17.46,197.494411,209.035805,23372,0.0,0.0,15576.929560673821,0.0
17.47,197.494411,207.304596,23372,0.0,0.0,15447.923333019162,0.0
17.48,197.494411,205.833068,23372,0.0,0.0,15338.268013431405,0.0
17.490000000000002,205.496166,205.782533,23372,0.0,0.0,15334.502246435897,0.0
17.5,228.485099,209.187918,23372,0.0,0.0,15588.264716802996,0.0
17.51,222.530898,211.189365,23372,0.0,0.0,15737.408539022459,0.0
17.52,222.637637,212.906606,23372,0.0,0.0,15865.373899290289,0.0
17.53,222.637637,214.36626,23372,0.0,0.0,15974.14439217765,0.0
17.54,229.798311,216.681068,23372,0.0,0.0,16146.639248561149,0.0
17.55,229.798311,218.648655,23372,0.0,0.0,16293.259891390719,0.0
17.56,229.798311,220.321103,23372,0.0,0.0,16417.88736700376,0.0
17.57,229.798311,221.742684,23372,0.0,0.0,16523.820736178444,0.0
17.580000000000002,229.798311,222.951028,23372,0.0,0.0,16613.864111154628,0.0
17.59,231.74775,224.270537,23373,0.0,0.0,16712.19127930496,0.0
17.6,240.215614,226.662298,23373,0.0,0.0,16890.42051913766,0.0
17.61,240.215614,228.695296,23373,0.0,0.0,17041.915458691154,0.0
17.62,237.298909,229.985838,23373,0.0,0.0,17138.084064012575,0.0
17.63,237.298909,231.082798,23373,0.0,0.0,17219.82732637319,0.0
17.64,222.470754,229.790992,23373,0.0,0.0,17123.564530303127,0.0
17.650000000000002,222.470754,228.692956,23373,0.0,0.0,17041.74108657738,0.0
17.66,222.470754,227.759626,23373,0.0,0.0,16972.191204121296,0.0
17.67,222.470754,226.966295,23373,0.0,0.0,16913.073766774618,0.0
17.68,222.470754,226.291964,23373,0.0,0.0,16862.823971111247,0.0
17.69,195.931578,221.737906,23373,0.0,0.0,16523.46468918716,0.0
17.7,199.199129,218.357089,23373,0.0,0.0,16271.532976978677,0.0
17.71,187.479115,213.725393,23373,0.0,0.0,15926.388266777216,0.0
17.72,187.479115,209.788451,23373,0.0,0.0,15633.01523329877,0.0
17.73,196.309911,207.76667,23373,0.0,0.0,15482.356162121427,0.0
17.740000000000002,209.41659,208.014158,23373,0.0,0.0,15500.798472246775,0.0
17.75,209.41659,208.224523,23373,0.0,0.0,15516.474450756921,0.0
17.76,209.41659,208.403333,23373,0.0,0.0,15529.799013861046,0.0
17.77,209.41659,208.555322,23373,0.0,0.0,15541.124929758553,0.0
17.78,209.41659,208.684512,23373,0.0,0.0,15550.751909834731,0.0
17.79,223.358385,210.885593,23373,0.0,0.0,15714.772057934899,0.0
17.8,228.510918,213.529392,23373,0.0,0.0,15911.78266478084,0.0
17.81,228.510918,215.776621,23373,0.0,0.0,16079.241669422194,0.0
17.82,228.515556,217.687461,23373,0.0,0.0,16221.63363945679,0.0
17.830000000000002,228.515556,219.311675,23373,0.0,0.0,16342.666813986196,0.0
17.84,231.92927,221.204314,23374,0.0,0.0,16483.702481951233,0.0
17.85,231.92927,222.813058,23374,0.0,0.0,16603.58286306181,0.0
17.86,231.92927,224.18049,23374,0.0,0.0,16705.481157198607,0.0
17.87,231.92927,225.342807,23374,0.0,0.0,16792.09469231128,0.0
17.88,231.92927,226.330776,23374,0.0,0.0,16865.716163623954,0.0
17.89,239.478146,228.302881,23374,0.0,0.0,17012.673478765504,0.0
17.900000000000002,234.372328,229.213298,23374,0.0,0.0,17080.51593034857,0.0
17.91,234.328509,229.98058,23374,0.0,0.0,17137.69224838257,0.0
17.92,234.328509,230.632769,23374,0.0,0.0,17186.29206654887,0.0
17.93,222.672884,229.438787,23374,0.0,0.0,17097.318919050467,0.0
17.94,201.540822,225.254092,23374,0.0,0.0,16785.48382817738,0.0
17.95,201.540822,221.697101,23374,0.0,0.0,16520.423982305758,0.0
17.96,201.540822,218.67366,23374,0.0,0.0,16295.123213914174,0.0
17.97,201.540822,216.103734,23374,0.0,0.0,16103.61747508563,0.0
17.98,201.540822,213.919297,23374,0.0,0.0,15940.837604533166,0.0
17.990000000000002,192.202661,210.661802,23374,0.0,0.0,15698.095600792483,0.0
18.0,192.202661,207.892931,23374,0.0,0.0,15491.764878983402,0.0
18.01,196.302637,206.154387,23374,0.0,0.0,15362.212061818265,0.0
18.02,205.075787,205.992597,23374,0.0,0.0,15350.155795028842,0.0
18.03,205.034412,205.848869,23374,0.0,0.0,15339.445472307356,0.0
18.04,223.172364,208.447393,23374,0.0,0.0,15533.082276823789,0.0
18.05,223.172364,210.656139,23374,0.0,0.0,15697.673605373555,0.0
18.06,223.172364,212.533573,23374,0.0,0.0,15837.576227189058,0.0
18.07,223.172364,214.129391,23374,0.0,0.0,15956.493388666036,0.0
18.080000000000002,223.172364,215.485837,23374,0.0,0.0,16057.573028084065,0.0
18.09,223.172364,216.638816,23374,0.0,0.0,16143.490714137593,0.0
18.1,223.172364,217.618848,23374,0.0,0.0,16216.520736105389,0.0
18.11,223.172364,218.451876,23374,0.0,0.0,16278.596314392416,0.0
18.12,233.744811,220.745816,23374,0.0,0.0,16449.536129207452,0.0
18.13,233.744811,222.695665,23374,0.0,0.0,16594.834971800232,0.0
18.14,236.164304,224.715961,23375,0.0,0.0,16745.383383751534,0.0
18.150000000000002,236.164304,226.433213,23375,0.0,0.0,16873.349563717336,0.0
18.16,236.164304,227.892876,23375,0.0,0.0,16982.12072726667,0.0
18.17,236.164304,229.133591,23375,0.0,0.0,17074.5763243347,0.0
18.18,236.164304,230.188198,23375,0.0,0.0,17153.163525954027,0.0
18.19,236.164304,231.084614,23375,0.0,0.0,17219.962651056354,0.0
18.2,213.845113,228.498689,23375,0.0,0.0,17027.264698788393,0.0
18.21,205.073121,224.984854,23375,0.0,0.0,16765.420751609916,0.0
18.22,205.073121,221.998094,23375,0.0,0.0,16542.853377878713,0.0
18.23,205.081488,219.460603,23375,0.0,0.0,16353.764630293848,0.0
18.240000000000002,195.787481,215.909635,23375,0.0,0.0,16089.153606320197,0.0
18.25,195.787481,212.891312,23375,0.0,0.0,15864.234221038989,0.0
18.26,195.787481,210.325737,23375,0.0,0.0,15673.05271001687,0.0
18.27,195.787481,208.144999,23375,0.0,0.0,15510.548481536563,0.0
18.28,195.787481,206.291371,23375,0.0,0.0,15372.419835165703,0.0
18.29,195.787481,204.715788,23375,0.0,0.0,15255.010545364874,0.0
18.3,196.307107,203.454486,23375,0.0,0.0,15161.02084628563,0.0
18.31,216.769909,205.451799,23375,0.0,0.0,15309.856611104093,0.0
18.32,216.769909,207.149515,23375,0.0,0.0,15436.367007473887,0.0
18.330000000000002,216.811065,208.598748,23375,0.0,0.0,15544.36094831098,0.0
18.34,225.730644,211.168532,23375,0.0,0.0,15735.856105583902,0.0
18.35,225.730644,213.352849,23375,0.0,0.0,15898.627033976682,0.0
18.36,225.730644,215.209518,23375,0.0,0.0,16036.982289577447,0.0
18.37,225.730644,216.787687,23375,0.0,0.0,16154.584282919397,0.0
18.38,225.730644,218.129131,23375,0.0,0.0,16254.546003341353,0.0
18.39,225.730644,219.269358,23375,0.0,0.0,16339.513435892815,0.0
18.400000000000002,227.334187,220.479082,23375,0.0,0.0,16429.659645705324,0.0
18.41,227.334187,221.507348,23376,0.0,0.0,16506.283968756754,0.0
18.42,243.170531,224.756825,23376,0.0,0.0,16748.42848719478,0.0
18.43,228.515122,225.32057,23376,0.0,0.0,16790.437635604456,0.0
18.44,230.965056,226.167243,23376,0.0,0.0,16853.530011965173,0.0
18.45,230.965056,226.886915,23376,0.0,0.0,16907.15852814588,0.0
18.46,230.965056,227.498636,23376,0.0,0.0,16952.742751995876,0.0
18.47,230.965056,228.018599,23376,0.0,0.0,16991.489353446075,0.0
18.48,230.965056,228.460567,23376,0.0,0.0,17024.42392369385,0.0
18.490000000000002,230.965056,228.836241,23376,0.0,0.0,17052.41839782605,0.0
18.5,205.636912,225.356342,23376,0.0,0.0,16793.10329340526,0.0
18.51,187.45413,219.67101,23376,0.0,0.0,16369.443738559883,0.0
18.52,199.154144,216.59348,23376,0.0,0.0,16140.112366210245,0.0
18.53,199.154144,213.97758,23376,0.0,0.0,15945.180736972057,0.0
18.54,197.501175,211.506119,23376,0.0,0.0,15761.012412751468,0.0
18.55,197.501175,209.405377,23376,0.0,0.0,15604.46932598626,0.0
18.56,197.501175,207.619747,23376,0.0,0.0,15471.407754398439,0.0
18.57,197.501175,206.101961,23376,0.0,0.0,15358.305381289789,0.0
18.580000000000002,197.501175,204.811843,23376,0.0,0.0,15262.168371599237,0.0
18.59,197.501175,203.715243,23376,0.0,0.0,15180.451935717665,0.0
18.6,216.424589,205.621645,23376,0.0,0.0,15322.513194880074,0.0
18.61,216.424589,207.242086,23376,0.0,0.0,15443.265213005523,0.0
18.62,228.242305,210.392119,23376,0.0,0.0,15677.999363716202,0.0
18.63,228.242305,213.069647,23376,0.0,0.0,15877.523388094378,0.0
18.64,227.225675,215.193051,23377,0.0,0.0,16035.75520171527,0.0
18.650000000000002,227.225675,216.997945,23377,0.0,0.0,16170.252288003827,0.0
18.66,227.225675,218.532104,23377,0.0,0.0,16284.574744282902,0.0
18.67,227.225675,219.83614,23377,0.0,0.0,16381.748895460414,0.0
18.68,227.225675,220.94457,23377,0.0,0.0,16464.3468792505,0.0
18.69,227.225675,221.886736,23377,0.0,0.0,16534.555202731073,0.0
18.7,231.390029,223.31223,23377,0.0,0.0,16640.78016082934,0.0
18.71,251.852787,227.593313,23377,0.0,0.0,16959.797892429906,0.0
18.72,251.852787,231.232234,23377,0.0,0.0,17230.962997823488,0.0
18.73,234.42029,231.710443,23377,0.0,0.0,17266.59817481281,0.0
18.740000000000002,215.69652,229.308354,23377,0.0,0.0,17087.599313103594,0.0
18.75,215.69652,227.266579,23377,0.0,0.0,16935.45032908746,0.0
18.76,215.69652,225.53107,23377,0.0,0.0,16806.123674044247,0.0
18.77,215.69652,224.055888,23377,0.0,0.0,16696.196065694214,0.0
18.78,215.69652,222.801983,23377,0.0,0.0,16602.757576241285,0.0
18.79,215.69652,221.736163,23377,0.0,0.0,16523.334804317798,0.0
18.8,196.628844,217.970065,23377,0.0,0.0,16242.692723576683,0.0
18.81,196.628844,214.768882,23377,0.0,0.0,16004.146977302133,0.0
18.82,187.496653,210.678048,23377,0.0,0.0,15699.306220177246,0.0
18.830000000000002,187.496653,207.200839,23377,0.0,0.0,15440.191569169296,0.0
18.84,209.064605,207.480404,23377,0.0,0.0,15461.024193095278,0.0
18.85,209.064605,207.718034,23377,0.0,0.0,15478.731904802864,0.0
18.86,209.064605,207.920019,23377,0.0,0.0,15493.783422495311,0.0
18.87,209.064605,208.091707,23377,0.0,0.0,15506.57726842239,0.0
18.88,209.064605,208.237642,23377,0.0,0.0,15517.452052364008,0.0
18.89,209.064605,208.361686,23377,0.0,0.0,15526.695562825882,0.0
18.900000000000002,220.136032,210.127838,23377,0.0,0.0,15658.305672861545,0.0
18.91,240.100471,214.623733,23377,0.0,0.0,15993.330764506421,0.0
18.92,234.255623,217.568517,23377,0.0,0.0,16212.77017078134,0.0
18.93,234.255623,220.071583,23377,0.0,0.0,16399.29363630782,0.0
18.94,230.604753,221.651558,23378,0.0,0.0,16517.030209152963,0.0
18.95,230.604753,222.994538,23378,0.0,0.0,16617.106389218832,0.0
18.96,230.604753,224.13607,23378,0.0,0.0,16702.17106775682,0.0
18.97,230.604753,225.106372,23378,0.0,0.0,16774.476029610512,0.0
18.98,230.604753,225.93113,23378,0.0,0.0,16835.935344059548,0.0
18.990000000000002,230.604753,226.632173,23378,0.0,0.0,16888.17566446783,0.0
19.0,246.264223,229.576981,23378,0.0,0.0,17107.616859174686,0.0
19.01,246.264223,232.080067,23378,0.0,0.0,17294.141815061113,0.0
19.02,228.525292,231.546851,23378,0.0,0.0,17254.407626592183,0.0
19.03,227.803875,230.985404,23378,0.0,0.0,17212.56972054039,0.0
19.04,199.624434,226.281259,23378,0.0,0.0,16862.026255949735,0.0
19.05,199.624434,222.282735,23378,0.0,0.0,16564.06425515918,0.0
19.06,199.624434,218.88399,23378,0.0,0.0,16310.796584294414,0.0
19.07,199.624434,215.995057,23378,0.0,0.0,16095.519082688857,0.0
19.080000000000002,199.624434,213.539463,23378,0.0,0.0,15912.53313553204,0.0
19.09,199.624434,211.452209,23378,0.0,0.0,15756.99514751494,0.0
19.1,199.624434,209.678043,23378,0.0,0.0,15624.787850248606,0.0
19.11,199.624434,208.170001,23378,0.0,0.0,15512.411580506025,0.0
19.12,199.624434,206.888166,23378,0.0,0.0,15416.891803387427,0.0
19.13,199.624434,205.798606,23378,0.0,0.0,15335.699974207122,0.0
19.14,224.289245,208.572202,23378,0.0,0.0,15542.382793553628,0.0
19.150000000000002,224.289245,210.929759,23378,0.0,0.0,15718.063219805355,0.0
19.16,224.289245,212.933682,23378,0.0,0.0,15867.391548586229,0.0
19.17,224.289245,214.637016,23378,0.0,0.0,15994.32058706507,0.0
19.18,224.289245,216.084851,23378,0.0,0.0,16102.210351741884,0.0
19.19,224.289245,217.31551,23378,0.0,0.0,16193.916595828676,0.0
19.2,226.53437,218.698339,23378,0.0,0.0,16296.962243570497,0.0
19.21,222.645474,219.290409,23378,0.0,0.0,16341.082114254792,0.0
19.22,234.345426,221.548662,23378,0.0,0.0,16509.362605298804,0.0
19.23,234.345426,223.468176,23378,0.0,0.0,16652.400944442317,0.0
19.240000000000002,235.720244,225.305986,23379,0.0,0.0,16789.350865131273,0.0
19.25,235.720244,226.868125,23379,0.0,0.0,16905.758334975882,0.0
19.26,235.720244,228.195943,23379,0.0,0.0,17004.704673166103,0.0
19.27,235.720244,229.324588,23379,0.0,0.0,17088.809038272393,0.0
19.28,235.720244,230.283936,23379,0.0,0.0,17160.297729983235,0.0
19.29,233.383323,230.748844,23379,0.0,0.0,17194.941743089956,0.0
19.3,233.383323,231.144016,23379,0.0,0.0,17224.389169134265,0.0
19.31,222.637838,229.868089,23379,0.0,0.0,17129.30964434395,0.0
19.32,222.637838,228.783552,23379,0.0,0.0,17048.49211906427,0.0
19.330000000000002,205.096307,225.230465,23379,0.0,0.0,16783.72319145426,0.0
19.34,193.289064,220.439255,23379,0.0,0.0,16426.69181742532,0.0
19.35,193.289064,216.366726,23379,0.0,0.0,16123.215112241718,0.0
19.36,193.289064,212.905077,23379,0.0,0.0,15865.259961272357,0.0
19.37,193.289064,209.962675,23379,0.0,0.0,15645.9980568671,0.0
19.38,193.289064,207.461633,23379,0.0,0.0,15459.625415767234,0.0
19.39,197.438682,205.958191,23379,0.0,0.0,15347.591928812411,0.0
19.400000000000002,197.438682,204.680264,23379,0.0,0.0,15252.363368027412,0.0
19.41,205.077305,204.73982,23379,0.0,0.0,15256.801361876916,0.0
19.42,216.79681,206.548369,23379,0.0,0.0,15391.570811445743,0.0
19.43,216.79681,208.085635,23379,0.0,0.0,15506.12479514255,0.0
19.44,224.776461,210.589259,23379,0.0,0.0,15692.689841711544,0.0
19.45,224.776461,212.717339,23379,0.0,0.0,15851.270101487995,0.0
19.46,224.776461,214.526208,23379,0.0,0.0,15986.06339681597,0.0
19.47,224.776461,216.063746,23379,0.0,0.0,16100.637649408054,0.0
19.48,224.776461,217.370653,23379,0.0,0.0,16198.025741755924,0.0
19.490000000000002,230.510088,219.341568,23379,0.0,0.0,16344.894380480639,0.0
19.5,230.510088,221.016846,23379,0.0,0.0,16469.732742026146,0.0
19.51,231.438392,222.580078,23380,0.0,0.0,16586.22166004185,0.0
19.52,234.267776,224.333233,23380,0.0,0.0,16716.863259666105,0.0
19.53,234.267776,225.823414,23380,0.0,0.0,16827.908563458222,0.0
19.54,234.101297,227.065097,23380,0.0,0.0,16920.43629394767,0.0
19.55,234.101297,228.120527,23380,0.0,0.0,16999.08482387881,0.0
19.56,234.101297,229.017642,23380,0.0,0.0,17065.93603706128,0.0
19.57,234.101297,229.780191,23380,0.0,0.0,17122.759661413875,0.0
19.580000000000002,234.101297,230.428357,23380,0.0,0.0,17171.05969367688,0.0
19.59,219.757441,228.827719,23380,0.0,0.0,17051.783355452728,0.0
19.6,219.757441,227.467178,23380,0.0,0.0,16950.398564835596,0.0
19.61,202.155867,223.670481,23380,0.0,0.0,16667.476307893914,0.0
19.62,187.495781,218.244276,23380,0.0,0.0,16263.126378144914,0.0
19.63,187.495781,213.632002,23380,0.0,0.0,15919.42895648776,0.0
19.64,194.709875,210.793683,23380,0.0,0.0,15707.923108799501,0.0
19.650000000000002,194.709875,208.381112,23380,0.0,0.0,15528.143149442183,0.0
19.66,194.709875,206.330426,23380,0.0,0.0,15375.330135551765,0.0
19.67,194.709875,204.587343,23380,0.0,0.0,15245.439081196708,0.0
19.68,194.709875,203.105723,23380,0.0,0.0,15135.03172597981,0.0
19.69,211.925255,204.428653,23380,0.0,0.0,15233.613820199038,0.0
19.7,216.666009,206.264256,23380,0.0,0.0,15370.399279667865,0.0
19.71,216.666009,207.824519,23380,0.0,0.0,15486.66695374947,0.0
19.72,213.907327,208.73694,23380,0.0,0.0,15554.658739399203,0.0
19.73,213.907327,209.512498,23380,0.0,0.0,15612.451768379176,0.0
19.740000000000002,227.946624,212.277617,23380,0.0,0.0,15818.502898662244,0.0
19.75,227.946624,214.627968,23380,0.0,0.0,15993.646348225153,0.0
19.76,227.946624,216.625767,23380,0.0,0.0,16142.518328790322,0.0
19.77,227.946624,218.323895,23380,0.0,0.0,16269.059426575019,0.0
19.78,227.946624,219.767305,23380,0.0,0.0,16376.619449113607,0.0
19.79,230.641377,221.398415,23381,0.0,0.0,16498.166499752664,0.0
19.8,240.195607,224.217994,23381,0.0,0.0,16708.275880170797,0.0
19.81,240.195607,226.614636,23381,0.0,0.0,16886.868842348504,0.0
19.82,237.308354,228.218694,23381,0.0,0.0,17006.400032123558,0.0
19.830000000000002,237.308354,229.582143,23381,0.0,0.0,17108.001521076945,0.0
19.84,223.917665,228.732471,23381,0.0,0.0,17044.685665242218,0.0
19.85,223.917665,228.01025,23381,0.0,0.0,16990.8672026863,0.0
19.86,223.917665,227.396363,23381,0.0,0.0,16945.12157285406,0.0
19.87,223.917665,226.874558,23381,0.0,0.0,16906.237709252764,0.0
19.88,223.917665,226.431024,23381,0.0,0.0,16873.18644382116,0.0
19.89,198.592139,222.255191,23381,0.0,0.0,16562.01173144049,0.0
19.900000000000002,193.35108,217.919575,23381,0.0,0.0,16238.930309891051,0.0
19.91,199.200603,215.111729,23381,0.0,0.0,16029.695249135699,0.0
19.92,181.629473,210.089391,23381,0.0,0.0,15655.440679417867,0.0
19.93,181.629473,205.820403,23381,0.0,0.0,15337.324242995111,0.0
19.94,206.130477,205.866914,23381,0.0,0.0,15340.790149569331,0.0
19.95,206.130477,205.906448,23381,0.0,0.0,15343.736144076116,0.0
19.96,206.130477,205.940053,23381,0.0,0.0,15346.240321376683,0.0
19.97,206.130477,205.968616,23381,0.0,0.0,15348.368778934664,0.0
19.98,206.130477,205.992895,23381,0.0,0.0,15350.178001392049,0.0
19.990000000000002,220.626807,208.187982,23381,0.0,0.0,15513.75148861617,0.0
20.0,222.637215,210.355367,23381,0.0,0.0,15675.260678278013,0.0
20.01,228.449146,213.069434,23381,0.0,0.0,15877.507515760946,0.0
20.02,228.449146,215.376391,23381,0.0,0.0,16049.417331347344,0.0
20.03,228.18511,217.297699,23381,0.0,0.0,16192.589355778078,0.0
20.04,388.672702,243.003949,23382,0.0,0.0,18108.167624864906,0.0
20.05,388.672702,264.854262,23382,0.0,0.0,19736.409190847706,0.0
20.06,388.672702,283.427028,23382,0.0,0.0,21120.41451820719,0.0
20.07,388.672702,299.213879,23382,0.0,0.0,22296.81903901095,0.0
20.080000000000002,388.672702,312.632703,23382,0.0,0.0,23296.762930130837,0.0
20.09,388.672702,324.038703,23382,0.0,0.0,24146.715207775553,0.0
20.1,388.672702,333.733803,23382,0.0,0.0,24869.174643773556,0.0
20.11,388.672702,341.974638,23382,0.0,0.0,25483.26516437186,0.0
20.12,465.940035,360.569447,23382,0.0,0.0,26868.91309194668,0.0
20.13,465.940035,376.375036,23382,0.0,0.0,28046.71393098457,0.0
20.14,465.519788,389.746748,23382,0.0,0.0,29043.147130213845,0.0
20.150000000000002,465.519788,401.112704,23382,0.0,0.0,29890.115409173126,0.0
20.16,465.519788,410.773767,23382,0.0,0.0,30610.038476095713,0.0
20.17,465.519788,418.98567,23382,0.0,0.0,31221.97304199502,0.0
20.18,465.519788,425.965788,23382,0.0,0.0,31742.117456542517,0.0
20.19,523.130423,440.540483,23383,0.0,0.0,32828.19453976425,0.0
20.2,498.031934,449.164201,23383,0.0,0.0,33470.816734737564,0.0
20.21,498.031934,456.494361,23383,0.0,0.0,34017.045578109486,0.0
20.22,492.20741,461.851318,23383,0.0,0.0,34416.235285578776,0.0
20.23,486.197435,465.503236,23383,0.0,0.0,34688.368901383765,0.0
20.240000000000002,461.614319,464.919898,23383,0.0,0.0,34644.89972185223,0.0
20.25,461.614319,464.424061,23383,0.0,0.0,34607.95094160583,0.0
20.26,461.614319,464.0026,23383,0.0,0.0,34576.54451192948,0.0
20.27,461.614319,463.644358,23383,0.0,0.0,34549.84903552688,0.0
20.28,461.614319,463.339852,23383,0.0,0.0,34527.157858229286,0.0
20.29,478.448168,465.606099,23383,0.0,0.0,34696.034046144014,0.0
20.3,492.119932,469.583174,23383,0.0,0.0,34992.397710409656,0.0
20.31,492.119932,472.963688,23384,0.0,0.0,35244.30684366494,0.0
20.32,492.188706,475.847441,23384,0.0,0.0,35459.198342044285,0.0
20.330000000000002,492.188706,478.29863,23384,0.0,0.0,35641.856037422825,0.0
20.34,485.271544,479.344567,23384,0.0,0.0,35719.79716800522,0.0
20.35,485.271544,480.233614,23384,0.0,0.0,35786.04716998516,0.0
20.36,485.271544,480.989304,23384,0.0,0.0,35842.359675394015,0.0
20.37,485.271544,481.63164,23384,0.0,0.0,35890.22526773254,0.0
20.38,485.271544,482.177625,23384,0.0,0.0,35930.91097650949,0.0
20.39,466.886035,479.883887,23384,0.0,0.0,35759.98621432991,0.0
20.400000000000002,480.396546,479.960786,23384,0.0,0.0,35765.71657380726,0.0
20.41,480.396546,480.02615,23384,0.0,0.0,35770.5873681853,0.0
20.42,486.31942,480.97014,23384,0.0,0.0,35840.93161249301,0.0
20.43,486.31942,481.772532,23384,0.0,0.0,35900.724257413574,0.0
20.44,495.646704,483.853658,23385,0.0,0.0,36055.80559914299,0.0
20.45,495.646704,485.622615,23385,0.0,0.0,36187.62473216117,0.0
20.46,495.646704,487.126228,23385,0.0,0.0,36299.670961693555,0.0
20.47,495.646704,488.4043,23385,0.0,0.0,36394.91032758816,0.0
20.48,495.646704,489.49066,23385,0.0,0.0,36475.86369917699,0.0
20.490000000000002,468.112191,486.28389,23385,0.0,0.0,36236.9016208513,0.0
20.5,462.843369,482.767812,23385,0.0,0.0,35974.8905298048,0.0
20.51,468.739453,480.663558,23385,0.0,0.0,35818.085735832945,0.0
20.52,474.318475,479.711796,23385,0.0,0.0,35747.162337649905,0.0
20.53,474.318475,478.902798,23385,0.0,0.0,35686.877426838924,0.0
20.54,491.611232,480.809063,23386,0.0,0.0,35828.9284770357,0.0
20.55,491.611232,482.429388,23386,0.0,0.0,35949.67185107346,0.0
20.56,491.611232,483.806665,23386,0.0,0.0,36052.30377489405,0.0
20.57,491.611232,484.97735,23386,0.0,0.0,36139.54087660845,0.0
20.580000000000002,491.611232,485.972432,23386,0.0,0.0,36213.6923944362,0.0
20.59,494.524853,487.255295,23386,0.0,0.0,36309.288776056055,0.0
20.6,486.285624,487.109845,23386,0.0,0.0,36298.450133343154,0.0
20.61,486.285624,486.986211,23386,0.0,0.0,36289.23717526019,0.0
20.62,468.748148,484.250502,23386,0.0,0.0,36085.37761927884,0.0
20.63,468.748148,481.925149,23386,0.0,0.0,35912.09697061341,0.0
20.64,481.127851,481.805554,23386,0.0,0.0,35903.18499072169,0.0
20.650000000000002,481.127851,481.703899,23386,0.0,0.0,35895.60986370223,0.0
20.66,481.127851,481.617492,23386,0.0,0.0,35889.17098710619,0.0
20.67,481.127851,481.544046,23386,0.0,0.0,35883.69793827365,0.0
20.68,481.127851,481.481617,23386,0.0,0.0,35879.0458542178,0.0
20.69,493.653063,483.307334,23387,0.0,0.0,36015.09462876494,0.0
20.7,497.989507,485.50966,23387,0.0,0.0,36179.2075517718,0.0
20.71,498.019086,487.386073,23387,0.0,0.0,36319.03409071202,0.0
20.72,486.305463,487.223982,23387,0.0,0.0,36306.955394005396,0.0
20.73,486.305463,487.086204,23387,0.0,0.0,36296.68845336807,0.0
20.740000000000002,473.26945,485.013691,23387,0.0,0.0,36142.248935149735,0.0
20.75,473.26945,483.252055,23387,0.0,0.0,36010.97534839005,0.0
20.76,473.26945,481.754664,23387,0.0,0.0,35899.392769837126,0.0
20.77,473.26945,480.481882,23387,0.0,0.0,35804.547604148436,0.0
20.78,473.26945,479.400017,23387,0.0,0.0,35723.92919095765,0.0
20.79,487.380052,480.597023,23387,0.0,0.0,35813.12768088001,0.0
20.8,486.311785,481.454237,23387,0.0,0.0,35877.005551450675,0.0
20.81,486.311785,482.182869,23388,0.0,0.0,35931.301748887534,0.0
20.82,495.123451,484.123956,23388,0.0,0.0,36075.94766478763,0.0
20.830000000000002,503.906099,487.091278,23388,0.0,0.0,36297.06655768656,0.0
20.84,476.495992,485.501985,23388,0.0,0.0,36178.63562614222,0.0
20.85,476.495992,484.151086,23388,0.0,0.0,36077.96933805543,0.0
20.86,476.495992,483.002822,23388,0.0,0.0,35992.40300435935,0.0
20.87,476.495992,482.026797,23388,0.0,0.0,35919.67157600689,0.0
20.88,476.495992,481.197176,23388,0.0,0.0,35857.8498805368,0.0
20.89,472.861283,479.946792,23388,0.0,0.0,35764.673768952496,0.0
20.900000000000002,474.596086,479.144186,23388,0.0,0.0,35704.865177180516,0.0
20.91,491.843947,481.049151,23388,0.0,0.0,35846.81935398074,0.0
20.92,491.843947,482.66837,23388,0.0,0.0,35967.48031111344,0.0
20.93,489.423091,483.681578,23389,0.0,0.0,36042.98254216095,0.0
20.94,494.930522,485.36892,23389,0.0,0.0,36168.71988882635,0.0
20.95,494.930522,486.80316,23389,0.0,0.0,36275.596581329344,0.0
20.96,494.930522,488.022264,23389,0.0,0.0,36366.441769956895,0.0
20.97,494.930522,489.058503,23389,0.0,0.0,36443.6602250011,0.0
20.98,494.930522,489.939306,23389,0.0,0.0,36509.29590061098,0.0
20.990000000000002,468.353492,486.701434,23389,0.0,0.0,36268.01616353207,0.0
21.0,468.731673,484.00597,23389,0.0,0.0,36067.15558435362,0.0
21.01,468.731673,481.714825,23389,0.0,0.0,35896.42404734116,0.0
21.02,471.69832,480.212349,23389,0.0,0.0,35784.46254477176,0.0
21.03,486.261361,481.119701,23389,0.0,0.0,35852.076598692984,0.0
21.04,486.008262,481.852985,23390,0.0,0.0,35906.71945385345,0.0
21.05,486.008262,482.476277,23390,0.0,0.0,35953.16592545067,0.0
21.06,486.008262,483.006075,23390,0.0,0.0,35992.6454114047,0.0
21.07,486.008262,483.456403,23390,0.0,0.0,36026.202952110216,0.0
21.080000000000002,486.008262,483.839182,23390,0.0,0.0,36054.72687661351,0.0
21.09,486.008262,484.164544,23390,0.0,0.0,36078.97220126361,0.0
21.1,486.008262,484.441101,23390,0.0,0.0,36099.58067505359,0.0
21.11,486.008262,484.676176,23390,0.0,0.0,36117.09799327798,0.0
21.12,450.391985,479.533547,23390,0.0,0.0,35733.87957914228,0.0
21.13,468.729891,477.912999,23390,0.0,0.0,35613.11958759113,0.0
21.14,484.988888,478.974382,23390,0.0,0.0,35692.21172316041,0.0
21.150000000000002,484.988888,479.876558,23390,0.0,0.0,35759.44007192742,0.0
21.16,484.988888,480.643407,23390,0.0,0.0,35816.58412366857,0.0
21.17,484.988888,481.29523,23390,0.0,0.0,35865.15666824784,0.0
21.18,484.988888,481.849278,23391,0.0,0.0,35906.44321563734,0.0
21.19,494.086441,483.684853,23391,0.0,0.0,36043.22658860223,0.0
21.2,494.086441,485.245091,23391,0.0,0.0,36159.49239973391,0.0
21.21,501.124895,487.627062,23391,0.0,0.0,36336.992108372666,0.0
21.22,501.124895,489.651737,23391,0.0,0.0,36487.8668346343,0.0
21.23,480.451262,488.271666,23391,0.0,0.0,36385.02670752914,0.0
21.240000000000002,471.77328,485.796908,23391,0.0,0.0,36200.61269747133,0.0
21.25,471.77328,483.693363,23391,0.0,0.0,36043.86073675958,0.0
21.26,471.77328,481.905351,23391,0.0,0.0,35910.621663302096,0.0
21.27,471.77328,480.38554,23391,0.0,0.0,35797.36839124884,0.0
21.28,471.77328,479.093701,23391,0.0,0.0,35701.10313608487,0.0
21.29,483.120818,479.697769,23391,0.0,0.0,35746.117073701236,0.0
21.3,483.120818,480.211226,23391,0.0,0.0,35784.37886106075,0.0
21.31,497.994635,482.878738,23392,0.0,0.0,35983.156513177586,0.0
21.32,497.994635,485.146122,23392,0.0,0.0,36152.11742805529,0.0
21.330000000000002,498.095614,487.088546,23392,0.0,0.0,36296.86297451784,0.0
21.34,475.864511,485.404941,23392,0.0,0.0,36171.40410160849,0.0
21.35,475.864511,483.973876,23392,0.0,0.0,36064.76400374705,0.0
21.36,475.864511,482.757471,23392,0.0,0.0,35974.11993919432,0.0
21.37,475.864511,481.723527,23392,0.0,0.0,35897.07250295399,0.0
21.38,475.864511,480.844675,23392,0.0,0.0,35831.58221195692,0.0
21.39,470.868238,479.348209,23392,0.0,0.0,35720.06856255153,0.0
21.400000000000002,486.255965,480.384373,23392,0.0,0.0,35797.28142874595,0.0
21.41,486.255965,481.265111,23392,0.0,0.0,35862.912260686004,0.0
21.42,489.259036,482.4642,23392,0.0,0.0,35952.26597159681,0.0
21.43,489.259036,483.483425,23393,0.0,0.0,36028.2165774343,0.0
21.44,490.169475,484.486333,23393,0.0,0.0,36102.95127310922,0.0
21.45,490.169475,485.338804,23393,0.0,0.0,36166.4757048185,0.0
21.46,490.169475,486.063405,23393,0.0,0.0,36220.471520208084,0.0
21.47,490.169475,486.679315,23393,0.0,0.0,36266.367899948935,0.0
21.48,490.169475,487.202839,23393,0.0,0.0,36305.37985998766,0.0
21.490000000000002,472.159051,484.946271,23393,0.0,0.0,36137.22493176916,0.0
21.5,468.702146,482.509652,23393,0.0,0.0,35955.65296361185,0.0
21.51,474.593381,481.322211,23393,0.0,0.0,35867.167238334034,0.0
21.52,480.263149,481.163352,23393,0.0,0.0,35855.32938379481,0.0
21.53,480.263149,481.028322,23393,0.0,0.0,35845.26721861417,0.0
21.54,492.657379,482.77268,23394,0.0,0.0,35975.25328341584,0.0
21.55,492.657379,484.255385,23394,0.0,0.0,36085.74149065985,0.0
21.56,492.657379,485.515684,23394,0.0,0.0,36179.65644818776,0.0
21.57,492.657379,486.586938,23394,0.0,0.0,36259.484150908786,0.0
21.580000000000002,492.657379,487.497504,23394,0.0,0.0,36327.33770567346,0.0
21.59,490.659945,487.97187,23394,0.0,0.0,36362.68650999901,0.0
21.6,474.601307,485.966286,23394,0.0,0.0,36213.23440682456,0.0
21.61,474.601307,484.261539,23394,0.0,0.0,36086.20007441548,0.0
21.62,465.821896,481.495593,23394,0.0,0.0,35880.08731774861,0.0
21.63,465.821896,479.144538,23394,0.0,0.0,35704.89140751557,0.0
21.64,482.11647,479.590328,23395,0.0,0.0,35738.11078554917,0.0
21.650000000000002,482.11647,479.969249,23395,0.0,0.0,35766.34721961873,0.0
21.66,482.11647,480.291332,23395,0.0,0.0,35790.348199755565,0.0
21.67,482.11647,480.565103,23395,0.0,0.0,35810.74906640496,0.0
21.68,482.11647,480.797808,23395,0.0,0.0,35828.089776975656,0.0
21.69,497.799362,483.348041,23395,0.0,0.0,36018.12803288261,0.0
21.7,498.027352,485.549938,23395,0.0,0.0,36182.2089876686,0.0
21.71,491.97418,486.513574,23395,0.0,0.0,36254.01721255203,0.0
21.72,491.97418,487.332665,23395,0.0,0.0,36315.05423351015,0.0
21.73,477.649041,485.880121,23395,0.0,0.0,36206.81356358386,0.0
21.740000000000002,471.958746,483.791915,23395,0.0,0.0,36051.20463443331,0.0
21.75,471.958746,482.01694,23395,0.0,0.0,35918.93705210712,0.0
21.76,471.958746,480.508211,23395,0.0,0.0,35806.509588500376,0.0
21.77,471.958746,479.225791,23395,0.0,0.0,35710.94621835333,0.0
21.78,471.958746,478.135734,23395,0.0,0.0,35629.71735372835,0.0
21.79,486.410192,479.376903,23395,0.0,0.0,35722.20678196717,0.0
21.8,492.186466,481.298337,23396,0.0,0.0,35865.388195665575,0.0
21.81,492.186466,482.931557,23396,0.0,0.0,35987.09247927902,0.0
21.82,498.049017,485.199176,23396,0.0,0.0,36156.0709058861,0.0
21.830000000000002,498.044883,487.126032,23396,0.0,0.0,36299.65635616607,0.0
21.84,471.856956,484.83567,23396,0.0,0.0,36128.983166745515,0.0
21.85,471.856956,482.888863,23396,0.0,0.0,35983.91100790064,0.0
21.86,471.856956,481.234077,23396,0.0,0.0,35860.599669156596,0.0
21.87,471.856956,479.827509,23396,0.0,0.0,35755.78503867595,0.0
21.88,471.856956,478.631926,23396,0.0,0.0,35666.692587863814,0.0
21.89,479.009183,478.688514,23396,0.0,0.0,35670.90941229721,0.0
21.900000000000002,480.447274,478.952328,23396,0.0,0.0,35690.56830324711,0.0
21.91,480.447274,479.17657,23396,0.0,0.0,35707.27836800633,0.0
21.92,492.152705,481.12299,23396,0.0,0.0,35852.32168838623,0.0
21.93,492.152705,482.777448,23397,0.0,0.0,35975.60858522715,0.0
21.94,489.165709,483.735687,23397,0.0,0.0,36047.01463647894,0.0
21.95,489.165709,484.55019,23397,0.0,0.0,36107.70976886527,0.0
21.96,489.165709,485.242518,23397,0.0,0.0,36159.30066492675,0.0
21.97,489.165709,485.830997,23397,0.0,0.0,36203.1529414826,0.0
21.98,489.165709,486.331204,23397,0.0,0.0,36240.427365377385,0.0
21.990000000000002,468.009051,483.582881,23397,0.0,0.0,36035.62783937761,0.0
22.0,468.709925,481.351938,23397,0.0,0.0,35869.382434840925,0.0
22.01,468.709925,479.455636,23397,0.0,0.0,35728.073807451634,0.0
22.02,477.561914,479.171577,23397,0.0,0.0,35706.90629964561,0.0
22.03,477.561914,478.930128,23397,0.0,0.0,35688.914003706195,0.0
22.04,486.316645,480.038105,23398,0.0,0.0,35771.47823084348,0.0
22.05,486.316645,480.979886,23398,0.0,0.0,35841.65786489508,0.0
22.06,486.316645,481.7804,23398,0.0,0.0,35901.31056501663,0.0
22.07,486.316645,482.460837,23398,0.0,0.0,35952.01536757175,0.0
22.080000000000002,486.316645,483.039208,23398,0.0,0.0,35995.11441621051,0.0
22.09,486.316645,483.530824,23398,0.0,0.0,36031.74865599016,0.0
22.1,486.316645,483.948697,23398,0.0,0.0,36062.88771509205,0.0
22.11,486.316645,484.303889,23398,0.0,0.0,36089.35591160277,0.0
22.12,457.909966,480.344801,23398,0.0,0.0,35794.33260255526,0.0
22.13,457.909966,476.979575,23398,0.0,0.0,35543.56270044328,0.0
22.14,490.950906,479.075275,23399,0.0,0.0,35699.730067465905,0.0
22.150000000000002,490.950906,480.85662,23399,0.0,0.0,35832.472329435135,0.0
22.16,490.950906,482.370763,23399,0.0,0.0,35945.303233479484,0.0
22.17,490.950906,483.657784,23399,0.0,0.0,36041.209460932274,0.0
22.18,490.950906,484.751752,23399,0.0,0.0,36122.72976544485,0.0
22.19,473.08322,483.001473,23399,0.0,0.0,35992.30247958094,0.0
22.2,473.08322,481.513735,23399,0.0,0.0,35881.43922325632,0.0
22.21,492.185531,483.114504,23399,0.0,0.0,36000.725323338134,0.0
22.22,492.185531,484.475158,23399,0.0,0.0,36102.11853448896,0.0
22.23,477.546441,483.435851,23399,0.0,0.0,36024.67145822891,0.0
22.240000000000002,474.807088,482.141536,23399,0.0,0.0,35928.221696503526,0.0
22.25,474.807088,481.041369,23399,0.0,0.0,35846.23945492545,0.0
22.26,474.807088,480.106227,23399,0.0,0.0,35776.55454585819,0.0
22.27,474.807088,479.311356,23399,0.0,0.0,35717.32235079561,0.0
22.28,474.807088,478.635716,23399,0.0,0.0,35666.97501107372,0.0
22.29,485.67077,479.690974,23399,0.0,0.0,35745.61072390932,0.0
22.3,485.67077,480.587943,23400,0.0,0.0,35812.451057464175,0.0
22.31,495.122064,482.768061,23400,0.0,0.0,35974.90908478613,0.0
22.32,503.73075,485.912465,23400,0.0,0.0,36209.223773689795,0.0
22.330000000000002,503.73075,488.585208,23400,0.0,0.0,36408.3912294507,0.0
22.34,475.804755,486.66814,23400,0.0,0.0,36265.53516132867,0.0
22.35,475.804755,485.038632,23400,0.0,0.0,36144.10748852136,0.0
22.36,475.804755,483.65355,23400,0.0,0.0,36040.89395173154,0.0
22.37,475.804755,482.476231,23400,0.0,0.0,35953.16249762279,0.0
22.38,475.804755,481.47551,23400,0.0,0.0,35878.59077280806,0.0
22.39,474.248169,480.391409,23400,0.0,0.0,35797.80573737522,0.0
22.400000000000002,486.288347,481.275949,23400,0.0,0.0,35863.71988674116,0.0
22.41,486.288347,482.027809,23400,0.0,0.0,35919.746988220206,0.0
22.42,495.105132,483.989407,23401,0.0,0.0,36065.921342763715,0.0
22.43,495.105132,485.656766,23401,0.0,0.0,36190.169596288295,0.0
22.44,489.562245,486.242588,23401,0.0,0.0,36233.82387852522,0.0
22.45,489.562245,486.740536,23401,0.0,0.0,36270.92996626401,0.0
22.46,489.562245,487.163793,23401,0.0,0.0,36302.47023026357,0.0
22.47,489.562245,487.52356,23401,0.0,0.0,36329.279346612115,0.0
22.48,489.562245,487.829363,23401,0.0,0.0,36352.06717375227,0.0
22.490000000000002,462.915645,484.092305,23401,0.0,0.0,36073.589095653864,0.0
22.5,462.833882,480.903542,23401,0.0,0.0,35835.96886290626,0.0
22.51,462.833882,478.193093,23401,0.0,0.0,35633.9916315377,0.0
22.52,483.274357,478.955282,23401,0.0,0.0,35690.78842941125,0.0
22.53,483.274357,479.603143,23401,0.0,0.0,35739.06573368506,0.0
22.54,494.863972,481.892268,23402,0.0,0.0,35909.64674434292,0.0
22.55,494.863972,483.838023,23402,0.0,0.0,36054.6405102546,0.0
22.56,494.863972,485.491916,23402,0.0,0.0,36177.88530442702,0.0
22.57,494.863972,486.897724,23402,0.0,0.0,36282.643301229684,0.0
22.580000000000002,494.863972,488.092661,23402,0.0,0.0,36371.68761341554,0.0
22.59,482.603203,487.269242,23402,0.0,0.0,36310.32807856494,0.0
22.6,482.603203,486.569336,23402,0.0,0.0,36258.17248511963,0.0
22.61,465.837432,483.459551,23402,0.0,0.0,36026.437534765835,0.0
22.62,468.741141,481.251789,23402,0.0,0.0,35861.91953192546,0.0
22.63,468.741141,479.375192,23402,0.0,0.0,35722.07928167372,0.0
22.64,485.370193,480.274442,23403,0.0,0.0,35789.08959078052,0.0
22.650000000000002,485.370193,481.038805,23403,0.0,0.0,35846.04839078028,0.0
22.66,485.370193,481.688513,23403,0.0,0.0,35894.46332979518,0.0
22.67,485.370193,482.240765,23403,0.0,0.0,35935.61604286145,0.0
22.68,485.370193,482.710179,23403,0.0,0.0,35970.595834064174,0.0
22.69,497.601825,484.943926,23403,0.0,0.0,36137.050187065404,0.0
22.7,492.132627,486.022231,23403,0.0,0.0,36217.403316185664,0.0
22.71,492.132627,486.938791,23403,0.0,0.0,36285.70353182639,0.0
22.72,480.447706,485.965128,23403,0.0,0.0,36213.14811498364,0.0
22.73,480.447706,485.137515,23403,0.0,0.0,36151.47605165219,0.0
22.740000000000002,473.38029,483.373931,23403,0.0,0.0,36020.05730383371,0.0
22.75,473.38029,481.874885,23403,0.0,0.0,35908.351397995175,0.0
22.76,473.38029,480.600696,23403,0.0,0.0,35813.401385484234,0.0
22.77,473.38029,479.517635,23403,0.0,0.0,35732.693848768635,0.0
22.78,473.38029,478.597033,23403,0.0,0.0,35664.092431382676,0.0
22.79,490.849608,480.434919,23403,0.0,0.0,35801.04801543942,0.0
22.8,492.178247,482.196419,23404,0.0,0.0,35932.31146775147,0.0
22.81,492.178247,483.693693,23404,0.0,0.0,36043.88532769871,0.0
22.82,498.047174,485.846715,23404,0.0,0.0,36204.32421536477,0.0
22.830000000000002,486.310861,485.916337,23404,0.0,0.0,36209.51230737549,0.0
22.84,469.506396,483.454846,23404,0.0,0.0,36026.08692758836,0.0
22.85,469.506396,481.362578,23404,0.0,0.0,35870.1753063326,0.0
22.86,469.506396,479.584151,23404,0.0,0.0,35737.65048787961,0.0
22.87,469.506396,478.072488,23404,0.0,0.0,35625.00438846867,0.0
22.88,469.506396,476.787574,23404,0.0,0.0,35529.255170436256,0.0
22.89,478.170122,476.994956,23404,0.0,0.0,35544.708861760344,0.0
22.900000000000002,478.170122,477.171231,23404,0.0,0.0,35557.84452174122,0.0
22.91,489.25177,478.983312,23404,0.0,0.0,35692.87716887666,0.0
22.92,486.196512,480.065292,23405,0.0,0.0,35773.50415163713,0.0
22.93,486.196512,480.984975,23405,0.0,0.0,35842.03708698354,0.0
22.94,488.588885,482.125561,23405,0.0,0.0,35927.03127149605,0.0
22.95,488.588885,483.09506,23405,0.0,0.0,35999.276395397865,0.0
22.96,488.588885,483.919134,23405,0.0,0.0,36060.68473953673,0.0
22.97,488.588885,484.619596,23405,0.0,0.0,36112.88176498856,0.0
22.98,488.588885,485.21499,23405,0.0,0.0,36157.24933349601,0.0
22.990000000000002,458.729482,481.242164,23405,0.0,0.0,35861.202296201074,0.0
23.0,458.729482,477.865261,23405,0.0,0.0,35609.562247434165,0.0
23.01,474.622854,477.3789,23405,0.0,0.0,35573.319599730545,0.0
23.02,486.310861,478.718694,23405,0.0,0.0,35673.1583654569,0.0
23.03,486.310861,479.857519,23405,0.0,0.0,35758.02132377609,0.0
23.04,486.47636,480.850345,23406,0.0,0.0,35832.00472900183,0.0
23.05,486.47636,481.694248,23406,0.0,0.0,35894.890690509914,0.0
23.06,486.47636,482.411564,23406,0.0,0.0,35948.343642288884,0.0
23.07,486.47636,483.021284,23406,0.0,0.0,35993.77875562621,0.0
23.080000000000002,486.47636,483.539545,23406,0.0,0.0,36032.39852744494,0.0
23.09,486.47636,483.980067,23406,0.0,0.0,36065.22534466857,0.0
23.1,486.47636,484.354511,23406,0.0,0.0,36093.12816166404,0.0
23.11,486.47636,484.672788,23406,0.0,0.0,36116.845526303,0.0
23.12,472.463987,482.841468,23406,0.0,0.0,35980.37922741678,0.0
23.13,472.463987,481.284846,23406,0.0,0.0,35864.38287336347,0.0
23.14,484.905248,481.827906,23407,0.0,0.0,35904.85061699821,0.0
23.150000000000002,484.905248,482.289508,23407,0.0,0.0,35939.24827360573,0.0
23.16,484.905248,482.681869,23407,0.0,0.0,35968.486229559516,0.0
23.17,484.905248,483.015375,23407,0.0,0.0,35993.33842877994,0.0
23.18,484.905248,483.298856,23407,0.0,0.0,36014.46286518351,0.0
23.19,503.15451,486.277204,23407,0.0,0.0,36236.40339352109,0.0
23.2,503.15451,488.8088,23407,0.0,0.0,36425.052857511655,0.0
23.21,463.098881,484.952312,23407,0.0,0.0,36137.675094991086,0.0
23.22,480.429499,484.27389,23407,0.0,0.0,36087.1204462006,0.0
23.23,480.429499,483.697232,23407,0.0,0.0,36044.14904689128,0.0
23.240000000000002,474.688466,482.345917,23407,0.0,0.0,35943.451759317606,0.0
23.25,474.688466,481.197299,23407,0.0,0.0,35857.85904625047,0.0
23.26,474.688466,480.220974,23407,0.0,0.0,35785.10526249881,0.0
23.27,474.688466,479.391098,23407,0.0,0.0,35723.26456493939,0.0
23.28,474.688466,478.685703,23407,0.0,0.0,35670.69994220669,0.0
23.29,486.020477,479.785919,23407,0.0,0.0,35752.68583516664,0.0
23.3,498.038458,482.5238,23408,0.0,0.0,35956.7072442382,0.0
23.31,498.038458,484.850999,23408,0.0,0.0,36130.12545312672,0.0
23.32,495.034071,486.37846,23408,0.0,0.0,36243.94878785963,0.0
23.330000000000002,495.034071,487.676801,23408,0.0,0.0,36340.698559042285,0.0
23.34,474.505934,485.701171,23408,0.0,0.0,36193.47856796011,0.0
23.35,474.505934,484.021886,23408,0.0,0.0,36068.341612799275,0.0
23.36,474.505934,482.594493,23408,0.0,0.0,35961.97514502405,0.0
23.37,474.505934,481.381209,23408,0.0,0.0,35871.56365114103,0.0
23.38,474.505934,480.349918,23408,0.0,0.0,35794.71391114764,0.0
23.39,478.995233,480.146715,23408,0.0,0.0,35779.57163053443,0.0
23.400000000000002,486.287471,481.067829,23408,0.0,0.0,35848.21120113503,0.0
23.41,486.287471,481.850775,23408,0.0,0.0,35906.55476907935,0.0
23.42,492.171849,483.398936,23409,0.0,0.0,36021.920626357154,0.0
23.43,492.171849,484.714873,23409,0.0,0.0,36119.981616221,0.0
23.44,487.993642,485.206688,23409,0.0,0.0,36156.6306850821,0.0
23.45,487.993642,485.624731,23409,0.0,0.0,36187.78241224355,0.0
23.46,487.993642,485.980068,23409,0.0,0.0,36214.26141386388,0.0
23.47,487.993642,486.282104,23409,0.0,0.0,36236.768531708054,0.0
23.48,487.993642,486.538835,23409,0.0,0.0,36255.899611682806,0.0
23.490000000000002,460.964945,482.702751,23409,0.0,0.0,35970.04231437994,0.0
23.5,474.557364,481.480943,23409,0.0,0.0,35878.99562908759,0.0
23.51,474.557364,480.442406,23409,0.0,0.0,35801.6059316855,0.0
23.52,486.170873,481.301676,23409,0.0,0.0,35865.63701125868,0.0
23.53,486.170873,482.032056,23409,0.0,0.0,35920.0634661549,0.0
23.54,492.863461,483.656766,23410,0.0,0.0,36041.133601610985,0.0
23.55,492.863461,485.037771,23410,0.0,0.0,36144.04332852565,0.0
23.56,492.863461,486.211624,23410,0.0,0.0,36231.516503255625,0.0
23.57,492.863461,487.2094,23410,0.0,0.0,36305.8687725682,0.0
23.580000000000002,492.863461,488.057509,23410,0.0,0.0,36369.068156773086,0.0
23.59,482.0985,487.163658,23410,0.0,0.0,36302.460170333936,0.0
23.6,468.69521,484.39339,23410,0.0,0.0,36096.025346882576,0.0
23.61,468.69521,482.038663,23410,0.0,0.0,35920.55580656331,0.0
23.62,462.924349,479.171516,23410,0.0,0.0,35706.90175404777,0.0
23.63,462.924349,476.734441,23410,0.0,0.0,35525.29580568367,0.0
23.64,488.23045,478.458842,23411,0.0,0.0,35653.794714812444,0.0
23.650000000000002,488.23045,479.924584,23411,0.0,0.0,35763.018873267596,0.0
23.66,488.23045,481.170464,23411,0.0,0.0,35855.85935579188,0.0
23.67,488.23045,482.229462,23411,0.0,0.0,35934.77376593753,0.0
23.68,488.23045,483.12961,23411,0.0,0.0,36001.850992205924,0.0
23.69,502.717961,486.067863,23411,0.0,0.0,36220.80372144022,0.0
23.7,502.717961,488.565377,23411,0.0,0.0,36406.91346304549,0.0
23.71,483.503938,487.806162,23411,0.0,0.0,36350.338281696015,0.0
23.72,474.521399,485.813447,23411,0.0,0.0,36201.84515062931,0.0
23.73,474.521399,484.11964,23411,0.0,0.0,36075.626045111116,0.0
23.740000000000002,474.014867,482.603924,23411,0.0,0.0,35962.677924256954,0.0
23.75,474.014867,481.315565,23411,0.0,0.0,35866.67199172372,0.0
23.76,474.014867,480.220461,23411,0.0,0.0,35785.06703476617,0.0
23.77,474.014867,479.289622,23411,0.0,0.0,35715.702776641454,0.0
23.78,474.014867,478.498408,23411,0.0,0.0,35656.74309389515,0.0
23.79,492.497149,480.59822,23412,0.0,0.0,35813.21687892282,0.0
23.8,498.040251,483.214524,23412,0.0,0.0,36008.17861343193,0.0
23.81,503.891184,486.316023,23412,0.0,0.0,36239.296107659786,0.0
23.82,503.891184,488.952297,23412,0.0,0.0,36435.745966575756,0.0
23.830000000000002,489.257201,488.998033,23412,0.0,0.0,36439.154121702035,0.0
23.84,467.934245,485.838465,23412,0.0,0.0,36203.709441886735,0.0
23.85,467.934245,483.152832,23412,0.0,0.0,36003.58144914012,0.0
23.86,467.934245,480.870044,23412,0.0,0.0,35833.47265903141,0.0
23.87,467.934245,478.929674,23412,0.0,0.0,35688.8801725354,0.0
23.88,467.934245,477.28036,23412,0.0,0.0,35565.97659627279,0.0
23.89,483.0098,478.139776,23412,0.0,0.0,35630.01855547359,0.0
23.900000000000002,486.327979,479.368006,23412,0.0,0.0,35721.54379534484,0.0
23.91,492.159053,481.286663,23412,0.0,0.0,35864.518272564645,0.0
23.92,497.973872,483.789745,23413,0.0,0.0,36051.04293037908,0.0
23.93,497.973872,485.917364,23413,0.0,0.0,36209.58883735876,0.0
23.94,482.77133,485.445459,23413,0.0,0.0,36174.42342182466,0.0
23.95,482.77133,485.044339,23413,0.0,0.0,36144.532762732175,0.0
23.96,482.77133,484.703388,23413,0.0,0.0,36119.12577702156,0.0
23.97,482.77133,484.413579,23413,0.0,0.0,36097.52979073084,0.0
23.98,482.77133,484.167242,23413,0.0,0.0,36079.17325082043,0.0
23.990000000000002,464.126389,481.161114,23413,0.0,0.0,35855.16261251677,0.0
24.0,480.464186,481.056575,23413,0.0,0.0,35847.372575592985,0.0
24.01,480.464186,480.967716,23413,0.0,0.0,35840.75098086747,0.0
24.02,483.41978,481.335526,23413,0.0,0.0,35868.1594454686,0.0
24.03,483.41978,481.648164,23413,0.0,0.0,35891.45660312056,0.0
24.04,485.694061,482.255049,23414,0.0,0.0,35936.68045793543,0.0
24.05,485.694061,482.770901,23414,0.0,0.0,35975.12071589858,0.0
24.060000000000002,485.694061,483.209375,23414,0.0,0.0,36007.79492026365,0.0
24.07,485.694061,483.582078,23414,0.0,0.0,36035.56800142575,0.0
24.080000000000002,485.694061,483.898875,23414,0.0,0.0,36059.17507942864,0.0
24.09,485.694061,484.168153,23414,0.0,0.0,36079.241136716,0.0
24.1,485.694061,484.397039,23414,0.0,0.0,36096.29726305486,0.0
24.11,485.694061,484.591593,23414,0.0,0.0,36110.79503750909,0.0
24.12,469.482892,482.325288,23414,0.0,0.0,35941.9145275505,0.0
24.13,469.482892,480.398928,23414,0.0,0.0,35798.366038197215,0.0
24.14,487.146651,481.411087,23415,0.0,0.0,35873.79009986551,0.0
24.150000000000002,487.146651,482.271421,23415,0.0,0.0,35937.90046658786,0.0
24.16,487.146651,483.002706,23415,0.0,0.0,35992.39436027165,0.0
24.17,487.146651,483.624298,23415,0.0,0.0,36038.71415127339,0.0
24.18,487.146651,484.152651,23415,0.0,0.0,36078.085958721254,0.0
24.19,487.146651,484.601751,23415,0.0,0.0,36111.55199132606,0.0
24.2,505.257546,487.70012,23415,0.0,0.0,36342.436244222234,0.0
24.21,451.144987,482.21685,23415,0.0,0.0,35933.8339449551,0.0
24.22,451.144987,477.556071,23415,0.0,0.0,35586.522027837025,0.0
24.23,462.902915,475.358097,23415,0.0,0.0,35422.7334071546,0.0
24.240000000000002,480.517824,476.132056,23416,0.0,0.0,35480.407281856824,0.0
24.25,480.517824,476.789921,23416,0.0,0.0,35529.43006417602,0.0
24.26,480.517824,477.349107,23416,0.0,0.0,35571.099485035826,0.0
24.27,480.517824,477.824414,23416,0.0,0.0,35606.51841079688,0.0
24.28,480.517824,478.228426,23416,0.0,0.0,35636.62457593766,0.0
24.29,480.517824,478.571836,23416,0.0,0.0,35662.21480140374,0.0
24.3,516.655134,484.28433,23416,0.0,0.0,36087.89841409282,0.0
24.310000000000002,516.655134,489.139951,23416,0.0,0.0,36449.729566848335,0.0
24.32,486.31446,488.716127,23416,0.0,0.0,36418.147051144275,0.0
24.330000000000002,497.98861,490.107,23416,0.0,0.0,36521.79212165669,0.0
24.34,472.662229,487.490284,23416,0.0,0.0,36326.79968573267,0.0
24.35,472.662229,485.266076,23416,0.0,0.0,36161.056159908054,0.0
24.36,472.662229,483.375499,23416,0.0,0.0,36020.17414805353,0.0
24.37,472.662229,481.768508,23416,0.0,0.0,35900.42439699229,0.0
24.38,472.662229,480.402567,23416,0.0,0.0,35798.63720918952,0.0
24.39,472.662229,479.241516,23416,0.0,0.0,35712.11801386148,0.0
24.400000000000002,464.505728,477.031148,23416,0.0,0.0,35547.40581712002,0.0
24.41,515.609583,482.817913,23417,0.0,0.0,35978.62395598945,0.0
24.42,515.618142,487.737948,23417,0.0,0.0,36345.25511102555,0.0
24.43,515.618142,491.919977,23417,0.0,0.0,36656.891536917734,0.0
24.44,478.779692,489.948934,23417,0.0,0.0,36510.013359889366,0.0
24.45,478.779692,488.273548,23417,0.0,0.0,36385.16695040014,0.0
24.46,478.779692,486.849469,23417,0.0,0.0,36279.047435268105,0.0
24.47,478.779692,485.639003,23417,0.0,0.0,36188.84593310156,0.0
24.48,478.779692,484.610106,23417,0.0,0.0,36112.17458919381,0.0
24.490000000000002,478.779692,483.735544,23417,0.0,0.0,36047.00398040532,0.0
24.5,480.367709,483.230369,23417,0.0,0.0,36009.35935109977,0.0
24.51,451.166732,478.420823,23417,0.0,0.0,35650.96161507163,0.0
24.52,509.423038,483.071155,23417,0.0,0.0,35997.49504267149,0.0
24.53,509.423038,487.023938,23417,0.0,0.0,36292.04851574577,0.0
24.54,489.214555,487.35253,23418,0.0,0.0,36316.53453352729,0.0
24.55,489.214555,487.631834,23418,0.0,0.0,36337.34770825596,0.0
24.560000000000002,489.214555,487.869242,23418,0.0,0.0,36355.03887696813,0.0
24.57,489.214555,488.071039,23418,0.0,0.0,36370.07638527708,0.0
24.580000000000002,489.214555,488.242566,23418,0.0,0.0,36382.85823380659,0.0
24.59,489.214555,488.388365,23418,0.0,0.0,36393.72288330057,0.0
24.6,455.406654,483.441108,23418,0.0,0.0,36025.06319934092,0.0
24.61,455.406654,479.23594,23418,0.0,0.0,35711.70250150833,0.0
24.62,462.896041,476.784955,23418,0.0,0.0,35529.060007801236,0.0
24.63,462.896041,474.701618,23418,0.0,0.0,35373.81390677971,0.0
24.64,491.472778,477.217292,23419,0.0,0.0,35561.27689521664,0.0
24.650000000000002,491.472778,479.355615,23419,0.0,0.0,35720.62044283983,0.0
24.66,491.472778,481.173189,23419,0.0,0.0,35856.06241733464,0.0
24.67,491.472778,482.718128,23419,0.0,0.0,35971.188177625016,0.0
24.68,491.472778,484.031325,23419,0.0,0.0,36069.04498817615,0.0
24.69,491.472778,485.147543,23419,0.0,0.0,36152.22331812951,0.0
24.7,516.336052,489.82582,23419,0.0,0.0,36500.839151165004,0.0
24.71,516.336052,493.802354,23419,0.0,0.0,36797.16250119408,0.0
24.72,459.919062,488.71986,23419,0.0,0.0,36418.42522682835,0.0
24.73,459.919062,484.399741,23419,0.0,0.0,36096.498610683666,0.0
24.740000000000002,478.453076,483.507741,23420,0.0,0.0,36030.028557057594,0.0
24.75,478.453076,482.749541,23420,0.0,0.0,35973.529011475424,0.0
24.76,478.453076,482.105071,23420,0.0,0.0,35925.504397730576,0.0
24.77,478.453076,481.557272,23420,0.0,0.0,35884.68351330646,0.0
24.78,478.453076,481.091643,23420,0.0,0.0,35849.98577272365,0.0
24.79,478.453076,480.695858,23420,0.0,0.0,35820.49266714697,0.0
24.8,520.096643,486.605975,23420,0.0,0.0,36260.90275002412,0.0
24.810000000000002,468.737719,483.925737,23420,0.0,0.0,36061.17678187316,0.0
24.82,468.737719,481.647534,23420,0.0,0.0,35891.40965678225,0.0
24.830000000000002,503.912624,484.987298,23420,0.0,0.0,36140.28218164598,0.0
24.84,466.203545,482.169735,23420,0.0,0.0,35930.32302951048,0.0
24.85,466.203545,479.774806,23420,0.0,0.0,35751.85771666222,0.0
24.86,466.203545,477.739117,23420,0.0,0.0,35600.16224917788,0.0
24.87,466.203545,476.008781,23420,0.0,0.0,35471.2210757349,0.0
24.88,466.203545,474.537996,23420,0.0,0.0,35361.62112301917,0.0
24.89,466.203545,473.287828,23420,0.0,0.0,35268.46110732229,0.0
24.900000000000002,509.318657,478.692452,23420,0.0,0.0,35671.20286417073,0.0
24.91,462.875072,476.319845,23421,0.0,0.0,35494.40094205905,0.0
24.92,521.375095,483.078133,23421,0.0,0.0,35998.01502925692,0.0
24.93,521.375095,488.822677,23421,0.0,0.0,36426.08694376072,0.0
24.94,474.963644,486.743822,23421,0.0,0.0,36271.17483240327,0.0
24.95,474.963644,484.976795,23421,0.0,0.0,36139.49951911993,0.0
24.96,474.963644,483.474823,23421,0.0,0.0,36027.575573621194,0.0
24.97,474.963644,482.198146,23421,0.0,0.0,35932.44016033287,0.0
24.98,474.963644,481.112971,23421,0.0,0.0,35851.5750925709,0.0
24.990000000000002,474.963644,480.190572,23421,0.0,0.0,35782.83976634372,0.0
25.0,499.267872,483.052167,23421,0.0,0.0,35996.08009493803,0.0
25.01,456.800155,479.114365,23421,0.0,0.0,35702.64297598188,0.0
25.02,456.800155,475.767233,23421,0.0,0.0,35453.221402513744,0.0
25.03,509.921763,480.890413,23421,0.0,0.0,35834.99051611919,0.0
25.04,479.583352,480.694354,23422,0.0,0.0,35820.38059207898,0.0
25.05,479.583352,480.527703,23422,0.0,0.0,35807.96209330449,0.0
25.060000000000002,479.583352,480.386051,23422,0.0,0.0,35797.406469945476,0.0
25.07,479.583352,480.265646,23422,0.0,0.0,35788.43413047592,0.0
25.080000000000002,479.583352,480.163302,23422,0.0,0.0,35780.80766055629,0.0
25.09,479.583352,480.076309,23422,0.0,0.0,35774.32511641381,0.0
25.1,479.583352,480.002366,23422,0.0,0.0,35768.8150321366,0.0
25.11,479.583352,479.939514,23422,0.0,0.0,35764.13142696786,0.0
25.12,479.583352,479.886089,23422,0.0,0.0,35760.15030296005,0.0
25.13,479.583352,479.840679,23422,0.0,0.0,35756.7664407009,0.0
25.14,494.944823,482.1063,23423,0.0,0.0,35925.5959803493,0.0
25.150000000000002,494.944823,484.032079,23423,0.0,0.0,36069.10117474615,0.0
25.16,494.944823,485.66899,23423,0.0,0.0,36191.08050428776,0.0
25.17,494.944823,487.060365,23423,0.0,0.0,36294.762982834836,0.0
25.18,494.944823,488.243034,23423,0.0,0.0,36382.89310822934,0.0
25.19,494.944823,489.248302,23423,0.0,0.0,36457.80366637798,0.0
25.2,476.427772,487.325223,23423,0.0,0.0,36314.49967057395,0.0
25.21,474.579382,485.413347,23423,0.0,0.0,36172.03049989412,0.0
25.22,474.579382,483.788252,23423,0.0,0.0,36050.93167500906,0.0
25.23,462.897337,480.654615,23423,0.0,0.0,35817.41932138273,0.0
25.240000000000002,480.692527,480.660301,23423,0.0,0.0,35817.84303071561,0.0
25.25,480.692527,480.665135,23423,0.0,0.0,35818.20325071474,0.0
25.26,480.692527,480.669244,23423,0.0,0.0,35818.5094451658,0.0
25.27,480.692527,480.672737,23423,0.0,0.0,35818.7697365305,0.0
25.28,480.692527,480.675705,23424,0.0,0.0,35818.99090594661,0.0
25.29,499.621603,483.51759,23424,0.0,0.0,36030.76248481337,0.0
25.3,503.889269,486.573342,23424,0.0,0.0,36258.47100421697,0.0
25.310000000000002,503.889269,489.170731,23424,0.0,0.0,36452.02323080642,0.0
25.32,489.20241,489.175483,23424,0.0,0.0,36452.377340329775,0.0
25.330000000000002,489.20241,489.179522,23424,0.0,0.0,36452.67831852103,0.0
25.34,471.425375,486.5164,23424,0.0,0.0,36254.22780041251,0.0
25.35,471.425375,484.252746,23424,0.0,0.0,36085.54483766487,0.0
25.36,471.425375,482.328641,23424,0.0,0.0,35942.164386395576,0.0
25.37,471.425375,480.693151,23424,0.0,0.0,35820.29094692818,0.0
25.38,471.425375,479.302984,23424,0.0,0.0,35716.698486121895,0.0
25.39,486.307942,480.353728,23424,0.0,0.0,35794.99782471751,0.0
25.400000000000002,492.180068,482.127679,23424,0.0,0.0,35927.18910061441,0.0
25.41,492.159988,483.632525,23425,0.0,0.0,36039.327210837495,0.0
25.42,498.02551,485.791473,23425,0.0,0.0,36200.2076921558,0.0
25.43,498.02551,487.626579,23425,0.0,0.0,36336.95611617994,0.0
25.44,479.745503,486.444417,23425,0.0,0.0,36248.863771410084,0.0
25.45,479.745503,485.43958,23425,0.0,0.0,36173.98533051829,0.0
25.46,479.745503,484.585469,23425,0.0,0.0,36110.338689293385,0.0
25.47,479.745503,483.859474,23425,0.0,0.0,36056.2389958155,0.0
25.48,479.745503,483.242378,23425,0.0,0.0,36010.25423772981,0.0
25.490000000000002,471.387634,481.464167,23425,0.0,0.0,35877.745515164235,0.0
25.5,471.387634,479.952687,23425,0.0,0.0,35765.11305254681,0.0
25.51,483.39022,480.468317,23425,0.0,0.0,35803.53676751454,0.0
25.52,497.75728,483.061661,23425,0.0,0.0,35996.78756880477,0.0
25.53,497.75728,485.266004,23426,0.0,0.0,36161.050794612245,0.0
25.54,491.55403,486.209208,23426,0.0,0.0,36231.336467774054,0.0
25.55,491.55403,487.010931,23426,0.0,0.0,36291.079260154394,0.0
25.560000000000002,491.55403,487.692396,23426,0.0,0.0,36341.860667210785,0.0
25.57,491.55403,488.271641,23426,0.0,0.0,36385.02484457921,0.0
25.580000000000002,491.55403,488.763999,23426,0.0,0.0,36421.71437671288,0.0
25.59,471.173528,486.125429,23426,0.0,0.0,36225.093424475024,0.0
25.6,462.887894,482.639798,23426,0.0,0.0,35965.35118289348,0.0
25.61,462.887894,479.677013,23426,0.0,0.0,35744.57037814847,0.0
25.62,471.67648,478.476933,23426,0.0,0.0,35655.1428199023,0.0
25.63,471.67648,477.456865,23426,0.0,0.0,35579.12939539305,0.0
25.64,491.761733,479.602595,23427,0.0,0.0,35739.02489782253,0.0
25.650000000000002,491.761733,481.426466,23427,0.0,0.0,35874.93611214658,0.0
25.66,491.761733,482.976756,23427,0.0,0.0,35990.46061824072,0.0
25.67,491.761733,484.294502,23427,0.0,0.0,36088.65641116175,0.0
25.68,491.761733,485.414587,23427,0.0,0.0,36172.12290221082,0.0
25.69,493.768316,486.667646,23427,0.0,0.0,36265.498349438,0.0
25.7,474.599598,484.857439,23427,0.0,0.0,36130.605349029574,0.0
25.71,468.735938,482.439214,23427,0.0,0.0,35950.4040649153,0.0
25.72,462.83564,479.498678,23427,0.0,0.0,35731.28121109308,0.0
25.73,462.83564,476.999222,23427,0.0,0.0,35545.026755536994,0.0
25.740000000000002,480.067326,477.459438,23427,0.0,0.0,35579.321130200195,0.0
25.75,480.067326,477.850621,23427,0.0,0.0,35608.47130395313,0.0
25.76,480.067326,478.183127,23427,0.0,0.0,35633.248985176215,0.0
25.77,480.067326,478.465757,23427,0.0,0.0,35654.31000676404,0.0
25.78,480.067326,478.705992,23428,0.0,0.0,35672.211837854695,0.0
25.79,497.673565,481.551128,23428,0.0,0.0,35884.22567473081,0.0
25.8,503.856671,484.89696,23428,0.0,0.0,36133.550374802406,0.0
25.810000000000002,503.856671,487.740916,23428,0.0,0.0,36345.47628044165,0.0
25.82,486.350935,487.532419,23428,0.0,0.0,36329.939501550536,0.0
25.830000000000002,474.600453,485.592624,23428,0.0,0.0,36185.389862903,0.0
25.84,468.928718,483.093038,23428,0.0,0.0,35999.12572000725,0.0
25.85,468.928718,480.96839,23428,0.0,0.0,35840.801205997675,0.0
25.86,468.928718,479.162439,23428,0.0,0.0,35706.22535418594,0.0
25.87,468.928718,477.627381,23428,0.0,0.0,35591.83590622725,0.0
25.88,468.928718,476.322581,23428,0.0,0.0,35494.60482329977,0.0
25.89,491.822536,478.647575,23428,0.0,0.0,35667.858720004166,0.0
25.900000000000002,492.178247,480.677176,23428,0.0,0.0,35819.10052192069,0.0
25.91,492.178247,482.402336,23429,0.0,0.0,35947.65599020945,0.0
25.92,495.030854,484.296614,23429,0.0,0.0,36088.81379317212,0.0
25.93,495.030854,485.90675,23429,0.0,0.0,36208.79790333499,0.0
25.94,477.515604,484.648078,23429,0.0,0.0,36115.00418658877,0.0
25.95,477.515604,483.578207,23429,0.0,0.0,36035.27954225806,0.0
25.96,477.515604,482.668817,23429,0.0,0.0,35967.513620658254,0.0
25.97,477.515604,481.895835,23429,0.0,0.0,35909.91255003942,0.0
25.98,477.515604,481.2388,23429,0.0,0.0,35860.95161765803,0.0
25.990000000000002,475.693234,480.406965,23429,0.0,0.0,35798.96493934182,0.0
26.0,475.693234,479.699906,23429,0.0,0.0,35746.27631866155,0.0
26.01,483.45783,480.263594,23429,0.0,0.0,35788.28121954538,0.0
26.02,492.179133,482.050925,23429,0.0,0.0,35921.46954624667,0.0
26.03,492.160923,483.567425,23430,0.0,0.0,36034.47608921075,0.0
26.04,481.60036,483.272365,23430,0.0,0.0,36012.488808916,0.0
26.05,481.60036,483.021564,23430,0.0,0.0,35993.79962066548,0.0
26.060000000000002,481.60036,482.808384,23430,0.0,0.0,35977.91387399282,0.0
26.07,481.60036,482.62718,23430,0.0,0.0,35964.41091480306,0.0
26.080000000000002,481.60036,482.473157,23430,0.0,0.0,35952.93342929897,0.0
26.09,481.60036,482.342238,23430,0.0,0.0,35943.1776076054,0.0
26.1,481.60036,482.230956,23430,0.0,0.0,35934.88509582555,0.0
26.11,481.60036,482.136367,23430,0.0,0.0,35927.836512975286,0.0
26.12,475.859497,481.194836,23430,0.0,0.0,35857.675508423024,0.0
26.13,475.859497,480.394535,23430,0.0,0.0,35798.038680634905,0.0
26.14,493.265473,482.325176,23431,0.0,0.0,35941.9061815348,0.0
26.150000000000002,493.265473,483.96622,23431,0.0,0.0,36064.19349395942,0.0
26.16,493.265473,485.361108,23431,0.0,0.0,36168.13775423114,0.0
26.17,493.265473,486.546763,23431,0.0,0.0,36256.49039036571,0.0
26.18,493.265473,487.554569,23431,0.0,0.0,36331.59007519159,0.0
26.19,464.537573,484.10202,23431,0.0,0.0,36074.313037998014,0.0
26.2,464.537573,481.167353,23431,0.0,0.0,35855.62753030216,0.0
26.21,471.779563,479.759185,23431,0.0,0.0,35750.69367102579,0.0
26.22,462.831336,477.220007,23431,0.0,0.0,35561.47921157941,0.0
26.23,462.831336,475.061707,23431,0.0,0.0,35400.64701792339,0.0
26.240000000000002,481.958856,476.096279,23432,0.0,0.0,35477.74125146603,0.0
26.25,481.958856,476.975666,23432,0.0,0.0,35543.27140959168,0.0
26.26,481.958856,477.723144,23432,0.0,0.0,35598.97197320639,0.0
26.27,481.958856,478.358501,23432,0.0,0.0,35646.31750444149,0.0
26.28,481.958856,478.898554,23432,0.0,0.0,35686.56117245822,0.0
26.29,498.584378,481.851428,23432,0.0,0.0,35906.603429331604,0.0
26.3,498.584378,484.36137,23432,0.0,0.0,36093.63928060779,0.0
26.310000000000002,498.045804,486.414035,23432,0.0,0.0,36246.59976561494,0.0
26.32,480.308519,485.498208,23432,0.0,0.0,36178.35417166627,0.0
26.330000000000002,480.308519,484.719755,23432,0.0,0.0,36120.345413084004,0.0
26.34,469.892251,482.495629,23432,0.0,0.0,35954.60799773517,0.0
26.35,469.892251,480.605122,23432,0.0,0.0,35813.73120214046,0.0
26.36,469.892251,478.998192,23432,0.0,0.0,35693.98599667705,0.0
26.37,469.892251,477.6323,23432,0.0,0.0,35592.20246025616,0.0
26.38,469.892251,476.471293,23432,0.0,0.0,35505.686543719996,0.0
26.39,496.124813,479.419321,23432,0.0,0.0,35725.36768637828,0.0
26.400000000000002,492.135432,481.326738,23433,0.0,0.0,35867.504581307985,0.0
26.41,492.135432,482.948042,23433,0.0,0.0,35988.32090846514,0.0
26.42,495.110157,484.772359,23433,0.0,0.0,36124.265357816,0.0
26.43,495.110157,486.323029,23433,0.0,0.0,36239.81818074914,0.0
26.44,476.670311,484.875121,23433,0.0,0.0,36131.92297625852,0.0
26.45,476.670311,483.6444,23433,0.0,0.0,36040.212112055895,0.0
26.46,476.670311,482.598286,23433,0.0,0.0,35962.25779178797,0.0
26.47,476.670311,481.70909,23433,0.0,0.0,35895.996686626415,0.0
26.48,476.670311,480.953273,23433,0.0,0.0,35839.6747174319,0.0
26.490000000000002,474.897227,480.044866,23433,0.0,0.0,35771.98204702349,0.0
26.5,486.271231,480.978821,23433,0.0,0.0,35841.57850322792,0.0
26.51,486.271231,481.772683,23433,0.0,0.0,35900.73550963117,0.0
26.52,492.030173,483.311306,23433,0.0,0.0,36015.39061425037,0.0
26.53,492.030173,484.619136,23434,0.0,0.0,36112.84748670978,0.0
26.54,489.077108,485.287832,23434,0.0,0.0,36162.67737345815,0.0
26.55,489.077108,485.856223,23434,0.0,0.0,36205.03273248347,0.0
26.560000000000002,489.077108,486.339356,23434,0.0,0.0,36241.03483609168,0.0
26.57,489.077108,486.750019,23434,0.0,0.0,36271.63662043277,0.0
26.580000000000002,489.077108,487.099082,23434,0.0,0.0,36297.6480961378,0.0
26.59,468.513932,484.31131,23434,0.0,0.0,36089.90890966102,0.0
26.6,468.513932,481.941703,23434,0.0,0.0,35913.330541541356,0.0
26.61,471.690466,480.404017,23434,0.0,0.0,35798.745260285665,0.0
26.62,474.603063,479.533874,23434,0.0,0.0,35733.90394652741,0.0
26.63,474.603063,478.794252,23434,0.0,0.0,35678.78879629981,0.0
26.64,493.373049,480.981072,23435,0.0,0.0,35841.74624323992,0.0
26.650000000000002,493.373049,482.839869,23435,0.0,0.0,35980.26007313903,0.0
26.66,493.373049,484.419846,23435,0.0,0.0,36097.99679502017,0.0
26.67,493.373049,485.762826,23435,0.0,0.0,36198.072975086034,0.0
26.68,493.373049,486.90436,23435,0.0,0.0,36283.137802660014,0.0
26.69,487.802463,487.039075,23435,0.0,0.0,36293.1764946715,0.0
26.7,474.602161,485.173538,23435,0.0,0.0,36154.16041347033,0.0
26.71,462.886228,481.830442,23435,0.0,0.0,35905.039594639464,0.0
26.72,462.783352,478.973378,23435,0.0,0.0,35692.13690709109,0.0
26.73,462.783352,476.544874,23435,0.0,0.0,35511.169652482175,0.0
26.740000000000002,482.701888,477.468426,23436,0.0,0.0,35579.990897960284,0.0
26.75,482.701888,478.253445,23436,0.0,0.0,35638.488941713076,0.0
26.76,482.701888,478.920712,23436,0.0,0.0,35688.212342243256,0.0
26.77,482.701888,479.487888,23436,0.0,0.0,35730.4771619018,0.0
26.78,482.701888,479.969988,23436,0.0,0.0,35766.402288418765,0.0
26.79,503.770995,483.540139,23436,0.0,0.0,36032.44279113537,0.0
26.8,498.030141,485.713639,23436,0.0,0.0,36194.40765835094,0.0
26.810000000000002,498.030141,487.561115,23436,0.0,0.0,36332.07787000216,0.0
26.82,480.474828,486.498172,23436,0.0,0.0,36252.86948635703,0.0
26.830000000000002,468.729891,483.83293,23436,0.0,0.0,36054.260990094146,0.0
26.84,471.069468,481.91841,23436,0.0,0.0,35911.59479382935,0.0
26.85,471.069468,480.291069,23436,0.0,0.0,35790.32860152226,0.0
26.86,471.069468,478.907829,23436,0.0,0.0,35687.252326883536,0.0
26.87,471.069468,477.732075,23436,0.0,0.0,35599.63749344062,0.0
26.88,471.069468,476.732684,23436,0.0,0.0,35525.16487756235,0.0
26.89,493.27942,479.214694,23436,0.0,0.0,35710.119292136864,0.0
26.900000000000002,493.27942,481.324403,23437,0.0,0.0,35867.330581784205,0.0
26.91,497.989532,483.824172,23437,0.0,0.0,36053.60836147345,0.0
26.92,503.632828,486.795471,23437,0.0,0.0,36275.0236124478,0.0
26.93,503.632828,489.321074,23437,0.0,0.0,36463.226490080306,0.0
26.94,473.082037,486.885219,23437,0.0,0.0,36281.711453672964,0.0
26.95,473.082037,484.814741,23437,0.0,0.0,36127.42357957922,0.0
26.96,473.082037,483.054836,23437,0.0,0.0,35996.27898347293,0.0
26.97,473.082037,481.558916,23437,0.0,0.0,35884.80602089408,0.0
26.98,473.082037,480.287384,23437,0.0,0.0,35790.05400270206,0.0
26.990000000000002,480.513571,480.321312,23437,0.0,0.0,35792.582249315776,0.0
27.0,486.253242,481.211101,23437,0.0,0.0,35858.88754364973,0.0
27.01,486.253242,481.967423,23437,0.0,0.0,35915.247144432906,0.0
27.02,492.223358,483.505813,23438,0.0,0.0,36029.88488635872,0.0
27.03,492.223358,484.813445,23438,0.0,0.0,36127.32700425466,0.0
27.04,478.083534,483.803958,23438,0.0,0.0,36052.102054675255,0.0
27.05,478.083534,482.945895,23438,0.0,0.0,35988.16091832486,0.0
27.060000000000002,478.083534,482.216541,23438,0.0,0.0,35933.81091889392,0.0
27.07,478.083534,481.59659,23438,0.0,0.0,35887.61341192582,0.0
27.080000000000002,478.083534,481.069631,23438,0.0,0.0,35848.345482566234,0.0
27.09,478.083534,480.621717,23438,0.0,0.0,35814.9678283063,0.0
27.1,478.083534,480.240989,23438,0.0,0.0,35786.596740215544,0.0
27.11,478.083534,479.917371,23438,0.0,0.0,35762.481374952804,0.0
27.12,475.057411,479.188377,23438,0.0,0.0,35708.1582020009,0.0
27.13,475.057411,478.568732,23438,0.0,0.0,35661.98349753999,0.0
27.14,492.703458,480.688941,23439,0.0,0.0,35819.97722615938,0.0
27.150000000000002,492.703458,482.491119,23439,0.0,0.0,35954.27192156717,0.0
27.16,492.703458,484.02297,23439,0.0,0.0,36068.422390308384,0.0
27.17,492.703458,485.325043,23439,0.0,0.0,36165.45026265713,0.0
27.18,492.703458,486.431805,23439,0.0,0.0,36247.92395042765,0.0
27.19,490.33671,487.017541,23439,0.0,0.0,36291.5718241168,0.0
27.2,468.698631,484.269704,23439,0.0,0.0,36086.80851386375,0.0
27.21,468.698631,481.934043,23439,0.0,0.0,35912.75973368174,0.0
27.22,462.900786,479.079055,23439,0.0,0.0,35700.011745495845,0.0
27.23,462.900786,476.652314,23439,0.0,0.0,35519.17586611623,0.0
27.240000000000002,485.198431,477.934232,23440,0.0,0.0,35614.70182822861,0.0
27.25,485.198431,479.023862,23440,0.0,0.0,35695.89887366873,0.0
27.26,485.198431,479.950047,23440,0.0,0.0,35764.91632503383,0.0
27.27,485.198431,480.737305,23440,0.0,0.0,35823.58121458267,0.0
27.28,485.198431,481.406474,23440,0.0,0.0,35873.44634834378,0.0
27.29,498.380953,483.952646,23440,0.0,0.0,36063.18198666355,0.0
27.3,497.972926,486.055688,23440,0.0,0.0,36219.896464822625,0.0
27.310000000000002,497.972926,487.843273,23440,0.0,0.0,36353.10371909525,0.0
27.32,480.43034,486.731333,23440,0.0,0.0,36270.2441771345,0.0
27.330000000000002,480.43034,485.786184,23440,0.0,0.0,36199.81356646787,0.0
27.34,473.114467,483.885427,23440,0.0,0.0,36058.172961400436,0.0
27.35,473.114467,482.269783,23440,0.0,0.0,35937.77840610823,0.0
27.36,473.114467,480.896485,23440,0.0,0.0,35835.44298939903,0.0
27.37,473.114467,479.729183,23440,0.0,0.0,35748.45798206963,0.0
27.38,473.114467,478.736975,23440,0.0,0.0,35674.52062896624,0.0
27.39,492.048967,480.733774,23440,0.0,0.0,35823.31809153407,0.0
27.400000000000002,492.048967,482.431053,23441,0.0,0.0,35949.79592353902,0.0
27.41,498.037039,484.771951,23441,0.0,0.0,36124.23495447309,0.0
27.42,498.037039,486.761714,23441,0.0,0.0,36272.508108411654,0.0
27.43,495.126644,488.016454,23441,0.0,0.0,36366.00882039235,0.0
27.44,468.281666,485.056236,23441,0.0,0.0,36145.41930334651,0.0
27.45,468.281666,482.54005,23441,0.0,0.0,35957.91816169495,0.0
27.46,468.281666,480.401293,23441,0.0,0.0,35798.54227326092,0.0
27.47,468.281666,478.583349,23441,0.0,0.0,35663.072727107094,0.0
27.48,468.281666,477.038096,23441,0.0,0.0,35547.92356816554,0.0
27.490000000000002,478.006718,477.18339,23441,0.0,0.0,35558.75058607086,0.0
27.5,492.166386,479.430839,23441,0.0,0.0,35726.225984671626,0.0
27.51,492.166386,481.341171,23441,0.0,0.0,35868.58009956357,0.0
27.52,489.013135,482.491966,23442,0.0,0.0,35954.335038310914,0.0
27.53,489.013135,483.470141,23442,0.0,0.0,36027.22668035766,0.0
27.54,487.141546,484.020852,23442,0.0,0.0,36068.26456119002,0.0
27.55,487.141546,484.488956,23442,0.0,0.0,36103.14673381623,0.0
27.560000000000002,487.141546,484.886844,23442,0.0,0.0,36132.796550741325,0.0
27.57,487.141546,485.22505,23442,0.0,0.0,36157.998984549246,0.0
27.580000000000002,487.141546,485.512524,23442,0.0,0.0,36179.42097131616,0.0
27.59,467.912507,482.872522,23442,0.0,0.0,35982.69330930612,0.0
27.6,467.912507,480.62852,23442,0.0,0.0,35815.47477424219,0.0
27.61,474.617135,479.726812,23442,0.0,0.0,35748.28129989794,0.0
27.62,486.32438,480.716447,23442,0.0,0.0,35822.02691819418,0.0
27.63,486.32438,481.557637,23442,0.0,0.0,35884.71071237549,0.0
27.64,492.537998,483.204691,23443,0.0,0.0,36007.44587796411,0.0
27.650000000000002,492.537998,484.604687,23443,0.0,0.0,36111.770776166246,0.0
27.66,492.537998,485.794684,23443,0.0,0.0,36200.44696944525,0.0
27.67,492.537998,486.806181,23443,0.0,0.0,36275.8217001993,0.0
27.68,492.537998,487.665954,23443,0.0,0.0,36339.890262325156,0.0
27.69,451.622556,482.259444,23443,0.0,0.0,35937.00796453373,0.0
27.7,474.545928,481.102417,23443,0.0,0.0,35850.78862962698,0.0
27.71,474.545928,480.118943,23443,0.0,0.0,35777.50211671235,0.0
27.72,462.89905,477.535959,23443,0.0,0.0,35585.02332187455,0.0
27.73,462.89905,475.340423,23443,0.0,0.0,35421.41637606963,0.0
27.740000000000002,486.948556,477.081643,23444,0.0,0.0,35551.16860339565,0.0
27.75,486.948556,478.56168,23444,0.0,0.0,35661.45799662276,0.0
27.76,486.948556,479.819711,23444,0.0,0.0,35755.2039473327,0.0
27.77,486.948556,480.889038,23444,0.0,0.0,35834.88805387286,0.0
27.78,486.948556,481.797966,23444,0.0,0.0,35902.61954815788,0.0
27.79,499.811649,484.500018,23444,0.0,0.0,36103.9710519028,0.0
27.8,492.117176,485.642592,23444,0.0,0.0,36189.113378194015,0.0
27.810000000000002,492.117176,486.61378,23444,0.0,0.0,36261.48436299335,0.0
27.82,477.538919,485.252551,23444,0.0,0.0,36160.048303994045,0.0
27.830000000000002,477.538919,484.095506,23444,0.0,0.0,36073.82762776335,0.0
27.84,474.389698,482.639635,23444,0.0,0.0,35965.33903645992,0.0
27.85,474.389698,481.402144,23444,0.0,0.0,35873.12368541531,0.0
27.86,474.389698,480.350277,23444,0.0,0.0,35794.740663108685,0.0
27.87,474.389698,479.45619,23444,0.0,0.0,35728.11509042216,0.0
27.88,474.389698,478.696217,23444,0.0,0.0,35671.483424430706,0.0
27.89,491.038241,480.54752,23444,0.0,0.0,35809.438816457754,0.0
27.900000000000002,497.992295,483.164237,23445,0.0,0.0,36004.43132689978,0.0
27.91,497.992295,485.388445,23445,0.0,0.0,36170.17485272438,0.0
27.92,495.073497,486.841203,23445,0.0,0.0,36278.431469502095,0.0
27.93,495.073497,488.076047,23445,0.0,0.0,36370.44957140775,0.0
27.94,473.683969,485.917235,23445,0.0,0.0,36209.579224537105,0.0
27.95,473.683969,484.082245,23445,0.0,0.0,36072.839444600635,0.0
27.96,473.683969,482.522504,23445,0.0,0.0,35956.61066891364,0.0
27.97,473.683969,481.196724,23445,0.0,0.0,35857.816198402004,0.0
27.98,473.683969,480.06981,23445,0.0,0.0,35773.840823949104,0.0
27.990000000000002,478.116218,479.776772,23445,0.0,0.0,35752.00421904498,0.0
28.0,492.054301,481.618401,23445,0.0,0.0,35889.23872396578,0.0
28.01,492.054301,483.183786,23445,0.0,0.0,36005.88807922974,0.0
28.02,492.219248,484.539105,23446,0.0,0.0,36106.88373686477,0.0
28.03,492.219248,485.691127,23446,0.0,0.0,36192.73010919485,0.0
28.04,481.010962,484.989102,23446,0.0,0.0,36140.41661211318,0.0
28.05,481.010962,484.392381,23446,0.0,0.0,36095.950158223255,0.0
28.060000000000002,481.010962,483.885168,23446,0.0,0.0,36058.153661239136,0.0
28.07,481.010962,483.454037,23446,0.0,0.0,36026.026642528515,0.0
28.080000000000002,481.010962,483.087576,23446,0.0,0.0,35998.71870270579,0.0
28.09,481.010962,482.776084,23446,0.0,0.0,35975.50694267878,0.0
28.1,481.010962,482.511316,23446,0.0,0.0,35955.77696155942,0.0
28.11,481.010962,482.286263,23446,0.0,0.0,35939.00646270436,0.0
28.12,481.225578,482.12716,23446,0.0,0.0,35927.15042577378,0.0
28.13,481.225578,481.991923,23446,0.0,0.0,35917.072835367704,0.0
28.14,492.092112,483.506951,23447,0.0,0.0,36029.9696878397,0.0
28.150000000000002,492.092112,484.794725,23447,0.0,0.0,36125.93202734448,0.0
28.16,492.092112,485.889333,23447,0.0,0.0,36207.50002337535,0.0
28.17,492.092112,486.81975,23447,0.0,0.0,36276.832834905195,0.0
28.18,492.092112,487.610604,23447,0.0,0.0,36335.76569117246,0.0
28.19,480.785916,486.586901,23447,0.0,0.0,36259.481393742884,0.0
28.2,480.785916,485.716753,23447,0.0,0.0,36194.63970739465,0.0
28.21,465.824458,482.732909,23447,0.0,0.0,35972.28962814368,0.0
28.22,465.824458,480.196641,23447,0.0,0.0,35783.29201606956,0.0
28.23,471.681291,478.919339,23447,0.0,0.0,35688.110029032905,0.0
28.240000000000002,488.765444,480.396255,23448,0.0,0.0,35798.16685159032,0.0
28.25,488.765444,481.651633,23448,0.0,0.0,35891.71510605333,0.0
28.26,488.765444,482.718705,23448,0.0,0.0,35971.231174509485,0.0
28.27,488.765444,483.625716,23448,0.0,0.0,36038.819817793614,0.0
28.28,488.765444,484.396675,23448,0.0,0.0,36096.27013850383,0.0
28.29,502.52896,487.116518,23448,0.0,0.0,36298.947391939386,0.0
28.3,486.322532,486.99742,23448,0.0,0.0,36290.07244749235,0.0
28.310000000000002,480.468606,486.018098,23448,0.0,0.0,36217.09533330267,0.0
28.32,474.529274,484.294774,23448,0.0,0.0,36088.676680057026,0.0
28.330000000000002,474.529274,482.829949,23448,0.0,0.0,35979.52085460543,0.0
28.34,473.219575,481.388393,23448,0.0,0.0,35872.09898843391,0.0
28.35,473.219575,480.16307,23448,0.0,0.0,35780.790372380914,0.0
28.36,473.219575,479.121546,23448,0.0,0.0,35703.178089720765,0.0
28.37,473.219575,478.23625,23448,0.0,0.0,35637.20760474884,0.0
28.38,473.219575,477.483749,23448,0.0,0.0,35581.1327372335,0.0
28.39,491.598194,479.600916,23449,0.0,0.0,35738.89978210499,0.0
28.400000000000002,503.865941,483.24067,23449,0.0,0.0,36010.12696099036,0.0
28.41,503.865941,486.33446,23449,0.0,0.0,36240.66999597672,0.0
28.42,495.1363,487.654736,23449,0.0,0.0,36339.05431943101,0.0
28.43,495.1363,488.776971,23449,0.0,0.0,36422.68102417436,0.0
28.44,471.553776,486.193491,23449,0.0,0.0,36230.16526840989,0.0
28.45,471.553776,483.997534,23449,0.0,0.0,36066.526950528074,0.0
28.46,471.553776,482.13097,23449,0.0,0.0,35927.43433934364,0.0
28.47,471.553776,480.544391,23449,0.0,0.0,35809.20564964408,0.0
28.48,471.553776,479.195799,23449,0.0,0.0,35708.71127457715,0.0
28.490000000000002,481.950458,479.608998,23449,0.0,0.0,35739.50203655948,0.0
28.5,486.31266,480.614547,23449,0.0,0.0,35814.43353426537,0.0
28.51,486.31266,481.469264,23449,0.0,0.0,35878.12533339668,0.0
28.52,492.012417,483.050737,23450,0.0,0.0,35995.97353420184,0.0
28.53,492.012417,484.394989,23450,0.0,0.0,36096.14450116032,0.0
28.54,484.043731,484.3423,23450,0.0,0.0,36092.218222398544,0.0
28.55,484.043731,484.297515,23450,0.0,0.0,36088.88093388773,0.0
28.560000000000002,484.043731,484.259447,23450,0.0,0.0,36086.04418276504,0.0
28.57,484.043731,484.22709,23450,0.0,0.0,36083.63300392515,0.0
28.580000000000002,484.043731,484.199586,23450,0.0,0.0,36081.583460926355,0.0
28.59,467.472754,481.690561,23450,0.0,0.0,35894.615942653734,0.0
28.6,467.472754,479.55789,23450,0.0,0.0,35735.6935707515,0.0
28.61,477.553485,479.257229,23450,0.0,0.0,35713.28891515366,0.0
28.62,492.185531,481.196475,23450,0.0,0.0,35857.797643420665,0.0
28.63,492.185531,482.844833,23450,0.0,0.0,35980.62998047782,0.0
28.64,493.322818,484.416531,23451,0.0,0.0,36097.749767858986,0.0
28.650000000000002,493.322818,485.752474,23451,0.0,0.0,36197.30156477758,0.0
28.66,493.322818,486.888025,23451,0.0,0.0,36281.92055117348,0.0
28.67,493.322818,487.853244,23451,0.0,0.0,36353.84673804671,0.0
28.68,493.322818,488.67368,23451,0.0,0.0,36414.98398571125,0.0
28.69,448.509265,482.649018,23451,0.0,0.0,35966.03823882895,0.0
28.7,448.509265,477.528055,23451,0.0,0.0,35584.43433162359,0.0
28.71,465.911608,475.785588,23451,0.0,0.0,35454.589180354895,0.0
28.72,462.648012,473.814952,23451,0.0,0.0,35307.74133215143,0.0
28.73,462.648012,472.139911,23451,0.0,0.0,35182.92063137129,0.0
28.740000000000002,489.932856,474.808853,23452,0.0,0.0,35381.80484422432,0.0
28.75,489.932856,477.077453,23452,0.0,0.0,35550.8563729868,0.0
28.76,489.932856,479.005764,23452,0.0,0.0,35694.5502469529,0.0
28.77,489.932856,480.644827,23452,0.0,0.0,35816.689939224794,0.0
28.78,489.932856,482.038032,23452,0.0,0.0,35920.50878570698,0.0
28.79,500.643594,484.828866,23452,0.0,0.0,36128.47614629162,0.0
28.8,486.271231,485.045221,23452,0.0,0.0,36144.59848760583,0.0
28.810000000000002,486.271231,485.229122,23452,0.0,0.0,36158.30242183441,0.0
28.82,471.681716,483.197011,23452,0.0,0.0,36006.87357974454,0.0
28.830000000000002,471.681716,481.469717,23452,0.0,0.0,35878.15909004948,0.0
28.84,476.355195,480.702539,23452,0.0,0.0,35820.99052188719,0.0
28.85,476.355195,480.050437,23452,0.0,0.0,35772.397186786664,0.0
28.86,476.355195,479.496151,23452,0.0,0.0,35731.09290411381,0.0
28.87,476.355195,479.025008,23452,0.0,0.0,35695.98427129368,0.0
28.88,476.355195,478.624536,23452,0.0,0.0,35666.141899863476,0.0
28.89,491.663812,480.580427,23453,0.0,0.0,35811.89098019618,0.0
28.900000000000002,497.993191,483.192342,23453,0.0,0.0,36006.52565521497,0.0
28.91,497.993191,485.412469,23453,0.0,0.0,36171.965073092455,0.0
28.92,495.111073,486.86726,23453,0.0,0.0,36280.37318495875,0.0
28.93,495.111073,488.103832,23453,0.0,0.0,36372.5200539638,0.0
28.94,472.830172,485.812783,23453,0.0,0.0,36201.79567067908,0.0
28.95,472.830172,483.865391,23453,0.0,0.0,36056.67991880576,0.0
28.96,472.830172,482.210108,23453,0.0,0.0,35933.33154461704,0.0
28.97,472.830172,480.803118,23453,0.0,0.0,35828.48546754152,0.0
28.98,472.830172,479.607176,23453,0.0,0.0,35739.36626476833,0.0
28.990000000000002,481.128951,479.835442,23453,0.0,0.0,35756.37618994884,0.0
29.0,486.14791,480.782312,23453,0.0,0.0,35826.93504608889,0.0
29.01,486.14791,481.587152,23453,0.0,0.0,35886.91011106694,0.0
29.02,492.245683,483.185932,23454,0.0,0.0,36006.04799485203,0.0
29.03,492.245683,484.544895,23454,0.0,0.0,36107.315196069365,0.0
29.04,480.771262,483.97885,23454,0.0,0.0,36065.13465626581,0.0
29.05,480.771262,483.497711,23454,0.0,0.0,36029.28114154428,0.0
29.060000000000002,480.771262,483.088744,23454,0.0,0.0,35998.80573972669,0.0
29.07,480.771262,482.741122,23454,0.0,0.0,35972.90164445583,0.0
29.080000000000002,480.771262,482.445643,23454,0.0,0.0,35950.8831411202,0.0
29.09,480.771262,482.194486,23454,0.0,0.0,35932.16742446261,0.0
29.1,480.771262,481.981002,23454,0.0,0.0,35916.25902431876,0.0
29.11,480.771262,481.799541,23454,0.0,0.0,35902.7369140037,0.0
29.12,482.351083,481.882272,23454,0.0,0.0,35908.901862441526,0.0
29.13,492.165451,483.424749,23454,0.0,0.0,36023.84415942246,0.0
29.14,493.039701,484.866992,23455,0.0,0.0,36131.31721945815,0.0
29.150000000000002,493.039701,486.092898,23455,0.0,0.0,36222.66927950359,0.0
29.16,493.039701,487.134919,23455,0.0,0.0,36300.31859760843,0.0
29.17,493.039701,488.020636,23455,0.0,0.0,36366.32045465722,0.0
29.18,493.039701,488.773496,23455,0.0,0.0,36422.42207413361,0.0
29.19,473.985336,486.555272,23455,0.0,0.0,36257.124464005065,0.0
29.2,473.985336,484.669782,23455,0.0,0.0,36116.621525203,0.0
29.21,462.896457,481.403783,23455,0.0,0.0,35873.24582041294,0.0
29.22,468.743813,479.504787,23455,0.0,0.0,35731.73644153882,0.0
29.23,468.743813,477.890641,23455,0.0,0.0,35611.45351420662,0.0
29.240000000000002,490.66686,479.807074,23456,0.0,0.0,35754.262263400335,0.0
29.25,490.66686,481.436042,23456,0.0,0.0,35875.64969648909,0.0
29.26,490.66686,482.820665,23456,0.0,0.0,35978.82902951814,0.0
29.27,490.66686,483.997594,23456,0.0,0.0,36066.53142160792,0.0
29.28,490.66686,484.997984,23456,0.0,0.0,36141.07848096553,0.0
29.29,493.851434,486.326001,23456,0.0,0.0,36240.03964823723,0.0
29.3,486.313536,486.324131,23456,0.0,0.0,36239.90029958221,0.0
29.310000000000002,486.313536,486.322542,23456,0.0,0.0,36239.78189048443,0.0
29.32,468.753328,483.68716,23456,0.0,0.0,36043.39850162209,0.0
29.330000000000002,468.693429,481.4381,23456,0.0,0.0,35875.80305452762,0.0
29.34,480.233019,481.257338,23456,0.0,0.0,35862.333032292685,0.0
29.35,480.233019,481.10369,23456,0.0,0.0,35850.883491037595,0.0
29.36,480.233019,480.973089,23456,0.0,0.0,35841.15136606717,0.0
29.37,480.233019,480.862079,23456,0.0,0.0,35832.8791231826,0.0
29.38,480.233019,480.76772,23456,0.0,0.0,35825.84767947173,0.0
29.39,488.973639,481.998608,23457,0.0,0.0,35917.57098817991,0.0
29.400000000000002,498.011715,484.400574,23457,0.0,0.0,36096.560684175456,0.0
29.41,498.011715,486.442245,23457,0.0,0.0,36248.70191831986,0.0
29.42,495.098671,487.740709,23457,0.0,0.0,36345.46085521621,0.0
29.43,495.098671,488.844403,23457,0.0,0.0,36427.705921770896,0.0
29.44,470.362449,486.07211,23457,0.0,0.0,36221.12019937492,0.0
29.45,470.362449,483.715661,23457,0.0,0.0,36045.52233906424,0.0
29.46,470.362449,481.712679,23457,0.0,0.0,35896.26413171886,0.0
29.47,470.362449,480.010145,23457,0.0,0.0,35769.3947076379,0.0
29.48,470.362449,478.562991,23457,0.0,0.0,35661.555689717265,0.0
29.490000000000002,482.362904,479.132977,23457,0.0,0.0,35704.02990494834,0.0
29.5,492.185531,481.090861,23457,0.0,0.0,35849.92749964974,0.0
29.51,492.185531,482.755061,23458,0.0,0.0,35973.94035082073,0.0
29.52,495.116098,484.609217,23458,0.0,0.0,36112.108342694184,0.0
29.53,503.541485,487.449057,23458,0.0,0.0,36323.72753225639,0.0
29.54,476.287841,485.774874,23458,0.0,0.0,36198.97076791796,0.0
29.55,476.287841,484.351819,23458,0.0,0.0,36092.927559215204,0.0
29.560000000000002,476.287841,483.142223,23458,0.0,0.0,36002.79088770636,0.0
29.57,476.287841,482.114065,23458,0.0,0.0,35926.17461259864,0.0
29.580000000000002,476.287841,481.240132,23458,0.0,0.0,35861.05087563048,0.0
29.59,465.854406,478.932273,23458,0.0,0.0,35689.07384481048,0.0
29.6,465.854406,476.970593,23458,0.0,0.0,35542.893379791196,0.0
29.61,480.482828,477.497428,23458,0.0,0.0,35582.152068919095,0.0
29.62,486.320782,478.820931,23458,0.0,0.0,35680.7768619508,0.0
29.63,486.320782,479.945909,23458,0.0,0.0,35764.60796956085,0.0
29.64,486.298057,480.898731,23459,0.0,0.0,35835.61035682106,0.0
29.650000000000002,486.298057,481.70863,23459,0.0,0.0,35895.962408347645,0.0
29.66,486.298057,482.397044,23459,0.0,0.0,35947.26164096753,0.0
29.67,486.298057,482.982196,23459,0.0,0.0,35990.86599614624,0.0
29.68,486.298057,483.479575,23459,0.0,0.0,36027.929683144546,0.0
29.69,470.865892,481.587523,23459,0.0,0.0,35886.93775724394,0.0
29.7,456.992177,477.898221,23459,0.0,0.0,35612.01836062645,0.0
29.71,456.992177,474.762314,23459,0.0,0.0,35378.336851146174,0.0
29.72,471.677801,474.299637,23459,0.0,0.0,35343.859087691526,0.0
29.73,474.604819,474.345414,23459,0.0,0.0,35347.27029805569,0.0
29.740000000000002,494.515803,477.370973,23460,0.0,0.0,35572.72889556564,0.0
29.75,494.515803,479.942697,23460,0.0,0.0,35764.3686177534,0.0
29.76,494.515803,482.128663,23460,0.0,0.0,35927.26242632379,0.0
29.77,494.515803,483.986734,23460,0.0,0.0,36065.72215615683,0.0
29.78,494.515803,485.566094,23460,0.0,0.0,36183.41290043361,0.0
29.79,493.056424,486.689644,23460,0.0,0.0,36267.13759634345,0.0
29.8,486.280226,486.628231,23460,0.0,0.0,36262.5612225729,0.0
29.810000000000002,486.280226,486.57603,23460,0.0,0.0,36258.67130859382,0.0
29.82,465.823177,483.463102,23460,0.0,0.0,36026.702148174394,0.0
29.830000000000002,465.823177,480.817114,23460,0.0,0.0,35829.528421432275,0.0
29.84,479.483413,480.617059,23460,0.0,0.0,35814.62072347468,0.0
29.85,479.483413,480.447012,23460,0.0,0.0,35801.94916158124,0.0
29.86,479.483413,480.302472,23460,0.0,0.0,35791.17833024591,0.0
29.87,479.483413,480.179613,23460,0.0,0.0,35782.02312361088,0.0
29.88,479.483413,480.075183,23460,0.0,0.0,35774.2412091488,0.0
29.89,495.830662,482.438505,23461,0.0,0.0,35950.35123165519,0.0
29.900000000000002,492.096216,483.887162,23461,0.0,0.0,36058.30225012581,0.0
29.91,492.096216,485.11852,23461,0.0,0.0,36150.06058229275,0.0
29.92,495.133527,486.620771,23461,0.0,0.0,36262.005318312746,0.0
29.93,495.133527,487.897684,23461,0.0,0.0,36357.15831784844,0.0
29.94,470.129481,485.232454,23461,0.0,0.0,36158.55071580153,0.0
29.95,470.129481,482.967008,23461,0.0,0.0,35989.734216802666,0.0
29.96,470.129481,481.041379,23461,0.0,0.0,35846.24020010543,0.0
29.97,470.129481,479.404594,23461,0.0,0.0,35724.27025983147,0.0
29.98,470.129481,478.013327,23461,0.0,0.0,35620.595829228114,0.0
29.990000000000002,487.129125,479.380697,23461,0.0,0.0,35722.489503249075,0.0
30.0,492.020607,481.276683,23461,0.0,0.0,35863.774582951206,0.0
30.01,492.109845,482.901658,23462,0.0,0.0,35984.86446567659,0.0
30.02,492.109845,484.282886,23462,0.0,0.0,36087.79081010467,0.0
30.03,498.17219,486.366281,23462,0.0,0.0,36243.04123317003,0.0
30.04,475.093685,484.675392,23462,0.0,0.0,36117.03957116807,0.0
30.05,475.093685,483.238136,23462,0.0,0.0,36009.938132385105,0.0
30.060000000000002,475.093685,482.016468,23462,0.0,0.0,35918.90187961238,0.0
30.07,475.093685,480.978051,23462,0.0,0.0,35841.52112436997,0.0
30.080000000000002,475.093685,480.095396,23462,0.0,0.0,35775.74744142901,0.0
30.09,475.093685,479.345139,23462,0.0,0.0,35719.83979229971,0.0
30.1,475.093685,478.707421,23462,0.0,0.0,35672.31832407289,0.0
30.11,475.093685,478.165361,23462,0.0,0.0,35631.9250984355,0.0
30.12,541.498066,487.665266,23462,0.0,0.0,36339.83899394299,0.0
30.13,621.080894,507.677611,23463,0.0,0.0,37831.11886539325,0.0
30.14,691.153599,535.199009,23463,0.0,0.0,39881.958328313354,0.0
30.150000000000002,691.153599,558.592197,23463,0.0,0.0,41625.17184944003,0.0
30.16,691.153599,578.476407,23463,0.0,0.0,43106.9033573013,0.0
30.17,691.153599,595.377986,23463,0.0,0.0,44366.375176242385,0.0
30.18,691.153599,609.744328,23463,0.0,0.0,45436.9262111646,0.0
30.19,691.153599,621.955719,23463,0.0,0.0,46346.8946132039,0.0
30.2,749.343129,641.06383,23463,0.0,0.0,47770.79277784865,0.0
30.21,703.068825,650.364579,23463,0.0,0.0,48463.86596707815,0.0
30.22,703.068825,658.270216,23464,0.0,0.0,49052.97820400453,0.0
30.23,747.102587,671.595072,23464,0.0,0.0,50045.91978795049,0.0
30.240000000000002,750.351443,683.408528,23464,0.0,0.0,50926.23487071884,0.0
30.25,750.351443,693.449965,23464,0.0,0.0,51674.50264636112,0.0
30.26,750.351443,701.985187,23464,0.0,0.0,52310.530296641955,0.0
30.27,750.351443,709.240125,23464,0.0,0.0,52851.15374721808,0.0
30.28,750.351443,715.406823,23464,0.0,0.0,53310.683732370366,0.0
30.29,750.351443,720.648516,23464,0.0,0.0,53701.28419739441,0.0
30.3,725.840974,721.427385,23465,0.0,0.0,53759.32395546358,0.0
30.310000000000002,725.840974,722.089423,23465,0.0,0.0,53808.657701385666,0.0
30.32,738.305651,724.521857,23465,0.0,0.0,53989.91781172412,0.0
30.330000000000002,755.544313,729.175226,23465,0.0,0.0,54336.6775504819,0.0
30.34,745.435713,731.614299,23466,0.0,0.0,54518.43238580469,0.0
30.35,745.435713,733.687511,23466,0.0,0.0,54672.92399210316,0.0
30.36,745.435713,735.449741,23466,0.0,0.0,54804.24184255327,0.0
30.37,745.435713,736.947637,23466,0.0,0.0,54915.86205269485,0.0
30.38,745.435713,738.220848,23466,0.0,0.0,55010.7391866044,0.0
30.39,745.435713,739.303078,23466,0.0,0.0,55091.38479886421,0.0
30.400000000000002,713.547743,735.439778,23466,0.0,0.0,54803.49941974579,0.0
30.41,767.559397,740.257721,23466,0.0,0.0,55162.52288339757,0.0
30.42,767.559397,744.352972,23466,0.0,0.0,55467.69278651671,0.0
30.43,720.71026,740.806565,23466,0.0,0.0,55203.421639128916,0.0
30.44,757.217096,743.268145,23467,0.0,0.0,55386.85365101781,0.0
30.45,757.217096,745.360488,23467,0.0,0.0,55542.77086112336,0.0
30.46,757.217096,747.138979,23467,0.0,0.0,55675.30044872818,0.0
30.47,757.217096,748.650697,23467,0.0,0.0,55787.95064662898,0.0
30.48,757.217096,749.935656,23467,0.0,0.0,55883.70321797126,0.0
30.490000000000002,757.217096,751.027872,23467,0.0,0.0,55965.09296695249,0.0
30.5,728.42152,747.63692,23467,0.0,0.0,55712.40601484099,0.0
30.51,728.42152,744.75461,23467,0.0,0.0,55497.62204593181,0.0
30.52,726.544118,742.023036,23467,0.0,0.0,55294.07062186947,0.0
30.53,708.406882,736.980613,23467,0.0,0.0,54918.31935817509,0.0
30.54,749.98809,738.931734,23468,0.0,0.0,55063.71298766048,0.0
30.55,749.98809,740.590188,23468,0.0,0.0,55187.29765841877,0.0
30.560000000000002,749.98809,741.999873,23468,0.0,0.0,55292.34456149711,0.0
30.57,749.98809,743.198105,23468,0.0,0.0,55381.634410484214,0.0
30.580000000000002,749.98809,744.216603,23468,0.0,0.0,55457.53084173763,0.0
30.59,749.98809,745.082326,23468,0.0,0.0,55522.04278594764,0.0
30.6,755.818161,746.692701,23468,0.0,0.0,55642.04470591189,0.0
30.61,691.397054,738.398354,23468,0.0,0.0,55023.96657824,0.0
30.62,691.397054,731.348159,23469,0.0,0.0,54498.60016599298,0.0
30.63,741.196299,732.82538,23469,0.0,0.0,54608.67971653959,0.0
30.64,745.388798,734.709893,23469,0.0,0.0,54749.109851258254,0.0
30.650000000000002,745.388798,736.311729,23469,0.0,0.0,54868.47546204323,0.0
30.66,745.388798,737.673289,23469,0.0,0.0,54969.93618649964,0.0
30.67,745.388798,738.830615,23469,0.0,0.0,55056.177802287595,0.0
30.68,745.388798,739.814343,23469,0.0,0.0,55129.48324277355,0.0
30.69,745.388798,740.650511,23469,0.0,0.0,55191.79280757223,0.0
30.7,743.397085,741.062497,23470,0.0,0.0,55222.49317922379,0.0
30.71,743.397085,741.412685,23470,0.0,0.0,55248.58848767582,0.0
30.72,779.3125,747.097658,23470,0.0,0.0,55672.22129056016,0.0
30.73,685.341067,737.834169,23470,0.0,0.0,54981.92464191148,0.0
30.740000000000002,740.130822,738.178667,23471,0.0,0.0,55007.595942958666,0.0
30.75,740.130822,738.47149,23471,0.0,0.0,55029.41652649336,0.0
30.76,740.130822,738.72039,23471,0.0,0.0,55047.96405603094,0.0
30.77,740.130822,738.931955,23471,0.0,0.0,55063.729456137895,0.0
30.78,740.130822,739.111785,23471,0.0,0.0,55077.13002759931,0.0
30.79,740.130822,739.26464,23471,0.0,0.0,55088.52047608251,0.0
30.8,804.45373,749.043004,23471,0.0,0.0,55817.18457861092,0.0
30.810000000000002,804.45373,757.354613,23471,0.0,0.0,56436.54903595286,0.0
30.82,729.536543,753.181902,23471,0.0,0.0,56125.606968759894,0.0
30.830000000000002,673.740606,741.265708,23471,0.0,0.0,55237.63605598098,0.0
30.84,751.22503,742.759606,23472,0.0,0.0,55348.9583431692,0.0
30.85,751.22503,744.02942,23472,0.0,0.0,55443.58233944178,0.0
30.86,751.22503,745.108761,23472,0.0,0.0,55524.01266920729,0.0
30.87,751.22503,746.026202,23472,0.0,0.0,55592.378535203665,0.0
30.88,751.22503,746.806026,23472,0.0,0.0,55650.48945796028,0.0
30.89,751.22503,747.468877,23472,0.0,0.0,55699.88378701421,0.0
30.900000000000002,781.336309,752.548991,23472,0.0,0.0,56078.44370854628,0.0
30.91,673.724304,740.725288,23472,0.0,0.0,55197.365039859214,0.0
30.92,773.42296,745.629939,23472,0.0,0.0,55562.849810024265,0.0
30.93,691.115498,737.452773,23472,0.0,0.0,54953.503775798505,0.0
30.94,747.085629,738.897701,23473,0.0,0.0,55061.17691665705,0.0
30.95,747.085629,740.12589,23473,0.0,0.0,55152.69910129043,0.0
30.96,747.085629,741.169851,23473,0.0,0.0,55230.49298431009,0.0
30.970000000000002,747.085629,742.057218,23473,0.0,0.0,55296.617796054496,0.0
30.98,747.085629,742.81148,23473,0.0,0.0,55352.82388976314,0.0
30.990000000000002,747.085629,743.452602,23473,0.0,0.0,55400.5990172529,0.0
31.0,782.855127,749.362981,23473,0.0,0.0,55841.02862384535,0.0
31.01,782.855127,754.386803,23473,0.0,0.0,56215.393778271224,0.0
31.02,741.300635,752.423878,23474,0.0,0.0,56069.12053834524,0.0
31.03,697.19953,744.140225,23474,0.0,0.0,55451.83930613689,0.0
31.04,744.540516,744.200269,23475,0.0,0.0,55456.313664769106,0.0
31.05,744.540516,744.251306,23475,0.0,0.0,55460.11683979927,0.0
31.060000000000002,744.540516,744.294687,23475,0.0,0.0,55463.34950504182,0.0
31.07,744.540516,744.331562,23475,0.0,0.0,55466.097356193684,0.0
31.080000000000002,744.540516,744.362905,23475,0.0,0.0,55468.43297378426,0.0
31.09,744.540516,744.389546,23475,0.0,0.0,55470.418207751376,0.0
31.1,744.540516,744.412192,23475,0.0,0.0,55472.105742319094,0.0
31.11,744.540516,744.43144,23475,0.0,0.0,55473.540064731875,0.0
31.12,744.540516,744.447802,23475,0.0,0.0,55474.75932820433,0.0
31.13,744.540516,744.461709,23475,0.0,0.0,55475.79564999333,0.0
31.14,751.175133,745.468722,23476,0.0,0.0,55550.836242047306,0.0
31.150000000000002,751.175133,746.324684,23476,0.0,0.0,55614.620816085306,0.0
31.16,751.175133,747.052251,23476,0.0,0.0,55668.83765185499,0.0
31.17,751.175133,747.670683,23476,0.0,0.0,55714.92196598514,0.0
31.18,751.175133,748.196351,23476,0.0,0.0,55754.09369261016,0.0
31.19,751.175133,748.643168,23476,0.0,0.0,55787.38960062702,0.0
31.2,751.175133,749.022963,23476,0.0,0.0,55815.69116342626,0.0
31.21,735.545201,747.001298,23476,0.0,0.0,55665.0407363366,0.0
31.220000000000002,735.545201,745.282884,23476,0.0,0.0,55536.987966457884,0.0
31.23,732.462344,743.359803,23476,0.0,0.0,55393.68382161788,0.0
31.240000000000002,748.369562,744.111267,23477,0.0,0.0,55449.68141396996,0.0
31.25,748.369562,744.750011,23477,0.0,0.0,55497.27933766205,0.0
31.26,748.369562,745.292944,23477,0.0,0.0,55537.73761751112,0.0
31.27,748.369562,745.754436,23477,0.0,0.0,55572.12707713894,0.0
31.28,748.369562,746.146705,23477,0.0,0.0,55601.35817743696,0.0
31.29,750.975742,746.871061,23477,0.0,0.0,55655.33573591721,0.0
31.3,750.975742,747.486763,23477,0.0,0.0,55701.21661591461,0.0
31.310000000000002,729.492625,744.787642,23477,0.0,0.0,55500.0835244199,0.0
31.32,729.492625,742.49339,23477,0.0,0.0,55329.120459989696,0.0
31.330000000000002,738.219498,741.852306,23477,0.0,0.0,55281.34816418384,0.0
31.34,752.832776,743.499377,23478,0.0,0.0,55404.08459657842,0.0
31.35,752.832776,744.899387,23478,0.0,0.0,55508.41053803251,0.0
31.36,752.832776,746.089395,23478,0.0,0.0,55597.08755100948,0.0
31.37,752.832776,747.100902,23478,0.0,0.0,55672.46302694352,0.0
31.38,752.832776,747.960683,23478,0.0,0.0,55736.53218521334,0.0
31.39,729.984436,745.264246,23478,0.0,0.0,55535.599100023486,0.0
31.400000000000002,729.984436,742.972275,23478,0.0,0.0,55364.80601114521,0.0
31.41,735.347224,741.828517,23478,0.0,0.0,55279.57545554515,0.0
31.42,735.347224,740.856323,23478,0.0,0.0,55207.129505640485,0.0
31.43,750.022688,742.231278,23479,0.0,0.0,55309.588398671265,0.0
31.44,744.223619,742.530129,23479,0.0,0.0,55331.85817669391,0.0
31.45,744.223619,742.784153,23479,0.0,0.0,55350.78753644987,0.0
31.46,744.223619,743.000073,23479,0.0,0.0,55366.87746243524,0.0
31.470000000000002,744.223619,743.183605,23479,0.0,0.0,55380.55389952279,0.0
31.48,744.223619,743.339607,23479,0.0,0.0,55392.17885614362,0.0
31.490000000000002,739.991452,742.837384,23479,0.0,0.0,55354.75420396621,0.0
31.5,739.991452,742.410494,23479,0.0,0.0,55322.943216082305,0.0
31.51,747.074907,743.110156,23480,0.0,0.0,55375.08062713627,0.0
31.52,755.762562,745.008017,23480,0.0,0.0,55516.50542808341,0.0
31.53,761.298361,747.451568,23480,0.0,0.0,55698.59395499828,0.0
31.54,736.567856,745.819011,23480,0.0,0.0,55576.93907681708,0.0
31.55,736.567856,744.431338,23480,0.0,0.0,55473.53246389615,0.0
31.560000000000002,736.567856,743.251816,23480,0.0,0.0,55385.63684663926,0.0
31.57,736.567856,742.249222,23480,0.0,0.0,55310.92554961551,0.0
31.580000000000002,736.567856,741.397017,23480,0.0,0.0,55247.42093969352,0.0
31.59,747.594043,742.326571,23481,0.0,0.0,55316.68944219165,0.0
31.6,747.594043,743.116692,23481,0.0,0.0,55375.56767676686,0.0
31.61,752.951749,744.59195,23481,0.0,0.0,55485.5009484847,0.0
31.62,738.272834,743.644083,23481,0.0,0.0,55414.8677979013,0.0
31.63,732.416235,741.959906,23481,0.0,0.0,55289.36630069748,0.0
31.64,743.463233,742.185405,23482,0.0,0.0,55306.170034579336,0.0
31.650000000000002,743.463233,742.377079,23482,0.0,0.0,55320.453197201234,0.0
31.66,743.463233,742.540002,23482,0.0,0.0,55332.59389288164,0.0
31.67,743.463233,742.678487,23482,0.0,0.0,55342.913517743094,0.0
31.68,743.463233,742.796199,23482,0.0,0.0,55351.68518024582,0.0
31.69,750.069942,743.88726,23482,0.0,0.0,55432.988860940124,0.0
31.7,744.134895,743.924406,23482,0.0,0.0,55435.756906469265,0.0
31.71,726.509755,741.312208,23482,0.0,0.0,55241.10114285723,0.0
31.720000000000002,726.509755,739.09184,23482,0.0,0.0,55075.64376614239,0.0
31.73,735.327517,738.527192,23482,0.0,0.0,55033.567327981116,0.0
31.740000000000002,750.225284,740.281906,23483,0.0,0.0,55164.32510116321,0.0
31.75,750.225284,741.773412,23483,0.0,0.0,55275.469141301815,0.0
31.76,750.225284,743.041193,23483,0.0,0.0,55369.94164248581,0.0
31.77,750.225284,744.118807,23483,0.0,0.0,55450.24327966989,0.0
31.78,750.225284,745.034778,23483,0.0,0.0,55518.49960421018,0.0
31.79,733.77008,743.345074,23483,0.0,0.0,55392.58624603507,0.0
31.8,726.54746,740.825432,23483,0.0,0.0,55204.827570184694,0.0
31.810000000000002,726.54746,738.683736,23483,0.0,0.0,55045.232673356484,0.0
31.82,744.135528,739.501505,23483,0.0,0.0,55106.17118152213,0.0
31.830000000000002,744.135528,740.196608,23484,0.0,0.0,55157.96886502621,0.0
31.84,743.831913,740.741904,23484,0.0,0.0,55198.603230903,0.0
31.85,743.831913,741.205405,23484,0.0,0.0,55233.14239718747,0.0
31.86,743.831913,741.599382,23484,0.0,0.0,55262.50077422495,0.0
31.87,743.831913,741.934261,23484,0.0,0.0,55287.45528665573,0.0
31.88,743.831913,742.218909,23484,0.0,0.0,55308.66668556219,0.0
31.89,737.458017,741.504775,23484,0.0,0.0,55255.45085005074,0.0
31.900000000000002,744.137648,741.899706,23484,0.0,0.0,55284.880317257695,0.0
31.91,749.990025,743.113254,23485,0.0,0.0,55375.31148389202,0.0
31.92,749.990025,744.14477,23485,0.0,0.0,55452.1779904348,0.0
31.93,752.892495,745.456929,23485,0.0,0.0,55549.9574513047,0.0
31.94,738.11207,744.3552,23485,0.0,0.0,55467.85881261477,0.0
31.95,738.11207,743.41873,23485,0.0,0.0,55398.07494364704,0.0
31.96,738.11207,742.622731,23485,0.0,0.0,55338.758692283474,0.0
31.970000000000002,738.11207,741.946132,23485,0.0,0.0,55288.33988980213,0.0
31.98,738.11207,741.371023,23485,0.0,0.0,55245.4839188707,0.0
31.990000000000002,742.733278,741.575361,23486,0.0,0.0,55260.71077741089,0.0
32.0,755.728936,743.698397,23486,0.0,0.0,55418.915168408756,0.0
32.01,755.728936,745.502978,23486,0.0,0.0,55553.38893056414,0.0
32.02,750.054641,746.185728,23486,0.0,0.0,55604.26609324712,0.0
32.03,750.054641,746.766065,23486,0.0,0.0,55647.51164426864,0.0
32.04,740.71761,745.858797,23487,0.0,0.0,55579.90384985918,0.0
32.05,740.71761,745.087619,23487,0.0,0.0,55522.437209707554,0.0
32.06,740.71761,744.432117,23487,0.0,0.0,55473.59051341607,0.0
32.07,740.71761,743.874941,23487,0.0,0.0,55432.07087373091,0.0
32.08,740.71761,743.401342,23487,0.0,0.0,55396.779224709324,0.0
32.09,740.71761,742.998782,23487,0.0,0.0,55366.78125970068,0.0
32.1,740.71761,742.656606,23487,0.0,0.0,55341.282989443316,0.0
32.11,740.71761,742.365757,23487,0.0,0.0,55319.60950443537,0.0
32.12,746.843455,743.037412,23487,0.0,0.0,55369.65988993786,0.0
32.13,738.178422,742.308563,23487,0.0,0.0,55315.34752209558,0.0
32.14,750.356698,743.515783,23488,0.0,0.0,55405.30713884276,0.0
32.15,750.356698,744.541921,23488,0.0,0.0,55481.77288759584,0.0
32.160000000000004,750.356698,745.414137,23488,0.0,0.0,55546.76867716258,0.0
32.17,750.356698,746.155521,23488,0.0,0.0,55602.015128101506,0.0
32.18,750.356698,746.785698,23488,0.0,0.0,55648.97465611038,0.0
32.19,692.225315,738.60164,23488,0.0,0.0,55039.11504384697,0.0
32.2,692.225315,731.645192,23488,0.0,0.0,54520.73447029647,0.0
32.21,762.905258,736.334202,23488,0.0,0.0,54870.15010499742,0.0
32.22,762.905258,740.31986,23488,0.0,0.0,55167.153357234194,0.0
32.230000000000004,747.163446,741.346398,23488,0.0,0.0,55243.64891318624,0.0
32.24,732.608889,740.035772,23489,0.0,0.0,55145.98368840625,0.0
32.25,732.608889,738.921739,23489,0.0,0.0,55062.96818027709,0.0
32.26,732.608889,737.974812,23489,0.0,0.0,54992.40507661119,0.0
32.27,732.608889,737.169923,23489,0.0,0.0,54932.42636025127,0.0
32.28,732.608889,736.485768,23489,0.0,0.0,54881.44449978204,0.0
32.29,727.993717,735.211961,23489,0.0,0.0,54786.52295314608,0.0
32.3,744.064656,736.539865,23489,0.0,0.0,54885.47569988407,0.0
32.31,744.064656,737.668584,23489,0.0,0.0,54969.58557932216,0.0
32.32,749.983763,739.51586,23490,0.0,0.0,55107.24088737392,0.0
32.33,755.832543,741.963363,23490,0.0,0.0,55289.62390941427,0.0
32.34,738.598126,741.458577,23490,0.0,0.0,55252.00826760969,0.0
32.35,738.598126,741.029509,23490,0.0,0.0,55220.03497952758,0.0
32.36,738.598126,740.664802,23490,0.0,0.0,55192.857744272194,0.0
32.37,738.598126,740.3548,23490,0.0,0.0,55169.757016061216,0.0
32.38,738.598126,740.091299,23490,0.0,0.0,55150.121449244485,0.0
32.39,749.184135,741.455224,23490,0.0,0.0,55251.75840876461,0.0
32.4,755.745786,743.598809,23491,0.0,0.0,55411.49407008979,0.0
32.410000000000004,755.745786,745.420855,23491,0.0,0.0,55547.269289068696,0.0
32.42,752.937104,746.548293,23491,0.0,0.0,55631.2837109522,0.0
32.43,752.937104,747.506614,23491,0.0,0.0,55702.69587267978,0.0
32.44,740.319371,746.428528,23492,0.0,0.0,55622.35906300094,0.0
32.45,740.319371,745.512154,23492,0.0,0.0,55554.07270770772,0.0
32.46,740.319371,744.733237,23492,0.0,0.0,55496.02937277469,0.0
32.47,740.319371,744.071157,23492,0.0,0.0,55446.692497096716,0.0
32.480000000000004,740.319371,743.508389,23492,0.0,0.0,55404.75615277043,0.0
32.49,753.90356,745.067665,23492,0.0,0.0,55520.950277588665,0.0
32.5,753.90356,746.393049,23492,0.0,0.0,55619.71523897337,0.0
32.51,744.392639,746.092987,23492,0.0,0.0,55597.35521965593,0.0
32.52,726.551456,743.161758,23492,0.0,0.0,55378.92590483493,0.0
32.53,743.745101,743.249259,23492,0.0,0.0,55385.446304120065,0.0
32.54,747.281034,743.854026,23493,0.0,0.0,55430.51232981658,0.0
32.55,747.281034,744.368077,23493,0.0,0.0,55468.8183808665,0.0
32.56,747.281034,744.805021,23493,0.0,0.0,55501.37857269565,0.0
32.57,747.281034,745.176423,23493,0.0,0.0,55529.05470594322,0.0
32.58,747.281034,745.492114,23493,0.0,0.0,55552.57936704106,0.0
32.59,750.618309,746.261044,23493,0.0,0.0,55609.87849073466,0.0
32.6,732.333482,744.171909,23493,0.0,0.0,55454.20033436458,0.0
32.61,732.333482,742.396145,23493,0.0,0.0,55321.873957338496,0.0
32.62,735.354725,741.339932,23493,0.0,0.0,55243.16707981544,0.0
32.63,735.354725,740.442151,23493,0.0,0.0,55176.26623764674,0.0
32.64,747.642642,741.522225,23494,0.0,0.0,55256.751189104296,0.0
32.65,747.642642,742.440287,23494,0.0,0.0,55325.163330777024,0.0
32.660000000000004,747.642642,743.220641,23494,0.0,0.0,55383.31374807222,0.0
32.67,747.642642,743.883941,23494,0.0,0.0,55432.741535706955,0.0
32.68,747.642642,744.447746,23494,0.0,0.0,55474.755155196486,0.0
32.69,727.541656,741.911832,23494,0.0,0.0,55285.78392249342,0.0
32.7,744.06049,742.234131,23494,0.0,0.0,55309.80099851767,0.0
32.71,744.06049,742.508085,23494,0.0,0.0,55330.21550196059,0.0
32.72,749.979601,743.628812,23495,0.0,0.0,55413.72983356395,0.0
32.730000000000004,755.727576,745.443627,23495,0.0,0.0,55548.9662129041,0.0
32.74,740.140367,744.648138,23495,0.0,0.0,55489.68796571916,0.0
32.75,740.140367,743.971972,23495,0.0,0.0,55439.30142953068,0.0
32.76,740.140367,743.397232,23495,0.0,0.0,55396.47295574026,0.0
32.77,740.140367,742.908702,23495,0.0,0.0,55360.0686785004,0.0
32.78,740.140367,742.493452,23495,0.0,0.0,55329.12508010554,0.0
32.79,740.687766,742.222599,23495,0.0,0.0,55308.94165697236,0.0
32.8,749.9817,743.386464,23496,0.0,0.0,55395.67054594492,0.0
32.81,749.9817,744.37575,23496,0.0,0.0,55469.39015746008,0.0
32.82,752.930139,745.658908,23496,0.0,0.0,55565.00852188916,0.0
32.83,752.930139,746.749593,23496,0.0,0.0,55646.284183816475,0.0
32.84,737.216495,745.319628,23496,0.0,0.0,55539.7260557521,0.0
32.85,737.216495,744.104158,23496,0.0,0.0,55449.151665526886,0.0
32.86,737.216495,743.071009,23496,0.0,0.0,55372.16347109445,0.0
32.87,737.216495,742.192832,23496,0.0,0.0,55306.72347974558,0.0
32.88,737.216495,741.446381,23497,0.0,0.0,55251.099446114145,0.0
32.89,757.93386,743.919503,23497,0.0,0.0,55435.391544728314,0.0
32.9,749.974801,744.827798,23497,0.0,0.0,55503.075869121036,0.0
32.910000000000004,744.136235,744.724063,23497,0.0,0.0,55495.34574466711,0.0
32.92,731.888913,742.798791,23497,0.0,0.0,55351.87833089492,0.0
32.93,731.888913,741.162309,23497,0.0,0.0,55229.93096957416,0.0
32.94,747.381635,742.095208,23498,0.0,0.0,55299.44873477339,0.0
32.95,747.381635,742.888172,23498,0.0,0.0,55358.53882401504,0.0
32.96,747.381635,743.562192,23498,0.0,0.0,55408.76544458124,0.0
32.97,747.381635,744.135108,23498,0.0,0.0,55451.45799754451,0.0
32.980000000000004,747.381635,744.622087,23498,0.0,0.0,55487.746697370494,0.0
32.99,740.459958,743.997768,23498,0.0,0.0,55441.22369579002,0.0
33.0,732.324037,742.246708,23498,0.0,0.0,55310.738211370204,0.0
33.01,726.555525,739.893031,23498,0.0,0.0,55135.34691494813,0.0
33.02,726.555525,737.892405,23498,0.0,0.0,54986.2642720045,0.0
33.03,741.264902,738.398279,23498,0.0,0.0,55023.960989390194,0.0
33.04,739.010781,738.490155,23499,0.0,0.0,55030.80740491367,0.0
33.05,739.010781,738.568249,23499,0.0,0.0,55036.62681339785,0.0
33.06,739.010781,738.634629,23499,0.0,0.0,55041.573318061186,0.0
33.07,739.010781,738.691052,23499,0.0,0.0,55045.77784702502,0.0
33.08,739.010781,738.739011,23499,0.0,0.0,55049.35165565939,0.0
33.09,739.010781,738.779777,23499,0.0,0.0,55052.38945633888,0.0
33.1,739.010781,738.814427,23499,0.0,0.0,55054.97150494668,0.0
33.11,739.010781,738.84388,23499,0.0,0.0,55057.166283522296,0.0
33.12,732.159505,737.841224,23500,0.0,0.0,54982.4503663827,0.0
33.13,755.859148,740.543913,23500,0.0,0.0,55183.84933809193,0.0
33.14,740.975922,740.608714,23500,0.0,0.0,55188.678178837465,0.0
33.15,740.975922,740.663795,23500,0.0,0.0,55192.782704648875,0.0
33.160000000000004,740.975922,740.710614,23500,0.0,0.0,55196.27156276628,0.0
33.17,740.975922,740.75041,23500,0.0,0.0,55199.237080988365,0.0
33.18,740.975922,740.784237,23500,0.0,0.0,55201.75780128434,0.0
33.19,741.82942,740.941015,23500,0.0,0.0,55213.440583871095,0.0
33.2,741.82942,741.074275,23501,0.0,0.0,55223.370852196436,0.0
33.21,776.410783,746.374752,23501,0.0,0.0,55618.351783176055,0.0
33.22,697.22665,739.002536,23501,0.0,0.0,55068.98901090805,0.0
33.230000000000004,697.22665,732.736153,23501,0.0,0.0,54602.030699191055,0.0
33.24,743.404129,734.33635,23501,0.0,0.0,54721.27417497838,0.0
33.25,743.404129,735.696517,23501,0.0,0.0,54822.63109586451,0.0
33.26,743.404129,736.852658,23501,0.0,0.0,54908.784407825624,0.0
33.27,743.404129,737.835379,23501,0.0,0.0,54982.01480868827,0.0
33.28,743.404129,738.670691,23501,0.0,0.0,55044.26058608122,0.0
33.29,754.878072,741.101799,23502,0.0,0.0,55225.4218855552,0.0
33.3,754.878072,743.16824,23502,0.0,0.0,55379.40893049368,0.0
33.31,755.861227,745.072188,23502,0.0,0.0,55521.28732249062,0.0
33.32,726.556833,742.294885,23502,0.0,0.0,55314.32826492798,0.0
33.33,732.307708,740.796808,23502,0.0,0.0,55202.694567028884,0.0
33.34,746.255505,741.615613,23503,0.0,0.0,55263.71027583977,0.0
33.35,746.255505,742.311596,23503,0.0,0.0,55315.57353518151,0.0
33.36,746.255505,742.903183,23503,0.0,0.0,55359.6574136731,0.0
33.37,746.255505,743.406031,23503,0.0,0.0,55397.12863959884,0.0
33.38,746.255505,743.833452,23503,0.0,0.0,55428.97919653933,0.0
33.39,745.687947,744.111626,23503,0.0,0.0,55449.708165931006,0.0
33.4,732.412134,742.356702,23503,0.0,0.0,55318.93474396947,0.0
33.410000000000004,732.412134,740.865017,23503,0.0,0.0,55207.77736510935,0.0
33.42,732.42301,739.598716,23503,0.0,0.0,55113.41515056142,0.0
33.43,732.42301,738.52236,23503,0.0,0.0,55033.20725701797,0.0
33.44,747.909101,739.930371,23504,0.0,0.0,55138.129416968775,0.0
33.45,747.909101,741.127181,23504,0.0,0.0,55227.313301363654,0.0
33.46,747.909101,742.144469,23504,0.0,0.0,55303.119565840294,0.0
33.47,747.909101,743.009164,23504,0.0,0.0,55367.55490554905,0.0
33.480000000000004,747.909101,743.744154,23504,0.0,0.0,55422.32488841298,0.0
33.49,726.529555,741.161965,23504,0.0,0.0,55229.90533538307,0.0
33.5,726.529555,738.967103,23504,0.0,0.0,55066.34861470835,0.0
33.51,741.172915,739.297975,23504,0.0,0.0,55091.00453352378,0.0
33.52,741.172915,739.579216,23504,0.0,0.0,55111.962049613314,0.0
33.53,749.760939,741.106474,23505,0.0,0.0,55225.770257192766,0.0
33.54,741.531014,741.170155,23505,0.0,0.0,55230.515637781275,0.0
33.55,741.531014,741.224284,23505,0.0,0.0,55234.54922245922,0.0
33.56,741.531014,741.270294,23505,0.0,0.0,55237.977795516774,0.0
33.57,741.531014,741.309402,23505,0.0,0.0,55240.8920453567,0.0
33.58,741.531014,741.342644,23505,0.0,0.0,55243.36917262422,0.0
33.59,744.505792,741.817116,23505,0.0,0.0,55278.7258758575,0.0
33.6,744.505792,742.220417,23505,0.0,0.0,55308.77905870217,0.0
33.61,750.017813,743.390027,23506,0.0,0.0,55395.936053569436,0.0
33.62,750.017813,744.384195,23506,0.0,0.0,55470.01946194762,0.0
33.63,752.944784,745.668283,23506,0.0,0.0,55565.707128114205,0.0
33.64,721.868297,742.098285,23506,0.0,0.0,55299.6780266512,0.0
33.65,721.868297,739.063787,23506,0.0,0.0,55073.55331276305,0.0
33.660000000000004,721.868297,736.484464,23506,0.0,0.0,54881.34732831351,0.0
33.67,721.868297,734.292039,23506,0.0,0.0,54717.97220799832,0.0
33.68,721.868297,732.428477,23506,0.0,0.0,54579.10329984189,0.0
33.69,743.806495,734.13518,23507,0.0,0.0,54706.28338945377,0.0
33.7,743.806495,735.585877,23507,0.0,0.0,54814.386424638964,0.0
33.71,753.414284,738.260138,23507,0.0,0.0,55013.66699871983,0.0
33.72,744.114135,739.138238,23507,0.0,0.0,55079.1012521829,0.0
33.730000000000004,726.5354,737.247812,23507,0.0,0.0,54938.23049254598,0.0
33.74,745.599764,738.500605,23508,0.0,0.0,55031.58611798587,0.0
33.75,745.599764,739.565479,23508,0.0,0.0,55110.938395883866,0.0
33.76,745.599764,740.470622,23508,0.0,0.0,55178.387839548974,0.0
33.77,745.599764,741.239993,23508,0.0,0.0,55235.71982567941,0.0
33.78,745.599764,741.893959,23508,0.0,0.0,55284.452062326985,0.0
33.79,751.546045,743.341772,23508,0.0,0.0,55392.34018760786,0.0
33.8,738.235848,742.575883,23508,0.0,0.0,55335.267673144146,0.0
33.81,738.235848,741.924878,23508,0.0,0.0,55286.756084286695,0.0
33.82,732.401954,740.496439,23508,0.0,0.0,55180.311670686264,0.0
33.83,732.401954,739.282266,23508,0.0,0.0,55089.8339303036,0.0
33.84,750.382256,740.947265,23509,0.0,0.0,55213.906321354465,0.0
33.85,750.382256,742.362513,23509,0.0,0.0,55319.367768052005,0.0
33.86,750.382256,743.565475,23509,0.0,0.0,55409.010087166505,0.0
33.87,750.382256,744.587992,23509,0.0,0.0,55485.20600625124,0.0
33.88,750.382256,745.457131,23509,0.0,0.0,55549.97250394015,0.0
33.89,729.267599,743.028702,23509,0.0,0.0,55369.01083818104,0.0
33.9,726.488253,740.547634,23509,0.0,0.0,55184.12661956002,0.0
33.910000000000004,726.488253,738.438727,23509,0.0,0.0,55026.97509334655,0.0
33.92,741.188739,738.851229,23509,0.0,0.0,55057.713916284745,0.0
33.93,749.9817,740.5208,23510,0.0,0.0,55182.12700361944,0.0
33.94,746.265938,741.38257,23510,0.0,0.0,55246.344378185975,0.0
33.95,746.265938,742.115076,23510,0.0,0.0,55300.92925834452,0.0
33.96,746.265938,742.737705,23510,0.0,0.0,55347.326324509486,0.0
33.97,746.265938,743.26694,23510,0.0,0.0,55386.76385683101,0.0
33.980000000000004,746.265938,743.71679,23510,0.0,0.0,55420.285777933794,0.0
33.99,730.053447,741.667288,23510,0.0,0.0,55267.560993352236,0.0
34.0,743.899304,742.002091,23510,0.0,0.0,55292.50984241521,0.0
34.01,743.899304,742.286673,23511,0.0,0.0,55313.716323133835,0.0
34.02,753.016586,743.89616,23511,0.0,0.0,55433.652071116434,0.0
34.03,753.016586,745.264224,23511,0.0,0.0,55535.59746062755,0.0
34.04,746.922429,745.512954,23512,0.0,0.0,55554.1323221056,0.0
34.05,746.922429,745.724375,23512,0.0,0.0,55569.88699162094,0.0
34.06,746.922429,745.904083,23512,0.0,0.0,55583.27847188667,0.0
34.07,746.922429,746.056835,23512,0.0,0.0,55594.66124501615,0.0
34.08,746.922429,746.186674,23512,0.0,0.0,55604.33658727259,0.0
34.09,746.922429,746.297037,23512,0.0,0.0,55612.56061701288,0.0
34.1,746.922429,746.390846,23512,0.0,0.0,55619.55107582523,0.0
34.11,746.922429,746.470583,23512,0.0,0.0,55625.492917379015,0.0
34.12,738.089573,745.213432,23512,0.0,0.0,55531.81254250673,0.0
34.13,732.361968,743.285712,23512,0.0,0.0,55388.16270867705,0.0
34.14,741.083253,742.955343,23513,0.0,0.0,55363.54427241428,0.0
34.15,741.083253,742.67453,23513,0.0,0.0,55342.618650027616,0.0
34.160000000000004,741.083253,742.435838,23513,0.0,0.0,55324.83180020687,0.0
34.17,741.083253,742.23295,23513,0.0,0.0,55309.71299276281,0.0
34.18,741.083253,742.060496,23513,0.0,0.0,55296.86206604977,0.0
34.19,757.269538,744.341852,23513,0.0,0.0,55466.864146386295,0.0
34.2,738.259102,743.42944,23513,0.0,0.0,55398.87303139854,0.0
34.21,732.418872,741.777855,23513,0.0,0.0,55275.80022476398,0.0
34.22,732.418872,740.374007,23513,0.0,0.0,55171.18828323611,0.0
34.230000000000004,729.509513,738.744333,23513,0.0,0.0,55049.748240441215,0.0
34.24,750.91306,740.569642,23514,0.0,0.0,55185.76661164545,0.0
34.25,750.91306,742.121155,23514,0.0,0.0,55301.38225325034,0.0
34.26,750.91306,743.439941,23514,0.0,0.0,55399.65554488859,0.0
34.27,750.91306,744.560909,23514,0.0,0.0,55483.18783532932,0.0
34.28,750.91306,745.513731,23514,0.0,0.0,55554.190222589525,0.0
34.29,731.710306,743.443218,23514,0.0,0.0,55399.89974036587,0.0
34.300000000000004,726.556906,740.910271,23514,0.0,0.0,55211.149602560916,0.0
34.31,726.556906,738.757266,23514,0.0,0.0,55050.7119817008,0.0
34.32,738.279626,738.68562,23514,0.0,0.0,55045.373065263484,0.0
34.33,749.919234,740.370662,23514,0.0,0.0,55170.939020535014,0.0
34.34,745.717118,741.17263,23515,0.0,0.0,55230.70006982469,0.0
34.35,745.717118,741.854304,23515,0.0,0.0,55281.49705114251,0.0
34.36,745.717118,742.433726,23515,0.0,0.0,55324.67441819648,0.0
34.37,745.717118,742.926235,23515,0.0,0.0,55361.375202547744,0.0
34.38,745.717118,743.344867,23515,0.0,0.0,55392.57082080962,0.0
34.39,731.705835,741.599012,23515,0.0,0.0,55262.47320256593,0.0
34.4,738.2577,741.097815,23515,0.0,0.0,55225.1250058538,0.0
34.410000000000004,749.98725,742.431231,23515,0.0,0.0,55324.48849579311,0.0
34.42,749.98725,743.564634,23516,0.0,0.0,55408.94741753074,0.0
34.43,752.949678,744.97239,23516,0.0,0.0,55513.85057539222,0.0
34.44,736.498656,743.70133,23516,0.0,0.0,55419.13372969495,0.0
34.45,736.498656,742.620929,23516,0.0,0.0,55338.624410852266,0.0
34.46,736.498656,741.702588,23516,0.0,0.0,55270.191478658286,0.0
34.47,736.498656,740.921998,23516,0.0,0.0,55212.023475115704,0.0
34.480000000000004,736.498656,740.258497,23516,0.0,0.0,55162.580709363516,0.0
34.49,743.593244,740.758709,23516,0.0,0.0,55199.855505848274,0.0
34.5,755.859148,743.023775,23517,0.0,0.0,55368.64368800815,0.0
34.51,755.859148,744.949081,23517,0.0,0.0,55512.11363539225,0.0
34.52,750.004613,745.707411,23517,0.0,0.0,55568.62286831408,0.0
34.53,749.479262,746.273188,23517,0.0,0.0,55610.78343729435,0.0
34.54,739.406451,745.243178,23518,0.0,0.0,55534.029154855554,0.0
34.550000000000004,739.406451,744.367669,23518,0.0,0.0,55468.787977523585,0.0
34.56,739.406451,743.623486,23518,0.0,0.0,55413.332950710115,0.0
34.57,739.406451,742.990931,23518,0.0,0.0,55366.19621890357,0.0
34.58,739.406451,742.453259,23518,0.0,0.0,55326.129978238496,0.0
34.59,754.793585,744.304308,23518,0.0,0.0,55464.06644269422,0.0
34.6,749.996925,745.1582,23518,0.0,0.0,55527.696764477725,0.0
34.61,738.281029,744.126625,23518,0.0,0.0,55450.82586137309,0.0
34.62,732.418945,742.370473,23518,0.0,0.0,55319.960931310816,0.0
34.63,732.418945,740.877744,23518,0.0,0.0,55208.72575566148,0.0
34.64,731.555539,739.479413,23519,0.0,0.0,55104.524929924926,0.0
34.65,731.555539,738.290832,23519,0.0,0.0,55015.954254130156,0.0
34.660000000000004,731.555539,737.280538,23519,0.0,0.0,54940.66916852688,0.0
34.67,731.555539,736.421788,23519,0.0,0.0,54876.67683831231,0.0
34.68,731.555539,735.691851,23519,0.0,0.0,54822.28339488894,0.0
34.69,747.272207,737.428904,23519,0.0,0.0,54951.725105720034,0.0
34.7,726.450554,735.782152,23519,0.0,0.0,54829.0124445666,0.0
34.71,726.450554,734.382412,23519,0.0,0.0,54724.7066229718,0.0
34.72,735.348584,734.527338,23519,0.0,0.0,54735.5062182541,0.0
34.730000000000004,744.121129,735.966407,23519,0.0,0.0,54842.74275816624,0.0
34.74,749.115319,737.938743,23520,0.0,0.0,54989.71728696518,0.0
34.75,749.115319,739.61523,23520,0.0,0.0,55114.64574076947,0.0
34.76,749.115319,741.040243,23520,0.0,0.0,55220.83485571102,0.0
34.77,749.115319,742.251505,23520,0.0,0.0,55311.095674203425,0.0
34.78,749.115319,743.281077,23520,0.0,0.0,55387.81731775939,0.0
34.79,729.435699,741.20427,23520,0.0,0.0,55233.05781926048,0.0
34.800000000000004,738.220864,740.756759,23520,0.0,0.0,55199.71019575347,0.0
34.81,738.220864,740.376375,23520,0.0,0.0,55171.36474185381,0.0
34.82,747.042373,741.376275,23521,0.0,0.0,55245.875287392715,0.0
34.83,747.042373,742.226189,23521,0.0,0.0,55309.2091765828,0.0
34.84,747.486646,743.015258,23521,0.0,0.0,55368.00901822482,0.0
34.85,747.486646,743.685966,23521,0.0,0.0,55417.98883518384,0.0
34.86,747.486646,744.256068,23521,0.0,0.0,55460.4716945026,0.0
34.87,747.486646,744.740655,23521,0.0,0.0,55496.58214727895,0.0
34.88,747.486646,745.152553,23521,0.0,0.0,55527.27596134676,0.0
34.89,743.639183,744.925548,23521,0.0,0.0,55510.36000336089,0.0
34.9,743.639183,744.732593,23522,0.0,0.0,55495.98138318441,0.0
34.910000000000004,752.932925,745.962643,23522,0.0,0.0,55587.642245810806,0.0
34.92,749.970526,746.563825,23522,0.0,0.0,55632.44112448687,0.0
34.93,744.086679,746.192253,23522,0.0,0.0,55604.75232317975,0.0
34.94,737.85812,744.942133,23522,0.0,0.0,55511.59588434675,0.0
34.95,737.85812,743.879531,23522,0.0,0.0,55432.41291133871,0.0
34.96,737.85812,742.97632,23522,0.0,0.0,55365.10743644445,0.0
34.97,737.85812,742.20859,23522,0.0,0.0,55307.89773434764,0.0
34.980000000000004,737.85812,741.556019,23523,0.0,0.0,55259.26945030636,0.0
34.99,747.411018,742.434269,23523,0.0,0.0,55324.71488146903,0.0
35.0,755.82831,744.443375,23523,0.0,0.0,55474.42943703011,0.0
35.01,743.772681,744.342771,23523,0.0,0.0,55466.93262842585,0.0
35.02,743.772681,744.257257,23523,0.0,0.0,55460.56029640143,0.0
35.03,726.737862,741.629348,23523,0.0,0.0,55264.733780533206,0.0
35.04,747.13831,742.455692,23524,0.0,0.0,55326.31128052602,0.0
35.050000000000004,747.13831,743.158085,23524,0.0,0.0,55378.65220023071,0.0
35.06,747.13831,743.755119,23524,0.0,0.0,55423.14197825381,0.0
35.07,747.13831,744.262597,23524,0.0,0.0,55460.95822250723,0.0
35.08,747.13831,744.693954,23524,0.0,0.0,55493.10208228524,0.0
35.09,747.13831,745.060608,23524,0.0,0.0,55520.424404081445,0.0
35.1,747.13831,745.372263,23524,0.0,0.0,55543.64831054202,0.0
35.11,747.13831,745.63717,23524,0.0,0.0,55563.388649663015,0.0
35.12,728.972458,743.137463,23524,0.0,0.0,55377.11549008959,0.0
35.13,749.834512,744.142021,23524,0.0,0.0,55451.97314046012,0.0
35.14,733.955392,742.614026,23525,0.0,0.0,55338.11001311663,0.0
35.15,733.955392,741.315231,23525,0.0,0.0,55241.326410763184,0.0
35.160000000000004,733.955392,740.211255,23525,0.0,0.0,55159.06033013324,0.0
35.17,733.955392,739.272876,23525,0.0,0.0,55089.13420630859,0.0
35.18,733.955392,738.475253,23525,0.0,0.0,55029.69693771733,0.0
35.19,770.286157,743.246889,23525,0.0,0.0,55385.26969646638,0.0
35.2,770.286157,747.302779,23525,0.0,0.0,55687.50649669225,0.0
35.21,709.3053,741.603157,23525,0.0,0.0,55262.78207966492,0.0
35.22,744.119641,741.98063,23526,0.0,0.0,55290.91061167433,0.0
35.230000000000004,744.119641,742.301481,23526,0.0,0.0,55314.81978563843,0.0
35.24,744.134507,742.576435,23526,0.0,0.0,55335.308807078676,0.0
35.25,744.134507,742.810146,23526,0.0,0.0,55352.7244827547,0.0
35.26,744.134507,743.0088,23526,0.0,0.0,55367.527780998,0.0
35.27,744.134507,743.177656,23526,0.0,0.0,55380.11059195662,0.0
35.28,744.134507,743.321184,23526,0.0,0.0,55390.806011078654,0.0
35.29,732.597902,741.712691,23526,0.0,0.0,55270.944333985404,0.0
35.300000000000004,732.597902,740.345473,23526,0.0,0.0,55169.06198670004,0.0
35.31,755.863986,742.67325,23527,0.0,0.0,55342.52326699103,0.0
35.32,755.752814,744.635184,23527,0.0,0.0,55488.72265958164,0.0
35.33,755.752814,746.302829,23527,0.0,0.0,55612.99222525346,0.0
35.34,737.643971,745.004,23527,0.0,0.0,55516.2060892881,0.0
35.35,737.643971,743.899996,23527,0.0,0.0,55433.93792215423,0.0
35.36,737.643971,742.961592,23527,0.0,0.0,55364.009935379654,0.0
35.37,737.643971,742.163949,23527,0.0,0.0,55304.57117642845,0.0
35.38,737.643971,741.485952,23527,0.0,0.0,55254.048197786826,0.0
35.39,752.371012,743.118711,23528,0.0,0.0,55375.718128603505,0.0
35.4,761.714256,745.908043,23528,0.0,0.0,55583.57356315613,0.0
35.410000000000004,749.956727,746.515345,23528,0.0,0.0,55628.82849197589,0.0
35.42,738.205805,745.268914,23528,0.0,0.0,55535.94695003506,0.0
35.43,738.205805,744.209448,23528,0.0,0.0,55456.99766546667,0.0
35.44,741.177191,743.754609,23529,0.0,0.0,55423.10397407515,0.0
35.45,741.177191,743.367997,23529,0.0,0.0,55394.29442208806,0.0
35.46,741.177191,743.039376,23529,0.0,0.0,55369.806243284635,0.0
35.47,741.177191,742.760048,23529,0.0,0.0,55348.99128012403,0.0
35.480000000000004,741.177191,742.522619,23529,0.0,0.0,55331.29854653391,0.0
35.49,751.137457,743.814845,23529,0.0,0.0,55427.592640162846,0.0
35.5,744.081099,743.854783,23529,0.0,0.0,55430.56873994055,0.0
35.51,744.081099,743.88873,23529,0.0,0.0,55433.098402396216,0.0
35.52,729.483178,741.727898,23529,0.0,0.0,55272.07752917093,0.0
35.53,737.910671,741.155314,23529,0.0,0.0,55229.409716182774,0.0
35.54,748.086409,742.194978,23530,0.0,0.0,55306.88339536787,0.0
35.550000000000004,748.086409,743.078693,23530,0.0,0.0,55372.736067385995,0.0
35.56,748.086409,743.82985,23530,0.0,0.0,55428.71078271291,0.0
35.57,748.086409,744.468334,23530,0.0,0.0,55476.28933172569,0.0
35.58,748.086409,745.011045,23530,0.0,0.0,55516.73106857935,0.0
35.59,740.31799,744.307087,23530,0.0,0.0,55464.273528208825,0.0
35.6,732.317227,742.508608,23530,0.0,0.0,55330.25447487318,0.0
35.61,732.317227,740.979901,23530,0.0,0.0,55216.33829071562,0.0
35.62,741.234027,741.01802,23530,0.0,0.0,55219.17884225615,0.0
35.63,741.234027,741.050421,23531,0.0,0.0,55221.59329988793,0.0
35.64,742.605923,741.283746,23531,0.0,0.0,55238.98021161697,0.0
35.65,742.605923,741.482073,23531,0.0,0.0,55253.75914247516,0.0
35.660000000000004,742.605923,741.65065,23531,0.0,0.0,55266.32116291252,0.0
35.67,742.605923,741.793941,23531,0.0,0.0,55276.99892126917,0.0
35.68,742.605923,741.915738,23531,0.0,0.0,55286.07498979103,0.0
35.69,745.931229,742.518062,23531,0.0,0.0,55330.95896802002,0.0
35.7,744.129314,742.75975,23531,0.0,0.0,55348.96907376082,0.0
35.71,749.990025,743.844291,23532,0.0,0.0,55429.78689711248,0.0
35.72,755.859148,745.64652,23532,0.0,0.0,55564.085392938134,0.0
35.730000000000004,749.845607,746.276383,23532,0.0,0.0,55611.02152229585,0.0
35.74,734.043933,744.441515,23532,0.0,0.0,55474.29083355505,0.0
35.75,734.043933,742.881878,23532,0.0,0.0,55358.0698077398,0.0
35.76,734.043933,741.556186,23532,0.0,0.0,55259.28189481192,0.0
35.77,734.043933,740.429348,23532,0.0,0.0,55175.31218372681,0.0
35.78,734.043933,739.471536,23532,0.0,0.0,55103.937951659886,0.0
35.79,751.222748,741.234218,23533,0.0,0.0,55235.28948424479,0.0
35.800000000000004,755.846526,743.426064,23533,0.0,0.0,55398.62145863953,0.0
35.81,755.846526,745.289133,23533,0.0,0.0,55537.45362942327,0.0
35.82,747.072815,745.556686,23533,0.0,0.0,55557.391143165216,0.0
35.83,747.072815,745.784105,23533,0.0,0.0,55574.33795160196,0.0
35.84,738.995264,744.765779,23534,0.0,0.0,55498.45433744408,0.0
35.85,738.995264,743.900202,23534,0.0,0.0,55433.95327286168,0.0
35.86,738.995264,743.164461,23534,0.0,0.0,55379.12732698174,0.0
35.87,738.995264,742.539082,23534,0.0,0.0,55332.52533632409,0.0
35.88,738.995264,742.007509,23534,0.0,0.0,55292.91358092479,0.0
35.89,755.307901,744.002568,23534,0.0,0.0,55441.581382177246,0.0
35.9,744.100444,744.017249,23534,0.0,0.0,55442.67538089619,0.0
35.910000000000004,744.100444,744.029728,23534,0.0,0.0,55443.60529098497,0.0
35.92,726.573689,741.411323,23534,0.0,0.0,55248.48699416345,0.0
35.93,738.178422,740.926387,23534,0.0,0.0,55212.35053460603,0.0
35.94,749.006152,742.138352,23535,0.0,0.0,55302.66373925057,0.0
35.95,749.006152,743.168522,23535,0.0,0.0,55379.42994456894,0.0
35.96,749.006152,744.044167,23535,0.0,0.0,55444.68125634855,0.0
35.97,749.006152,744.788464,23535,0.0,0.0,55500.14477821371,0.0
35.980000000000004,749.006152,745.421118,23535,0.0,0.0,55547.288887302,0.0
35.99,733.464414,743.627612,23535,0.0,0.0,55413.64041196714,0.0
36.0,726.542084,741.064783,23535,0.0,0.0,55222.66352736571,0.0
36.01,738.264565,740.64475,23535,0.0,0.0,55191.363509389565,0.0
36.02,738.264565,740.287722,23535,0.0,0.0,55164.75849783573,0.0
36.03,747.082527,741.306943,23536,0.0,0.0,55240.70880560124,0.0
36.04,734.559382,740.294809,23536,0.0,0.0,55165.286606882866,0.0
36.050000000000004,734.559382,739.434495,23536,0.0,0.0,55101.17773052047,0.0
36.06,734.559382,738.703228,23536,0.0,0.0,55046.68517816062,0.0
36.07,734.559382,738.081651,23536,0.0,0.0,55000.36650492885,0.0
36.08,734.559382,737.553311,23536,0.0,0.0,54960.995666214934,0.0
36.09,734.559382,737.104221,23536,0.0,0.0,54927.530378790136,0.0
36.1,734.559382,736.722495,23536,0.0,0.0,54899.08492173803,0.0
36.11,734.559382,736.398028,23537,0.0,0.0,54874.90629069554,0.0
36.12,788.293245,744.182311,23537,0.0,0.0,55454.9754705729,0.0
36.13,749.990025,745.053468,23537,0.0,0.0,55519.89234558045,0.0
36.14,737.546414,743.92741,23537,0.0,0.0,55435.980758533275,0.0
36.15,737.546414,742.97026,23537,0.0,0.0,55364.65585738058,0.0
36.160000000000004,737.546414,742.156683,23537,0.0,0.0,55304.029728659785,0.0
36.17,737.546414,741.465143,23537,0.0,0.0,55252.497552780216,0.0
36.18,737.546414,740.877334,23537,0.0,0.0,55208.69520328257,0.0
36.19,737.546414,740.377696,23537,0.0,0.0,55171.46318012829,0.0
36.2,740.729881,740.430524,23538,0.0,0.0,55175.39981689169,0.0
36.21,740.729881,740.475427,23538,0.0,0.0,55178.745898526184,0.0
36.22,750.138626,741.924907,23538,0.0,0.0,55286.758245308614,0.0
36.230000000000004,750.138626,743.156965,23538,0.0,0.0,55378.56874007369,0.0
36.24,735.051174,741.941096,23539,0.0,0.0,55287.96461716754,0.0
36.25,735.051174,740.907608,23539,0.0,0.0,55210.951161134,0.0
36.26,735.051174,740.029143,23539,0.0,0.0,55145.48970860189,0.0
36.27,735.051174,739.282448,23539,0.0,0.0,55089.847492579116,0.0
36.28,735.051174,738.647757,23539,0.0,0.0,55042.551590330244,0.0
36.29,735.051174,738.108269,23539,0.0,0.0,55002.350024982006,0.0
36.300000000000004,783.27435,744.883181,23539,0.0,0.0,55507.20289936764,0.0
36.31,783.27435,750.641857,23539,0.0,0.0,55936.32790220982,0.0
36.32,733.832017,748.120381,23539,0.0,0.0,55748.43256035233,0.0
36.33,733.832017,745.977126,23539,0.0,0.0,55588.72148996627,0.0
36.34,736.649334,744.577957,23540,0.0,0.0,55484.45821814794,0.0
36.35,736.649334,743.388664,23540,0.0,0.0,55395.83448553905,0.0
36.36,736.649334,742.377764,23540,0.0,0.0,55320.50424202941,0.0
36.37,736.649334,741.5185,23540,0.0,0.0,55256.47360956421,0.0
36.38,736.649334,740.788125,23540,0.0,0.0,55202.04752725799,0.0
36.39,736.649334,740.167306,23540,0.0,0.0,55155.78533866821,0.0
36.4,763.420093,743.655224,23540,0.0,0.0,55415.69800290965,0.0
36.410000000000004,763.420093,746.619954,23540,0.0,0.0,55636.62374515949,0.0
36.42,714.826952,741.851004,23540,0.0,0.0,55281.25114175131,0.0
36.43,714.826952,737.797396,23540,0.0,0.0,54979.18439159535,0.0
36.44,742.536853,738.508315,23541,0.0,0.0,55032.16065174535,0.0
36.45,742.536853,739.112595,23541,0.0,0.0,55077.19038717716,0.0
36.46,742.536853,739.626234,23541,0.0,0.0,55115.46573681218,0.0
36.47,742.536853,740.062827,23541,0.0,0.0,55147.99977282425,0.0
36.480000000000004,742.536853,740.433931,23541,0.0,0.0,55175.65369970862,0.0
36.49,742.536853,740.749369,23541,0.0,0.0,55199.15950775314,0.0
36.5,789.725896,748.095848,23541,0.0,0.0,55746.60441032362,0.0
36.51,789.725896,754.340355,23541,0.0,0.0,56211.93256633085,0.0
36.52,741.191444,752.368019,23542,0.0,0.0,56064.95803753191,0.0
36.53,708.397751,745.772478,23542,0.0,0.0,55573.47153084692,0.0
36.54,738.691272,744.710298,23542,0.0,0.0,55494.32000443373,0.0
36.550000000000004,738.691272,743.807444,23542,0.0,0.0,55427.04113246455,0.0
36.56,738.691272,743.040018,23542,0.0,0.0,55369.85408383893,0.0
36.57,738.691272,742.387706,23542,0.0,0.0,55321.24509995895,0.0
36.58,738.691272,741.833241,23542,0.0,0.0,55279.927478564576,0.0
36.59,738.691272,741.361946,23542,0.0,0.0,55244.80751900885,0.0
36.6,768.213945,745.389746,23543,0.0,0.0,55544.95110868949,0.0
36.61,768.213945,748.813376,23543,0.0,0.0,55800.073159918036,0.0
36.62,738.367159,747.246443,23543,0.0,0.0,55683.30845079418,0.0
36.63,738.367159,745.914551,23543,0.0,0.0,55584.05852628281,0.0
36.64,743.954416,745.62053,23544,0.0,0.0,55562.1486701873,0.0
36.65,743.954416,745.370613,23544,0.0,0.0,55543.52535584642,0.0
36.660000000000004,743.954416,745.158183,23544,0.0,0.0,55527.69549767176,0.0
36.67,743.954416,744.977618,23544,0.0,0.0,55514.24015548231,0.0
36.68,743.954416,744.824138,23544,0.0,0.0,55502.803133250774,0.0
36.69,743.954416,744.69368,23544,0.0,0.0,55493.081664353966,0.0
36.7,730.297167,742.534203,23544,0.0,0.0,55332.16176301509,0.0
36.71,730.297167,740.698647,23544,0.0,0.0,55195.37980589212,0.0
36.72,767.581387,744.731058,23544,0.0,0.0,55495.86699805849,0.0
36.730000000000004,667.917855,733.209078,23544,0.0,0.0,54637.27212308244,0.0
36.74,752.354918,736.080954,23545,0.0,0.0,54851.27857120739,0.0
36.75,752.354918,738.522048,23545,0.0,0.0,55033.1840074028,0.0
36.76,752.354918,740.596979,23545,0.0,0.0,55187.803710138694,0.0
36.77,752.354918,742.36067,23545,0.0,0.0,55319.23043138291,0.0
36.78,752.354918,743.859807,23545,0.0,0.0,55430.943118359195,0.0
36.79,752.354918,745.134074,23545,0.0,0.0,55525.89894327393,0.0
36.800000000000004,704.258693,739.002766,23545,0.0,0.0,55069.00615004744,0.0
36.81,704.258693,733.791155,23545,0.0,0.0,54680.64733541933,0.0
36.82,720.734909,731.832718,23545,0.0,0.0,54534.70853226541,0.0
36.83,773.425744,738.071672,23545,0.0,0.0,54999.62288983341,0.0
36.84,747.02109,739.414085,23546,0.0,0.0,55099.65681819478,0.0
36.85,747.02109,740.555136,23546,0.0,0.0,55184.68565357605,0.0
36.86,747.02109,741.525029,23546,0.0,0.0,55256.960137568836,0.0
36.87,747.02109,742.349438,23546,0.0,0.0,55318.393445236805,0.0
36.88,747.02109,743.050186,23546,0.0,0.0,55370.61178283587,0.0
36.89,747.02109,743.645822,23546,0.0,0.0,55414.997384698676,0.0
36.9,707.096569,738.163434,23546,0.0,0.0,55006.460810305194,0.0
36.910000000000004,707.096569,733.503404,23546,0.0,0.0,54659.20470716714,0.0
36.92,735.365608,733.782734,23547,0.0,0.0,54680.01981936375,0.0
36.93,785.154523,741.488503,23547,0.0,0.0,55254.23829319804,0.0
36.94,741.407149,741.4763,23547,0.0,0.0,55253.32895007652,0.0
36.95,741.407149,741.465927,23547,0.0,0.0,55252.555974890114,0.0
36.96,741.407149,741.45711,23547,0.0,0.0,55251.89894970758,0.0
36.97,741.407149,741.449616,23547,0.0,0.0,55251.34051183553,0.0
36.980000000000004,741.407149,741.443246,23547,0.0,0.0,55250.865832192496,0.0
36.99,741.407149,741.437831,23547,0.0,0.0,55250.462317236896,0.0
37.0,720.996269,738.371597,23548,0.0,0.0,55021.9727001852,0.0
37.01,790.97576,746.262221,23548,0.0,0.0,55609.96619841753,0.0
37.02,790.97576,752.969252,23548,0.0,0.0,56109.76071662582,0.0
37.03,741.242255,751.210203,23548,0.0,0.0,55978.679907925245,0.0
37.04,738.631981,749.323469,23549,0.0,0.0,55838.08426873451,0.0
37.050000000000004,738.631981,747.719746,23549,0.0,0.0,55718.57804248856,0.0
37.06,738.631981,746.356581,23549,0.0,0.0,55616.997716646416,0.0
37.07,738.631981,745.197891,23549,0.0,0.0,55530.65445831009,0.0
37.08,738.631981,744.213005,23549,0.0,0.0,55457.26272598319,0.0
37.09,738.631981,743.375851,23549,0.0,0.0,55394.879686439155,0.0
37.1,738.631981,742.664271,23549,0.0,0.0,55341.85416989292,0.0
37.11,738.631981,742.059427,23549,0.0,0.0,55296.782406310616,0.0
37.12,738.631981,741.54531,23549,0.0,0.0,55258.47143707286,0.0
37.13,738.631981,741.108311,23549,0.0,0.0,55225.90714675387,0.0
37.14,743.188388,741.420322,23550,0.0,0.0,55249.1575816215,0.0
37.15,743.188388,741.685532,23550,0.0,0.0,55268.920499695676,0.0
37.160000000000004,743.188388,741.910961,23550,0.0,0.0,55285.71901731774,0.0
37.17,743.188388,742.102575,23550,0.0,0.0,55299.99770885979,0.0
37.18,743.188388,742.265447,23550,0.0,0.0,55312.13460412232,0.0
37.19,743.188388,742.403888,23550,0.0,0.0,55322.450950191895,0.0
37.2,749.584309,743.480951,23550,0.0,0.0,55402.71152795946,0.0
37.21,726.543392,740.940317,23550,0.0,0.0,55213.38857030896,0.0
37.22,726.543392,738.780779,23550,0.0,0.0,55052.464123372236,0.0
37.230000000000004,738.266632,738.703657,23550,0.0,0.0,55046.71714638148,0.0
37.24,747.453608,740.016149,23551,0.0,0.0,55144.52142174448,0.0
37.25,747.453608,741.131768,23551,0.0,0.0,55227.65511541744,0.0
37.26,747.453608,742.080044,23551,0.0,0.0,55298.31874386175,0.0
37.27,747.453608,742.886079,23551,0.0,0.0,55358.382857846605,0.0
37.28,747.453608,743.571208,23551,0.0,0.0,55409.43729884525,0.0
37.29,734.110527,742.152106,23551,0.0,0.0,55303.68865978597,0.0
37.300000000000004,732.421582,740.692527,23551,0.0,0.0,55194.92375574841,0.0
37.31,744.136235,741.209083,23551,0.0,0.0,55233.41647438168,0.0
37.32,744.136235,741.648156,23551,0.0,0.0,55266.135315027146,0.0
37.33,747.074235,742.462068,23552,0.0,0.0,55326.78640727705,0.0
37.34,739.498699,742.017563,23552,0.0,0.0,55293.66278487002,0.0
37.35,739.498699,741.639733,23552,0.0,0.0,55265.507649935564,0.0
37.36,739.498699,741.318578,23552,0.0,0.0,55241.575822500265,0.0
37.37,739.498699,741.045596,23552,0.0,0.0,55221.233750550775,0.0
37.38,739.498699,740.813562,23552,0.0,0.0,55203.943041556304,0.0
37.39,746.414682,741.65373,23552,0.0,0.0,55266.55067834432,0.0
37.4,746.414682,742.367873,23552,0.0,0.0,55319.76718451774,0.0
37.410000000000004,750.002513,743.513069,23553,0.0,0.0,55405.10489699798,0.0
37.42,755.773746,745.35217,23553,0.0,0.0,55542.151020421494,0.0
37.43,755.773746,746.915406,23553,0.0,0.0,55658.64023650918,0.0
37.44,736.807488,745.399219,23553,0.0,0.0,55545.65701767828,0.0
37.45,736.807488,744.110459,23553,0.0,0.0,55449.62120342811,0.0
37.46,736.807488,743.015013,23553,0.0,0.0,55367.99076131547,0.0
37.47,736.807488,742.083884,23553,0.0,0.0,55298.60489297153,0.0
37.480000000000004,736.807488,741.292425,23553,0.0,0.0,55239.62695331588,0.0
37.49,755.612336,743.440412,23554,0.0,0.0,55399.690642865346,0.0
37.5,755.853479,745.302372,23554,0.0,0.0,55538.44017319002,0.0
37.51,749.997,746.006566,23554,0.0,0.0,55590.91529980793,0.0
37.52,738.27276,744.846495,23554,0.0,0.0,55504.469132117265,0.0
37.53,737.77956,743.786455,23554,0.0,0.0,55425.47707421841,0.0
37.54,736.272629,742.659381,23555,0.0,0.0,55341.48977688593,0.0
37.550000000000004,736.272629,741.701368,23555,0.0,0.0,55270.10056670154,0.0
37.56,736.272629,740.887057,23555,0.0,0.0,55209.4197417707,0.0
37.57,736.272629,740.194893,23555,0.0,0.0,55157.84106666079,0.0
37.58,736.272629,739.606554,23555,0.0,0.0,55113.99922262455,0.0
37.59,780.847003,745.792621,23555,0.0,0.0,55574.972546867306,0.0
37.6,780.847003,751.050778,23555,0.0,0.0,55966.79987619954,0.0
37.61,732.222967,748.226607,23555,0.0,0.0,55756.348309137626,0.0
37.62,725.790767,744.861231,23555,0.0,0.0,55505.56722932605,0.0
37.63,725.790767,742.000661,23555,0.0,0.0,55292.40328167901,0.0
37.64,735.266364,740.990516,23556,0.0,0.0,55217.12929925736,0.0
37.65,735.266364,740.131893,23556,0.0,0.0,55153.14643282846,0.0
37.660000000000004,735.266364,739.402064,23556,0.0,0.0,55098.76103734878,0.0
37.67,735.266364,738.781709,23556,0.0,0.0,55052.53342510976,0.0
37.68,735.266364,738.254407,23556,0.0,0.0,55013.23993607709,0.0
37.69,734.533413,737.696258,23556,0.0,0.0,54971.6477903805,0.0
37.7,726.496316,736.016267,23556,0.0,0.0,54846.45822551355,0.0
37.71,726.496316,734.588274,23556,0.0,0.0,54740.04704693993,0.0
37.72,744.116962,736.017577,23556,0.0,0.0,54846.55584409006,0.0
37.730000000000004,744.116962,737.232485,23557,0.0,0.0,54937.08835520077,0.0
37.74,743.098872,738.112443,23557,0.0,0.0,55002.6610631029,0.0
37.75,743.098872,738.860407,23557,0.0,0.0,55058.397842464314,0.0
37.76,743.098872,739.496177,23557,0.0,0.0,55105.774149632314,0.0
37.77,743.098872,740.036581,23557,0.0,0.0,55146.043973466105,0.0
37.78,743.098872,740.495925,23557,0.0,0.0,55180.273368435635,0.0
37.79,736.271947,739.862328,23557,0.0,0.0,55133.058988875855,0.0
37.800000000000004,749.901088,741.368142,23557,0.0,0.0,55245.26923252037,0.0
37.81,749.901088,742.648084,23558,0.0,0.0,55340.64794707,0.0
37.82,752.921067,744.189031,23558,0.0,0.0,55455.47623151501,0.0
37.83,752.921067,745.498837,23558,0.0,0.0,55553.080351537166,0.0
37.84,738.49196,744.447805,23558,0.0,0.0,55474.759551758325,0.0
37.85,738.49196,743.554428,23558,0.0,0.0,55408.18688684991,0.0
37.86,738.49196,742.795058,23558,0.0,0.0,55351.60015521084,0.0
37.87,738.49196,742.149593,23558,0.0,0.0,55303.50139605865,0.0
37.88,738.49196,741.600948,23558,0.0,0.0,55262.6174694088,0.0
37.89,749.393972,742.769902,23559,0.0,0.0,55349.7255804698,0.0
37.9,755.803068,744.724877,23559,0.0,0.0,55495.406402316934,0.0
37.910000000000004,755.803068,746.386605,23559,0.0,0.0,55619.23504499851,0.0
37.92,747.054176,746.486741,23559,0.0,0.0,55626.696979180015,0.0
37.93,747.054176,746.571856,23559,0.0,0.0,55633.0395785235,0.0
37.94,739.255112,745.474345,23560,0.0,0.0,55551.25525674635,0.0
37.95,739.255112,744.54146,23560,0.0,0.0,55481.73853479907,0.0
37.96,739.255112,743.748508,23560,0.0,0.0,55422.6493397734,0.0
37.97,739.255112,743.074498,23560,0.0,0.0,55372.42346438717,0.0
37.980000000000004,739.255112,742.50159,23560,0.0,0.0,55329.73150756786,0.0
37.99,762.379334,745.483252,23560,0.0,0.0,55551.91898854864,0.0
38.0,744.027384,745.264872,23560,0.0,0.0,55535.645748289826,0.0
38.01,738.222192,744.20847,23560,0.0,0.0,55456.92478686528,0.0
38.02,738.222192,743.310528,23560,0.0,0.0,55390.01194729901,0.0
38.03,732.500289,741.688992,23560,0.0,0.0,55269.178331966476,0.0
38.04,742.799985,741.855641,23561,0.0,0.0,55281.596681704956,0.0
38.050000000000004,742.799985,741.997293,23561,0.0,0.0,55292.15230506398,0.0
38.06,742.799985,742.117697,23561,0.0,0.0,55301.12457001554,0.0
38.07,742.799985,742.22004,23561,0.0,0.0,55308.75096541718,0.0
38.08,742.799985,742.307032,23561,0.0,0.0,55315.23343504166,0.0
38.09,742.799985,742.380975,23561,0.0,0.0,55320.74351931887,0.0
38.1,742.799985,742.443827,23561,0.0,0.0,55325.42712448761,0.0
38.11,742.799985,742.49725,23561,0.0,0.0,55329.40809945942,0.0
38.12,746.241707,743.058919,23561,0.0,0.0,55371.262548506624,0.0
38.13,746.241707,743.536337,23561,0.0,0.0,55406.83878176005,0.0
38.14,744.505378,743.681693,23562,0.0,0.0,55417.67041978121,0.0
38.15,744.505378,743.805246,23562,0.0,0.0,55426.877341906395,0.0
38.160000000000004,744.505378,743.910266,23562,0.0,0.0,55434.70322198689,0.0
38.17,744.505378,743.999532,23562,0.0,0.0,55441.35514553734,0.0
38.18,744.505378,744.075409,23562,0.0,0.0,55447.009347621395,0.0
38.19,687.483471,735.586619,23562,0.0,0.0,54814.44171699299,0.0
38.2,687.483471,728.371146,23562,0.0,0.0,54276.759119181836,0.0
38.21,744.142448,730.736842,23562,0.0,0.0,54453.04604741392,0.0
38.22,755.798911,734.496152,23563,0.0,0.0,54733.182299989094,0.0
38.230000000000004,755.798911,737.691566,23563,0.0,0.0,54971.29815193699,0.0
38.24,739.075482,737.899153,23563,0.0,0.0,54986.76711945054,0.0
38.25,739.075482,738.075603,23563,0.0,0.0,54999.91582008095,0.0
38.26,739.075482,738.225584,23563,0.0,0.0,55011.09210383979,0.0
38.27,739.075482,738.353069,23563,0.0,0.0,55020.59203073051,0.0
38.28,739.075482,738.461431,23563,0.0,0.0,55028.66694995812,0.0
38.29,751.131237,740.361902,23563,0.0,0.0,55170.28624287831,0.0
38.300000000000004,751.131237,741.977302,23564,0.0,0.0,55290.66261577918,0.0
38.31,758.788797,744.499026,23564,0.0,0.0,55478.576438100004,0.0
38.32,749.86225,745.30351,23564,0.0,0.0,55538.524974670996,0.0
38.33,738.253639,744.246029,23564,0.0,0.0,55459.72360832732,0.0
38.34,734.921646,742.847372,23565,0.0,0.0,55355.49848972363,0.0
38.35,734.921646,741.658513,23565,0.0,0.0,55266.90709792559,0.0
38.36,734.921646,740.647983,23565,0.0,0.0,55191.604426074955,0.0
38.37,734.921646,739.789032,23565,0.0,0.0,55127.597117742924,0.0
38.38,734.921646,739.058924,23565,0.0,0.0,55073.19093174199,0.0
38.39,768.466987,743.470134,23565,0.0,0.0,55401.90546678224,0.0
38.4,744.041147,743.555786,23565,0.0,0.0,55408.28808229029,0.0
38.410000000000004,744.041147,743.62859,23565,0.0,0.0,55413.713290568536,0.0
38.42,735.352666,742.387201,23565,0.0,0.0,55321.207468370296,0.0
38.43,735.352666,741.332021,23565,0.0,0.0,55242.577567938504,0.0
38.44,744.861217,741.8614,23566,0.0,0.0,55282.02583085164,0.0
38.45,744.861217,742.311373,23566,0.0,0.0,55315.5569176681,0.0
38.46,744.861217,742.693849,23566,0.0,0.0,55344.0582632182,0.0
38.47,744.861217,743.018954,23566,0.0,0.0,55368.284436742986,0.0
38.480000000000004,744.861217,743.295294,23566,0.0,0.0,55388.87674012755,0.0
38.49,745.479787,743.622968,23566,0.0,0.0,55413.2943503875,0.0
38.5,732.319936,741.927513,23566,0.0,0.0,55286.95243920969,0.0
38.51,732.319936,740.486377,23566,0.0,0.0,55179.56187059704,0.0
38.52,732.422974,739.276866,23566,0.0,0.0,55089.43153311797,0.0
38.53,755.471591,741.706075,23566,0.0,0.0,55270.45132291502,0.0
38.54,745.242674,742.236565,23567,0.0,0.0,55309.98237532319,0.0
38.550000000000004,745.242674,742.687481,23567,0.0,0.0,55343.58373261116,0.0
38.56,745.242674,743.07076,23567,0.0,0.0,55372.14491611311,0.0
38.57,745.242674,743.396547,23567,0.0,0.0,55396.42191091209,0.0
38.58,745.242674,743.673466,23567,0.0,0.0,55417.057360217106,0.0
38.59,741.090404,743.286007,23567,0.0,0.0,55388.18469148626,0.0
38.6,741.090404,742.956666,23567,0.0,0.0,55363.64285972476,0.0
38.61,738.287156,742.25624,23567,0.0,0.0,55311.44851692083,0.0
38.62,749.985825,743.415677,23568,0.0,0.0,55397.84744020117,0.0
38.63,749.985825,744.4012,23568,0.0,0.0,55471.286640492355,0.0
38.64,739.420423,743.654083,23568,0.0,0.0,55415.61297787468,0.0
38.65,739.420423,743.019034,23568,0.0,0.0,55368.29039818277,0.0
38.660000000000004,739.420423,742.479242,23568,0.0,0.0,55328.06617936335,0.0
38.67,739.420423,742.020419,23568,0.0,0.0,55293.87560827043,0.0
38.68,739.420423,741.63042,23568,0.0,0.0,55264.81366382635,0.0
38.69,745.859016,742.264709,23568,0.0,0.0,55312.07960984029,0.0
38.7,755.38069,744.232106,23569,0.0,0.0,55458.68609425037,0.0
38.71,755.38069,745.904394,23569,0.0,0.0,55583.30164698383,0.0
38.72,753.145614,746.990577,23569,0.0,0.0,55664.241828887134,0.0
38.730000000000004,753.145614,747.913833,23569,0.0,0.0,55733.04101703803,0.0
38.74,738.059938,746.435748,23569,0.0,0.0,55622.89708294172,0.0
38.75,738.059938,745.179377,23569,0.0,0.0,55529.27483210737,0.0
38.76,738.059938,744.111461,23569,0.0,0.0,55449.695870461444,0.0
38.77,738.059938,743.203732,23569,0.0,0.0,55382.05372325522,0.0
38.78,738.059938,742.432163,23570,0.0,0.0,55324.55794656663,0.0
38.79,754.816129,744.289758,23570,0.0,0.0,55462.982205832945,0.0
38.800000000000004,749.267142,745.036366,23570,0.0,0.0,55518.61793878996,0.0
38.81,749.267142,745.670982,23570,0.0,0.0,55565.90825218902,0.0
38.82,700.524559,738.899019,23570,0.0,0.0,55061.27513137755,0.0
38.83,700.524559,733.14285,23570,0.0,0.0,54632.3369451547,0.0
38.84,755.454142,736.489544,23571,0.0,0.0,54881.72587973999,0.0
38.85,755.454142,739.334233,23571,0.0,0.0,55093.7064070713,0.0
38.86,755.454142,741.75222,23571,0.0,0.0,55273.8899559022,0.0
38.87,755.454142,743.807508,23571,0.0,0.0,55427.04590161637,0.0
38.88,755.454142,745.554503,23571,0.0,0.0,55557.22847037701,0.0
38.89,702.183742,739.048889,23571,0.0,0.0,55072.4431436387,0.0
38.9,732.359185,738.045433,23571,0.0,0.0,54997.66761210123,0.0
38.910000000000004,737.965327,738.033417,23571,0.0,0.0,54996.77220384521,0.0
38.92,732.273809,737.169476,23571,0.0,0.0,54932.39305070645,0.0
38.93,732.273809,736.435126,23571,0.0,0.0,54877.670759360815,0.0
38.94,748.949966,738.312352,23572,0.0,0.0,55017.55788143287,0.0
38.95,748.949966,739.907994,23572,0.0,0.0,55136.46192774232,0.0
38.96,748.949966,741.26429,23572,0.0,0.0,55237.53038946074,0.0
38.97,748.949966,742.417141,23572,0.0,0.0,55323.438537210626,0.0
38.980000000000004,748.949966,743.397065,23572,0.0,0.0,55396.4605112347,0.0
38.99,734.517323,742.065104,23572,0.0,0.0,55297.20544498151,0.0
39.0,732.287354,740.598441,23572,0.0,0.0,55187.9126554508,0.0
39.01,732.287354,739.351778,23572,0.0,0.0,55095.01382533461,0.0
39.02,744.172066,740.074821,23572,0.0,0.0,55148.89354168434,0.0
39.03,744.172066,740.689408,23573,0.0,0.0,55194.691334114716,0.0
39.04,745.03938,741.341904,23574,0.0,0.0,55243.31402930619,0.0
39.050000000000004,745.03938,741.896525,23574,0.0,0.0,55284.64327550816,0.0
39.06,745.03938,742.367953,23574,0.0,0.0,55319.77314595753,0.0
39.07,745.03938,742.768667,23574,0.0,0.0,55349.633550743085,0.0
39.08,745.03938,743.109274,23574,0.0,0.0,55375.01490226262,0.0
39.09,745.03938,743.39879,23574,0.0,0.0,55396.58905478011,0.0
39.1,745.03938,743.644878,23574,0.0,0.0,55414.92703970919,0.0
39.11,745.03938,743.854054,23574,0.0,0.0,55430.514416320504,0.0
39.12,753.038828,745.23177,23574,0.0,0.0,55533.17905354191,0.0
39.13,753.038828,746.402829,23574,0.0,0.0,55620.44402498733,0.0
39.14,734.527529,744.621534,23574,0.0,0.0,55487.70548891797,0.0
39.15,734.527529,743.107433,23574,0.0,0.0,55374.87771462952,0.0
39.160000000000004,734.527529,741.820448,23574,0.0,0.0,55278.97416982463,0.0
39.17,734.527529,740.72651,23574,0.0,0.0,55197.45610085197,0.0
39.18,734.527529,739.796663,23574,0.0,0.0,55128.165764580604,0.0
39.19,760.110321,742.843712,23575,0.0,0.0,55355.22575385337,0.0
39.2,760.110321,745.433703,23575,0.0,0.0,55548.22669629851,0.0
39.21,749.994863,746.117877,23575,0.0,0.0,55599.209972609686,0.0
39.22,749.994863,746.699425,23575,0.0,0.0,55642.54576492598,0.0
39.230000000000004,732.447401,744.561621,23575,0.0,0.0,55483.24089214341,0.0
39.24,742.331974,744.227174,23576,0.0,0.0,55458.3185714875,0.0
39.25,742.331974,743.942894,23576,0.0,0.0,55437.134595204065,0.0
39.26,742.331974,743.701256,23576,0.0,0.0,55419.12821536315,0.0
39.27,742.331974,743.495864,23576,0.0,0.0,55403.82281485376,0.0
39.28,742.331974,743.32128,23576,0.0,0.0,55390.81316480639,0.0
39.29,753.523223,744.851572,23576,0.0,0.0,55504.84745998977,0.0
39.300000000000004,753.523223,746.15232,23576,0.0,0.0,55601.776595992014,0.0
39.31,732.427039,744.093527,23576,0.0,0.0,55448.359464697176,0.0
39.32,732.410742,742.34111,23576,0.0,0.0,55317.77285935496,0.0
39.33,732.410742,740.851555,23576,0.0,0.0,55206.77420382917,0.0
39.34,745.778329,741.590571,23577,0.0,0.0,55261.8441961504,0.0
39.35,745.778329,742.218734,23577,0.0,0.0,55308.65364491264,0.0
39.36,745.778329,742.752674,23577,0.0,0.0,55348.44178441164,0.0
39.37,745.778329,743.206522,23577,0.0,0.0,55382.2616284678,0.0
39.38,745.778329,743.592293,23577,0.0,0.0,55411.00851081914,0.0
39.39,738.09579,742.767817,23577,0.0,0.0,55349.57021044535,0.0
39.4,726.555452,740.335963,23577,0.0,0.0,55168.35332054536,0.0
39.410000000000004,726.555452,738.268886,23577,0.0,0.0,55014.31888216055,0.0
39.42,741.218943,738.711395,23577,0.0,0.0,55047.293766644885,0.0
39.43,749.99415,740.403808,23578,0.0,0.0,55173.40899407479,0.0
39.44,739.888425,740.326501,23578,0.0,0.0,55167.64823125453,0.0
39.45,739.888425,740.260789,23578,0.0,0.0,55162.751504613414,0.0
39.46,739.888425,740.204935,23578,0.0,0.0,55158.58937639006,0.0
39.47,739.888425,740.157458,23578,0.0,0.0,55155.05148543041,0.0
39.480000000000004,739.888425,740.117103,23578,0.0,0.0,55152.04431164781,0.0
39.49,737.363831,739.704112,23578,0.0,0.0,55121.269049408926,0.0
39.5,744.119715,740.366453,23578,0.0,0.0,55170.6253742842,0.0
39.51,744.119715,740.929442,23579,0.0,0.0,55212.5781870879,0.0
39.52,752.929424,742.729439,23579,0.0,0.0,55346.71035874348,0.0
39.53,749.577763,743.756688,23579,0.0,0.0,55423.25889699162,0.0
39.54,735.645807,742.540056,23579,0.0,0.0,55332.59791685351,0.0
39.550000000000004,735.645807,741.505919,23579,0.0,0.0,55255.536098639684,0.0
39.56,735.645807,740.626902,23579,0.0,0.0,55190.03351217305,0.0
39.57,735.645807,739.879738,23579,0.0,0.0,55134.35634720952,0.0
39.58,735.645807,739.244648,23579,0.0,0.0,55087.03071227972,0.0
39.59,754.486507,741.530927,23580,0.0,0.0,55257.399644717145,0.0
39.6,755.857712,743.679945,23580,0.0,0.0,55417.540162321864,0.0
39.61,755.857712,745.50661,23580,0.0,0.0,55553.65957993048,0.0
39.62,747.076289,745.742062,23580,0.0,0.0,55571.20499143985,0.0
39.63,747.076289,745.942196,23580,0.0,0.0,55586.118576319226,0.0
39.64,740.504492,745.12654,23581,0.0,0.0,55525.337524681985,0.0
39.65,740.504492,744.433233,23581,0.0,0.0,55473.67367550111,0.0
39.660000000000004,740.504492,743.843922,23581,0.0,0.0,55429.75939997146,0.0
39.67,740.504492,743.343007,23581,0.0,0.0,55392.432217334564,0.0
39.68,740.504492,742.91723,23581,0.0,0.0,55360.70416798171,0.0
39.69,702.605355,736.870449,23581,0.0,0.0,54910.110157516276,0.0
39.7,744.016374,737.942338,23581,0.0,0.0,54989.985179165604,0.0
39.71,744.016374,738.853443,23581,0.0,0.0,55057.87889913085,0.0
39.72,732.434509,737.890603,23581,0.0,0.0,54986.129990573296,0.0
39.730000000000004,732.434509,737.072189,23581,0.0,0.0,54925.143418299376,0.0
39.74,747.481837,738.633636,23582,0.0,0.0,55041.49932168983,0.0
39.75,747.481837,739.960866,23582,0.0,0.0,55140.40184329761,0.0
39.76,747.481837,741.089012,23582,0.0,0.0,55224.46902392323,0.0
39.77,747.481837,742.047936,23582,0.0,0.0,55295.926120003205,0.0
39.78,747.481837,742.863021,23582,0.0,0.0,55356.66462186398,0.0
39.79,735.831456,741.808286,23582,0.0,0.0,55278.067881940995,0.0
39.800000000000004,726.455929,739.505433,23582,0.0,0.0,55106.46388821568,0.0
39.81,726.455929,737.548007,23582,0.0,0.0,54960.60042275706,0.0
39.82,744.154169,738.538931,23582,0.0,0.0,55034.442094751874,0.0
39.83,744.154169,739.381217,23583,0.0,0.0,55097.20756065826,0.0
39.84,743.934974,740.06428,23583,0.0,0.0,55148.1080474744,0.0
39.85,743.934974,740.644884,23583,0.0,0.0,55191.373494801206,0.0
39.86,743.934974,741.138398,23583,0.0,0.0,55228.149169739794,0.0
39.87,743.934974,741.557884,23583,0.0,0.0,55259.408426371396,0.0
39.88,743.934974,741.914448,23583,0.0,0.0,55285.978861574455,0.0
39.89,733.204434,740.607946,23583,0.0,0.0,55188.62094901551,0.0
39.9,744.046726,741.123763,23583,0.0,0.0,55227.058598848744,0.0
39.910000000000004,744.046726,741.562207,23583,0.0,0.0,55259.73056767388,0.0
39.92,752.912672,743.264777,23584,0.0,0.0,55386.60267440277,0.0
39.93,752.912672,744.711961,23584,0.0,0.0,55494.44392786331,0.0
39.94,738.296921,743.749705,23584,0.0,0.0,55422.7385378162,0.0
39.95,738.296921,742.931787,23584,0.0,0.0,55361.78892646897,0.0
39.96,738.296921,742.236557,23584,0.0,0.0,55309.98177917921,0.0
39.97,738.296921,741.645612,23584,0.0,0.0,55265.94574124192,0.0
39.980000000000004,738.296921,741.143308,23584,0.0,0.0,55228.51505310673,0.0
39.99,750.079573,742.483748,23584,0.0,0.0,55328.401957459355,0.0
40.0,761.584559,745.34887,23585,0.0,0.0,55541.90511103028,0.0
40.01,749.852504,746.024415,23585,0.0,0.0,55592.24537154242,0.0
40.02,749.852504,746.598628,23585,0.0,0.0,55635.03457434825,0.0
40.03,741.312275,745.805675,23585,0.0,0.0,55575.94530480456,0.0
40.04,739.87473,744.916033,23586,0.0,0.0,55509.65096461621,0.0
40.050000000000004,739.87473,744.159838,23586,0.0,0.0,55453.30082761871,0.0
40.06,739.87473,743.517072,23586,0.0,0.0,55405.403192541315,0.0
40.07,739.87473,742.970721,23586,0.0,0.0,55364.69021017735,0.0
40.08,739.87473,742.506322,23586,0.0,0.0,55330.08412673128,0.0
40.09,739.87473,742.111583,23586,0.0,0.0,55300.668966979814,0.0
40.1,739.87473,741.776055,23586,0.0,0.0,55275.666092368774,0.0
40.11,739.87473,741.490857,23586,0.0,0.0,55254.41370856378,0.0
40.12,751.153325,742.940227,23586,0.0,0.0,55362.417858366505,0.0
40.13,732.412061,741.361002,23586,0.0,0.0,55244.73717401936,0.0
40.14,745.522088,741.985165,23587,0.0,0.0,55291.248550792254,0.0
40.15,745.522088,742.515703,23587,0.0,0.0,55330.78318006432,0.0
40.160000000000004,745.522088,742.966661,23587,0.0,0.0,55364.38766710816,0.0
40.17,745.522088,743.349975,23587,0.0,0.0,55392.95145874002,0.0
40.18,745.522088,743.675792,23587,0.0,0.0,55417.23068907891,0.0
40.19,786.965944,750.169315,23587,0.0,0.0,55901.11501871142,0.0
40.2,786.965944,755.688809,23587,0.0,0.0,56312.416657914146,0.0
40.21,864.428797,771.999807,23587,0.0,0.0,57527.879563468974,0.0
40.22,864.428797,785.864156,23587,0.0,0.0,58561.02308535317,0.0
40.230000000000004,943.394894,809.493766,23588,0.0,0.0,60321.85430044665,0.0
40.24,981.467174,835.289777,23588,0.0,0.0,62244.121379492586,0.0
40.25,981.467174,857.216387,23588,0.0,0.0,63878.04844511834,0.0
40.26,981.467174,875.854005,23588,0.0,0.0,65266.88641364122,0.0
40.27,981.467174,891.695981,23588,0.0,0.0,66447.39873904827,0.0
40.28,981.467174,905.16166,23588,0.0,0.0,67450.83417093348,0.0
40.29,938.014126,910.08953,23589,0.0,0.0,67818.04917447873,0.0
40.300000000000004,938.014126,914.278219,23589,0.0,0.0,68130.18189023317,0.0
40.31,1007.818698,928.309291,23589,0.0,0.0,69175.74927618766,0.0
40.32,995.975329,938.459197,23589,0.0,0.0,69932.09994448329,0.0
40.33,995.975329,947.086616,23589,0.0,0.0,70574.99793056476,0.0
40.34,1002.75358,955.436661,23590,0.0,0.0,71197.22656165241,0.0
40.35,1002.75358,962.534199,23590,0.0,0.0,71726.12087944742,0.0
40.36,1002.75358,968.567106,23590,0.0,0.0,72175.68102721777,0.0
40.37,1002.75358,973.695077,23590,0.0,0.0,72557.80715654847,0.0
40.38,1002.75358,978.053852,23590,0.0,0.0,72882.61434039827,0.0
40.39,995.12833,980.615024,23590,0.0,0.0,73073.46774867811,0.0
40.4,1001.872975,983.803717,23590,0.0,0.0,73311.08276516592,0.0
40.410000000000004,1001.872975,986.514106,23591,0.0,0.0,73513.05552545463,0.0
40.42,1016.584281,991.024632,23591,0.0,0.0,73849.17088991858,0.0
40.43,1016.584281,994.858579,23591,0.0,0.0,74134.8689422611,0.0
40.44,997.114893,995.197026,23592,0.0,0.0,74160.08933490638,0.0
40.45,997.114893,995.484706,23592,0.0,0.0,74181.52667238079,0.0
40.46,997.114893,995.729234,23592,0.0,0.0,74199.748409234,0.0
40.47,997.114893,995.937083,23592,0.0,0.0,74215.23690046284,0.0
40.480000000000004,997.114893,996.113754,23592,0.0,0.0,74228.40206957066,0.0
40.49,1021.828435,999.970956,23592,0.0,0.0,74515.83303794134,0.0
40.5,1001.824791,1000.249032,23592,0.0,0.0,74536.55470456927,0.0
40.51,1001.824791,1000.485396,23592,0.0,0.0,74554.16807649223,0.0
40.52,999.090626,1000.27618,23592,0.0,0.0,74538.57771916103,0.0
40.53,1012.97181,1002.180525,23593,0.0,0.0,74680.4856948029,0.0
40.54,1012.203792,1003.684015,23593,0.0,0.0,74792.52275862159,0.0
40.550000000000004,1012.203792,1004.961981,23593,0.0,0.0,74887.75422560849,0.0
40.56,1012.203792,1006.048253,23593,0.0,0.0,74968.70103961356,0.0
40.57,1012.203792,1006.971584,23593,0.0,0.0,75037.50581661423,0.0
40.58,1012.203792,1007.756415,23593,0.0,0.0,75095.98985098353,0.0
40.59,972.605506,1002.483779,23594,0.0,0.0,74703.08357556784,0.0
40.6,1013.570113,1004.146729,23594,0.0,0.0,74827.00327924216,0.0
40.61,1013.570113,1005.560236,23594,0.0,0.0,74932.33499010633,0.0
40.62,999.016594,1004.57869,23594,0.0,0.0,74859.19214789056,0.0
40.63,999.016594,1003.744376,23594,0.0,0.0,74797.02073945895,0.0
40.64,999.983497,1003.180244,23595,0.0,0.0,74754.9827525843,0.0
40.65,999.983497,1002.700732,23595,0.0,0.0,74719.25047864445,0.0
40.660000000000004,999.983497,1002.293147,23595,0.0,0.0,74688.87806069918,0.0
40.67,999.983497,1001.946699,23595,0.0,0.0,74663.0614495572,0.0
40.68,999.983497,1001.652219,23595,0.0,0.0,74641.1173897009,0.0
40.69,1014.440732,1003.570496,23595,0.0,0.0,74784.06355008172,0.0
40.7,1001.828498,1003.309196,23595,0.0,0.0,74764.59199737712,0.0
40.71,1001.828498,1003.087092,23596,0.0,0.0,74748.04125209621,0.0
40.72,1010.738094,1004.234742,23596,0.0,0.0,74833.56183174191,0.0
40.730000000000004,1010.738094,1005.210245,23596,0.0,0.0,74906.25436169977,0.0
40.74,996.351089,1003.881371,23597,0.0,0.0,74807.22933250436,0.0
40.75,996.351089,1002.751829,23597,0.0,0.0,74723.05812475448,0.0
40.76,996.351089,1001.791718,23597,0.0,0.0,74651.51257581165,0.0
40.77,996.351089,1000.975624,23597,0.0,0.0,74590.69888529158,0.0
40.78,996.351089,1000.281943,23597,0.0,0.0,74539.00716637968,0.0
40.79,1046.550527,1007.222231,23597,0.0,0.0,75056.18352909318,0.0
40.800000000000004,1046.550527,1013.121475,23597,0.0,0.0,75495.78337778528,0.0
40.81,993.229914,1010.137741,23597,0.0,0.0,75273.44149551401,0.0
40.82,1001.90824,1008.903316,23597,0.0,0.0,75181.45461664925,0.0
40.83,1001.90824,1007.854054,23598,0.0,0.0,75103.26571372569,0.0
40.84,992.704762,1005.581661,23598,0.0,0.0,74933.93153819931,0.0
40.85,992.704762,1003.650126,23598,0.0,0.0,74789.9974182098,0.0
40.86,992.704762,1002.008321,23598,0.0,0.0,74667.6533975892,0.0
40.87,992.704762,1000.612787,23598,0.0,0.0,74563.6609986912,0.0
40.88,992.704762,999.426583,23598,0.0,0.0,74475.2674521761,0.0
40.89,1054.125171,1007.631372,23599,0.0,0.0,75086.67189704232,0.0
40.9,1054.125171,1014.605442,23599,0.0,0.0,75606.36562674194,0.0
40.910000000000004,1007.814012,1013.586727,23599,0.0,0.0,75530.45302508309,0.0
40.92,996.076817,1010.960241,23599,0.0,0.0,75334.73254832506,0.0
40.93,996.076817,1008.727727,23599,0.0,0.0,75168.37007601453,0.0
40.94,998.198141,1007.148289,23600,0.0,0.0,75050.67351933397,0.0
40.95,998.198141,1005.805767,23600,0.0,0.0,74950.63146851088,0.0
40.96,998.198141,1004.664623,23600,0.0,0.0,74865.59570295588,0.0
40.97,998.198141,1003.694651,23600,0.0,0.0,74793.31533204131,0.0
40.980000000000004,998.198141,1002.870174,23600,0.0,0.0,74731.8769571495,0.0
40.99,1013.118184,1004.407376,23600,0.0,0.0,74846.42617169447,0.0
41.0,1007.731881,1004.906052,23600,0.0,0.0,74883.58650853536,0.0
41.01,1007.731881,1005.329926,23601,0.0,0.0,74915.17275013926,0.0
41.02,1010.768973,1006.145783,23601,0.0,0.0,74975.96877989398,0.0
41.03,1010.768973,1006.839262,23601,0.0,0.0,75027.6454461704,0.0
41.04,998.571801,1005.599142,23602,0.0,0.0,74935.23418731078,0.0
41.050000000000004,998.571801,1004.545041,23602,0.0,0.0,74856.68469179812,0.0
41.06,998.571801,1003.649055,23602,0.0,0.0,74789.91760943463,0.0
41.07,998.571801,1002.887467,23602,0.0,0.0,74733.16559687749,0.0
41.08,998.571801,1002.240117,23602,0.0,0.0,74684.92637130032,0.0
41.09,998.571801,1001.68987,23602,0.0,0.0,74643.92306681871,0.0
41.1,998.571801,1001.222159,23602,0.0,0.0,74609.07017976545,0.0
41.11,998.571801,1000.824606,23602,0.0,0.0,74579.44532636947,0.0
41.12,1023.796576,1004.270401,23602,0.0,0.0,74836.21906900902,0.0
41.13,1023.796576,1007.199327,23603,0.0,0.0,75054.47676888214,0.0
41.14,992.350247,1004.971965,23603,0.0,0.0,74888.49821329393,0.0
41.15,992.350247,1003.078708,23603,0.0,0.0,74747.41649320653,0.0
41.160000000000004,992.350247,1001.469439,23603,0.0,0.0,74627.49699014734,0.0
41.17,992.350247,1000.10156,23603,0.0,0.0,74525.56538646574,0.0
41.18,992.350247,998.938863,23603,0.0,0.0,74438.92353451409,0.0
41.19,973.798259,995.167772,23604,0.0,0.0,74157.90938541225,0.0
41.2,973.798259,991.962345,23604,0.0,0.0,73919.047384757,0.0
41.21,1044.188683,999.796296,23604,0.0,0.0,74502.81772452615,0.0
41.22,1044.188683,1006.455154,23604,0.0,0.0,74999.02248724866,0.0
41.230000000000004,977.585099,1002.124646,23604,0.0,0.0,74676.32170362961,0.0
41.24,1020.470082,1004.876461,23605,0.0,0.0,74881.3814464761,0.0
41.25,1020.470082,1007.215504,23605,0.0,0.0,75055.68224652509,0.0
41.26,1020.470082,1009.203691,23605,0.0,0.0,75203.83796009983,0.0
41.27,1020.470082,1010.89365,23605,0.0,0.0,75329.77032036427,0.0
41.28,1020.470082,1012.330115,23605,0.0,0.0,75436.81281541137,0.0
41.29,940.559109,1001.564464,23605,0.0,0.0,74634.57806284445,0.0
41.300000000000004,1007.653492,1002.477818,23605,0.0,0.0,74702.63937378569,0.0
41.31,1007.653492,1003.254169,23606,0.0,0.0,74760.49149553757,0.0
41.32,1010.745573,1004.37788,23606,0.0,0.0,74844.22818884498,0.0
41.33,1010.745573,1005.333034,23606,0.0,0.0,74915.40435207498,0.0
41.34,1012.685026,1006.435833,23607,0.0,0.0,74997.58272502208,0.0
41.35,1012.685026,1007.373212,23607,0.0,0.0,75067.43433084937,0.0
41.36,1012.685026,1008.169984,23607,0.0,0.0,75126.8081846249,0.0
41.37,1012.685026,1008.84724,23607,0.0,0.0,75177.27594543049,0.0
41.38,1012.685026,1009.422908,23607,0.0,0.0,75220.17357192244,0.0
41.39,971.159209,1003.683353,23607,0.0,0.0,74792.47342770736,0.0
41.4,990.228533,1001.66513,23607,0.0,0.0,74642.07949156455,0.0
41.410000000000004,990.228533,999.94964,23607,0.0,0.0,74514.24461231005,0.0
41.42,1004.848045,1000.684401,23607,0.0,0.0,74568.99753055259,0.0
41.43,1004.848045,1001.308948,23608,0.0,0.0,74615.53752223647,0.0
41.44,994.705895,1000.31849,23608,0.0,0.0,74541.73057562842,0.0
41.45,994.705895,999.4766,23608,0.0,0.0,74478.99461884897,0.0
41.46,994.705895,998.760995,23608,0.0,0.0,74425.66916736345,0.0
41.47,994.705895,998.15273,23608,0.0,0.0,74380.34247771226,0.0
41.480000000000004,994.705895,997.635704,23608,0.0,0.0,74341.81473562024,0.0
41.49,1058.803246,1006.810836,23609,0.0,0.0,75025.52719757806,0.0
41.5,1013.603964,1007.829805,23609,0.0,0.0,75101.45872680823,0.0
41.51,1013.603964,1008.695929,23609,0.0,0.0,75166.00055273516,0.0
41.52,996.062025,1006.800843,23609,0.0,0.0,75024.78253923064,0.0
41.53,995.545901,1005.112602,23609,0.0,0.0,74898.97820088564,0.0
41.54,998.18456,1004.073396,23610,0.0,0.0,74821.53865094333,0.0
41.550000000000004,998.18456,1003.19007,23610,0.0,0.0,74755.71496642617,0.0
41.56,998.18456,1002.439244,23610,0.0,0.0,74699.76491655636,0.0
41.57,998.18456,1001.801041,23610,0.0,0.0,74652.20730710086,0.0
41.58,998.18456,1001.258569,23610,0.0,0.0,74611.78338004855,0.0
41.59,1028.458197,1005.338513,23610,0.0,0.0,74915.81263618241,0.0
41.6,1001.869269,1004.818126,23610,0.0,0.0,74877.03443910132,0.0
41.61,1001.869269,1004.375798,23611,0.0,0.0,74844.07304237454,0.0
41.62,1010.786713,1005.337435,23611,0.0,0.0,74915.73230578129,0.0
41.63,1010.786713,1006.154827,23611,0.0,0.0,74976.64272066191,0.0
41.64,993.587201,1004.269683,23612,0.0,0.0,74836.16556508694,0.0
41.65,993.587201,1002.66731,23612,0.0,0.0,74716.7599381374,0.0
41.660000000000004,993.587201,1001.305294,23612,0.0,0.0,74615.26523347417,0.0
41.67,993.587201,1000.14758,23612,0.0,0.0,74528.99470470326,0.0
41.68,993.587201,999.163523,23612,0.0,0.0,74455.66474779618,0.0
41.69,1045.150711,1006.061601,23612,0.0,0.0,74969.69570584201,0.0
41.7,990.219423,1003.685274,23612,0.0,0.0,74792.61657678026,0.0
41.71,995.934699,1002.522688,23612,0.0,0.0,74705.98299632629,0.0
41.72,995.934699,1001.53449,23612,0.0,0.0,74632.34446039224,0.0
41.730000000000004,1007.884009,1002.486918,23613,0.0,0.0,74703.31748756148,0.0
41.74,992.430205,1000.978411,23613,0.0,0.0,74590.90656695016,0.0
41.75,992.430205,999.69618,23613,0.0,0.0,74495.35728070459,0.0
41.76,992.430205,998.606284,23613,0.0,0.0,74414.14041347719,0.0
41.77,992.430205,997.679872,23613,0.0,0.0,74345.1060465267,0.0
41.78,992.430205,996.892422,23613,0.0,0.0,74286.42684952235,0.0
41.79,1037.609285,1002.999951,23614,0.0,0.0,74741.54767929015,0.0
41.800000000000004,1007.78791,1003.718145,23614,0.0,0.0,74795.06605787078,0.0
41.81,1007.78791,1004.32861,23614,0.0,0.0,74840.55668711611,0.0
41.82,996.08603,1003.092223,23614,0.0,0.0,74748.42360394057,0.0
41.83,996.08603,1002.041294,23614,0.0,0.0,74670.11047951544,0.0
41.84,999.832704,1001.710005,23615,0.0,0.0,74645.42348669513,0.0
41.85,999.832704,1001.42841,23615,0.0,0.0,74624.43959123454,0.0
41.86,999.832704,1001.189054,23615,0.0,0.0,74606.60326146355,0.0
41.87,999.832704,1000.985602,23615,0.0,0.0,74591.442425869,0.0
41.88,999.832704,1000.812667,23615,0.0,0.0,74578.55565599923,0.0
41.89,1010.62357,1002.284302,23615,0.0,0.0,74688.21894901272,0.0
41.9,1010.62357,1003.535193,23615,0.0,0.0,74781.43284122166,0.0
41.910000000000004,1007.841072,1004.181075,23616,0.0,0.0,74829.56267437873,0.0
41.92,1007.802825,1004.724337,23616,0.0,0.0,74870.04547064894,0.0
41.93,1007.802825,1005.18611,23616,0.0,0.0,74904.45586983401,0.0
41.94,995.800202,1003.778224,23617,0.0,0.0,74799.54302463288,0.0
41.95,995.800202,1002.581521,23617,0.0,0.0,74710.36711366371,0.0
41.96,995.800202,1001.564323,23617,0.0,0.0,74634.56755580682,0.0
41.97,995.800202,1000.699705,23617,0.0,0.0,74570.13795398387,0.0
41.980000000000004,995.800202,999.96478,23617,0.0,0.0,74515.37281478976,0.0
41.99,1034.558308,1005.153809,23617,0.0,0.0,74902.04886400198,0.0
42.0,984.272636,1002.021633,23617,0.0,0.0,74668.64538116977,0.0
42.01,984.272636,999.359283,23617,0.0,0.0,74470.25239095521,0.0
42.02,1004.915924,1000.192779,23617,0.0,0.0,74532.36284366497,0.0
42.03,1004.915924,1000.901251,23618,0.0,0.0,74585.1567582755,0.0
42.04,995.207213,1000.047145,23619,0.0,0.0,74521.51048964057,0.0
42.050000000000004,995.207213,999.321156,23619,0.0,0.0,74467.41124327066,0.0
42.06,995.207213,998.704064,23619,0.0,0.0,74421.42678325696,0.0
42.07,995.207213,998.179536,23619,0.0,0.0,74382.3400071489,0.0
42.08,995.207213,997.733688,23619,0.0,0.0,74349.11630707147,0.0
42.09,995.207213,997.354717,23619,0.0,0.0,74320.87614710204,0.0
42.1,995.207213,997.032591,23619,0.0,0.0,74296.87196269132,0.0
42.11,995.207213,996.758784,23619,0.0,0.0,74276.46841339402,0.0
42.12,1046.970156,1004.29049,23619,0.0,0.0,74837.71606105757,0.0
42.13,1046.970156,1010.69244,23619,0.0,0.0,75314.77655411976,0.0
42.14,999.611017,1009.030227,23620,0.0,0.0,75190.91177020948,0.0
42.15,999.611017,1007.617345,23620,0.0,0.0,75085.62663309366,0.0
42.160000000000004,999.611017,1006.416396,23620,0.0,0.0,74996.13431870779,0.0
42.17,999.611017,1005.395589,23620,0.0,0.0,74920.06582539852,0.0
42.18,999.611017,1004.527903,23620,0.0,0.0,74855.40760235972,0.0
42.19,999.611017,1003.79037,23620,0.0,0.0,74800.44812022857,0.0
42.2,999.611017,1003.163467,23620,0.0,0.0,74753.73256414296,0.0
42.21,971.011501,998.340672,23621,0.0,0.0,74394.34753916808,0.0
42.22,971.011501,994.241297,23621,0.0,0.0,74088.87032382793,0.0
42.230000000000004,1000.749074,995.217463,23621,0.0,0.0,74161.61225921802,0.0
42.24,1016.017153,998.337417,23622,0.0,0.0,74394.10498308674,0.0
42.25,1016.017153,1000.989377,23622,0.0,0.0,74591.72373130896,0.0
42.26,1016.017153,1003.243544,23622,0.0,0.0,74759.69974181586,0.0
42.27,1016.017153,1005.159585,23622,0.0,0.0,74902.47927995458,0.0
42.28,1016.017153,1006.78822,23622,0.0,0.0,75023.84189855024,0.0
42.29,1016.017153,1008.17256,23622,0.0,0.0,75127.00014298604,0.0
42.300000000000004,1016.017153,1009.349249,23622,0.0,0.0,75214.68465075646,0.0
42.31,955.817348,1001.319464,23622,0.0,0.0,74616.32115349648,0.0
42.32,955.817348,994.494146,23622,0.0,0.0,74107.71212493698,0.0
42.33,1040.079106,1001.33189,23623,0.0,0.0,74617.24711413142,0.0
42.34,1003.815069,1001.704367,23624,0.0,0.0,74645.00335422612,0.0
42.35,1003.815069,1002.020972,23624,0.0,0.0,74668.59612477352,0.0
42.36,1003.815069,1002.290087,23624,0.0,0.0,74688.6500356273,0.0
42.37,1003.815069,1002.518834,23624,0.0,0.0,74705.69580396455,0.0
42.38,1003.815069,1002.713269,23624,0.0,0.0,74720.18471077709,0.0
42.39,1003.815069,1002.878539,23624,0.0,0.0,74732.50030019724,0.0
42.4,949.487605,994.869899,23624,0.0,0.0,74135.712485991,0.0
42.410000000000004,949.487605,988.062555,23624,0.0,0.0,73628.44284391566,0.0
42.42,1025.440564,993.669256,23624,0.0,0.0,74046.24297411232,0.0
42.43,1031.226797,999.302887,23624,0.0,0.0,74466.04987397727,0.0
42.44,996.819821,998.930427,23625,0.0,0.0,74438.29490068855,0.0
42.45,996.819821,998.613836,23625,0.0,0.0,74414.70317339309,0.0
42.46,996.819821,998.344734,23625,0.0,0.0,74394.65023127326,0.0
42.47,996.819821,998.115997,23625,0.0,0.0,74377.60520811602,0.0
42.480000000000004,996.819821,997.92157,23625,0.0,0.0,74363.11689744746,0.0
42.49,996.819821,997.756308,23625,0.0,0.0,74350.80190417128,0.0
42.5,997.34672,997.69487,23625,0.0,0.0,74346.22366745077,0.0
42.51,1047.307121,1005.136707,23626,0.0,0.0,74900.77445721148,0.0
42.52,1047.307121,1011.462269,23626,0.0,0.0,75372.14266949298,0.0
42.53,999.204443,1009.623596,23626,0.0,0.0,75235.12843977234,0.0
42.54,999.738066,1008.140766,23627,0.0,0.0,75124.63091777865,0.0
42.550000000000004,999.738066,1006.880361,23627,0.0,0.0,75030.70806134302,0.0
42.56,999.738066,1005.809017,23627,0.0,0.0,74950.87365200224,0.0
42.57,999.738066,1004.898374,23627,0.0,0.0,74883.01435935179,0.0
42.58,999.738066,1004.124328,23627,0.0,0.0,74825.33400158377,0.0
42.59,999.738066,1003.466389,23627,0.0,0.0,74776.30570493278,0.0
42.6,954.367734,996.101591,23627,0.0,0.0,74227.49570716903,0.0
42.61,1025.375039,1000.492608,23627,0.0,0.0,74554.70550028903,0.0
42.62,1025.375039,1004.224973,23627,0.0,0.0,74832.83386542591,0.0
42.63,987.318016,1001.688929,23628,0.0,0.0,74643.8529453832,0.0
42.64,1015.525928,1003.764479,23629,0.0,0.0,74798.51877475946,0.0
42.65,1015.525928,1005.528696,23629,0.0,0.0,74929.98469247024,0.0
42.660000000000004,1015.525928,1007.028281,23629,0.0,0.0,75041.73076350936,0.0
42.67,1015.525928,1008.302928,23629,0.0,0.0,75136.71490526307,0.0
42.68,1015.525928,1009.386378,23629,0.0,0.0,75217.45142947965,0.0
42.69,1015.525928,1010.307311,23629,0.0,0.0,75286.07751232275,0.0
42.7,997.338718,1008.362022,23629,0.0,0.0,75141.1184717978,0.0
42.71,997.338718,1006.708526,23629,0.0,0.0,75017.90326127033,0.0
42.72,981.411356,1002.913951,23629,0.0,0.0,74735.13913151901,0.0
42.730000000000004,981.411356,999.688562,23629,0.0,0.0,74494.78960260087,0.0
42.74,1004.133683,1000.35533,23630,0.0,0.0,74544.47581865038,0.0
42.75,1004.133683,1000.922083,23630,0.0,0.0,74586.70911719605,0.0
42.76,1004.133683,1001.403823,23630,0.0,0.0,74622.60741723397,0.0
42.77,1004.133683,1001.813302,23630,0.0,0.0,74653.1209722662,0.0
42.78,1004.133683,1002.161359,23630,0.0,0.0,74679.05748286592,0.0
42.79,1004.133683,1002.457207,23630,0.0,0.0,74701.10348334255,0.0
42.800000000000004,1019.872843,1005.069553,23631,0.0,0.0,74895.77027561821,0.0
42.81,937.447597,994.926259,23631,0.0,0.0,74139.91232032099,0.0
42.82,1060.538603,1004.768111,23631,0.0,0.0,74873.30742146444,0.0
42.83,1060.538603,1013.133685,23631,0.0,0.0,75496.69324253278,0.0
42.84,995.985186,1010.56141,23632,0.0,0.0,75305.0124609285,0.0
42.85,995.985186,1008.374976,23632,0.0,0.0,75142.08377793533,0.0
42.86,995.985186,1006.516508,23632,0.0,0.0,75003.59446445738,0.0
42.87,995.985186,1004.936809,23632,0.0,0.0,74885.8784585795,0.0
42.88,995.985186,1003.594066,23632,0.0,0.0,74785.81993927898,0.0
42.89,995.985186,1002.452734,23632,0.0,0.0,74700.77016434046,0.0
42.9,995.985186,1001.482602,23632,0.0,0.0,74628.47787054631,0.0
42.910000000000004,1045.414984,1008.072459,23632,0.0,0.0,75119.54081693443,0.0
42.92,1045.414984,1013.673838,23633,0.0,0.0,75536.94436234926,0.0
42.93,996.262218,1011.062095,23633,0.0,0.0,75342.322504426,0.0
42.94,1007.999036,1010.602636,23634,0.0,0.0,75308.08453988677,0.0
42.95,1007.999036,1010.212096,23634,0.0,0.0,75278.98228120613,0.0
42.96,1007.999036,1009.880137,23634,0.0,0.0,75254.24536132759,0.0
42.97,1007.999036,1009.597972,23634,0.0,0.0,75233.21899060853,0.0
42.980000000000004,1007.999036,1009.358131,23634,0.0,0.0,75215.34651960882,0.0
42.99,1007.999036,1009.154267,23634,0.0,0.0,75200.15498259936,0.0
43.0,1007.999036,1008.980982,23634,0.0,0.0,75187.24213143055,0.0
43.01,998.409049,1007.395192,23634,0.0,0.0,75069.07223643087,0.0
43.02,919.884068,994.268524,23634,0.0,0.0,74090.89922534146,0.0
43.03,919.884068,983.110855,23634,0.0,0.0,73259.45207649385,0.0
43.04,1005.34044,986.445293,23636,0.0,0.0,73507.92771850376,0.0
43.050000000000004,1005.34044,989.279565,23636,0.0,0.0,73719.13199185679,0.0
43.06,1005.34044,991.688696,23636,0.0,0.0,73898.65560930327,0.0
43.07,1005.34044,993.736458,23636,0.0,0.0,74051.25073256948,0.0
43.08,1005.34044,995.477055,23636,0.0,0.0,74180.95653518313,0.0
43.09,1005.34044,996.956563,23636,0.0,0.0,74291.20650838966,0.0
43.1,1005.34044,998.214144,23636,0.0,0.0,74384.9189260008,0.0
43.11,1005.34044,999.283089,23636,0.0,0.0,74464.574566666,0.0
43.12,1005.34044,1000.191691,23636,0.0,0.0,74532.28176808389,0.0
43.13,1005.34044,1000.964004,23636,0.0,0.0,74589.83298616248,0.0
43.14,1008.508077,1002.095615,23637,0.0,0.0,74674.15837164887,0.0
43.15,1008.508077,1003.057484,23637,0.0,0.0,74745.83492323101,0.0
43.160000000000004,1008.508077,1003.875073,23637,0.0,0.0,74806.76001815713,0.0
43.17,1008.508077,1004.570024,23637,0.0,0.0,74858.54637492562,0.0
43.18,1008.508077,1005.160732,23637,0.0,0.0,74902.56475209755,0.0
43.19,1008.508077,1005.662833,23637,0.0,0.0,74939.98031307927,0.0
43.2,1012.38039,1006.670467,23637,0.0,0.0,75015.06718080962,0.0
43.21,996.034386,1005.075055,23637,0.0,0.0,74896.18027363956,0.0
43.22,996.034386,1003.718955,23638,0.0,0.0,74795.12641744861,0.0
43.230000000000004,1016.644465,1005.657781,23638,0.0,0.0,74939.60384815675,0.0
43.24,991.395357,1003.518417,23638,0.0,0.0,74780.1827272983,0.0
43.25,991.395357,1001.699958,23638,0.0,0.0,74644.67480437586,0.0
43.26,991.395357,1000.154268,23638,0.0,0.0,74529.49308106948,0.0
43.27,991.395357,998.840431,23638,0.0,0.0,74431.58857900003,0.0
43.28,991.395357,997.72367,23639,0.0,0.0,74348.36978577412,0.0
43.29,962.59098,992.453767,23639,0.0,0.0,73955.66716804514,0.0
43.300000000000004,1007.715155,994.742975,23639,0.0,0.0,74126.25436369679,0.0
43.31,1007.715155,996.688802,23639,0.0,0.0,74271.25349490426,0.0
43.32,1001.996361,997.484936,23639,0.0,0.0,74330.57980619748,0.0
43.33,1001.996361,998.16165,23639,0.0,0.0,74381.00717824853,0.0
43.34,999.581427,998.374616,23640,0.0,0.0,74396.87697806973,0.0
43.35,999.581427,998.555638,23640,0.0,0.0,74410.36637498396,0.0
43.36,999.581427,998.709506,23640,0.0,0.0,74421.83231019849,0.0
43.37,999.581427,998.840294,23640,0.0,0.0,74431.5783700344,0.0
43.38,999.581427,998.951464,23640,0.0,0.0,74439.86253579854,0.0
43.39,1011.586824,1000.846768,23640,0.0,0.0,74581.0967942265,0.0
43.4,1011.586824,1002.457777,23641,0.0,0.0,74701.14595860103,0.0
43.410000000000004,1016.592769,1004.578026,23641,0.0,0.0,74859.14266794032,0.0
43.42,1007.700141,1005.046343,23641,0.0,0.0,74894.04071289997,0.0
43.43,1007.700141,1005.444413,23641,0.0,0.0,74923.70409210057,0.0
43.44,997.214923,1004.209989,23642,0.0,0.0,74831.7172877538,0.0
43.45,997.214923,1003.160729,23642,0.0,0.0,74753.52853386625,0.0
43.46,997.214923,1002.268859,23642,0.0,0.0,74687.06816757983,0.0
43.47,997.214923,1001.510768,23642,0.0,0.0,74630.57674445935,0.0
43.480000000000004,997.214923,1000.866392,23642,0.0,0.0,74582.55913540626,0.0
43.49,1023.41855,1004.249215,23642,0.0,0.0,74834.6403307174,0.0
43.5,1023.41855,1007.124616,23642,0.0,0.0,75048.90945478297,0.0
43.51,1001.961091,1006.350087,23642,0.0,0.0,74991.19310482226,0.0
43.52,1007.692786,1006.551492,23643,0.0,0.0,75006.20140207626,0.0
43.53,1007.692786,1006.722686,23643,0.0,0.0,75018.95843611263,0.0
43.54,1013.366283,1007.719225,23644,0.0,0.0,75093.21852666252,0.0
43.550000000000004,1013.366283,1008.566284,23644,0.0,0.0,75156.3396669702,0.0
43.56,1013.366283,1009.286284,23644,0.0,0.0,75209.99262505403,0.0
43.57,1013.366283,1009.898284,23644,0.0,0.0,75255.5976394253,0.0
43.58,1013.366283,1010.418484,23644,0.0,0.0,75294.36190164086,0.0
43.59,977.520596,1005.4838,23644,0.0,0.0,74926.63913246174,0.0
43.6,1007.709512,1005.817657,23644,0.0,0.0,74951.51748749925,0.0
43.61,1007.709512,1006.101435,23644,0.0,0.0,74972.66405574803,0.0
43.62,996.096141,1004.600641,23644,0.0,0.0,74860.82789245012,0.0
43.63,996.096141,1003.324966,23644,0.0,0.0,74765.76714619515,0.0
43.64,1000.865639,1002.956067,23645,0.0,0.0,74738.27753149491,0.0
43.65,1000.865639,1002.642503,23645,0.0,0.0,74714.91137017742,0.0
43.660000000000004,1000.865639,1002.375973,23645,0.0,0.0,74695.05008834675,0.0
43.67,1000.865639,1002.149423,23645,0.0,0.0,74678.16803604968,0.0
43.68,1000.865639,1001.956855,23645,0.0,0.0,74663.81825433816,0.0
43.69,1019.325107,1004.562093,23645,0.0,0.0,74857.95537268872,0.0
43.7,1024.873986,1007.608877,23646,0.0,0.0,75084.99561469218,0.0
43.71,1024.873986,1010.198643,23646,0.0,0.0,75277.97979058794,0.0
43.72,1008.046417,1009.87581,23646,0.0,0.0,75253.92292195308,0.0
43.730000000000004,1008.046417,1009.601401,23646,0.0,0.0,75233.4745128214,0.0
43.74,994.356143,1007.314612,23647,0.0,0.0,75063.06757620531,0.0
43.75,994.356143,1005.370842,23647,0.0,0.0,74918.22172851837,0.0
43.76,994.356143,1003.718637,23647,0.0,0.0,74795.10272072544,0.0
43.77,994.356143,1002.314263,23647,0.0,0.0,74690.45158273097,0.0
43.78,994.356143,1001.120545,23647,0.0,0.0,74601.49810798388,0.0
43.79,1041.65966,1007.201412,23647,0.0,0.0,75054.6321389066,0.0
43.800000000000004,990.212095,1004.653015,23647,0.0,0.0,74864.73069804275,0.0
43.81,990.212095,1002.486877,23647,0.0,0.0,74703.31443232359,0.0
43.82,1004.897333,1002.848445,23648,0.0,0.0,74730.25775558533,0.0
43.83,1013.669544,1004.47161,23648,0.0,0.0,74851.21276073554,0.0
43.84,992.039678,1002.60682,23649,0.0,0.0,74712.25234447837,0.0
43.85,992.039678,1001.021749,23649,0.0,0.0,74594.13602791881,0.0
43.86,992.039678,999.674438,23649,0.0,0.0,74493.73711040645,0.0
43.87,992.039678,998.529224,23649,0.0,0.0,74408.39805660227,0.0
43.88,992.039678,997.555792,23649,0.0,0.0,74335.85985341691,0.0
43.89,1048.678905,1005.224259,23649,0.0,0.0,74907.29865691449,0.0
43.9,1001.926774,1004.729636,23649,0.0,0.0,74870.44034151685,0.0
43.910000000000004,1001.926774,1004.309207,23649,0.0,0.0,74839.11081441374,0.0
43.92,996.108144,1003.079048,23649,0.0,0.0,74747.44182932562,0.0
43.93,1001.94531,1002.908987,23649,0.0,0.0,74734.76922418021,0.0
43.94,998.320161,1002.220663,23650,0.0,0.0,74683.47669818008,0.0
43.95,998.320161,1001.635588,23650,0.0,0.0,74639.87808088717,0.0
43.96,998.320161,1001.138274,23650,0.0,0.0,74602.8192375587,0.0
43.97,998.320161,1000.715557,23650,0.0,0.0,74571.31921327769,0.0
43.980000000000004,998.320161,1000.356248,23650,0.0,0.0,74544.54422617193,0.0
43.99,1024.714463,1004.00998,23650,0.0,0.0,74816.81301762408,0.0
44.0,1007.771081,1004.574145,23651,0.0,0.0,74858.85346359265,0.0
44.01,1007.771081,1005.053685,23651,0.0,0.0,74894.58782403644,0.0
44.02,1010.722125,1005.903951,23651,0.0,0.0,74957.94794356156,0.0
44.03,1010.722125,1006.626677,23651,0.0,0.0,75011.80403770617,0.0
44.04,994.376989,1004.789224,23652,0.0,0.0,74874.88071994226,0.0
44.050000000000004,994.376989,1003.227389,23652,0.0,0.0,74758.49590356885,0.0
44.06,994.376989,1001.899829,23652,0.0,0.0,74659.56879102193,0.0
44.07,994.376989,1000.771403,23652,0.0,0.0,74575.48074535707,0.0
44.08,994.376989,999.812241,23652,0.0,0.0,74504.00591399372,0.0
44.09,994.376989,998.996953,23652,0.0,0.0,74443.25228497948,0.0
44.1,994.376989,998.303958,23652,0.0,0.0,74391.6116854138,0.0
44.11,994.376989,997.714913,23652,0.0,0.0,74347.71723167143,0.0
44.12,1051.005838,1005.708552,23653,0.0,0.0,74943.38720139962,0.0
44.13,1051.005838,1012.503145,23653,0.0,0.0,75449.70666449086,0.0
44.14,997.824842,1010.301399,23654,0.0,0.0,75285.63696192246,0.0
44.15,997.824842,1008.429916,23654,0.0,0.0,75146.17779670913,0.0
44.160000000000004,997.824842,1006.839155,23654,0.0,0.0,75027.63747274468,0.0
44.17,997.824842,1005.487008,23654,0.0,0.0,74926.87818619721,0.0
44.18,997.824842,1004.337683,23654,0.0,0.0,74841.23278890597,0.0
44.19,1034.531682,1008.866783,23654,0.0,0.0,75178.73225065248,0.0
44.2,1007.812198,1008.708595,23654,0.0,0.0,75166.94439768945,0.0
44.21,1007.812198,1008.574135,23654,0.0,0.0,75156.9247077673,0.0
44.22,1001.407508,1007.499141,23654,0.0,0.0,75076.81830773622,0.0
44.230000000000004,1001.407508,1006.585396,23654,0.0,0.0,75008.72786025802,0.0
44.24,999.021202,1005.450767,23655,0.0,0.0,74924.17757945565,0.0
44.25,999.021202,1004.486332,23655,0.0,0.0,74852.30981469234,0.0
44.26,999.021202,1003.666563,23655,0.0,0.0,74791.22227053205,0.0
44.27,999.021202,1002.969759,23655,0.0,0.0,74739.29783191447,0.0
44.28,999.021202,1002.377475,23655,0.0,0.0,74695.16201437876,0.0
44.29,942.061053,993.330012,23655,0.0,0.0,74020.96319062317,0.0
44.300000000000004,942.061053,985.639668,23656,0.0,0.0,73447.8941568978,0.0
44.31,1019.598849,990.733545,23656,0.0,0.0,73827.47966962727,0.0
44.32,1007.681501,993.275739,23656,0.0,0.0,74016.9188753536,0.0
44.33,1007.681501,995.436603,23656,0.0,0.0,74177.9421331548,0.0
44.34,1002.6055,996.511938,23657,0.0,0.0,74258.07394382296,0.0
44.35,1002.6055,997.425972,23657,0.0,0.0,74326.18592700239,0.0
44.36,1002.6055,998.202901,23657,0.0,0.0,74384.08112015671,0.0
44.37,1002.6055,998.863291,23657,0.0,0.0,74433.29206041922,0.0
44.38,1002.6055,999.424622,23657,0.0,0.0,74475.1213223833,0.0
44.39,1012.121709,1001.329185,23657,0.0,0.0,74617.04554294862,0.0
44.4,990.114769,999.647023,23657,0.0,0.0,74491.69419950944,0.0
44.410000000000004,990.114769,998.217185,23657,0.0,0.0,74385.1455352307,0.0
44.42,1007.790681,999.653209,23658,0.0,0.0,74492.15516784095,0.0
44.43,1007.790681,1000.87383,23658,0.0,0.0,74583.11340027048,0.0
44.44,998.043244,1000.449242,23659,0.0,0.0,74551.47395281644,0.0
44.45,998.043244,1000.088342,23659,0.0,0.0,74524.58040757691,0.0
44.46,998.043244,999.781578,23659,0.0,0.0,74501.72096864133,0.0
44.47,998.043244,999.520828,23659,0.0,0.0,74482.29040083526,0.0
44.480000000000004,998.043244,999.29919,23659,0.0,0.0,74465.77438094112,0.0
44.49,1042.835384,1005.829619,23659,0.0,0.0,74952.40887178342,0.0
44.5,1042.835384,1011.380484,23659,0.0,0.0,75366.04821508065,0.0
44.51,999.122051,1009.541719,23659,0.0,0.0,75229.0271297042,0.0
44.52,995.94406,1007.50207,23659,0.0,0.0,75077.03657095044,0.0
44.53,995.94406,1005.768368,23659,0.0,0.0,74947.8445699284,0.0
44.54,1001.080011,1005.065115,23660,0.0,0.0,74895.43956474602,0.0
44.550000000000004,1001.080011,1004.467349,23660,0.0,0.0,74850.89523954889,0.0
44.56,1001.080011,1003.959248,23660,0.0,0.0,74813.0325705831,0.0
44.57,1001.080011,1003.527363,23660,0.0,0.0,74780.8493653025,0.0
44.58,1001.080011,1003.16026,23660,0.0,0.0,74753.4935849255,0.0
44.59,1022.735813,1006.096593,23660,0.0,0.0,74972.3032396049,0.0
44.6,1013.617038,1007.22466,23661,0.0,0.0,75056.36453330872,0.0
44.61,1013.617038,1008.183517,23661,0.0,0.0,75127.81663668287,0.0
44.62,1007.789724,1008.124448,23661,0.0,0.0,75123.41493309809,0.0
44.63,1007.789724,1008.074239,23661,0.0,0.0,75119.67345896972,0.0
44.64,1001.311899,1007.059888,23662,0.0,0.0,75044.08605385124,0.0
44.65,1001.311899,1006.19769,23662,0.0,0.0,74979.83678558185,0.0
44.660000000000004,1001.311899,1005.464821,23662,0.0,0.0,74925.22485539026,0.0
44.67,1001.311899,1004.841883,23662,0.0,0.0,74878.80476316412,0.0
44.68,1001.311899,1004.312385,23662,0.0,0.0,74839.34763260928,0.0
44.69,1018.796614,1006.48502,23662,0.0,0.0,75001.24804175716,0.0
44.7,1018.796614,1008.331759,23662,0.0,0.0,75138.86333364437,0.0
44.71,999.024936,1006.935735,23662,0.0,0.0,75034.83442092764,0.0
44.72,1025.321826,1009.693649,23663,0.0,0.0,75240.3486490399,0.0
44.730000000000004,1025.321826,1012.037875,23663,0.0,0.0,75415.03567586909,0.0
44.74,996.507593,1009.708333,23664,0.0,0.0,75241.44287131283,0.0
44.75,996.507593,1007.728222,23664,0.0,0.0,75093.88896508457,0.0
44.76,996.507593,1006.045128,23664,0.0,0.0,74968.46817087186,0.0
44.77,996.507593,1004.614497,23664,0.0,0.0,74861.86041382125,0.0
44.78,996.507593,1003.398462,23664,0.0,0.0,74771.24392092756,0.0
44.79,1040.601289,1008.978886,23664,0.0,0.0,75187.08594170814,0.0
44.800000000000004,1040.601289,1013.722246,23664,0.0,0.0,75540.5516295644,0.0
44.81,999.087829,1011.527084,23664,0.0,0.0,75376.9725534905,0.0
44.82,999.087829,1009.661195,23664,0.0,0.0,75237.93024195427,0.0
44.83,1001.96575,1008.506879,23664,0.0,0.0,75151.9129253383,0.0
44.84,994.536513,1006.411324,23665,0.0,0.0,74995.75636342529,0.0
44.85,994.536513,1004.630102,23665,0.0,0.0,74863.02326716974,0.0
44.86,994.536513,1003.116064,23665,0.0,0.0,74750.20018751512,0.0
44.87,994.536513,1001.829131,23665,0.0,0.0,74654.30051764609,0.0
44.88,994.536513,1000.735239,23665,0.0,0.0,74572.7858765013,0.0
44.89,1039.1629,1006.499388,23665,0.0,0.0,75002.31871634292,0.0
44.9,1039.1629,1011.398915,23666,0.0,0.0,75367.4216562896,0.0
44.910000000000004,1010.780193,1011.306106,23666,0.0,0.0,75360.50571547459,0.0
44.92,1007.056805,1010.668711,23666,0.0,0.0,75313.00831656092,0.0
44.93,1007.056805,1010.126925,23666,0.0,0.0,75272.6355088548,0.0
44.94,999.105438,1008.473702,23667,0.0,0.0,75149.4406417406,0.0
44.95,999.105438,1007.068462,23667,0.0,0.0,75044.72497116042,0.0
44.96,999.105438,1005.874009,23667,0.0,0.0,74955.71672568527,0.0
44.97,999.105438,1004.858723,23667,0.0,0.0,74880.05964623932,0.0
44.980000000000004,999.105438,1003.99573,23667,0.0,0.0,74815.75113616201,0.0
44.99,1020.134936,1006.416611,23667,0.0,0.0,74996.15034007722,0.0
45.0,1001.902629,1005.739514,23667,0.0,0.0,74945.69442763319,0.0
45.01,1018.037789,1007.584255,23667,0.0,0.0,75083.16083256173,0.0
45.02,1018.037789,1009.152285,23668,0.0,0.0,75200.00728792866,0.0
45.03,958.719422,1001.587356,23668,0.0,0.0,74636.28392883953,0.0
45.04,1005.462813,1002.168674,23669,0.0,0.0,74679.60258201644,0.0
45.050000000000004,1005.462813,1002.662795,23669,0.0,0.0,74716.42348937942,0.0
45.06,1005.462813,1003.082798,23669,0.0,0.0,74747.72127181565,0.0
45.07,1005.462813,1003.4398,23669,0.0,0.0,74774.32434590155,0.0
45.08,1005.462813,1003.743252,23669,0.0,0.0,74796.93698122996,0.0
45.09,1005.462813,1004.001186,23669,0.0,0.0,74816.1577063555,0.0
45.1,1005.462813,1004.22043,23669,0.0,0.0,74832.495330164,0.0
45.11,1005.462813,1004.406787,23669,0.0,0.0,74846.38228059406,0.0
45.12,1004.058652,1004.354567,23669,0.0,0.0,74842.49095077302,0.0
45.13,1004.058652,1004.31018,23669,0.0,0.0,74839.18332042515,0.0
45.14,999.904883,1003.649385,23670,0.0,0.0,74789.94220037376,0.0
45.15,999.904883,1003.08771,23670,0.0,0.0,74748.08730421856,0.0
45.160000000000004,999.904883,1002.610286,23670,0.0,0.0,74712.51062385716,0.0
45.17,999.904883,1002.204475,23670,0.0,0.0,74682.27040083917,0.0
45.18,999.904883,1001.859537,23670,0.0,0.0,74656.56631187318,0.0
45.19,1034.499252,1006.755494,23670,0.0,0.0,75021.40322256935,0.0
45.2,1034.499252,1010.917057,23671,0.0,0.0,75331.51456312797,0.0
45.21,1010.757703,1010.893154,23671,0.0,0.0,75329.7333594376,0.0
45.22,1007.619944,1010.402173,23671,0.0,0.0,75293.14643858625,0.0
45.230000000000004,1007.619944,1009.984838,23671,0.0,0.0,75262.04747016694,0.0
45.24,999.288688,1008.380416,23672,0.0,0.0,75142.48915584086,0.0
45.25,999.288688,1007.016657,23672,0.0,0.0,75040.8645663083,0.0
45.26,999.288688,1005.857462,23672,0.0,0.0,74954.4836763833,0.0
45.27,999.288688,1004.872146,23672,0.0,0.0,74881.05990131758,0.0
45.28,999.288688,1004.034627,23672,0.0,0.0,74818.6496627045,0.0
45.29,1023.369701,1006.934888,23672,0.0,0.0,75034.77130418392,0.0
45.300000000000004,1023.369701,1009.40011,23672,0.0,0.0,75218.47471061909,0.0
45.31,1004.922457,1008.728462,23672,0.0,0.0,75168.4248467426,0.0
45.32,1007.705683,1008.575045,23673,0.0,0.0,75156.9925191449,0.0
45.33,1007.705683,1008.444641,23673,0.0,0.0,75147.27507421993,0.0
45.34,999.811627,1007.149689,23674,0.0,0.0,75050.77784453024,0.0
45.35,999.811627,1006.048979,23674,0.0,0.0,74968.75513967962,0.0
45.36,999.811627,1005.113377,23674,0.0,0.0,74899.03595233358,0.0
45.37,999.811627,1004.318114,23674,0.0,0.0,74839.77454621604,0.0
45.38,999.811627,1003.642141,23674,0.0,0.0,74789.40239200105,0.0
45.39,1039.627512,1009.039947,23674,0.0,0.0,75191.6360851436,0.0
45.4,1001.817279,1007.956546,23674,0.0,0.0,75110.90321230893,0.0
45.410000000000004,1001.817279,1007.035656,23674,0.0,0.0,75042.28033373975,0.0
45.42,996.15058,1005.402895,23674,0.0,0.0,74920.61025388706,0.0
45.43,996.15058,1004.015048,23674,0.0,0.0,74817.19067483461,0.0
45.44,1004.069606,1004.023231,23675,0.0,0.0,74817.80045560683,0.0
45.45,1004.069606,1004.030188,23675,0.0,0.0,74818.31887731432,0.0
45.46,1004.069606,1004.0361,23675,0.0,0.0,74818.75942771455,0.0
45.47,1004.069606,1004.041126,23675,0.0,0.0,74819.13395516919,0.0
45.480000000000004,1004.069606,1004.045398,23675,0.0,0.0,74819.45229605383,0.0
45.49,1014.535507,1005.618915,23675,0.0,0.0,74936.70763167217,0.0
45.5,1014.535507,1006.956403,23676,0.0,0.0,75036.37455889666,0.0
45.51,1013.68186,1007.965222,23676,0.0,0.0,75111.54973045383,0.0
45.52,996.05829,1006.179182,23676,0.0,0.0,74978.4576064871,0.0
45.53,996.05829,1004.661048,23676,0.0,0.0,74865.32930111539,0.0
45.54,999.080917,1003.824029,23677,0.0,0.0,74802.95632150097,0.0
45.550000000000004,999.080917,1003.112562,23677,0.0,0.0,74749.93922548843,0.0
45.56,999.080917,1002.507815,23677,0.0,0.0,74704.87469015188,0.0
45.57,999.080917,1001.99378,23677,0.0,0.0,74666.56983138989,0.0
45.58,999.080917,1001.556851,23677,0.0,0.0,74634.01075733072,0.0
45.59,1013.75231,1003.38617,23677,0.0,0.0,74770.32794570425,0.0
45.6,1013.75231,1004.941091,23677,0.0,0.0,74886.19754464409,0.0
45.61,1004.897333,1004.934527,23677,0.0,0.0,74885.70840850956,0.0
45.62,1007.767251,1005.359436,23678,0.0,0.0,74917.37177624073,0.0
45.63,1007.767251,1005.720608,23678,0.0,0.0,74944.28559037553,0.0
45.64,995.274944,1004.153758,23679,0.0,0.0,74827.52706624547,0.0
45.65,995.274944,1002.821936,23679,0.0,0.0,74728.28235799387,0.0
45.660000000000004,995.274944,1001.689887,23679,0.0,0.0,74643.92433362466,0.0
45.67,995.274944,1000.727646,23679,0.0,0.0,74572.22006134751,0.0
45.68,995.274944,999.90974,23679,0.0,0.0,74511.27134421625,0.0
45.69,1051.269612,1007.613721,23679,0.0,0.0,75085.35657987131,0.0
45.7,1051.269612,1014.162105,23679,0.0,0.0,75573.32904135578,0.0
45.71,996.103562,1011.453323,23679,0.0,0.0,75371.47603148878,0.0
45.72,1001.90824,1010.021561,23679,0.0,0.0,75264.78399458321,0.0
45.730000000000004,1001.90824,1008.804563,23680,0.0,0.0,75174.09574085806,0.0
45.74,996.83535,1007.009181,23680,0.0,0.0,75040.3074697602,0.0
45.75,996.83535,1005.483106,23680,0.0,0.0,74926.5874169716,0.0
45.76,996.83535,1004.185943,23680,0.0,0.0,74829.92542798979,0.0
45.77,996.83535,1003.083354,23680,0.0,0.0,74747.76270382215,0.0
45.78,996.83535,1002.146153,23680,0.0,0.0,74677.92436219838,0.0
45.79,1034.497696,1006.998884,23681,0.0,0.0,75039.54015794159,0.0
45.800000000000004,1013.553289,1007.982045,23681,0.0,0.0,75112.80334672306,0.0
45.81,1013.553289,1008.817732,23681,0.0,0.0,75175.077068365,0.0
45.82,1007.859718,1008.67403,23681,0.0,0.0,75164.36868311146,0.0
45.83,1007.859718,1008.551883,23681,0.0,0.0,75155.26653329053,0.0
45.84,997.767806,1006.934271,23682,0.0,0.0,75034.72532657953,0.0
45.85,997.767806,1005.559302,23682,0.0,0.0,74932.26539029683,0.0
45.86,997.767806,1004.390577,23682,0.0,0.0,74845.17434385719,0.0
45.87,997.767806,1003.397162,23682,0.0,0.0,74771.14704753102,0.0
45.88,997.767806,1002.552758,23682,0.0,0.0,74708.22375250625,0.0
45.89,1021.007336,1005.320945,23682,0.0,0.0,74914.50350400517,0.0
45.9,996.05829,1003.931547,23682,0.0,0.0,74810.96834753883,0.0
45.910000000000004,1007.797181,1004.511392,23683,0.0,0.0,74854.17723570568,0.0
45.92,1007.797181,1005.00426,23683,0.0,0.0,74890.90477201798,0.0
45.93,1010.757753,1005.867284,23683,0.0,0.0,74955.21559215317,0.0
45.94,993.275274,1003.978483,23684,0.0,0.0,74814.46592426194,0.0
45.95,993.275274,1002.373001,23684,0.0,0.0,74694.82862085867,0.0
45.96,993.275274,1001.008342,23684,0.0,0.0,74593.13696512849,0.0
45.97,993.275274,999.848382,23684,0.0,0.0,74506.69906893554,0.0
45.980000000000004,993.275274,998.862416,23684,0.0,0.0,74433.22685717155,0.0
45.99,1043.786445,1005.60102,23684,0.0,0.0,74935.37413210978,0.0
46.0,996.047235,1004.167952,23684,0.0,0.0,74828.58477469967,0.0
46.01,990.204669,1002.07346,23684,0.0,0.0,74672.50742541783,0.0
46.02,990.204669,1000.293141,23684,0.0,0.0,74539.84161891388,0.0
46.03,1004.919643,1000.987116,23685,0.0,0.0,74591.55524611699,0.0
46.04,998.247541,1000.57618,23686,0.0,0.0,74560.93311836262,0.0
46.050000000000004,998.247541,1000.226884,23686,0.0,0.0,74534.90427996422,0.0
46.06,998.247541,999.929983,23686,0.0,0.0,74512.77981203637,0.0
46.07,998.247541,999.677617,23686,0.0,0.0,74493.97400312,0.0
46.08,998.247541,999.463105,23686,0.0,0.0,74477.9889984749,0.0
46.09,998.247541,999.280771,23686,0.0,0.0,74464.40183394813,0.0
46.1,998.247541,999.125786,23686,0.0,0.0,74452.85266213062,0.0
46.11,998.247541,998.99405,23686,0.0,0.0,74443.0359592332,0.0
46.12,1034.900498,1004.380017,23686,0.0,0.0,74844.3874338053,0.0
46.13,1034.900498,1008.958089,23686,0.0,0.0,75185.53619091748,0.0
46.14,1000.804615,1007.735068,23687,0.0,0.0,75094.39911529435,0.0
46.15,1000.804615,1006.6955,23687,0.0,0.0,75016.932589837,0.0
46.160000000000004,1000.804615,1005.811867,23687,0.0,0.0,74951.08602829464,0.0
46.17,1000.804615,1005.060779,23687,0.0,0.0,74895.11645470955,0.0
46.18,1000.804615,1004.422355,23687,0.0,0.0,74847.54237677662,0.0
46.19,1016.454088,1006.227115,23687,0.0,0.0,74982.02947765353,0.0
46.2,913.529273,992.322438,23687,0.0,0.0,73945.88079397267,0.0
46.21,913.529273,980.503464,23688,0.0,0.0,73065.15452089503,0.0
46.22,1008.108934,984.644284,23688,0.0,0.0,73373.72013463487,0.0
46.230000000000004,1008.108934,988.163982,23688,0.0,0.0,73636.00098083174,0.0
46.24,1000.874594,990.070574,23689,0.0,0.0,73778.07639841366,0.0
46.25,1000.874594,991.691177,23689,0.0,0.0,73898.84048845468,0.0
46.26,1000.874594,993.068689,23689,0.0,0.0,74001.48992400464,0.0
46.27,1000.874594,994.239575,23689,0.0,0.0,74088.7420038365,0.0
46.28,1000.874594,995.234828,23689,0.0,0.0,74162.90626424178,0.0
46.29,1027.377474,1000.056225,23689,0.0,0.0,74522.18711305641,0.0
46.300000000000004,1027.377474,1004.154412,23689,0.0,0.0,74827.57580101573,0.0
46.31,996.085981,1002.944147,23689,0.0,0.0,74737.38927696666,0.0
46.32,1001.821085,1002.775688,23689,0.0,0.0,74724.83604965296,0.0
46.33,1001.821085,1002.632497,23690,0.0,0.0,74714.16574309606,0.0
46.34,1017.27578,1004.82899,23690,0.0,0.0,74877.84400262442,0.0
46.35,1017.27578,1006.696008,23690,0.0,0.0,75016.97044497966,0.0
46.36,1017.27578,1008.282974,23690,0.0,0.0,75135.22797314418,0.0
46.37,1017.27578,1009.631895,23690,0.0,0.0,75235.74686463225,0.0
46.38,1017.27578,1010.778478,23690,0.0,0.0,75321.18793357478,0.0
46.39,955.453925,1002.479795,23691,0.0,0.0,74702.78669586644,0.0
46.4,955.453925,995.425914,23691,0.0,0.0,74177.14561028127,0.0
46.410000000000004,1010.841958,997.738321,23691,0.0,0.0,74349.46154895314,0.0
46.42,996.07861,997.489364,23691,0.0,0.0,74330.90977188971,0.0
46.43,996.07861,997.277751,23691,0.0,0.0,74315.14079491886,0.0
46.44,1008.838122,999.011807,23692,0.0,0.0,74444.35917531195,0.0
46.45,1008.838122,1000.485754,23692,0.0,0.0,74554.19475393527,0.0
46.46,1008.838122,1001.738609,23692,0.0,0.0,74647.55499949101,0.0
46.47,1008.838122,1002.803536,23692,0.0,0.0,74726.91122684284,0.0
46.480000000000004,1008.838122,1003.708724,23692,0.0,0.0,74794.36402381783,0.0
46.49,988.576362,1001.43887,23692,0.0,0.0,74625.2190494867,0.0
46.5,1001.811769,1001.494804,23692,0.0,0.0,74629.38713914983,0.0
46.51,1001.811769,1001.542349,23693,0.0,0.0,74632.93009733332,0.0
46.52,1010.760533,1002.925077,23693,0.0,0.0,74735.96821875739,0.0
46.53,1010.760533,1004.100395,23693,0.0,0.0,74823.55056235346,0.0
46.54,997.441736,1003.101596,23694,0.0,0.0,74749.1220611296,0.0
46.550000000000004,997.441736,1002.252617,23694,0.0,0.0,74685.85784626703,0.0
46.56,997.441736,1001.530985,23694,0.0,0.0,74632.08327481156,0.0
46.57,997.441736,1000.917598,23694,0.0,0.0,74586.374903978,0.0
46.58,997.441736,1000.396219,23694,0.0,0.0,74547.52278504355,0.0
46.59,1046.00418,1007.237413,23694,0.0,0.0,75057.31486132878,0.0
46.6,995.872069,1005.532611,23694,0.0,0.0,74930.27643042985,0.0
46.61,995.872069,1004.08353,23694,0.0,0.0,74822.29381632834,0.0
46.62,996.136733,1002.89151,23694,0.0,0.0,74733.46687314074,0.0
46.63,996.136733,1001.878294,23695,0.0,0.0,74657.96404594924,0.0
46.64,1003.241243,1002.082736,23695,0.0,0.0,74673.19865436117,0.0
46.65,1003.241243,1002.256512,23695,0.0,0.0,74686.14809386668,0.0
46.660000000000004,1003.241243,1002.404222,23695,0.0,0.0,74697.15514725356,0.0
46.67,1003.241243,1002.529775,23695,0.0,0.0,74706.51110537343,0.0
46.68,1003.241243,1002.636495,23695,0.0,0.0,74714.4636660494,0.0
46.69,1018.03513,1004.946291,23696,0.0,0.0,74886.58503823023,0.0
46.7,1013.555113,1006.237614,23696,0.0,0.0,74982.81184210759,0.0
46.71,1013.555113,1007.335239,23696,0.0,0.0,75064.60465893646,0.0
46.72,1002.01029,1006.536497,23696,0.0,0.0,75005.08400470618,0.0
46.730000000000004,1002.01029,1005.857566,23696,0.0,0.0,74954.49142625504,0.0
46.74,996.872031,1004.509735,23697,0.0,0.0,74854.05375938406,0.0
46.75,996.872031,1003.36408,23697,0.0,0.0,74768.68184314304,0.0
46.76,996.872031,1002.390272,23697,0.0,0.0,74696.11562119071,0.0
46.77,996.872031,1001.562536,23697,0.0,0.0,74634.43439214557,0.0
46.78,996.872031,1000.858961,23697,0.0,0.0,74582.00539216805,0.0
46.79,1034.176242,1005.856553,23697,0.0,0.0,74954.41593952372,0.0
46.800000000000004,1034.176242,1010.104506,23697,0.0,0.0,75270.96488987247,0.0
46.81,999.097071,1008.453391,23698,0.0,0.0,75147.92710669668,0.0
46.82,999.097071,1007.049943,23698,0.0,0.0,75043.3449723677,0.0
46.83,1013.623627,1008.035995,23698,0.0,0.0,75116.82359267947,0.0
46.84,989.84652,1005.307574,23699,0.0,0.0,74913.50712386274,0.0
46.85,989.84652,1002.988416,23699,0.0,0.0,74740.68811419084,0.0
46.86,989.84652,1001.017132,23699,0.0,0.0,74593.7919783251,0.0
46.87,989.84652,999.34154,23699,0.0,0.0,74468.93021812841,0.0
46.88,989.84652,997.917287,23699,0.0,0.0,74362.79773686484,0.0
46.89,1043.265363,1004.719498,23699,0.0,0.0,74869.68487805984,0.0
46.9,1043.265363,1010.501378,23699,0.0,0.0,75300.53899651226,0.0
46.910000000000004,1001.936994,1009.21672,23699,0.0,0.0,75204.80885508716,0.0
46.92,990.182588,1006.361601,23699,0.0,0.0,74992.05110504363,0.0
46.93,990.182588,1003.934749,23700,0.0,0.0,74811.20695416631,0.0
46.94,1000.885247,1003.477323,23700,0.0,0.0,74777.12048471568,0.0
46.95,1000.885247,1003.088512,23700,0.0,0.0,74748.14706765243,0.0
46.96,1000.885247,1002.758022,23700,0.0,0.0,74723.51961471199,0.0
46.97,1000.885247,1002.477106,23700,0.0,0.0,74702.58631697159,0.0
46.980000000000004,1000.885247,1002.238327,23700,0.0,0.0,74684.79298408506,0.0
46.99,1018.999679,1004.75253,23701,0.0,0.0,74872.1463565479,0.0
47.0,1007.739338,1005.200551,23701,0.0,0.0,74905.53198423357,0.0
47.01,1007.739338,1005.581369,23701,0.0,0.0,74933.90977894407,0.0
47.02,1002.000971,1005.044309,23701,0.0,0.0,74893.88914329339,0.0
47.03,1002.000971,1004.587808,23701,0.0,0.0,74859.8716029903,0.0
47.04,1002.297159,1004.244211,23702,0.0,0.0,74834.26744265873,0.0
47.050000000000004,1002.297159,1003.952153,23702,0.0,0.0,74812.50386539199,0.0
47.06,1002.297159,1003.703904,23702,0.0,0.0,74794.00484707068,0.0
47.07,1002.297159,1003.492892,23702,0.0,0.0,74778.28065541625,0.0
47.08,1002.297159,1003.313532,23702,0.0,0.0,74764.91510741359,0.0
47.09,1002.297159,1003.161076,23702,0.0,0.0,74753.55439161131,0.0
47.1,1002.297159,1003.031488,23702,0.0,0.0,74743.8977533722,0.0
47.11,1002.297159,1002.921339,23703,0.0,0.0,74735.68967048333,0.0
47.12,1025.919629,1006.371082,23703,0.0,0.0,74992.75761017638,0.0
47.13,1025.919629,1009.303364,23703,0.0,0.0,75211.2653924486,0.0
47.14,997.552653,1007.540758,23704,0.0,0.0,75079.91952323148,0.0
47.15,997.552653,1006.042542,23704,0.0,0.0,74968.27546733075,0.0
47.160000000000004,997.552653,1004.769059,23704,0.0,0.0,74873.37806452591,0.0
47.17,997.552653,1003.686598,23704,0.0,0.0,74792.71523860874,0.0
47.18,997.552653,1002.766506,23704,0.0,0.0,74724.15182540141,0.0
47.19,961.087973,996.514726,23704,0.0,0.0,74258.28169999954,0.0
47.2,961.087973,991.200713,23704,0.0,0.0,73862.29209340794,0.0
47.21,993.405609,991.531448,23704,0.0,0.0,73886.93780325775,0.0
47.22,1001.926774,993.090747,23704,0.0,0.0,74003.13364198993,0.0
47.230000000000004,1001.926774,994.416151,23705,0.0,0.0,74101.90009373457,0.0
47.24,1003.673277,995.80472,23705,0.0,0.0,74205.37347478111,0.0
47.25,1003.673277,996.985003,23705,0.0,0.0,74293.32580023399,0.0
47.26,1003.673277,997.988244,23705,0.0,0.0,74368.085310402,0.0
47.27,1003.673277,998.840999,23705,0.0,0.0,74431.63090522254,0.0
47.28,1003.673277,999.565841,23705,0.0,0.0,74485.64467944948,0.0
47.29,1020.387803,1002.689135,23706,0.0,0.0,74718.38629342931,0.0
47.300000000000004,1020.387803,1005.343935,23706,0.0,0.0,74916.21667276399,0.0
47.31,1007.79436,1005.711499,23706,0.0,0.0,74943.60680593777,0.0
47.32,996.05839,1004.263533,23706,0.0,0.0,74835.7072794033,0.0
47.33,996.05839,1003.032761,23706,0.0,0.0,74743.99261478281,0.0
47.34,1003.877581,1003.159484,23707,0.0,0.0,74753.43575895956,0.0
47.35,1003.877581,1003.267199,23707,0.0,0.0,74761.4624650429,0.0
47.36,1003.877581,1003.358756,23707,0.0,0.0,74768.28510932522,0.0
47.37,1003.877581,1003.43658,23707,0.0,0.0,74774.08439795012,0.0
47.38,1003.877581,1003.50273,23707,0.0,0.0,74779.01376347407,0.0
47.39,1002.678483,1003.379093,23707,0.0,0.0,74769.8005818371,0.0
47.4,1001.832204,1003.147059,23707,0.0,0.0,74752.50987284262,0.0
47.410000000000004,1001.832204,1002.949831,23708,0.0,0.0,74737.81283726353,0.0
47.42,1010.742743,1004.118768,23708,0.0,0.0,74824.91968151857,0.0
47.43,1010.742743,1005.112364,23708,0.0,0.0,74898.96046560227,0.0
47.44,998.928036,1004.184715,23709,0.0,0.0,74829.83391988906,0.0
47.45,998.928036,1003.396213,23709,0.0,0.0,74771.07632995154,0.0
47.46,998.928036,1002.725986,23709,0.0,0.0,74721.13235614925,0.0
47.47,998.928036,1002.156294,23709,0.0,0.0,74678.68004920939,0.0
47.480000000000004,998.928036,1001.672055,23709,0.0,0.0,74642.59552869611,0.0
47.49,1034.332359,1006.571101,23709,0.0,0.0,75007.66262548607,0.0
47.5,995.99196,1004.98423,23709,0.0,0.0,74889.41217653127,0.0
47.51,995.99196,1003.635389,23709,0.0,0.0,74788.89924648301,0.0
47.52,999.044318,1002.946728,23709,0.0,0.0,74737.58160791777,0.0
47.53,999.044318,1002.361367,23710,0.0,0.0,74693.9616784776,0.0
47.54,999.169534,1001.882592,23710,0.0,0.0,74658.28432430181,0.0
47.550000000000004,999.169534,1001.475633,23710,0.0,0.0,74627.95855462286,0.0
47.56,999.169534,1001.129718,23710,0.0,0.0,74602.18166157346,0.0
47.57,999.169534,1000.835691,23710,0.0,0.0,74580.27135836997,0.0
47.58,999.169534,1000.585767,23710,0.0,0.0,74561.64752240312,0.0
47.59,1034.951743,1005.740663,23711,0.0,0.0,74945.78004881216,0.0
47.6,1007.739338,1006.040465,23711,0.0,0.0,74968.12069345028,0.0
47.61,1007.739338,1006.295296,23711,0.0,0.0,74987.11018923006,0.0
47.62,1004.888942,1006.084343,23711,0.0,0.0,74971.3903941375,0.0
47.63,1004.888942,1005.905033,23711,0.0,0.0,74958.0285720347,0.0
47.64,999.007621,1004.870421,23712,0.0,0.0,74880.93135777218,0.0
47.65,999.007621,1003.991001,23712,0.0,0.0,74815.39874055261,0.0
47.660000000000004,999.007621,1003.243494,23712,0.0,0.0,74759.69601591598,0.0
47.67,999.007621,1002.608113,23712,0.0,0.0,74712.34869624896,0.0
47.68,999.007621,1002.068039,23712,0.0,0.0,74672.10346335426,0.0
47.69,1015.325793,1004.056702,23712,0.0,0.0,74820.29464749576,0.0
47.7,1015.325793,1005.747066,23712,0.0,0.0,74946.2571875491,0.0
47.71,1007.820512,1006.058083,23713,0.0,0.0,74969.43355152739,0.0
47.72,1013.596463,1007.18884,23713,0.0,0.0,75053.69529864404,0.0
47.730000000000004,1013.596463,1008.149983,23713,0.0,0.0,75125.31775016012,0.0
47.74,996.81959,1006.450424,23714,0.0,0.0,74998.67001712124,0.0
47.75,996.81959,1005.005799,23714,0.0,0.0,74891.01945521588,0.0
47.76,996.81959,1003.777868,23714,0.0,0.0,74799.51649622583,0.0
47.77,996.81959,1002.734126,23714,0.0,0.0,74721.73893264757,0.0
47.78,996.81959,1001.846946,23714,0.0,0.0,74655.62805576867,0.0
47.79,1034.61139,1006.761612,23714,0.0,0.0,75021.85912367704,0.0
47.800000000000004,990.190014,1004.275873,23714,0.0,0.0,74836.62683149046,0.0
47.81,990.190014,1002.162994,23714,0.0,0.0,74679.17931979155,0.0
47.82,1001.966702,1002.13355,23714,0.0,0.0,74676.98521187794,0.0
47.83,1001.966702,1002.108523,23715,0.0,0.0,74675.12024995852,0.0
47.84,995.71757,1001.14988,23715,0.0,0.0,74603.6840934358,0.0
47.85,995.71757,1000.335033,23715,0.0,0.0,74542.96332685837,0.0
47.86,995.71757,999.642414,23715,0.0,0.0,74491.35074605969,0.0
47.870000000000005,995.71757,999.053687,23715,0.0,0.0,74447.4799890405,0.0
47.88,995.71757,998.55327,23715,0.0,0.0,74410.18991636627,0.0
47.89,1039.523845,1004.698856,23716,0.0,0.0,74868.14667755876,0.0
47.9,1039.523845,1009.922604,23716,0.0,0.0,75257.40991712056,0.0
47.910000000000004,1010.749263,1010.046603,23716,0.0,0.0,75266.65007427256,0.0
47.92,1010.749263,1010.152002,23716,0.0,0.0,75274.50419667405,0.0
47.93,993.187601,1007.607342,23716,0.0,0.0,75084.88122956628,0.0
47.94,1002.93721,1006.906822,23717,0.0,0.0,75032.6798820706,0.0
47.95,1002.93721,1006.31138,23717,0.0,0.0,74988.30873669927,0.0
47.96,1002.93721,1005.805255,23717,0.0,0.0,74950.59331529625,0.0
47.97,1002.93721,1005.375048,23717,0.0,0.0,74918.53515121517,0.0
47.980000000000004,1002.93721,1005.009372,23717,0.0,0.0,74891.28570802035,0.0
47.99,1002.912365,1004.694821,23717,0.0,0.0,74867.8459974395,0.0
48.0,1007.700242,1005.145634,23717,0.0,0.0,74901.43967937371,0.0
48.01,1007.599393,1005.513698,23718,0.0,0.0,74928.86707154618,0.0
48.02,1007.599393,1005.826552,23718,0.0,0.0,74952.18032508557,0.0
48.03,1010.811984,1006.574367,23718,0.0,0.0,75007.9060012654,0.0
48.04,994.571738,1004.773973,23719,0.0,0.0,74873.74424596483,0.0
48.050000000000004,994.571738,1003.243637,23719,0.0,0.0,74759.7066719896,0.0
48.06,994.571738,1001.942852,23719,0.0,0.0,74662.77477882145,0.0
48.07,994.571738,1000.837185,23719,0.0,0.0,74580.38268825799,0.0
48.08,994.571738,999.897368,23719,0.0,0.0,74510.34940755318,0.0
48.09,994.571738,999.098524,23719,0.0,0.0,74450.82115248716,0.0
48.1,994.571738,998.419506,23719,0.0,0.0,74400.22209097027,0.0
48.11,994.571738,997.842341,23719,0.0,0.0,74357.21291103632,0.0
48.120000000000005,1041.482731,1004.388399,23719,0.0,0.0,74845.012043659,0.0
48.13,1041.482731,1009.952549,23720,0.0,0.0,75259.64135855089,0.0
48.14,1004.734353,1009.169819,23721,0.0,0.0,75201.31388649398,0.0
48.15,1004.734353,1008.504499,23721,0.0,0.0,75151.73557250464,0.0
48.160000000000004,1004.734353,1007.938977,23721,0.0,0.0,75109.59400561368,0.0
48.17,1004.734353,1007.458284,23721,0.0,0.0,75073.77372591896,0.0
48.18,1004.734353,1007.049694,23721,0.0,0.0,75043.32641738637,0.0
48.19,1004.734353,1006.702393,23721,0.0,0.0,75017.44624239266,0.0
48.2,1004.734353,1006.407187,23721,0.0,0.0,74995.44808247029,0.0
48.21,961.944884,999.737841,23721,0.0,0.0,74498.46177499172,0.0
48.22,961.944884,994.068898,23721,0.0,0.0,74076.02349560474,0.0
48.230000000000004,1045.10938,1001.72497,23721,0.0,0.0,74646.5386485253,0.0
48.24,998.359746,1001.220187,23722,0.0,0.0,74608.92323027468,0.0
48.25,998.359746,1000.791121,23722,0.0,0.0,74576.95009122857,0.0
48.26,998.359746,1000.426414,23722,0.0,0.0,74549.7728559732,0.0
48.27,998.359746,1000.116414,23722,0.0,0.0,74526.67227679821,0.0
48.28,998.359746,999.852914,23722,0.0,0.0,74507.03678449948,0.0
48.29,998.359746,999.628939,23722,0.0,0.0,74490.34661604556,0.0
48.300000000000004,998.359746,999.43856,23722,0.0,0.0,74476.15995423021,0.0
48.31,1011.054463,1001.180945,23723,0.0,0.0,74605.99899502311,0.0
48.32,937.425006,991.617555,23723,0.0,0.0,73893.35432445462,0.0
48.33,1042.914206,999.312052,23723,0.0,0.0,74466.7328314229,0.0
48.34,998.975665,999.261594,23724,0.0,0.0,74462.97280231319,0.0
48.35,998.975665,999.218705,23724,0.0,0.0,74459.77679992534,0.0
48.36,998.975665,999.182249,23724,0.0,0.0,74457.06017181433,0.0
48.370000000000005,998.975665,999.151261,23724,0.0,0.0,74454.7510081128,0.0
48.38,998.975665,999.124922,23724,0.0,0.0,74452.78827858092,0.0
48.39,998.975665,999.102533,23724,0.0,0.0,74451.11989513852,0.0
48.4,1073.924961,1010.325897,23724,0.0,0.0,75287.46250382127,0.0
48.410000000000004,937.466626,999.397007,23724,0.0,0.0,74473.0635078868,0.0
48.42,937.466626,990.10745,23724,0.0,0.0,73780.82432408351,0.0
48.43,996.128415,991.010594,23725,0.0,0.0,73848.12480627192,0.0
48.44,1010.64643,993.95597,23726,0.0,0.0,74067.60832720128,0.0
48.45,1010.64643,996.459539,23726,0.0,0.0,74254.16927528042,0.0
48.46,1010.64643,998.587572,23726,0.0,0.0,74412.746032711,0.0
48.47,1010.64643,1000.396401,23726,0.0,0.0,74547.53634731905,0.0
48.480000000000004,1010.64643,1001.933905,23726,0.0,0.0,74662.10806629923,0.0
48.49,1010.64643,1003.240784,23726,0.0,0.0,74759.4940721432,0.0
48.5,1000.472789,1002.825585,23726,0.0,0.0,74728.55427416618,0.0
48.51,1037.085937,1007.964638,23726,0.0,0.0,75111.50621194339,0.0
48.52,914.028315,993.874189,23726,0.0,0.0,74061.51417086092,0.0
48.53,914.028315,981.897308,23726,0.0,0.0,73169.02098437751,0.0
48.54,1011.248865,986.300042,23727,0.0,0.0,73497.10390487232,0.0
48.550000000000004,1011.248865,990.042365,23727,0.0,0.0,73775.97432022671,0.0
48.56,1011.248865,993.22334,23727,0.0,0.0,74013.01420681104,0.0
48.57,1011.248865,995.927169,23727,0.0,0.0,74214.49812903725,0.0
48.58,1011.248865,998.225424,23727,0.0,0.0,74385.75948901077,0.0
48.59,1011.248865,1000.17894,23727,0.0,0.0,74531.3315890998,0.0
48.6,972.724064,996.060709,23727,0.0,0.0,74224.44926240183,0.0
48.61,1048.821937,1003.974893,23728,0.0,0.0,74814.19840465147,0.0
48.620000000000005,1048.821937,1010.701949,23728,0.0,0.0,75315.48514575647,0.0
48.63,993.190332,1008.075207,23728,0.0,0.0,75119.74559239113,0.0
48.64,1000.374869,1006.920156,23729,0.0,0.0,75033.67350504713,0.0
48.65,1000.374869,1005.938363,23729,0.0,0.0,74960.512256886,0.0
48.660000000000004,1000.374869,1005.103839,23729,0.0,0.0,74898.32519967496,0.0
48.67,1000.374869,1004.394494,23729,0.0,0.0,74845.46623085278,0.0
48.68,1000.374869,1003.79155,23729,0.0,0.0,74800.53605146542,0.0
48.69,1000.374869,1003.279048,23729,0.0,0.0,74762.34542879334,0.0
48.7,1000.374869,1002.843421,23729,0.0,0.0,74729.88337716673,0.0
48.71,1021.96928,1005.7123,23729,0.0,0.0,74943.66649485363,0.0
48.72,1054.589423,1013.043868,23730,0.0,0.0,75490.0002595658,0.0
48.730000000000004,1054.589423,1019.275702,23730,0.0,0.0,75954.38404899277,0.0
48.74,996.594977,1015.873593,23731,0.0,0.0,75700.86569958495,0.0
48.75,996.594977,1012.9818,23731,0.0,0.0,75485.375076507,0.0
48.76,996.594977,1010.523777,23731,0.0,0.0,75302.20812513464,0.0
48.77,996.594977,1008.434457,23731,0.0,0.0,75146.51618293504,0.0
48.78,996.594977,1006.658535,23731,0.0,0.0,75014.17803206538,0.0
48.79,996.594977,1005.149001,23731,0.0,0.0,74901.69058147077,0.0
48.800000000000004,996.594977,1003.865897,23731,0.0,0.0,74806.07624101356,0.0
48.81,1004.07886,1003.897842,23731,0.0,0.0,74808.45671843854,0.0
48.82,1004.07886,1003.924995,23731,0.0,0.0,74810.48010562027,0.0
48.83,984.39016,1000.994769,23731,0.0,0.0,74592.12553235059,0.0
48.84,1002.287426,1001.188668,23732,0.0,0.0,74606.57449751657,0.0
48.85,1002.287426,1001.353482,23732,0.0,0.0,74618.85610672995,0.0
48.86,1002.287426,1001.493573,23732,0.0,0.0,74629.29540749513,0.0
48.870000000000005,1002.287426,1001.612651,23732,0.0,0.0,74638.1688615822,0.0
48.88,1002.287426,1001.713867,23732,0.0,0.0,74645.71127520084,0.0
48.89,1002.287426,1001.799901,23732,0.0,0.0,74652.12235658387,0.0
48.9,1002.287426,1001.87303,23733,0.0,0.0,74657.57178321124,0.0
48.910000000000004,1028.068532,1005.802355,23733,0.0,0.0,74950.37721310396,0.0
48.92,1028.068532,1009.142282,23733,0.0,0.0,75199.26188440129,0.0
48.93,993.195894,1006.750324,23733,0.0,0.0,75021.0179645231,0.0
48.94,1001.279019,1005.929628,23734,0.0,0.0,74959.86134217924,0.0
48.95,1001.279019,1005.232037,23734,0.0,0.0,74907.87825789777,0.0
48.96,1001.279019,1004.639084,23734,0.0,0.0,74863.69258782183,0.0
48.97,1001.279019,1004.135074,23734,0.0,0.0,74826.13477198317,0.0
48.980000000000004,1001.279019,1003.706666,23734,0.0,0.0,74794.2106657793,0.0
48.99,1001.279019,1003.342519,23734,0.0,0.0,74767.07516060244,0.0
49.0,1001.279019,1003.032994,23734,0.0,0.0,74744.00997747619,0.0
49.01,1010.020606,1004.081136,23734,0.0,0.0,74822.11542024273,0.0
49.02,1054.677375,1011.670572,23735,0.0,0.0,75387.66499189261,0.0
49.03,1054.677375,1018.121592,23735,0.0,0.0,75868.38208308425,0.0
49.04,997.597254,1015.042942,23736,0.0,0.0,75638.9672505776,0.0
49.050000000000004,997.597254,1012.426088,23736,0.0,0.0,75443.96453116994,0.0
49.06,997.597254,1010.201763,23736,0.0,0.0,75278.21228673962,0.0
49.07,997.597254,1008.311087,23736,0.0,0.0,75137.32289760337,0.0
49.08,997.597254,1006.704012,23736,0.0,0.0,75017.56688703035,0.0
49.09,997.597254,1005.337998,23736,0.0,0.0,74915.77425941378,0.0
49.1,997.597254,1004.176886,23736,0.0,0.0,74829.2505184879,0.0
49.11,997.597254,1003.189942,23736,0.0,0.0,74755.70542812248,0.0
49.120000000000005,997.597254,1002.351038,23736,0.0,0.0,74693.19198208311,0.0
49.13,997.597254,1001.637971,23736,0.0,0.0,74640.05565727483,0.0
49.14,1016.93614,1003.932696,23737,0.0,0.0,74811.05396871778,0.0
49.15,1016.93614,1005.883213,23737,0.0,0.0,74956.40258933278,0.0
49.160000000000004,1016.93614,1007.541152,23737,0.0,0.0,75079.94888332242,0.0
49.17,1016.93614,1008.9504,23737,0.0,0.0,75184.96322203592,0.0
49.18,1016.93614,1010.148261,23737,0.0,0.0,75274.22542484601,0.0
49.19,1016.93614,1011.166443,23737,0.0,0.0,75350.0983084123,0.0
49.2,971.563467,1005.225996,23738,0.0,0.0,74907.42809467585,0.0
49.21,971.563467,1000.176617,23738,0.0,0.0,74531.158483792,0.0
49.22,1010.822295,1001.773469,23738,0.0,0.0,74650.1526968782,0.0
49.230000000000004,1010.822295,1003.130793,23738,0.0,0.0,74751.29776309793,0.0
49.24,1000.072818,1002.672096,23739,0.0,0.0,74717.11658127265,0.0
49.25,1000.072818,1002.282205,23739,0.0,0.0,74688.0626847723,0.0
49.26,1000.072818,1001.950797,23739,0.0,0.0,74663.36682431029,0.0
49.27,1000.072818,1001.6691,23739,0.0,0.0,74642.375328014,0.0
49.28,1000.072818,1001.429658,23739,0.0,0.0,74624.53258969521,0.0
49.29,1024.327458,1004.864328,23739,0.0,0.0,74880.47731961438,0.0
49.300000000000004,1024.327458,1007.783797,23739,0.0,0.0,75098.03030278668,0.0
49.31,996.09888,1006.03106,23739,0.0,0.0,74967.4198516853,0.0
49.32,1001.884095,1005.409015,23740,0.0,0.0,74921.06630403077,0.0
49.33,1001.884095,1004.880277,23740,0.0,0.0,74881.66580715393,0.0
49.34,998.889345,1003.981637,23740,0.0,0.0,74814.70095402552,0.0
49.35,998.889345,1003.217793,23741,0.0,0.0,74757.78082886637,0.0
49.36,998.889345,1002.568526,23741,0.0,0.0,74709.39875228831,0.0
49.370000000000005,998.889345,1002.016649,23741,0.0,0.0,74668.27398347104,0.0
49.38,998.889345,1001.547553,23741,0.0,0.0,74633.31788899146,0.0
49.39,1043.754216,1007.878553,23741,0.0,0.0,75105.09133014249,0.0
49.4,1043.754216,1013.259902,23741,0.0,0.0,75506.09868060288,0.0
49.410000000000004,1001.92953,1011.560346,23741,0.0,0.0,75379.45117111797,0.0
49.42,990.142391,1008.347653,23741,0.0,0.0,75140.04772269404,0.0
49.43,995.979013,1006.492357,23741,0.0,0.0,75001.79478030364,0.0
49.44,1002.500357,1005.893557,23742,0.0,0.0,74957.17340349725,0.0
49.45,1002.500357,1005.384577,23742,0.0,0.0,74919.2452332118,0.0
49.46,1002.500357,1004.951944,23742,0.0,0.0,74887.0062884692,0.0
49.47,1002.500357,1004.584206,23742,0.0,0.0,74859.6031891639,0.0
49.480000000000004,1002.500357,1004.271628,23742,0.0,0.0,74836.31050259176,0.0
49.49,1012.859089,1005.559748,23742,0.0,0.0,74932.29862532363,0.0
49.5,1012.859089,1006.654649,23743,0.0,0.0,75013.8884551277,0.0
49.51,1010.862581,1007.285839,23743,0.0,0.0,75060.92346986792,0.0
49.52,1019.345831,1009.094838,23743,0.0,0.0,75195.72645253553,0.0
49.53,1019.345831,1010.632487,23743,0.0,0.0,75310.30897662531,0.0
49.54,991.392923,1007.746552,23744,0.0,0.0,75095.2548799758,0.0
49.550000000000004,991.392923,1005.293508,23744,0.0,0.0,74912.45895371218,0.0
49.56,991.392923,1003.20842,23744,0.0,0.0,74757.08237167732,0.0
49.57,991.392923,1001.436095,23744,0.0,0.0,74625.01226204408,0.0
49.58,991.392923,999.92962,23744,0.0,0.0,74512.75276200334,0.0
49.59,1056.607274,1008.431268,23744,0.0,0.0,75146.27854504154,0.0
49.6,990.213779,1005.698644,23744,0.0,0.0,74942.64887708197,0.0
49.61,1001.952724,1005.136756,23744,0.0,0.0,74900.77810859335,0.0
49.620000000000005,1001.952724,1004.659152,23745,0.0,0.0,74865.18801499241,0.0
49.63,1010.759623,1005.574222,23745,0.0,0.0,74933.37719881709,0.0
49.64,989.989761,1003.236553,23746,0.0,0.0,74759.17878649646,0.0
49.65,989.989761,1001.249534,23746,0.0,0.0,74611.11010994259,0.0
49.660000000000004,989.989761,999.560568,23746,0.0,0.0,74485.2517460495,0.0
49.67,989.989761,998.124947,23746,0.0,0.0,74378.27214419219,0.0
49.68,989.989761,996.904669,23746,0.0,0.0,74287.33947143577,0.0
49.69,1051.939162,1005.159843,23746,0.0,0.0,74902.4985055979,0.0
49.7,1007.808368,1005.557122,23746,0.0,0.0,74932.10294106262,0.0
49.71,1007.808368,1005.894809,23746,0.0,0.0,74957.26670002991,0.0
49.72,993.1297,1003.980042,23746,0.0,0.0,74814.58209781976,0.0
49.730000000000004,993.1297,1002.352491,23746,0.0,0.0,74693.30025673323,0.0
49.74,1000.59643,1002.089082,23747,0.0,0.0,74673.67154557226,0.0
49.75,1000.59643,1001.865184,23747,0.0,0.0,74656.98711500414,0.0
49.76,1000.59643,1001.674871,23747,0.0,0.0,74642.80537137663,0.0
49.77,1000.59643,1001.513105,23747,0.0,0.0,74630.75089301914,0.0
49.78,1000.59643,1001.375603,23747,0.0,0.0,74620.50451934905,0.0
49.79,1011.751923,1002.932051,23747,0.0,0.0,74736.48790727083,0.0
49.800000000000004,1013.667719,1004.542402,23748,0.0,0.0,74856.48803880313,0.0
49.81,1013.667719,1005.911199,23748,0.0,0.0,74958.48805000629,0.0
49.82,1007.812147,1006.196341,23748,0.0,0.0,74979.73626080345,0.0
49.83,1007.812147,1006.438712,23748,0.0,0.0,74997.79726233639,0.0
49.84,994.918664,1004.710705,23749,0.0,0.0,74869.02964130921,0.0
49.85,994.918664,1003.241899,23749,0.0,0.0,74759.57715971023,0.0
49.86,994.918664,1001.993414,23749,0.0,0.0,74666.54255780288,0.0
49.870000000000005,994.918664,1000.932201,23749,0.0,0.0,74587.46309029311,0.0
49.88,994.918664,1000.030171,23749,0.0,0.0,74520.24562115374,0.0
49.89,1034.261996,1005.164945,23749,0.0,0.0,74902.87869642035,0.0
49.9,990.085466,1002.903023,23749,0.0,0.0,74734.32479884409,0.0
49.910000000000004,990.085466,1000.980389,23749,0.0,0.0,74591.05396354887,0.0
49.92,1007.867177,1002.013407,23750,0.0,0.0,74668.03239612364,0.0
49.93,1007.867177,1002.891473,23750,0.0,0.0,74733.46411597483,0.0
49.94,995.754224,1001.820886,23751,0.0,0.0,74653.68611675802,0.0
49.95,995.754224,1000.910886,23751,0.0,0.0,74585.87473917985,0.0
49.96,995.754224,1000.137387,23751,0.0,0.0,74528.2351427564,0.0
49.97,995.754224,999.479913,23751,0.0,0.0,74479.24149697415,0.0
49.980000000000004,995.754224,998.921059,23751,0.0,0.0,74437.59681608946,0.0
49.99,1044.052696,1005.690805,23751,0.0,0.0,74942.06473050085,0.0
50.0,1007.730068,1005.996694,23751,0.0,0.0,74964.85896618878,0.0
50.01,995.695074,1004.451451,23751,0.0,0.0,74849.71055242719,0.0
50.02,995.695074,1003.137995,23751,0.0,0.0,74751.83444171475,0.0
50.03,996.332272,1002.117136,23751,0.0,0.0,74675.76207346961,0.0
50.04,1002.065316,1002.109363,23753,0.0,0.0,74675.18284507628,0.0
50.050000000000004,1002.065316,1002.102756,23753,0.0,0.0,74674.69050466789,0.0
50.06,1002.065316,1002.09714,23753,0.0,0.0,74674.27201159482,0.0
50.07,1002.065316,1002.092366,23753,0.0,0.0,74673.91626267553,0.0
50.08,1002.065316,1002.088309,23753,0.0,0.0,74673.61394316032,0.0
50.09,1002.065316,1002.08486,23753,0.0,0.0,74673.35693058751,0.0
50.1,1002.065316,1002.081928,23753,0.0,0.0,74673.13844381929,0.0
50.11,1002.065316,1002.079436,23753,0.0,0.0,74672.95274496994,0.0
50.120000000000005,1025.940466,1005.658591,23753,0.0,0.0,74939.66420773456,0.0
50.13,1025.940466,1008.700872,23753,0.0,0.0,75166.368895196,0.0
50.14,996.524921,1006.874479,23754,0.0,0.0,75030.26974648268,0.0
50.15,996.524921,1005.322046,23754,0.0,0.0,74914.58554832023,0.0
50.160000000000004,996.524921,1004.002477,23754,0.0,0.0,74816.25390909007,0.0
50.17,996.524921,1002.880844,23754,0.0,0.0,74732.67206418111,0.0
50.18,996.524921,1001.927455,23754,0.0,0.0,74661.62742521641,0.0
50.19,979.795363,998.607641,23754,0.0,0.0,74414.24153439957,0.0
50.2,979.795363,995.7858,23754,0.0,0.0,74203.96359427147,0.0
50.21,1122.458571,1014.786715,23754,0.0,0.0,75619.87372767349,0.0
50.22,1183.374234,1040.074843,23755,0.0,0.0,77504.2943826771,0.0
50.230000000000004,1183.374234,1061.569752,23755,0.0,0.0,79106.05195433374,0.0
50.24,1244.513506,1089.011315,23756,0.0,0.0,81150.9422729363,0.0
50.25,1244.513506,1112.336643,23756,0.0,0.0,82889.0990027636,0.0
50.26,1244.513506,1132.163173,23756,0.0,0.0,84366.53231253836,0.0
50.27,1244.513506,1149.015723,23756,0.0,0.0,85622.35058858793,0.0
50.28,1244.513506,1163.34039,23756,0.0,0.0,86689.79608597107,0.0
50.29,1203.422147,1169.352654,23756,0.0,0.0,87137.81795872237,0.0
50.300000000000004,1265.610445,1183.791322,23756,0.0,0.0,88213.7585823201,0.0
50.31,1265.610445,1196.064191,23757,0.0,0.0,89128.3082017998,0.0
50.32,1262.61419,1206.046691,23757,0.0,0.0,89872.18411023292,0.0
50.33,1262.61419,1214.531816,23757,0.0,0.0,90504.47863240108,0.0
50.34,1277.03128,1223.906735,23758,0.0,0.0,91203.0788214932,0.0
50.35,1277.03128,1231.875417,23758,0.0,0.0,91796.88904556178,0.0
50.36,1277.03128,1238.648796,23758,0.0,0.0,92301.6276838575,0.0
50.370000000000005,1277.03128,1244.406169,23758,0.0,0.0,92730.65558974915,0.0
50.38,1277.03128,1249.299935,23758,0.0,0.0,93095.32923151317,0.0
50.39,1199.304403,1241.800606,23758,0.0,0.0,92536.49425304944,0.0
50.4,1259.573792,1244.466583,23758,0.0,0.0,92735.15752004035,0.0
50.410000000000004,1259.573792,1246.732665,23759,0.0,0.0,92904.02141248553,0.0
50.42,1268.564773,1250.007481,23759,0.0,0.0,93148.05414245813,0.0
50.43,1268.564773,1252.791075,23759,0.0,0.0,93355.48199274203,0.0
50.44,1275.434472,1256.187584,23760,0.0,0.0,93608.58304136475,0.0
50.45,1275.434472,1259.074618,23760,0.0,0.0,93823.71903329337,0.0
50.46,1275.434472,1261.528596,23760,0.0,0.0,94006.58455936649,0.0
50.47,1275.434472,1263.614477,23760,0.0,0.0,94162.02023417324,0.0
50.480000000000004,1275.434472,1265.387477,23760,0.0,0.0,94294.14064345467,0.0
50.49,1206.454232,1256.54749,23760,0.0,0.0,93635.40251571492,0.0
50.5,1265.500348,1257.890419,23761,0.0,0.0,93735.47489536292,0.0
50.51,1265.500348,1259.031908,23761,0.0,0.0,93820.53636962702,0.0
50.52,1268.521325,1260.455321,23761,0.0,0.0,93926.60625577283,0.0
50.53,1268.521325,1261.665221,23761,0.0,0.0,94016.76558075286,0.0
50.54,1251.534152,1260.145561,23762,0.0,0.0,93903.52356091722,0.0
50.550000000000004,1251.534152,1258.853849,23762,0.0,0.0,93807.2677695389,0.0
50.56,1251.534152,1257.755895,23762,0.0,0.0,93725.45043628893,0.0
50.57,1251.534152,1256.822633,23762,0.0,0.0,93655.90562105666,0.0
50.58,1251.534152,1256.029361,23762,0.0,0.0,93596.79258027184,0.0
50.59,1321.69615,1265.879379,23762,0.0,0.0,94330.79619538154,0.0
50.6,1265.40191,1265.807759,23763,0.0,0.0,94325.45921641214,0.0
50.61,1265.40191,1265.746882,23763,0.0,0.0,94320.92278428815,0.0
50.620000000000005,1274.471414,1267.055561,23763,0.0,0.0,94418.44292252732,0.0
50.63,1274.471414,1268.167939,23763,0.0,0.0,94501.33510337089,0.0
50.64,1251.11898,1265.610595,23764,0.0,0.0,94310.76694998489,0.0
50.65,1251.11898,1263.436853,23764,0.0,0.0,94148.78404941394,0.0
50.660000000000004,1251.11898,1261.589172,23764,0.0,0.0,94011.09856157326,0.0
50.67,1251.11898,1260.018643,23764,0.0,0.0,93894.06588573098,0.0
50.68,1251.11898,1258.683694,23764,0.0,0.0,93794.58815970174,0.0
50.69,1308.841944,1266.207431,23765,0.0,0.0,94355.24197344448,0.0
50.7,1308.841944,1272.602608,23765,0.0,0.0,94831.79775611073,0.0
50.71,1271.507453,1272.438335,23765,0.0,0.0,94819.55646113392,0.0
50.72,1248.020916,1268.775722,23765,0.0,0.0,94546.6258753474,0.0
50.730000000000004,1259.753531,1267.422393,23765,0.0,0.0,94445.77850852706,0.0
50.74,1251.606164,1265.049959,23766,0.0,0.0,94268.98947802892,0.0
50.75,1251.606164,1263.03339,23766,0.0,0.0,94118.71879465372,0.0
50.76,1251.606164,1261.319306,23766,0.0,0.0,93990.98868770346,0.0
50.77,1251.606164,1259.862334,23766,0.0,0.0,93882.41805208496,0.0
50.78,1251.606164,1258.623909,23766,0.0,0.0,93790.13310123084,0.0
50.79,1309.255873,1266.218704,23767,0.0,0.0,94356.08201482848,0.0
50.800000000000004,1309.255873,1272.674279,23767,0.0,0.0,94837.13853549799,0.0
50.81,1265.711258,1271.629826,23767,0.0,0.0,94759.30798962363,0.0
50.82,1253.866252,1268.96529,23767,0.0,0.0,94560.75210306689,0.0
50.83,1253.866252,1266.700434,23767,0.0,0.0,94391.97956968645,0.0
50.84,1251.67593,1264.446758,23768,0.0,0.0,94224.04014751625,0.0
50.85,1251.67593,1262.531134,23768,0.0,0.0,94081.29168338238,0.0
50.86,1251.67593,1260.902854,23768,0.0,0.0,93959.9555186758,0.0
50.870000000000005,1251.67593,1259.518815,23768,0.0,0.0,93856.8197041572,0.0
50.88,1251.67593,1258.342382,23769,0.0,0.0,93769.15427299408,0.0
50.89,1325.266622,1268.381018,23769,0.0,0.0,94517.21332372584,0.0
50.9,1325.266622,1276.913859,23769,0.0,0.0,95153.06354665502,0.0
50.910000000000004,1256.493417,1273.850793,23769,0.0,0.0,94924.81000261889,0.0
50.92,1277.149368,1274.345579,23769,0.0,0.0,94961.68046445008,0.0
50.93,1277.149368,1274.766147,23770,0.0,0.0,94993.0203495548,0.0
50.94,1252.5746,1271.437415,23771,0.0,0.0,94744.9699072377,0.0
50.95,1252.5746,1268.607993,23771,0.0,0.0,94534.1270461718,0.0
50.96,1252.5746,1266.202984,23771,0.0,0.0,94354.91059191033,0.0
50.97,1252.5746,1264.158727,23771,0.0,0.0,94202.5766542248,0.0
50.980000000000004,1252.5746,1262.421108,23771,0.0,0.0,94073.09276620719,0.0
50.99,1335.790029,1273.426446,23771,0.0,0.0,94893.1885140022,0.0
51.0,1259.625177,1271.356255,23771,0.0,0.0,94738.9220265737,0.0
51.01,1259.625177,1269.596594,23771,0.0,0.0,94607.79561285874,0.0
51.02,1259.705663,1268.112954,23771,0.0,0.0,94497.23773128724,0.0
51.03,1264.776714,1267.612518,23772,0.0,0.0,94459.94624277107,0.0
51.04,1257.134846,1266.040867,23773,0.0,0.0,94342.82995773577,0.0
51.050000000000004,1257.134846,1264.704964,23773,0.0,0.0,94243.28114153707,0.0
51.06,1257.134846,1263.569446,23773,0.0,0.0,94158.66461423507,0.0
51.07,1257.134846,1262.604256,23773,0.0,0.0,94086.74058838378,0.0
51.08,1257.134846,1261.783845,23773,0.0,0.0,94025.60520366917,0.0
51.09,1257.134846,1261.086495,23773,0.0,0.0,93973.64007822507,0.0
51.1,1257.134846,1260.493748,23773,0.0,0.0,93929.46975885658,0.0
51.11,1257.134846,1259.989913,23773,0.0,0.0,93891.92498366744,0.0
51.120000000000005,1224.123285,1254.609918,23774,0.0,0.0,93491.01853057546,0.0
51.13,1224.123285,1250.036924,23774,0.0,0.0,93150.24817585376,0.0
51.14,1272.141712,1253.352642,23775,0.0,0.0,93397.3288409535,0.0
51.15,1272.141712,1256.171002,23775,0.0,0.0,93607.3473839329,0.0
51.160000000000004,1272.141712,1258.566609,23775,0.0,0.0,93785.86321998334,0.0
51.17,1272.141712,1260.602874,23775,0.0,0.0,93937.60160983414,0.0
51.18,1272.141712,1262.3337,23775,0.0,0.0,94066.57929709583,0.0
51.19,1223.107231,1256.449729,23775,0.0,0.0,93628.1175617771,0.0
51.2,1223.107231,1251.448355,23775,0.0,0.0,93255.42518735546,0.0
51.21,1289.379558,1257.138035,23775,0.0,0.0,93679.40874645325,0.0
51.22,1236.03469,1253.972534,23776,0.0,0.0,93443.52195135975,0.0
51.230000000000004,1236.03469,1251.281857,23776,0.0,0.0,93243.01808983457,0.0
51.24,1271.337056,1254.290137,23777,0.0,0.0,93467.1890908685,0.0
51.25,1271.337056,1256.847175,23777,0.0,0.0,93657.73444174738,0.0
51.26,1271.337056,1259.020657,23777,0.0,0.0,93819.69796763896,0.0
51.27,1271.337056,1260.868117,23777,0.0,0.0,93957.36698700224,0.0
51.28,1271.337056,1262.438458,23777,0.0,0.0,94074.38565346104,0.0
51.29,1208.906196,1254.408619,23777,0.0,0.0,93476.01813222918,0.0
51.300000000000004,1208.906196,1247.583255,23777,0.0,0.0,92967.40567584183,0.0
51.31,1262.722903,1249.854202,23778,0.0,0.0,93136.63209834407,0.0
51.32,1265.467449,1252.196189,23778,0.0,0.0,93311.15227937723,0.0
51.33,1265.467449,1254.186878,23778,0.0,0.0,93459.49443698133,0.0
51.34,1257.953183,1254.751824,23779,0.0,0.0,93501.5930815058,0.0
51.35,1257.953183,1255.232028,23779,0.0,0.0,93537.3769218998,0.0
51.36,1257.953183,1255.640201,23779,0.0,0.0,93567.79315642753,0.0
51.370000000000005,1257.953183,1255.987148,23779,0.0,0.0,93593.64695205016,0.0
51.38,1257.953183,1256.282054,23779,0.0,0.0,93615.62275657333,0.0
51.39,1286.597815,1260.829418,23779,0.0,0.0,93954.48321502324,0.0
51.4,1286.597815,1264.694677,23779,0.0,0.0,94242.51457489845,0.0
51.410000000000004,1265.669045,1264.840833,23780,0.0,0.0,94253.40582731749,0.0
51.42,1271.328383,1265.813965,23780,0.0,0.0,94325.92167510363,0.0
51.43,1271.328383,1266.641128,23780,0.0,0.0,94387.56020533625,0.0
51.44,1256.398811,1265.10478,23781,0.0,0.0,94273.07462916103,0.0
51.45,1256.398811,1263.798885,23781,0.0,0.0,94175.76194902646,0.0
51.46,1256.398811,1262.688874,23781,0.0,0.0,94093.0461522826,0.0
51.47,1256.398811,1261.745365,23781,0.0,0.0,94022.7377511316,0.0
51.480000000000004,1256.398811,1260.943382,23781,0.0,0.0,93962.97558407194,0.0
51.49,1289.113573,1265.16891,23781,0.0,0.0,94277.85346833036,0.0
51.5,1265.444042,1265.21018,23782,0.0,0.0,94280.92882608052,0.0
51.51,1265.444042,1265.245259,23782,0.0,0.0,94283.54284290917,0.0
51.52,1265.653857,1265.306549,23782,0.0,0.0,94288.11005096603,0.0
51.53,1265.653857,1265.358645,23782,0.0,0.0,94291.99214055539,0.0
51.54,1251.286835,1263.247873,23783,0.0,0.0,94134.70163827689,0.0
51.550000000000004,1251.286835,1261.453718,23783,0.0,0.0,94001.00480076174,0.0
51.56,1251.286835,1259.928685,23783,0.0,0.0,93887.36239572639,0.0
51.57,1251.286835,1258.632408,23783,0.0,0.0,93790.76642969021,0.0
51.58,1251.286835,1257.530572,23783,0.0,0.0,93708.65981757459,0.0
51.59,1317.864235,1266.580621,23783,0.0,0.0,94383.05134487132,0.0
51.6,1317.864235,1274.273163,23784,0.0,0.0,94956.2841691548,0.0
51.61,1265.65025,1272.979726,23784,0.0,0.0,94859.89983423108,0.0
51.620000000000005,1259.711583,1270.989505,23784,0.0,0.0,94711.59255104976,0.0
51.63,1259.711583,1269.297817,23784,0.0,0.0,94585.5313491679,0.0
51.64,1250.348546,1266.455426,23785,0.0,0.0,94373.7220641945,0.0
51.65,1250.348546,1264.039394,23785,0.0,0.0,94193.68419804837,0.0
51.660000000000004,1250.348546,1261.985767,23785,0.0,0.0,94040.6520267278,0.0
51.67,1250.348546,1260.240184,23785,0.0,0.0,93910.57467737938,0.0
51.68,1250.348546,1258.756438,23785,0.0,0.0,93800.00889690012,0.0
51.69,1312.500945,1266.818114,23786,0.0,0.0,94400.74884761324,0.0
51.7,1271.467464,1267.515517,23786,0.0,0.0,94452.71792251122,0.0
51.71,1271.467464,1268.108309,23786,0.0,0.0,94496.89159518958,0.0
51.72,1259.706797,1266.848082,23786,0.0,0.0,94402.9820029575,0.0
51.730000000000004,1259.706797,1265.776889,23786,0.0,0.0,94323.1588458343,0.0
51.74,1249.505775,1263.336222,23787,0.0,0.0,94141.28522882375,0.0
51.75,1249.505775,1261.261655,23787,0.0,0.0,93986.6926506389,0.0
51.76,1249.505775,1259.498273,23787,0.0,0.0,93855.28895545586,0.0
51.77,1249.505775,1257.999398,23787,0.0,0.0,93743.5957921949,0.0
51.78,1249.505775,1256.725355,23787,0.0,0.0,93648.65665931154,0.0
51.79,1321.04813,1266.373771,23788,0.0,0.0,94367.63729712181,0.0
51.800000000000004,1321.04813,1274.574925,23788,0.0,0.0,94978.7708690677,0.0
51.81,1262.711223,1272.795369,23788,0.0,0.0,94846.16191979572,0.0
51.82,1253.882552,1269.958447,23788,0.0,0.0,94634.76017374975,0.0
51.83,1253.882552,1267.547062,23789,0.0,0.0,94455.06859273727,0.0
51.84,1253.124443,1265.38367,23789,0.0,0.0,94293.8569534388,0.0
51.85,1253.124443,1263.544786,23789,0.0,0.0,94156.8270004207,0.0
51.86,1253.124443,1261.981734,23789,0.0,0.0,94040.35149564451,0.0
51.870000000000005,1253.124443,1260.653141,23789,0.0,0.0,93941.34740600637,0.0
51.88,1253.124443,1259.523836,23790,0.0,0.0,93857.19385902183,0.0
51.89,1308.540346,1266.876313,23790,0.0,0.0,94405.08572054037,0.0
51.9,1265.586906,1266.682902,23790,0.0,0.0,94390.6731201571,0.0
51.910000000000004,1265.586906,1266.518502,23790,0.0,0.0,94378.42236139462,0.0
51.92,1253.911579,1264.627464,23790,0.0,0.0,94237.50599674332,0.0
51.93,1253.911579,1263.020081,23791,0.0,0.0,94117.72703462713,0.0
51.94,1253.204353,1261.547722,23792,0.0,0.0,94008.00979058359,0.0
51.95,1253.204353,1260.296216,23792,0.0,0.0,93914.75006980626,0.0
51.96,1253.204353,1259.232437,23792,0.0,0.0,93835.47938911532,0.0
51.97,1253.204353,1258.328224,23792,0.0,0.0,93768.09924718778,0.0
51.980000000000004,1253.204353,1257.559644,23792,0.0,0.0,93710.82620479321,0.0
51.99,1313.215601,1265.908037,23792,0.0,0.0,94332.93173214929,0.0
52.0,1259.688154,1264.975055,23792,0.0,0.0,94263.40778195627,0.0
52.01,1259.688154,1264.18202,23792,0.0,0.0,94204.31240193681,0.0
52.02,1256.826197,1263.078646,23793,0.0,0.0,94122.09118114125,0.0
52.03,1256.826197,1262.140779,23793,0.0,0.0,94052.20321053125,0.0
52.04,1264.143533,1262.441192,23794,0.0,0.0,94074.58938566575,0.0
52.050000000000004,1264.143533,1262.696543,23794,0.0,0.0,94093.61763080418,0.0
52.06,1264.143533,1262.913592,23794,0.0,0.0,94109.79168760854,0.0
52.07,1264.143533,1263.098083,23794,0.0,0.0,94123.53958745555,0.0
52.08,1264.143533,1263.2549,23794,0.0,0.0,94135.22527624416,0.0
52.09,1264.143533,1263.388195,23794,0.0,0.0,94145.15815269944,0.0
52.1,1264.143533,1263.501496,23794,0.0,0.0,94153.60111631593,0.0
52.11,1264.143533,1263.597801,23794,0.0,0.0,94160.7775720496,0.0
52.120000000000005,1262.288771,1263.401447,23795,0.0,0.0,94146.14566520017,0.0
52.13,1262.288771,1263.234545,23795,0.0,0.0,94133.70846240837,0.0
52.14,1252.739008,1261.660215,23796,0.0,0.0,94016.3925436582,0.0
52.15,1252.739008,1260.322034,23796,0.0,0.0,93916.67397546156,0.0
52.160000000000004,1252.739008,1259.18458,23796,0.0,0.0,93831.91318131672,0.0
52.17,1252.739008,1258.217744,23796,0.0,0.0,93759.8664988418,0.0
52.18,1252.739008,1257.395934,23796,0.0,0.0,93698.62686344892,0.0
52.19,1216.835565,1251.311878,23796,0.0,0.0,93245.25519463267,0.0
52.2,1247.98173,1250.812356,23796,0.0,0.0,93208.03181556606,0.0
52.21,1247.98173,1250.387762,23797,0.0,0.0,93176.39192100408,0.0
52.22,1268.666965,1253.129643,23797,0.0,0.0,93380.71140206498,0.0
52.230000000000004,1273.254566,1256.148381,23797,0.0,0.0,93605.66171231506,0.0
52.24,1283.692758,1260.280038,23798,0.0,0.0,93913.54451764534,0.0
52.25,1283.692758,1263.791946,23798,0.0,0.0,94175.24486864294,0.0
52.26,1283.692758,1266.777067,23798,0.0,0.0,94397.6901073765,0.0
52.27,1283.692758,1269.314421,23798,0.0,0.0,94586.76864599572,0.0
52.28,1283.692758,1271.471172,23798,0.0,0.0,94747.48541127387,0.0
52.29,1227.101359,1264.8157,23798,0.0,0.0,94251.53296649038,0.0
52.300000000000004,1227.101359,1259.158549,23798,0.0,0.0,93829.97340332798,0.0
52.31,1262.761481,1259.698989,23799,0.0,0.0,93870.2459098097,0.0
52.32,1271.472169,1261.464966,23799,0.0,0.0,94001.84297919582,0.0
52.33,1271.472169,1262.966046,23799,0.0,0.0,94113.70045464093,0.0
52.34,1253.086003,1261.48404,23800,0.0,0.0,94003.26433547707,0.0
52.35,1253.086003,1260.224334,23800,0.0,0.0,93909.39356712157,0.0
52.36,1253.086003,1259.153584,23800,0.0,0.0,93829.60342147121,0.0
52.370000000000005,1253.086003,1258.243447,23800,0.0,0.0,93761.78183492739,0.0
52.38,1253.086003,1257.46983,23800,0.0,0.0,93704.13344538026,0.0
52.39,1290.153589,1262.372394,23800,0.0,0.0,94069.46269648484,0.0
52.4,1259.744083,1261.978148,23800,0.0,0.0,94040.08427410606,0.0
52.410000000000004,1271.46276,1263.400839,23801,0.0,0.0,94146.10035825778,0.0
52.42,1271.46276,1264.610128,23801,0.0,0.0,94236.21415274148,0.0
52.43,1259.74295,1263.880051,23801,0.0,0.0,94181.81027679844,0.0
52.44,1251.825904,1262.071929,23802,0.0,0.0,94047.0726464145,0.0
52.45,1251.825904,1260.535025,23802,0.0,0.0,93932.5456382327,0.0
52.46,1251.825904,1259.228657,23802,0.0,0.0,93835.19771108542,0.0
52.47,1251.825904,1258.118244,23802,0.0,0.0,93752.4519581066,0.0
52.480000000000004,1251.825904,1257.174393,23802,0.0,0.0,93682.11807180052,0.0
52.49,1294.234325,1262.733383,23802,0.0,0.0,94096.36287382612,0.0
52.5,1271.483866,1264.045956,23803,0.0,0.0,94194.17318514691,0.0
52.51,1271.483866,1265.161642,23803,0.0,0.0,94277.3118715257,0.0
52.52,1262.699543,1264.792327,23803,0.0,0.0,94249.79125733854,0.0
52.53,1262.699543,1264.47841,23803,0.0,0.0,94226.39879116802,0.0
52.54,1246.426156,1261.770571,23804,0.0,0.0,94024.6160517725,0.0
52.550000000000004,1246.426156,1259.468909,23804,0.0,0.0,93853.10080898202,0.0
52.56,1246.426156,1257.512496,23804,0.0,0.0,93707.3128302547,0.0
52.57,1246.426156,1255.849545,23804,0.0,0.0,93583.39305206238,0.0
52.58,1246.426156,1254.436037,23804,0.0,0.0,93478.06126668022,0.0
52.59,1331.673326,1266.02163,23804,0.0,0.0,94341.39645502098,0.0
52.6,1331.673326,1275.869385,23805,0.0,0.0,95075.2314359027,0.0
52.61,1268.579996,1274.775976,23805,0.0,0.0,94993.75278695064,0.0
52.620000000000005,1268.579996,1273.846579,23805,0.0,0.0,94924.49598377809,0.0
52.63,1253.91509,1270.856856,23805,0.0,0.0,94701.70781322078,0.0
52.64,1249.541675,1267.659579,23806,0.0,0.0,94463.45313424381,0.0
52.65,1249.541675,1264.941893,23806,0.0,0.0,94260.93661612853,0.0
52.660000000000004,1249.541675,1262.63186,23806,0.0,0.0,94088.79758318231,0.0
52.67,1249.541675,1260.668333,23806,0.0,0.0,93942.47948342195,0.0
52.68,1249.541675,1258.999334,23806,0.0,0.0,93818.10902038173,0.0
52.69,1317.377729,1267.756093,23807,0.0,0.0,94470.64516423896,0.0
52.7,1265.605763,1267.433544,23807,0.0,0.0,94446.60945871538,0.0
52.71,1265.605763,1267.159377,23807,0.0,0.0,94426.17908293904,0.0
52.72,1259.723172,1266.043946,23807,0.0,0.0,94343.05939864958,0.0
52.730000000000004,1259.723172,1265.09583,23807,0.0,0.0,94272.40769308485,0.0
52.74,1253.117148,1263.299028,23808,0.0,0.0,94138.51360643073,0.0
52.75,1253.117148,1261.771746,23808,0.0,0.0,94024.70361041937,0.0
52.76,1253.117148,1260.473556,23808,0.0,0.0,93927.96509145429,0.0
52.77,1253.117148,1259.370095,23808,0.0,0.0,93845.73738759299,0.0
52.78,1253.117148,1258.432153,23808,0.0,0.0,93775.84382813318,0.0
52.79,1308.315928,1265.914719,23809,0.0,0.0,94333.42966140751,0.0
52.800000000000004,1308.315928,1272.2749,23809,0.0,0.0,94807.37761223885,0.0
52.81,1259.95758,1270.427302,23809,0.0,0.0,94669.69830939196,0.0
52.82,1259.751138,1268.825878,23809,0.0,0.0,94550.3634000219,0.0
52.83,1259.751138,1267.464667,23810,0.0,0.0,94448.92868234655,0.0
52.84,1251.016985,1264.997514,23811,0.0,0.0,94265.0813816585,0.0
52.85,1251.016985,1262.900435,23811,0.0,0.0,94108.81125431755,0.0
52.86,1251.016985,1261.117918,23811,0.0,0.0,93975.98165725541,0.0
52.870000000000005,1251.016985,1259.602778,23811,0.0,0.0,93863.07645876774,0.0
52.88,1251.016985,1258.314909,23811,0.0,0.0,93767.10704005319,0.0
52.89,1318.59802,1267.357376,23811,0.0,0.0,94440.93357189409,0.0
52.9,1259.744083,1266.215382,23811,0.0,0.0,94355.83446604133,0.0
52.910000000000004,1259.765121,1265.247843,23811,0.0,0.0,94283.73539741429,0.0
52.92,1253.894213,1263.544798,23811,0.0,0.0,94156.82789463668,0.0
52.93,1253.894213,1262.09721,23812,0.0,0.0,94048.95653590518,0.0
52.94,1252.885757,1260.715492,23813,0.0,0.0,93945.99367765842,0.0
52.95,1252.885757,1259.541032,23813,0.0,0.0,93858.47527050407,0.0
52.96,1252.885757,1258.542741,23813,0.0,0.0,93784.08462442286,0.0
52.97,1252.885757,1257.694193,23813,0.0,0.0,93720.85252681714,0.0
52.980000000000004,1252.885757,1256.972928,23813,0.0,0.0,93667.10530346667,0.0
52.99,1314.757618,1265.640631,23813,0.0,0.0,94313.00517255295,0.0
53.0,1253.750158,1263.85706,23813,0.0,0.0,94180.09703352163,0.0
53.01,1253.750158,1262.341025,23813,0.0,0.0,94067.12514142631,0.0
53.02,1262.704151,1262.395494,23814,0.0,0.0,94071.18406222337,0.0
53.03,1262.704151,1262.441793,23814,0.0,0.0,94074.63417098214,0.0
53.04,1254.972951,1261.321466,23815,0.0,0.0,93991.14964657773,0.0
53.050000000000004,1254.972951,1260.369189,23815,0.0,0.0,93920.18787162605,0.0
53.06,1254.972951,1259.559753,23815,0.0,0.0,93859.87032193223,0.0
53.07,1254.972951,1258.871733,23815,0.0,0.0,93808.6004494033,0.0
53.08,1254.972951,1258.286916,23815,0.0,0.0,93765.0210577537,0.0
53.09,1254.972951,1257.789821,23815,0.0,0.0,93727.97853386664,0.0
53.1,1254.972951,1257.36729,23815,0.0,0.0,93696.49236993314,0.0
53.11,1254.972951,1257.008139,23815,0.0,0.0,93669.72915667096,0.0
53.120000000000005,1312.718424,1265.364682,23816,0.0,0.0,94292.4420057053,0.0
53.13,1312.718424,1272.467743,23816,0.0,0.0,94821.74788639964,0.0
53.14,1255.139727,1269.868541,23817,0.0,0.0,94628.06055868101,0.0
53.15,1255.139727,1267.659219,23817,0.0,0.0,94463.42630776478,0.0
53.160000000000004,1255.139727,1265.781295,23817,0.0,0.0,94323.48717213057,0.0
53.17,1255.139727,1264.18506,23817,0.0,0.0,94204.5389366487,0.0
53.18,1255.139727,1262.82826,23817,0.0,0.0,94103.43291785964,0.0
53.19,1304.631589,1269.098759,23817,0.0,0.0,94570.69794565366,0.0
53.2,1259.72544,1267.692761,23817,0.0,0.0,94465.92579043152,0.0
53.21,1264.933461,1267.278866,23818,0.0,0.0,94435.08316392303,0.0
53.22,1264.933461,1266.927055,23818,0.0,0.0,94408.86691276131,0.0
53.230000000000004,1204.450191,1257.555526,23818,0.0,0.0,93710.51933968019,0.0
53.24,1278.714914,1260.729434,23819,0.0,0.0,93947.03260757733,0.0
53.25,1278.714914,1263.427256,23819,0.0,0.0,94148.0689001935,0.0
53.26,1278.714914,1265.720405,23819,0.0,0.0,94318.94977127263,0.0
53.27,1278.714914,1267.669581,23819,0.0,0.0,94464.19846325321,0.0
53.28,1278.714914,1269.326381,23819,0.0,0.0,94587.6598812439,0.0
53.29,1202.019018,1259.230277,23819,0.0,0.0,93835.31843024108,0.0
53.300000000000004,1202.019018,1250.648588,23819,0.0,0.0,93195.82815217793,0.0
53.31,1259.762791,1252.015718,23820,0.0,0.0,93297.70394187952,0.0
53.32,1271.290757,1254.906974,23820,0.0,0.0,93513.15454879288,0.0
53.33,1271.290757,1257.364542,23820,0.0,0.0,93696.28759447645,0.0
53.34,1275.705452,1260.115678,23821,0.0,0.0,93901.29673960272,0.0
53.35,1275.705452,1262.454144,23821,0.0,0.0,94075.55454276728,0.0
53.36,1275.705452,1264.44184,23821,0.0,0.0,94223.67366800533,0.0
53.370000000000005,1275.705452,1266.131382,23821,0.0,0.0,94349.57495426488,0.0
53.38,1275.705452,1267.567493,23821,0.0,0.0,94456.5910699409,0.0
53.39,1200.877548,1257.564001,23821,0.0,0.0,93711.15087970762,0.0
53.4,1259.655531,1257.87773,23822,0.0,0.0,93734.52933649468,0.0
53.410000000000004,1259.655531,1258.144401,23822,0.0,0.0,93754.40112536299,0.0
53.42,1268.540099,1259.703755,23822,0.0,0.0,93870.601062585,0.0
53.43,1268.540099,1261.029207,23822,0.0,0.0,93969.37109119352,0.0
53.44,1254.326716,1260.023833,23823,0.0,0.0,93894.45263413718,0.0
53.45,1254.326716,1259.169266,23823,0.0,0.0,93830.77201270546,0.0
53.46,1254.326716,1258.442883,23823,0.0,0.0,93776.64340624462,0.0
53.47,1254.326716,1257.825458,23823,0.0,0.0,93730.63413173781,0.0
53.480000000000004,1254.326716,1257.300647,23823,0.0,0.0,93691.5262670365,0.0
53.49,1298.509547,1263.481982,23823,0.0,0.0,94152.14697211585,0.0
53.5,1265.43936,1263.775589,23824,0.0,0.0,94174.02597776047,0.0
53.51,1265.43936,1264.025154,23824,0.0,0.0,94192.62306176627,0.0
53.52,1271.503893,1265.146965,23824,0.0,0.0,94276.21817087877,0.0
53.53,1271.503893,1266.100504,23824,0.0,0.0,94347.27398754304,0.0
53.54,1269.664741,1266.63514,23825,0.0,0.0,94387.11399156821,0.0
53.550000000000004,1269.664741,1267.08958,23825,0.0,0.0,94420.97795027879,0.0
53.56,1269.664741,1267.475854,23825,0.0,0.0,94449.76231518279,0.0
53.57,1269.664741,1267.804187,23825,0.0,0.0,94474.22903280298,0.0
53.58,1269.664741,1268.08327,23825,0.0,0.0,94495.02573905424,0.0
53.59,1232.527838,1262.749955,23826,0.0,0.0,94097.59778607801,0.0
53.6,1271.41788,1264.050144,23826,0.0,0.0,94194.48526651978,0.0
53.61,1271.41788,1265.155304,23826,0.0,0.0,94276.83957645856,0.0
53.620000000000005,1265.66316,1265.231483,23826,0.0,0.0,94282.51628297783,0.0
53.63,1265.66316,1265.296234,23826,0.0,0.0,94287.3413978235,0.0
53.64,1251.173761,1263.177863,23827,0.0,0.0,94129.48463328321,0.0
53.65,1251.173761,1261.377248,23827,0.0,0.0,93995.30640950527,0.0
53.660000000000004,1251.173761,1259.846725,23827,0.0,0.0,93881.25490066451,0.0
53.67,1251.173761,1258.54578,23827,0.0,0.0,93784.31108461677,0.0
53.68,1251.173761,1257.439978,23827,0.0,0.0,93701.90893412371,0.0
53.69,1318.084747,1266.536693,23828,0.0,0.0,94379.7779182842,0.0
53.7,1270.792047,1267.174996,23828,0.0,0.0,94427.34297953946,0.0
53.71,1270.792047,1267.717554,23828,0.0,0.0,94467.77331513954,0.0
53.72,1254.184428,1265.687585,23828,0.0,0.0,94316.50409059998,0.0
53.730000000000004,1254.184428,1263.962111,23828,0.0,0.0,94187.92522366004,0.0
53.74,1252.059977,1262.176791,23829,0.0,0.0,94054.88675265142,0.0
53.75,1252.059977,1260.659269,23829,0.0,0.0,93941.80405229406,0.0
53.76,1252.059977,1259.369375,23829,0.0,0.0,93845.68373463492,0.0
53.77,1252.059977,1258.272966,23829,0.0,0.0,93763.98153169084,0.0
53.78,1252.059977,1257.341017,23830,0.0,0.0,93694.53455858906,0.0
53.79,1318.823791,1266.563433,23830,0.0,0.0,94381.77052953304,0.0
53.800000000000004,1271.465049,1267.298676,23830,0.0,0.0,94436.55936545032,0.0
53.81,1271.465049,1267.923632,23830,0.0,0.0,94483.12983499508,0.0
53.82,1253.91741,1265.822698,23830,0.0,0.0,94326.5724407744,0.0
53.83,1265.624494,1265.792968,23831,0.0,0.0,94324.35702071352,0.0
53.84,1250.301093,1263.469186,23832,0.0,0.0,94151.19343982192,0.0
53.85,1250.301093,1261.493972,23832,0.0,0.0,94004.00444822662,0.0
53.86,1250.301093,1259.81504,23832,0.0,0.0,93878.89379791885,0.0
53.870000000000005,1250.301093,1258.387948,23832,0.0,0.0,93772.54976006082,0.0
53.88,1250.301093,1257.17492,23832,0.0,0.0,93682.15734278511,0.0
53.89,1314.335812,1265.749054,23832,0.0,0.0,94321.08463737837,0.0
53.9,1259.70919,1264.843074,23832,0.0,0.0,94253.57282214951,0.0
53.910000000000004,1259.70919,1264.072992,23832,0.0,0.0,94196.18785372298,0.0
53.92,1256.85523,1262.990327,23832,0.0,0.0,94115.50982613431,0.0
53.93,1256.85523,1262.070063,23833,0.0,0.0,94046.93359583143,0.0
53.94,1252.434197,1260.624683,23834,0.0,0.0,93939.2267728381,0.0
53.95,1252.434197,1259.39611,23834,0.0,0.0,93847.67597329375,0.0
53.96,1252.434197,1258.351823,23834,0.0,0.0,93769.85779740696,0.0
53.97,1252.434197,1257.464179,23834,0.0,0.0,93703.7123441773,0.0
53.980000000000004,1252.434197,1256.709682,23834,0.0,0.0,93647.48873873927,0.0
53.99,1316.946551,1265.745212,23834,0.0,0.0,94320.79833923261,0.0
54.0,1247.831499,1263.058155,23834,0.0,0.0,94120.56423285778,0.0
54.01,1247.831499,1260.774157,23834,0.0,0.0,93950.3652759723,0.0
54.02,1262.73692,1261.068571,23835,0.0,0.0,93972.30441764076,0.0
54.03,1262.73692,1261.318824,23835,0.0,0.0,93990.95277002874,0.0
54.04,1260.263198,1261.16048,23836,0.0,0.0,93979.15329225817,0.0
54.050000000000004,1260.263198,1261.025887,23836,0.0,0.0,93969.12369144236,0.0
54.06,1260.263198,1260.911484,23836,0.0,0.0,93960.59860899282,0.0
54.07,1260.263198,1260.814241,23836,0.0,0.0,93953.35225537763,0.0
54.08,1260.263198,1260.731584,23836,0.0,0.0,93947.1928212716,0.0
54.09,1260.263198,1260.661326,23836,0.0,0.0,93941.95733581457,0.0
54.1,1260.263198,1260.601607,23836,0.0,0.0,93937.50719553152,0.0
54.11,1260.263198,1260.550846,23836,0.0,0.0,93933.72458746862,0.0
54.120000000000005,1283.169538,1263.94365,23837,0.0,0.0,94186.54954691118,0.0
54.13,1283.169538,1266.827533,23837,0.0,0.0,94401.45073263017,0.0
54.14,1246.327775,1263.752569,23838,0.0,0.0,94172.31057346171,0.0
54.15,1246.327775,1261.13885,23838,0.0,0.0,93977.54146797572,0.0
54.160000000000004,1246.327775,1258.917189,23838,0.0,0.0,93811.98773949032,0.0
54.17,1246.327775,1257.028777,23838,0.0,0.0,93671.26705910004,0.0
54.18,1246.327775,1255.423627,23838,0.0,0.0,93551.6544956719,0.0
54.19,1246.327775,1254.059249,23838,0.0,0.0,93449.98377949896,0.0
54.2,1322.929555,1264.389795,23838,0.0,0.0,94219.79537883385,0.0
54.21,1322.929555,1273.170759,23839,0.0,0.0,94874.13523081668,0.0
54.22,1265.674868,1272.046375,23839,0.0,0.0,94790.34838689704,0.0
54.230000000000004,1207.006265,1262.290359,23839,0.0,0.0,94063.34961257316,0.0
54.24,1271.521501,1263.67503,23840,0.0,0.0,94166.53252246609,0.0
54.25,1271.521501,1264.852001,23840,0.0,0.0,94254.23804431176,0.0
54.26,1271.521501,1265.852426,23840,0.0,0.0,94328.78771179928,0.0
54.27,1271.521501,1266.702787,23840,0.0,0.0,94392.15491053417,0.0
54.28,1271.521501,1267.425594,23840,0.0,0.0,94446.01704063654,0.0
54.29,1271.521501,1268.03998,23840,0.0,0.0,94491.79985494944,0.0
54.300000000000004,1271.521501,1268.562208,23840,0.0,0.0,94530.71523966361,0.0
54.31,1231.906829,1263.063901,23841,0.0,0.0,94120.9924132705,0.0
54.32,1231.906829,1258.39034,23841,0.0,0.0,93772.72800711045,0.0
54.33,1303.740598,1265.192879,23841,0.0,0.0,94279.63959020856,0.0
54.34,1261.798169,1264.683672,23842,0.0,0.0,94241.69450433772,0.0
54.35,1261.798169,1264.250847,23842,0.0,0.0,94209.44125213963,0.0
54.36,1261.798169,1263.882945,23842,0.0,0.0,94182.02593188274,0.0
54.370000000000005,1261.798169,1263.570229,23842,0.0,0.0,94158.72296182699,0.0
54.38,1261.798169,1263.30442,23842,0.0,0.0,94138.91540747238,0.0
54.39,1261.798169,1263.078482,23842,0.0,0.0,94122.0789601897,0.0
54.4,1261.798169,1262.886435,23843,0.0,0.0,94107.76800235477,0.0
54.410000000000004,1284.349884,1266.105952,23843,0.0,0.0,94347.67996159254,0.0
54.42,1171.800708,1251.960166,23843,0.0,0.0,93293.56431809138,0.0
54.43,1171.800708,1239.936247,23843,0.0,0.0,92397.56595404915,0.0
54.44,1274.510847,1245.122437,23845,0.0,0.0,92784.0304466669,0.0
54.45,1274.510847,1249.530699,23845,0.0,0.0,93112.525302651,0.0
54.46,1274.510847,1253.277721,23845,0.0,0.0,93391.74587807489,0.0
54.47,1274.510847,1256.46269,23845,0.0,0.0,93629.0833895406,0.0
54.480000000000004,1274.510847,1259.169914,23845,0.0,0.0,93830.82030036775,0.0
54.49,1274.510847,1261.471054,23845,0.0,0.0,94002.29664476361,0.0
54.5,1274.510847,1263.427023,23845,0.0,0.0,94148.05153750011,0.0
54.51,1265.83425,1263.788107,23845,0.0,0.0,94174.95879405116,0.0
54.52,1265.83425,1264.095028,23845,0.0,0.0,94197.82993231232,0.0
54.53,1242.182407,1260.808135,23845,0.0,0.0,93952.89724848587,0.0
54.54,1261.856428,1260.965379,23847,0.0,0.0,93964.6147564594,0.0
54.550000000000004,1261.856428,1261.099036,23847,0.0,0.0,93974.57460842968,0.0
54.56,1261.856428,1261.212645,23847,0.0,0.0,93983.04052358933,0.0
54.57,1261.856428,1261.309213,23847,0.0,0.0,93990.23657755634,0.0
54.58,1261.856428,1261.391295,23847,0.0,0.0,93996.35316381387,0.0
54.59,1261.856428,1261.461065,23847,0.0,0.0,94001.55228448819,0.0
54.6,1261.856428,1261.520369,23847,0.0,0.0,94005.97149980238,0.0
54.61,1292.630078,1266.186826,23847,0.0,0.0,94353.70653010934,0.0
54.620000000000005,1292.630078,1270.153314,23847,0.0,0.0,94649.28127233715,0.0
54.63,1239.274543,1265.521498,23847,0.0,0.0,94304.127619976,0.0
54.64,1252.103455,1263.508791,23849,0.0,0.0,94154.14472510651,0.0
54.65,1252.103455,1261.797991,23849,0.0,0.0,94026.65933525952,0.0
54.660000000000004,1252.103455,1260.343811,23849,0.0,0.0,93918.2967538896,0.0
54.67,1252.103455,1259.107757,23849,0.0,0.0,93826.18848520715,0.0
54.68,1252.103455,1258.057112,23849,0.0,0.0,93747.8965238933,0.0
54.69,1252.103455,1257.164063,23849,0.0,0.0,93681.348300888,0.0
54.7,1264.329275,1258.238845,23849,0.0,0.0,93761.43890310366,0.0
54.71,1264.329275,1259.15241,23849,0.0,0.0,93829.51593734234,0.0
54.72,1297.835469,1264.954869,23849,0.0,0.0,94261.90356166198,0.0
54.730000000000004,1297.835469,1269.886959,23850,0.0,0.0,94629.43303115599,0.0
54.74,1258.698858,1268.208744,23851,0.0,0.0,94504.37581025231,0.0
54.75,1258.698858,1266.782261,23851,0.0,0.0,94398.07715385468,0.0
54.76,1258.698858,1265.56975,23851,0.0,0.0,94307.72326238357,0.0
54.77,1258.698858,1264.539116,23851,0.0,0.0,94230.92248071446,0.0
54.78,1258.698858,1263.663078,23851,0.0,0.0,94165.64188336188,0.0
54.79,1258.698858,1262.918445,23851,0.0,0.0,94110.15332344962,0.0
54.800000000000004,1258.698858,1262.285507,23851,0.0,0.0,94062.9880512501,0.0
54.81,1239.041308,1258.798877,23851,0.0,0.0,93803.1713661892,0.0
54.82,1239.041308,1255.835242,23851,0.0,0.0,93582.32722114645,0.0
54.83,1309.632847,1263.904882,23852,0.0,0.0,94183.66063319036,0.0
54.84,1254.495756,1262.493513,23853,0.0,0.0,94078.4882418045,0.0
54.85,1254.495756,1261.29385,23853,0.0,0.0,93989.09175756322,0.0
54.86,1254.495756,1260.274136,23853,0.0,0.0,93913.10471242503,0.0
54.870000000000005,1254.495756,1259.407379,23853,0.0,0.0,93848.51571660576,0.0
54.88,1254.495756,1258.670636,23853,0.0,0.0,93793.61510369251,0.0
54.89,1254.495756,1258.044404,23853,0.0,0.0,93746.94954918312,0.0
54.9,1256.366371,1257.792699,23853,0.0,0.0,93728.192996663,0.0
54.910000000000004,1283.169378,1261.599201,23853,0.0,0.0,94011.84590256857,0.0
54.92,1312.365876,1269.214202,23854,0.0,0.0,94579.30052682041,0.0
54.93,1312.365876,1275.686953,23854,0.0,0.0,95061.6369686122,0.0
54.94,1258.487619,1273.107053,23855,0.0,0.0,94869.38798727821,0.0
54.95,1258.487619,1270.914138,23855,0.0,0.0,94705.97635314432,0.0
54.96,1258.487619,1269.05016,23855,0.0,0.0,94567.07644550102,0.0
54.97,1258.487619,1267.465779,23855,0.0,0.0,94449.0115463596,0.0
54.980000000000004,1258.487619,1266.119055,23855,0.0,0.0,94348.65637091166,0.0
54.99,1258.487619,1264.97434,23855,0.0,0.0,94263.35450158817,0.0
55.0,1258.487619,1264.001332,23855,0.0,0.0,94190.84789403368,0.0
55.01,1236.314024,1259.848236,23855,0.0,0.0,93881.36749735849,0.0
55.02,1236.314024,1256.318104,23856,0.0,0.0,93618.3091303774,0.0
55.03,1254.345898,1256.022273,23856,0.0,0.0,93596.26439670671,0.0
55.04,1264.454688,1257.287135,23858,0.0,0.0,93690.51937985647,0.0
55.050000000000004,1264.454688,1258.362268,23858,0.0,0.0,93770.63613788916,0.0
55.06,1264.454688,1259.276131,23858,0.0,0.0,93838.73537849107,0.0
55.07,1264.454688,1260.052915,23858,0.0,0.0,93896.61976653578,0.0
55.08,1264.454688,1260.713181,23858,0.0,0.0,93945.82146656659,0.0
55.09,1264.454688,1261.274407,23858,0.0,0.0,93987.64290414097,0.0
55.1,1264.454688,1261.751449,23858,0.0,0.0,94023.1911186274,0.0
55.11,1264.454688,1262.156935,23858,0.0,0.0,94053.40712329625,0.0
55.120000000000005,1264.454688,1262.501598,23858,0.0,0.0,94079.090719813,0.0
55.13,1264.454688,1262.794561,23858,0.0,0.0,94100.9217358673,0.0
55.14,1272.55412,1264.258495,23859,0.0,0.0,94210.01116578329,0.0
55.15,1272.55412,1265.502839,23859,0.0,0.0,94302.73718866365,0.0
55.160000000000004,1272.55412,1266.560531,23859,0.0,0.0,94381.55427830479,0.0
55.17,1272.55412,1267.459569,23859,0.0,0.0,94448.54878959611,0.0
55.18,1272.55412,1268.223752,23859,0.0,0.0,94505.49417635637,0.0
55.19,1272.55412,1268.873307,23859,0.0,0.0,94553.89771411769,0.0
55.2,1272.55412,1269.425429,23859,0.0,0.0,94595.04073984428,0.0
55.21,1290.446389,1272.578573,23860,0.0,0.0,94830.00671604469,0.0
55.22,1269.882418,1272.17415,23860,0.0,0.0,94799.869924007,0.0
55.230000000000004,1269.882418,1271.83039,23860,0.0,0.0,94774.25361724186,0.0
55.24,1258.389163,1269.814206,23861,0.0,0.0,94624.01162329562,0.0
55.25,1258.389163,1268.10045,23861,0.0,0.0,94496.3059582485,0.0
55.26,1258.389163,1266.643757,23861,0.0,0.0,94387.75611315128,0.0
55.27,1258.389163,1265.405568,23861,0.0,0.0,94295.4887485445,0.0
55.28,1258.389163,1264.353107,23861,0.0,0.0,94217.06146254747,0.0
55.29,1184.212926,1252.33208,23861,0.0,0.0,93321.27860455356,0.0
55.300000000000004,1265.429997,1254.296767,23861,0.0,0.0,93467.68314519087,0.0
55.31,1265.429997,1255.966752,23862,0.0,0.0,93592.12708297647,0.0
55.32,1268.676354,1257.873192,23862,0.0,0.0,93734.19117382276,0.0
55.33,1253.901109,1257.27738,23862,0.0,0.0,93689.79245679242,0.0
55.34,1282.716824,1261.093296,23863,0.0,0.0,93974.14687512496,0.0
55.35,1282.716824,1264.336826,23863,0.0,0.0,94215.84823503281,0.0
55.36,1282.716824,1267.093825,23863,0.0,0.0,94421.29427917748,0.0
55.370000000000005,1282.716824,1269.437275,23863,0.0,0.0,94595.92348004076,0.0
55.38,1282.716824,1271.429208,23863,0.0,0.0,94744.35833803355,0.0
55.39,1196.871523,1260.245555,23863,0.0,0.0,93910.97491354309,0.0
55.4,1196.871523,1250.73945,23864,0.0,0.0,93202.59900645212,0.0
55.410000000000004,1268.537753,1253.409195,23864,0.0,0.0,93401.543057257,0.0
55.42,1259.753531,1254.360846,23864,0.0,0.0,93472.45818394232,0.0
55.43,1259.753531,1255.169749,23864,0.0,0.0,93532.73601554353,0.0
55.44,1256.291694,1255.33804,23865,0.0,0.0,93545.27672383368,0.0
55.45,1256.291694,1255.481088,23865,0.0,0.0,93555.936374317,0.0
55.46,1256.291694,1255.602679,23865,0.0,0.0,93564.99709213138,0.0
55.47,1256.291694,1255.706032,23865,0.0,0.0,93572.69875071033,0.0
55.480000000000004,1256.291694,1255.793881,23865,0.0,0.0,93579.24508225854,0.0
55.49,1298.76468,1262.239501,23866,0.0,0.0,94059.5597762645,0.0
55.5,1271.394487,1263.612749,23866,0.0,0.0,94161.89146707382,0.0
55.51,1271.394487,1264.78001,23866,0.0,0.0,94248.87341916533,0.0
55.52,1259.714984,1264.020256,23866,0.0,0.0,94192.25807261531,0.0
55.53,1259.714984,1263.374465,23866,0.0,0.0,94144.13502059599,0.0
55.54,1260.083522,1262.880824,23867,0.0,0.0,94107.34988187173,0.0
55.550000000000004,1260.083522,1262.461228,23867,0.0,0.0,94076.08242826043,0.0
55.56,1260.083522,1262.104572,23867,0.0,0.0,94049.50513740162,0.0
55.57,1260.083522,1261.801415,23867,0.0,0.0,94026.9144848824,0.0
55.58,1260.083522,1261.543731,23867,0.0,0.0,94007.7123892562,0.0
55.59,1304.90097,1268.047317,23868,0.0,0.0,94492.34659349594,0.0
55.6,1265.530718,1267.669827,23868,0.0,0.0,94464.21679468054,0.0
55.61,1265.530718,1267.348961,23868,0.0,0.0,94440.30650294648,0.0
55.620000000000005,1256.790065,1265.765126,23868,0.0,0.0,94322.28229063161,0.0
55.63,1256.790065,1264.418867,23868,0.0,0.0,94221.96176605248,0.0
55.64,1259.801342,1263.726238,23869,0.0,0.0,94170.3484400738,0.0
55.65,1259.801342,1263.137504,23869,0.0,0.0,94126.47716142863,0.0
55.660000000000004,1259.801342,1262.637079,23869,0.0,0.0,94089.18649261043,0.0
55.67,1259.801342,1262.211719,23869,0.0,0.0,94057.48951726244,0.0
55.68,1259.801342,1261.850162,23870,0.0,0.0,94030.54701369868,0.0
55.69,1296.704139,1267.078259,23870,0.0,0.0,94420.13433203091,0.0
55.7,1265.551851,1266.849298,23870,0.0,0.0,94403.07261684227,0.0
55.71,1265.551851,1266.654681,23870,0.0,0.0,94388.57014775419,0.0
55.72,1256.84241,1265.18284,23870,0.0,0.0,94278.89150403328,0.0
55.730000000000004,1256.84241,1263.931776,23871,0.0,0.0,94185.66472021079,0.0
55.74,1253.777696,1262.408664,23872,0.0,0.0,94072.1654642483,0.0
55.75,1253.777696,1261.114019,23872,0.0,0.0,93975.69111158383,0.0
55.76,1253.777696,1260.01357,23872,0.0,0.0,93893.68785593049,0.0
55.77,1253.777696,1259.078189,23872,0.0,0.0,93823.98513706187,0.0
55.78,1253.777696,1258.283115,23872,0.0,0.0,93764.73781484582,0.0
55.79,1315.163667,1266.815198,23872,0.0,0.0,94400.531553133,0.0
55.800000000000004,1259.755799,1265.756288,23872,0.0,0.0,94321.62370057114,0.0
55.81,1259.755799,1264.856215,23872,0.0,0.0,94254.55206315253,0.0
55.82,1256.843541,1263.654314,23872,0.0,0.0,94164.98880763321,0.0
55.83,1271.483866,1264.828747,23873,0.0,0.0,94252.50520280164,0.0
55.84,1247.730295,1262.263979,23874,0.0,0.0,94061.38382780337,0.0
55.85,1247.730295,1260.083926,23874,0.0,0.0,93898.93064415125,0.0
55.86,1247.730295,1258.230882,23874,0.0,0.0,93760.84551629084,0.0
55.870000000000005,1247.730295,1256.655794,23874,0.0,0.0,93643.47311289869,0.0
55.88,1247.730295,1255.316969,23874,0.0,0.0,93543.70655511174,0.0
55.89,1324.353979,1265.67252,23874,0.0,0.0,94315.38147697007,0.0
55.9,1324.353979,1274.474739,23874,0.0,0.0,94971.30520898633,0.0
55.910000000000004,1256.849449,1271.830945,23874,0.0,0.0,94774.29497473038,0.0
55.92,1265.584628,1270.893998,23875,0.0,0.0,94704.47556067792,0.0
55.93,1265.584628,1270.097592,23875,0.0,0.0,94645.12898048942,0.0
55.94,1251.626328,1267.326903,23876,0.0,0.0,94438.66278496118,0.0
55.95,1251.626328,1264.971816,23876,0.0,0.0,94263.16641816289,0.0
55.96,1251.626328,1262.969993,23876,0.0,0.0,94113.9945771764,0.0
55.97,1251.626328,1261.268443,23876,0.0,0.0,93987.19847880483,0.0
55.980000000000004,1251.626328,1259.822126,23876,0.0,0.0,93879.42183244799,0.0
55.99,1320.869344,1268.979209,23876,0.0,0.0,94561.78931907185,0.0
56.0,1247.974742,1265.828539,23876,0.0,0.0,94327.00770039686,0.0
56.01,1247.974742,1263.150469,23876,0.0,0.0,94127.4432872641,0.0
56.02,1268.560079,1263.961911,23877,0.0,0.0,94187.91032006059,0.0
56.03,1268.560079,1264.651636,23877,0.0,0.0,94239.307245775,0.0
56.04,1251.718421,1262.711654,23878,0.0,0.0,94094.74367226196,0.0
56.050000000000004,1251.718421,1261.062669,23878,0.0,0.0,93971.86461242047,0.0
56.06,1251.718421,1259.661032,23878,0.0,0.0,93867.41743018471,0.0
56.07,1251.718421,1258.46964,23878,0.0,0.0,93778.6372842994,0.0
56.08,1251.718421,1257.456957,23878,0.0,0.0,93703.17417520052,0.0
56.09,1251.718421,1256.596177,23878,0.0,0.0,93639.03057345134,0.0
56.1,1251.718421,1255.864513,23878,0.0,0.0,93584.50843744655,0.0
56.11,1251.718421,1255.2426,23879,0.0,0.0,93538.16472616766,0.0
56.120000000000005,1330.795035,1266.575465,23879,0.0,0.0,94382.66713007701,0.0
56.13,1265.58235,1266.426498,23879,0.0,0.0,94371.56640756746,0.0
56.14,1252.820681,1264.385625,23880,0.0,0.0,94219.48463878492,0.0
56.15,1252.820681,1262.650884,23880,0.0,0.0,94090.21521356369,0.0
56.160000000000004,1252.820681,1261.176353,23880,0.0,0.0,93980.33611642991,0.0
56.17,1252.820681,1259.923003,23880,0.0,0.0,93886.93898446551,0.0
56.18,1252.820681,1258.857654,23880,0.0,0.0,93807.55131051879,0.0
56.19,1206.456068,1250.997416,23880,0.0,0.0,93221.82211615356,0.0
56.2,1259.072631,1252.208699,23880,0.0,0.0,93312.08449952393,0.0
56.21,1259.072631,1253.238289,23881,0.0,0.0,93388.80748440383,0.0
56.22,1277.682783,1256.904963,23881,0.0,0.0,93662.04068777755,0.0
56.230000000000004,1277.682783,1260.021636,23881,0.0,0.0,93894.28891809702,0.0
56.24,1276.841638,1262.544636,23882,0.0,0.0,94082.29782538244,0.0
56.25,1276.841638,1264.689186,23882,0.0,0.0,94242.10539657506,0.0
56.26,1276.841638,1266.512054,23882,0.0,0.0,94377.94186934778,0.0
56.27,1276.841638,1268.061492,23882,0.0,0.0,94493.40288610819,0.0
56.28,1276.841638,1269.378514,23882,0.0,0.0,94591.54472799913,0.0
56.29,1191.55287,1257.704667,23882,0.0,0.0,93721.63302832127,0.0
56.300000000000004,1191.55287,1247.781898,23883,0.0,0.0,92982.20815438716,0.0
56.31,1274.431267,1251.779303,23883,0.0,0.0,93280.08676953871,0.0
56.32,1265.268321,1253.802656,23883,0.0,0.0,93430.86298300787,0.0
56.33,1265.268321,1255.522505,23883,0.0,0.0,93559.02268621275,0.0
56.34,1256.071551,1255.604862,23884,0.0,0.0,93565.15976491958,0.0
56.35,1256.071551,1255.674866,23884,0.0,0.0,93570.37632280527,0.0
56.36,1256.071551,1255.734368,23884,0.0,0.0,93574.8102926829,0.0
56.370000000000005,1256.071551,1255.784946,23884,0.0,0.0,93578.57926395228,0.0
56.38,1256.071551,1255.827936,23884,0.0,0.0,93581.78279265789,0.0
56.39,1295.263156,1261.743219,23884,0.0,0.0,94022.57783550929,0.0
56.4,1265.327015,1262.280789,23885,0.0,0.0,94062.63647533863,0.0
56.410000000000004,1265.327015,1262.737723,23885,0.0,0.0,94096.68628193457,0.0
56.42,1265.66664,1263.17706,23885,0.0,0.0,94129.42479533136,0.0
56.43,1265.66664,1263.550497,23885,0.0,0.0,94157.25257270351,0.0
56.44,1256.949341,1262.560324,23886,0.0,0.0,94083.4668637247,0.0
56.45,1256.949341,1261.718676,23886,0.0,0.0,94020.74894030062,0.0
56.46,1256.949341,1261.003276,23886,0.0,0.0,93967.43876500452,0.0
56.47,1256.949341,1260.395186,23886,0.0,0.0,93922.12511600286,0.0
56.480000000000004,1256.949341,1259.878309,23886,0.0,0.0,93883.60847709246,0.0
56.49,1295.655366,1265.244868,23887,0.0,0.0,94283.51370637219,0.0
56.5,1271.370969,1266.163783,23887,0.0,0.0,94351.98941189665,0.0
56.51,1271.370969,1266.944861,23887,0.0,0.0,94410.19378022193,0.0
56.52,1259.814128,1265.875251,23887,0.0,0.0,94330.48858508852,0.0
56.53,1259.814128,1264.966082,23887,0.0,0.0,94262.73913196613,0.0
56.54,1254.949166,1263.463545,23888,0.0,0.0,94150.77308379891,0.0
56.550000000000004,1254.949166,1262.186388,23888,0.0,0.0,94055.60190187187,0.0
56.56,1254.949166,1261.100805,23888,0.0,0.0,93974.70643076698,0.0
56.57,1254.949166,1260.178059,23888,0.0,0.0,93905.94524679474,0.0
56.58,1254.949166,1259.393725,23888,0.0,0.0,93847.4982478701,0.0
56.59,1309.708436,1266.940932,23889,0.0,0.0,94409.90099901037,0.0
56.6,1271.476873,1267.621323,23889,0.0,0.0,94460.60237373764,0.0
56.61,1271.476873,1268.199655,23889,0.0,0.0,94503.69851617448,0.0
56.620000000000005,1262.728712,1267.379014,23889,0.0,0.0,94442.54599232052,0.0
56.63,1265.33157,1267.071897,23890,0.0,0.0,94419.66024853186,0.0
56.64,1254.004151,1265.111735,23890,0.0,0.0,94273.59290183251,0.0
56.65,1254.004151,1263.445598,23890,0.0,0.0,94149.43570930068,0.0
56.660000000000004,1254.004151,1262.029381,23890,0.0,0.0,94043.90205466373,0.0
56.67,1254.004151,1260.825596,23890,0.0,0.0,93954.1984072374,0.0
56.68,1254.004151,1259.80238,23891,0.0,0.0,93877.95040007254,0.0
56.69,1304.675309,1266.533319,23891,0.0,0.0,94379.52649456117,0.0
56.7,1265.612724,1266.39523,23891,0.0,0.0,94369.23637882668,0.0
56.71,1265.612724,1266.277854,23891,0.0,0.0,94360.48975437107,0.0
56.72,1253.845376,1264.412982,23891,0.0,0.0,94221.52322763814,0.0
56.730000000000004,1253.845376,1262.827841,23892,0.0,0.0,94103.40169481873,0.0
56.74,1256.235745,1261.839027,23893,0.0,0.0,94029.71725579831,0.0
56.75,1256.235745,1260.998534,23893,0.0,0.0,93967.08540066116,0.0
56.76,1256.235745,1260.284116,23893,0.0,0.0,93913.84840203848,0.0
56.77,1256.235745,1259.67686,23893,0.0,0.0,93868.59690104659,0.0
56.78,1256.235745,1259.160693,23893,0.0,0.0,93830.13316991429,0.0
56.79,1303.722343,1265.84494,23893,0.0,0.0,94328.22987007121,0.0
56.800000000000004,1259.592431,1264.907064,23893,0.0,0.0,94258.34122879923,0.0
56.81,1259.592431,1264.109869,23893,0.0,0.0,94198.9358539108,0.0
56.82,1259.84216,1263.469713,23893,0.0,0.0,94151.2327108065,0.0
56.83,1259.84216,1262.92558,23894,0.0,0.0,94110.68500936063,0.0
56.84,1252.863303,1261.416238,23895,0.0,0.0,93998.21186622149,0.0
56.85,1252.863303,1260.133298,23895,0.0,0.0,93902.60974671584,0.0
56.86,1252.863303,1259.042799,23895,0.0,0.0,93821.34794513603,0.0
56.870000000000005,1252.863303,1258.115874,23895,0.0,0.0,93752.27535045291,0.0
56.88,1252.863303,1257.327988,23895,0.0,0.0,93693.56366360176,0.0
56.89,1319.828106,1266.703006,23895,0.0,0.0,94392.1712299756,0.0
56.9,1247.940051,1263.888563,23895,0.0,0.0,94182.44457399179,0.0
56.910000000000004,1247.940051,1261.496286,23895,0.0,0.0,94004.17688287247,0.0
56.92,1265.162962,1262.046288,23896,0.0,0.0,94045.16193044472,0.0
56.93,1265.162962,1262.513789,23896,0.0,0.0,94079.99916871854,0.0
56.94,1255.111008,1261.403372,23897,0.0,0.0,93997.25311766774,0.0
56.95,1255.111008,1260.459517,23897,0.0,0.0,93926.91893328966,0.0
56.96,1255.111008,1259.657241,23897,0.0,0.0,93867.1349324568,0.0
56.97,1255.111008,1258.975306,23897,0.0,0.0,93816.31850194166,0.0
56.980000000000004,1255.111008,1258.395661,23897,0.0,0.0,93773.12451737428,0.0
56.99,1310.202834,1266.166737,23897,0.0,0.0,94352.20953806081,0.0
57.0,1271.189713,1266.920183,23897,0.0,0.0,94408.3548250836,0.0
57.01,1264.535476,1266.562477,23898,0.0,0.0,94381.69929032758,0.0
57.02,1264.535476,1266.258427,23898,0.0,0.0,94359.04209323677,0.0
57.03,1204.751466,1257.032383,23898,0.0,0.0,93671.53577099844,0.0
57.04,1271.330307,1259.177071,23899,0.0,0.0,93831.3536256747,0.0
57.050000000000004,1271.330307,1261.000057,23899,0.0,0.0,93967.19889157111,0.0
57.06,1271.330307,1262.549594,23899,0.0,0.0,94082.66728561326,0.0
57.07,1271.330307,1263.866701,23899,0.0,0.0,94180.81546153396,0.0
57.08,1271.330307,1264.986242,23899,0.0,0.0,94264.24141479249,0.0
57.09,1271.330307,1265.937852,23900,0.0,0.0,94335.15348623994,0.0
57.1,1271.330307,1266.74672,23900,0.0,0.0,94395.42870971125,0.0
57.11,1271.330307,1267.434258,23900,0.0,0.0,94446.66266456549,0.0
57.120000000000005,1237.864728,1262.998828,23900,0.0,0.0,94116.1433036297,0.0
57.13,1265.556533,1263.382484,23900,0.0,0.0,94144.73258041665,0.0
57.14,1277.573443,1265.511128,23901,0.0,0.0,94303.35486834361,0.0
57.15,1277.573443,1267.320475,23901,0.0,0.0,94438.1837832743,0.0
57.160000000000004,1277.573443,1268.858421,23901,0.0,0.0,94552.7884392093,0.0
57.17,1277.573443,1270.165674,23901,0.0,0.0,94650.20231478426,0.0
57.18,1277.573443,1271.276839,23901,0.0,0.0,94733.00410529706,0.0
57.19,1210.579828,1262.172288,23901,0.0,0.0,94054.55119810939,0.0
57.2,1265.495666,1262.670794,23901,0.0,0.0,94091.69886689069,0.0
57.21,1265.495666,1263.094525,23902,0.0,0.0,94123.274452421,0.0
57.22,1265.645567,1263.477181,23902,0.0,0.0,94151.78921121062,0.0
57.230000000000004,1265.645567,1263.802439,23902,0.0,0.0,94176.026785989,0.0
57.24,1256.51885,1262.709901,23903,0.0,0.0,94094.61304221262,0.0
57.25,1256.51885,1261.781243,23903,0.0,0.0,94025.4113078401,0.0
57.26,1256.51885,1260.991884,23903,0.0,0.0,93966.58985597886,0.0
57.27,1256.51885,1260.320929,23903,0.0,0.0,93916.59163307448,0.0
57.28,1256.51885,1259.750617,23903,0.0,0.0,93874.09312497628,0.0
57.29,1297.729759,1265.447488,23903,0.0,0.0,94298.61254299297,0.0
57.300000000000004,1265.448723,1265.447674,23904,0.0,0.0,94298.62640334046,0.0
57.31,1265.448723,1265.447831,23904,0.0,0.0,94298.63810266604,0.0
57.32,1271.516862,1266.358186,23904,0.0,0.0,94366.47593413327,0.0
57.33,1271.516862,1267.131987,23904,0.0,0.0,94424.13803499192,0.0
57.34,1258.696577,1265.866676,23905,0.0,0.0,94329.84959326137,0.0
57.35,1258.696577,1264.791161,23905,0.0,0.0,94249.70436935367,0.0
57.36,1258.696577,1263.876973,23905,0.0,0.0,94181.58091040264,0.0
57.370000000000005,1258.696577,1263.099914,23905,0.0,0.0,94123.67602990866,0.0
57.38,1258.696577,1262.439413,23905,0.0,0.0,94074.45681814848,0.0
57.39,1287.726643,1266.232498,23905,0.0,0.0,94357.10991608378,0.0
57.4,1271.467337,1267.017724,23906,0.0,0.0,94415.623385062,0.0
57.410000000000004,1271.467337,1267.685166,23906,0.0,0.0,94465.35982624174,0.0
57.42,1259.765121,1266.497159,23906,0.0,0.0,94376.83192377743,0.0
57.43,1259.765121,1265.487353,23906,0.0,0.0,94301.58320295686,0.0
57.44,1254.174874,1263.790482,23907,0.0,0.0,94175.13577429483,0.0
57.45,1254.174874,1262.34814,23907,0.0,0.0,94067.65533697739,0.0
57.46,1254.174874,1261.122151,23907,0.0,0.0,93976.29709193816,0.0
57.47,1254.174874,1260.080059,23907,0.0,0.0,93898.64248305552,0.0
57.480000000000004,1254.174874,1259.194281,23907,0.0,0.0,93832.63608040889,0.0
57.49,1299.145615,1265.186981,23908,0.0,0.0,94279.20008306026,0.0
57.5,1271.472042,1266.12974,23908,0.0,0.0,94349.45259571326,0.0
57.51,1271.472042,1266.931086,23908,0.0,0.0,94409.16729480859,0.0
57.52,1256.83776,1265.417087,23908,0.0,0.0,94296.34712135587,0.0
57.53,1256.83776,1264.130188,23908,0.0,0.0,94200.44998509875,0.0
57.54,1254.78231,1262.728006,23909,0.0,0.0,94095.96219055443,0.0
57.550000000000004,1254.78231,1261.536152,23909,0.0,0.0,94007.14761735436,0.0
57.56,1254.78231,1260.523075,23909,0.0,0.0,93931.65514816453,0.0
57.57,1254.78231,1259.661961,23909,0.0,0.0,93867.48665740422,0.0
57.58,1254.78231,1258.930013,23909,0.0,0.0,93812.94335828819,0.0
57.59,1320.061025,1268.099665,23910,0.0,0.0,94496.24746162059,0.0
57.6,1265.622216,1267.728047,23910,0.0,0.0,94468.55523248561,0.0
57.61,1253.903366,1265.654345,23910,0.0,0.0,94314.02711236842,0.0
57.620000000000005,1259.755799,1264.769563,23910,0.0,0.0,94248.09492964715,0.0
57.63,1259.755799,1264.017499,23911,0.0,0.0,94192.05262649665,0.0
57.64,1257.213641,1262.99692,23912,0.0,0.0,94116.00112329077,0.0
57.65,1257.213641,1262.129428,23912,0.0,0.0,94051.35735674345,0.0
57.660000000000004,1257.213641,1261.39206,23912,0.0,0.0,93996.41017008183,0.0
57.67,1257.213641,1260.765297,23912,0.0,0.0,93949.70504651585,0.0
57.68,1257.213641,1260.232549,23912,0.0,0.0,93910.0057324697,0.0
57.69,1206.402614,1252.158058,23912,0.0,0.0,93308.31083362071,0.0
57.7,1265.54236,1254.165704,23912,0.0,0.0,93457.91659290565,0.0
57.71,1265.54236,1255.872202,23912,0.0,0.0,93585.0814063281,0.0
57.72,1256.79704,1256.010928,23912,0.0,0.0,93595.41899002688,0.0
57.730000000000004,1256.79704,1256.128845,23913,0.0,0.0,93604.20592871908,0.0
57.74,1280.778671,1259.826318,23914,0.0,0.0,93879.7342118928,0.0
57.75,1280.778671,1262.969171,23914,0.0,0.0,94113.9333233826,0.0
57.76,1280.778671,1265.640596,23914,0.0,0.0,94313.00256442303,0.0
57.77,1280.778671,1267.911307,23914,0.0,0.0,94482.21140067789,0.0
57.78,1280.778671,1269.841412,23914,0.0,0.0,94626.0389599312,0.0
57.79,1201.575725,1259.601559,23914,0.0,0.0,93862.98562132897,0.0
57.800000000000004,1259.639157,1259.607199,23914,0.0,0.0,93863.40590283397,0.0
57.81,1259.639157,1259.611992,23914,0.0,0.0,93863.76306759522,0.0
57.82,1259.746477,1259.632165,23915,0.0,0.0,93865.26631915552,0.0
57.83,1259.746477,1259.649312,23915,0.0,0.0,93866.54407925591,0.0
57.84,1278.979029,1262.548769,23916,0.0,0.0,94082.60580826545,0.0
57.85,1278.979029,1265.013308,23916,0.0,0.0,94266.25831890847,0.0
57.86,1278.979029,1267.108167,23916,0.0,0.0,94422.36301629533,0.0
57.870000000000005,1278.979029,1268.888796,23916,0.0,0.0,94555.05192337846,0.0
57.88,1278.979029,1270.402331,23916,0.0,0.0,94667.83752048043,0.0
57.89,1209.328126,1261.2412,23916,0.0,0.0,93985.16838500333,0.0
57.9,1259.552761,1260.987934,23916,0.0,0.0,93966.29550988939,0.0
57.910000000000004,1259.552761,1260.772658,23916,0.0,0.0,93950.2535734943,0.0
57.92,1262.697143,1261.061331,23917,0.0,0.0,93971.76490734005,0.0
57.93,1262.697143,1261.306703,23917,0.0,0.0,93990.049537383,0.0
57.94,1276.686769,1263.613713,23918,0.0,0.0,94161.96330242326,0.0
57.95,1276.686769,1265.574671,23918,0.0,0.0,94308.08996544848,0.0
57.96,1276.686769,1267.241486,23918,0.0,0.0,94432.2976811825,0.0
57.97,1276.686769,1268.658278,23918,0.0,0.0,94537.87418366794,0.0
57.980000000000004,1276.686769,1269.862552,23918,0.0,0.0,94627.61427039496,0.0
57.99,1214.621289,1261.576362,23918,0.0,0.0,94010.14398602735,0.0
58.0,1259.538782,1261.270725,23918,0.0,0.0,93987.36852887477,0.0
58.01,1259.538782,1261.010934,23919,0.0,0.0,93968.00942382815,0.0
58.02,1265.619811,1261.702265,23919,0.0,0.0,94019.52602544629,0.0
58.03,1265.619811,1262.289897,23919,0.0,0.0,94063.31518525841,0.0
58.04,1270.191541,1263.475144,23921,0.0,0.0,94151.63741805004,0.0
58.050000000000004,1270.191541,1264.482603,23921,0.0,0.0,94226.71124513085,0.0
58.06,1270.191541,1265.338944,23921,0.0,0.0,94290.52406148985,0.0
58.07,1270.191541,1266.066834,23921,0.0,0.0,94344.76496657265,0.0
58.08,1270.191541,1266.68554,23921,0.0,0.0,94390.86969863408,0.0
58.09,1270.191541,1267.21144,23921,0.0,0.0,94430.05871343447,0.0
58.1,1270.191541,1267.658455,23921,0.0,0.0,94463.36937601482,0.0
58.11,1270.191541,1268.038418,23921,0.0,0.0,94491.6834578376,0.0
58.120000000000005,1255.654096,1266.18077,23921,0.0,0.0,94353.25524911743,0.0
58.13,1255.654096,1264.601769,23921,0.0,0.0,94235.59125680171,0.0
58.14,1250.700523,1262.516582,23922,0.0,0.0,94080.2072974851,0.0
58.15,1250.700523,1260.744173,23922,0.0,0.0,93948.13092834009,0.0
58.160000000000004,1250.700523,1259.237625,23922,0.0,0.0,93835.86598848553,0.0
58.17,1250.700523,1257.95706,23922,0.0,0.0,93740.44084922357,0.0
58.18,1250.700523,1256.868579,23922,0.0,0.0,93659.3294249624,0.0
58.19,1311.049323,1264.995691,23922,0.0,0.0,94264.94553534935,0.0
58.2,1259.76046,1264.210406,23923,0.0,0.0,94206.42766980926,0.0
58.21,1259.76046,1263.542914,23923,0.0,0.0,94156.68750272969,0.0
58.22,1271.453224,1264.729461,23923,0.0,0.0,94245.10660891785,0.0
58.230000000000004,1271.453224,1265.738025,23923,0.0,0.0,94320.26277838576,0.0
58.24,1248.787366,1263.195426,23924,0.0,0.0,94130.79339287047,0.0
58.25,1248.787366,1261.034217,23924,0.0,0.0,93969.74442636018,0.0
58.26,1248.787366,1259.19719,23924,0.0,0.0,93832.85285326315,0.0
58.27,1248.787366,1257.635716,23924,0.0,0.0,93716.49493788676,0.0
58.28,1248.787366,1256.308463,23924,0.0,0.0,93617.59070236505,0.0
58.29,1315.139011,1265.133046,23924,0.0,0.0,94275.1809548738,0.0
58.300000000000004,1315.139011,1272.63394,23925,0.0,0.0,94834.13255400331,0.0
58.31,1271.480306,1272.460895,23925,0.0,0.0,94821.23758715385,0.0
58.32,1259.690547,1270.545343,23925,0.0,0.0,94678.49448831582,0.0
58.33,1259.690547,1268.917124,23925,0.0,0.0,94557.16286920705,0.0
58.34,1250.997198,1266.229135,23926,0.0,0.0,94356.85931205873,0.0
58.35,1250.997198,1263.944344,23926,0.0,0.0,94186.60126240134,0.0
58.36,1250.997198,1262.002272,23926,0.0,0.0,94041.88194627386,0.0
58.370000000000005,1250.997198,1260.351511,23926,0.0,0.0,93918.87054246911,0.0
58.38,1250.997198,1258.948364,23926,0.0,0.0,93814.31083805737,0.0
58.39,1309.410733,1266.51772,23927,0.0,0.0,94378.3640883207,0.0
58.4,1271.457929,1267.258751,23927,0.0,0.0,94433.58423440657,0.0
58.410000000000004,1271.457929,1267.888628,23927,0.0,0.0,94480.52140701623,0.0
58.42,1259.752272,1266.668174,23927,0.0,0.0,94389.57561909228,0.0
58.43,1259.752272,1265.630789,23927,0.0,0.0,94312.27176642312,0.0
58.44,1252.399106,1263.646036,23928,0.0,0.0,94164.37194765125,0.0
58.45,1252.399106,1261.958997,23928,0.0,0.0,94038.65717993904,0.0
58.46,1252.399106,1260.525013,23928,0.0,0.0,93931.79956404335,0.0
58.47,1252.399106,1259.306127,23928,0.0,0.0,93840.97062033923,0.0
58.480000000000004,1252.399106,1258.270074,23928,0.0,0.0,93763.76602564254,0.0
58.49,1317.129862,1267.099042,23929,0.0,0.0,94421.6830395696,0.0
58.5,1271.474457,1267.755355,23929,0.0,0.0,94470.59016995694,0.0
58.51,1259.74887,1266.554382,23929,0.0,0.0,94381.09606713914,0.0
58.52,1259.74887,1265.533555,23929,0.0,0.0,94305.02608346991,0.0
58.53,1256.847061,1264.230581,23929,0.0,0.0,94207.93107040557,0.0
58.54,1247.949772,1261.78846,23930,0.0,0.0,94025.94910422688,0.0
58.550000000000004,1247.949772,1259.712656,23931,0.0,0.0,93871.26434727931,0.0
58.56,1247.949772,1257.948224,23931,0.0,0.0,93739.78240819907,0.0
58.57,1247.949772,1256.448456,23931,0.0,0.0,93628.02270036649,0.0
58.58,1247.949772,1255.173653,23931,0.0,0.0,93533.02693380519,0.0
58.59,1328.469202,1266.167986,23931,0.0,0.0,94352.30261103947,0.0
58.6,1328.469202,1275.513168,23931,0.0,0.0,95048.68685844472,0.0
58.61,1259.780238,1273.153229,23931,0.0,0.0,94872.82893032333,0.0
58.620000000000005,1259.765121,1271.145013,23931,0.0,0.0,94723.1806957799,0.0
58.63,1259.765121,1269.438029,23932,0.0,0.0,94595.97966661074,0.0
58.64,1251.533683,1266.752377,23933,0.0,0.0,94395.8502580222,0.0
58.65,1251.533683,1264.469573,23933,0.0,0.0,94225.74027562553,0.0
58.660000000000004,1251.533683,1262.529189,23933,0.0,0.0,94081.14674587756,0.0
58.67,1251.533683,1260.879863,23933,0.0,0.0,93958.24227539897,0.0
58.68,1251.533683,1259.477936,23933,0.0,0.0,93853.77348294399,0.0
58.69,1326.007263,1269.457335,23933,0.0,0.0,94597.41831106736,0.0
58.7,1270.559154,1269.622608,23933,0.0,0.0,94609.73412404151,0.0
58.71,1270.559154,1269.76309,23933,0.0,0.0,94620.20256134364,0.0
58.72,1260.166484,1268.323599,23933,0.0,0.0,94512.93457483666,0.0
58.730000000000004,1260.166484,1267.100032,23934,0.0,0.0,94421.75681238697,0.0
58.74,1256.424677,1265.498729,23935,0.0,0.0,94302.43091969457,0.0
58.75,1256.424677,1264.137621,23935,0.0,0.0,94201.00387737298,0.0
58.76,1256.424677,1262.980679,23935,0.0,0.0,94114.79087649599,0.0
58.77,1256.424677,1261.997279,23935,0.0,0.0,94041.50987791315,0.0
58.78,1256.424677,1261.161389,23935,0.0,0.0,93979.22102911776,0.0
58.79,1214.270189,1254.127709,23935,0.0,0.0,93455.0852815968,0.0
58.800000000000004,1247.676689,1253.160056,23935,0.0,0.0,93382.97771791802,0.0
58.81,1247.676689,1252.337551,23935,0.0,0.0,93321.68629251703,0.0
58.82,1265.705372,1254.342724,23936,0.0,0.0,93471.10776879457,0.0
58.83,1265.705372,1256.047121,23936,0.0,0.0,93598.11601990457,0.0
58.84,1280.76503,1259.754808,23937,0.0,0.0,93874.40542990313,0.0
58.85,1280.76503,1262.906341,23937,0.0,0.0,94109.25135760984,0.0
58.86,1280.76503,1265.585144,23937,0.0,0.0,94308.8703924346,0.0
58.870000000000005,1280.76503,1267.862127,23937,0.0,0.0,94478.54660556879,0.0
58.88,1280.76503,1269.797563,23937,0.0,0.0,94622.77142026593,0.0
58.89,1210.896871,1260.962459,23937,0.0,0.0,93964.39716390717,0.0
58.9,1253.775732,1259.88445,23937,0.0,0.0,93884.06609211412,0.0
58.910000000000004,1265.472131,1260.722602,23937,0.0,0.0,93946.52350061951,0.0
58.92,1265.472131,1261.435031,23938,0.0,0.0,93999.61228294548,0.0
58.93,1268.711627,1262.526521,23938,0.0,0.0,94080.94793186065,0.0
58.94,1256.815065,1261.669802,23939,0.0,0.0,94017.10694769867,0.0
58.95,1256.815065,1260.941592,23939,0.0,0.0,93962.84219685668,0.0
58.96,1256.815065,1260.322613,23939,0.0,0.0,93916.71712138201,0.0
58.97,1256.815065,1259.79648,23939,0.0,0.0,93877.51074388823,0.0
58.980000000000004,1256.815065,1259.349268,23939,0.0,0.0,93844.18540126241,0.0
58.99,1289.376227,1263.853312,23939,0.0,0.0,94179.8177400676,0.0
59.0,1265.329293,1264.074709,23939,0.0,0.0,94196.31580112438,0.0
59.01,1265.329293,1264.262897,23940,0.0,0.0,94210.33919400757,0.0
59.02,1265.643225,1264.469946,23940,0.0,0.0,94225.76807083853,0.0
59.03,1265.643225,1264.645938,23940,0.0,0.0,94238.88264222616,0.0
59.04,1260.46352,1264.018575,23942,0.0,0.0,94192.1328078618,0.0
59.050000000000004,1260.46352,1263.485317,23942,0.0,0.0,94152.39548963697,0.0
59.06,1260.46352,1263.032047,23942,0.0,0.0,94118.61871698326,0.0
59.07,1260.46352,1262.646768,23942,0.0,0.0,94089.90849748664,0.0
59.08,1260.46352,1262.319281,23942,0.0,0.0,94065.5048220922,0.0
59.09,1260.46352,1262.040917,23942,0.0,0.0,94044.76169428103,0.0
59.1,1260.46352,1261.804308,23942,0.0,0.0,94027.13006544871,0.0
59.11,1260.46352,1261.60319,23942,0.0,0.0,94012.14315485995,0.0
59.120000000000005,1296.965831,1266.907586,23942,0.0,0.0,94407.41612187114,0.0
59.13,1296.965831,1271.416322,23942,0.0,0.0,94743.39809911983,0.0
59.14,1256.219935,1269.136864,23943,0.0,0.0,94573.53745394225,0.0
59.15,1256.219935,1267.199325,23943,0.0,0.0,94429.15592789672,0.0
59.160000000000004,1256.219935,1265.552416,23943,0.0,0.0,94306.4315674177,0.0
59.17,1256.219935,1264.152544,23943,0.0,0.0,94202.11590944725,0.0
59.18,1256.219935,1262.962653,23943,0.0,0.0,94113.44761507594,0.0
59.19,1294.606376,1267.709211,23943,0.0,0.0,94467.15161148773,0.0
59.2,1294.606376,1271.743786,23944,0.0,0.0,94767.80006060035,0.0
59.21,1268.552975,1271.265164,23944,0.0,0.0,94732.13410767812,0.0
59.22,1259.669512,1269.525816,23944,0.0,0.0,94602.52137804312,0.0
59.230000000000004,1259.669512,1268.047371,23944,0.0,0.0,94492.35061746778,0.0
59.24,1253.054859,1265.798494,23945,0.0,0.0,94324.76880716681,0.0
59.25,1253.054859,1263.886949,23945,0.0,0.0,94182.32430194407,0.0
59.26,1253.054859,1262.262135,23945,0.0,0.0,94061.24641661628,0.0
59.27,1253.054859,1260.881044,23945,0.0,0.0,93958.33028115385,0.0
59.28,1253.054859,1259.707116,23945,0.0,0.0,93870.85151757408,0.0
59.29,1285.695639,1263.605394,23945,0.0,0.0,94161.34338720341,0.0
59.300000000000004,1285.695639,1266.918931,23946,0.0,0.0,94408.26152855094,0.0
59.31,1274.422983,1268.044539,23946,0.0,0.0,94492.13958249931,0.0
59.32,1242.152471,1264.160729,23946,0.0,0.0,94202.72583925546,0.0
59.33,1242.152471,1260.85949,23946,0.0,0.0,93956.72412023919,0.0
59.34,1254.924606,1259.969257,23947,0.0,0.0,93890.38573991442,0.0
59.35,1254.924606,1259.21256,23947,0.0,0.0,93833.99819488224,0.0
59.36,1254.924606,1258.569367,23947,0.0,0.0,93786.06874062,0.0
59.370000000000005,1254.924606,1258.022652,23947,0.0,0.0,93745.32863370501,0.0
59.38,1254.924606,1257.557945,23947,0.0,0.0,93710.69959871576,0.0
59.39,1310.072907,1265.43519,23948,0.0,0.0,94297.69612066168,0.0
59.4,1253.785009,1263.687662,23948,0.0,0.0,94167.47383380846,0.0
59.410000000000004,1253.785009,1262.202264,23948,0.0,0.0,94056.78494959761,0.0
59.42,1268.61057,1263.16351,23948,0.0,0.0,94128.41507646741,0.0
59.43,1268.61057,1263.980569,23948,0.0,0.0,94189.30067685494,0.0
59.44,1251.154398,1262.056644,23949,0.0,0.0,94045.93363882515,0.0
59.45,1251.154398,1260.421307,23949,0.0,0.0,93924.07160061137,0.0
59.46,1251.154398,1259.031271,23949,0.0,0.0,93820.48890166273,0.0
59.47,1251.154398,1257.84974,23949,0.0,0.0,93732.44357774917,0.0
59.480000000000004,1251.154398,1256.845439,23949,0.0,0.0,93657.60507850396,0.0
59.49,1308.823645,1264.642169,23950,0.0,0.0,94238.60178389419,0.0
59.5,1265.610445,1264.787411,23950,0.0,0.0,94249.42492686365,0.0
59.51,1271.293045,1265.763256,23950,0.0,0.0,94322.14294197659,0.0
59.52,1271.293045,1266.592724,23950,0.0,0.0,94383.9532361931,0.0
59.53,1253.990518,1264.702394,23951,0.0,0.0,94243.0896302839,0.0
59.54,1245.76079,1261.861153,23952,0.0,0.0,94031.36604100742,0.0
59.550000000000004,1245.76079,1259.446098,23952,0.0,0.0,93851.40097894472,0.0
59.56,1245.76079,1257.393302,23952,0.0,0.0,93698.43073207991,0.0
59.57,1245.76079,1255.648425,23952,0.0,0.0,93568.40599243763,0.0
59.58,1245.76079,1254.16528,23952,0.0,0.0,93457.88499727478,0.0
59.59,1346.905132,1268.076258,23952,0.0,0.0,94494.50321885689,0.0
59.6,1346.905132,1279.900589,23952,0.0,0.0,95375.62868484629,0.0
59.61,1251.03167,1275.570251,23952,0.0,0.0,95052.9405692868,0.0
59.620000000000005,1259.692689,1273.188617,23952,0.0,0.0,94875.46597321315,0.0
59.63,1259.692689,1271.164228,23953,0.0,0.0,94724.61255909875,0.0
59.64,1258.20489,1269.220327,23954,0.0,0.0,94579.75694955412,0.0
59.65,1258.20489,1267.568011,23954,0.0,0.0,94456.62967026352,0.0
59.660000000000004,1258.20489,1266.163543,23954,0.0,0.0,94351.97152757729,0.0
59.67,1258.20489,1264.969745,23954,0.0,0.0,94263.01209139038,0.0
59.68,1258.20489,1263.955017,23954,0.0,0.0,94187.39659298693,0.0
59.69,1290.113841,1267.878841,23954,0.0,0.0,94479.79209937631,0.0
59.7,1259.692689,1266.650918,23954,0.0,0.0,94388.28973653022,0.0
59.71,1259.692689,1265.607183,23954,0.0,0.0,94310.51269457796,0.0
59.72,1259.755799,1264.729476,23955,0.0,0.0,94245.10772668784,0.0
59.730000000000004,1259.755799,1263.983424,23955,0.0,0.0,94189.51342573733,0.0
59.74,1253.964971,1262.480656,23956,0.0,0.0,94077.53016391273,0.0
59.75,1253.964971,1261.203303,23956,0.0,0.0,93982.34437645819,0.0
59.76,1253.964971,1260.117553,23956,0.0,0.0,93901.43646084775,0.0
59.77,1253.964971,1259.194666,23956,0.0,0.0,93832.66476983788,0.0
59.78,1253.964971,1258.410212,23956,0.0,0.0,93774.20882875356,0.0
59.79,1323.862667,1268.22808,23956,0.0,0.0,94505.81669024884,0.0
59.800000000000004,1236.32763,1263.443013,23956,0.0,0.0,94149.24308027758,0.0
59.81,1259.758192,1262.89029,23956,0.0,0.0,94108.05526923455,0.0
59.82,1271.479162,1264.17862,23957,0.0,0.0,94204.05904074585,0.0
59.83,1271.479162,1265.273702,23957,0.0,0.0,94285.66235830745,0.0
59.84,1253.978694,1263.579451,23958,0.0,0.0,94159.41016679845,0.0
59.85,1253.978694,1262.139337,23958,0.0,0.0,94052.0957555791,0.0
59.86,1253.978694,1260.915241,23958,0.0,0.0,93960.87857310883,0.0
59.870000000000005,1253.978694,1259.874759,23958,0.0,0.0,93883.34393820191,0.0
59.88,1253.978694,1258.990349,23958,0.0,0.0,93817.4394761756,0.0
59.89,1300.355659,1265.195145,23958,0.0,0.0,94279.80844799052,0.0
59.9,1265.568176,1265.2511,23958,0.0,0.0,94283.97810253162,0.0
59.910000000000004,1265.568176,1265.298661,23959,0.0,0.0,94287.52225300304,0.0
59.92,1265.639745,1265.349824,23959,0.0,0.0,94291.33481730089,0.0
59.93,1265.639745,1265.393312,23959,0.0,0.0,94294.57545596914,0.0
59.94,1255.032538,1263.839196,23960,0.0,0.0,94178.76584401718,0.0
59.95,1255.032538,1262.518197,23960,0.0,0.0,94080.32764405082,0.0
59.96,1255.032538,1261.395348,23960,0.0,0.0,93996.6551852571,0.0
59.97,1255.032538,1260.440927,23960,0.0,0.0,93925.53364371914,0.0
59.980000000000004,1255.032538,1259.629668,23960,0.0,0.0,93865.08024771619,0.0
59.99,1295.409026,1264.996572,23960,0.0,0.0,94265.011185705,0.0
60.0,1259.648478,1264.194358,23960,0.0,0.0,94205.23180498797,0.0
60.01,1282.965007,1267.009955,23961,0.0,0.0,94415.0444547407,0.0
60.02,1282.965007,1269.403213,23961,0.0,0.0,94593.3852480154,0.0
60.03,1257.011165,1267.544406,23961,0.0,0.0,94454.87067293632,0.0
60.04,1255.453739,1265.730806,23963,0.0,0.0,94319.72483296295,0.0
60.050000000000004,1255.453739,1264.189246,23963,0.0,0.0,94204.85086898557,0.0
60.06,1255.453739,1262.87892,23963,0.0,0.0,94107.20799960481,0.0
60.07,1255.453739,1261.765143,23963,0.0,0.0,94024.21156808296,0.0
60.08,1255.453739,1260.818432,23963,0.0,0.0,93953.66456030446,0.0
60.09,1255.453739,1260.013728,23963,0.0,0.0,93893.69962977406,0.0
60.1,1255.453739,1259.32973,23963,0.0,0.0,93842.72946863042,0.0
60.11,1255.453739,1258.748331,23963,0.0,0.0,93799.40477949574,0.0
60.120000000000005,1310.740111,1266.547098,23963,0.0,0.0,94380.55327804651,0.0
60.13,1310.740111,1273.17605,23963,0.0,0.0,94874.52950554062,0.0
60.14,1254.309827,1270.346117,23964,0.0,0.0,94663.64856577803,0.0
60.15,1254.309827,1267.940673,23964,0.0,0.0,94484.39969618774,0.0
60.160000000000004,1254.309827,1265.896046,23964,0.0,0.0,94332.0381868432,0.0
60.17,1254.309827,1264.158113,23964,0.0,0.0,94202.5309001744,0.0
60.18,1254.309827,1262.68087,23964,0.0,0.0,94092.44971023189,0.0
60.19,1254.309827,1261.425214,23964,0.0,0.0,93998.88073976562,0.0
60.2,1299.122301,1267.079777,23965,0.0,0.0,94420.24745035087,0.0
60.21,1299.122301,1271.886155,23965,0.0,0.0,94778.40911336345,0.0
60.22,1374.484852,1287.27596,23965,0.0,0.0,95925.22656139587,0.0
60.230000000000004,1374.484852,1300.357294,23965,0.0,0.0,96900.02137359395,0.0
60.24,1479.077141,1327.165271,23967,0.0,0.0,98897.6981323347,0.0
60.25,1479.077141,1349.952051,23967,0.0,0.0,100595.72334373125,0.0
60.26,1479.077141,1369.320815,23967,0.0,0.0,102039.04484793631,0.0
60.27,1479.077141,1385.784264,23967,0.0,0.0,103265.8680967034,0.0
60.28,1479.077141,1399.778195,23967,0.0,0.0,104308.66780971875,0.0
60.29,1479.077141,1411.673037,23967,0.0,0.0,105195.04761421846,0.0
60.300000000000004,1479.077141,1421.783653,23967,0.0,0.0,105948.47047039865,0.0
60.31,1553.648095,1441.563319,23967,0.0,0.0,107422.41156874616,0.0
60.32,1553.648095,1458.376035,23968,0.0,0.0,108675.26149488974,0.0
60.33,1494.162141,1463.743951,23968,0.0,0.0,109075.26784509186,0.0
60.34,1516.952624,1471.725252,23969,0.0,0.0,109670.01841176888,0.0
60.35,1516.952624,1478.509358,23969,0.0,0.0,110175.55640462202,0.0
60.36,1516.952624,1484.275848,23969,0.0,0.0,110605.26369109543,0.0
60.370000000000005,1516.952624,1489.177364,23969,0.0,0.0,110970.5148473388,0.0
60.38,1516.952624,1493.343653,23969,0.0,0.0,111280.97835995287,0.0
60.39,1516.952624,1496.884999,23969,0.0,0.0,111544.87237175614,0.0
60.4,1516.952624,1499.895143,23970,0.0,0.0,111769.1822743371,0.0
60.410000000000004,1538.358406,1505.664632,23970,0.0,0.0,112199.11304028452,0.0
60.42,1423.761635,1493.379183,23970,0.0,0.0,111283.62598439831,0.0
60.43,1423.761635,1482.936551,23970,0.0,0.0,110505.46196081376,0.0
60.44,1537.756742,1491.159579,23972,0.0,0.0,111118.22553943344,0.0
60.45,1537.756742,1498.149154,23972,0.0,0.0,111639.07467068177,0.0
60.46,1537.756742,1504.090292,23972,0.0,0.0,112081.79637635437,0.0
60.47,1537.756742,1509.140259,23972,0.0,0.0,112458.10980382067,0.0
60.480000000000004,1537.756742,1513.432732,23972,0.0,0.0,112777.97629541092,0.0
60.49,1537.756742,1517.081333,23972,0.0,0.0,113049.86273501876,0.0
60.5,1537.756742,1520.182644,23972,0.0,0.0,113280.96621986308,0.0
60.51,1508.221464,1518.388467,23972,0.0,0.0,113147.267742952,0.0
60.52,1508.221464,1516.863417,23973,0.0,0.0,113033.62407111068,0.0
60.53,1508.815014,1515.656157,23973,0.0,0.0,112943.6614736436,0.0
60.54,1524.854571,1517.035919,23974,0.0,0.0,113046.4785746876,0.0
60.550000000000004,1524.854571,1518.208716,23974,0.0,0.0,113133.87305841238,0.0
60.56,1524.854571,1519.205595,23974,0.0,0.0,113208.15848508135,0.0
60.57,1524.854571,1520.052941,23975,0.0,0.0,113271.30101205426,0.0
60.58,1524.854571,1520.773185,23975,0.0,0.0,113324.97215252944,0.0
60.59,1524.854571,1521.385393,23975,0.0,0.0,113370.59266664415,0.0
60.6,1524.854571,1521.90577,23975,0.0,0.0,113409.37011854527,0.0
60.61,1541.672745,1524.870816,23975,0.0,0.0,113630.31940848226,0.0
60.620000000000005,1570.297268,1531.684784,23975,0.0,0.0,114138.08265777194,0.0
60.63,1423.822287,1515.505409,23975,0.0,0.0,112932.42803458082,0.0
60.64,1528.43088,1517.44423,23977,0.0,0.0,113076.90509269896,0.0
60.65,1528.43088,1519.092227,23977,0.0,0.0,113199.71052875907,0.0
60.660000000000004,1528.43088,1520.493025,23977,0.0,0.0,113304.09519039505,0.0
60.67,1528.43088,1521.683704,23977,0.0,0.0,113392.82220494824,0.0
60.68,1528.43088,1522.69578,23977,0.0,0.0,113468.24008162277,0.0
60.69,1528.43088,1523.556045,23977,0.0,0.0,113532.3453066033,0.0
60.7,1528.43088,1524.28727,23977,0.0,0.0,113586.83472920726,0.0
60.71,1512.644806,1522.540901,23977,0.0,0.0,113456.69880871296,0.0
60.72,1587.860456,1532.338834,23978,0.0,0.0,114186.82115393129,0.0
60.730000000000004,1587.860456,1540.667077,23978,0.0,0.0,114807.42514364095,0.0
60.74,1509.934232,1536.05715,23980,0.0,0.0,114463.90261572358,0.0
60.75,1509.934232,1532.138713,23980,0.0,0.0,114171.90853778589,0.0
60.76,1509.934232,1528.80804,23980,0.0,0.0,113923.71345603594,0.0
60.77,1509.934232,1525.976969,23980,0.0,0.0,113712.74771479241,0.0
60.78,1509.934232,1523.570559,23980,0.0,0.0,113533.42686081667,0.0
60.79,1509.934232,1521.52511,23980,0.0,0.0,113381.00409767832,0.0
60.800000000000004,1509.934232,1519.786478,23980,0.0,0.0,113251.44472292942,0.0
60.81,1528.866352,1521.148459,23980,0.0,0.0,113352.93681946272,0.0
60.82,1528.866352,1522.306143,23980,0.0,0.0,113439.20511269373,0.0
60.83,1500.039676,1518.966173,23981,0.0,0.0,113190.31723712254,0.0
60.84,1532.831262,1521.045936,23982,0.0,0.0,113345.29701082157,0.0
60.85,1532.831262,1522.813735,23982,0.0,0.0,113477.02985199884,0.0
60.86,1532.831262,1524.316364,23982,0.0,0.0,113589.00275582183,0.0
60.870000000000005,1532.831262,1525.593599,23982,0.0,0.0,113684.17975015269,0.0
60.88,1532.831262,1526.679248,23982,0.0,0.0,113765.08013944539,0.0
60.89,1532.831262,1527.60205,23982,0.0,0.0,113833.84549642548,0.0
60.9,1532.831262,1528.386432,23982,0.0,0.0,113892.29607221397,0.0
60.910000000000004,1520.198387,1527.158225,23983,0.0,0.0,113800.77254625667,0.0
60.92,1587.846007,1536.261393,23983,0.0,0.0,114479.122395054,0.0
60.93,1587.846007,1543.999085,23983,0.0,0.0,115055.71970691734,0.0
60.94,1517.3111,1539.995887,23985,0.0,0.0,114757.40940900722,0.0
60.95,1517.3111,1536.593169,23985,0.0,0.0,114503.84567813903,0.0
60.96,1517.3111,1533.700859,23985,0.0,0.0,114288.31652925648,0.0
60.97,1517.3111,1531.242395,23985,0.0,0.0,114105.1167154473,0.0
60.980000000000004,1517.3111,1529.152701,23985,0.0,0.0,113949.39690351667,0.0
60.99,1517.3111,1527.376461,23985,0.0,0.0,113817.03505592387,0.0
61.0,1517.3111,1525.866656,23985,0.0,0.0,113704.52741095198,0.0
61.01,1522.025226,1525.290442,23985,0.0,0.0,113661.58909763348,0.0
61.02,1423.706256,1510.052814,23985,0.0,0.0,112526.11157488204,0.0
61.03,1423.706256,1497.10083,23986,0.0,0.0,111560.95566563975,0.0
61.04,1522.715821,1500.943079,23988,0.0,0.0,111847.27236639618,0.0
61.050000000000004,1522.715821,1504.20899,23988,0.0,0.0,112090.64151360247,0.0
61.06,1522.715821,1506.985015,23988,0.0,0.0,112297.50533716452,0.0
61.07,1522.715821,1509.344636,23988,0.0,0.0,112473.33956856276,0.0
61.08,1522.715821,1511.350314,23988,0.0,0.0,112622.79867642895,0.0
61.09,1522.715821,1513.05514,23988,0.0,0.0,112749.8388957598,0.0
61.1,1522.715821,1514.504242,23988,0.0,0.0,112857.82307473925,0.0
61.11,1522.715821,1515.735979,23988,0.0,0.0,112949.6096492272,0.0
61.120000000000005,1522.715821,1516.782955,23988,0.0,0.0,113027.62820400881,0.0
61.13,1522.715821,1517.672885,23988,0.0,0.0,113093.94400538041,0.0
61.14,1528.578535,1519.308732,23990,0.0,0.0,113215.84404777287,0.0
61.15,1528.578535,1520.699203,23990,0.0,0.0,113319.45916205033,0.0
61.160000000000004,1528.578535,1521.881103,23990,0.0,0.0,113407.5319831049,0.0
61.17,1528.578535,1522.885717,23990,0.0,0.0,113482.39380648329,0.0
61.18,1528.578535,1523.73964,23990,0.0,0.0,113546.02643832471,0.0
61.19,1528.578535,1524.465474,23990,0.0,0.0,113600.114134405,0.0
61.2,1480.611714,1517.88741,23990,0.0,0.0,113109.9299787595,0.0
61.21,1480.611714,1512.296056,23990,0.0,0.0,112693.273476268,0.0
61.22,1536.485848,1515.924525,23990,0.0,0.0,112963.6597195534,0.0
61.230000000000004,1488.129014,1511.755198,23991,0.0,0.0,112652.96982126341,0.0
61.24,1550.923554,1517.630451,23992,0.0,0.0,113090.78190868134,0.0
61.25,1550.923554,1522.624417,23992,0.0,0.0,113462.92225377868,0.0
61.26,1550.923554,1526.869287,23992,0.0,0.0,113779.24146514162,0.0
61.27,1550.923554,1530.477427,23992,0.0,0.0,114048.11283205912,0.0
61.28,1550.923554,1533.544346,23992,0.0,0.0,114276.65349393898,0.0
61.29,1485.013358,1526.264698,23992,0.0,0.0,113734.18870364864,0.0
61.300000000000004,1517.521218,1524.953176,23992,0.0,0.0,113636.45671074306,0.0
61.31,1517.521218,1523.838382,23993,0.0,0.0,113553.38449441791,0.0
61.32,1529.341608,1524.663866,23993,0.0,0.0,113614.89790893302,0.0
61.33,1511.653749,1522.712349,23993,0.0,0.0,113469.47477032067,0.0
61.34,1538.180279,1525.032538,23994,0.0,0.0,113642.37060804784,0.0
61.35,1538.180279,1527.004699,23994,0.0,0.0,113789.33209619726,0.0
61.36,1538.180279,1528.681036,23994,0.0,0.0,113914.24937230194,0.0
61.370000000000005,1538.180279,1530.105923,23994,0.0,0.0,114020.42909797584,0.0
61.38,1538.180279,1531.317076,23994,0.0,0.0,114110.68179400654,0.0
61.39,1480.960432,1523.763579,23995,0.0,0.0,113547.81032466298,0.0
61.4,1523.388904,1523.707378,23995,0.0,0.0,113543.62233869456,0.0
61.410000000000004,1523.388904,1523.659607,23995,0.0,0.0,113540.0625394437,0.0
61.42,1529.276459,1524.502135,23995,0.0,0.0,113602.84603870544,0.0
61.43,1529.276459,1525.218283,23996,0.0,0.0,113656.21195346351,0.0
61.44,1510.262684,1522.974943,23997,0.0,0.0,113489.0427493138,0.0
61.45,1510.262684,1521.068105,23997,0.0,0.0,113346.94900030458,0.0
61.46,1510.262684,1519.447291,23997,0.0,0.0,113226.16918696612,0.0
61.47,1510.262684,1518.0696,23997,0.0,0.0,113123.50641269461,0.0
61.480000000000004,1510.262684,1516.898563,23997,0.0,0.0,113036.24308064516,0.0
61.49,1574.753834,1525.576854,23997,0.0,0.0,113682.93194628724,0.0
61.5,1523.417086,1525.252888,23998,0.0,0.0,113658.79064876144,0.0
61.51,1529.267972,1525.855151,23998,0.0,0.0,113703.6700813926,0.0
61.52,1529.267972,1526.367074,23998,0.0,0.0,113741.81755814419,0.0
61.53,1517.604228,1525.052647,23998,0.0,0.0,113643.86909045633,0.0
61.54,1511.188518,1522.973028,23999,0.0,0.0,113488.90004734891,0.0
61.550000000000004,1511.188518,1521.205351,23999,0.0,0.0,113357.17629736732,0.0
61.56,1511.188518,1519.702826,23999,0.0,0.0,113245.21114341605,0.0
61.57,1511.188518,1518.42568,24000,0.0,0.0,113150.04078118698,0.0
61.58,1511.188518,1517.340106,24000,0.0,0.0,113069.14598074406,0.0
61.59,1588.924026,1528.077694,24000,0.0,0.0,113869.28953475165,0.0
61.6,1523.391798,1527.37481,24000,0.0,0.0,113816.91202671027,0.0
61.61,1535.149956,1528.541082,24000,0.0,0.0,113903.82028050242,0.0
61.620000000000005,1535.149956,1529.532413,24001,0.0,0.0,113977.69228132213,0.0
61.63,1526.397639,1529.062197,24001,0.0,0.0,113942.65272668553,0.0
61.64,1504.183982,1525.330464,24002,0.0,0.0,113664.57145692296,0.0
61.65,1504.183982,1522.158492,24002,0.0,0.0,113428.20245586867,0.0
61.660000000000004,1504.183982,1519.462316,24002,0.0,0.0,113227.28881987614,0.0
61.67,1504.183982,1517.170566,24002,0.0,0.0,113056.51219947526,0.0
61.68,1504.183982,1515.222578,24002,0.0,0.0,112911.35203487554,0.0
61.690000000000005,1465.119579,1507.707128,24002,0.0,0.0,112351.31575177672,0.0
61.7,1540.900982,1512.686206,24003,0.0,0.0,112722.34667292969,0.0
61.71,1540.900982,1516.918423,24003,0.0,0.0,113037.72300807231,0.0
61.72,1523.391722,1517.889417,24003,0.0,0.0,113110.07953638017,0.0
61.730000000000004,1523.391722,1518.714763,24003,0.0,0.0,113171.58266741163,0.0
61.74,1536.942977,1521.448995,24005,0.0,0.0,113375.33216031088,0.0
61.75,1536.942977,1523.773093,24005,0.0,0.0,113548.51928888967,0.0
61.76,1536.942977,1525.748575,24005,0.0,0.0,113695.72825130822,0.0
61.77,1536.942977,1527.427736,24005,0.0,0.0,113820.85596623742,0.0
61.78,1536.942977,1528.855022,24005,0.0,0.0,113927.21446058691,0.0
61.79,1470.707432,1520.132884,24005,0.0,0.0,113277.25820431553,0.0
61.800000000000004,1517.363873,1519.717532,24005,0.0,0.0,113246.30700508489,0.0
61.81,1517.363873,1519.364483,24005,0.0,0.0,113219.99850064248,0.0
61.82,1520.543773,1519.541377,24006,0.0,0.0,113233.18028726372,0.0
61.83,1520.543773,1519.691736,24006,0.0,0.0,113244.38473882557,0.0
61.84,1542.536817,1523.118498,24007,0.0,0.0,113499.74018042178,0.0
61.85,1542.536817,1526.031246,24007,0.0,0.0,113716.79232813396,0.0
61.86,1542.536817,1528.507082,24007,0.0,0.0,113901.2866685929,0.0
61.870000000000005,1542.536817,1530.611542,24007,0.0,0.0,114058.1068132722,0.0
61.88,1542.536817,1532.400333,24007,0.0,0.0,114191.40393624961,0.0
61.89,1445.890726,1519.423892,24007,0.0,0.0,113224.42554034639,0.0
61.9,1529.066903,1520.870344,24008,0.0,0.0,113332.21224663287,0.0
61.910000000000004,1529.066903,1522.099828,24008,0.0,0.0,113423.8309320728,0.0
61.92,1520.481812,1521.857126,24008,0.0,0.0,113405.74526508273,0.0
61.93,1520.481812,1521.650829,24008,0.0,0.0,113390.37242578574,0.0
61.940000000000005,1514.72104,1520.61136,24010,0.0,0.0,113312.91327761013,0.0
61.95,1514.72104,1519.727812,24010,0.0,0.0,113247.07305009756,0.0
61.96,1514.72104,1518.976797,24010,0.0,0.0,113191.10891632628,0.0
61.97,1514.72104,1518.338433,24010,0.0,0.0,113143.53930947316,0.0
61.980000000000004,1514.72104,1517.795824,24010,0.0,0.0,113103.10517345523,0.0
61.99,1582.207239,1527.457536,24010,0.0,0.0,113823.07660255808,0.0
62.0,1517.231893,1525.92369,24010,0.0,0.0,113708.77747041218,0.0
62.01,1517.231893,1524.61992,24010,0.0,0.0,113611.62314102196,0.0
62.02,1523.577974,1524.463628,24011,0.0,0.0,113599.9765741819,0.0
62.03,1546.857211,1527.822666,24011,0.0,0.0,113850.28535892637,0.0
62.04,1521.117095,1526.81683,24013,0.0,0.0,113775.33247455524,0.0
62.050000000000004,1521.117095,1525.96187,24013,0.0,0.0,113711.62256755058,0.0
62.06,1521.117095,1525.235154,24013,0.0,0.0,113657.46914659662,0.0
62.07,1521.117095,1524.617445,24013,0.0,0.0,113611.43870897856,0.0
62.08,1521.117095,1524.092392,24013,0.0,0.0,113572.3128109219,0.0
62.09,1521.117095,1523.646098,24013,0.0,0.0,113539.05587581763,0.0
62.1,1521.117095,1523.266747,24013,0.0,0.0,113510.78739900922,0.0
62.11,1521.117095,1522.9443,24013,0.0,0.0,113486.75929432137,0.0
62.120000000000005,1539.0819,1525.36494,24013,0.0,0.0,113667.14053939922,0.0
62.13,1539.0819,1527.422484,24014,0.0,0.0,113820.46459771537,0.0
62.14,1507.519391,1524.43702,24015,0.0,0.0,113597.99379930874,0.0
62.15,1507.519391,1521.899375,24015,0.0,0.0,113408.89357595227,0.0
62.160000000000004,1507.519391,1519.742378,24015,0.0,0.0,113248.15847924679,0.0
62.17,1507.519391,1517.90893,24015,0.0,0.0,113111.5336060622,0.0
62.18,1507.519391,1516.350499,24015,0.0,0.0,112995.40244895175,0.0
62.190000000000005,1597.554183,1528.531052,24015,0.0,0.0,113903.0728649891,0.0
62.2,1597.554183,1538.884521,24015,0.0,0.0,114674.59264037696,0.0
62.21,1520.532597,1536.131733,24016,0.0,0.0,114469.46039151905,0.0
62.22,1529.069655,1535.072421,24016,0.0,0.0,114390.52258272227,0.0
62.230000000000004,1529.069655,1534.172006,24016,0.0,0.0,114323.42546014857,0.0
62.24,1515.393834,1531.35528,24017,0.0,0.0,114113.52867957686,0.0
62.25,1515.393834,1528.961064,24017,0.0,0.0,113935.11649806068,0.0
62.26,1515.393834,1526.925979,24017,0.0,0.0,113783.46603944675,0.0
62.27,1515.393834,1525.196157,24017,0.0,0.0,113654.56316825442,0.0
62.28,1515.393834,1523.725809,24017,0.0,0.0,113544.9957799035,0.0
62.29,1518.972632,1523.012832,24018,0.0,0.0,113491.86616171498,0.0
62.300000000000004,1518.972632,1522.406802,24018,0.0,0.0,113446.70601978783,0.0
62.31,1526.459844,1523.014759,24018,0.0,0.0,113492.00975789584,0.0
62.32,1517.569171,1522.19792,24018,0.0,0.0,113431.14055146775,0.0
62.33,1517.569171,1521.503608,24019,0.0,0.0,113379.40181169954,0.0
62.34,1510.593367,1519.867072,24020,0.0,0.0,113257.45042640693,0.0
62.35,1510.593367,1518.476016,24020,0.0,0.0,113153.79171910102,0.0
62.36,1510.593367,1517.293619,24020,0.0,0.0,113065.68186260178,0.0
62.370000000000005,1510.593367,1516.288581,24020,0.0,0.0,112990.78844359252,0.0
62.38,1510.593367,1515.434299,24020,0.0,0.0,112927.12905979007,0.0
62.39,1611.502661,1529.844553,24020,0.0,0.0,114000.95232901142,0.0
62.4,1517.327463,1527.96699,24020,0.0,0.0,113861.04009437424,0.0
62.410000000000004,1517.327463,1526.371061,24021,0.0,0.0,113742.11466139958,0.0
62.42,1526.447097,1526.382466,24021,0.0,0.0,113742.96453915923,0.0
62.43,1526.447097,1526.392161,24021,0.0,0.0,113743.68699114342,0.0
62.440000000000005,1507.888464,1523.616606,24022,0.0,0.0,113536.85819104014,0.0
62.45,1507.888464,1521.257385,24022,0.0,0.0,113361.05376684084,0.0
62.46,1507.888464,1519.252047,24022,0.0,0.0,113211.61999509372,0.0
62.47,1507.888464,1517.547509,24022,0.0,0.0,113084.60123694608,0.0
62.480000000000004,1507.888464,1516.098652,24022,0.0,0.0,112976.63531487598,0.0
62.49,1585.719817,1526.541827,24023,0.0,0.0,113754.8398017331,0.0
62.5,1523.428512,1526.07483,24023,0.0,0.0,113720.04012052994,0.0
62.51,1523.428512,1525.677882,24023,0.0,0.0,113690.46035052236,0.0
62.52,1520.182037,1524.853505,24023,0.0,0.0,113629.02942743032,0.0
62.53,1520.182037,1524.152785,24024,0.0,0.0,113576.81317633517,0.0
62.54,1510.811199,1522.151547,24025,0.0,0.0,113427.68492837714,0.0
62.550000000000004,1510.811199,1520.450495,24025,0.0,0.0,113300.92593996825,0.0
62.56,1510.811199,1519.004601,24025,0.0,0.0,113193.18081472428,0.0
62.57,1510.811199,1517.775591,24025,0.0,0.0,113101.5974508151,0.0
62.58,1510.811199,1516.730932,24025,0.0,0.0,113023.75155423328,0.0
62.59,1577.412811,1525.833214,24025,0.0,0.0,113702.03538008497,0.0
62.6,1577.412811,1533.570153,24025,0.0,0.0,114278.57657989631,0.0
62.61,1526.390541,1532.493212,24026,0.0,0.0,114198.32509332444,0.0
62.620000000000005,1529.248092,1532.006444,24026,0.0,0.0,114162.0521167959,0.0
62.63,1529.248092,1531.592691,24026,0.0,0.0,114131.22007184302,0.0
62.64,1510.555151,1528.43706,24027,0.0,0.0,113896.06876938324,0.0
62.65,1510.555151,1525.754773,24027,0.0,0.0,113696.19011385573,0.0
62.660000000000004,1510.555151,1523.47483,24027,0.0,0.0,113526.29332744946,0.0
62.67,1510.555151,1521.536878,24027,0.0,0.0,113381.88102547098,0.0
62.68,1510.555151,1519.889619,24027,0.0,0.0,113259.13058369294,0.0
62.690000000000005,1572.704984,1527.811924,24028,0.0,0.0,113849.48488659895,0.0
62.7,1523.397435,1527.14975,24028,0.0,0.0,113800.14100622923,0.0
62.71,1523.397435,1526.586903,24028,0.0,0.0,113758.19877498115,0.0
62.72,1520.472005,1525.669668,24028,0.0,0.0,113689.84825969223,0.0
62.730000000000004,1520.472005,1524.890019,24029,0.0,0.0,113631.75037758514,0.0
62.74,1512.939964,1523.097511,24030,0.0,0.0,113498.1762712116,0.0
62.75,1512.939964,1521.573879,24030,0.0,0.0,113384.63826589053,0.0
62.76,1512.939964,1520.278791,24030,0.0,0.0,113288.1309017532,0.0
62.77,1512.939964,1519.177967,24030,0.0,0.0,113206.0997018509,0.0
62.78,1512.939964,1518.242267,24030,0.0,0.0,113136.3732117411,0.0
62.79,1566.844138,1525.532547,24030,0.0,0.0,113679.63027737917,0.0
62.800000000000004,1523.044859,1525.159394,24031,0.0,0.0,113651.82366311824,0.0
62.81,1523.044859,1524.842214,24031,0.0,0.0,113628.18804472237,0.0
62.82,1526.579993,1525.102881,24031,0.0,0.0,113647.61242753464,0.0
62.83,1511.704238,1523.093084,24031,0.0,0.0,113497.84638003739,0.0
62.84,1508.065214,1520.838904,24032,0.0,0.0,113329.86940079655,0.0
62.85,1508.065214,1518.92285,24032,0.0,0.0,113187.08889392382,0.0
62.86,1508.065214,1517.294205,24032,0.0,0.0,113065.72553014821,0.0
62.870000000000005,1508.065214,1515.909856,24032,0.0,0.0,112962.56661505043,0.0
62.88,1508.065214,1514.73316,24033,0.0,0.0,112874.88158565403,0.0
62.89,1586.410149,1525.484708,24033,0.0,0.0,113676.06541090447,0.0
62.9,1523.270397,1525.152561,24033,0.0,0.0,113651.31448164243,0.0
62.910000000000004,1523.270397,1524.870237,24033,0.0,0.0,113630.27626256179,0.0
62.92,1528.739955,1525.450695,24034,0.0,0.0,113673.53083026099,0.0
62.93,1528.739955,1525.944084,24034,0.0,0.0,113710.29719044991,0.0
62.940000000000005,1512.835081,1523.977733,24035,0.0,0.0,113563.76865186504,0.0
62.95,1512.835081,1522.306335,24035,0.0,0.0,113439.21942014922,0.0
62.96,1512.835081,1520.885647,24035,0.0,0.0,113333.35259554617,0.0
62.97,1512.835081,1519.678062,24035,0.0,0.0,113243.36577972995,0.0
62.980000000000004,1512.835081,1518.651615,24035,0.0,0.0,113166.87700491569,0.0
62.99,1581.513706,1528.080929,24035,0.0,0.0,113869.53060047304,0.0
63.0,1581.513706,1536.095845,24036,0.0,0.0,114466.78608963058,0.0
63.01,1450.855669,1523.309819,24036,0.0,0.0,113513.9970381906,0.0
63.02,1540.701168,1525.918521,24036,0.0,0.0,113708.39228688396,0.0
63.03,1540.701168,1528.135918,24036,0.0,0.0,113873.62827062869,0.0
63.04,1533.66459,1528.965219,24038,0.0,0.0,113935.42612033963,0.0
63.050000000000004,1533.66459,1529.670125,24038,0.0,0.0,113987.95430377164,0.0
63.06,1533.66459,1530.269294,24038,0.0,0.0,114032.60317771905,0.0
63.07,1533.66459,1530.778589,24038,0.0,0.0,114070.55482117363,0.0
63.08,1533.66459,1531.211489,24038,0.0,0.0,114102.81366222154,0.0
63.09,1533.66459,1531.579454,24038,0.0,0.0,114130.23367711226,0.0
63.1,1533.66459,1531.892225,24038,0.0,0.0,114153.54074565787,0.0
63.11,1533.66459,1532.158079,24038,0.0,0.0,114173.35165332233,0.0
63.120000000000005,1486.874877,1525.365599,24039,0.0,0.0,113667.18964675945,0.0
63.13,1486.874877,1519.591991,24039,0.0,0.0,113236.95194118102,0.0
63.14,1535.766133,1522.018112,24040,0.0,0.0,113417.74161940227,0.0
63.15,1535.766133,1524.080315,24040,0.0,0.0,113571.41285706803,0.0
63.160000000000004,1535.766133,1525.833188,24040,0.0,0.0,113702.03344261704,0.0
63.17,1535.766133,1527.32313,24040,0.0,0.0,113813.06093660778,0.0
63.18,1535.766133,1528.58958,24040,0.0,0.0,113907.43425433735,0.0
63.190000000000005,1452.734389,1517.211302,24040,0.0,0.0,113059.54776461485,0.0
63.2,1529.168731,1519.004916,24041,0.0,0.0,113193.20428789342,0.0
63.21,1546.837102,1523.179744,24041,0.0,0.0,113504.30410968678,0.0
63.22,1517.425775,1522.316649,24041,0.0,0.0,113439.98799877377,0.0
63.230000000000004,1517.425775,1521.583018,24041,0.0,0.0,113385.31928586822,0.0
63.24,1514.116379,1520.463022,24043,0.0,0.0,113301.8594269209,0.0
63.25,1514.116379,1519.511025,24043,0.0,0.0,113230.9185170085,0.0
63.26,1514.116379,1518.701828,24043,0.0,0.0,113170.61877711605,0.0
63.27,1514.116379,1518.014011,24043,0.0,0.0,113119.36403174057,0.0
63.28,1514.116379,1517.429366,24043,0.0,0.0,113075.79745718652,0.0
63.29,1584.283732,1527.457521,24043,0.0,0.0,113823.07548478815,0.0
63.300000000000004,1511.469055,1525.059251,24043,0.0,0.0,113644.36120731075,0.0
63.31,1511.469055,1523.020722,24043,0.0,0.0,113492.45410871398,0.0
63.32,1526.403287,1523.528107,24044,0.0,0.0,113530.26342279367,0.0
63.33,1526.403287,1523.959384,24044,0.0,0.0,113562.40132113188,0.0
63.34,1512.641987,1522.261774,24045,0.0,0.0,113435.89882366982,0.0
63.35,1512.641987,1520.818806,24045,0.0,0.0,113328.37173808603,0.0
63.36,1512.641987,1519.592283,24045,0.0,0.0,113236.97370043624,0.0
63.370000000000005,1512.641987,1518.549739,24045,0.0,0.0,113159.28540941882,0.0
63.38,1512.641987,1517.663576,24045,0.0,0.0,113093.25031734318,0.0
63.39,1577.635467,1526.65936,24045,0.0,0.0,113763.59812551431,0.0
63.4,1529.262314,1527.049803,24046,0.0,0.0,113792.69315594922,0.0
63.410000000000004,1529.262314,1527.38168,24046,0.0,0.0,113817.42396535196,0.0
63.42,1520.507128,1526.350497,24046,0.0,0.0,113740.5822733023,0.0
63.43,1520.507128,1525.473992,24047,0.0,0.0,113675.26687604497,0.0
63.440000000000005,1509.510072,1523.079404,24048,0.0,0.0,113496.82697383381,0.0
63.45,1509.510072,1521.044004,24048,0.0,0.0,113345.15304205072,0.0
63.46,1509.510072,1519.313914,24048,0.0,0.0,113216.23020003509,0.0
63.47,1509.510072,1517.843338,24048,0.0,0.0,113106.64582158078,0.0
63.480000000000004,1509.510072,1516.593348,24048,0.0,0.0,113013.49907008743,0.0
63.49,1587.71148,1527.261068,24048,0.0,0.0,113808.43620065696,0.0
63.5,1587.71148,1536.328629,24048,0.0,0.0,114484.13268712307,0.0
63.51,1517.583133,1533.516805,24049,0.0,0.0,114274.6011937743,0.0
63.52,1529.265066,1532.879044,24049,0.0,0.0,114227.07652127362,0.0
63.53,1529.265066,1532.336948,24049,0.0,0.0,114186.68061298829,0.0
63.54,1507.472418,1528.607268,24050,0.0,0.0,113908.75232867427,0.0
63.550000000000004,1507.472418,1525.437041,24050,0.0,0.0,113672.51336152531,0.0
63.56,1507.472418,1522.742347,24050,0.0,0.0,113471.71016120484,0.0
63.57,1507.472418,1520.451858,24050,0.0,0.0,113301.02750799862,0.0
63.58,1507.472418,1518.504942,24050,0.0,0.0,113155.94722669205,0.0
63.59,1587.948389,1528.921459,24051,0.0,0.0,113932.16521277608,0.0
63.6,1529.270724,1528.973849,24051,0.0,0.0,113936.06921065667,0.0
63.61,1529.270724,1529.01838,24051,0.0,0.0,113939.38757159615,0.0
63.620000000000005,1520.515643,1527.74297,24051,0.0,0.0,113844.34657261046,0.0
63.63,1523.436738,1527.097035,24052,0.0,0.0,113796.21278999952,0.0
63.64,1508.085225,1524.245263,24053,0.0,0.0,113583.70445169306,0.0
63.65,1508.085225,1521.821258,24053,0.0,0.0,113403.07245355415,0.0
63.660000000000004,1508.085225,1519.760853,24053,0.0,0.0,113249.53519924762,0.0
63.67,1508.085225,1518.009508,24053,0.0,0.0,113119.02847719856,0.0
63.68,1508.085225,1516.520866,24053,0.0,0.0,113008.09785660433,0.0
63.690000000000005,1581.576116,1526.279153,24053,0.0,0.0,113735.26586130017,0.0
63.7,1534.402551,1527.497663,24053,0.0,0.0,113826.06678623731,0.0
63.71,1534.402551,1528.533396,24054,0.0,0.0,113903.24753517487,0.0
63.72,1526.684662,1528.256086,24054,0.0,0.0,113882.5829493329,0.0
63.730000000000004,1526.684662,1528.020372,24054,0.0,0.0,113865.0180141082,0.0
63.74,1516.346277,1526.269258,24055,0.0,0.0,113734.52850571652,0.0
63.75,1516.346277,1524.780811,24055,0.0,0.0,113623.61241613179,0.0
63.76,1516.346277,1523.515631,24055,0.0,0.0,113529.33373625886,0.0
63.77,1516.346277,1522.440228,24055,0.0,0.0,113449.19685836686,0.0
63.78,1516.346277,1521.526135,24055,0.0,0.0,113381.0804786256,0.0
63.79,1560.196326,1527.326664,24056,0.0,0.0,113813.32428321039,0.0
63.800000000000004,1560.196326,1532.257113,24056,0.0,0.0,114180.73146867077,0.0
63.81,1523.456619,1530.937039,24056,0.0,0.0,114082.36219785194,0.0
63.82,1517.549292,1528.928877,24056,0.0,0.0,113932.71798728035,0.0
63.83,1529.151911,1528.962332,24057,0.0,0.0,113935.21098688133,0.0
63.84,1512.179186,1526.44486,24058,0.0,0.0,113747.61401508517,0.0
63.85,1512.179186,1524.305009,24058,0.0,0.0,113588.15660396204,0.0
63.86,1512.179186,1522.486136,24058,0.0,0.0,113452.6178305887,0.0
63.870000000000005,1512.179186,1520.940093,24058,0.0,0.0,113337.40980242925,0.0
63.88,1512.179186,1519.625957,24058,0.0,0.0,113239.48301947862,0.0
63.89,1449.316891,1509.079597,24058,0.0,0.0,112453.58939306611,0.0
63.9,1523.157696,1511.191312,24058,0.0,0.0,112610.95016581612,0.0
63.910000000000004,1523.157696,1512.98627,24059,0.0,0.0,112744.70684128311,0.0
63.92,1526.397639,1514.997975,24059,0.0,0.0,112894.61506911927,0.0
63.93,1526.397639,1516.707925,24059,0.0,0.0,113022.03711866851,0.0
63.940000000000005,1536.706522,1519.707714,24060,0.0,0.0,113245.57538738703,0.0
63.95,1536.706522,1522.257535,24060,0.0,0.0,113435.58294187908,0.0
63.96,1536.706522,1524.424883,24060,0.0,0.0,113597.08937437502,0.0
63.97,1536.706522,1526.267129,24060,0.0,0.0,113734.36985690017,0.0
63.980000000000004,1536.706522,1527.833038,24060,0.0,0.0,113851.05825959475,0.0
63.99,1471.736815,1519.418605,24061,0.0,0.0,113224.03156369444,0.0
64.0,1522.963097,1519.950279,24061,0.0,0.0,113263.65084541147,0.0
64.01,1522.963097,1520.402201,24061,0.0,0.0,113297.32716780477,0.0
64.02,1525.761841,1521.206147,24061,0.0,0.0,113357.2356136932,0.0
64.03,1525.761841,1521.889501,24062,0.0,0.0,113408.15778524656,0.0
64.04,1524.746021,1522.317979,24064,0.0,0.0,113440.08710771022,0.0
64.05,1524.746021,1522.682186,24064,0.0,0.0,113467.22708396694,0.0
64.06,1524.746021,1522.991761,24064,0.0,0.0,113490.29599299305,0.0
64.07000000000001,1524.746021,1523.2549,24064,0.0,0.0,113509.90458429475,0.0
64.08,1524.746021,1523.478568,24064,0.0,0.0,113526.5718757235,0.0
64.09,1524.746021,1523.668686,24064,0.0,0.0,113540.73908834154,0.0
64.1,1524.746021,1523.830286,24064,0.0,0.0,113552.78119671144,0.0
64.11,1524.746021,1523.967646,24064,0.0,0.0,113563.0169888259,0.0
64.12,1566.354235,1530.325635,24064,0.0,0.0,114036.80159620711,0.0
64.13,1566.354235,1535.729925,24064,0.0,0.0,114439.51846404442,0.0
64.14,1513.540487,1532.401509,24065,0.0,0.0,114191.49156941449,0.0
64.15,1513.540487,1529.572356,24065,0.0,0.0,113980.66875368984,0.0
64.16,1513.540487,1527.167576,24065,0.0,0.0,113801.46936404979,0.0
64.17,1513.540487,1525.123512,24065,0.0,0.0,113649.14980833774,0.0
64.18,1513.540487,1523.386059,24066,0.0,0.0,113519.6782903077,0.0
64.19,1582.795642,1532.297496,24066,0.0,0.0,114183.74072895729,0.0
64.2,1523.403071,1530.963332,24066,0.0,0.0,114084.32149955595,0.0
64.21000000000001,1523.403071,1529.829293,24066,0.0,0.0,113999.81518437204,0.0
64.22,1516.792351,1527.873752,24067,0.0,0.0,113854.0921853384,0.0
64.23,1516.792351,1526.211542,24067,0.0,0.0,113730.22762498213,0.0
64.24,1517.346465,1524.88178,24068,0.0,0.0,113631.13642380507,0.0
64.25,1517.346465,1523.751483,24068,0.0,0.0,113546.90895496718,0.0
64.26,1517.346465,1522.79073,24068,0.0,0.0,113475.31556547005,0.0
64.27,1517.346465,1521.97409,24068,0.0,0.0,113414.46118812343,0.0
64.28,1517.346465,1521.279947,24068,0.0,0.0,113362.7350418968,0.0
64.29,1440.881656,1509.220203,24068,0.0,0.0,112464.06707059992,0.0
64.3,1523.380373,1511.344228,24069,0.0,0.0,112622.34515989714,0.0
64.31,1523.380373,1513.14965,24069,0.0,0.0,112756.8815916883,0.0
64.32000000000001,1526.288813,1515.120525,24069,0.0,0.0,112903.74724969314,0.0
64.33,1526.288813,1516.795768,24069,0.0,0.0,113028.58300310872,0.0
64.34,1540.781911,1520.393689,24071,0.0,0.0,113296.69287061141,0.0
64.35,1540.781911,1523.451923,24071,0.0,0.0,113524.58634368441,0.0
64.36,1540.781911,1526.051421,24071,0.0,0.0,113718.29572873024,0.0
64.37,1540.781911,1528.260995,24071,0.0,0.0,113882.94875818181,0.0
64.38,1540.781911,1530.139132,24071,0.0,0.0,114022.90376614945,0.0
64.39,1458.655034,1519.416517,24071,0.0,0.0,113223.87597011602,0.0
64.4,1517.377983,1519.110737,24071,0.0,0.0,113201.08985688981,0.0
64.41,1517.377983,1518.850824,24071,0.0,0.0,113181.72166064751,0.0
64.42,1532.213156,1520.855174,24072,0.0,0.0,113331.08180861325,0.0
64.43,1532.213156,1522.558871,24072,0.0,0.0,113458.03789712513,0.0
64.44,1513.722746,1521.233452,24073,0.0,0.0,113359.27032761053,0.0
64.45,1513.722746,1520.106846,24073,0.0,0.0,113275.3179047008,0.0
64.46000000000001,1513.722746,1519.149231,24073,0.0,0.0,113203.95835267937,0.0
64.47,1513.722746,1518.335259,24073,0.0,0.0,113143.30278934962,0.0
64.48,1513.722746,1517.643382,24073,0.0,0.0,113091.74550090493,0.0
64.49,1558.257212,1523.735456,24073,0.0,0.0,113545.71465502384,0.0
64.5,1523.428359,1523.689392,24074,0.0,0.0,113542.28205799442,0.0
64.51,1523.428359,1523.650237,24074,0.0,0.0,113539.36430580863,0.0
64.52,1531.974859,1524.89893,24074,0.0,0.0,113632.41440745944,0.0
64.53,1531.974859,1525.96032,24074,0.0,0.0,113711.50706465471,0.0
64.54,1515.691421,1524.419985,24076,0.0,0.0,113596.72438522408,0.0
64.55,1515.691421,1523.1107,24076,0.0,0.0,113499.15908907852,0.0
64.56,1515.691421,1521.997808,24076,0.0,0.0,113416.2286059843,0.0
64.57000000000001,1515.691421,1521.05185,24076,0.0,0.0,113345.73771025782,0.0
64.58,1515.691421,1520.247786,24076,0.0,0.0,113285.82047124571,0.0
64.59,1577.866464,1528.890587,24076,0.0,0.0,113929.86469316225,0.0
64.6,1511.578173,1526.293725,24076,0.0,0.0,113736.35173755739,0.0
64.61,1511.578173,1524.086393,24076,0.0,0.0,113571.86577745588,0.0
64.62,1526.452745,1524.441345,24077,0.0,0.0,113598.31608964721,0.0
64.63,1526.452745,1524.743055,24077,0.0,0.0,113620.79891462426,0.0
64.64,1516.13708,1523.452159,24078,0.0,0.0,113524.60392993178,0.0
64.65,1516.13708,1522.354897,24078,0.0,0.0,113442.83816313595,0.0
64.66,1516.13708,1521.422225,24078,0.0,0.0,113373.33731352216,0.0
64.67,1516.13708,1520.629453,24078,0.0,0.0,113314.26153173599,0.0
64.68,1516.13708,1519.955597,24078,0.0,0.0,113264.04713212133,0.0
64.69,1561.116364,1526.129712,24078,0.0,0.0,113724.12981725989,0.0
64.7,1561.116364,1531.37771,24079,0.0,0.0,114115.20011825717,0.0
64.71000000000001,1526.370851,1530.626681,24079,0.0,0.0,114059.23494123391,0.0
64.72,1517.445349,1528.649481,24079,0.0,0.0,113911.89795689592,0.0
64.73,1517.445349,1526.968861,24079,0.0,0.0,113786.66152020863,0.0
64.74,1510.301087,1524.468695,24081,0.0,0.0,113600.35415687444,0.0
64.75,1510.301087,1522.343554,24081,0.0,0.0,113441.99290549217,0.0
64.76,1510.301087,1520.537184,24081,0.0,0.0,113307.38583063954,0.0
64.77,1510.301087,1519.001769,24081,0.0,0.0,113192.96977975579,0.0
64.78,1510.301087,1517.696667,24081,0.0,0.0,113095.71619239313,0.0
64.79,1583.939733,1527.633127,24081,0.0,0.0,113836.1612922288,0.0
64.8,1511.149953,1525.160651,24081,0.0,0.0,113651.91733224089,0.0
64.81,1511.149953,1523.059046,24082,0.0,0.0,113495.30993644398,0.0
64.82000000000001,1526.629462,1523.594609,24082,0.0,0.0,113535.21901865267,0.0
64.83,1526.629462,1524.049837,24082,0.0,0.0,113569.14169754516,0.0
64.84,1508.592998,1521.731311,24083,0.0,0.0,113396.36978324754,0.0
64.85,1508.592998,1519.760564,24083,0.0,0.0,113249.51366354637,0.0
64.86,1508.592998,1518.085429,24083,0.0,0.0,113124.6859580745,0.0
64.87,1508.592998,1516.661564,24083,0.0,0.0,113018.58238979388,0.0
64.88,1508.592998,1515.451279,24083,0.0,0.0,112928.39437538489,0.0
64.89,1587.204923,1526.214326,24084,0.0,0.0,113730.4350830867,0.0
64.9,1529.256503,1526.670652,24084,0.0,0.0,113764.43958274028,0.0
64.91,1529.256503,1527.05853,24084,0.0,0.0,113793.34347451199,0.0
64.92,1517.597171,1525.639326,24084,0.0,0.0,113687.58723461699,0.0
64.93,1523.41145,1525.305145,24085,0.0,0.0,113662.68473574833,0.0
64.94,1507.426674,1522.623374,24086,0.0,0.0,113462.84453150748,0.0
64.95,1507.426674,1520.343869,24086,0.0,0.0,113292.98038398402,0.0
64.96000000000001,1507.426674,1518.40629,24086,0.0,0.0,113148.59587721858,0.0
64.97,1507.426674,1516.759347,24086,0.0,0.0,113025.86898312766,0.0
64.98,1507.426674,1515.359446,24086,0.0,0.0,112921.55116413528,0.0
64.99,1589.240492,1526.441603,24086,0.0,0.0,113747.37130996784,0.0
65.0,1517.467805,1525.095533,24086,0.0,0.0,113647.06486929022,0.0
65.01,1522.923666,1524.769753,24087,0.0,0.0,113622.78839611723,0.0
65.02,1522.923666,1524.49284,24087,0.0,0.0,113602.15339392016,0.0
65.03,1523.730285,1524.378457,24087,0.0,0.0,113593.62980183058,0.0
65.04,1519.805276,1523.69248,24089,0.0,0.0,113542.5121695702,0.0
65.05,1519.805276,1523.109399,24089,0.0,0.0,113499.06214116397,0.0
65.06,1519.805276,1522.613781,24089,0.0,0.0,113462.129680359,0.0
65.07000000000001,1519.805276,1522.192505,24089,0.0,0.0,113430.73703651215,0.0
65.08,1519.805276,1521.83442,24089,0.0,0.0,113404.05325943512,0.0
65.09,1519.805276,1521.530049,24089,0.0,0.0,113381.37214206718,0.0
65.1,1519.805276,1521.271333,24089,0.0,0.0,113362.09314386772,0.0
65.11,1519.805276,1521.051424,24089,0.0,0.0,113345.70596559095,0.0
65.12,1544.28539,1524.536519,24089,0.0,0.0,113605.40826552593,0.0
65.13,1544.28539,1527.49885,24090,0.0,0.0,113826.15523910013,0.0
65.14,1515.232047,1525.658829,24091,0.0,0.0,113689.04055911906,0.0
65.15,1515.232047,1524.094812,24091,0.0,0.0,113572.49314447546,0.0
65.16,1515.232047,1522.765397,24091,0.0,0.0,113473.42780104346,0.0
65.17,1515.232047,1521.635395,24091,0.0,0.0,113389.22231501479,0.0
65.18,1515.232047,1520.674893,24091,0.0,0.0,113317.64762953504,0.0
65.19,1570.522127,1528.151978,24091,0.0,0.0,113874.82502966595,0.0
65.2,1523.33239,1527.42904,24091,0.0,0.0,113820.95313770593,0.0
65.21000000000001,1522.99979,1526.764652,24092,0.0,0.0,113771.4442744901,0.0
65.22,1527.604442,1526.890621,24092,0.0,0.0,113780.83123209685,0.0
65.23,1527.604442,1526.997694,24092,0.0,0.0,113788.81009762589,0.0
65.24,1516.969873,1525.493521,24093,0.0,0.0,113676.72213801501,0.0
65.25,1516.969873,1524.214974,24093,0.0,0.0,113581.44737607166,0.0
65.26,1516.969873,1523.128208,24093,0.0,0.0,113500.46375017593,0.0
65.27,1516.969873,1522.204458,24093,0.0,0.0,113431.62775013434,0.0
65.28,1516.969873,1521.41927,24093,0.0,0.0,113373.11711284,0.0
65.29,1443.668182,1509.756607,24094,0.0,0.0,112504.03882244434,0.0
65.3,1523.380526,1511.800195,24094,0.0,0.0,112656.32290758968,0.0
65.31,1523.380526,1513.537244,24094,0.0,0.0,112785.7643203488,0.0
65.32000000000001,1517.515603,1514.133998,24094,0.0,0.0,112830.23323333262,0.0
65.33,1517.515603,1514.641239,24095,0.0,0.0,112868.03181682067,0.0
65.34,1544.373872,1519.101134,24096,0.0,0.0,113200.37426056135,0.0
65.35,1544.373872,1522.892045,24096,0.0,0.0,113482.86535637046,0.0
65.36,1544.373872,1526.114319,24096,0.0,0.0,113722.98276172686,0.0
65.37,1544.373872,1528.853252,24096,0.0,0.0,113927.08256373163,0.0
65.38,1544.373872,1531.181345,24096,0.0,0.0,114100.56739170976,0.0
65.39,1437.759947,1517.168135,24096,0.0,0.0,113056.33104622371,0.0
65.4,1523.273291,1518.083908,24096,0.0,0.0,113124.57261620056,0.0
65.41,1523.273291,1518.862316,24097,0.0,0.0,113182.57802147293,0.0
65.42,1526.362303,1519.987314,24097,0.0,0.0,113266.41061944292,0.0
65.43,1526.362303,1520.943562,24097,0.0,0.0,113337.668305362,0.0
65.44,1540.535818,1523.882401,24098,0.0,0.0,113556.66470214276,0.0
65.45,1540.535818,1526.380413,24098,0.0,0.0,113742.8115537107,0.0
65.46000000000001,1540.535818,1528.503724,24098,0.0,0.0,113901.03643715783,0.0
65.47,1540.535818,1530.308538,24098,0.0,0.0,114035.5275620066,0.0
65.48,1540.535818,1531.84263,24099,0.0,0.0,114149.84502557987,0.0
65.49,1455.015769,1520.318601,24099,0.0,0.0,113291.09746322724,0.0
65.5,1523.183128,1520.74828,24099,0.0,0.0,113323.11628180573,0.0
65.51,1523.183128,1521.113507,24099,0.0,0.0,113350.33226641973,0.0
65.52,1517.632229,1520.591316,24100,0.0,0.0,113311.41963887148,0.0
65.53,1546.699759,1524.507582,24100,0.0,0.0,113603.25193823694,0.0
65.54,1540.258422,1526.870208,24101,0.0,0.0,113779.31009621719,0.0
65.55,1540.258422,1528.87844,24101,0.0,0.0,113928.95952304859,0.0
65.56,1540.258422,1530.585437,24101,0.0,0.0,114056.16152095167,0.0
65.57000000000001,1540.258422,1532.036385,24101,0.0,0.0,114164.28326015422,0.0
65.58,1540.258422,1533.269691,24101,0.0,0.0,114256.18675337995,0.0
65.59,1468.651145,1523.576909,24101,0.0,0.0,113533.90005009976,0.0
65.6,1523.197139,1523.519944,24102,0.0,0.0,113529.65513238136,0.0
65.61,1523.197139,1523.471523,24102,0.0,0.0,113526.04689643224,0.0
65.62,1526.399089,1523.910658,24102,0.0,0.0,113558.77035719356,0.0
65.63,1526.399089,1524.283923,24102,0.0,0.0,113586.58531747018,0.0
65.64,1516.671234,1523.142019,24104,0.0,0.0,113501.49291823717,0.0
65.65,1516.671234,1522.171401,24104,0.0,0.0,113429.16440869634,0.0
65.66,1516.671234,1521.346376,24104,0.0,0.0,113367.68519794199,0.0
65.67,1516.671234,1520.645105,24104,0.0,0.0,113315.42788743033,0.0
65.68,1516.671234,1520.049024,24104,0.0,0.0,113271.00912505868,0.0
65.69,1563.295513,1526.535998,24104,0.0,0.0,113754.40543632663,0.0
65.7,1517.566288,1525.190541,24104,0.0,0.0,113654.14467518135,0.0
65.71000000000001,1517.566288,1524.046903,24104,0.0,0.0,113568.92306174093,0.0
65.72,1523.405813,1523.95074,24105,0.0,0.0,113561.7571875629,0.0
65.73,1523.405813,1523.869001,24105,0.0,0.0,113555.66616097844,0.0
65.74,1512.571931,1522.17444,24106,0.0,0.0,113429.39086889024,0.0
65.75,1512.571931,1520.734064,24106,0.0,0.0,113322.05693395557,0.0
65.76,1512.571931,1519.509744,24106,0.0,0.0,113230.8230594539,0.0
65.77,1512.571931,1518.469072,24106,0.0,0.0,113153.27426612748,0.0
65.78,1512.571931,1517.584501,24106,0.0,0.0,113087.35780670363,0.0
65.79,1558.956344,1523.790277,24106,0.0,0.0,113549.79980615595,0.0
65.8,1529.163226,1524.59622,24107,0.0,0.0,113609.85706448504,0.0
65.81,1529.163226,1525.281271,24107,0.0,0.0,113660.9056930799,0.0
65.82000000000001,1520.560652,1524.573178,24107,0.0,0.0,113608.1400207904,0.0
65.83,1520.560652,1523.971299,24107,0.0,0.0,113563.28920307018,0.0
65.84,1512.473807,1522.246675,24109,0.0,0.0,113434.773676428,0.0
65.85,1512.473807,1520.780745,24109,0.0,0.0,113325.53550858934,0.0
65.86,1512.473807,1519.534704,24109,0.0,0.0,113232.68302866747,0.0
65.87,1512.473807,1518.47557,24109,0.0,0.0,113153.7584840742,0.0
65.88,1512.473807,1517.575305,24109,0.0,0.0,113086.67253920011,0.0
65.89,1573.283972,1525.931605,24109,0.0,0.0,113709.36728036113,0.0
65.9,1517.437003,1524.657415,24109,0.0,0.0,113614.41719333218,0.0
65.91,1517.437003,1523.574353,24109,0.0,0.0,113533.70958209859,0.0
65.92,1523.470712,1523.558807,24110,0.0,0.0,113532.55112531195,0.0
65.93,1523.470712,1523.545593,24110,0.0,0.0,113531.56644449511,0.0
65.94,1511.539389,1521.744662,24111,0.0,0.0,113397.36467303002,0.0
65.95,1511.539389,1520.213871,24111,0.0,0.0,113283.29319336599,0.0
65.96000000000001,1511.539389,1518.912699,24111,0.0,0.0,113186.33246173285,0.0
65.97,1511.539389,1517.806702,24111,0.0,0.0,113103.9157802303,0.0
65.98,1511.539389,1516.866605,24111,0.0,0.0,113033.8616344862,0.0
65.99,1568.263414,1524.576127,24111,0.0,0.0,113608.35977436452,0.0
66.0,1523.278927,1524.381547,24112,0.0,0.0,113593.86006244236,0.0
66.01,1523.278927,1524.216154,24112,0.0,0.0,113581.53530730853,0.0
66.02,1520.532521,1523.663609,24112,0.0,0.0,113540.36076046903,0.0
66.03,1523.422723,1523.627476,24112,0.0,0.0,113537.66820167119,0.0
66.04,1517.045421,1522.640168,24114,0.0,0.0,113464.09598675476,0.0
66.05,1517.045421,1521.800956,24114,0.0,0.0,113401.55958917222,0.0
66.06,1517.045421,1521.087625,24114,0.0,0.0,113348.4035916126,0.0
66.07000000000001,1517.045421,1520.481295,24114,0.0,0.0,113303.22109428627,0.0
66.08,1517.045421,1519.965914,24114,0.0,0.0,113264.8159342999,0.0
66.09,1517.045421,1519.52784,24114,0.0,0.0,113232.17153713375,0.0
66.1,1517.045421,1519.155477,24114,0.0,0.0,113204.42379209073,0.0
66.11,1517.045421,1518.838968,24115,0.0,0.0,113180.83817527107,0.0
66.12,1557.561133,1524.647293,24115,0.0,0.0,113613.66292216312,0.0
66.13,1523.431102,1524.464864,24115,0.0,0.0,113600.06867842663,0.0
66.14,1522.774094,1524.211249,24117,0.0,0.0,113581.1697965316,0.0
66.15,1522.774094,1523.995676,24117,0.0,0.0,113565.1057282913,0.0
66.16,1522.774094,1523.812439,24117,0.0,0.0,113551.45127401296,0.0
66.17,1522.774094,1523.656687,24117,0.0,0.0,113539.84494689146,0.0
66.18,1522.774094,1523.524298,24117,0.0,0.0,113529.9795837418,0.0
66.19,1522.774094,1523.411767,24117,0.0,0.0,113521.5939989833,0.0
66.2,1460.240916,1513.93614,24117,0.0,0.0,112815.48925141519,0.0
66.21000000000001,1460.240916,1505.881856,24117,0.0,0.0,112215.3001377384,0.0
66.22,1520.953604,1508.142618,24117,0.0,0.0,112383.76759443776,0.0
66.23,1520.953604,1510.064266,24118,0.0,0.0,112526.96495498758,0.0
66.24,1525.411726,1512.366385,24119,0.0,0.0,112698.51425250284,0.0
66.25,1525.411726,1514.323186,24119,0.0,0.0,112844.33114421312,0.0
66.26,1525.411726,1515.986467,24119,0.0,0.0,112968.27551334456,0.0
66.27,1525.411726,1517.400256,24119,0.0,0.0,113073.62823828396,0.0
66.28,1525.411726,1518.601976,24119,0.0,0.0,113163.17800604578,0.0
66.29,1525.411726,1519.623439,24119,0.0,0.0,113239.29538316133,0.0
66.3,1525.411726,1520.491682,24119,0.0,0.0,113303.99511272463,0.0
66.31,1553.154678,1525.391131,24120,0.0,0.0,113669.09224026752,0.0
66.32000000000001,1412.087911,1508.395648,24120,0.0,0.0,112402.62288330433,0.0
66.33,1412.087911,1493.949488,24120,0.0,0.0,111326.12397087053,0.0
66.34,1533.456078,1499.875476,24122,0.0,0.0,111767.71672888343,0.0
66.35,1533.456078,1504.912567,24122,0.0,0.0,112143.07066261601,0.0
66.36,1533.456078,1509.194093,24122,0.0,0.0,112462.1214056894,0.0
66.37,1533.456078,1512.833391,24122,0.0,0.0,112733.31460436796,0.0
66.38,1533.456078,1515.926794,24122,0.0,0.0,112963.82880088936,0.0
66.39,1533.456078,1518.556187,24122,0.0,0.0,113159.76590146564,0.0
66.4,1533.456078,1520.79117,24122,0.0,0.0,113326.31235871158,0.0
66.41,1507.319997,1518.770494,24122,0.0,0.0,113175.73562992131,0.0
66.42,1507.319997,1517.05292,24122,0.0,0.0,113047.74545516036,0.0
66.43,1502.958319,1514.93873,24123,0.0,0.0,112890.20025036695,0.0
66.44,1531.686438,1517.450886,24124,0.0,0.0,113077.40108448923,0.0
66.45,1531.686438,1519.586219,24124,0.0,0.0,113236.5218233004,0.0
66.46000000000001,1531.686438,1521.401252,24124,0.0,0.0,113371.77444756396,0.0
66.47,1531.686438,1522.94403,24124,0.0,0.0,113486.7391744621,0.0
66.48,1531.686438,1524.255391,24124,0.0,0.0,113584.45916997011,0.0
66.49,1531.686438,1525.370048,24124,0.0,0.0,113667.5211773296,0.0
66.5,1527.116006,1525.631942,24124,0.0,0.0,113687.03699372464,0.0
66.51,1527.116006,1525.854551,24125,0.0,0.0,113703.62537059418,0.0
66.52,1497.10018,1521.541395,24125,0.0,0.0,113382.21762326498,0.0
66.53,1558.535461,1527.090505,24125,0.0,0.0,113795.72618747689,0.0
66.54,1528.850524,1527.354508,24127,0.0,0.0,113815.39916232828,0.0
66.55,1528.850524,1527.57891,24127,0.0,0.0,113832.12114996708,0.0
66.56,1528.850524,1527.769652,24127,0.0,0.0,113846.33486181544,0.0
66.57000000000001,1528.850524,1527.931783,24127,0.0,0.0,113858.41653924195,0.0
66.58,1528.850524,1528.069594,24127,0.0,0.0,113868.6859389732,0.0
66.59,1528.850524,1528.186734,24127,0.0,0.0,113877.41497718144,0.0
66.6,1528.850524,1528.286302,24127,0.0,0.0,113884.83458514047,0.0
66.61,1511.918628,1525.831151,24127,0.0,0.0,113701.88164945647,0.0
66.62,1511.918628,1523.744272,24127,0.0,0.0,113546.37160568837,0.0
66.63,1505.904778,1521.068348,24128,0.0,0.0,113346.96710817791,0.0
66.64,1533.594835,1522.947321,24129,0.0,0.0,113486.98441319133,0.0
66.65,1533.594835,1524.544448,24129,0.0,0.0,113605.99911872682,0.0
66.66,1533.594835,1525.902006,24129,0.0,0.0,113707.1616221579,0.0
66.67,1533.594835,1527.055931,24129,0.0,0.0,113793.14980223692,0.0
66.68,1533.594835,1528.036766,24129,0.0,0.0,113866.23966215656,0.0
66.69,1533.594835,1528.870476,24129,0.0,0.0,113928.36606171778,0.0
66.7,1533.594835,1529.57913,24129,0.0,0.0,113981.1735386038,0.0
66.71000000000001,1498.135069,1524.862521,24130,0.0,0.0,113629.70128169432,0.0
66.72,1435.384102,1511.440758,24130,0.0,0.0,112629.53838218025,0.0
66.73,1435.384102,1500.03226,24130,0.0,0.0,111779.39995857819,0.0
66.74,1522.817714,1503.450078,24132,0.0,0.0,112034.0889112062,0.0
66.75,1522.817714,1506.355223,24132,0.0,0.0,112250.57449858461,0.0
66.76,1522.817714,1508.824597,24132,0.0,0.0,112434.58730374476,0.0
66.77,1522.817714,1510.923565,24132,0.0,0.0,112590.9981955827,0.0
66.78,1522.817714,1512.707687,24132,0.0,0.0,112723.94739403053,0.0
66.79,1522.817714,1514.224191,24132,0.0,0.0,112836.95423506659,0.0
66.8,1522.817714,1515.513219,24132,0.0,0.0,112933.01002014003,0.0
66.81,1557.857863,1521.864916,24132,0.0,0.0,113406.32576028198,0.0
66.82000000000001,1557.857863,1527.263858,24133,0.0,0.0,113808.64410586955,0.0
66.83,1509.074881,1524.535512,24133,0.0,0.0,113605.3332259026,0.0
66.84,1522.769852,1524.270663,24134,0.0,0.0,113585.59720882545,0.0
66.85,1522.769852,1524.045541,24134,0.0,0.0,113568.82156822858,0.0
66.86,1522.769852,1523.854188,24134,0.0,0.0,113554.56232588383,0.0
66.87,1522.769852,1523.691537,24134,0.0,0.0,113542.44189909872,0.0
66.88,1522.769852,1523.553284,24134,0.0,0.0,113532.13956241266,0.0
66.89,1522.769852,1523.435769,24134,0.0,0.0,113523.3825799554,0.0
66.9,1522.769852,1523.335882,24135,0.0,0.0,113515.93920075524,0.0
66.91,1569.730008,1530.295001,24135,0.0,0.0,114034.51881187661,0.0
66.92,1423.347745,1514.252912,24135,0.0,0.0,112839.09446646814,0.0
66.93,1423.347745,1500.617137,24135,0.0,0.0,111822.98382130763,0.0
66.94,1523.133458,1503.994585,24137,0.0,0.0,112074.66448238309,0.0
66.95,1523.133458,1506.865416,24137,0.0,0.0,112288.59305920082,0.0
66.96000000000001,1523.133458,1509.305622,24137,0.0,0.0,112470.4323234146,0.0
66.97,1523.133458,1511.379798,24137,0.0,0.0,112624.9957650625,0.0
66.98,1523.133458,1513.142847,24137,0.0,0.0,112756.37464575241,0.0
66.99,1523.133458,1514.641438,24137,0.0,0.0,112868.04664590214,0.0
67.0,1523.133458,1515.915241,24137,0.0,0.0,112962.96789446611,0.0
67.01,1537.430441,1519.142521,24137,0.0,0.0,113203.4583369172,0.0
67.02,1581.913397,1528.558153,24138,0.0,0.0,113905.09237723498,0.0
67.03,1581.913397,1536.561439,24138,0.0,0.0,114501.48122208349,0.0
67.04,1512.715297,1532.984518,24141,0.0,0.0,114234.93623252488,0.0
67.05,1512.715297,1529.944135,24141,0.0,0.0,114008.3729802224,0.0
67.06,1512.715297,1527.359809,24141,0.0,0.0,113815.79418223217,0.0
67.07000000000001,1512.715297,1525.163132,24141,0.0,0.0,113652.1022113923,0.0
67.08,1512.715297,1523.295957,24141,0.0,0.0,113512.9640697115,0.0
67.09,1512.715297,1521.708858,24141,0.0,0.0,113394.6966306533,0.0
67.1,1512.715297,1520.359824,24141,0.0,0.0,113294.16931863154,0.0
67.11,1512.715297,1519.213145,24141,0.0,0.0,113208.72109596126,0.0
67.12,1512.715297,1518.238468,24141,0.0,0.0,113136.0901178692,0.0
67.13,1512.715297,1517.409992,24141,0.0,0.0,113074.35374550607,0.0
67.14,1549.38604,1522.206399,24142,0.0,0.0,113431.7723895672,0.0
67.15,1549.38604,1526.283345,24142,0.0,0.0,113735.57824074503,0.0
67.16,1549.38604,1529.74875,24142,0.0,0.0,113993.8132813124,0.0
67.17,1549.38604,1532.694343,24142,0.0,0.0,114213.31297264715,0.0
67.18,1549.38604,1535.198098,24142,0.0,0.0,114399.8877810738,0.0
67.19,1549.38604,1537.326289,24142,0.0,0.0,114558.47631234795,0.0
67.2,1549.38604,1539.135252,24142,0.0,0.0,114693.27661236768,0.0
67.21000000000001,1460.99105,1527.413621,24142,0.0,0.0,113819.80414470495,0.0
67.22,1528.999026,1527.651432,24143,0.0,0.0,113837.52534417009,0.0
67.23,1528.999026,1527.853571,24143,0.0,0.0,113852.58833763411,0.0
67.24,1537.922865,1529.363965,24144,0.0,0.0,113965.13987370644,0.0
67.25,1537.922865,1530.6478,24144,0.0,0.0,114060.80868681971,0.0
67.26,1537.922865,1531.73906,24144,0.0,0.0,114142.12719659548,0.0
67.27,1537.922865,1532.666631,24144,0.0,0.0,114211.2479299049,0.0
67.28,1537.922865,1533.455066,24144,0.0,0.0,114270.0005271366,0.0
67.29,1461.509535,1522.663236,24144,0.0,0.0,113465.81496791738,0.0
67.3,1461.509535,1513.490181,24145,0.0,0.0,112782.25727984002,0.0
67.31,1538.042565,1517.173039,24145,0.0,0.0,113056.6964824827,0.0
67.32000000000001,1538.042565,1520.303468,24145,0.0,0.0,113289.96978237353,0.0
67.33,1517.651959,1519.905741,24145,0.0,0.0,113260.33196284603,0.0
67.34,1507.568323,1518.055128,24147,0.0,0.0,113122.42798823713,0.0
67.35,1507.568323,1516.482108,24147,0.0,0.0,113005.20968806349,0.0
67.36,1507.568323,1515.14504,24147,0.0,0.0,112905.57405839789,0.0
67.37,1507.568323,1514.008532,24147,0.0,0.0,112820.88375827852,0.0
67.38,1507.568323,1513.042501,24147,0.0,0.0,112748.89706279147,0.0
67.39,1602.442488,1526.452499,24147,0.0,0.0,113748.18325806684,0.0
67.4,1602.442488,1537.850997,24147,0.0,0.0,114597.57650169553,0.0
67.41,1517.59148,1534.81207,24147,0.0,0.0,114371.12174759715,0.0
67.42,1529.25375,1533.978322,24148,0.0,0.0,114308.99251635202,0.0
67.43,1523.436891,1532.397107,24148,0.0,0.0,114191.1635411902,0.0
67.44,1514.828412,1529.761803,24149,0.0,0.0,113994.78596473165,0.0
67.45,1514.828412,1527.521794,24149,0.0,0.0,113827.86498003108,0.0
67.46000000000001,1514.828412,1525.617787,24149,0.0,0.0,113685.9821914723,0.0
67.47,1514.828412,1523.99938,24149,0.0,0.0,113565.38174295344,0.0
67.48,1514.828412,1522.623735,24149,0.0,0.0,113462.8714325045,0.0
67.49,1555.525828,1527.559049,24150,0.0,0.0,113830.64114802192,0.0
67.5,1529.290605,1527.818783,24150,0.0,0.0,113849.9960055427,0.0
67.51,1529.290605,1528.039556,24150,0.0,0.0,113866.44756736913,0.0
67.52,1520.524006,1526.912223,24150,0.0,0.0,113782.44096987536,0.0
67.53,1523.428512,1526.389667,24151,0.0,0.0,113743.50114325804,0.0
67.54,1506.927284,1523.470309,24152,0.0,0.0,113525.95643158349,0.0
67.55,1506.927284,1520.988855,24152,0.0,0.0,113341.04344901549,0.0
67.56,1506.927284,1518.87962,24152,0.0,0.0,113183.86748089887,0.0
67.57000000000001,1506.927284,1517.086769,24152,0.0,0.0,113050.26781485228,0.0
67.58,1506.927284,1515.562847,24152,0.0,0.0,112936.70819931195,0.0
67.59,1586.253759,1526.166483,24152,0.0,0.0,113726.86991854002,0.0
67.6,1511.670528,1523.99209,24152,0.0,0.0,113564.83850675284,0.0
67.61,1511.670528,1522.143856,24153,0.0,0.0,113427.11181045962,0.0
67.62,1526.406111,1522.783194,24153,0.0,0.0,113474.75399784214,0.0
67.63,1526.406111,1523.326632,24153,0.0,0.0,113515.24990927985,0.0
67.64,1510.473216,1521.398619,24154,0.0,0.0,113371.57824167697,0.0
67.65,1510.473216,1519.759809,24154,0.0,0.0,113249.45740245839,0.0
67.66,1510.473216,1518.36682,24154,0.0,0.0,113145.65465186362,0.0
67.67,1510.473216,1517.182779,24154,0.0,0.0,113057.42228777676,0.0
67.68,1510.473216,1516.176345,24154,0.0,0.0,112982.42484164322,0.0
67.69,1573.044004,1524.706493,24155,0.0,0.0,113618.07438760558,0.0
67.7,1529.296263,1525.394959,24155,0.0,0.0,113669.37749516133,0.0
67.71000000000001,1517.563405,1524.220226,24155,0.0,0.0,113581.83874459368,0.0
67.72,1517.45946,1523.206111,24155,0.0,0.0,113506.2689257226,0.0
67.73,1517.45946,1522.344113,24156,0.0,0.0,113442.03456105269,0.0
67.74,1511.163564,1520.667031,24157,0.0,0.0,113317.06176903995,0.0
67.75,1511.163564,1519.241511,24157,0.0,0.0,113210.83487347375,0.0
67.76,1511.163564,1518.029819,24157,0.0,0.0,113120.54201224251,0.0
67.77,1511.163564,1516.999881,24157,0.0,0.0,113043.7930950995,0.0
67.78,1511.163564,1516.124433,24157,0.0,0.0,112978.55646336538,0.0
67.79,1575.096283,1524.970211,24157,0.0,0.0,113637.72612482775,0.0
67.8,1575.096283,1532.489122,24157,0.0,0.0,114198.02031471531,0.0
67.81,1523.455172,1531.134029,24158,0.0,0.0,114097.04149814768,0.0
67.82000000000001,1523.436891,1529.979458,24158,0.0,0.0,114011.00517944239,0.0
67.83,1523.436891,1528.998073,24158,0.0,0.0,113937.8743346242,0.0
67.84,1511.473525,1526.369391,24159,0.0,0.0,113741.99021634401,0.0
67.85,1511.473525,1524.135011,24159,0.0,0.0,113575.48869345049,0.0
67.86,1511.473525,1522.235788,24159,0.0,0.0,113433.96239899096,0.0
67.87,1511.473525,1520.621449,24159,0.0,0.0,113313.66508968528,0.0
67.88,1511.473525,1519.24926,24159,0.0,0.0,113211.41231343515,0.0
67.89,1573.184662,1527.339571,24160,0.0,0.0,113814.28608700205,0.0
67.9,1523.405813,1526.749507,24160,0.0,0.0,113770.3156994204,0.0
67.91,1523.405813,1526.247953,24160,0.0,0.0,113732.94089978322,0.0
67.92,1517.543829,1524.942334,24160,0.0,0.0,113635.64878661592,0.0
67.93,1517.543829,1523.832558,24161,0.0,0.0,113552.9505016014,0.0
67.94,1514.615042,1522.449931,24162,0.0,0.0,113449.91990649505,0.0
67.95,1514.615042,1521.274698,24162,0.0,0.0,113362.34389692875,0.0
67.96000000000001,1514.615042,1520.275749,24162,0.0,0.0,113287.90421800531,0.0
67.97,1514.615042,1519.426643,24162,0.0,0.0,113224.63053935707,0.0
67.98,1514.615042,1518.704903,24162,0.0,0.0,113170.84791995786,0.0
67.99,1563.60761,1525.440309,24162,0.0,0.0,113672.75688634065,0.0
68.0,1523.346556,1525.126246,24162,0.0,0.0,113649.35354054248,0.0
68.01,1523.346556,1524.859293,24163,0.0,0.0,113629.46073759891,0.0
68.02,1526.397639,1525.090045,24163,0.0,0.0,113646.6559145208,0.0
68.03,1526.397639,1525.286184,24163,0.0,0.0,113661.27180000082,0.0
68.04,1516.874992,1524.024505,24165,0.0,0.0,113567.25400763658,0.0
68.05,1516.874992,1522.952078,24165,0.0,0.0,113487.33889530467,0.0
68.06,1516.874992,1522.040515,24165,0.0,0.0,113419.41104609665,0.0
68.07000000000001,1516.874992,1521.265687,24165,0.0,0.0,113361.67241525474,0.0
68.08,1516.874992,1520.607082,24165,0.0,0.0,113312.5944896175,0.0
68.09,1516.874992,1520.047269,24165,0.0,0.0,113270.87834597335,0.0
68.1,1516.874992,1519.571427,24165,0.0,0.0,113235.41955308376,0.0
68.11,1516.874992,1519.166962,24165,0.0,0.0,113205.27963129016,0.0
68.12,1558.912073,1525.128729,24166,0.0,0.0,113649.53856872984,0.0
68.13,1523.332542,1524.859301,24166,0.0,0.0,113629.46133374289,0.0
68.14,1509.212442,1522.512272,24167,0.0,0.0,113454.56543296714,0.0
68.15,1509.212442,1520.517297,24167,0.0,0.0,113305.90389122647,0.0
68.16,1509.212442,1518.821569,24167,0.0,0.0,113179.54163663537,0.0
68.17,1509.212442,1517.3802,24167,0.0,0.0,113072.13370532935,0.0
68.18,1509.212442,1516.155036,24167,0.0,0.0,112980.83693763796,0.0
68.19,1460.021427,1507.734995,24167,0.0,0.0,112353.39234480856,0.0
68.2,1523.357828,1510.07842,24168,0.0,0.0,112528.0196827219,0.0
68.21000000000001,1523.357828,1512.070331,24168,0.0,0.0,112676.45290131871,0.0
68.22,1529.348643,1514.662078,24168,0.0,0.0,112869.58469736722,0.0
68.23,1529.273477,1516.853788,24168,0.0,0.0,113032.90653731431,0.0
68.24,1536.795616,1519.845062,24170,0.0,0.0,113255.81028528552,0.0
68.25,1536.795616,1522.387645,24170,0.0,0.0,113445.27847851282,0.0
68.26,1536.795616,1524.548841,24170,0.0,0.0,113606.32647628915,0.0
68.27,1536.795616,1526.385857,24170,0.0,0.0,113743.2172296882,0.0
68.28,1536.795616,1527.947321,24170,0.0,0.0,113859.57439988462,0.0
68.29,1491.136834,1522.425748,24170,0.0,0.0,113448.11783776543,0.0
68.3,1491.136834,1517.732411,24170,0.0,0.0,113098.37976369,0.0
68.31,1520.515567,1518.149884,24170,0.0,0.0,113129.48901559296,0.0
68.32000000000001,1523.214044,1518.909508,24171,0.0,0.0,113186.09467480335,0.0
68.33,1523.214044,1519.555189,24171,0.0,0.0,113234.20952984295,0.0
68.34,1539.354836,1522.525136,24172,0.0,0.0,113455.5240324849,0.0
68.35000000000001,1539.354836,1525.049591,24172,0.0,0.0,113643.64136345647,0.0
68.36,1539.354836,1527.195378,24172,0.0,0.0,113803.54111341177,0.0
68.37,1539.354836,1529.019296,24172,0.0,0.0,113939.45583008172,0.0
68.38,1539.354836,1530.569627,24172,0.0,0.0,114054.98339141374,0.0
68.39,1464.140751,1520.605296,24172,0.0,0.0,113312.46140047428,0.0
68.4,1529.081122,1521.87667,24173,0.0,0.0,113407.20164482272,0.0
68.41,1529.081122,1522.957338,24173,0.0,0.0,113487.73085997064,0.0
68.42,1529.263614,1523.903279,24173,0.0,0.0,113558.22048889121,0.0
68.43,1529.263614,1524.707329,24173,0.0,0.0,113618.13668465136,0.0
68.44,1514.768101,1523.216445,24175,0.0,0.0,113507.03899470711,0.0
68.45,1514.768101,1521.949193,24175,0.0,0.0,113412.6059135437,0.0
68.46000000000001,1514.768101,1520.87203,24175,0.0,0.0,113332.33788397639,0.0
68.47,1514.768101,1519.95644,24175,0.0,0.0,113264.10995079309,0.0
68.48,1514.768101,1519.178189,24175,0.0,0.0,113206.11624484627,0.0
68.49,1567.638143,1526.447182,24175,0.0,0.0,113747.78704587501,0.0
68.5,1540.878025,1528.611809,24175,0.0,0.0,113909.09071490017,0.0
68.51,1540.878025,1530.451741,24175,0.0,0.0,114046.1987627795,0.0
68.52,1523.393169,1529.392955,24176,0.0,0.0,113967.30015044929,0.0
68.53,1523.393169,1528.492987,24176,0.0,0.0,113900.2363374204,0.0
68.54,1514.666802,1526.41906,24177,0.0,0.0,113745.69145075383,0.0
68.55,1514.666802,1524.656221,24177,0.0,0.0,113614.32821884335,0.0
68.56,1514.666802,1523.157808,24177,0.0,0.0,113502.66948289714,0.0
68.57000000000001,1514.666802,1521.884157,24177,0.0,0.0,113407.75956106879,0.0
68.58,1514.666802,1520.801554,24177,0.0,0.0,113327.08615359594,0.0
68.59,1512.061968,1519.490616,24177,0.0,0.0,113229.39767920082,0.0
68.60000000000001,1570.253773,1527.10509,24178,0.0,0.0,113796.81303246808,0.0
68.61,1570.253773,1533.577392,24178,0.0,0.0,114279.11601567904,0.0
68.62,1482.252379,1525.87864,24178,0.0,0.0,113705.42043463208,0.0
68.63,1482.252379,1519.334701,24178,0.0,0.0,113217.77920564575,0.0
68.64,1540.788378,1522.552753,24180,0.0,0.0,113457.5819960174,0.0
68.65,1540.788378,1525.288096,24180,0.0,0.0,113661.41427841173,0.0
68.66,1540.788378,1527.613139,24180,0.0,0.0,113834.67182649799,0.0
68.67,1540.788378,1529.589425,24180,0.0,0.0,113981.94070138641,0.0
68.68,1540.788378,1531.269268,24180,0.0,0.0,114107.11923758975,0.0
68.69,1463.258242,1521.067614,24180,0.0,0.0,113346.91241196787,0.0
68.7,1528.1529,1522.130407,24180,0.0,0.0,113426.10961791343,0.0
68.71000000000001,1528.1529,1523.033781,24180,0.0,0.0,113493.42723924124,0.0
68.72,1526.810497,1523.600288,24181,0.0,0.0,113535.64220635955,0.0
68.73,1526.810497,1524.081819,24181,0.0,0.0,113571.52493213603,0.0
68.74,1538.112476,1526.186418,24182,0.0,0.0,113728.355434817,0.0
68.75,1538.112476,1527.975327,24182,0.0,0.0,113861.66135091809,0.0
68.76,1538.112476,1529.495899,24182,0.0,0.0,113974.97133116731,0.0
68.77,1538.112476,1530.788386,24182,0.0,0.0,114071.28487399354,0.0
68.78,1538.112476,1531.886999,24182,0.0,0.0,114153.15131460378,0.0
68.79,1460.678585,1521.205737,24183,0.0,0.0,113357.2050613143,0.0
68.8,1529.117815,1522.392549,24183,0.0,0.0,113445.64391477176,0.0
68.81,1523.202774,1522.514083,24183,0.0,0.0,113454.70038506032,0.0
68.82000000000001,1523.202774,1522.617386,24183,0.0,0.0,113462.39831773938,0.0
68.83,1517.770047,1521.890286,24184,0.0,0.0,113408.21628187447,0.0
68.84,1516.058688,1521.015546,24185,0.0,0.0,113343.03240888246,0.0
68.85000000000001,1516.058688,1520.272017,24185,0.0,0.0,113287.62611683924,0.0
68.86,1516.058688,1519.640018,24185,0.0,0.0,113240.53081703922,0.0
68.87,1516.058688,1519.102818,24185,0.0,0.0,113200.49974886888,0.0
68.88,1516.058688,1518.646199,24185,0.0,0.0,113166.4734154421,0.0
68.89,1564.990898,1525.597903,24185,0.0,0.0,113684.50047561323,0.0
68.9,1511.315078,1523.45548,24185,0.0,0.0,113524.85140420095,0.0
68.91,1511.315078,1521.634419,24186,0.0,0.0,113389.14958544941,0.0
68.92,1534.551713,1523.572013,24186,0.0,0.0,113533.53520998482,0.0
68.93,1534.551713,1525.218968,24186,0.0,0.0,113656.2629982917,0.0
68.94,1513.022807,1523.389544,24187,0.0,0.0,113519.9379855284,0.0
68.95,1513.022807,1521.834534,24187,0.0,0.0,113404.06175448684,0.0
68.96000000000001,1513.022807,1520.512774,24187,0.0,0.0,113305.56684632448,0.0
68.97,1513.022807,1519.389279,24187,0.0,0.0,113221.84624890449,0.0
68.98,1513.022807,1518.434308,24187,0.0,0.0,113150.68372246802,0.0
68.99,1572.161943,1526.493454,24188,0.0,0.0,113751.23514264786,0.0
69.0,1529.12072,1526.887544,24188,0.0,0.0,113780.60194021903,0.0
69.01,1529.12072,1527.22252,24188,0.0,0.0,113805.56368089556,0.0
69.02,1517.650517,1525.78672,24188,0.0,0.0,113698.57074031672,0.0
69.03,1529.222708,1526.302118,24189,0.0,0.0,113736.97716710906,0.0
69.04,1515.70141,1524.712012,24190,0.0,0.0,113618.48565243288,0.0
69.05,1515.70141,1523.360422,24190,0.0,0.0,113517.76787240991,0.0
69.06,1515.70141,1522.21157,24190,0.0,0.0,113432.1577221314,0.0
69.07000000000001,1515.70141,1521.235046,24190,0.0,0.0,113359.38910929828,0.0
69.08,1515.70141,1520.405001,24190,0.0,0.0,113297.53581819733,0.0
69.09,1515.70141,1519.699462,24191,0.0,0.0,113244.960464873,0.0
69.10000000000001,1515.70141,1519.099754,24191,0.0,0.0,113200.27142572503,0.0
69.11,1515.70141,1518.590003,24191,0.0,0.0,113162.28580206365,0.0
69.12,1563.676282,1525.352945,24191,0.0,0.0,113666.24669602113,0.0
69.13,1563.676282,1531.101445,24191,0.0,0.0,114094.61340372241,0.0
69.14,1513.501655,1528.461477,24192,0.0,0.0,113897.88827532428,0.0
69.15,1513.501655,1526.217503,24192,0.0,0.0,113730.67182676424,0.0
69.16,1513.501655,1524.310126,24192,0.0,0.0,113588.53791255446,0.0
69.17,1513.501655,1522.688855,24192,0.0,0.0,113467.7240444912,0.0
69.18,1513.501655,1521.310775,24192,0.0,0.0,113365.03228271873,0.0
69.19,1573.454971,1529.132404,24193,0.0,0.0,113947.8844117247,0.0
69.2,1527.418151,1528.875266,24193,0.0,0.0,113928.72300292502,0.0
69.21000000000001,1527.418151,1528.656699,24193,0.0,0.0,113912.4358278007,0.0
69.22,1442.291023,1515.701848,24193,0.0,0.0,112947.06627546,0.0
69.23,1523.433996,1516.86167,24194,0.0,0.0,113033.49388816934,0.0
69.24,1549.910121,1521.818938,24195,0.0,0.0,113402.89957180034,0.0
69.25,1549.910121,1526.032615,24195,0.0,0.0,113716.89434327232,0.0
69.26,1549.910121,1529.614241,24195,0.0,0.0,113983.78994000837,0.0
69.27,1549.910121,1532.658623,24195,0.0,0.0,114210.6511897822,0.0
69.28,1549.910121,1535.246348,24195,0.0,0.0,114403.48327444537,0.0
69.29,1434.150847,1520.082023,24195,0.0,0.0,113273.46814445287,0.0
69.3,1434.150847,1507.192346,24195,0.0,0.0,112312.95522807074,0.0
69.31,1526.358029,1510.067199,24196,0.0,0.0,112527.18351627377,0.0
69.32000000000001,1523.214044,1512.039226,24196,0.0,0.0,112674.13501901152,0.0
69.33,1523.214044,1513.715448,24196,0.0,0.0,112799.04372554651,0.0
69.34,1539.855251,1517.636419,24197,0.0,0.0,113091.22663208946,0.0
69.35000000000001,1539.855251,1520.969244,24197,0.0,0.0,113339.58207656966,0.0
69.36,1539.855251,1523.802145,24197,0.0,0.0,113550.68418574835,0.0
69.37,1539.855251,1526.210111,24197,0.0,0.0,113730.12098972795,0.0
69.38,1539.855251,1528.256882,24197,0.0,0.0,113882.64226565875,0.0
69.39,1453.578516,1517.055127,24198,0.0,0.0,113047.9099163805,0.0
69.4,1523.211151,1517.97853,24198,0.0,0.0,113116.72005867699,0.0
69.41,1523.211151,1518.763424,24198,0.0,0.0,113175.20878768011,0.0
69.42,1517.595729,1518.588269,24198,0.0,0.0,113162.15658785627,0.0
69.43,1517.595729,1518.439388,24199,0.0,0.0,113151.06227389448,0.0
69.44,1516.795767,1518.192845,24200,0.0,0.0,113132.69038327663,0.0
69.45,1516.795767,1517.983283,24200,0.0,0.0,113117.07424271834,0.0
69.46000000000001,1516.795767,1517.805156,24200,0.0,0.0,113103.80057540639,0.0
69.47,1516.795767,1517.653748,24200,0.0,0.0,113092.51795446534,0.0
69.48,1516.795767,1517.52505,24200,0.0,0.0,113082.92763724386,0.0
69.49,1558.369085,1523.651656,24200,0.0,0.0,113539.47004684685,0.0
69.5,1523.23095,1523.58855,24201,0.0,0.0,113534.7675141068,0.0
69.51,1523.23095,1523.53491,24201,0.0,0.0,113530.77036872956,0.0
69.52,1526.274619,1523.945866,24201,0.0,0.0,113561.39398684388,0.0
69.53,1526.274619,1524.295179,24201,0.0,0.0,113587.42409204821,0.0
69.54,1512.421096,1522.514067,24202,0.0,0.0,113454.69919277237,0.0
69.55,1512.421096,1521.000121,24203,0.0,0.0,113341.88296877351,0.0
69.56,1512.421096,1519.713267,24203,0.0,0.0,113245.98918582627,0.0
69.57000000000001,1512.421096,1518.619442,24203,0.0,0.0,113164.47953738732,0.0
69.58,1512.421096,1517.68969,24203,0.0,0.0,113095.19628032569,0.0
69.59,1597.590181,1529.674763,24203,0.0,0.0,113988.2999182433,0.0
69.60000000000001,1523.21968,1528.706501,24203,0.0,0.0,113916.14697310417,0.0
69.61,1523.21968,1527.883478,24203,0.0,0.0,113854.8169473805,0.0
69.62,1520.515567,1526.778291,24204,0.0,0.0,113772.4606254558,0.0
69.63,1520.515567,1525.838883,24204,0.0,0.0,113702.45782261188,0.0
69.64,1513.158551,1523.936833,24205,0.0,0.0,113560.7208657739,0.0
69.65,1513.158551,1522.32009,24205,0.0,0.0,113440.2444152026,0.0
69.66,1513.158551,1520.945859,24205,0.0,0.0,113337.8394732019,0.0
69.67,1513.158551,1519.777763,24205,0.0,0.0,113250.79529858261,0.0
69.68,1513.158551,1518.784881,24205,0.0,0.0,113176.80772034902,0.0
69.69,1575.426664,1527.281149,24205,0.0,0.0,113809.93259656151,0.0
69.7,1523.41145,1526.700694,24206,0.0,0.0,113766.67825241633,0.0
69.71000000000001,1529.259408,1527.084501,24206,0.0,0.0,113795.27878142087,0.0
69.72,1511.684586,1524.774514,24206,0.0,0.0,113623.14317630253,0.0
69.73,1511.684586,1522.811025,24206,0.0,0.0,113476.82790822607,0.0
69.74,1512.485485,1521.262194,24208,0.0,0.0,113361.41212389001,0.0
69.75,1512.485485,1519.945687,24208,0.0,0.0,113263.30865876771,0.0
69.76,1512.485485,1518.826657,24208,0.0,0.0,113179.92078420584,0.0
69.77,1512.485485,1517.875481,24208,0.0,0.0,113109.04105356925,0.0
69.78,1512.485485,1517.066982,24208,0.0,0.0,113048.79332723893,0.0
69.79,1573.274751,1525.498147,24208,0.0,0.0,113677.0668582707,0.0
69.8,1573.274751,1532.664638,24208,0.0,0.0,114211.0994155362,0.0
69.81,1517.581691,1530.402196,24208,0.0,0.0,114042.50676860132,0.0
69.82000000000001,1523.419981,1529.354864,24209,0.0,0.0,113964.46168541265,0.0
69.83,1523.419981,1528.464631,24209,0.0,0.0,113898.1233050879,0.0
69.84,1513.517508,1526.222563,24210,0.0,0.0,113731.04888783078,0.0
69.85000000000001,1513.517508,1524.316804,24210,0.0,0.0,113589.03554374065,0.0
69.86,1513.517508,1522.69691,24210,0.0,0.0,113468.32428695976,0.0
69.87,1513.517508,1521.32,24210,0.0,0.0,113365.71971124416,0.0
69.88,1513.517508,1520.149626,24210,0.0,0.0,113278.50578462695,0.0
69.89,1563.889588,1526.71062,24210,0.0,0.0,113767.41791805791,0.0
69.9,1529.267972,1527.094223,24211,0.0,0.0,113796.003245391,0.0
69.91,1529.267972,1527.420285,24211,0.0,0.0,113820.30073263924,0.0
69.92,1520.456497,1526.375717,24211,0.0,0.0,113742.4616171952,0.0
69.93,1520.456497,1525.487834,24211,0.0,0.0,113676.29835416416,0.0
69.94,1512.5636,1523.549199,24213,0.0,0.0,113531.83515639353,0.0
69.95,1512.5636,1521.901359,24213,0.0,0.0,113409.041419659,0.0
69.96000000000001,1512.5636,1520.500695,24213,0.0,0.0,113304.66674343463,0.0
69.97,1512.5636,1519.310131,24213,0.0,0.0,113215.94829845116,0.0
69.98,1512.5636,1518.298151,24213,0.0,0.0,113140.53757550438,0.0
69.99,1577.559319,1527.187326,24213,0.0,0.0,113802.9410944972,0.0
70.0,1511.631378,1524.853934,24213,0.0,0.0,113629.06139565117,0.0
70.01,1522.562788,1524.510262,24213,0.0,0.0,113603.45164646981,0.0
70.02,1522.562788,1524.218141,24214,0.0,0.0,113581.68337456924,0.0
70.03,1497.356682,1520.188922,24214,0.0,0.0,113281.43404385037,0.0
70.04,1521.059611,1520.319525,24216,0.0,0.0,113291.1663178568,0.0
70.05,1521.059611,1520.430538,24216,0.0,0.0,113299.43878429537,0.0
70.06,1521.059611,1520.524899,24216,0.0,0.0,113306.47037704223,0.0
70.07000000000001,1521.059611,1520.605106,24216,0.0,0.0,113312.44724205477,0.0
70.08,1521.059611,1520.673282,24216,0.0,0.0,113317.52758104131,0.0
70.09,1521.059611,1520.731231,24216,0.0,0.0,113321.84582446911,0.0
70.10000000000001,1521.059611,1520.780488,24216,0.0,0.0,113325.51635746403,0.0
70.11,1521.059611,1520.822356,24216,0.0,0.0,113328.63627697658,0.0
70.12,1582.911793,1530.135772,24216,0.0,0.0,114022.6533856784,0.0
70.13,1582.911793,1538.052175,24217,0.0,0.0,114612.56788336411,0.0
70.14,1511.544592,1534.076038,24218,0.0,0.0,114316.27411697997,0.0
70.15,1511.544592,1530.696321,24218,0.0,0.0,114064.42437456858,0.0
70.16,1511.544592,1527.823561,24218,0.0,0.0,113850.35205253398,0.0
70.17,1511.544592,1525.381716,24218,0.0,0.0,113668.39065332257,0.0
70.18,1511.544592,1523.306147,24218,0.0,0.0,113513.72340810437,0.0
70.19,1504.207237,1520.441311,24218,0.0,0.0,113300.24156668068,0.0
70.2,1504.207237,1518.0062,24218,0.0,0.0,113118.78197166335,0.0
70.21000000000001,1620.704774,1533.410986,24219,0.0,0.0,114266.71577381394,0.0
70.22,1692.976085,1557.345751,24219,0.0,0.0,116050.28652838529,0.0
70.23,1692.976085,1577.690301,24219,0.0,0.0,117566.32165114145,0.0
70.24,1734.293096,1601.18072,24221,0.0,0.0,119316.78063166735,0.0
70.25,1734.293096,1621.147576,24221,0.0,0.0,120804.67075393668,0.0
70.26,1734.293096,1638.119404,24221,0.0,0.0,122069.3773876728,0.0
70.27,1734.293096,1652.545458,24221,0.0,0.0,123144.3780412521,0.0
70.28,1734.293096,1664.807604,24221,0.0,0.0,124058.12860424633,0.0
70.29,1827.876925,1689.268002,24221,0.0,0.0,125880.86847731279,0.0
70.3,1775.222156,1702.161125,24221,0.0,0.0,126841.63818271377,0.0
70.31,1775.222156,1713.12028,24221,0.0,0.0,127658.29246583769,0.0
70.32000000000001,1775.366924,1722.457276,24222,0.0,0.0,128354.06670891673,0.0
70.33,1775.366924,1730.393723,24222,0.0,0.0,128945.47484534112,0.0
70.34,1774.637123,1737.030233,24223,0.0,0.0,129440.01427985907,0.0
70.35000000000001,1774.637123,1742.671267,24223,0.0,0.0,129860.37283645831,0.0
70.36,1774.637123,1747.466145,24224,0.0,0.0,130217.67754250152,0.0
70.37,1774.637123,1751.541792,24224,0.0,0.0,130521.38659480082,0.0
70.38,1774.637123,1755.006092,24224,0.0,0.0,130779.53929298114,0.0
70.39,1829.820223,1766.228211,24224,0.0,0.0,131615.7891267572,0.0
70.4,1775.100751,1767.559092,24224,0.0,0.0,131714.96371357326,0.0
70.41,1775.100751,1768.690341,24224,0.0,0.0,131799.2621235446,0.0
70.42,1792.981211,1772.333972,24225,0.0,0.0,132070.77820870565,0.0
70.43,1792.981211,1775.431058,24225,0.0,0.0,132301.56685501125,0.0
70.44,1770.816897,1774.738933,24226,0.0,0.0,132249.99108610325,0.0
70.45,1770.816897,1774.150628,24226,0.0,0.0,132206.1517756789,0.0
70.46000000000001,1770.816897,1773.650568,24226,0.0,0.0,132168.88830592975,0.0
70.47,1770.816897,1773.225518,24226,0.0,0.0,132137.21443116094,0.0
70.48,1770.816897,1772.864225,24227,0.0,0.0,132110.2916003485,0.0
70.49,1851.900285,1784.719634,24227,0.0,0.0,132993.73293665916,0.0
70.5,1775.360266,1783.315728,24227,0.0,0.0,132889.11667308747,0.0
70.51,1775.360266,1782.122409,24227,0.0,0.0,132800.1929310213,0.0
70.52,1784.15578,1782.427415,24228,0.0,0.0,132822.92136731755,0.0
70.53,1784.15578,1782.68667,24228,0.0,0.0,132842.2405307176,0.0
70.54,1766.550602,1780.266259,24229,0.0,0.0,132661.87635026113,0.0
70.55,1766.550602,1778.208911,24229,0.0,0.0,132508.56689747245,0.0
70.56,1766.550602,1776.460164,24229,0.0,0.0,132378.25377318045,0.0
70.57000000000001,1766.550602,1774.97373,24229,0.0,0.0,132267.48768832436,0.0
70.58,1766.550602,1773.710261,24230,0.0,0.0,132173.3365087449,0.0
70.59,1867.106769,1787.719737,24230,0.0,0.0,133217.29460402884,0.0
70.60000000000001,1867.106769,1799.627792,24230,0.0,0.0,134104.65901482743,0.0
70.61,1778.391982,1796.44242,24230,0.0,0.0,133867.2914726088,0.0
70.62,1778.391982,1793.734854,24231,0.0,0.0,133665.52907662655,0.0
70.63,1784.177279,1792.301218,24231,0.0,0.0,133558.69739299396,0.0
70.64,1771.410899,1789.16767,24232,0.0,0.0,133325.19167146942,0.0
70.65,1771.410899,1786.504155,24232,0.0,0.0,133126.71186778793,0.0
70.66,1771.410899,1784.240166,24232,0.0,0.0,132958.0039415112,0.0
70.67,1771.410899,1782.315776,24232,0.0,0.0,132814.60225261265,0.0
70.68,1771.410899,1780.680045,24232,0.0,0.0,132692.7108543079,0.0
70.69,1692.856305,1767.506484,24233,0.0,0.0,131711.04347076928,0.0
70.7,1786.9498,1770.422981,24233,0.0,0.0,131928.37498645348,0.0
70.71000000000001,1786.9498,1772.902004,24233,0.0,0.0,132113.10681576998,0.0
70.72,1778.304752,1773.712416,24234,0.0,0.0,132173.49709502916,0.0
70.73,1778.304752,1774.401267,24234,0.0,0.0,132224.82889201387,0.0
70.74,1805.518561,1779.068861,24235,0.0,0.0,132572.6486492838,0.0
70.75,1805.518561,1783.036316,24235,0.0,0.0,132868.29545041505,0.0
70.76,1805.518561,1786.408653,24235,0.0,0.0,133119.5952500061,0.0
70.77,1805.518561,1789.275139,24235,0.0,0.0,133333.20004612542,0.0
70.78,1805.518561,1791.711652,24235,0.0,0.0,133514.764115375,0.0
70.79,1689.957956,1776.448598,24236,0.0,0.0,132377.39189802326,0.0
70.8,1781.07777,1777.142974,24236,0.0,0.0,132429.13540694327,0.0
70.81,1798.810677,1780.393129,24236,0.0,0.0,132671.3304485835,0.0
70.82000000000001,1781.229338,1780.51856,24237,0.0,0.0,132680.67731550767,0.0
70.83,1781.229338,1780.625177,24237,0.0,0.0,132688.6222008299,0.0
70.84,1798.75001,1783.343902,24238,0.0,0.0,132891.21614314444,0.0
70.85000000000001,1798.75001,1785.654818,24238,0.0,0.0,133063.42097548232,0.0
70.86,1798.75001,1787.619097,24238,0.0,0.0,133209.79511277672,0.0
70.87,1798.75001,1789.288734,24238,0.0,0.0,133334.2131182992,0.0
70.88,1798.75001,1790.707925,24238,0.0,0.0,133439.96838946026,0.0
70.89,1720.162616,1780.126129,24239,0.0,0.0,132651.43414329406,0.0
70.9,1781.028262,1780.261449,24239,0.0,0.0,132661.51791869392,0.0
70.91,1775.054607,1779.480422,24239,0.0,0.0,132603.3173507865,0.0
70.92,1775.054607,1778.81655,24240,0.0,0.0,132553.8469388573,0.0
70.93,1784.44325,1779.660555,24240,0.0,0.0,132616.74050120113,0.0
70.94,1771.677737,1778.463132,24241,0.0,0.0,132527.51093727385,0.0
70.95,1771.677737,1777.445323,24241,0.0,0.0,132451.6658489206,0.0
70.96000000000001,1771.677737,1776.580185,24241,0.0,0.0,132387.19749773905,0.0
70.97,1771.677737,1775.844818,24241,0.0,0.0,132332.39942159012,0.0
70.98,1771.677737,1775.219756,24241,0.0,0.0,132285.8210531376,0.0
70.99,1826.076065,1782.848202,24242,0.0,0.0,132854.2775718637,0.0
71.0,1786.896913,1783.455509,24242,0.0,0.0,132899.53287327342,0.0
71.01,1786.896913,1783.971719,24242,0.0,0.0,132937.99980867963,0.0
71.02,1775.394797,1782.685181,24243,0.0,0.0,132842.12957341954,0.0
71.03,1775.394797,1781.591623,24243,0.0,0.0,132760.63982128588,0.0
71.04,1778.721559,1781.161114,24245,0.0,0.0,132728.55915276962,0.0
71.05,1778.721559,1780.795181,24245,0.0,0.0,132701.2905584495,0.0
71.06,1778.721559,1780.484137,24245,0.0,0.0,132678.1121824853,0.0
71.07000000000001,1778.721559,1780.219751,24245,0.0,0.0,132658.4106672409,0.0
71.08,1778.721559,1779.995022,24245,0.0,0.0,132641.66431221698,0.0
71.09,1778.721559,1779.804003,24245,0.0,0.0,132627.42995888335,0.0
71.10000000000001,1778.721559,1779.641636,24245,0.0,0.0,132615.33069520944,0.0
71.11,1778.721559,1779.503625,24245,0.0,0.0,132605.04639187877,0.0
71.12,1821.36157,1785.782316,24246,0.0,0.0,133072.921871107,0.0
71.13,1787.09204,1785.978775,24246,0.0,0.0,133087.56160234613,0.0
71.14,1764.284308,1782.724605,24247,0.0,0.0,132845.06737094664,0.0
71.15,1764.284308,1779.95856,24247,0.0,0.0,132638.94723699804,0.0
71.16,1764.284308,1777.607422,24247,0.0,0.0,132463.7451417712,0.0
71.17,1764.284308,1775.608955,24247,0.0,0.0,132314.82338318383,0.0
71.18,1764.284308,1773.910258,24247,0.0,0.0,132188.23988465863,0.0
71.19,1711.305207,1764.5195,24248,0.0,0.0,131488.4594050067,0.0
71.2,1711.305207,1756.537356,24248,0.0,0.0,130893.64601965791,0.0
71.21000000000001,1849.606445,1770.49772,24248,0.0,0.0,131933.94438705654,0.0
71.22,1668.132636,1755.142957,24249,0.0,0.0,130789.7381986869,0.0
71.23,1755.909445,1755.25793,24249,0.0,0.0,130798.30575639488,0.0
71.24,1818.049995,1764.67674,24250,0.0,0.0,131500.1766149082,0.0
71.25,1818.049995,1772.682728,24250,0.0,0.0,132096.76680738552,0.0
71.26,1818.049995,1779.487818,24250,0.0,0.0,132603.86848589484,0.0
71.27,1818.049995,1785.272145,24250,0.0,0.0,133034.90494988675,0.0
71.28,1818.049995,1790.188822,24250,0.0,0.0,133401.28587348777,0.0
71.29,1734.815078,1781.882761,24251,0.0,0.0,132782.33484199506,0.0
71.3,1781.163435,1781.774862,24251,0.0,0.0,132774.29442460023,0.0
71.31,1781.163435,1781.683148,24251,0.0,0.0,132767.46008099228,0.0
71.32000000000001,1778.23558,1781.166013,24251,0.0,0.0,132728.92421643855,0.0
71.33,1778.23558,1780.726448,24252,0.0,0.0,132696.1687129384,0.0
71.34,1778.511833,1780.394255,24253,0.0,0.0,132671.41435584848,0.0
71.35000000000001,1778.511833,1780.111892,24253,0.0,0.0,132650.37323056595,0.0
71.36,1778.511833,1779.871883,24253,0.0,0.0,132632.4882405427,0.0
71.37,1778.511833,1779.667876,24253,0.0,0.0,132617.28604745964,0.0
71.38,1778.511833,1779.494469,24253,0.0,0.0,132604.36410509513,0.0
71.39,1826.194323,1786.499447,24254,0.0,0.0,133126.3610370565,0.0
71.4,1786.939794,1786.565499,24254,0.0,0.0,133131.28309981668,0.0
71.41,1769.494445,1784.004841,24254,0.0,0.0,132940.46799378746,0.0
71.42,1769.494445,1781.828282,24254,0.0,0.0,132778.27517601804,0.0
71.43,1784.282997,1782.196489,24255,0.0,0.0,132805.71322426412,0.0
71.44,1766.18179,1779.794284,24256,0.0,0.0,132626.70571846722,0.0
71.45,1766.18179,1777.75241,24256,0.0,0.0,132474.54935716937,0.0
71.46000000000001,1766.18179,1776.016817,24256,0.0,0.0,132345.21644261433,0.0
71.47,1766.18179,1774.541563,24256,0.0,0.0,132235.2834689685,0.0
71.48,1766.18179,1773.287597,24256,0.0,0.0,132141.84043391774,0.0
71.49,1833.196366,1782.273912,24257,0.0,0.0,132811.48263117205,0.0
71.5,1786.982857,1782.980254,24257,0.0,0.0,132864.11782244826,0.0
71.51,1786.982857,1783.580644,24257,0.0,0.0,132908.8576828704,0.0
71.52,1778.335962,1782.793942,24257,0.0,0.0,132850.2342253281,0.0
71.53,1778.335962,1782.125245,24258,0.0,0.0,132800.40426406174,0.0
71.54,1768.974485,1780.152631,24259,0.0,0.0,132653.40901925953,0.0
71.55,1768.974485,1778.475909,24259,0.0,0.0,132528.46305372586,0.0
71.56,1768.974485,1777.050695,24259,0.0,0.0,132422.25896066683,0.0
71.57000000000001,1768.974485,1775.839264,24259,0.0,0.0,132331.9855486329,0.0
71.58,1768.974485,1774.809547,24259,0.0,0.0,132255.25309996732,0.0
71.59,1790.865464,1777.217935,24259,0.0,0.0,132434.72135054177,0.0
71.60000000000001,1851.476036,1788.35665,24260,0.0,0.0,133264.75608526779,0.0
71.61,1851.476036,1797.824558,24260,0.0,0.0,133970.28562841445,0.0
71.62,1746.046083,1790.057787,24260,0.0,0.0,133391.52140770652,0.0
71.63,1746.046083,1783.456031,24261,0.0,0.0,132899.57177166804,0.0
71.64,1779.333844,1782.837703,24262,0.0,0.0,132853.49520740964,0.0
71.65,1779.333844,1782.312124,24262,0.0,0.0,132814.33011288638,0.0
71.66,1779.333844,1781.865382,24262,0.0,0.0,132781.0397937193,0.0
71.67,1779.333844,1781.485651,24262,0.0,0.0,132752.7430000719,0.0
71.68,1779.333844,1781.16288,24262,0.0,0.0,132728.6907515529,0.0
71.69,1841.907155,1790.274521,24262,0.0,0.0,133407.6719913417,0.0
71.7,1841.907155,1798.019416,24263,0.0,0.0,133984.80605633988,0.0
71.71000000000001,1784.202079,1795.946816,24263,0.0,0.0,133830.36005505576,0.0
71.72,1775.300972,1792.849939,24263,0.0,0.0,133599.58698301163,0.0
71.73,1775.300972,1790.217594,24264,0.0,0.0,133403.4299053072,0.0
71.74,1767.883841,1786.867531,24265,0.0,0.0,133153.7899195889,0.0
71.75,1767.883841,1784.019978,24265,0.0,0.0,132941.5959727132,0.0
71.76,1767.883841,1781.599557,24265,0.0,0.0,132761.23104707673,0.0
71.77,1767.883841,1779.5422,24265,0.0,0.0,132607.9209236261,0.0
71.78,1767.883841,1777.793446,24265,0.0,0.0,132477.60727770813,0.0
71.79,1837.946402,1786.816389,24265,0.0,0.0,133149.978920169,0.0
71.8,1792.964626,1787.738625,24266,0.0,0.0,133218.7020999626,0.0
71.81,1792.964626,1788.522525,24266,0.0,0.0,133277.1167580764,0.0
71.82000000000001,1778.327781,1786.993313,24266,0.0,0.0,133163.16294233012,0.0
71.83,1778.327781,1785.693484,24267,0.0,0.0,133066.3022883674,0.0
71.84,1766.795959,1782.858855,24268,0.0,0.0,132855.07141208934,0.0
71.85000000000001,1766.795959,1780.449421,24268,0.0,0.0,132675.52521568967,0.0
71.86,1766.795959,1778.401401,24268,0.0,0.0,132522.91086678015,0.0
71.87,1766.795959,1776.660585,24268,0.0,0.0,132393.18874472508,0.0
71.88,1766.795959,1775.180891,24268,0.0,0.0,132282.92491117102,0.0
71.89,1838.163833,1784.628332,24268,0.0,0.0,132986.92929446616,0.0
71.9,1787.095436,1784.998398,24269,0.0,0.0,133014.50587166927,0.0
71.91,1781.143666,1784.420188,24269,0.0,0.0,132971.4188204281,0.0
71.92,1775.360266,1783.0612,24269,0.0,0.0,132870.14975626083,0.0
71.93,1775.360266,1781.90606,24270,0.0,0.0,132784.07103681506,0.0
71.94,1766.679796,1779.62212,24271,0.0,0.0,132613.87640197342,0.0
71.95,1766.679796,1777.680772,24271,0.0,0.0,132469.211036876,0.0
71.96000000000001,1766.679796,1776.030625,24271,0.0,0.0,132346.24538712163,0.0
71.97,1766.679796,1774.628001,24271,0.0,0.0,132241.72465562247,0.0
71.98,1766.679796,1773.43577,24271,0.0,0.0,132152.8819891374,0.0
71.99,1843.819502,1783.99333,24271,0.0,0.0,132939.61021712012,0.0
72.0,1781.14705,1783.566388,24272,0.0,0.0,132907.79535430035,0.0
72.01,1781.14705,1783.203487,24272,0.0,0.0,132880.75269854817,0.0
72.02,1781.273958,1782.914058,24272,0.0,0.0,132859.18502909644,0.0
72.03,1781.202976,1782.657396,24273,0.0,0.0,132840.05909086348,0.0
72.04,1759.987513,1779.256913,24275,0.0,0.0,132586.66190771933,0.0
72.05,1759.987513,1776.366503,24275,0.0,0.0,132371.27434303172,0.0
72.06,1759.987513,1773.909655,24275,0.0,0.0,132188.19495030624,0.0
72.07000000000001,1759.987513,1771.821333,24275,0.0,0.0,132032.577377068,0.0
72.08,1759.987513,1770.04626,24275,0.0,0.0,131900.30249197804,0.0
72.09,1759.987513,1768.537448,24275,0.0,0.0,131787.8688433775,0.0
72.10000000000001,1759.987513,1767.254958,24275,0.0,0.0,131692.3002569707,0.0
72.11,1759.987513,1766.164841,24275,0.0,0.0,131611.06692126585,0.0
72.12,1898.027834,1785.94429,24275,0.0,0.0,133084.99184920793,0.0
72.13,1898.027834,1802.756822,24276,0.0,0.0,134337.82806404,0.0
72.14,1768.701287,1797.648491,24277,0.0,0.0,133957.16546817703,0.0
72.15,1768.701287,1793.306411,24277,0.0,0.0,133633.6023622928,0.0
72.16,1768.701287,1789.615642,24277,0.0,0.0,133358.5736477732,0.0
72.17,1768.701287,1786.478489,24277,0.0,0.0,133124.79928886826,0.0
72.18,1768.701287,1783.811909,24277,0.0,0.0,132926.09108752492,0.0
72.19,1768.701287,1781.545315,24277,0.0,0.0,132757.18904186512,0.0
72.2,1708.40578,1770.574385,24278,0.0,0.0,131939.65730932256,0.0
72.21000000000001,1708.40578,1761.249094,24278,0.0,0.0,131244.7552994023,0.0
72.22,1780.687036,1764.164785,24278,0.0,0.0,131462.0267535807,0.0
72.23,1780.687036,1766.643123,24278,0.0,0.0,131646.707538069,0.0
72.24,1785.226415,1769.430617,24280,0.0,0.0,131854.42600854248,0.0
72.25,1785.226415,1771.799986,24280,0.0,0.0,132030.98664137878,0.0
72.26,1785.226415,1773.813951,24280,0.0,0.0,132181.06327988894,0.0
72.27,1785.226415,1775.52582,24280,0.0,0.0,132308.6283294751,0.0
72.28,1785.226415,1776.980909,24280,0.0,0.0,132417.0586477046,0.0
72.29,1785.226415,1778.217735,24280,0.0,0.0,132509.22444428093,0.0
72.3,1785.226415,1779.269037,24281,0.0,0.0,132587.56536391907,0.0
72.31,1763.836505,1776.954157,24281,0.0,0.0,132415.06514223976,0.0
72.32000000000001,1763.836505,1774.98651,24281,0.0,0.0,132268.44002833034,0.0
72.33,1834.024357,1783.842187,24281,0.0,0.0,132928.34734344835,0.0
72.34,1771.30163,1781.961103,24283,0.0,0.0,132788.17273094258,0.0
72.35000000000001,1771.30163,1780.362182,24283,0.0,0.0,132669.02434011985,0.0
72.36,1771.30163,1779.003099,24283,0.0,0.0,132567.74819674282,0.0
72.37,1771.30163,1777.847879,24283,0.0,0.0,132481.66351585728,0.0
72.38,1771.30163,1776.865942,24283,0.0,0.0,132408.49153710454,0.0
72.39,1771.30163,1776.031295,24283,0.0,0.0,132346.29531417982,0.0
72.4,1868.094224,1789.840734,24284,0.0,0.0,133375.34705283016,0.0
72.41,1868.094224,1801.578758,24284,0.0,0.0,134250.04109402324,0.0
72.42,1737.321626,1791.940188,24284,0.0,0.0,133531.79416041478,0.0
72.43,1845.6066,1799.99015,24284,0.0,0.0,134131.6612073071,0.0
72.44,1763.192093,1794.470441,24286,0.0,0.0,133720.34354673492,0.0
72.45,1763.192093,1789.778689,24286,0.0,0.0,133370.72358368526,0.0
72.46000000000001,1763.192093,1785.7907,24286,0.0,0.0,133073.54662999668,0.0
72.47,1763.192093,1782.400909,24286,0.0,0.0,132820.94619328008,0.0
72.48,1763.192093,1779.519587,24286,0.0,0.0,132606.23584815228,0.0
72.49,1763.192093,1777.070463,24286,0.0,0.0,132423.73203243822,0.0
72.5,1763.192093,1774.988707,24286,0.0,0.0,132268.6037443705,0.0
72.51,1838.614457,1784.53257,24287,0.0,0.0,132979.793302005,0.0
72.52,1838.614457,1792.644853,24287,0.0,0.0,133584.30438500945,0.0
72.53,1754.864211,1786.977757,24287,0.0,0.0,133162.00374036352,0.0
72.54,1789.121487,1787.299316,24289,0.0,0.0,133185.96567306976,0.0
72.55,1789.121487,1787.572642,24289,0.0,0.0,133206.33337921032,0.0
72.56,1789.121487,1787.804968,24289,0.0,0.0,133223.64584746,0.0
72.57000000000001,1789.121487,1788.002446,24289,0.0,0.0,133238.36151253848,0.0
72.58,1789.121487,1788.170302,24289,0.0,0.0,133250.86980549977,0.0
72.59,1789.121487,1788.31298,24289,0.0,0.0,133261.50188432404,0.0
72.60000000000001,1789.121487,1788.434256,24289,0.0,0.0,133270.53912896928,0.0
72.61,1793.118921,1789.136956,24290,0.0,0.0,133322.90292569916,0.0
72.62,1646.425598,1767.730252,24290,0.0,0.0,131727.71821399775,0.0
72.63,1845.668242,1779.420951,24290,0.0,0.0,132598.8856909668,0.0
72.64,1777.755806,1779.171179,24292,0.0,0.0,132580.2731817355,0.0
72.65,1777.755806,1778.958873,24292,0.0,0.0,132564.45256379255,0.0
72.66,1777.755806,1778.778413,24292,0.0,0.0,132551.00504599282,0.0
72.67,1777.755806,1778.625022,24292,0.0,0.0,132539.57465586302,0.0
72.68,1777.755806,1778.494639,24292,0.0,0.0,132529.858775816,0.0
72.69,1777.755806,1778.383814,24292,0.0,0.0,132521.60031876096,0.0
72.7,1777.755806,1778.289613,24292,0.0,0.0,132514.58064889367,0.0
72.71000000000001,1792.569,1780.431521,24293,0.0,0.0,132674.1913435373,0.0
72.72,1837.806438,1789.037759,24293,0.0,0.0,133315.51096391716,0.0
72.73,1837.806438,1796.353061,24293,0.0,0.0,133860.6326188846,0.0
72.74,1776.979173,1793.446978,24295,0.0,0.0,133644.0771336247,0.0
72.75,1776.979173,1790.976807,24295,0.0,0.0,133460.00493762066,0.0
72.76,1776.979173,1788.877162,24295,0.0,0.0,133303.54359709853,0.0
72.77,1776.979173,1787.092464,24295,0.0,0.0,133170.55147628425,0.0
72.78,1776.979173,1785.57547,24295,0.0,0.0,133057.50812142948,0.0
72.79,1776.979173,1784.286025,24295,0.0,0.0,132961.42126235116,0.0
72.8,1776.979173,1783.189998,24295,0.0,0.0,132879.74752528206,0.0
72.81,1750.221632,1778.244743,24296,0.0,0.0,132511.23702635308,0.0
72.82000000000001,1750.221632,1774.041276,24296,0.0,0.0,132198.00308363393,0.0
72.83,1755.055949,1771.193477,24296,0.0,0.0,131985.7908053309,0.0
72.84,1775.940614,1771.905548,24298,0.0,0.0,132038.85291021384,0.0
72.85000000000001,1775.940614,1772.510808,24298,0.0,0.0,132083.95567328302,0.0
72.86,1775.940614,1773.025279,24298,0.0,0.0,132122.29302189185,0.0
72.87,1775.940614,1773.462579,24298,0.0,0.0,132154.87974212805,0.0
72.88,1775.940614,1773.834284,24298,0.0,0.0,132182.57845432882,0.0
72.89,1775.940614,1774.150234,24298,0.0,0.0,132206.12241558798,0.0
72.9,1775.940614,1774.418791,24298,0.0,0.0,132226.13474539923,0.0
72.91,1875.309419,1789.552385,24299,0.0,0.0,133353.85986281553,0.0
72.92,1875.309419,1802.41594,24299,0.0,0.0,134312.42622007118,0.0
72.93,1755.00224,1795.303885,24299,0.0,0.0,133782.45012450885,0.0
72.94,1781.811271,1793.279993,24301,0.0,0.0,133631.63374583912,0.0
72.95,1781.811271,1791.559685,24301,0.0,0.0,133503.43983887346,0.0
72.96000000000001,1781.811271,1790.097423,24301,0.0,0.0,133394.475003049,0.0
72.97,1781.811271,1788.8545,24301,0.0,0.0,133301.85487024285,0.0
72.98,1781.811271,1787.798015,24301,0.0,0.0,133223.12772382452,0.0
72.99,1781.811271,1786.900004,24301,0.0,0.0,133156.20974251645,0.0
73.0,1637.712819,1764.521926,24301,0.0,0.0,131488.6401856682,0.0
73.01,1637.712819,1745.50056,24302,0.0,0.0,130071.2060847026,0.0
73.02,1839.945131,1759.667246,24302,0.0,0.0,131126.8791543482,0.0
73.03,1844.356745,1772.37067,24302,0.0,0.0,132073.512870172,0.0
73.04,1767.839059,1771.690929,24306,0.0,0.0,132022.85993214304,0.0
73.05,1767.839059,1771.113148,24306,0.0,0.0,131979.80484912268,0.0
73.06,1767.839059,1770.622035,24306,0.0,0.0,131943.20809189574,0.0
73.07000000000001,1767.839059,1770.204588,24306,0.0,0.0,131912.10077746067,0.0
73.08,1767.839059,1769.849759,24306,0.0,0.0,131885.659630983,0.0
73.09,1767.839059,1769.548154,24306,0.0,0.0,131863.1846303957,0.0
73.10000000000001,1767.839059,1769.29179,24306,0.0,0.0,131844.08089852595,0.0
73.11,1767.839059,1769.07388,24306,0.0,0.0,131827.8426817259,0.0
73.12,1767.839059,1768.888657,24306,0.0,0.0,131814.04023470482,0.0
73.13,1767.839059,1768.731217,24306,0.0,0.0,131802.30812120385,0.0
73.14,1798.332333,1773.171384,24307,0.0,0.0,132133.18047389304,0.0
73.15,1798.332333,1776.945527,24307,0.0,0.0,132414.42205192274,0.0
73.16,1798.332333,1780.153548,24307,0.0,0.0,132653.4773522631,0.0
73.17,1798.332333,1782.880365,24307,0.0,0.0,132856.67429421208,0.0
73.18,1798.332333,1785.19816,24307,0.0,0.0,133029.39173585363,0.0
73.19,1798.332333,1787.168286,24307,0.0,0.0,133176.20157987849,0.0
73.2,1798.332333,1788.842893,24307,0.0,0.0,133300.98993984776,0.0
73.21000000000001,1788.185135,1788.744229,24308,0.0,0.0,133293.63769615834,0.0
73.22,1781.15364,1787.605641,24308,0.0,0.0,133208.7923986045,0.0
73.23,1775.383168,1785.77227,24308,0.0,0.0,133072.17326330574,0.0
73.24,1767.643194,1783.052909,24310,0.0,0.0,132869.53192754491,0.0
73.25,1767.643194,1780.741451,24310,0.0,0.0,132697.2867064525,0.0
73.26,1767.643194,1778.776713,24310,0.0,0.0,132550.8783653973,0.0
73.27,1767.643194,1777.106685,24310,0.0,0.0,132426.43122333786,0.0
73.28,1767.643194,1775.687161,24310,0.0,0.0,132320.6511376837,0.0
73.29,1855.606537,1787.675068,24310,0.0,0.0,133213.96595960573,0.0
73.3,1751.858349,1782.30256,24310,0.0,0.0,132813.61742275982,0.0
73.31,1751.858349,1777.735928,24311,0.0,0.0,132473.3211515372,0.0
73.32000000000001,1781.290435,1778.269104,24311,0.0,0.0,132513.05235928623,0.0
73.33,1781.290435,1778.722304,24311,0.0,0.0,132546.8239156801,0.0
73.34,1767.775862,1777.080338,24313,0.0,0.0,132424.46789766196,0.0
73.35000000000001,1767.775862,1775.684666,24313,0.0,0.0,132320.46521528033,0.0
73.36,1767.775862,1774.498346,24313,0.0,0.0,132232.06302467754,0.0
73.37,1767.775862,1773.489973,24313,0.0,0.0,132156.92108814715,0.0
73.38,1767.775862,1772.632857,24313,0.0,0.0,132093.05052034024,0.0
73.39,1842.445829,1783.104803,24313,0.0,0.0,132873.39896449877,0.0
73.4,1775.386719,1781.94709,24313,0.0,0.0,132787.12851024588,0.0
73.41,1775.386719,1780.963034,24314,0.0,0.0,132713.79862785677,0.0
73.42,1781.244211,1781.005211,24314,0.0,0.0,132716.94157343052,0.0
73.43,1781.244211,1781.041061,24314,0.0,0.0,132719.6130436351,0.0
73.44,1767.378828,1778.991726,24315,0.0,0.0,132566.9007035591,0.0
73.45,1767.378828,1777.249791,24315,0.0,0.0,132437.095195865,0.0
73.46000000000001,1767.378828,1775.769147,24315,0.0,0.0,132326.7605702135,0.0
73.47,1767.378828,1774.510599,24315,0.0,0.0,132232.9760936989,0.0
73.48,1767.378828,1773.440834,24316,0.0,0.0,132153.25934827593,0.0
73.49,1839.783059,1783.392167,24316,0.0,0.0,132894.81275428602,0.0
73.5,1775.379973,1782.190338,24316,0.0,0.0,132805.2548640625,0.0
73.51,1781.222747,1782.0452,24316,0.0,0.0,132794.43947096477,0.0
73.52,1781.236106,1781.923836,24317,0.0,0.0,132785.39566873573,0.0
73.53,1786.933183,1782.675238,24317,0.0,0.0,132841.388640972,0.0
73.54,1754.47926,1778.445841,24318,0.0,0.0,132526.2224465819,0.0
73.55,1754.47926,1774.850854,24318,0.0,0.0,132258.33121488336,0.0
73.56,1754.47926,1771.795115,24318,0.0,0.0,132030.62366421375,0.0
73.57000000000001,1754.47926,1769.197737,24318,0.0,0.0,131837.07225732226,0.0
73.58,1754.47926,1766.989965,24319,0.0,0.0,131672.5535093019,0.0
73.59,1875.160419,1783.215533,24319,0.0,0.0,132881.65034234407,0.0
73.60000000000001,1875.160419,1797.007266,24319,0.0,0.0,133909.38266533354,0.0
73.61,1778.390381,1794.214733,24319,0.0,0.0,133701.28869867144,0.0
73.62,1787.085428,1793.145337,24320,0.0,0.0,133621.59945038945,0.0
73.63,1787.085428,1792.236351,24320,0.0,0.0,133553.8636340606,0.0
73.64,1762.510753,1787.777511,24321,0.0,0.0,133221.5998068071,0.0
73.65,1762.510753,1783.987497,24321,0.0,0.0,132939.17555364163,0.0
73.66,1762.510753,1780.765986,24321,0.0,0.0,132699.1150055172,0.0
73.67,1762.510753,1778.027701,24321,0.0,0.0,132495.0634911747,0.0
73.68,1762.510753,1775.700159,24322,0.0,0.0,132321.6197226131,0.0
73.69,1858.208552,1788.076418,24322,0.0,0.0,133243.87375783763,0.0
73.7,1797.898432,1789.54972,24322,0.0,0.0,133353.66127235262,0.0
73.71000000000001,1797.898432,1790.802026,24322,0.0,0.0,133446.98060752783,0.0
73.72,1781.688028,1789.434927,24323,0.0,0.0,133345.10712788417,0.0
73.73,1781.688028,1788.272892,24323,0.0,0.0,133258.51460684673,0.0
73.74,1767.065896,1785.091842,24324,0.0,0.0,133021.46913141257,0.0
73.75,1767.065896,1782.38795,24324,0.0,0.0,132819.9805145526,0.0
73.76,1767.065896,1780.089642,24324,0.0,0.0,132648.71520512516,0.0
73.77,1767.065896,1778.13608,24324,0.0,0.0,132503.13967720824,0.0
73.78,1767.065896,1776.475553,24324,0.0,0.0,132379.40053064152,0.0
73.79,1856.14242,1788.425583,24325,0.0,0.0,133269.89283437835,0.0
73.8,1786.953017,1788.204698,24325,0.0,0.0,133253.43292653622,0.0
73.81,1786.953017,1788.016946,24325,0.0,0.0,133239.44202349987,0.0
73.82000000000001,1778.026494,1786.518378,24326,0.0,0.0,133127.77173726406,0.0
73.83,1785.111835,1786.307396,24326,0.0,0.0,133112.04978114957,0.0
73.84,1767.848278,1783.538529,24327,0.0,0.0,132905.71935741248,0.0
73.85000000000001,1767.848278,1781.184991,24327,0.0,0.0,132730.3384189921,0.0
73.86,1767.848278,1779.184484,24327,0.0,0.0,132581.26464369008,0.0
73.87,1767.848278,1777.484053,24327,0.0,0.0,132454.55193095753,0.0
73.88,1767.848278,1776.038687,24327,0.0,0.0,132346.84615121613,0.0
73.89,1698.890329,1764.466433,24328,0.0,0.0,131484.50495844192,0.0
73.9,1781.005112,1766.947235,24328,0.0,0.0,131669.36935527564,0.0
73.91,1781.005112,1769.055917,24328,0.0,0.0,131826.5041149397,0.0
73.92,1790.016687,1772.200032,24329,0.0,0.0,132060.79726814214,0.0
73.93,1790.016687,1774.87253,24329,0.0,0.0,132259.9464669937,0.0
73.94,1799.988048,1778.639858,24330,0.0,0.0,132540.68020487155,0.0
73.95,1799.988048,1781.842086,24330,0.0,0.0,132779.30382245334,0.0
73.96000000000001,1799.988048,1784.563981,24330,0.0,0.0,132982.13398681942,0.0
73.97,1799.988048,1786.877591,24330,0.0,0.0,133154.53957064208,0.0
73.98,1799.988048,1788.844159,24330,0.0,0.0,133301.0842796324,0.0
73.99,1696.150595,1774.940124,24331,0.0,0.0,132264.9834365058,0.0
74.0,1804.39591,1779.358492,24331,0.0,0.0,132594.23137137102,0.0
74.01,1804.39591,1783.114105,24331,0.0,0.0,132874.09213091002,0.0
74.02,1778.301463,1782.392209,24332,0.0,0.0,132820.29788670325,0.0
74.03,1778.301463,1781.778597,24332,0.0,0.0,132774.57274932027,0.0
74.04,1780.714873,1781.619038,24334,0.0,0.0,132762.68273218293,0.0
74.05,1780.714873,1781.483413,24334,0.0,0.0,132752.57622879386,0.0
74.06,1780.714873,1781.368132,24334,0.0,0.0,132743.98571954266,0.0
74.07000000000001,1780.714873,1781.270143,24334,0.0,0.0,132736.68377550144,0.0
74.08,1780.714873,1781.186853,24334,0.0,0.0,132730.4771715031,0.0
74.09,1780.714873,1781.116056,24334,0.0,0.0,132725.20152084553,0.0
74.10000000000001,1780.714873,1781.055878,24334,0.0,0.0,132720.71717680167,0.0
74.11,1780.714873,1781.004728,24334,0.0,0.0,132716.90558123778,0.0
74.12,1802.820584,1784.277106,24335,0.0,0.0,132960.7566363329,0.0
74.13,1787.016093,1784.687954,24335,0.0,0.0,132991.37220650347,0.0
74.14,1768.148776,1782.207077,24336,0.0,0.0,132806.50222081994,0.0
74.15,1768.148776,1780.098332,24336,0.0,0.0,132649.36276652204,0.0
74.16,1768.148776,1778.305899,24336,0.0,0.0,132515.7942489983,0.0
74.17,1768.148776,1776.78233,24336,0.0,0.0,132402.26093831108,0.0
74.18,1768.148776,1775.487297,24336,0.0,0.0,132305.75767266357,0.0
74.19,1839.88299,1785.146651,24337,0.0,0.0,133025.55338832873,0.0
74.2,1839.88299,1793.357102,24337,0.0,0.0,133637.37975409586,0.0
74.21000000000001,1781.232722,1791.538445,24337,0.0,0.0,133501.85707660997,0.0
74.22,1781.232722,1789.992587,24338,0.0,0.0,133386.66283428002,0.0
74.23,1784.206986,1789.124746,24338,0.0,0.0,133321.99306095165,0.0
74.24,1762.56049,1785.140108,24339,0.0,0.0,133025.06581707214,0.0
74.25,1762.56049,1781.753165,24339,0.0,0.0,132772.677607612,0.0
74.26,1762.56049,1778.874264,24339,0.0,0.0,132558.1476705557,0.0
74.27,1762.56049,1776.427198,24339,0.0,0.0,132375.7972128802,0.0
74.28,1762.56049,1774.347192,24339,0.0,0.0,132220.7993313078,0.0
74.29,1847.433707,1785.310169,24340,0.0,0.0,133037.73842221755,0.0
74.3,1787.078816,1785.575466,24340,0.0,0.0,133057.5078233575,0.0
74.31,1787.078816,1785.800969,24340,0.0,0.0,133074.31185531133,0.0
74.32000000000001,1775.379973,1784.237819,24341,0.0,0.0,132957.82904777143,0.0
74.33,1775.379973,1782.909142,24341,0.0,0.0,132858.81869862147,0.0
74.34,1766.247888,1780.409954,24342,0.0,0.0,132672.5842138887,0.0
74.35000000000001,1766.247888,1778.285644,24342,0.0,0.0,132514.28488696224,0.0
74.36,1766.247888,1776.479981,24342,0.0,0.0,132379.7304963337,0.0
74.37,1766.247888,1774.945167,24342,0.0,0.0,132265.3592307664,0.0
74.38,1766.247888,1773.640575,24342,0.0,0.0,132168.14364758233,0.0
74.39,1850.220572,1785.127575,24343,0.0,0.0,133024.1318830115,0.0
74.4,1850.220572,1794.891524,24343,0.0,0.0,133751.72180860824,0.0
74.41,1781.255878,1792.846177,24343,0.0,0.0,133599.30664630563,0.0
74.42,1775.34056,1790.220335,24343,0.0,0.0,133403.6341591379,0.0
74.43,1775.34056,1787.988369,24344,0.0,0.0,133237.31252268993,0.0
74.44,1768.841626,1785.116357,24345,0.0,0.0,133023.29594011736,0.0
74.45,1768.841626,1782.675147,24345,0.0,0.0,132841.38185983425,0.0
74.46000000000001,1768.841626,1780.600119,24345,0.0,0.0,132686.7549288526,0.0
74.47,1768.841626,1778.836345,24345,0.0,0.0,132555.32202261462,0.0
74.48,1768.841626,1777.337137,24345,0.0,0.0,132443.60404486052,0.0
74.49,1833.010817,1785.688189,24346,0.0,0.0,133065.90771557152,0.0
74.5,1833.010817,1792.786584,24346,0.0,0.0,133594.86589529022,0.0
74.51,1781.277254,1791.060184,24346,0.0,0.0,133466.2180246848,0.0
74.52,1781.219541,1789.584088,24346,0.0,0.0,133356.2223068852,0.0
74.53,1780.879755,1788.278438,24347,0.0,0.0,133258.92788365996,0.0
74.54,1757.939064,1783.727532,24348,0.0,0.0,132919.8034824635,0.0
74.55,1757.939064,1779.859262,24348,0.0,0.0,132631.5477488983,0.0
74.56,1757.939064,1776.571232,24348,0.0,0.0,132386.5303381089,0.0
74.57000000000001,1757.939064,1773.776407,24348,0.0,0.0,132178.26557619683,0.0
74.58,1757.939064,1771.400805,24348,0.0,0.0,132001.24047268313,0.0
74.59,1866.30632,1785.636633,24349,0.0,0.0,133062.06586570072,0.0
74.60000000000001,1787.049151,1785.84851,24349,0.0,0.0,133077.85451542286,0.0
74.61,1787.049151,1786.028607,24349,0.0,0.0,133091.27498318953,0.0
74.62,1775.396395,1784.433775,24349,0.0,0.0,132972.43129645791,0.0
74.63,1792.954586,1785.711896,24350,0.0,0.0,133067.6743137344,0.0
74.64,1766.346141,1782.807033,24351,0.0,0.0,132851.20974043125,0.0
74.65,1766.346141,1780.337899,24351,0.0,0.0,132667.2148195905,0.0
74.66,1766.346141,1778.239136,24351,0.0,0.0,132510.819203942,0.0
74.67,1766.346141,1776.455187,24351,0.0,0.0,132377.88289710772,0.0
74.68,1766.346141,1774.93883,24351,0.0,0.0,132264.88701021727,0.0
74.69,1832.556543,1783.581487,24351,0.0,0.0,132908.92050154216,0.0
74.7,1832.556543,1790.927745,24352,0.0,0.0,133456.34893563524,0.0
74.71000000000001,1784.193783,1789.917651,24352,0.0,0.0,133381.07875363145,0.0
74.72,1769.500992,1786.855152,24352,0.0,0.0,133152.86746129981,0.0
74.73,1787.038966,1786.882724,24353,0.0,0.0,133154.92207152242,0.0
74.74,1767.358512,1783.954092,24354,0.0,0.0,132936.68627994054,0.0
74.75,1767.358512,1781.464755,24354,0.0,0.0,132751.1858719995,0.0
74.76,1767.358512,1779.348819,24354,0.0,0.0,132593.51055878276,0.0
74.77,1767.358512,1777.550272,24354,0.0,0.0,132459.4864382233,0.0
74.78,1767.358512,1776.021508,24354,0.0,0.0,132345.56600653986,0.0
74.79,1828.761918,1783.93257,24354,0.0,0.0,132935.08250360182,0.0
74.8,1781.219541,1783.525615,24355,0.0,0.0,132904.75703199487,0.0
74.81,1780.942431,1783.138138,24355,0.0,0.0,132875.88302194007,0.0
74.82000000000001,1780.942431,1782.808782,24355,0.0,0.0,132851.3400724086,0.0
74.83,1778.499052,1782.162322,24356,0.0,0.0,132803.16716784905,0.0
74.84,1765.357321,1779.641572,24357,0.0,0.0,132615.32592605765,0.0
74.85000000000001,1765.357321,1777.498934,24357,0.0,0.0,132455.66083327594,0.0
74.86,1765.357321,1775.677692,24357,0.0,0.0,132319.94552676688,0.0
74.87,1765.357321,1774.129637,24357,0.0,0.0,132204.58756839682,0.0
74.88,1765.357321,1772.813789,24357,0.0,0.0,132106.53321063472,0.0
74.89,1841.247244,1783.078807,24357,0.0,0.0,132871.46179463997,0.0
74.9,1781.226132,1782.800906,24358,0.0,0.0,132850.75316866155,0.0
74.91,1780.619483,1782.473693,24358,0.0,0.0,132826.3699111984,0.0
74.92,1797.981456,1784.799857,24358,0.0,0.0,132999.71099395968,0.0
74.93,1797.981456,1786.777097,24359,0.0,0.0,133147.05095901756,0.0
74.94,1775.073263,1785.021522,24360,0.0,0.0,133016.22902583974,0.0
74.95,1775.073263,1783.529283,24360,0.0,0.0,132905.0303640091,0.0
74.96000000000001,1775.073263,1782.26088,24360,0.0,0.0,132810.51151263076,0.0
74.97,1775.073263,1781.182738,24360,0.0,0.0,132730.17052994407,0.0
74.98,1775.073263,1780.266316,24360,0.0,0.0,132661.88059778698,0.0
74.99,1824.287259,1786.869458,24360,0.0,0.0,133153.93351576975,0.0
75.0,1781.008495,1785.990313,24361,0.0,0.0,133088.42139099943,0.0
75.01,1786.585905,1786.079652,24361,0.0,0.0,133095.0787543637,0.0
75.02,1767.461906,1783.28699,24361,0.0,0.0,132886.97517487992,0.0
75.03,1767.461906,1780.913228,24362,0.0,0.0,132710.0871844813,0.0
75.04,1780.575042,1780.8625,24364,0.0,0.0,132706.30703551232,0.0
75.05,1780.575042,1780.819381,24364,0.0,0.0,132703.09389398506,0.0
75.06,1780.575042,1780.78273,24364,0.0,0.0,132700.3627348646,0.0
75.07000000000001,1780.575042,1780.751577,24364,0.0,0.0,132698.04127569354,0.0
75.08,1780.575042,1780.725097,24364,0.0,0.0,132696.06803912402,0.0
75.09,1780.575042,1780.702588,24364,0.0,0.0,132694.39071352192,0.0
75.10000000000001,1780.575042,1780.683456,24364,0.0,0.0,132692.9650351968,0.0
75.11,1780.575042,1780.667194,24364,0.0,0.0,132691.75322352414,0.0
75.12,1697.093839,1768.131191,24364,0.0,0.0,131757.5953853327,0.0
75.13,1781.199592,1770.091451,24365,0.0,0.0,131903.6700347958,0.0
75.14,1805.795825,1775.447107,24366,0.0,0.0,132302.76279435054,0.0
75.15,1805.795825,1779.999415,24366,0.0,0.0,132641.9916697793,0.0
75.16,1805.795825,1783.868877,24366,0.0,0.0,132930.33622879733,0.0
75.17,1805.795825,1787.157919,24366,0.0,0.0,133175.42905180005,0.0
75.18,1805.795825,1789.953605,24366,0.0,0.0,133383.75797370778,0.0
75.19,1702.14368,1776.782116,24366,0.0,0.0,132402.24499145962,0.0
75.2,1781.113923,1777.431887,24367,0.0,0.0,132450.66462510836,0.0
75.21000000000001,1781.113923,1777.984193,24367,0.0,0.0,132491.8213621465,0.0
75.22,1781.308605,1778.482854,24367,0.0,0.0,132528.9805812174,0.0
75.23,1798.680813,1781.512548,24368,0.0,0.0,132754.74731064631,0.0
75.24,1770.772162,1779.90149,24369,0.0,0.0,132634.6944948899,0.0
75.25,1770.772162,1778.532091,24369,0.0,0.0,132532.64962385237,0.0
75.26,1770.772162,1777.368102,24369,0.0,0.0,132445.91149464814,0.0
75.27,1770.772162,1776.378711,24369,0.0,0.0,132372.18405874324,0.0
75.28,1770.772162,1775.537729,24369,0.0,0.0,132309.51576430534,0.0
75.29,1820.419212,1782.269951,24369,0.0,0.0,132811.1874653846,0.0
75.3,1820.419212,1787.99234,24370,0.0,0.0,133237.60843365735,0.0
75.31,1784.226791,1787.427508,24370,0.0,0.0,133195.5182841846,0.0
75.32000000000001,1798.557622,1789.097025,24370,0.0,0.0,133319.9273475474,0.0
75.33,1798.557622,1790.516114,24370,0.0,0.0,133425.67501787274,0.0
75.34,1769.35633,1787.342147,24372,0.0,0.0,133189.15735341376,0.0
75.35000000000001,1769.35633,1784.644274,24372,0.0,0.0,132988.11726037972,0.0
75.36,1769.35633,1782.351083,24372,0.0,0.0,132817.2332595447,0.0
75.37,1769.35633,1780.40187,24372,0.0,0.0,132671.98181039823,0.0
75.38,1769.35633,1778.745039,24372,0.0,0.0,132548.51808234962,0.0
75.39,1830.937495,1786.573907,24372,0.0,0.0,133131.9096471383,0.0
75.4,1804.399337,1789.247722,24373,0.0,0.0,133331.1569861924,0.0
75.41,1804.399337,1791.520464,24373,0.0,0.0,133500.5171684998,0.0
75.42,1781.354744,1789.995606,24373,0.0,0.0,133386.88780411397,0.0
75.43,1781.354744,1788.699477,24373,0.0,0.0,133290.3028667414,0.0
75.44,1771.333567,1786.09459,24375,0.0,0.0,133096.19190420792,0.0
75.45,1771.333567,1783.880437,24375,0.0,0.0,132931.19765684655,0.0
75.46000000000001,1771.333567,1781.998406,24375,0.0,0.0,132790.9524757973,0.0
75.47,1771.333567,1780.39868,24375,0.0,0.0,132671.7440979867,0.0
75.48,1771.333567,1779.038913,24375,0.0,0.0,132570.41698429955,0.0
75.49,1826.208745,1786.114388,24375,0.0,0.0,133097.66721151923,0.0
75.5,1781.209567,1785.378665,24376,0.0,0.0,133042.84260696324,0.0
75.51,1781.209567,1784.7533,24376,0.0,0.0,132996.24165955756,0.0
75.52,1781.330071,1784.239816,24376,0.0,0.0,132957.97786021212,0.0
75.53,1775.314286,1782.900986,24376,0.0,0.0,132858.21092983522,0.0
75.54,1767.880058,1780.647847,24378,0.0,0.0,132690.3115238296,0.0
75.55,1767.880058,1778.732679,24378,0.0,0.0,132547.5970399025,0.0
75.56,1767.880058,1777.104786,24378,0.0,0.0,132426.2897136609,0.0
75.57000000000001,1767.880058,1775.721076,24378,0.0,0.0,132323.17841556342,0.0
75.58,1767.880058,1774.544924,24378,0.0,0.0,132235.53392395758,0.0
75.59,1836.180449,1783.790252,24378,0.0,0.0,132924.47725125658,0.0
75.60000000000001,1775.284641,1782.514411,24378,0.0,0.0,132829.40413501402,0.0
75.61,1775.284641,1781.429945,24379,0.0,0.0,132748.59190051217,0.0
75.62,1784.248292,1781.852697,24379,0.0,0.0,132780.09453292307,0.0
75.63,1784.248292,1782.212036,24379,0.0,0.0,132806.87175556875,0.0
75.64,1768.847884,1780.207414,24381,0.0,0.0,132657.49133870774,0.0
75.65,1768.847884,1778.503484,24381,0.0,0.0,132530.5178875025,0.0
75.66,1768.847884,1777.055144,24381,0.0,0.0,132422.59049123697,0.0
75.67,1768.847884,1775.824055,24381,0.0,0.0,132330.85220441138,0.0
75.68,1768.847884,1774.77763,24381,0.0,0.0,132252.87470904624,0.0
75.69,1832.997462,1783.510604,24381,0.0,0.0,132903.6384423368,0.0
75.7,1781.239313,1783.169911,24381,0.0,0.0,132878.25068226948,0.0
75.71000000000001,1781.239313,1782.880321,24382,0.0,0.0,132856.67101542023,0.0
75.72,1784.173889,1783.074356,24382,0.0,0.0,132871.13011503383,0.0
75.73,1775.373404,1781.919213,24382,0.0,0.0,132785.05117203406,0.0
75.74,1767.346761,1779.733345,24384,0.0,0.0,132622.1646662274,0.0
75.75,1767.346761,1777.875358,24384,0.0,0.0,132483.71119590613,0.0
75.76,1767.346761,1776.296068,24384,0.0,0.0,132366.02566788916,0.0
75.77,1767.346761,1774.953672,24384,0.0,0.0,132265.99300633377,0.0
75.78,1767.346761,1773.812635,24384,0.0,0.0,132180.96521420445,0.0
75.79,1828.783358,1782.058244,24384,0.0,0.0,132795.41148372207,0.0
75.8,1775.386542,1781.057488,24384,0.0,0.0,132720.8371507774,0.0
75.81,1787.101869,1781.964146,24385,0.0,0.0,132788.39948920847,0.0
75.82000000000001,1787.101869,1782.734804,24385,0.0,0.0,132845.8273800015,0.0
75.83,1778.345921,1782.076472,24385,0.0,0.0,132796.76979777752,0.0
75.84,1765.355944,1779.568392,24387,0.0,0.0,132609.8726990124,0.0
75.85000000000001,1765.355944,1777.436525,24387,0.0,0.0,132451.01023958,0.0
75.86,1765.355944,1775.624438,24387,0.0,0.0,132315.9771453366,0.0
75.87,1765.355944,1774.084164,24387,0.0,0.0,132201.19901150384,0.0
75.88,1765.355944,1772.774931,24387,0.0,0.0,132103.63759029412,0.0
75.89,1841.211943,1783.040483,24387,0.0,0.0,132868.60596690996,0.0
75.9,1841.211943,1791.766202,24387,0.0,0.0,133518.82907212983,0.0
75.91,1781.254186,1790.189399,24388,0.0,0.0,133401.32887037226,0.0
75.92,1781.104128,1788.826609,24388,0.0,0.0,133299.77648877908,0.0
75.93,1781.104128,1787.668236,24388,0.0,0.0,133213.4568526479,0.0
75.94,1767.668585,1784.668289,24390,0.0,0.0,132989.90681008578,0.0
75.95,1767.668585,1782.118333,24390,0.0,0.0,132799.88919566412,0.0
75.96000000000001,1767.668585,1779.950871,24390,0.0,0.0,132638.3742681165,0.0
75.97,1767.668585,1778.108528,24390,0.0,0.0,132501.0865573456,0.0
75.98,1767.668585,1776.542537,24390,0.0,0.0,132384.3920441752,0.0
75.99,1838.435851,1785.826534,24390,0.0,0.0,133076.21690791333,0.0
76.0,1774.972441,1784.19842,24390,0.0,0.0,132954.8931131943,0.0
76.01,1774.972441,1782.814523,24391,0.0,0.0,132851.76788023132,0.0
76.02,1784.38043,1783.049409,24391,0.0,0.0,132869.2711145542,0.0
76.03,1769.471619,1781.012741,24391,0.0,0.0,132717.50269395046,0.0
76.04,1769.071877,1779.221611,24393,0.0,0.0,132584.0312733773,0.0
76.05,1769.071877,1777.699151,24393,0.0,0.0,132470.5806031491,0.0
76.06,1769.071877,1776.40506,24393,0.0,0.0,132374.14753345508,0.0
76.07000000000001,1769.071877,1775.305082,24393,0.0,0.0,132292.1793757785,0.0
76.08,1769.071877,1774.370102,24393,0.0,0.0,132222.50653862683,0.0
76.09,1769.071877,1773.575368,24393,0.0,0.0,132163.28455252992,0.0
76.10000000000001,1769.071877,1772.899844,24393,0.0,0.0,132112.9458568957,0.0
76.11,1769.071877,1772.325649,24394,0.0,0.0,132070.15799541384,0.0
76.12,1855.582936,1784.814242,24394,0.0,0.0,133000.7829353514,0.0
76.13,1855.582936,1795.429546,24394,0.0,0.0,133791.81413057243,0.0
76.14,1771.951766,1791.907879,24396,0.0,0.0,133529.3865584388,0.0
76.15,1771.951766,1788.914462,24396,0.0,0.0,133306.32311839928,0.0
76.16,1771.951766,1786.370058,24396,0.0,0.0,133116.7192278988,0.0
76.17,1771.951766,1784.207314,24396,0.0,0.0,132955.55587626263,0.0
76.18,1771.951766,1782.368982,24396,0.0,0.0,132818.56705717905,0.0
76.19,1831.981693,1789.810889,24396,0.0,0.0,133373.12306319957,0.0
76.2,1831.981693,1796.136509,24396,0.0,0.0,133844.49559752492,0.0
76.21000000000001,1702.557562,1782.099667,24397,0.0,0.0,132798.49824272582,0.0
76.22,1702.557562,1770.168352,24397,0.0,0.0,131909.40054330914,0.0
76.23,1781.250891,1771.830732,24397,0.0,0.0,132033.27777172494,0.0
76.24,1809.332647,1777.45602,24399,0.0,0.0,132452.46296793816,0.0
76.25,1809.332647,1782.237514,24399,0.0,0.0,132808.7703251049,0.0
76.26,1809.332647,1786.301784,24399,0.0,0.0,133111.63158614852,0.0
76.27,1809.332647,1789.756413,24399,0.0,0.0,133369.06362077655,0.0
76.28,1809.332647,1792.692848,24399,0.0,0.0,133587.8808762917,0.0
76.29,1699.207798,1778.670091,24399,0.0,0.0,132542.9331074851,0.0
76.3,1769.340515,1777.270654,24399,0.0,0.0,132438.64986484346,0.0
76.31,1769.340515,1776.081134,24400,0.0,0.0,132350.0092166492,0.0
76.32000000000001,1784.000485,1777.269036,24400,0.0,0.0,132438.52929472376,0.0
76.33,1784.000485,1778.278754,24400,0.0,0.0,132513.77145796057,0.0
76.34,1803.338668,1782.037741,24402,0.0,0.0,132793.8836412226,0.0
76.35000000000001,1803.338668,1785.23288,24402,0.0,0.0,133031.97900072124,0.0
76.36,1803.338668,1787.948748,24402,0.0,0.0,133234.3600451174,0.0
76.37,1803.338668,1790.257236,24402,0.0,0.0,133406.38394775768,0.0
76.38,1803.338668,1792.219451,24402,0.0,0.0,133552.60427990556,0.0
76.39,1695.401706,1777.696789,24402,0.0,0.0,132470.40459163938,0.0
76.4,1775.284641,1777.334967,24402,0.0,0.0,132443.44234080633,0.0
76.41,1775.386542,1777.042703,24403,0.0,0.0,132421.66341283213,0.0
76.42,1786.853855,1778.514376,24403,0.0,0.0,132531.3295375295,0.0
76.43,1786.853855,1779.765298,24403,0.0,0.0,132624.54573979636,0.0
76.44,1771.987223,1778.598587,24405,0.0,0.0,132537.60477260337,0.0
76.45,1771.987223,1777.606882,24405,0.0,0.0,132463.70490205265,0.0
76.46000000000001,1771.987223,1776.763933,24405,0.0,0.0,132400.890030714,0.0
76.47,1771.987223,1776.047427,24405,0.0,0.0,132347.49743851286,0.0
76.48,1771.987223,1775.438396,24405,0.0,0.0,132302.11366807573,0.0
76.49,1837.567816,1784.757809,24405,0.0,0.0,132996.5776612076,0.0
76.5,1775.094007,1783.308239,24405,0.0,0.0,132888.55860780537,0.0
76.51,1775.094007,1782.076104,24405,0.0,0.0,132796.7423751545,0.0
76.52,1781.277254,1781.956276,24406,0.0,0.0,132787.8130325694,0.0
76.53,1781.277254,1781.854423,24406,0.0,0.0,132780.2231509865,0.0
76.54,1766.050904,1779.483895,24408,0.0,0.0,132603.57615179126,0.0
76.55,1766.050904,1777.468946,24408,0.0,0.0,132453.42618757172,0.0
76.56,1766.050904,1775.75624,24408,0.0,0.0,132325.79876642182,0.0
76.57000000000001,1766.050904,1774.30044,24408,0.0,0.0,132217.31546589622,0.0
76.58,1766.050904,1773.063009,24408,0.0,0.0,132125.10458593143,0.0
76.59,1870.983622,1787.751101,24408,0.0,0.0,133219.6317864974,0.0
76.60000000000001,1798.777399,1789.405046,24408,0.0,0.0,133342.8804556057,0.0
76.61,1798.777399,1790.810899,24408,0.0,0.0,133447.64180571822,0.0
76.62,1781.247595,1789.376403,24409,0.0,0.0,133340.7460366079,0.0
76.63,1781.247595,1788.157082,24409,0.0,0.0,133249.8846775749,0.0
76.64,1766.99429,1784.982663,24410,0.0,0.0,133013.33333098114,0.0
76.65,1766.99429,1782.284407,24410,0.0,0.0,132812.26469755414,0.0
76.66,1766.99429,1779.99089,24410,0.0,0.0,132641.35640385197,0.0
76.67,1766.99429,1778.0414,24410,0.0,0.0,132496.08431322026,0.0
76.68,1766.99429,1776.384333,24411,0.0,0.0,132372.60299892427,0.0
76.69,1846.425392,1786.890492,24411,0.0,0.0,133155.50092732577,0.0
76.7,1769.530365,1784.286473,24411,0.0,0.0,132961.45464641394,0.0
76.71000000000001,1781.239313,1783.829399,24411,0.0,0.0,132927.3944072984,0.0
76.72,1787.065592,1784.314828,24412,0.0,0.0,132963.5676042285,0.0
76.73,1781.189796,1783.846073,24412,0.0,0.0,132928.63692038602,0.0
76.74,1759.348928,1780.171501,24413,0.0,0.0,132654.8151738693,0.0
76.75,1759.348928,1777.048115,24413,0.0,0.0,132422.0667042337,0.0
76.76,1759.348928,1774.393237,24413,0.0,0.0,132224.23051249524,0.0
76.77,1759.348928,1772.136591,24413,0.0,0.0,132056.06977187298,0.0
76.78,1759.348928,1770.218442,24414,0.0,0.0,131913.13314979582,0.0
76.79,1860.089821,1783.699148,24414,0.0,0.0,132917.68836362704,0.0
76.8,1781.18659,1783.322265,24414,0.0,0.0,132889.60379723605,0.0
76.81,1774.847522,1782.051053,24414,0.0,0.0,132794.87562480316,0.0
76.82000000000001,1774.847522,1780.970523,24415,0.0,0.0,132714.35669313883,0.0
76.83,1784.461454,1781.494163,24415,0.0,0.0,132753.37729726525,0.0
76.84,1760.82399,1778.393637,24416,0.0,0.0,132522.3323090488,0.0
76.85000000000001,1760.82399,1775.75819,24416,0.0,0.0,132325.94407651664,0.0
76.86,1760.82399,1773.51806,24416,0.0,0.0,132159.0140751384,0.0
76.87,1760.82399,1771.613949,24416,0.0,0.0,132017.12353670792,0.0
76.88,1760.82399,1769.995456,24416,0.0,0.0,131896.51667964127,0.0
76.89,1854.33837,1782.646893,24417,0.0,0.0,132839.27642833744,0.0
76.9,1787.10866,1783.316158,24417,0.0,0.0,132889.14871582628,0.0
76.91,1787.10866,1783.885033,24417,0.0,0.0,132931.54014156232,0.0
76.92,1778.322802,1783.050699,24418,0.0,0.0,132869.3672427708,0.0
76.93,1778.322802,1782.341514,24418,0.0,0.0,132816.52019682815,0.0
76.94,1766.658187,1779.989015,24419,0.0,0.0,132641.21668260696,0.0
76.95,1766.658187,1777.989391,24419,0.0,0.0,132492.20870669666,0.0
76.96000000000001,1766.658187,1776.28971,24419,0.0,0.0,132365.5518824621,0.0
76.97,1766.658187,1774.844982,24419,0.0,0.0,132257.89364520303,0.0
76.98,1766.658187,1773.616963,24419,0.0,0.0,132166.38412862917,0.0
76.99,1848.272427,1784.815282,24420,0.0,0.0,133000.8604340686,0.0
77.0,1786.976245,1785.139427,24420,0.0,0.0,133025.01507031595,0.0
77.01,1786.976245,1785.41495,24420,0.0,0.0,133045.54649249668,0.0
77.02,1778.345832,1784.354582,24421,0.0,0.0,132966.52999269468,0.0
77.03,1787.042361,1784.757749,24421,0.0,0.0,132996.57319012773,0.0
77.04,1771.897416,1782.828699,24423,0.0,0.0,132852.8242473616,0.0
77.05,1771.897416,1781.189006,24423,0.0,0.0,132730.6376087514,0.0
77.06,1771.897416,1779.795268,24423,0.0,0.0,132626.77904417663,0.0
77.07000000000001,1771.897416,1778.61059,24423,0.0,0.0,132538.49921212543,0.0
77.08,1771.897416,1777.603614,24423,0.0,0.0,132463.46137723734,0.0
77.09,1771.897416,1776.747684,24423,0.0,0.0,132399.67918777524,0.0
77.10000000000001,1771.897416,1776.020144,24423,0.0,0.0,132345.46436399152,0.0
77.11,1771.897416,1775.401735,24423,0.0,0.0,132299.38176377528,0.0
77.12,1833.468409,1784.111736,24424,0.0,0.0,132948.433595113,0.0
77.13,1833.468409,1791.515237,24424,0.0,0.0,133500.12766292776,0.0
77.14,1771.416664,1788.500451,24425,0.0,0.0,133275.4718478031,0.0
77.15,1771.416664,1785.937883,24425,0.0,0.0,133084.51441239897,0.0
77.16,1771.416664,1783.7597,24425,0.0,0.0,132922.20057740188,0.0
77.17,1771.416664,1781.908244,24425,0.0,0.0,132784.23378412126,0.0
77.18,1771.416664,1780.334507,24425,0.0,0.0,132666.96205454352,0.0
77.19,1719.106468,1771.150301,24426,0.0,0.0,131982.57341627782,0.0
77.2,1792.957992,1774.421455,24426,0.0,0.0,132226.33326134415,0.0
77.21000000000001,1769.530542,1773.687818,24426,0.0,0.0,132171.66410133062,0.0
77.22,1769.530542,1773.064227,24427,0.0,0.0,132125.19534885223,0.0
77.23,1784.046687,1774.711596,24427,0.0,0.0,132247.95398761,0.0
77.24,1802.006803,1778.805877,24428,0.0,0.0,132553.0516082717,0.0
77.25,1802.006803,1782.286016,24428,0.0,0.0,132812.38459701187,0.0
77.26,1802.006803,1785.244134,24428,0.0,0.0,133032.81762626328,0.0
77.27,1802.006803,1787.758534,24428,0.0,0.0,133220.1856787716,0.0
77.28,1802.006803,1789.895775,24428,0.0,0.0,133379.44859792167,0.0
77.29,1716.410791,1778.873027,24429,0.0,0.0,132558.055491793,0.0
77.3,1716.410791,1769.503692,24429,0.0,0.0,131859.87141119802,0.0
77.31,1781.255878,1771.26652,24429,0.0,0.0,131991.2338234105,0.0
77.32000000000001,1780.929255,1772.71593,24430,0.0,0.0,132099.24095393316,0.0
77.33,1780.929255,1773.947929,24430,0.0,0.0,132191.04705213636,0.0
77.34,1800.241104,1777.891905,24431,0.0,0.0,132484.9442452081,0.0
77.35000000000001,1800.241104,1781.244285,24431,0.0,0.0,132734.75688912626,0.0
77.36,1800.241104,1784.093808,24431,0.0,0.0,132947.0976364567,0.0
77.37,1800.241104,1786.515902,24431,0.0,0.0,133127.5872307027,0.0
77.38,1800.241104,1788.574683,24431,0.0,0.0,133281.0034677816,0.0
77.39,1713.027365,1777.242585,24432,0.0,0.0,132436.55821917616,0.0
77.4,1780.932638,1777.796093,24432,0.0,0.0,132477.80452684706,0.0
77.41,1780.932638,1778.266575,24432,0.0,0.0,132512.86390327098,0.0
77.42,1778.329382,1778.275996,24432,0.0,0.0,132513.5659373239,0.0
77.43,1778.329382,1778.284004,24433,0.0,0.0,132514.16267744658,0.0
77.44,1771.584628,1777.279097,24434,0.0,0.0,132439.279020295,0.0
77.45,1771.584628,1776.424927,24434,0.0,0.0,132375.62798250825,0.0
77.46000000000001,1771.584628,1775.698882,24434,0.0,0.0,132321.5245631305,0.0
77.47,1771.584628,1775.081744,24434,0.0,0.0,132275.5366752889,0.0
77.48,1771.584628,1774.557176,24434,0.0,0.0,132236.44691846098,0.0
77.49,1839.751629,1784.336344,24435,0.0,0.0,132965.17093345922,0.0
77.5,1786.827235,1784.709978,24435,0.0,0.0,132993.01339087688,0.0
77.51,1786.827235,1785.027566,24435,0.0,0.0,133016.67941261563,0.0
77.52,1778.342631,1784.024826,24435,0.0,0.0,132941.95723596428,0.0
77.53,1778.342631,1783.172497,24436,0.0,0.0,132878.44338581062,0.0
77.54,1766.425303,1780.660418,24437,0.0,0.0,132691.2482895741,0.0
77.55,1766.425303,1778.52515,24437,0.0,0.0,132532.1323944328,0.0
77.56,1766.425303,1776.710173,24437,0.0,0.0,132396.8839431771,0.0
77.57000000000001,1766.425303,1775.167443,24437,0.0,0.0,132281.92279314285,0.0
77.58,1766.425303,1773.856122,24437,0.0,0.0,132184.20577835472,0.0
77.59,1888.22267,1791.011104,24438,0.0,0.0,133462.56068137538,0.0
77.60000000000001,1787.075421,1790.420751,24438,0.0,0.0,133418.56875809256,0.0
77.61,1787.075421,1789.918952,24438,0.0,0.0,133381.17570154602,0.0
77.62,1778.352501,1788.183984,24438,0.0,0.0,133251.88936073933,0.0
77.63,1778.352501,1786.709262,24439,0.0,0.0,133141.9960306681,0.0
77.64,1770.85213,1784.330692,24440,0.0,0.0,132964.7497577383,0.0
77.65,1770.85213,1782.308908,24440,0.0,0.0,132814.09046300693,0.0
77.66,1770.85213,1780.590391,24440,0.0,0.0,132686.0300177745,0.0
77.67,1770.85213,1779.129652,24440,0.0,0.0,132577.17867286003,0.0
77.68,1770.85213,1777.888023,24440,0.0,0.0,132484.6549663424,0.0
77.69,1833.182862,1786.182249,24441,0.0,0.0,133102.72407733664,0.0
77.7,1787.075421,1786.316225,24441,0.0,0.0,133112.70770054808,0.0
77.71000000000001,1775.360266,1784.672831,24441,0.0,0.0,132990.2452708297,0.0
77.72,1775.360266,1783.275946,24441,0.0,0.0,132886.15219811728,0.0
77.73,1781.250891,1782.972188,24442,0.0,0.0,132863.51676028172,0.0
77.74,1767.267306,1780.616456,24443,0.0,0.0,132687.97232937513,0.0
77.75,1767.267306,1778.614083,24443,0.0,0.0,132538.75950349012,0.0
77.76,1767.267306,1776.912067,24443,0.0,0.0,132411.92867973176,0.0
77.77,1767.267306,1775.465353,24443,0.0,0.0,132304.12244973,0.0
77.78,1767.267306,1774.235646,24443,0.0,0.0,132212.48714677666,0.0
77.79,1833.785345,1783.1681,24443,0.0,0.0,132878.11573017633,0.0
77.8,1781.196386,1782.872343,24444,0.0,0.0,132856.07651083745,0.0
77.81,1781.196386,1782.62095,24444,0.0,0.0,132837.34320793248,0.0
77.82000000000001,1781.265675,1782.417658,24444,0.0,0.0,132822.19429521752,0.0
77.83,1781.20636,1782.235964,24445,0.0,0.0,132808.65482220906,0.0
77.84,1766.667904,1779.900755,24446,0.0,0.0,132634.63972416185,0.0
77.85000000000001,1766.667904,1777.915827,24446,0.0,0.0,132486.72686474043,0.0
77.86,1766.667904,1776.228639,24446,0.0,0.0,132361.0009938466,0.0
77.87,1766.667904,1774.794529,24446,0.0,0.0,132254.1339886833,0.0
77.88,1766.667904,1773.575535,24446,0.0,0.0,132163.29699703545,0.0
77.89,1836.309901,1782.98569,24446,0.0,0.0,132864.52290228178,0.0
77.9,1781.229338,1782.722237,24447,0.0,0.0,132844.8909123289,0.0
77.91,1787.019309,1783.366798,24447,0.0,0.0,132892.92230721156,0.0
77.92,1775.350325,1782.164327,24447,0.0,0.0,132803.31657643372,0.0
77.93,1775.350325,1781.142227,24448,0.0,0.0,132727.15173135386,0.0
77.94,1769.720081,1779.428905,24449,0.0,0.0,132599.47840711763,0.0
77.95,1769.720081,1777.972581,24449,0.0,0.0,132490.9560591614,0.0
77.96000000000001,1769.720081,1776.734706,24449,0.0,0.0,132398.7120932058,0.0
77.97,1769.720081,1775.682513,24449,0.0,0.0,132320.30477803206,0.0
77.98,1769.720081,1774.788148,24449,0.0,0.0,132253.65848934226,0.0
77.99,1829.137488,1782.940549,24449,0.0,0.0,132861.1590853639,0.0
78.0,1787.035749,1783.554829,24450,0.0,0.0,132906.9340007691,0.0
78.01,1787.035749,1784.076967,24450,0.0,0.0,132945.84267886353,0.0
78.02,1778.359081,1783.219284,24450,0.0,0.0,132881.9298593521,0.0
78.03,1781.067797,1782.896561,24451,0.0,0.0,132857.881187697,0.0
78.04,1770.847755,1781.08924,24453,0.0,0.0,132723.2032462289,0.0
78.05,1770.847755,1779.553017,24453,0.0,0.0,132608.7269848033,0.0
78.06,1770.847755,1778.247228,24453,0.0,0.0,132511.42220357645,0.0
78.07000000000001,1770.847755,1777.137307,24453,0.0,0.0,132428.71311345234,0.0
78.08,1770.847755,1776.193874,24453,0.0,0.0,132358.41037566916,0.0
78.09,1770.847755,1775.391956,24453,0.0,0.0,132298.65305227932,0.0
78.10000000000001,1770.847755,1774.710326,24453,0.0,0.0,132247.85934975336,0.0
78.11,1770.847755,1774.130941,24453,0.0,0.0,132204.6847398653,0.0
78.12,1839.019943,1783.864291,24453,0.0,0.0,132929.99448926153,0.0
78.13,1781.094154,1783.44877,24454,0.0,0.0,132899.03069648938,0.0
78.14,1759.021143,1779.784626,24455,0.0,0.0,132625.98602364893,0.0
78.15,1759.021143,1776.670104,24455,0.0,0.0,132393.89808154176,0.0
78.16,1759.021143,1774.02276,24455,0.0,0.0,132196.62330839524,0.0
78.17,1759.021143,1771.772517,24455,0.0,0.0,132028.9397065099,0.0
78.18,1759.021143,1769.859811,24455,0.0,0.0,131886.40868589227,0.0
78.19,1759.021143,1768.234011,24455,0.0,0.0,131765.25732581908,0.0
78.2,1812.017822,1774.801583,24456,0.0,0.0,132254.6596386365,0.0
78.21000000000001,1812.017822,1780.384019,24456,0.0,0.0,132670.65158962776,0.0
78.22,1781.236017,1780.511818,24456,0.0,0.0,132680.1749151696,0.0
78.23,1869.136326,1793.805495,24457,0.0,0.0,133670.79310247654,0.0
78.24,1768.197466,1789.96429,24458,0.0,0.0,133384.55419850932,0.0
78.25,1768.197466,1786.699267,24458,0.0,0.0,133141.2512232847,0.0
78.26,1768.197466,1783.923996,24458,0.0,0.0,132934.44358629265,0.0
78.27,1768.197466,1781.565017,24458,0.0,0.0,132758.65719544867,0.0
78.28,1768.197466,1779.559884,24458,0.0,0.0,132609.23869989102,0.0
78.29,1768.197466,1777.855521,24458,0.0,0.0,132482.23298239292,0.0
78.3,1768.197466,1776.406813,24459,0.0,0.0,132374.27816350444,0.0
78.31,1826.152247,1783.868628,24459,0.0,0.0,132930.317673816,0.0
78.32000000000001,1826.152247,1790.211171,24459,0.0,0.0,133402.95127621028,0.0
78.33,1743.111682,1783.146248,24460,0.0,0.0,132876.48736289848,0.0
78.34,1791.469125,1784.394679,24461,0.0,0.0,132969.517940834,0.0
78.35000000000001,1791.469125,1785.455846,24461,0.0,0.0,133048.59398051584,0.0
78.36,1791.469125,1786.357838,24461,0.0,0.0,133115.80861797134,0.0
78.37,1791.469125,1787.124531,24461,0.0,0.0,133172.9410449049,0.0
78.38,1791.469125,1787.77622,24461,0.0,0.0,133221.50360407252,0.0
78.39,1791.469125,1788.330156,24461,0.0,0.0,133262.7818054463,0.0
78.4,1791.469125,1788.801001,24462,0.0,0.0,133297.86823190327,0.0
78.41,1739.308284,1781.377094,24462,0.0,0.0,132744.65354983482,0.0
78.42,1869.042874,1794.526961,24462,0.0,0.0,133724.5553039445,0.0
78.43,1869.042874,1805.704348,24462,0.0,0.0,134557.4717986636,0.0
78.44,1769.794166,1800.31782,24464,0.0,0.0,134156.07851949503,0.0
78.45,1769.794166,1795.739272,24464,0.0,0.0,133814.89429181613,0.0
78.46000000000001,1769.794166,1791.847506,24464,0.0,0.0,133524.88768338546,0.0
78.47,1769.794166,1788.539505,24464,0.0,0.0,133278.38207367118,0.0
78.48,1769.794166,1785.727704,24464,0.0,0.0,133068.85229423633,0.0
78.49,1769.794166,1783.337674,24464,0.0,0.0,132890.75204505707,0.0
78.5,1808.290322,1787.080571,24465,0.0,0.0,133169.6652337419,0.0
78.51,1808.290322,1790.262033,24465,0.0,0.0,133406.74141059094,0.0
78.52,1749.09069,1784.086332,24465,0.0,0.0,132946.5405399086,0.0
78.53,1828.083685,1790.685935,24465,0.0,0.0,133438.32973869878,0.0
78.54,1781.77482,1789.349268,24467,0.0,0.0,133338.7239907501,0.0
78.55,1781.77482,1788.213101,24467,0.0,0.0,133254.05910126783,0.0
78.56,1781.77482,1787.247359,24467,0.0,0.0,133182.09394148205,0.0
78.57000000000001,1781.77482,1786.426478,24467,0.0,0.0,133120.92353330867,0.0
78.58,1781.77482,1785.728729,24467,0.0,0.0,133068.9286751836,0.0
78.59,1781.77482,1785.135643,24467,0.0,0.0,133024.73309421403,0.0
78.60000000000001,1781.77482,1784.63152,24468,0.0,0.0,132987.16685784166,0.0
78.61,1795.010131,1786.188311,24468,0.0,0.0,133103.1758054365,0.0
78.62,1663.944693,1767.851769,24468,0.0,0.0,131736.77341748038,0.0
78.63,1663.944693,1752.265707,24468,0.0,0.0,130575.33129084423,0.0
78.64,1800.501088,1759.501014,24470,0.0,0.0,131114.4918786146,0.0
78.65,1800.501088,1765.651025,24470,0.0,0.0,131572.77838194527,0.0
78.66,1800.501088,1770.878535,24470,0.0,0.0,131962.32195821308,0.0
78.67,1800.501088,1775.321918,24470,0.0,0.0,132293.43396078172,0.0
78.68,1800.501088,1779.098793,24470,0.0,0.0,132574.87912198014,0.0
78.69,1800.501088,1782.309137,24470,0.0,0.0,132814.10752762834,0.0
78.7,1800.501088,1785.03793,24470,0.0,0.0,133017.45171714007,0.0
78.71000000000001,1752.866479,1780.212212,24471,0.0,0.0,132657.84887605894,0.0
78.72,1752.866479,1776.110352,24471,0.0,0.0,132352.18648349543,0.0
78.73,1766.447087,1774.660862,24471,0.0,0.0,132244.173391533,0.0
78.74,1798.028134,1778.165953,24473,0.0,0.0,132505.36575334278,0.0
78.75,1798.028134,1781.14528,24473,0.0,0.0,132727.3792347997,0.0
78.76,1798.028134,1783.677708,24473,0.0,0.0,132916.0906977641,0.0
78.77,1798.028134,1785.830272,24473,0.0,0.0,133076.4954561874,0.0
78.78,1798.028134,1787.659952,24473,0.0,0.0,133212.83954555794,0.0
78.79,1798.028134,1789.215179,24473,0.0,0.0,133328.73194700497,0.0
78.8,1798.028134,1790.537122,24473,0.0,0.0,133427.2404919608,0.0
78.81,1740.136697,1782.977058,24474,0.0,0.0,132863.87966292875,0.0
78.82000000000001,1868.597438,1795.820115,24474,0.0,0.0,133820.91855027495,0.0
78.83,1868.597438,1806.736714,24474,0.0,0.0,134634.4016455041,0.0
78.84,1771.365274,1801.430998,24476,0.0,0.0,134239.0303147365,0.0
78.85000000000001,1771.365274,1796.921139,24476,0.0,0.0,133902.96465377678,0.0
78.86,1771.365274,1793.087759,24476,0.0,0.0,133617.3088531387,0.0
78.87,1771.365274,1789.829386,24476,0.0,0.0,133374.50142259637,0.0
78.88,1771.365274,1787.059769,24476,0.0,0.0,133168.11511036125,0.0
78.89,1771.365274,1784.705595,24476,0.0,0.0,132992.68677849454,0.0
78.9,1804.02681,1787.603777,24476,0.0,0.0,133208.65349705747,0.0
78.91,1804.02681,1790.067232,24477,0.0,0.0,133392.22523019137,0.0
78.92,1748.896293,1783.891591,24477,0.0,0.0,132932.02883058888,0.0
78.93,1748.896293,1778.642296,24477,0.0,0.0,132540.86187974905,0.0
78.94,1770.793832,1777.465027,24479,0.0,0.0,132453.13415154017,0.0
78.95,1770.793832,1776.464348,24479,0.0,0.0,132378.5655564813,0.0
78.96000000000001,1770.793832,1775.61377,24479,0.0,0.0,132315.182187341,0.0
78.97,1770.793832,1774.890779,24479,0.0,0.0,132261.30634592715,0.0
78.98,1770.793832,1774.276237,24479,0.0,0.0,132215.51190680664,0.0
78.99,1770.793832,1773.753876,24479,0.0,0.0,132176.5866111988,0.0
79.0,1770.793832,1773.30987,24479,0.0,0.0,132143.50017327248,0.0
79.01,1856.804616,1785.834082,24480,0.0,0.0,133076.77936975725,0.0
79.02,1856.804616,1796.479662,24480,0.0,0.0,133870.06667186567,0.0
79.03,1754.886849,1790.24074,24480,0.0,0.0,133405.1546988736,0.0
79.04,1773.797453,1787.774247,24483,0.0,0.0,133221.3565800638,0.0
79.05,1773.797453,1785.677728,24483,0.0,0.0,133065.12818280136,0.0
79.06,1773.797453,1783.895687,24483,0.0,0.0,132932.33405630596,0.0
79.07000000000001,1773.797453,1782.380952,24483,0.0,0.0,132819.4590376072,0.0
79.08,1773.797453,1781.093427,24483,0.0,0.0,132723.51525308375,0.0
79.09,1773.797453,1779.999031,24483,0.0,0.0,132641.96305486833,0.0
79.10000000000001,1773.797453,1779.068794,24483,0.0,0.0,132572.643656578,0.0
79.11,1773.797453,1778.278093,24483,0.0,0.0,132513.72220156432,0.0
79.12,1773.797453,1777.605997,24483,0.0,0.0,132463.638953625,0.0
79.13,1773.797453,1777.034715,24483,0.0,0.0,132421.06816306937,0.0
79.14,1782.78519,1777.897286,24485,0.0,0.0,132485.34522655178,0.0
79.15,1782.78519,1778.630472,24485,0.0,0.0,132539.98077894852,0.0
79.16,1782.78519,1779.25368,24485,0.0,0.0,132586.42099103393,0.0
79.17,1782.78519,1779.783406,24485,0.0,0.0,132625.89511169217,0.0
79.18,1782.78519,1780.233674,24485,0.0,0.0,132659.44818131783,0.0
79.19,1782.78519,1780.616401,24485,0.0,0.0,132687.96823088528,0.0
79.2,1768.980017,1778.870944,24485,0.0,0.0,132557.90027080453,0.0
79.21000000000001,1768.980017,1777.387305,24486,0.0,0.0,132447.342463751,0.0
79.22,1784.3045,1778.424884,24486,0.0,0.0,132524.66077291165,0.0
79.23,1784.3045,1779.306826,24486,0.0,0.0,132590.3813245205,0.0
79.24,1805.873061,1783.291761,24488,0.0,0.0,132887.33070024525,0.0
79.25,1805.873061,1786.678956,24488,0.0,0.0,133139.7376882407,0.0
79.26,1805.873061,1789.558072,24488,0.0,0.0,133354.2836466664,0.0
79.27,1805.873061,1792.00532,24488,0.0,0.0,133536.64766661744,0.0
79.28,1805.873061,1794.085481,24488,0.0,0.0,133691.65709847945,0.0
79.29,1684.193451,1777.601677,24488,0.0,0.0,132463.3170358765,0.0
79.3,1775.346951,1777.263468,24488,0.0,0.0,132438.11437851458,0.0
79.31,1775.346951,1776.975991,24489,0.0,0.0,132416.69216819364,0.0
79.32000000000001,1795.929238,1779.818978,24489,0.0,0.0,132628.5458658935,0.0
79.33,1775.379973,1779.153127,24489,0.0,0.0,132578.92798284756,0.0
79.34,1807.245941,1783.367049,24491,0.0,0.0,132892.94101122886,0.0
79.35000000000001,1807.245941,1786.948883,24491,0.0,0.0,133159.85210770837,0.0
79.36,1807.245941,1789.993441,24491,0.0,0.0,133386.72647264975,0.0
79.37,1807.245941,1792.581316,24491,0.0,0.0,133579.5697350125,0.0
79.38,1807.245941,1794.78101,24491,0.0,0.0,133743.48652665038,0.0
79.39,1689.009587,1778.915297,24491,0.0,0.0,132561.2053675405,0.0
79.4,1689.009587,1765.42944,24491,0.0,0.0,131556.26631150502,0.0
79.41,1790.036556,1769.120508,24492,0.0,0.0,131831.3173069058,0.0
79.42,1786.817409,1771.775043,24492,0.0,0.0,132029.12793897116,0.0
79.43,1786.817409,1774.031398,24492,0.0,0.0,132197.26699485624,0.0
79.44,1768.065194,1773.136467,24494,0.0,0.0,132130.57852897997,0.0
79.45,1768.065194,1772.375776,24494,0.0,0.0,132073.89335906642,0.0
79.46000000000001,1768.065194,1771.729189,24494,0.0,0.0,132025.7109907212,0.0
79.47,1768.065194,1771.17959,24494,0.0,0.0,131984.7559739019,0.0
79.48,1768.065194,1770.712431,24494,0.0,0.0,131949.94422078313,0.0
79.49,1859.915556,1784.092899,24494,0.0,0.0,132947.02989959714,0.0
79.5,1769.52718,1781.908041,24494,0.0,0.0,132784.21865696774,0.0
79.51,1769.52718,1780.050912,24495,0.0,0.0,132645.82912308825,0.0
79.52,1784.061583,1780.652513,24495,0.0,0.0,132690.65922480516,0.0
79.53,1784.061583,1781.163873,24495,0.0,0.0,132728.7647479243,0.0
79.54,1771.382824,1779.696716,24497,0.0,0.0,132619.43514650286,0.0
79.55,1771.382824,1778.449632,24497,0.0,0.0,132526.5049443098,0.0
79.56,1771.382824,1777.389611,24497,0.0,0.0,132447.51430225288,0.0
79.57000000000001,1771.382824,1776.488593,24497,0.0,0.0,132380.37224532678,0.0
79.58,1771.382824,1775.722727,24497,0.0,0.0,132323.30144477703,0.0
79.59,1844.851575,1786.092055,24497,0.0,0.0,133096.00300108467,0.0
79.60000000000001,1775.110335,1784.444797,24497,0.0,0.0,132973.25263382462,0.0
79.61,1775.110335,1783.044627,24498,0.0,0.0,132868.91476949092,0.0
79.62,1781.293731,1782.781993,24498,0.0,0.0,132849.34380977787,0.0
79.63,1781.293731,1782.558754,24498,0.0,0.0,132832.70848657,0.0
79.64,1774.252282,1781.312783,24500,0.0,0.0,132739.86122290796,0.0
79.65,1774.252282,1780.253708,24500,0.0,0.0,132660.94107487652,0.0
79.66,1774.252282,1779.353494,24500,0.0,0.0,132593.8589304203,0.0
79.67,1774.252282,1778.588312,24500,0.0,0.0,132536.83910018075,0.0
79.68,1774.252282,1777.937908,24500,0.0,0.0,132488.3722966397,0.0
79.69,1826.909397,1785.283631,24500,0.0,0.0,133035.76086360417,0.0
79.7,1781.232722,1784.675995,24500,0.0,0.0,132990.48104577334,0.0
79.71000000000001,1781.232722,1784.159504,24500,0.0,0.0,132951.99317080984,0.0
79.72,1778.306353,1783.281531,24501,0.0,0.0,132886.56838113247,0.0
79.73,1786.890124,1783.82282,24501,0.0,0.0,132926.9041533939,0.0
79.74,1763.083465,1780.711917,24502,0.0,0.0,132695.0858919191,0.0
79.75,1763.083465,1778.067649,24502,0.0,0.0,132498.04033613237,0.0
79.76,1763.083465,1775.820021,24502,0.0,0.0,132330.55159881007,0.0
79.77,1763.083465,1773.909538,24503,0.0,0.0,132188.18623170056,0.0
79.78,1763.083465,1772.285627,24503,0.0,0.0,132067.17563612433,0.0
79.79,1840.588177,1782.531009,24503,0.0,0.0,132830.64098473385,0.0
79.8,1840.588177,1791.239585,24503,0.0,0.0,133479.58662792534,0.0
79.81,1778.370551,1789.30923,24503,0.0,0.0,133335.74043917266,0.0
79.82000000000001,1781.203154,1788.093318,24504,0.0,0.0,133245.13311199262,0.0
79.83,1781.206182,1787.060248,24504,0.0,0.0,133168.150804482,0.0
79.84,1766.177652,1783.927858,24505,0.0,0.0,132934.73137479834,0.0
79.85000000000001,1766.177652,1781.265327,24505,0.0,0.0,132736.32489682626,0.0
79.86,1766.177652,1779.002176,24505,0.0,0.0,132567.6794166313,0.0
79.87,1766.177652,1777.078497,24505,0.0,0.0,132424.33071002888,0.0
79.88,1766.177652,1775.443371,24506,0.0,0.0,132302.4843951125,0.0
79.89,1837.839989,1784.802863,24506,0.0,0.0,132999.93499505965,0.0
79.9,1837.839989,1792.758432,24506,0.0,0.0,133592.76806462914,0.0
79.91,1775.39968,1790.154619,24506,0.0,0.0,133398.7371344248,0.0
79.92,1786.995901,1789.680812,24507,0.0,0.0,133363.42998565975,0.0
79.93,1786.995901,1789.278075,24507,0.0,0.0,133333.4188309656,0.0
79.94,1767.939053,1786.077222,24508,0.0,0.0,133094.89767563017,0.0
79.95,1767.939053,1783.356496,24508,0.0,0.0,132892.15462280295,0.0
79.96000000000001,1767.939053,1781.04388,24508,0.0,0.0,132719.82310986958,0.0
79.97,1767.939053,1779.078156,24508,0.0,0.0,132573.34129406908,0.0
79.98,1767.939053,1777.40729,24508,0.0,0.0,132448.83170592782,0.0
79.99,1837.039708,1786.352153,24509,0.0,0.0,133115.38498315646,0.0
80.0,1781.245903,1785.586215,24509,0.0,0.0,133058.30881731087,0.0
80.01,1791.96901,1786.543635,24509,0.0,0.0,133129.65383832285,0.0
80.02,1791.96901,1787.357441,24510,0.0,0.0,133190.29703166505,0.0
80.03,1720.178109,1777.280541,24510,0.0,0.0,132439.38662428316,0.0
80.04,1781.114295,1777.855604,24512,0.0,0.0,132482.23916738672,0.0
80.05,1781.114295,1778.344408,24512,0.0,0.0,132518.66386255782,0.0
80.06,1781.114295,1778.759891,24512,0.0,0.0,132549.62482364607,0.0
80.07000000000001,1781.114295,1779.113052,24512,0.0,0.0,132575.9416741042,0.0
80.08,1781.114295,1779.413238,24512,0.0,0.0,132598.31093365332,0.0
80.09,1781.114295,1779.668397,24512,0.0,0.0,132617.32487133623,0.0
80.10000000000001,1781.114295,1779.885282,24512,0.0,0.0,132633.48670718903,0.0
80.11,1781.114295,1780.069634,24512,0.0,0.0,132647.2242490344,0.0
80.12,1796.634217,1782.554321,24513,0.0,0.0,132832.3781482878,0.0
80.13,1796.634217,1784.666305,24513,0.0,0.0,132989.75896637907,0.0
80.14,1797.855853,1786.644738,24514,0.0,0.0,133137.1878314078,0.0
80.15,1797.855853,1788.326405,24514,0.0,0.0,133262.5022884383,0.0
80.16,1797.855853,1789.755822,24514,0.0,0.0,133369.01958064016,0.0
80.17,1797.855853,1790.970827,24514,0.0,0.0,133459.5593199966,0.0
80.18,1797.855853,1792.003581,24514,0.0,0.0,133536.51807982006,0.0
80.19,1718.85769,1781.031697,24515,0.0,0.0,132718.91525710802,0.0
80.2,1718.85769,1771.705596,24515,0.0,0.0,132023.95288760998,0.0
80.21000000000001,1775.462087,1772.26907,24515,0.0,0.0,132065.94184164243,0.0
80.22,1804.669995,1777.129208,24516,0.0,0.0,132428.1095921919,0.0
80.23,1787.102048,1778.625134,24516,0.0,0.0,132539.5830018787,0.0
80.24,1759.619692,1775.774318,24517,0.0,0.0,132327.14590277773,0.0
80.25,1759.619692,1773.351124,24517,0.0,0.0,132146.57433873467,0.0
80.26,1759.619692,1771.291409,24517,0.0,0.0,131993.0885018463,0.0
80.27,1759.619692,1769.540652,24517,0.0,0.0,131862.62559637963,0.0
80.28,1759.619692,1768.052508,24517,0.0,0.0,131751.7320857481,0.0
80.29,1786.576666,1770.831132,24518,0.0,0.0,131958.78958158524,0.0
80.3,1786.576666,1773.192962,24518,0.0,0.0,132134.7884232396,0.0
80.31,1949.309824,1799.610491,24518,0.0,0.0,134103.36977895547,0.0
80.32000000000001,1949.309824,1822.065391,24519,0.0,0.0,135776.66395739527,0.0
80.33,1916.091023,1836.169236,24519,0.0,0.0,136827.65424157004,0.0
80.34,2009.077627,1862.105495,24521,0.0,0.0,138760.37232070675,0.0
80.35000000000001,2009.077627,1884.151314,24521,0.0,0.0,140403.1826022773,0.0
80.36,2009.077627,1902.890261,24521,0.0,0.0,141799.57140495247,0.0
80.37,2009.077627,1918.818366,24521,0.0,0.0,142986.50189095232,0.0
80.38,2009.077627,1932.357255,24521,0.0,0.0,143995.39278542268,0.0
80.39,2124.545469,1961.185487,24521,0.0,0.0,146143.61490087683,0.0
80.4,2124.545469,1985.689484,24521,0.0,0.0,147969.6036841093,0.0
80.41,2033.326446,1992.835029,24522,0.0,0.0,148502.0753874025,0.0
80.42,2038.944445,1999.751441,24522,0.0,0.0,149017.47255841157,0.0
80.43,2038.944445,2005.630392,24522,0.0,0.0,149455.56021338367,0.0
80.44,2025.268298,2008.576078,24524,0.0,0.0,149675.06683489215,0.0
80.45,2025.268298,2011.079911,24524,0.0,0.0,149861.6474557226,0.0
80.46000000000001,2025.268298,2013.208169,24524,0.0,0.0,150020.24097970256,0.0
80.47,2025.268298,2015.017188,24524,0.0,0.0,150155.04545273015,0.0
80.48,2025.268298,2016.554855,24524,0.0,0.0,150269.62931814388,0.0
80.49,2092.539807,2027.952597,24524,0.0,0.0,151118.96622616655,0.0
80.5,2044.890793,2030.493327,24525,0.0,0.0,151308.29633754483,0.0
80.51,2044.890793,2032.652947,24525,0.0,0.0,151469.2268949573,0.0
80.52,2036.135663,2033.175354,24525,0.0,0.0,151508.15561839304,0.0
80.53,2036.135663,2033.6194,24526,0.0,0.0,151541.24503703925,0.0
80.54,2028.065103,2032.786256,24527,0.0,0.0,151479.16081466456,0.0
80.55,2028.065103,2032.078083,24527,0.0,0.0,151426.38918093528,0.0
80.56,2028.065103,2031.476136,24527,0.0,0.0,151381.53329599122,0.0
80.57000000000001,2028.065103,2030.964481,24527,0.0,0.0,151343.4057900629,0.0
80.58,2028.065103,2030.529574,24527,0.0,0.0,151310.99739139434,0.0
80.59,2098.210533,2040.681718,24528,0.0,0.0,152067.51483096805,0.0
80.60000000000001,2098.210533,2049.31104,24528,0.0,0.0,152710.5546247984,0.0
80.61,2039.146513,2047.786361,24528,0.0,0.0,152596.93859913413,0.0
80.62,2038.521884,2046.39669,24529,0.0,0.0,152493.3830992545,0.0
80.63,2038.521884,2045.215469,24529,0.0,0.0,152405.36087592016,0.0
80.64,2027.175557,2042.509482,24531,0.0,0.0,152203.71614385574,0.0
80.65,2027.175557,2040.209393,24531,0.0,0.0,152032.31811787505,0.0
80.66,2027.175557,2038.254318,24531,0.0,0.0,151886.62984422815,0.0
80.67,2027.175557,2036.592504,24531,0.0,0.0,151762.79479299881,0.0
80.68,2027.175557,2035.179962,24531,0.0,0.0,151657.53499200207,0.0
80.69,2098.026041,2044.606874,24531,0.0,0.0,152360.00959532982,0.0
80.7,2033.172221,2042.891676,24532,0.0,0.0,152232.19647533057,0.0
80.71000000000001,2033.172221,2041.433757,24532,0.0,0.0,152123.5552711686,0.0
80.72,2041.994944,2041.517935,24532,0.0,0.0,152129.82804714856,0.0
80.73,2041.994944,2041.589487,24533,0.0,0.0,152135.15995889413,0.0
80.74,2025.25979,2039.140032,24534,0.0,0.0,151952.63147772299,0.0
80.75,2025.25979,2037.057996,24534,0.0,0.0,151797.482324616,0.0
80.76,2025.25979,2035.288265,24534,0.0,0.0,151665.60551466784,0.0
80.77,2025.25979,2033.783994,24534,0.0,0.0,151553.51025229323,0.0
80.78,2025.25979,2032.505363,24534,0.0,0.0,151458.2292308381,0.0
80.79,2101.585217,2042.867341,24535,0.0,0.0,152230.3830798653,0.0
80.8,2101.585217,2051.675023,24535,0.0,0.0,152886.71390370105,0.0
80.81,2036.169667,2049.349219,24535,0.0,0.0,152713.39964741882,0.0
80.82000000000001,1885.418942,2024.759678,24536,0.0,0.0,150881.036296622,0.0
80.83,1885.418942,2003.858567,24536,0.0,0.0,149323.52736274907,0.0
80.84,2066.693935,2013.283873,24538,0.0,0.0,150025.8822901731,0.0
80.85000000000001,2066.693935,2021.295382,24538,0.0,0.0,150622.8838965137,0.0
80.86,2066.693935,2028.105165,24538,0.0,0.0,151130.33528798452,0.0
80.87,2066.693935,2033.89348,24538,0.0,0.0,151561.66892974987,0.0
80.88,2066.693935,2038.813549,24538,0.0,0.0,151928.30261839787,0.0
80.89,1942.711018,2024.398169,24538,0.0,0.0,150854.09736992212,0.0
80.9,1942.711018,2012.145096,24538,0.0,0.0,149941.02290871777,0.0
80.91,2044.72967,2017.032783,24539,0.0,0.0,150305.24355557596,0.0
80.92,2048.701204,2021.783046,24539,0.0,0.0,150659.2236411679,0.0
80.93,2048.701204,2025.820769,24539,0.0,0.0,150960.1066729361,0.0
80.94,2057.740729,2030.608763,24541,0.0,0.0,151316.8983970856,0.0
80.95,2057.740729,2034.678558,24541,0.0,0.0,151620.17137006446,0.0
80.96000000000001,2057.740729,2038.137884,24541,0.0,0.0,151877.95341572602,0.0
80.97,2057.740729,2041.07831,24541,0.0,0.0,152097.06807256854,0.0
80.98,2057.740729,2043.577673,24541,0.0,0.0,152283.3155979509,0.0
80.99,1968.37717,2032.297598,24541,0.0,0.0,151442.74699912104,0.0
81.0,2044.292437,2034.096824,24542,0.0,0.0,151576.82171740071,0.0
81.01,2044.292437,2035.626166,24542,0.0,0.0,151690.78522048658,0.0
81.02,2097.863204,2044.961721,24542,0.0,0.0,152386.45208313147,0.0
81.03,1892.317931,2022.065153,24543,0.0,0.0,150680.2456898431,0.0
81.04,2045.199013,2025.535232,24545,0.0,0.0,150938.82902753004,0.0
81.05,2045.199013,2028.484799,24545,0.0,0.0,151158.62485338622,0.0
81.06,2045.199013,2030.991931,24545,0.0,0.0,151345.45130908987,0.0
81.07000000000001,2045.199013,2033.122993,24545,0.0,0.0,151504.25378153438,0.0
81.08,2045.199013,2034.934396,24545,0.0,0.0,151639.23590546762,0.0
81.09,2045.199013,2036.474089,24545,0.0,0.0,151753.97074434394,0.0
81.10000000000001,2045.199013,2037.782827,24545,0.0,0.0,151851.49527914496,0.0
81.11,2045.199013,2038.895255,24545,0.0,0.0,151934.39118588838,0.0
81.12,2077.484804,2044.683687,24546,0.0,0.0,152365.7335462594,0.0
81.13,2077.484804,2049.603855,24546,0.0,0.0,152732.37461218913,0.0
81.14,2022.747001,2045.575327,24548,0.0,0.0,152432.17677340642,0.0
81.15,2022.747001,2042.151078,24548,0.0,0.0,152177.00859553757,0.0
81.16,2022.747001,2039.240466,24548,0.0,0.0,151960.1156182677,0.0
81.17,2022.747001,2036.766446,24548,0.0,0.0,151775.7566024919,0.0
81.18,2022.747001,2034.66353,24548,0.0,0.0,151619.05151360048,0.0
81.19,2118.625764,2047.257865,24548,0.0,0.0,152557.55613561263,0.0
81.2,2038.367009,2045.924236,24549,0.0,0.0,152458.17677333986,0.0
81.21000000000001,2038.367009,2044.790652,24549,0.0,0.0,152373.7043638447,0.0
81.22,2054.156998,2046.195604,24549,0.0,0.0,152478.39857324163,0.0
81.23,2038.921814,2045.104536,24550,0.0,0.0,152397.0943709214,0.0
81.24,2018.299926,2041.083844,24551,0.0,0.0,152097.48045516582,0.0
81.25,2018.299926,2037.666257,24551,0.0,0.0,151842.80871619517,0.0
81.26,2018.299926,2034.761307,24551,0.0,0.0,151626.33765982624,0.0
81.27,2018.299926,2032.2921,24551,0.0,0.0,151442.33729917166,0.0
81.28,2018.299926,2030.193274,24551,0.0,0.0,151285.93698888936,0.0
81.29,1949.153153,2018.037256,24552,0.0,0.0,150380.09487191675,0.0
81.3,1949.153153,2007.70464,24552,0.0,0.0,149610.12902032735,0.0
81.31,2064.908711,2016.285251,24552,0.0,0.0,150249.5389679894,0.0
81.32000000000001,2064.908711,2023.57877,24553,0.0,0.0,150793.03739742085,0.0
81.33,2017.422927,2022.655393,24553,0.0,0.0,150724.22919259226,0.0
81.34,2066.101324,2029.172283,24555,0.0,0.0,151209.85478426857,0.0
81.35000000000001,2066.101324,2034.711639,24555,0.0,0.0,151622.63649993445,0.0
81.36,2066.101324,2039.420092,24555,0.0,0.0,151973.5009880576,0.0
81.37,2066.101324,2043.422277,24555,0.0,0.0,152271.73579923646,0.0
81.38,2066.101324,2046.824134,24555,0.0,0.0,152525.23537010892,0.0
81.39,2004.114149,2040.417636,24555,0.0,0.0,152047.83596919483,0.0
81.4,2004.114149,2034.972113,24555,0.0,0.0,151642.04650077323,0.0
81.41,2036.258144,2035.165018,24556,0.0,0.0,151656.42139504984,0.0
81.42,2044.561419,2036.574478,24556,0.0,0.0,151761.4515315788,0.0
81.43,2044.561419,2037.772519,24556,0.0,0.0,151850.72714762838,0.0
81.44,2029.234962,2036.491885,24558,0.0,0.0,151755.29686662456,0.0
81.45,2029.234962,2035.403347,24558,0.0,0.0,151674.18119483755,0.0
81.46000000000001,2029.234962,2034.478089,24558,0.0,0.0,151605.23282165598,0.0
81.47,2029.234962,2033.69162,24558,0.0,0.0,151546.6267268071,0.0
81.48,2029.234962,2033.023121,24558,0.0,0.0,151496.81152010418,0.0
81.49,2098.084206,2042.782284,24558,0.0,0.0,152224.04480256568,0.0
81.5,2044.633173,2043.059917,24559,0.0,0.0,152244.7334577208,0.0
81.51,2044.633173,2043.295906,24559,0.0,0.0,152262.31888539478,0.0
81.52,2036.143197,2042.222999,24559,0.0,0.0,152182.36800442412,0.0
81.53,2036.143197,2041.311029,24560,0.0,0.0,152114.40982639117,0.0
81.54,2023.916326,2038.701824,24561,0.0,0.0,151919.97709514518,0.0
81.55,2023.916326,2036.483999,24561,0.0,0.0,151754.7092176976,0.0
81.56,2023.916326,2034.598848,24561,0.0,0.0,151614.2315404966,0.0
81.57000000000001,2023.916326,2032.99647,24561,0.0,0.0,151494.8255409571,0.0
81.58,2023.916326,2031.634448,24561,0.0,0.0,151393.33038918593,0.0
81.59,2151.390633,2049.597876,24562,0.0,0.0,152731.929069083,0.0
81.60000000000001,2151.390633,2064.866789,24562,0.0,0.0,153869.73788738123,0.0
81.61,2036.33553,2060.587101,24562,0.0,0.0,153550.82410838697,0.0
81.62,2044.599033,2058.18889,24563,0.0,0.0,153372.1142274714,0.0
81.63,2044.599033,2056.150412,24563,0.0,0.0,153220.2109292925,0.0
81.64,2022.339642,2051.078796,24565,0.0,0.0,152842.2842617018,0.0
81.65,2022.339642,2046.767923,24565,0.0,0.0,152521.0466389605,0.0
81.66,2022.339642,2043.103681,24565,0.0,0.0,152247.99466335634,0.0
81.67,2022.339642,2039.989075,24565,0.0,0.0,152015.90046173736,0.0
81.68,2022.339642,2037.34166,24565,0.0,0.0,151818.62039781304,0.0
81.69,2135.914896,2052.127645,24565,0.0,0.0,152920.4423886925,0.0
81.7,2033.17954,2049.28543,24566,0.0,0.0,152708.64621888654,0.0
81.71000000000001,2044.841513,2048.618842,24566,0.0,0.0,152658.97341607657,0.0
81.72,2044.841513,2048.052243,24566,0.0,0.0,152616.75159330253,0.0
81.73,2036.077228,2046.25599,24567,0.0,0.0,152482.89841702898,0.0
81.74,2016.713862,2041.824671,24568,0.0,0.0,152152.6853995802,0.0
81.75,2016.713862,2038.05805,24568,0.0,0.0,151872.0043459265,0.0
81.76,2016.713862,2034.856422,24568,0.0,0.0,151633.42543914315,0.0
81.77,2016.713862,2032.135038,24568,0.0,0.0,151430.63335347365,0.0
81.78,2016.713862,2029.821861,24568,0.0,0.0,151258.2600359438,0.0
81.79,2128.987003,2044.696632,24569,0.0,0.0,152366.69818173492,0.0
81.8,2128.987003,2057.340188,24569,0.0,0.0,153308.87065409412,0.0
81.81,2036.216705,2054.171665,24569,0.0,0.0,153072.75866561264,0.0
81.82000000000001,2044.909606,2052.782356,24570,0.0,0.0,152969.23014124806,0.0
81.83,2044.909606,2051.601444,24570,0.0,0.0,152881.23094397484,0.0
81.84,2018.023433,2046.564742,24572,0.0,0.0,152505.90599774325,0.0
81.85000000000001,2018.023433,2042.283546,24572,0.0,0.0,152186.879845609,0.0
81.86,2018.023433,2038.644529,24572,0.0,0.0,151915.7075864877,0.0
81.87,2018.023433,2035.551364,24572,0.0,0.0,151685.21112524965,0.0
81.88,2018.023433,2032.922175,24572,0.0,0.0,151489.28922634482,0.0
81.89,2141.320157,2049.181872,24572,0.0,0.0,152700.92928411817,0.0
81.9,2141.320157,2063.002615,24572,0.0,0.0,153730.8233742104,0.0
81.91,2036.130064,2058.971732,24573,0.0,0.0,153430.450045544,0.0
81.92,2044.72783,2056.835147,24573,0.0,0.0,153271.23601020017,0.0
81.93,2044.72783,2055.019049,24573,0.0,0.0,153135.90402426943,0.0
81.94,2019.725762,2049.725056,24575,0.0,0.0,152741.40626798457,0.0
81.95,2019.725762,2045.225162,24575,0.0,0.0,152406.08317886837,0.0
81.96000000000001,2019.725762,2041.400252,24575,0.0,0.0,152121.05854566774,0.0
81.97,2019.725762,2038.149079,24575,0.0,0.0,151878.78764470623,0.0
81.98,2019.725762,2035.385581,24575,0.0,0.0,151672.8573080969,0.0
81.99,2123.735691,2048.638098,24575,0.0,0.0,152660.40833463334,0.0
82.0,2044.86421,2048.072015,24576,0.0,0.0,152618.22496314594,0.0
82.01,2044.86421,2047.590844,24576,0.0,0.0,152582.36906384845,0.0
82.02,2036.263846,2045.891794,24576,0.0,0.0,152455.75926047022,0.0
82.03,2044.7769,2045.72456,24577,0.0,0.0,152443.29731770328,0.0
82.04,2035.056017,2044.124279,24579,0.0,0.0,152324.04758240416,0.0
82.05,2035.056017,2042.76404,24579,0.0,0.0,152222.68529622222,0.0
82.06,2035.056017,2041.607836,24579,0.0,0.0,152136.52728962727,0.0
82.07000000000001,2035.056017,2040.625063,24579,0.0,0.0,152063.29301382878,0.0
82.08,2035.056017,2039.789706,24579,0.0,0.0,152001.04388312597,0.0
82.09,2035.056017,2039.079653,24579,0.0,0.0,151948.13215556167,0.0
82.10000000000001,2035.056017,2038.476108,24579,0.0,0.0,151903.1571908579,0.0
82.11,2035.056017,2037.963094,24579,0.0,0.0,151864.9284149712,0.0
82.12,2079.025162,2044.122404,24580,0.0,0.0,152323.90786115918,0.0
82.13,2079.025162,2049.357818,24580,0.0,0.0,152714.04042767792,0.0
82.14,2021.690933,2045.207785,24582,0.0,0.0,152404.78827962858,0.0
82.15,2021.690933,2041.680257,24582,0.0,0.0,152141.92395751254,0.0
82.16,2021.690933,2038.681859,24582,0.0,0.0,151918.4893433283,0.0
82.17,2021.690933,2036.13322,24582,0.0,0.0,151728.5698691091,0.0
82.18,2021.690933,2033.966877,24582,0.0,0.0,151567.13832720052,0.0
82.19,1992.052192,2027.679674,24582,0.0,0.0,151098.62855077893,0.0
82.2,1992.052192,2022.335552,24582,0.0,0.0,150700.39528180545,0.0
82.21000000000001,2042.146267,2025.307159,24583,0.0,0.0,150921.833484323,0.0
82.22,2042.146267,2027.833025,24583,0.0,0.0,151110.05596018877,0.0
82.23,2036.037628,2029.063716,24584,0.0,0.0,151201.76458885154,0.0
82.24,2063.886585,2034.287146,24585,0.0,0.0,151591.00413169016,0.0
82.25,2063.886585,2038.727062,24585,0.0,0.0,151921.857780362,0.0
82.26,2063.886585,2042.50099,24585,0.0,0.0,152203.08333702228,0.0
82.27,2063.886585,2045.708829,24585,0.0,0.0,152442.12507508713,0.0
82.28,2063.886585,2048.435493,24585,0.0,0.0,152645.31061578254,0.0
82.29,1967.980111,2036.367186,24586,0.0,0.0,151746.00454687446,0.0
82.3,2068.262787,2041.151526,24586,0.0,0.0,152102.52398226171,0.0
82.31,2068.262787,2045.218215,24586,0.0,0.0,152405.56550234085,0.0
82.32000000000001,2038.927523,2044.274611,24587,0.0,0.0,152335.2500219801,0.0
82.33,2038.927523,2043.472548,24587,0.0,0.0,152275.48189348067,0.0
82.34,2050.975837,2044.598041,24589,0.0,0.0,152359.3513778593,0.0
82.35000000000001,2050.975837,2045.554711,24589,0.0,0.0,152430.64051037334,0.0
82.36,2050.975837,2046.36788,24589,0.0,0.0,152491.23623575116,0.0
82.37,2050.975837,2047.059073,24589,0.0,0.0,152542.74255388565,0.0
82.38,2050.975837,2047.646588,24589,0.0,0.0,152586.5229950921,0.0
82.39,1954.281143,2033.641771,24589,0.0,0.0,151542.91207915777,0.0
82.4,1954.281143,2021.737677,24589,0.0,0.0,150655.84283414664,0.0
82.41,2036.375141,2023.933296,24590,0.0,0.0,150819.45596494531,0.0
82.42,2044.175138,2026.969573,24590,0.0,0.0,151045.71324635076,0.0
82.43,2044.175138,2029.550407,24590,0.0,0.0,151238.03182749427,0.0
82.44,2029.628689,2029.56215,24592,0.0,0.0,151238.90689233702,0.0
82.45,2029.628689,2029.57213,24592,0.0,0.0,151239.65058195047,0.0
82.46000000000001,2029.628689,2029.580614,24592,0.0,0.0,151240.28279263983,0.0
82.47,2029.628689,2029.587825,24592,0.0,0.0,151240.8201419187,0.0
82.48,2029.628689,2029.593955,24592,0.0,0.0,151241.27693724234,0.0
82.49,2096.405006,2039.615613,24592,0.0,0.0,151988.07082141528,0.0
82.5,2044.667314,2040.373368,24593,0.0,0.0,152044.53720648866,0.0
82.51,2044.667314,2041.01746,24593,0.0,0.0,152092.5336524305,0.0
82.52,2036.150731,2040.28745,24593,0.0,0.0,152038.1347691933,0.0
82.53,2036.150731,2039.666942,24594,0.0,0.0,151991.89575570068,0.0
82.54,2023.853171,2037.294877,24595,0.0,0.0,151815.1342223436,0.0
82.55,2023.853171,2035.278621,24595,0.0,0.0,151664.8868631015,0.0
82.56,2023.853171,2033.564803,24595,0.0,0.0,151537.17657793858,0.0
82.57000000000001,2023.853171,2032.108058,24595,0.0,0.0,151428.62285790546,0.0
82.58,2023.853171,2030.869825,24595,0.0,0.0,151336.35221450686,0.0
82.59,2151.76198,2049.003649,24596,0.0,0.0,152687.64846307854,0.0
82.60000000000001,2039.00867,2047.504402,24596,0.0,0.0,152575.9275791225,0.0
82.61,2039.00867,2046.230042,24596,0.0,0.0,152480.96482403402,0.0
82.62,2039.061582,2045.154773,24597,0.0,0.0,152400.83793155372,0.0
82.63,2039.061582,2044.240794,24597,0.0,0.0,152332.7300468641,0.0
82.64,2027.0235,2041.6582,24599,0.0,0.0,152140.28031404526,0.0
82.65,2027.0235,2039.462995,24599,0.0,0.0,151976.69803369744,0.0
82.66,2027.0235,2037.597071,24599,0.0,0.0,151837.6531140313,0.0
82.67,2027.0235,2036.011035,24599,0.0,0.0,151719.46488760432,0.0
82.68,2027.0235,2034.662905,24599,0.0,0.0,151619.00493985214,0.0
82.69,2113.250477,2046.451041,24599,0.0,0.0,152497.43322692788,0.0
82.7,2038.997456,2045.333003,24600,0.0,0.0,152414.11927421932,0.0
82.71000000000001,2044.920853,2045.27118,24600,0.0,0.0,152409.51234806987,0.0
82.72,2033.190926,2043.459142,24600,0.0,0.0,152274.48290520834,0.0
82.73,2033.190926,2041.91891,24601,0.0,0.0,152159.70790113142,0.0
82.74,2022.751386,2039.043781,24602,0.0,0.0,151945.45904596112,0.0
82.75,2022.751386,2036.599922,24602,0.0,0.0,151763.34756750308,0.0
82.76,2022.751386,2034.522641,24602,0.0,0.0,151608.55274747344,0.0
82.77,2022.751386,2032.756953,24602,0.0,0.0,151476.97721378852,0.0
82.78,2022.751386,2031.256118,24602,0.0,0.0,151365.13799525276,0.0
82.79,2113.75663,2043.631195,24603,0.0,0.0,152287.30395020443,0.0
82.8,2044.90572,2043.822374,24603,0.0,0.0,152301.5502264177,0.0
82.81,2044.90572,2043.984876,24603,0.0,0.0,152313.65955002117,0.0
82.82000000000001,2035.999964,2042.787139,24604,0.0,0.0,152224.4065874428,0.0
82.83,2035.999964,2041.769062,24604,0.0,0.0,152148.54152826619,0.0
82.84,2019.204757,2038.384417,24606,0.0,0.0,151896.32456116393,0.0
82.85000000000001,2019.204757,2035.507468,24606,0.0,0.0,151681.94008323847,0.0
82.86,2019.204757,2033.062061,24606,0.0,0.0,151499.71325092053,0.0
82.87,2019.204757,2030.983465,24606,0.0,0.0,151344.8204397244,0.0
82.88,2019.204757,2029.216659,24606,0.0,0.0,151213.1615949185,0.0
82.89,2135.917168,2045.221735,24606,0.0,0.0,152405.82780569146,0.0
82.9,2027.335235,2042.53876,24606,0.0,0.0,152205.8978817818,0.0
82.91,2044.338012,2042.808648,24607,0.0,0.0,152226.0093950475,0.0
82.92,2044.338012,2043.038053,24607,0.0,0.0,152243.10419622698,0.0
82.93,2039.346683,2042.484347,24607,0.0,0.0,152201.84313399257,0.0
82.94,2023.615553,2039.654028,24609,0.0,0.0,151990.93343028304,0.0
82.95,2023.615553,2037.248257,24609,0.0,0.0,151811.66019330765,0.0
82.96000000000001,2023.615553,2035.203351,24609,0.0,0.0,151659.27789344185,0.0
82.97,2023.615553,2033.465182,24609,0.0,0.0,151529.75302052568,0.0
82.98,2023.615553,2031.987737,24609,0.0,0.0,151419.65677794768,0.0
82.99,2096.82609,2041.71349,24609,0.0,0.0,152144.40041411816,0.0
83.0,2039.053936,2041.314557,24610,0.0,0.0,152114.67272588582,0.0
83.01,2039.053936,2040.975464,24610,0.0,0.0,152089.40419461427,0.0
83.02,2036.201636,2040.25939,24610,0.0,0.0,152036.04379418798,0.0
83.03,2044.890588,2040.95407,24611,0.0,0.0,152087.80995657918,0.0
83.04,2026.575559,2038.797293,24613,0.0,0.0,151927.09125383312,0.0
83.05,2026.575559,2036.964033,24613,0.0,0.0,151790.48039003205,0.0
83.06,2026.575559,2035.405762,24613,0.0,0.0,151674.3611558012,0.0
83.07000000000001,2026.575559,2034.081231,24613,0.0,0.0,151575.65975826816,0.0
83.08,2026.575559,2032.95538,24613,0.0,0.0,151491.76359644646,0.0
83.09,2026.575559,2031.998407,24613,0.0,0.0,151420.4518849793,0.0
83.10000000000001,2026.575559,2031.18498,24613,0.0,0.0,151359.83693395808,0.0
83.11,2026.575559,2030.493567,24613,0.0,0.0,151308.3142218642,0.0
83.12,2106.623742,2041.913093,24614,0.0,0.0,152159.2744299409,0.0
83.13,2106.623742,2051.61969,24614,0.0,0.0,152882.5905993543,0.0
83.14,2024.184042,2047.504343,24616,0.0,0.0,152575.92318256068,0.0
83.15,2024.184042,2044.006298,24616,0.0,0.0,152315.25587456016,0.0
83.16,2024.184042,2041.032959,24616,0.0,0.0,152093.68860687126,0.0
83.17,2024.184042,2038.505622,24616,0.0,0.0,151905.35651503134,0.0
83.18,2024.184042,2036.357385,24616,0.0,0.0,151745.27419598258,0.0
83.19,1961.791855,2025.172555,24616,0.0,0.0,150911.80306380923,0.0
83.2,1961.791855,2015.66545,24616,0.0,0.0,150203.3526387209,0.0
83.21000000000001,2039.25419,2019.203761,24617,0.0,0.0,150467.02048840228,0.0
83.22,2033.187266,2021.301287,24617,0.0,0.0,150623.32392528802,0.0
83.23,2068.350688,2028.358697,24617,0.0,0.0,151149.2279848858,0.0
83.24,2058.295607,2032.849233,24619,0.0,0.0,151483.85373458295,0.0
83.25,2058.295607,2036.666189,24619,0.0,0.0,151768.28565163273,0.0
83.26,2058.295607,2039.910602,24619,0.0,0.0,152010.05281093222,0.0
83.27,2058.295607,2042.668353,24619,0.0,0.0,152215.5548926109,0.0
83.28,2058.295607,2045.012441,24619,0.0,0.0,152390.23163595647,0.0
83.29,1961.051504,2032.4183,24620,0.0,0.0,151451.7414704358,0.0
83.3,2044.916967,2034.2931,24620,0.0,0.0,151591.44781184633,0.0
83.31,2062.46865,2038.519433,24620,0.0,0.0,151906.38568309258,0.0
83.32000000000001,2038.778294,2038.558262,24621,0.0,0.0,151909.27914241125,0.0
83.33,2038.778294,2038.591267,24621,0.0,0.0,151911.73860891344,0.0
83.34,2061.799222,2042.07246,24623,0.0,0.0,152171.1501396228,0.0
83.35000000000001,2061.799222,2045.031474,24623,0.0,0.0,152391.64993699983,0.0
83.36,2061.799222,2047.546636,24623,0.0,0.0,152579.0747722221,0.0
83.37,2061.799222,2049.684524,24623,0.0,0.0,152738.38590451644,0.0
83.38,2061.799222,2051.501729,24623,0.0,0.0,152873.8003818702,0.0
83.39,1958.325078,2037.525231,24623,0.0,0.0,151832.2997411025,0.0
83.4,2033.014055,2036.848555,24623,0.0,0.0,151781.8752007354,0.0
83.41,2033.014055,2036.27338,24624,0.0,0.0,151739.01431161613,0.0
83.42,2044.968194,2037.577602,24624,0.0,0.0,151836.20232314113,0.0
83.43,2044.968194,2038.686191,24624,0.0,0.0,151918.81215529278,0.0
83.44,2024.891313,2036.616959,24626,0.0,0.0,151764.61713062375,0.0
83.45,2024.891313,2034.858112,24626,0.0,0.0,151633.55137455862,0.0
83.46000000000001,2024.891313,2033.363092,24626,0.0,0.0,151522.1454781774,0.0
83.47,2024.891313,2032.092325,24626,0.0,0.0,151427.45046625336,0.0
83.48,2024.891313,2031.012173,24626,0.0,0.0,151346.95970239202,0.0
83.49,2118.506626,2044.136341,24626,0.0,0.0,152324.9464184881,0.0
83.5,2038.81988,2043.338872,24627,0.0,0.0,152265.52062566843,0.0
83.51,2038.81988,2042.661023,24627,0.0,0.0,152215.00867569036,0.0
83.52,2039.031303,2042.116565,24627,0.0,0.0,152174.4367558954,0.0
83.53,2039.031303,2041.653776,24628,0.0,0.0,152139.95064642504,0.0
83.54,2022.233016,2038.740662,24629,0.0,0.0,151922.8712251258,0.0
83.55,2022.233016,2036.264515,24629,0.0,0.0,151738.3537095697,0.0
83.56,2022.233016,2034.15979,24629,0.0,0.0,151581.51381762107,0.0
83.57000000000001,2022.233016,2032.370774,24629,0.0,0.0,151448.1999280943,0.0
83.58,2022.233016,2030.85011,24629,0.0,0.0,151334.88309218932,0.0
83.59,2159.790658,2050.191193,24630,0.0,0.0,152776.14186371,0.0
83.60000000000001,2044.860325,2049.391562,24630,0.0,0.0,152716.5549629801,0.0
83.61,2044.860325,2048.711877,24630,0.0,0.0,152665.90619795903,0.0
83.62,2036.288385,2046.848353,24631,0.0,0.0,152527.04012148647,0.0
83.63,2036.288385,2045.264358,24631,0.0,0.0,152409.00398629205,0.0
83.64,2026.739643,2042.485651,24633,0.0,0.0,152201.94030546112,0.0
83.65,2026.739643,2040.12375,24633,0.0,0.0,152025.93617302895,0.0
83.66,2026.739643,2038.116134,24633,0.0,0.0,151876.33264928396,0.0
83.67,2026.739643,2036.40966,24633,0.0,0.0,151749.16962429343,0.0
83.68,2026.739643,2034.959158,24633,0.0,0.0,151641.08112011774,0.0
83.69,2090.265579,2043.255121,24633,0.0,0.0,152259.2796688733,0.0
83.7,2043.986138,2043.364773,24633,0.0,0.0,152267.4507163175,0.0
83.71000000000001,2043.986138,2043.457978,24634,0.0,0.0,152274.39616625942,0.0
83.72,2039.567701,2042.874437,24634,0.0,0.0,152230.9118595744,0.0
83.73,2038.970746,2042.288883,24635,0.0,0.0,152187.27754816078,0.0
83.74,2019.229718,2038.830008,24636,0.0,0.0,151929.529110116,0.0
83.75,2019.229718,2035.889965,24636,0.0,0.0,151710.4429936665,0.0
83.76,2019.229718,2033.390928,24636,0.0,0.0,151524.21976115133,0.0
83.77,2019.229718,2031.266746,24636,0.0,0.0,151365.92997252848,0.0
83.78,2019.229718,2029.461192,24636,0.0,0.0,151231.38370436168,0.0
83.79,2114.056625,2042.150507,24637,0.0,0.0,152176.96604576107,0.0
83.8,2114.056625,2052.936425,24637,0.0,0.0,152980.71105458,0.0
83.81,2039.248479,2050.883233,24637,0.0,0.0,152827.71129858828,0.0
83.82000000000001,2038.989912,2049.099235,24638,0.0,0.0,152694.7713403721,0.0
83.83,2038.989912,2047.582836,24638,0.0,0.0,152581.77232372577,0.0
83.84,2019.501103,2043.370576,24639,0.0,0.0,152267.88314425605,0.0
83.85000000000001,2019.501103,2039.790155,24639,0.0,0.0,152001.07734170675,0.0
83.86,2019.501103,2036.746797,24640,0.0,0.0,151774.2923983622,0.0
83.87,2019.501103,2034.159943,24640,0.0,0.0,151581.52521887468,0.0
83.88,2019.501103,2031.961117,24640,0.0,0.0,151417.67310885855,0.0
83.89,2129.439282,2046.582842,24640,0.0,0.0,152507.25477349508,0.0
83.9,2033.17588,2044.571798,24640,0.0,0.0,152357.39580205517,0.0
83.91,2039.035177,2043.741305,24641,0.0,0.0,152295.5091268914,0.0
83.92,2044.74296,2043.891553,24641,0.0,0.0,152306.70530695553,0.0
83.93,2044.74296,2044.019264,24641,0.0,0.0,152316.22207491368,0.0
83.94,2020.609276,2040.507766,24643,0.0,0.0,152054.55227629497,0.0
83.95,2020.609276,2037.522992,24643,0.0,0.0,151832.13289530642,0.0
83.96000000000001,2020.609276,2034.985935,24643,0.0,0.0,151643.07648853245,0.0
83.97,2020.609276,2032.829436,24643,0.0,0.0,151482.37850178964,0.0
83.98,2020.609276,2030.996412,24643,0.0,0.0,151345.78522423594,0.0
83.99,2123.552286,2044.879793,24643,0.0,0.0,152380.34697264546,0.0
84.0,2123.552286,2056.680667,24644,0.0,0.0,153259.72446997132,0.0
84.01,2039.220132,2054.061587,24644,0.0,0.0,153064.55587350158,0.0
84.02,2039.220132,2051.835369,24644,0.0,0.0,152898.66256650232,0.0
84.03,2042.235213,2050.395345,24645,0.0,0.0,152791.35486190268,0.0
84.04,2029.616968,2047.278589,24647,0.0,0.0,152559.10044658947,0.0
84.05,2029.616968,2044.629346,24647,0.0,0.0,152361.684163766,0.0
84.06,2029.616968,2042.377489,24647,0.0,0.0,152193.88028983297,0.0
84.07000000000001,2029.616968,2040.463411,24647,0.0,0.0,152051.24703052297,0.0
84.08,2029.616968,2038.836444,24647,0.0,0.0,151930.00870794695,0.0
84.09,2029.616968,2037.453523,24647,0.0,0.0,151826.95620454938,0.0
84.10000000000001,2029.616968,2036.27804,24647,0.0,0.0,151739.3615654837,0.0
84.11,2029.616968,2035.278879,24647,0.0,0.0,151664.9060887448,0.0
84.12,2102.627556,2045.38118,24648,0.0,0.0,152417.70932777715,0.0
84.13,2102.627556,2053.968137,24648,0.0,0.0,153057.59216665025,0.0
84.14,2018.515069,2048.650177,24650,0.0,0.0,152661.30843752323,0.0
84.15,2018.515069,2044.12991,24650,0.0,0.0,152324.4671932472,0.0
84.16,2018.515069,2040.287684,24650,0.0,0.0,152038.1522064047,0.0
84.17,2018.515069,2037.021792,24650,0.0,0.0,151794.78447504033,0.0
84.18,2018.515069,2034.245783,24650,0.0,0.0,151587.92184376626,0.0
84.19,2018.515069,2031.886176,24650,0.0,0.0,151412.08865562,0.0
84.2,2073.266962,2038.093294,24650,0.0,0.0,151874.63065822466,0.0
84.21000000000001,2073.266962,2043.369344,24651,0.0,0.0,152267.79133808333,0.0
84.22,2027.446035,2040.980848,24651,0.0,0.0,152089.8053995119,0.0
84.23,2144.371494,2056.489445,24651,0.0,0.0,153245.4749894842,0.0
84.24,2018.156641,2050.739524,24654,0.0,0.0,152817.00239170872,0.0
84.25,2018.156641,2045.852092,24654,0.0,0.0,152452.80074693987,0.0
84.26,2018.156641,2041.697774,24654,0.0,0.0,152143.22928927196,0.0
84.27,2018.156641,2038.166604,24654,0.0,0.0,151880.09357260962,0.0
84.28,2018.156641,2035.16511,24654,0.0,0.0,151656.4282507056,0.0
84.29,2018.156641,2032.613839,24654,0.0,0.0,151466.31264511743,0.0
84.3,2018.156641,2030.44526,24654,0.0,0.0,151304.71448096674,0.0
84.31,2093.86053,2039.95755,24654,0.0,0.0,152013.55128187127,0.0
84.32000000000001,2093.86053,2048.042997,24655,0.0,0.0,152616.06259989913,0.0
84.33,2003.91647,2041.424018,24655,0.0,0.0,152122.82954039247,0.0
84.34,2057.612282,2043.852258,24657,0.0,0.0,152303.77712225012,0.0
84.35000000000001,2057.612282,2045.916261,24657,0.0,0.0,152457.5824923111,0.0
84.36,2057.612282,2047.670664,24657,0.0,0.0,152588.317090396,0.0
84.37,2057.612282,2049.161907,24657,0.0,0.0,152699.4415323013,0.0
84.38,2057.612282,2050.429463,24657,0.0,0.0,152793.89726693594,0.0
84.39,2057.612282,2051.506886,24657,0.0,0.0,152874.18467118253,0.0
84.4,2057.612282,2052.422695,24657,0.0,0.0,152942.42892380725,0.0
84.41,1983.404262,2042.06993,24658,0.0,0.0,152170.96160908954,0.0
84.42,2120.974763,2053.905655,24658,0.0,0.0,153052.93613314055,0.0
84.43,2120.974763,2063.966021,24658,0.0,0.0,153802.61445995446,0.0
84.44,2022.324451,2057.719786,24660,0.0,0.0,153337.15753684787,0.0
84.45,2022.324451,2052.410485,24660,0.0,0.0,152941.5190590597,0.0
84.46000000000001,2022.324451,2047.89758,24660,0.0,0.0,152605.22641628014,0.0
84.47,2022.324451,2044.061611,24660,0.0,0.0,152319.37768854696,0.0
84.48,2022.324451,2040.801037,24660,0.0,0.0,152076.40624389244,0.0
84.49,2022.324451,2038.029549,24660,0.0,0.0,151869.88050848435,0.0
84.5,2097.594029,2046.964221,24661,0.0,0.0,152535.6743728021,0.0
84.51,2121.069146,2058.07996,24661,0.0,0.0,153363.99698202132,0.0
84.52,1880.778502,2031.484741,24661,0.0,0.0,151382.17452335832,0.0
84.53,1880.778502,2008.878805,24662,0.0,0.0,149697.6254446725,0.0
84.54,2052.805643,2015.467831,24664,0.0,0.0,150188.62646660485,0.0
84.55,2052.805643,2021.068502,24664,0.0,0.0,150605.97725327755,0.0
84.56,2052.805643,2025.829073,24664,0.0,0.0,150960.72547038604,0.0
84.57000000000001,2052.805643,2029.875559,24664,0.0,0.0,151262.26150336495,0.0
84.58,2052.805643,2033.315071,24664,0.0,0.0,151518.56704942722,0.0
84.59,2052.805643,2036.238657,24664,0.0,0.0,151736.42682319455,0.0
84.60000000000001,2052.805643,2038.723705,24664,0.0,0.0,151921.60762344496,0.0
84.61,2042.909734,2039.351609,24664,0.0,0.0,151968.39777204586,0.0
84.62,2114.853874,2050.676949,24665,0.0,0.0,152812.3394280253,0.0
84.63,2114.853874,2060.303488,24665,0.0,0.0,153529.6898356077,0.0
84.64,2033.118889,2056.225798,24667,0.0,0.0,153225.82854303985,0.0
84.65,2033.118889,2052.759761,24667,0.0,0.0,152967.54640709818,0.0
84.66,2033.118889,2049.81363,24667,0.0,0.0,152748.0066250809,0.0
84.67,2033.118889,2047.309419,24667,0.0,0.0,152561.39783644737,0.0
84.68,2033.118889,2045.18084,24667,0.0,0.0,152402.78039219033,0.0
84.69,2033.118889,2043.371547,24667,0.0,0.0,152267.95550123145,0.0
84.7,2033.118889,2041.833648,24667,0.0,0.0,152153.35434764234,0.0
84.71000000000001,2043.542381,2042.089958,24668,0.0,0.0,152172.45405554018,0.0
84.72,1904.020982,2021.379612,24668,0.0,0.0,150629.16054742955,0.0
84.73,1904.020982,2003.775817,24668,0.0,0.0,149317.36099846932,0.0
84.74,2050.825994,2010.833344,24671,0.0,0.0,149843.27377667278,0.0
84.75,2050.825994,2016.832241,24671,0.0,0.0,150290.29956735368,0.0
84.76,2050.825994,2021.931304,24671,0.0,0.0,150670.27153041732,0.0
84.77,2050.825994,2026.265508,24671,0.0,0.0,150993.2477325545,0.0
84.78,2050.825994,2029.949581,24671,0.0,0.0,151267.77747456392,0.0
84.79,2050.825994,2033.081043,24671,0.0,0.0,151501.127751546,0.0
84.8,2050.825994,2035.742785,24671,0.0,0.0,151699.4754348182,0.0
84.81,2015.578972,2032.718213,24671,0.0,0.0,151474.09038657165,0.0
84.82000000000001,2114.767434,2045.025596,24672,0.0,0.0,152391.21192021144,0.0
84.83,2114.767434,2055.486872,24672,0.0,0.0,153170.7652573384,0.0
84.84,2046.575861,2054.15022,24674,0.0,0.0,153071.16062715967,0.0
84.85000000000001,2046.575861,2053.014066,24674,0.0,0.0,152986.49670641142,0.0
84.86,2046.575861,2052.048336,24674,0.0,0.0,152914.53244084152,0.0
84.87,2046.575861,2051.227464,24674,0.0,0.0,152853.36270333017,0.0
84.88,2046.575861,2050.529724,24674,0.0,0.0,152801.3685158671,0.0
84.89,2046.575861,2049.936644,24674,0.0,0.0,152757.17338200545,0.0
84.9,2046.575861,2049.432527,24674,0.0,0.0,152719.60759274111,0.0
84.91,2050.92272,2049.656056,24675,0.0,0.0,152736.2645261682,0.0
84.92,2050.92272,2049.846055,24675,0.0,0.0,152750.42287114458,0.0
84.93,2012.968372,2044.314403,24675,0.0,0.0,152338.2152421302,0.0
84.94,2013.582016,2039.704545,24677,0.0,0.0,151994.6978559546,0.0
84.95,2013.582016,2035.786165,24677,0.0,0.0,151702.7080255428,0.0
84.96000000000001,2013.582016,2032.455543,24677,0.0,0.0,151454.5167442107,0.0
84.97,2013.582016,2029.624514,24677,0.0,0.0,151243.55413272302,0.0
84.98,2013.582016,2027.218139,24677,0.0,0.0,151064.2358868772,0.0
84.99,2013.582016,2025.172721,24677,0.0,0.0,150911.8154337968,0.0
85.0,2013.582016,2023.434115,24678,0.0,0.0,150782.25799651584,0.0
85.01,2045.16687,2026.694028,24678,0.0,0.0,151025.18018477404,0.0
85.02,2045.16687,2029.464955,24678,0.0,0.0,151231.6641155857,0.0
85.03,2127.600235,2044.185247,24679,0.0,0.0,152328.5907956659,0.0
85.04,2034.034367,2042.662615,24682,0.0,0.0,152215.12730834217,0.0
85.05,2034.034367,2041.368378,24682,0.0,0.0,152118.68335902056,0.0
85.06,2034.034367,2040.268276,24682,0.0,0.0,152036.70596111237,0.0
85.07000000000001,2034.034367,2039.33319,24682,0.0,0.0,151967.0252250529,0.0
85.08,2034.034367,2038.538366,24682,0.0,0.0,151907.79653233622,0.0
85.09,2034.034367,2037.862766,24682,0.0,0.0,151857.4521733342,0.0
85.10000000000001,2034.034367,2037.288506,24682,0.0,0.0,151814.65946818254,0.0
85.11,2034.034367,2036.800386,24682,0.0,0.0,151778.28574332158,0.0
85.12,2034.034367,2036.385483,24682,0.0,0.0,151747.36800267178,0.0
85.13,2034.034367,2036.032815,24682,0.0,0.0,151721.08788958637,0.0
85.14,2030.961848,2035.27217,24684,0.0,0.0,151664.4061475007,0.0
85.15,2030.961848,2034.625622,24684,0.0,0.0,151616.22668535737,0.0
85.16,2030.961848,2034.076056,24684,0.0,0.0,151575.27412763194,0.0
85.17,2030.961848,2033.608925,24684,0.0,0.0,151540.46446101714,0.0
85.18,2030.961848,2033.211863,24684,0.0,0.0,151510.87619595786,0.0
85.19,2030.961848,2032.874361,24684,0.0,0.0,151485.72622282009,0.0
85.2,2054.846573,2036.170193,24684,0.0,0.0,151731.32502302472,0.0
85.21000000000001,2054.846573,2038.97165,24685,0.0,0.0,151940.08398829508,0.0
85.22,2039.157831,2038.999577,24685,0.0,0.0,151942.16505240675,0.0
85.23,2039.157831,2039.023315,24685,0.0,0.0,151943.93396062756,0.0
85.24,2057.635919,2041.815206,24687,0.0,0.0,152151.98008673542,0.0
85.25,2057.635919,2044.188313,24687,0.0,0.0,152328.81926784577,0.0
85.26,2057.635919,2046.205454,24687,0.0,0.0,152479.13257551548,0.0
85.27,2057.635919,2047.920023,24687,0.0,0.0,152606.8988236944,0.0
85.28,2057.635919,2049.377408,24687,0.0,0.0,152715.50023524577,0.0
85.29,1971.815955,2037.74319,24688,0.0,0.0,151848.54160928447,0.0
85.3,1971.815955,2027.854105,24688,0.0,0.0,151111.6267995727,0.0
85.31,2053.759509,2031.739915,24688,0.0,0.0,151401.18957881126,0.0
85.32000000000001,2039.06148,2032.83815,24689,0.0,0.0,151483.02785161848,0.0
85.33,2039.020088,2033.765441,24689,0.0,0.0,151552.1277198886,0.0
85.34,2024.674529,2032.401804,24690,0.0,0.0,151450.51222155176,0.0
85.35000000000001,2024.674529,2031.242713,24690,0.0,0.0,151364.1390814985,0.0
85.36,2024.674529,2030.257485,24690,0.0,0.0,151290.7218640165,0.0
85.37,2024.674529,2029.420042,24691,0.0,0.0,151228.31728877124,0.0
85.38,2024.674529,2028.708215,24691,0.0,0.0,151175.27336627964,0.0
85.39,2116.590415,2041.890545,24691,0.0,0.0,152157.5941981369,0.0
85.4,2116.590415,2053.095525,24691,0.0,0.0,152992.56686795663,0.0
85.41,2036.331762,2050.580961,24692,0.0,0.0,152805.1865944967,0.0
85.42,2021.034291,2046.14896,24692,0.0,0.0,152474.9227557738,0.0
85.43,2021.034291,2042.38176,24692,0.0,0.0,152194.1985561996,0.0
85.44,2020.060304,2039.033541,24694,0.0,0.0,151944.69598166834,0.0
85.45,2020.060304,2036.187556,24694,0.0,0.0,151732.61887901256,0.0
85.46000000000001,2020.060304,2033.768468,24694,0.0,0.0,151552.35328586656,0.0
85.47,2020.060304,2031.712244,24694,0.0,0.0,151399.12759130687,0.0
85.48,2020.060304,2029.964453,24694,0.0,0.0,151268.88570622035,0.0
85.49,2141.076283,2046.631227,24694,0.0,0.0,152510.8603267963,0.0
85.5,2015.597789,2041.976212,24695,0.0,0.0,152163.97793141493,0.0
85.51,2015.597789,2038.019448,24695,0.0,0.0,151869.12780219322,0.0
85.52,2039.065355,2038.176334,24695,0.0,0.0,151880.81863272368,0.0
85.53,2039.065355,2038.309687,24696,0.0,0.0,151890.75583122278,0.0
85.54,2025.696415,2036.417696,24697,0.0,0.0,151749.76845092003,0.0
85.55,2025.696415,2034.809504,24697,0.0,0.0,151629.92920374402,0.0
85.56,2025.696415,2033.442541,24697,0.0,0.0,151528.06585854795,0.0
85.57000000000001,2025.696415,2032.280622,24697,0.0,0.0,151441.48198159822,0.0
85.58,2025.696415,2031.292991,24697,0.0,0.0,151367.88569736865,0.0
85.59,2099.956885,2041.592575,24698,0.0,0.0,152135.39007046988,0.0
85.60000000000001,2099.956885,2050.347222,24698,0.0,0.0,152787.76883231677,0.0
85.61,2036.41842,2048.257901,24698,0.0,0.0,152632.07681559917,0.0
85.62,2044.678558,2047.721,24699,0.0,0.0,152592.06802831008,0.0
85.63,2044.678558,2047.264634,24699,0.0,0.0,152558.06054793662,0.0
85.64,2019.780015,2043.141941,24701,0.0,0.0,152250.84572193451,0.0
85.65,2019.780015,2039.637652,24701,0.0,0.0,151989.7131235586,0.0
85.66,2019.780015,2036.659007,24701,0.0,0.0,151767.75046337585,0.0
85.67,2019.780015,2034.127158,24701,0.0,0.0,151579.08214633196,0.0
85.68,2019.780015,2031.975086,24701,0.0,0.0,151418.71405076334,0.0
85.69,2123.508187,2045.705052,24701,0.0,0.0,152441.8436206112,0.0
85.7,2039.050266,2044.706834,24701,0.0,0.0,152367.4584143438,0.0
85.71000000000001,2044.85644,2044.729275,24702,0.0,0.0,152369.13067272207,0.0
85.72,2044.85644,2044.748349,24702,0.0,0.0,152370.5520290033,0.0
85.73,2039.02386,2043.889676,24702,0.0,0.0,152306.56543667454,0.0
85.74,2018.043245,2040.012711,24704,0.0,0.0,152017.66176912247,0.0
85.75,2018.043245,2036.717291,24704,0.0,0.0,151772.09367033272,0.0
85.76,2018.043245,2033.916184,24704,0.0,0.0,151563.36078636145,0.0
85.77,2018.043245,2031.535243,24704,0.0,0.0,151385.93783125994,0.0
85.78,2018.043245,2029.511443,24704,0.0,0.0,151235.128308246,0.0
85.79,2119.042929,2042.941166,24705,0.0,0.0,152235.88437101888,0.0
85.8,2119.042929,2054.356431,24705,0.0,0.0,153086.5270579089,0.0
85.81,2039.206978,2052.084013,24705,0.0,0.0,152917.19101943262,0.0
85.82000000000001,2033.202108,2049.251727,24706,0.0,0.0,152706.13473882226,0.0
85.83,2033.202108,2046.844284,24706,0.0,0.0,152526.73690775532,0.0
85.84,2021.357533,2043.021272,24707,0.0,0.0,152241.85370971364,0.0
85.85000000000001,2021.357533,2039.771711,24707,0.0,0.0,151999.70293176384,0.0
85.86,2021.357533,2037.009584,24708,0.0,0.0,151793.87475932878,0.0
85.87,2021.357533,2034.661777,24708,0.0,0.0,151618.92088355115,0.0
85.88,2021.357533,2032.66614,24708,0.0,0.0,151470.21001089623,0.0
85.89,2129.969213,2047.261601,24708,0.0,0.0,152557.83453485067,0.0
85.9,2033.202108,2045.152677,24708,0.0,0.0,152400.68174183127,0.0
85.91,2033.202108,2043.360092,24709,0.0,0.0,152267.10189757193,0.0
85.92,2041.942058,2043.147387,24709,0.0,0.0,152251.25154694804,0.0
85.93,2041.942058,2042.966587,24709,0.0,0.0,152237.7786930292,0.0
85.94,2024.140641,2040.142695,24711,0.0,0.0,152027.34791648856,0.0
85.95,2024.140641,2037.742387,24711,0.0,0.0,151848.4817713326,0.0
85.96000000000001,2024.140641,2035.702125,24711,0.0,0.0,151696.4455330464,0.0
85.97,2024.140641,2033.967903,24711,0.0,0.0,151567.21478266577,0.0
85.98,2024.140641,2032.493814,24711,0.0,0.0,151457.36862248686,0.0
85.99,2107.067072,2043.679802,24711,0.0,0.0,152290.9260465011,0.0
86.0,2107.067072,2053.187893,24712,0.0,0.0,152999.44994633473,0.0
86.01,2053.757558,2053.273342,24712,0.0,0.0,153005.81743468935,0.0
86.02,2053.757558,2053.345975,24712,0.0,0.0,153011.22990039008,0.0
86.03,2024.474999,2049.015328,24713,0.0,0.0,152688.5187587694,0.0
86.04,2031.678238,2046.414765,24715,0.0,0.0,152494.73001205642,0.0
86.05,2031.678238,2044.204286,24715,0.0,0.0,152330.00954381726,0.0
86.06,2031.678238,2042.325379,24715,0.0,0.0,152189.99715699165,0.0
86.07000000000001,2031.678238,2040.728307,24715,0.0,0.0,152070.986549946,0.0
86.08,2031.678238,2039.370797,24715,0.0,0.0,151969.82762337883,0.0
86.09,2031.678238,2038.216913,24715,0.0,0.0,151883.8424985377,0.0
86.10000000000001,2031.678238,2037.236112,24715,0.0,0.0,151810.75517222995,0.0
86.11,2031.678238,2036.402431,24715,0.0,0.0,151748.63093369064,0.0
86.12,2093.098152,2044.906789,24716,0.0,0.0,152382.35866050163,0.0
86.13,2093.098152,2052.135493,24716,0.0,0.0,152921.0272059356,0.0
86.14,2026.512796,2048.292089,24718,0.0,0.0,152634.6244368922,0.0
86.15,2026.512796,2045.025195,24718,0.0,0.0,152391.18203849453,0.0
86.16,2026.512796,2042.248335,24718,0.0,0.0,152184.25599240474,0.0
86.17,2026.512796,2039.888004,24718,0.0,0.0,152008.36885322834,0.0
86.18,2026.512796,2037.881723,24718,0.0,0.0,151858.8648110098,0.0
86.19,2115.147819,2049.471637,24718,0.0,0.0,152722.52199161702,0.0
86.2,1856.764209,2020.565523,24718,0.0,0.0,150568.49626549415,0.0
86.21000000000001,1856.764209,1995.995326,24719,0.0,0.0,148737.57439083786,0.0
86.22,2042.358178,2002.949754,24719,0.0,0.0,149255.80443803375,0.0
86.23,2042.358178,2008.861017,24719,0.0,0.0,149696.2999185358,0.0
86.24,2059.486559,2016.454849,24721,0.0,0.0,150262.17707130205,0.0
86.25,2059.486559,2022.909605,24721,0.0,0.0,150743.17256173177,0.0
86.26,2059.486559,2028.396148,24721,0.0,0.0,151152.01875840413,0.0
86.27,2059.486559,2033.05971,24721,0.0,0.0,151499.5380591088,0.0
86.28,2059.486559,2037.023737,24721,0.0,0.0,151794.92941254517,0.0
86.29,1963.50736,2025.996281,24721,0.0,0.0,150973.185475685,0.0
86.3,2044.591469,2028.785559,24722,0.0,0.0,151181.0368862658,0.0
86.31,2044.591469,2031.156446,24722,0.0,0.0,151357.71063742205,0.0
86.32000000000001,2036.207338,2031.914079,24723,0.0,0.0,151414.1679312997,0.0
86.33,2036.207338,2032.558068,24723,0.0,0.0,151462.15670188784,0.0
86.34,2066.64053,2037.670437,24724,0.0,0.0,151843.12020142408,0.0
86.35000000000001,2066.64053,2042.015951,24724,0.0,0.0,152166.93920211116,0.0
86.36,2066.64053,2045.709638,24724,0.0,0.0,152442.185360147,0.0
86.37,2066.64053,2048.849272,24724,0.0,0.0,152676.14459820333,0.0
86.38,2066.64053,2051.517961,24725,0.0,0.0,152875.00995800307,0.0
86.39,1959.001849,2037.640544,24725,0.0,0.0,151840.89263492962,0.0
86.4,2039.00867,2037.845763,24725,0.0,0.0,151856.18514382548,0.0
86.41,2039.00867,2038.020199,24726,0.0,0.0,151869.18376520925,0.0
86.42,2041.959108,2038.611035,24726,0.0,0.0,151913.2116806848,0.0
86.43,2041.959108,2039.113246,24726,0.0,0.0,151950.63543864625,0.0
86.44,2025.143961,2037.017853,24728,0.0,0.0,151794.49094864883,0.0
86.45,2025.143961,2035.23677,24728,0.0,0.0,151661.76821039486,0.0
86.46000000000001,2025.143961,2033.722848,24728,0.0,0.0,151548.953774828,0.0
86.47,2025.143961,2032.436015,24728,0.0,0.0,151453.06155675865,0.0
86.48,2025.143961,2031.342207,24728,0.0,0.0,151371.55317512568,0.0
86.49,2117.656078,2044.289288,24728,0.0,0.0,152336.34372262703,0.0
86.5,2038.838636,2043.47169,24729,0.0,0.0,152275.41795703897,0.0
86.51,2038.838636,2042.776732,24729,0.0,0.0,152223.63107864445,0.0
86.52,2039.025696,2042.214076,24729,0.0,0.0,152181.7030803339,0.0
86.53,2039.025696,2041.735819,24730,0.0,0.0,152146.0643264807,0.0
86.54,2022.3039,2038.821031,24731,0.0,0.0,151928.86016205396,0.0
86.55,2022.3039,2036.343462,24731,0.0,0.0,151744.2366819056,0.0
86.56,2022.3039,2034.237527,24731,0.0,0.0,151587.30662318022,0.0
86.57000000000001,2022.3039,2032.447483,24731,0.0,0.0,151453.91612915215,0.0
86.58,2022.3039,2030.925946,24731,0.0,0.0,151340.53423903545,0.0
86.59,2145.256677,2048.075555,24732,0.0,0.0,152618.48875685644,0.0
86.60000000000001,2145.256677,2062.652724,24732,0.0,0.0,153704.75019760363,0.0
86.61,2036.226173,2058.688741,24732,0.0,0.0,153409.36212295914,0.0
86.62,2036.226173,2055.319356,24733,0.0,0.0,153158.2823004962,0.0
86.63,2042.057431,2053.330067,24733,0.0,0.0,153010.0444680884,0.0
86.64,2015.404958,2047.641301,24735,0.0,0.0,152586.12901844017,0.0
86.65,2015.404958,2042.805849,24735,0.0,0.0,152225.800819173,0.0
86.66,2015.404958,2038.695716,24735,0.0,0.0,151919.52193921743,0.0
86.67,2015.404958,2035.202102,24735,0.0,0.0,151659.18482046315,0.0
86.68,2015.404958,2032.23253,24735,0.0,0.0,151437.8982620702,0.0
86.69,2124.432432,2046.062516,24735,0.0,0.0,152468.48112201187,0.0
86.7,2124.432432,2057.818003,24735,0.0,0.0,153344.47647099246,0.0
86.71000000000001,2039.157831,2055.018977,24736,0.0,0.0,153135.89865897363,0.0
86.72,2038.955863,2052.60951,24736,0.0,0.0,152956.35000348007,0.0
86.73,2068.067364,2054.928188,24736,0.0,0.0,153129.13324451324,0.0
86.74,2010.41387,2048.25104,24738,0.0,0.0,152631.56554761945,0.0
86.75,2010.41387,2042.575465,24738,0.0,0.0,152208.6330648741,0.0
86.76,2010.41387,2037.751226,24738,0.0,0.0,151849.14043591107,0.0
86.77,2010.41387,2033.650622,24738,0.0,0.0,151543.57163795218,0.0
86.78,2010.41387,2030.16511,24738,0.0,0.0,151283.8382640123,0.0
86.79,2129.874077,2045.121455,24739,0.0,0.0,152398.35514091834,0.0
86.8,2129.874077,2057.834348,24739,0.0,0.0,153345.69446765893,0.0
86.81,2039.165376,2055.034002,24739,0.0,0.0,153137.01829188367,0.0
86.82000000000001,2032.908557,2051.715185,24740,0.0,0.0,152889.70669551016,0.0
86.83,2032.908557,2048.894191,24740,0.0,0.0,152679.49187212577,0.0
86.84,2020.795963,2044.679457,24741,0.0,0.0,152365.41833513067,0.0
86.85000000000001,2020.795963,2041.096933,24741,0.0,0.0,152098.45582123302,0.0
86.86,2020.795963,2038.051787,24741,0.0,0.0,151871.5376397092,0.0
86.87,2020.795963,2035.463414,24741,0.0,0.0,151678.6572673837,0.0
86.88,2020.795963,2033.263296,24742,0.0,0.0,151514.70888011498,0.0
86.89,2128.281981,2047.516099,24742,0.0,0.0,152576.79921613738,0.0
86.9,2128.281981,2059.630981,24742,0.0,0.0,153479.5759607715,0.0
86.91,2038.825588,2056.510172,24743,0.0,0.0,153247.01952401502,0.0
86.92,2067.722723,2058.192055,24743,0.0,0.0,153372.35007693298,0.0
86.93,2067.722723,2059.621655,24743,0.0,0.0,153478.88100592833,0.0
86.94,2023.040162,2054.134431,24745,0.0,0.0,153069.9840624997,0.0
86.95,2023.040162,2049.470291,24745,0.0,0.0,152722.4216903926,0.0
86.96000000000001,2023.040162,2045.505771,24745,0.0,0.0,152426.99359958354,0.0
86.97,2023.040162,2042.13593,24745,0.0,0.0,152175.87979691382,0.0
86.98,2023.040162,2039.271565,24745,0.0,0.0,151962.43305346693,0.0
86.99,2127.925102,2052.569595,24745,0.0,0.0,152953.3756176163,0.0
87.0,2127.925102,2063.872921,24746,0.0,0.0,153795.67683440226,0.0
87.01,2041.932665,2060.581883,24746,0.0,0.0,153550.43527347682,0.0
87.02,2030.273238,2056.035586,24746,0.0,0.0,153211.6543257301,0.0
87.03,2030.273238,2052.171234,24747,0.0,0.0,152923.69055367843,0.0
87.04,2031.715826,2049.102923,24749,0.0,0.0,152695.0461627463,0.0
87.05,2031.715826,2046.494858,24749,0.0,0.0,152500.69838201726,0.0
87.06,2031.715826,2044.278003,24749,0.0,0.0,152335.50278702707,0.0
87.07000000000001,2031.715826,2042.393677,24749,0.0,0.0,152195.0865871739,0.0
87.08,2031.715826,2040.791999,24749,0.0,0.0,152075.73275023254,0.0
87.09,2031.715826,2039.430573,24749,0.0,0.0,151974.28201118772,0.0
87.10000000000001,2031.715826,2038.273361,24749,0.0,0.0,151888.04889045143,0.0
87.11,2031.715826,2037.289731,24749,0.0,0.0,151814.75075272925,0.0
87.12,1978.898702,2028.531076,24750,0.0,0.0,151162.07332274906,0.0
87.13,1978.898702,2021.08622,24750,0.0,0.0,150607.29756315437,0.0
87.14,2059.620672,2026.866388,24752,0.0,0.0,151038.02410679535,0.0
87.15,2059.620672,2031.779531,24752,0.0,0.0,151404.1416837938,0.0
87.16,2059.620672,2035.955702,24752,0.0,0.0,151715.3415832576,0.0
87.17,2059.620672,2039.505447,24752,0.0,0.0,151979.86147172048,0.0
87.18,2059.620672,2042.522731,24752,0.0,0.0,152204.7034328025,0.0
87.19,1981.148616,2033.316614,24752,0.0,0.0,151518.68203069706,0.0
87.2,1981.148616,2025.491414,24752,0.0,0.0,150935.56379792263,0.0
87.21000000000001,2039.176694,2027.544206,24753,0.0,0.0,151088.53374671546,0.0
87.22,2039.050266,2029.270115,24753,0.0,0.0,151217.1450289842,0.0
87.23,2033.092931,2029.843537,24753,0.0,0.0,151259.87528805417,0.0
87.24,2022.035433,2028.672322,24755,0.0,0.0,151172.59869180113,0.0
87.25,2022.035433,2027.676789,24755,0.0,0.0,151098.41356635664,0.0
87.26,2022.035433,2026.830585,24755,0.0,0.0,151035.35613893665,0.0
87.27,2022.035433,2026.111312,24755,0.0,0.0,150981.7573554369,0.0
87.28,2022.035433,2025.499931,24755,0.0,0.0,150936.198467706,0.0
87.29,2122.786351,2040.092894,24755,0.0,0.0,152023.63684570303,0.0
87.3,2122.786351,2052.496912,24756,0.0,0.0,152947.95942601573,0.0
87.31,2050.791606,2052.241116,24756,0.0,0.0,152928.8980203685,0.0
87.32000000000001,2038.797456,2050.224567,24757,0.0,0.0,152778.6288273532,0.0
87.33,2038.797456,2048.510501,24757,0.0,0.0,152650.90006172695,0.0
87.34,2021.65756,2044.48256,24758,0.0,0.0,152350.74596500865,0.0
87.35000000000001,2021.65756,2041.05881,24758,0.0,0.0,152095.61497162044,0.0
87.36,2021.65756,2038.148622,24758,0.0,0.0,151878.75358998144,0.0
87.37,2021.65756,2035.674963,24758,0.0,0.0,151694.4214752027,0.0
87.38,2021.65756,2033.572353,24759,0.0,0.0,151537.7391888185,0.0
87.39,2118.949734,2046.37896,24759,0.0,0.0,152492.0618951617,0.0
87.4,2118.949734,2057.264576,24759,0.0,0.0,153303.23619927932,0.0
87.41,2039.178631,2054.551684,24760,0.0,0.0,153101.07692044324,0.0
87.42,2039.00867,2052.220232,24760,0.0,0.0,152927.3417865121,0.0
87.43,2039.00867,2050.238498,24760,0.0,0.0,152779.66693757416,0.0
87.44,2021.310648,2045.89932,24762,0.0,0.0,152456.3200829182,0.0
87.45,2021.310648,2042.211019,24762,0.0,0.0,152181.475278816,0.0
87.46000000000001,2021.310648,2039.075964,24762,0.0,0.0,151947.85725866948,0.0
87.47,2021.310648,2036.411166,24762,0.0,0.0,151749.28184839743,0.0
87.48,2021.310648,2034.146088,24762,0.0,0.0,151580.49277202156,0.0
87.49,2116.208335,2046.455425,24762,0.0,0.0,152497.7599138282,0.0
87.5,2039.031303,2045.341807,24763,0.0,0.0,152414.77533066794,0.0
87.51,2039.031303,2044.395231,24763,0.0,0.0,152344.23838281908,0.0
87.52,2039.059747,2043.594909,24763,0.0,0.0,152284.59999015302,0.0
87.53,2039.059747,2042.914635,24764,0.0,0.0,152233.90733403148,0.0
87.54,2018.962382,2039.321797,24765,0.0,0.0,151966.17624150924,0.0
87.55,2018.962382,2036.267885,24765,0.0,0.0,151738.60483522076,0.0
87.56,2018.962382,2033.672059,24765,0.0,0.0,151545.1690802611,0.0
87.57000000000001,2018.962382,2031.465608,24765,0.0,0.0,151380.74877051526,0.0
87.58,2018.962382,2029.590124,24765,0.0,0.0,151240.99145879457,0.0
87.59,2136.304483,2045.597278,24766,0.0,0.0,152433.81251796603,0.0
87.60000000000001,2136.304483,2059.203359,24766,0.0,0.0,153447.71042571357,0.0
87.61,2036.34113,2055.774024,24766,0.0,0.0,153192.16324931016,0.0
87.62,2044.837628,2054.133565,24767,0.0,0.0,153069.919529914,0.0
87.63,2039.00867,2051.864831,24767,0.0,0.0,152900.8580157399,0.0
87.64,2012.967635,2046.030251,24769,0.0,0.0,152466.07679882774,0.0
87.65,2012.967635,2041.070859,24769,0.0,0.0,152096.51283897038,0.0
87.66,2012.967635,2036.855375,24769,0.0,0.0,151782.38341347722,0.0
87.67,2012.967635,2033.272214,24769,0.0,0.0,151515.37343161527,0.0
87.68,2012.967635,2030.226527,24769,0.0,0.0,151288.4149358549,0.0
87.69,2144.039951,2047.298541,24769,0.0,0.0,152560.58722967235,0.0
87.7,2033.168358,2045.179013,24769,0.0,0.0,152402.64424780916,0.0
87.71000000000001,2033.168358,2043.377415,24770,0.0,0.0,152268.3927728398,0.0
87.72,2041.991269,2043.169493,24770,0.0,0.0,152252.8988417972,0.0
87.73,2033.156972,2041.667615,24770,0.0,0.0,152140.9819009902,0.0
87.74,2020.41115,2038.479145,24772,0.0,0.0,151903.38350201581,0.0
87.75,2020.41115,2035.768946,24772,0.0,0.0,151701.4249001466,0.0
87.76,2020.41115,2033.465277,24772,0.0,0.0,151529.76009973543,0.0
87.77,2020.41115,2031.507158,24772,0.0,0.0,151383.84499330466,0.0
87.78,2020.41115,2029.842757,24772,0.0,0.0,151259.81716401622,0.0
87.79,2114.0627,2042.475748,24772,0.0,0.0,152201.20235373348,0.0
87.8,2114.0627,2053.213791,24773,0.0,0.0,153001.37981342987,0.0
87.81,2039.297631,2051.126367,24773,0.0,0.0,152845.8291573532,0.0
87.82000000000001,2039.297631,2049.352057,24774,0.0,0.0,152713.61112949526,0.0
87.83,2044.945494,2048.691072,24774,0.0,0.0,152664.35585102436,0.0
87.84,2015.71596,2043.744805,24775,0.0,0.0,152295.76993988207,0.0
87.85000000000001,2015.71596,2039.540479,24775,0.0,0.0,151982.47198620325,0.0
87.86,2015.71596,2035.966801,24775,0.0,0.0,151716.16865851003,0.0
87.87,2015.71596,2032.929175,24775,0.0,0.0,151489.81085232622,0.0
87.88,2015.71596,2030.347192,24776,0.0,0.0,151297.40665000374,0.0
87.89,2128.044973,2045.001859,24776,0.0,0.0,152389.44308650863,0.0
87.9,2039.001126,2044.101749,24776,0.0,0.0,152322.36869192414,0.0
87.91,2039.001126,2043.336656,24777,0.0,0.0,152265.3554937863,0.0
87.92,2039.057708,2042.694814,24777,0.0,0.0,152217.52671333848,0.0
87.93,2039.005,2042.141342,24777,0.0,0.0,152176.28308831545,0.0
87.94,2020.115629,2038.837485,24779,0.0,0.0,151930.08628118216,0.0
87.95,2020.115629,2036.029207,24779,0.0,0.0,151720.81902865195,0.0
87.96000000000001,2020.115629,2033.64217,24779,0.0,0.0,151542.94181183868,0.0
87.97,2020.115629,2031.613189,24779,0.0,0.0,151391.74621108046,0.0
87.98,2020.115629,2029.888555,24779,0.0,0.0,151263.22993925834,0.0
87.99,2105.997317,2041.304869,24779,0.0,0.0,152113.9507955276,0.0
88.0,2105.997317,2051.008737,24780,0.0,0.0,152837.06360532626,0.0
88.01,2045.097038,2050.121982,24780,0.0,0.0,152770.98439859625,0.0
88.02,2027.275228,2046.694969,24780,0.0,0.0,152515.61025298267,0.0
88.03,2044.640737,2046.386834,24781,0.0,0.0,152492.64864987275,0.0
88.04,2031.961947,2044.223101,24783,0.0,0.0,152331.4115999372,0.0
88.05,2031.961947,2042.383928,24783,0.0,0.0,152194.36011121783,0.0
88.06,2031.961947,2040.820631,24783,0.0,0.0,152077.86634953233,0.0
88.07000000000001,2031.961947,2039.491828,24783,0.0,0.0,151978.8466111147,0.0
88.08,2031.961947,2038.362346,24783,0.0,0.0,151894.67987444464,0.0
88.09,2031.961947,2037.402286,24783,0.0,0.0,151823.1381259197,0.0
88.10000000000001,2031.961947,2036.586235,24783,0.0,0.0,151762.32763967352,0.0
88.11,2031.961947,2035.892592,24783,0.0,0.0,151710.63875244552,0.0
88.12,2095.51956,2044.836637,24784,0.0,0.0,152377.13107395236,0.0
88.13,2095.51956,2052.439076,24784,0.0,0.0,152943.64960312165,0.0
88.14,2025.21762,2048.355857,24786,0.0,0.0,152639.37630054652,0.0
88.15,2025.21762,2044.885122,24786,0.0,0.0,152380.74407905331,0.0
88.16,2025.21762,2041.934996,24786,0.0,0.0,152160.9065976366,0.0
88.17,2025.21762,2039.42739,24786,0.0,0.0,151974.0448204022,0.0
88.18,2025.21762,2037.295924,24786,0.0,0.0,151815.21224268677,0.0
88.19,2126.28979,2050.645004,24786,0.0,0.0,152809.95895060027,0.0
88.2,2030.352105,2047.601069,24786,0.0,0.0,152583.13101037126,0.0
88.21000000000001,2030.352105,2045.013725,24787,0.0,0.0,152390.32731706506,0.0
88.22,1955.614426,2031.60383,24787,0.0,0.0,151391.0487971434,0.0
88.23,2033.085409,2031.826067,24787,0.0,0.0,151407.60945331794,0.0
88.24,2062.567609,2036.437298,24789,0.0,0.0,151751.2291527039,0.0
88.25,2062.567609,2040.356845,24789,0.0,0.0,152043.30594561857,0.0
88.26,2062.567609,2043.688459,24789,0.0,0.0,152291.57114880404,0.0
88.27,2062.567609,2046.520332,24789,0.0,0.0,152502.59665348145,0.0
88.28,2062.567609,2048.927423,24789,0.0,0.0,152681.96825421334,0.0
88.29,1973.292581,2037.582197,24789,0.0,0.0,151836.5447333389,0.0
88.3,2038.76321,2037.759349,24790,0.0,0.0,151849.74574560346,0.0
88.31,2038.76321,2037.909928,24790,0.0,0.0,151860.9665911247,0.0
88.32000000000001,2039.125815,2038.092311,24790,0.0,0.0,151874.5574070333,0.0
88.33,2039.125815,2038.247337,24791,0.0,0.0,151886.10963408873,0.0
88.34,2060.858241,2041.638972,24792,0.0,0.0,152138.84748199242,0.0
88.35000000000001,2060.858241,2044.521862,24792,0.0,0.0,152353.6746713401,0.0
88.36,2060.858241,2046.972319,24792,0.0,0.0,152536.27781954454,0.0
88.37,2060.858241,2049.055207,24792,0.0,0.0,152691.49046198526,0.0
88.38,2060.858241,2050.825662,24793,0.0,0.0,152823.42122296352,0.0
88.39,1966.665736,2038.201673,24793,0.0,0.0,151882.70684425827,0.0
88.4,1966.665736,2027.471283,24793,0.0,0.0,151083.09967079555,0.0
88.41,2036.293985,2028.794688,24794,0.0,0.0,151181.71716106348,0.0
88.42,2068.075015,2034.686737,24794,0.0,0.0,151620.78085276473,0.0
88.43,2068.075015,2039.694979,24794,0.0,0.0,151993.98501679208,0.0
88.44,2021.338624,2036.941526,24796,0.0,0.0,151788.80321346596,0.0
88.45,2021.338624,2034.60109,24796,0.0,0.0,151614.39860984663,0.0
88.46000000000001,2021.338624,2032.61172,24796,0.0,0.0,151466.1547414811,0.0
88.47,2021.338624,2030.920756,24796,0.0,0.0,151340.1474906293,0.0
88.48,2021.338624,2029.483436,24796,0.0,0.0,151233.0412826945,0.0
88.49,2139.720345,2046.018973,24796,0.0,0.0,152465.23638485372,0.0
88.5,2044.648301,2045.813372,24797,0.0,0.0,152449.9154100829,0.0
88.51,2044.648301,2045.638611,24797,0.0,0.0,152436.89257035006,0.0
88.52,2036.131896,2044.212604,24797,0.0,0.0,152330.6293845191,0.0
88.53,2036.131896,2043.000498,24798,0.0,0.0,152240.30567283696,0.0
88.54,2026.322443,2040.49879,24799,0.0,0.0,152053.8834027509,0.0
88.55,2026.322443,2038.372338,24799,0.0,0.0,151895.42445827406,0.0
88.56,2026.322443,2036.564853,24799,0.0,0.0,151760.73429585437,0.0
88.57000000000001,2026.322443,2035.028492,24799,0.0,0.0,151646.24775094516,0.0
88.58,2026.322443,2033.722584,24799,0.0,0.0,151548.93410207666,0.0
88.59,2121.105105,2046.829963,24800,0.0,0.0,152525.6697355154,0.0
88.60000000000001,2121.105105,2057.971234,24800,0.0,0.0,153355.89493824265,0.0
88.61,2039.189949,2055.154041,24800,0.0,0.0,153145.9633577662,0.0
88.62,2039.189949,2052.759428,24801,0.0,0.0,152967.52159260504,0.0
88.63,2042.066825,2051.155537,24801,0.0,0.0,152848.00284733556,0.0
88.64,2022.377813,2046.838879,24803,0.0,0.0,152526.3341379797,0.0
88.65,2022.377813,2043.169719,24803,0.0,0.0,152252.91568286458,0.0
88.66,2022.377813,2040.050933,24803,0.0,0.0,152020.50999601674,0.0
88.67,2022.377813,2037.399965,24803,0.0,0.0,151822.96516964785,0.0
88.68,2022.377813,2035.146642,24803,0.0,0.0,151655.05205233075,0.0
88.69,2106.301692,2045.8199,24803,0.0,0.0,152450.40186356954,0.0
88.7,2055.516874,2047.274446,24803,0.0,0.0,152558.79171852648,0.0
88.71000000000001,2055.516874,2048.51081,24804,0.0,0.0,152650.92308778813,0.0
88.72,2042.499953,2047.609182,24804,0.0,0.0,152583.73557488367,0.0
88.73,2038.97095,2046.313447,24804,0.0,0.0,152487.17999760204,0.0
88.74,2032.488967,2044.239775,24806,0.0,0.0,152332.6541130248,0.0
88.75,2032.488967,2042.477154,24806,0.0,0.0,152201.30712603772,0.0
88.76,2032.488967,2040.978926,24806,0.0,0.0,152089.66217592102,0.0
88.77,2032.488967,2039.705432,24806,0.0,0.0,151994.76395341824,0.0
88.78,2032.488967,2038.622962,24806,0.0,0.0,151914.10045683905,0.0
88.79,2086.422305,2045.792864,24806,0.0,0.0,152448.3871949935,0.0
88.8,2086.422305,2051.88728,24807,0.0,0.0,152902.53087026216,0.0
88.81,2039.259798,2049.993158,24807,0.0,0.0,152761.3846921071,0.0
88.82000000000001,2038.563256,2048.278672,24808,0.0,0.0,152633.6246289219,0.0
88.83,2044.152456,2047.65974,24808,0.0,0.0,152587.50305579312,0.0
88.84,2016.402304,2042.971125,24809,0.0,0.0,152238.1168557011,0.0
88.85000000000001,2016.402304,2038.985802,24809,0.0,0.0,151941.13856699344,0.0
88.86,2016.402304,2035.598277,24809,0.0,0.0,151688.7069880588,0.0
88.87,2016.402304,2032.718881,24809,0.0,0.0,151474.14016459387,0.0
88.88,2016.402304,2030.271395,24810,0.0,0.0,151291.75840935946,0.0
88.89,1980.507811,2022.806857,24810,0.0,0.0,150735.5159865412,0.0
88.9,2062.243045,2028.722285,24810,0.0,0.0,151176.3218345022,0.0
88.91,2062.243045,2033.750399,24811,0.0,0.0,151551.00682017265,0.0
88.92,2039.025696,2034.541693,24811,0.0,0.0,151609.9724643587,0.0
88.93,2039.025696,2035.214294,24811,0.0,0.0,151660.0933438867,0.0
88.94,2029.452958,2034.350093,24813,0.0,0.0,151595.69481606863,0.0
88.95,2029.452958,2033.615523,24813,0.0,0.0,151540.9561307636,0.0
88.96000000000001,2029.452958,2032.991138,24813,0.0,0.0,151494.42821099528,0.0
88.97,2029.452958,2032.460411,24813,0.0,0.0,151454.87949782173,0.0
88.98,2029.452958,2032.009293,24813,0.0,0.0,151421.26308789835,0.0
88.99,2100.531651,2042.287647,24813,0.0,0.0,152187.18544391613,0.0
89.0,2044.871776,2042.675266,24814,0.0,0.0,152216.0700355265,0.0
89.01,2044.871776,2043.004743,24814,0.0,0.0,152240.62200173564,0.0
89.02,2036.303353,2041.999534,24814,0.0,0.0,152165.71584014886,0.0
89.03,2036.303353,2041.145107,24815,0.0,0.0,152102.04565123678,0.0
89.04,2034.994379,2040.222498,24817,0.0,0.0,152033.29467623017,0.0
89.05,2034.994379,2039.43828,24817,0.0,0.0,151974.85632139325,0.0
89.06,2034.994379,2038.771695,24817,0.0,0.0,151925.18374213725,0.0
89.07000000000001,2034.994379,2038.205097,24817,0.0,0.0,151882.96199388118,0.0
89.08,2034.994379,2037.723489,24817,0.0,0.0,151847.07353021888,0.0
89.09,2034.994379,2037.314123,24817,0.0,0.0,151816.56839572036,0.0
89.10000000000001,2034.994379,2036.966161,24817,0.0,0.0,151790.63896433037,0.0
89.11,2034.994379,2036.670394,24817,0.0,0.0,151768.5989998115,0.0
89.12,2113.913309,2048.256831,24818,0.0,0.0,152631.99708134204,0.0
89.13,2039.038847,2046.874133,24818,0.0,0.0,152528.96119545784,0.0
89.14,2015.276997,2042.134563,24820,0.0,0.0,152175.7779308115,0.0
89.15,2015.276997,2038.105928,24820,0.0,0.0,151875.57211860304,0.0
89.16,2015.276997,2034.681588,24820,0.0,0.0,151620.39715959644,0.0
89.17,2015.276997,2031.7709,24820,0.0,0.0,151403.49851895878,0.0
89.18,2015.276997,2029.296814,24820,0.0,0.0,151219.13458499516,0.0
89.19,2139.591499,2045.841017,24820,0.0,0.0,152451.97546011934,0.0
89.2,2026.993891,2043.013948,24820,0.0,0.0,152241.30793990113,0.0
89.21000000000001,2026.993891,2040.610939,24821,0.0,0.0,152062.24052163438,0.0
89.22,2045.114013,2041.2864,24821,0.0,0.0,152112.57452263474,0.0
89.23,2033.190926,2040.072079,24821,0.0,0.0,152022.08575358844,0.0
89.24,2015.439339,2036.377168,24823,0.0,0.0,151746.74838552388,0.0
89.25,2015.439339,2033.236494,24823,0.0,0.0,151512.71164875035,0.0
89.26,2015.439339,2030.566921,24823,0.0,0.0,151313.78041504096,0.0
89.27,2015.439339,2028.297783,24823,0.0,0.0,151144.68879559592,0.0
89.28,2015.439339,2026.369017,24823,0.0,0.0,151000.96101594102,0.0
89.29,2134.362434,2042.568029,24823,0.0,0.0,152208.07894904588,0.0
89.3,2134.362434,2056.33719,24824,0.0,0.0,153234.12925179943,0.0
89.31,2039.072899,2053.747547,24824,0.0,0.0,153041.15424161736,0.0
89.32000000000001,2044.917172,2052.42299,24824,0.0,0.0,152942.45090661646,0.0
89.33,2044.917172,2051.297118,24825,0.0,0.0,152858.55317991678,0.0
89.34,2022.586471,2046.990521,24826,0.0,0.0,152537.6341961321,0.0
89.35000000000001,2022.586471,2043.329913,24826,0.0,0.0,152264.85301893027,0.0
89.36,2022.586471,2040.218397,24826,0.0,0.0,152032.98907792306,0.0
89.37,2022.586471,2037.573608,24826,0.0,0.0,151835.90469825978,0.0
89.38,2022.586471,2035.325537,24827,0.0,0.0,151668.38294946466,0.0
89.39,2119.353929,2047.929796,24827,0.0,0.0,152607.62708808237,0.0
89.4,2038.880224,2046.57236,24827,0.0,0.0,152506.47367584697,0.0
89.41,2038.880224,2045.41854,24828,0.0,0.0,152420.49332015766,0.0
89.42,2042.032824,2044.910683,24828,0.0,0.0,152382.64883358328,0.0
89.43,2042.032824,2044.479004,24828,0.0,0.0,152350.48097901017,0.0
89.44,2028.302756,2042.052567,24830,0.0,0.0,152169.6677531017,0.0
89.45,2028.302756,2039.990095,24830,0.0,0.0,152015.9764700947,0.0
89.46000000000001,2028.302756,2038.236994,24830,0.0,0.0,151885.33889444228,0.0
89.47,2028.302756,2036.746858,24830,0.0,0.0,151774.29694396007,0.0
89.48,2028.302756,2035.480243,24830,0.0,0.0,151679.91133076092,0.0
89.49,2087.922875,2043.346638,24830,0.0,0.0,152266.09933243576,0.0
89.5,2050.719523,2044.452571,24831,0.0,0.0,152348.51124478647,0.0
89.51,2050.719523,2045.392614,24831,0.0,0.0,152418.56136655872,0.0
89.52,2038.916106,2044.421137,24831,0.0,0.0,152346.1688460581,0.0
89.53,2038.916106,2043.595383,24832,0.0,0.0,152284.63531168376,0.0
89.54,2021.254269,2040.244216,24833,0.0,0.0,152034.91305809637,0.0
89.55,2021.254269,2037.395724,24833,0.0,0.0,151822.64913882117,0.0
89.56,2021.254269,2034.974505,24833,0.0,0.0,151642.22474782288,0.0
89.57000000000001,2021.254269,2032.91647,24833,0.0,0.0,151488.86410116998,0.0
89.58,2021.254269,2031.16714,24833,0.0,0.0,151358.5075328856,0.0
89.59,2130.981002,2046.139219,24834,0.0,0.0,152474.19687596173,0.0
89.60000000000001,2044.553651,2045.901384,24834,0.0,0.0,152456.47388806468,0.0
89.61,2044.553651,2045.699224,24834,0.0,0.0,152441.40932972272,0.0
89.62,2039.208915,2044.725678,24835,0.0,0.0,152368.86263148568,0.0
89.63,2039.208915,2043.898163,24835,0.0,0.0,152307.19787091797,0.0
89.64,2026.296076,2041.25785,24837,0.0,0.0,152110.44703381072,0.0
89.65,2026.296076,2039.013584,24837,0.0,0.0,151943.2088259955,0.0
89.66,2026.296076,2037.105958,24837,0.0,0.0,151801.05635680436,0.0
89.67,2026.296076,2035.484476,24837,0.0,0.0,151680.22676544366,0.0
89.68,2026.296076,2034.106216,24837,0.0,0.0,151577.5215904317,0.0
89.69,2106.381915,2044.947571,24837,0.0,0.0,152385.39765346912,0.0
89.7,2033.160835,2043.17956,24837,0.0,0.0,152253.64901447642,0.0
89.71000000000001,2033.160835,2041.676752,24838,0.0,0.0,152141.6627719319,0.0
89.72,2042.021491,2041.728462,24838,0.0,0.0,152145.5160975743,0.0
89.73,2033.051459,2040.426912,24838,0.0,0.0,152048.52719813815,0.0
89.74,2026.087016,2038.275928,24840,0.0,0.0,151888.24017815065,0.0
89.75,2026.087016,2036.447591,24840,0.0,0.0,151751.99616645047,0.0
89.76,2026.087016,2034.893505,24840,0.0,0.0,151636.18879003846,0.0
89.77,2026.087016,2033.572531,24840,0.0,0.0,151537.75245302205,0.0
89.78,2026.087016,2032.449704,24840,0.0,0.0,151454.08163362424,0.0
89.79,2097.173607,2042.158289,24840,0.0,0.0,152177.54594481637,0.0
89.8,2044.587585,2042.522684,24841,0.0,0.0,152204.69993045658,0.0
89.81,2044.587585,2042.832419,24841,0.0,0.0,152227.78076236226,0.0
89.82000000000001,2039.193722,2042.286614,24841,0.0,0.0,152187.1084668248,0.0
89.83,2039.193722,2041.822681,24842,0.0,0.0,152152.5371087655,0.0
89.84,2025.835087,2039.424542,24843,0.0,0.0,151973.8325931458,0.0
89.85000000000001,2025.835087,2037.386123,24843,0.0,0.0,151821.93369152874,0.0
89.86,2025.835087,2035.653468,24843,0.0,0.0,151692.8197108499,0.0
89.87,2025.835087,2034.180711,24843,0.0,0.0,151583.07280864342,0.0
89.88,2025.835087,2032.928867,24844,0.0,0.0,151489.78790078306,0.0
89.89,2108.561764,2044.273802,24844,0.0,0.0,152335.1897369202,0.0
89.9,2039.016214,2043.485164,24844,0.0,0.0,152276.4220125351,0.0
89.91,2039.016214,2042.814821,24845,0.0,0.0,152226.46939464507,0.0
89.92,2041.860794,2042.671717,24845,0.0,0.0,152215.80557115393,0.0
89.93,2041.860794,2042.550079,24845,0.0,0.0,152206.74135099366,0.0
89.94,2027.208774,2040.248883,24847,0.0,0.0,152035.2608335899,0.0
89.95,2027.208774,2038.292867,24847,0.0,0.0,151889.50243850754,0.0
89.96000000000001,2027.208774,2036.630253,24847,0.0,0.0,151765.60777288035,0.0
89.97,2027.208774,2035.217031,24847,0.0,0.0,151660.2972996454,0.0
89.98,2027.208774,2034.015793,24847,0.0,0.0,151570.78344955834,0.0
89.99,2097.794875,2043.582655,24847,0.0,0.0,152283.68684661362,0.0
90.0,2044.553651,2043.728304,24848,0.0,0.0,152294.54031840802,0.0
90.01,2043.619068,2043.711919,24848,0.0,0.0,152293.3193410216,0.0
90.02,2043.619068,2043.697991,24848,0.0,0.0,152292.28145435467,0.0
90.03,2051.589576,2044.881729,24849,0.0,0.0,152380.49123948833,0.0
90.04,2031.43613,2042.864889,24851,0.0,0.0,152230.20036173583,0.0
90.05,2031.43613,2041.150575,24851,0.0,0.0,152102.45311564623,0.0
90.06,2031.43613,2039.693408,24851,0.0,0.0,151993.86794901825,0.0
90.07000000000001,2031.43613,2038.454817,24851,0.0,0.0,151901.5706281766,0.0
90.08,2031.43613,2037.402013,24851,0.0,0.0,151823.11778250645,0.0
90.09,2031.43613,2036.507131,24851,0.0,0.0,151756.43296801203,0.0
90.10000000000001,2031.43613,2035.746481,24851,0.0,0.0,151699.7508533364,0.0
90.11,2031.43613,2035.099928,24851,0.0,0.0,151651.5710186031,0.0
90.12,1984.529353,2027.514342,24852,0.0,0.0,151086.30834124296,0.0
90.13,1984.529353,2021.066594,24852,0.0,0.0,150605.83507293861,0.0
90.14,2065.684362,2027.759259,24854,0.0,0.0,151104.5590655971,0.0
90.15,2065.684362,2033.448024,24854,0.0,0.0,151528.4744407274,0.0
90.16,2065.684362,2038.283475,24854,0.0,0.0,151888.80256547657,0.0
90.17,2065.684362,2042.393608,24854,0.0,0.0,152195.0814454321,0.0
90.18,2065.684362,2045.887221,24854,0.0,0.0,152455.4184896684,0.0
90.19,2065.684362,2048.856792,24854,0.0,0.0,152676.70497354332,0.0
90.2,1978.52075,2038.306386,24854,0.0,0.0,151890.5098473136,0.0
90.21000000000001,1978.52075,2029.338541,24855,0.0,0.0,151222.2439974701,0.0
90.22,2033.467679,2029.957911,24855,0.0,0.0,151268.39820948173,0.0
90.23,1927.679822,2014.616198,24855,0.0,0.0,150125.1644809773,0.0
90.24,2053.978414,2020.52053,24858,0.0,0.0,150565.14347723985,0.0
90.25,2053.978414,2025.539213,24858,0.0,0.0,150939.12568367744,0.0
90.26,2053.978414,2029.805093,24858,0.0,0.0,151257.01051816446,0.0
90.27,2053.978414,2033.431091,24858,0.0,0.0,151527.21262747844,0.0
90.28,2053.978414,2036.51319,24858,0.0,0.0,151756.88447255787,0.0
90.29,2053.978414,2039.132974,24858,0.0,0.0,151952.1055296978,0.0
90.3,2053.978414,2041.35979,24858,0.0,0.0,152118.0433984594,0.0
90.31,2053.194709,2043.135028,24858,0.0,0.0,152250.3305790189,0.0
90.32000000000001,2238.280355,2072.406827,24859,0.0,0.0,154431.60641899856,0.0
90.33,2238.280355,2097.287856,24859,0.0,0.0,156285.6908718036,0.0
90.34,2257.044828,2121.251402,24861,0.0,0.0,158071.40632885636,0.0
90.35000000000001,2257.044828,2141.620416,24861,0.0,0.0,159589.26445989942,0.0
90.36,2257.044828,2158.934078,24861,0.0,0.0,160879.44387873783,0.0
90.37,2257.044828,2173.65069,24861,0.0,0.0,161976.09633258785,0.0
90.38,2257.044828,2186.159811,24861,0.0,0.0,162908.2509779748,0.0
90.39,2257.044828,2196.792563,24861,0.0,0.0,163700.58236321335,0.0
90.4,2116.115441,2184.690995,24862,0.0,0.0,162798.79775119582,0.0
90.41,2116.115441,2174.404662,24862,0.0,0.0,162032.28081607725,0.0
90.42,2361.486581,2202.46695,24862,0.0,0.0,164123.42631857784,0.0
90.43,2383.180095,2229.573922,24863,0.0,0.0,166143.3835859329,0.0
90.44,2277.369688,2236.743287,24865,0.0,0.0,166677.63030792272,0.0
90.45,2277.369688,2242.837247,24865,0.0,0.0,167131.74000298462,0.0
90.46000000000001,2277.369688,2248.017113,24865,0.0,0.0,167517.7332437872,0.0
90.47,2277.369688,2252.419999,24865,0.0,0.0,167845.8274910176,0.0
90.48,2277.369688,2256.162453,24865,0.0,0.0,168124.70766822968,0.0
90.49,2277.369688,2259.343538,24865,0.0,0.0,168361.75575179368,0.0
90.5,2277.369688,2262.047461,24865,0.0,0.0,168563.24667871167,0.0
90.51,2358.145403,2276.462152,24866,0.0,0.0,169637.40058428718,0.0
90.52,2358.145403,2288.71464,24866,0.0,0.0,170550.43145246312,0.0
90.53,2267.990673,2285.606045,24867,0.0,0.0,170318.78517852613,0.0
90.54,2298.506411,2287.541099,24869,0.0,0.0,170462.9815273483,0.0
90.55,2298.506411,2289.185896,24869,0.0,0.0,170585.54850581693,0.0
90.56,2298.506411,2290.583973,24869,0.0,0.0,170689.73040398216,0.0
90.57000000000001,2298.506411,2291.772339,24869,0.0,0.0,170778.28505840752,0.0
90.58,2298.506411,2292.78245,24869,0.0,0.0,170853.55650721726,0.0
90.59,2298.506411,2293.641044,24869,0.0,0.0,170917.53721262424,0.0
90.60000000000001,2298.506411,2294.370849,24869,0.0,0.0,170971.92081967197,0.0
90.61,2254.05976,2288.324186,24870,0.0,0.0,170521.33560233022,0.0
90.62,2254.05976,2283.184522,24870,0.0,0.0,170138.33813405666,0.0
90.63,2255.939799,2279.097813,24870,0.0,0.0,169833.80476367075,0.0
90.64,2317.676592,2284.88463,24873,0.0,0.0,170265.02677747607,0.0
90.65,2317.676592,2289.803424,24873,0.0,0.0,170631.56545567745,0.0
90.66,2317.676592,2293.984399,24873,0.0,0.0,170943.12333960045,0.0
90.67,2317.676592,2297.538228,24873,0.0,0.0,171207.9475595645,0.0
90.68,2317.676592,2300.558983,24873,0.0,0.0,171433.0481726152,0.0
90.69,2317.676592,2303.126624,24873,0.0,0.0,171624.38363781985,0.0
90.7,2317.676592,2305.309119,24873,0.0,0.0,171787.01879442148,0.0
90.71000000000001,2240.084955,2295.525495,24873,0.0,0.0,171057.96272722707,0.0
90.72,2240.084955,2287.209414,24874,0.0,0.0,170438.26502540102,0.0
90.73,2399.432898,2304.042936,24874,0.0,0.0,171692.6653729972,0.0
90.74,2264.718046,2298.144203,24876,0.0,0.0,171253.10360300177,0.0
90.75,2264.718046,2293.130279,24876,0.0,0.0,170879.47602771354,0.0
90.76,2264.718046,2288.868444,24876,0.0,0.0,170561.89261852577,0.0
90.77,2264.718046,2285.245885,24876,0.0,0.0,170291.94677660463,0.0
90.78,2264.718046,2282.166709,24876,0.0,0.0,170062.49274763136,0.0
90.79,2264.718046,2279.549409,24876,0.0,0.0,169867.45679319694,0.0
90.8,2335.67452,2287.968176,24877,0.0,0.0,170494.80645009768,0.0
90.81,2335.67452,2295.124128,24877,0.0,0.0,171028.0536621892,0.0
90.82000000000001,2369.683772,2306.308074,24878,0.0,0.0,171861.4589204529,0.0
90.83,2369.683772,2315.814429,24878,0.0,0.0,172569.8534570432,0.0
90.84,2288.92445,2311.780932,24880,0.0,0.0,172269.28533833177,0.0
90.85000000000001,2288.92445,2308.35246,24880,0.0,0.0,172013.8024709601,0.0
90.86,2288.92445,2305.438258,24880,0.0,0.0,171796.64197407977,0.0
90.87,2288.92445,2302.961187,24880,0.0,0.0,171612.05560389414,0.0
90.88,2288.92445,2300.855677,24880,0.0,0.0,171455.15721531765,0.0
90.89,2288.92445,2299.065993,24880,0.0,0.0,171321.79354776858,0.0
90.9,2288.92445,2297.544761,24881,0.0,0.0,171208.4343856411,0.0
90.91,2247.359411,2290.016959,24881,0.0,0.0,170647.47765623918,0.0
90.92,2384.415593,2304.176754,24881,0.0,0.0,171702.63722236507,0.0
90.93,2384.415593,2316.21258,24882,0.0,0.0,172599.52287220157,0.0
90.94,2289.887513,2312.26382,24884,0.0,0.0,172305.2691850306,0.0
90.95,2289.887513,2308.907374,24884,0.0,0.0,172055.15355093527,0.0
90.96000000000001,2289.887513,2306.054395,24884,0.0,0.0,171842.55526940606,0.0
90.97,2289.887513,2303.629362,24884,0.0,0.0,171661.8466667659,0.0
90.98,2289.887513,2301.568085,24884,0.0,0.0,171508.24443276564,0.0
90.99,2289.887513,2299.815999,24884,0.0,0.0,171377.68249288056,0.0
91.0,2333.335641,2304.843945,24885,0.0,0.0,171752.35495952747,0.0
91.01,2333.335641,2309.1177,24885,0.0,0.0,172070.8266232435,0.0
91.02,2370.221359,2318.283248,24885,0.0,0.0,172753.82490471486,0.0
91.03,2370.221359,2326.073965,24886,0.0,0.0,173334.37353338706,0.0
91.04,2287.765719,2320.327728,24890,0.0,0.0,172906.1754599138,0.0
91.05,2287.765719,2315.443427,24890,0.0,0.0,172542.20713099462,0.0
91.06,2287.765719,2311.291771,24890,0.0,0.0,172232.83404023558,0.0
91.07000000000001,2287.765719,2307.762863,24890,0.0,0.0,171969.86688328322,0.0
91.08,2287.765719,2304.763291,24890,0.0,0.0,171746.34478497016,0.0
91.09,2287.765719,2302.213656,24890,0.0,0.0,171556.35109082554,0.0
91.10000000000001,2287.765719,2300.046465,24890,0.0,0.0,171394.85635765523,0.0
91.11,2287.765719,2298.204353,24890,0.0,0.0,171257.58586054173,0.0
91.12,2287.765719,2296.638558,24890,0.0,0.0,171140.90595289881,0.0
91.13,2287.765719,2295.307632,24890,0.0,0.0,171041.72801277286,0.0
91.14,2313.280477,2298.003559,24892,0.0,0.0,171242.6230937841,0.0
91.15,2313.280477,2300.295097,24892,0.0,0.0,171413.38391636952,0.0
91.16,2313.280477,2302.242904,24892,0.0,0.0,171558.53059321173,0.0
91.17,2313.280477,2303.89854,24892,0.0,0.0,171681.90527225356,0.0
91.18,2313.280477,2305.30583,24892,0.0,0.0,171786.77370472823,0.0
91.19,2313.280477,2306.502028,24892,0.0,0.0,171875.9119841087,0.0
91.2,2313.280477,2307.518795,24892,0.0,0.0,171951.67942470877,0.0
91.21000000000001,2234.443422,2296.557489,24893,0.0,0.0,171134.86485337254,0.0
91.22,2234.443422,2287.240379,24893,0.0,0.0,170440.5724751886,0.0
91.23,2313.158609,2291.128113,24893,0.0,0.0,170730.278627054,0.0
91.24,2288.953372,2290.801902,24895,0.0,0.0,170705.97003662417,0.0
91.25,2288.953372,2290.524623,24895,0.0,0.0,170685.30776084008,0.0
91.26,2288.953372,2290.288935,24895,0.0,0.0,170667.74476308338,0.0
91.27,2288.953372,2290.088601,24895,0.0,0.0,170652.81627460453,0.0
91.28,2288.953372,2289.918317,24895,0.0,0.0,170640.1270519457,0.0
91.29,2363.913861,2301.017648,24896,0.0,0.0,171467.22696986454,0.0
91.3,1715.953564,2213.258036,24896,0.0,0.0,164927.55643640706,0.0
91.31,1715.953564,2138.662365,24896,0.0,0.0,159368.83642335382,0.0
91.32000000000001,0.0,1817.86301,24896,0.0,0.0,135463.51094122123,0.0
91.33,0.0,1545.183559,24896,0.0,0.0,115143.98433729706,0.0
91.34,2391.469338,1672.126425,24898,0.0,0.0,124603.51248804641,0.0
91.35000000000001,2391.469338,1780.027862,24898,0.0,0.0,132644.11148324958,0.0
91.36,2391.469338,1871.744084,24898,0.0,0.0,139478.62067015716,0.0
91.37,2391.469338,1949.702872,24898,0.0,0.0,145287.953426866,0.0
91.38,2391.469338,2015.967842,24898,0.0,0.0,150225.88628497216,0.0
91.39,7119.379543,2781.479597,24899,0.0,0.0,207270.28920677205,0.0
91.4,2296.542001,2708.738958,24900,0.0,0.0,201849.8024633579,0.0
91.41,2296.542001,2646.909414,24900,0.0,0.0,197242.3886681156,0.0
91.42,2314.62568,2597.066854,24901,0.0,0.0,193528.22091468383,0.0
91.43,2314.62568,2554.700678,24901,0.0,0.0,190371.17832426674,0.0
91.44,2276.50092,2512.970714,24903,0.0,0.0,187261.54497797255,0.0
91.45,2276.50092,2477.500245,24903,0.0,0.0,184618.35666342967,0.0
91.46000000000001,2276.50092,2447.350346,24903,0.0,0.0,182371.64656998694,0.0
91.47,2276.50092,2421.722932,24903,0.0,0.0,180461.94300173828,0.0
91.48,2276.50092,2399.939631,24903,0.0,0.0,178838.69503579315,0.0
91.49,2419.171209,2402.824367,24903,0.0,0.0,179053.65978536385,0.0
91.5,2419.171209,2405.276394,24904,0.0,0.0,179236.3799268242,0.0
91.51,2299.818486,2389.457708,24904,0.0,0.0,178057.60312557511,0.0
91.52,2290.993402,2374.688062,24904,0.0,0.0,176956.99868425427,0.0
91.53,2290.993402,2362.133863,24905,0.0,0.0,176021.4849165833,0.0
91.54,2282.779263,2350.230673,24907,0.0,0.0,175134.48303584175,0.0
91.55,2282.779263,2340.112961,24907,0.0,0.0,174380.53139995248,0.0
91.56,2282.779263,2331.512907,24907,0.0,0.0,173739.67259886817,0.0
91.57000000000001,2282.779263,2324.20286,24907,0.0,0.0,173194.9425359767,0.0
91.58,2282.779263,2317.98932,24907,0.0,0.0,172731.9219787931,0.0
91.59,2229.808494,2304.762196,24907,0.0,0.0,171746.26318776302,0.0
91.60000000000001,2325.374039,2307.853973,24908,0.0,0.0,171976.65621802077,0.0
91.61,2325.374039,2310.481983,24908,0.0,0.0,172172.49026020672,0.0
91.62,2297.103677,2308.475237,24908,0.0,0.0,172022.95156711937,0.0
91.63,2297.103677,2306.769503,24909,0.0,0.0,171895.84368544692,0.0
91.64,2321.831947,2309.02887,24910,0.0,0.0,172064.20718953994,0.0
91.65,2321.831947,2310.949331,24910,0.0,0.0,172207.31609722693,0.0
91.66,2321.831947,2312.581724,24910,0.0,0.0,172328.95875445657,0.0
91.67,2321.831947,2313.969257,24910,0.0,0.0,172432.35493485787,0.0
91.68,2321.831947,2315.148661,24911,0.0,0.0,172520.24175899106,0.0
91.69,2210.130229,2299.395896,24911,0.0,0.0,171346.37725864458,0.0
91.7,2296.299777,2298.931478,24911,0.0,0.0,171311.76975935657,0.0
91.71000000000001,2296.299777,2298.536723,24912,0.0,0.0,171282.35340731716,0.0
91.72,2299.899443,2298.741131,24912,0.0,0.0,171297.58548211717,0.0
91.73,2299.899443,2298.914878,24912,0.0,0.0,171310.53276060076,0.0
91.74,2320.483839,2302.150222,24914,0.0,0.0,171551.62411618241,0.0
91.75,2320.483839,2304.900264,24914,0.0,0.0,171756.55173861957,0.0
91.76,2320.483839,2307.237801,24914,0.0,0.0,171930.7403145646,0.0
91.77,2320.483839,2309.224706,24914,0.0,0.0,172078.80049606675,0.0
91.78,2320.483839,2310.913576,24914,0.0,0.0,172204.65170623208,0.0
91.79,2211.621266,2296.01973,24915,0.0,0.0,171094.79212964172,0.0
91.8,2296.440054,2296.082778,24915,0.0,0.0,171099.49034033794,0.0
91.81,2296.440054,2296.13637,24916,0.0,0.0,171103.48390885134,0.0
91.82000000000001,2297.084494,2296.278588,24916,0.0,0.0,171114.08170939685,0.0
91.83,2297.084494,2296.399474,24916,0.0,0.0,171123.08989202313,0.0
91.84,2284.685733,2294.642413,24918,0.0,0.0,170992.15722510128,0.0
91.85000000000001,2284.685733,2293.148911,24918,0.0,0.0,170880.86444704,0.0
91.86,2284.685733,2291.879434,24918,0.0,0.0,170786.2655633325,0.0
91.87,2284.685733,2290.800379,24918,0.0,0.0,170705.85654571422,0.0
91.88,2284.685733,2289.883182,24918,0.0,0.0,170637.50886210919,0.0
91.89,2380.77886,2303.517534,24919,0.0,0.0,171653.51346815948,0.0
91.9,2325.981377,2306.887111,24919,0.0,0.0,171904.6075980779,0.0
91.91,2325.981377,2309.751251,24919,0.0,0.0,172118.03757497546,0.0
91.92,2296.835609,2307.813904,24920,0.0,0.0,171973.67035638538,0.0
91.93,2296.835609,2306.16716,24920,0.0,0.0,171850.95829137592,0.0
91.94,2285.976391,2303.138545,24922,0.0,0.0,171625.2719668661,0.0
91.95,2285.976391,2300.564222,24922,0.0,0.0,171433.4385724033,0.0
91.96000000000001,2285.976391,2298.376047,24922,0.0,0.0,171270.38015357676,0.0
91.97,2285.976391,2296.516099,24922,0.0,0.0,171131.78055346277,0.0
91.98,2285.976391,2294.935142,24922,0.0,0.0,171013.9708039442,0.0
91.99,2369.398322,2306.104619,24922,0.0,0.0,171846.2978613044,0.0
92.0,2296.384722,2304.646635,24923,0.0,0.0,171737.65181347256,0.0
92.01,2296.384722,2303.407348,24923,0.0,0.0,171645.30262810475,0.0
92.02,2297.075994,2302.457645,24924,0.0,0.0,171574.53266247822,0.0
92.03,2297.075994,2301.650397,24924,0.0,0.0,171514.37815816258,0.0
92.04,2278.977441,2298.249454,24927,0.0,0.0,171260.94669673964,0.0
92.05,2278.977441,2295.358652,24927,0.0,0.0,171045.52992099707,0.0
92.06,2278.977441,2292.90147,24927,0.0,0.0,170862.42563926047,0.0
92.07000000000001,2278.977441,2290.812866,24927,0.0,0.0,170706.787051947,0.0
92.08,2278.977441,2289.037552,24927,0.0,0.0,170574.49420801972,0.0
92.09,2278.977441,2287.528535,24927,0.0,0.0,170462.04528322973,0.0
92.10000000000001,2278.977441,2286.245871,24927,0.0,0.0,170366.46373069132,0.0
92.11,2278.977441,2285.155606,24927,0.0,0.0,170285.2193663229,0.0
92.12,2416.110423,2304.798829,24927,0.0,0.0,171748.99300555952,0.0
92.13,2416.110423,2321.495568,24928,0.0,0.0,172993.20055792574,0.0
92.14,2288.048944,2316.478574,24930,0.0,0.0,172619.34421238574,0.0
92.15,2288.048944,2312.21413,24930,0.0,0.0,172301.56638574286,0.0
92.16,2288.048944,2308.589352,24930,0.0,0.0,172031.45518838565,0.0
92.17,2288.048944,2305.508291,24930,0.0,0.0,171801.86069298745,0.0
92.18,2288.048944,2302.889389,24930,0.0,0.0,171606.70536072121,0.0
92.19,2188.425848,2285.719858,24930,0.0,0.0,170327.2662953572,0.0
92.2,2325.955561,2291.755213,24930,0.0,0.0,170777.00886318507,0.0
92.21000000000001,2325.955561,2296.885265,24931,0.0,0.0,171159.29006446822,0.0
92.22,2296.841925,2296.878764,24931,0.0,0.0,171158.80562296757,0.0
92.23,2296.841925,2296.873239,24932,0.0,0.0,171158.39391103227,0.0
92.24,2328.835687,2301.667606,24933,0.0,0.0,171515.6605383788,0.0
92.25,2328.835687,2305.742818,24933,0.0,0.0,171819.33717534924,0.0
92.26,2328.835687,2309.206748,24933,0.0,0.0,172077.46230187055,0.0
92.27,2328.835687,2312.151089,24933,0.0,0.0,172296.8686966726,0.0
92.28,2328.835687,2314.653779,24934,0.0,0.0,172483.36414343212,0.0
92.29,2184.502461,2295.131081,24934,0.0,0.0,171028.57178582472,0.0
92.3,2290.700654,2294.466517,24934,0.0,0.0,170979.04980744136,0.0
92.31,2290.700654,2293.901637,24935,0.0,0.0,170936.9560811047,0.0
92.32000000000001,2302.733339,2295.226393,24935,0.0,0.0,171035.67424518708,0.0
92.33,2302.733339,2296.352435,24935,0.0,0.0,171119.58463994626,0.0
92.34,1722.083016,2210.212022,24937,0.0,0.0,164700.5735732616,0.0
92.35000000000001,1722.083016,2136.992671,24937,0.0,0.0,159244.41417030542,0.0
92.36,1722.083016,2074.756223,24937,0.0,0.0,154606.67870387403,0.0
92.37,1722.083016,2021.855242,24937,0.0,0.0,150664.60354250373,0.0
92.38,1722.083016,1976.889408,24937,0.0,0.0,147313.83964416131,0.0
92.39,0.0,1680.355997,24937,0.0,0.0,125216.76371244069,0.0
92.4,0.0,1428.302597,24937,0.0,0.0,106434.24912204151,0.0
92.41,0.0,1214.057208,24939,0.0,0.0,90469.11179472017,0.0
92.42,6375.5636,1988.283166,24939,0.0,0.0,148162.87967248258,0.0
92.43,6375.5636,2646.375231,24939,0.0,0.0,197202.58242074325,0.0
92.44,2287.471744,2592.539708,24941,0.0,0.0,193190.86706110407,0.0
92.45,2287.471744,2546.779514,24941,0.0,0.0,189780.9090463957,0.0
92.46000000000001,2287.471744,2507.883348,24941,0.0,0.0,186882.44465192378,0.0
92.47,2287.471744,2474.821608,24941,0.0,0.0,184418.74999859242,0.0
92.48,2287.471744,2446.719128,24941,0.0,0.0,182324.6094687428,0.0
92.49,2395.70032,2439.066307,24942,0.0,0.0,181754.33657383162,0.0
92.5,2296.856855,2417.734889,24942,0.0,0.0,180164.7620240778,0.0
92.51,2296.856855,2399.603184,24942,0.0,0.0,178813.62367914256,0.0
92.52,2299.820671,2384.635807,24943,0.0,0.0,177698.2847196899,0.0
92.53,2299.820671,2371.913537,24943,0.0,0.0,176750.24663768825,0.0
92.54,2279.432449,2358.041374,24945,0.0,0.0,175716.5208321728,0.0
92.55,2279.432449,2346.250035,24945,0.0,0.0,174837.85386395163,0.0
92.56,2279.432449,2336.227397,24945,0.0,0.0,174090.9869521413,0.0
92.57000000000001,2279.432449,2327.708155,24945,0.0,0.0,173456.15009945794,0.0
92.58,2279.432449,2320.466799,24945,0.0,0.0,172916.53875232168,0.0
92.59,2381.616866,2329.639309,24945,0.0,0.0,173600.05582809047,0.0
92.60000000000001,2302.277143,2325.534984,24946,0.0,0.0,173294.20974866347,0.0
92.61,2302.277143,2322.046308,24946,0.0,0.0,173034.24059978005,0.0
92.62,2297.073812,2318.300434,24947,0.0,0.0,172755.10557101713,0.0
92.63,2297.073812,2315.11644,24947,0.0,0.0,172517.8407145988,0.0
92.64,2283.49514,2310.373245,24949,0.0,0.0,172164.3873222121,0.0
92.65,2283.49514,2306.341529,24949,0.0,0.0,171863.95192005386,0.0
92.66,2283.49514,2302.914571,24949,0.0,0.0,171608.58187293017,0.0
92.67,2283.49514,2300.001656,24949,0.0,0.0,171391.51728071246,0.0
92.68,2283.49514,2297.525679,24949,0.0,0.0,171207.01243321586,0.0
92.69,2362.322589,2307.245216,24949,0.0,0.0,171931.2928655148,0.0
92.7,2362.322589,2315.506822,24950,0.0,0.0,172546.93119943584,0.0
92.71000000000001,2299.831251,2313.155486,24950,0.0,0.0,172371.7143496456,0.0
92.72,2296.805866,2310.703043,24950,0.0,0.0,172188.96320869838,0.0
92.73,2296.797368,2308.617192,24951,0.0,0.0,172033.5297694316,0.0
92.74,2273.802317,2303.39496,24953,0.0,0.0,171644.3794991537,0.0
92.75,2273.802317,2298.956064,24953,0.0,0.0,171313.6018588391,0.0
92.76,2273.802317,2295.183002,24953,0.0,0.0,171032.4408347646,0.0
92.77,2273.802317,2291.975899,24953,0.0,0.0,170793.45394194577,0.0
92.78,2273.802317,2289.249862,24953,0.0,0.0,170590.31512403468,0.0
92.79,2394.230328,2304.996932,24953,0.0,0.0,171763.75524438632,0.0
92.8,2354.47775,2312.419054,24953,0.0,0.0,172316.8369118295,0.0
92.81,2354.47775,2318.727859,24954,0.0,0.0,172786.95642602962,0.0
92.82000000000001,2238.329934,2306.66817,24954,0.0,0.0,171888.29255322253,0.0
92.83,2238.329934,2296.417435,24955,0.0,0.0,171124.4283097733,0.0
92.84,2294.751327,2296.167518,24956,0.0,0.0,171105.80499543244,0.0
92.85000000000001,2294.751327,2295.95509,24956,0.0,0.0,171089.97528629377,0.0
92.86,2294.751327,2295.774525,24956,0.0,0.0,171076.51994410428,0.0
92.87,2294.751327,2295.621046,24956,0.0,0.0,171065.08299639076,0.0
92.88,2294.751327,2295.490588,24957,0.0,0.0,171055.36152749395,0.0
92.89,2382.047533,2308.47413,24957,0.0,0.0,172022.8690756963,0.0
92.9,2290.96362,2305.847553,24957,0.0,0.0,171827.14181780053,0.0
92.91,2330.860459,2309.599489,24958,0.0,0.0,172106.72857466337,0.0
92.92,2061.68955,2272.412998,24958,0.0,0.0,169335.66573729136,0.0
92.93,2061.68955,2240.804481,24958,0.0,0.0,166980.2623516065,0.0
92.94,2330.148395,2254.206068,24960,0.0,0.0,167978.92177600626,0.0
92.95,2330.148395,2265.597417,24960,0.0,0.0,168827.78229047195,0.0
92.96000000000001,2330.148395,2275.280064,24960,0.0,0.0,169549.3137538491,0.0
92.97,2330.148395,2283.510314,24960,0.0,0.0,170162.6155014456,0.0
92.98,2330.148395,2290.506026,24960,0.0,0.0,170683.92194964358,0.0
92.99,2175.849446,2273.307539,24961,0.0,0.0,169402.32514114867,0.0
93.0,2348.281891,2284.553692,24961,0.0,0.0,170240.36594047278,0.0
93.01,2348.281891,2294.112922,24961,0.0,0.0,170952.7006161724,0.0
93.02,2370.517805,2305.573654,24962,0.0,0.0,171806.73141284744,0.0
93.03,2370.517805,2315.315277,24962,0.0,0.0,172532.65764963566,0.0
93.04,2278.550664,2309.800585,24965,0.0,0.0,172121.71384585614,0.0
93.05,2278.550664,2305.113097,24965,0.0,0.0,171772.41162754715,0.0
93.06,2278.550664,2301.128732,24965,0.0,0.0,171475.50472708096,0.0
93.07000000000001,2278.550664,2297.742022,24965,0.0,0.0,171223.13388031413,0.0
93.08,2278.550664,2294.863318,24965,0.0,0.0,171008.61862330337,0.0
93.09,2278.550664,2292.41642,24965,0.0,0.0,170826.2806846514,0.0
93.10000000000001,2278.550664,2290.336557,24965,0.0,0.0,170671.2934591526,0.0
93.11,2278.550664,2288.568673,24965,0.0,0.0,170539.5542839456,0.0
93.12,2362.635585,2299.67871,24966,0.0,0.0,171367.45199154393,0.0
93.13,2290.90841,2298.363165,24966,0.0,0.0,171269.42021273507,0.0
93.14,2275.124589,2294.877378,24968,0.0,0.0,171009.66634634594,0.0
93.15,2275.124589,2291.91446,24968,0.0,0.0,170788.87563070728,0.0
93.16,2275.124589,2289.395979,24968,0.0,0.0,170601.2034702518,0.0
93.17,2275.124589,2287.255271,24968,0.0,0.0,170441.68219720497,0.0
93.18,2275.124589,2285.435668,24968,0.0,0.0,170306.08902569357,0.0
93.19,2379.417515,2299.532945,24968,0.0,0.0,171356.58987566186,0.0
93.2,2296.329622,2299.052447,24969,0.0,0.0,171320.78412697665,0.0
93.21000000000001,2296.329622,2298.644023,24969,0.0,0.0,171290.34918843157,0.0
93.22,2297.122745,2298.415831,24970,0.0,0.0,171273.34477758288,0.0
93.23,2302.665065,2299.053216,24970,0.0,0.0,171320.84143131654,0.0
93.24,2279.544808,2296.126955,24972,0.0,0.0,171102.78232190636,0.0
93.25,2279.544808,2293.639633,24972,0.0,0.0,170917.43206772997,0.0
93.26,2279.544808,2291.525409,24972,0.0,0.0,170759.88432932468,0.0
93.27,2279.544808,2289.728319,24972,0.0,0.0,170625.96878148732,0.0
93.28,2279.544808,2288.200793,24972,0.0,0.0,170512.1406030846,0.0
93.29,2361.976103,2299.267089,24972,0.0,0.0,171336.7788189614,0.0
93.3,2361.976103,2308.673441,24973,0.0,0.0,172037.72133226387,0.0
93.31,2299.829181,2307.346802,24973,0.0,0.0,171938.8628507925,0.0
93.32000000000001,2290.916886,2304.882315,24973,0.0,0.0,171755.21421508532,0.0
93.33,2290.916886,2302.787501,24974,0.0,0.0,171599.11287100837,0.0
93.34,2282.734737,2299.779586,24976,0.0,0.0,171374.96906904347,0.0
93.35000000000001,2282.734737,2297.222859,24976,0.0,0.0,171184.44689326175,0.0
93.36,2282.734737,2295.049641,24976,0.0,0.0,171022.5030401215,0.0
93.37,2282.734737,2293.202405,24976,0.0,0.0,170884.85071278957,0.0
93.38,2282.734737,2291.632255,24976,0.0,0.0,170767.84627926833,0.0
93.39,2370.29733,2303.432016,24976,0.0,0.0,171647.14083806312,0.0
93.4,2290.675231,2301.518498,24976,0.0,0.0,171504.54930883166,0.0
93.41,2290.675231,2299.892008,24977,0.0,0.0,171383.34653134027,0.0
93.42,2299.984661,2299.905906,24977,0.0,0.0,171384.38218246726,0.0
93.43,2299.984661,2299.917719,24978,0.0,0.0,171385.26246356987,0.0
93.44,2281.398252,2297.139799,24979,0.0,0.0,171178.25742840284,0.0
93.45,2281.398252,2294.778567,24979,0.0,0.0,171002.3031485109,0.0
93.46000000000001,2281.398252,2292.77152,24979,0.0,0.0,170852.7420255063,0.0
93.47,2281.398252,2291.06553,24979,0.0,0.0,170725.61506722655,0.0
93.48,2281.398252,2289.615438,24979,0.0,0.0,170617.55711542978,0.0
93.49,2362.517468,2300.550742,24980,0.0,0.0,171432.43406979917,0.0
93.5,2290.972097,2299.113946,24980,0.0,0.0,171325.36690929497,0.0
93.51,2290.972097,2297.892668,24981,0.0,0.0,171234.3597185412,0.0
93.52,2299.801468,2298.178988,24981,0.0,0.0,171255.6957115392,0.0
93.53,2299.801468,2298.42236,24981,0.0,0.0,171273.83130558752,0.0
93.54,2277.600568,2295.299091,24983,0.0,0.0,171041.09155455758,0.0
93.55,2277.600568,2292.644313,24983,0.0,0.0,170843.26281461888,0.0
93.56,2277.600568,2290.387751,24983,0.0,0.0,170675.10833350837,0.0
93.57000000000001,2277.600568,2288.469674,24983,0.0,0.0,170532.17707672704,0.0
93.58,2277.600568,2286.839308,24983,0.0,0.0,170410.685467478,0.0
93.59,2385.269212,2301.603793,24984,0.0,0.0,171510.9053214146,0.0
93.60000000000001,2290.649808,2299.960696,24984,0.0,0.0,171388.46502354147,0.0
93.61,2290.649808,2298.564063,24984,0.0,0.0,171284.39072936436,0.0
93.62,2296.997315,2298.32905,24985,0.0,0.0,171266.87803125585,0.0
93.63,2296.997315,2298.12929,24985,0.0,0.0,171251.99231610744,0.0
93.64,2281.322319,2295.608245,24987,0.0,0.0,171064.12909150685,0.0
93.65,2281.322319,2293.465356,24987,0.0,0.0,170904.44529470784,0.0
93.66,2281.322319,2291.6439,24987,0.0,0.0,170768.71404134732,0.0
93.67,2281.322319,2290.095663,24987,0.0,0.0,170653.3425207017,0.0
93.68,2281.322319,2288.779662,24987,0.0,0.0,170555.27676168605,0.0
93.69,2363.088514,2299.925989,24988,0.0,0.0,171385.8787274078,0.0
93.7,2295.77693,2299.30363,24988,0.0,0.0,171339.5017811021,0.0
93.71000000000001,2295.77693,2298.774625,24988,0.0,0.0,171300.08138792,0.0
93.72,2297.369624,2298.563875,24989,0.0,0.0,171284.37671998088,0.0
93.73,2297.369624,2298.384737,24989,0.0,0.0,171271.02771497364,0.0
93.74,2281.431389,2295.841735,24991,0.0,0.0,171081.52829870547,0.0
93.75,2281.431389,2293.680183,24991,0.0,0.0,170920.45377252207,0.0
93.76,2281.431389,2291.842864,24991,0.0,0.0,170783.54044016983,0.0
93.77,2281.431389,2290.281143,24991,0.0,0.0,170667.1641188481,0.0
93.78,2281.431389,2288.95368,24991,0.0,0.0,170568.24423454693,0.0
93.79,2357.733164,2299.270602,24991,0.0,0.0,171337.04060068607,0.0
93.8,2302.307067,2299.726072,24992,0.0,0.0,171370.9813129339,0.0
93.81,2302.307067,2300.113221,24992,0.0,0.0,171399.83088108554,0.0
93.82000000000001,2294.056804,2299.204759,24993,0.0,0.0,171332.1341121873,0.0
93.83,2294.056804,2298.432565,24993,0.0,0.0,171274.59176175034,0.0
93.84,2281.468842,2295.888007,24995,0.0,0.0,171084.9763954783,0.0
93.85000000000001,2281.468842,2293.725132,24995,0.0,0.0,170923.80328198447,0.0
93.86,2281.468842,2291.886689,24995,0.0,0.0,170786.8061914032,0.0
93.87,2281.468842,2290.324012,24995,0.0,0.0,170670.358630876,0.0
93.88,2281.468842,2288.995736,24995,0.0,0.0,170571.378163443,0.0
93.89,2362.388269,2300.004616,24995,0.0,0.0,171391.73785398458,0.0
93.9,2362.388269,2309.362164,24996,0.0,0.0,172089.0435909449,0.0
93.91,2299.824926,2307.931578,24996,0.0,0.0,171982.4391872042,0.0
93.92,2290.827777,2305.366008,24996,0.0,0.0,171791.25804877206,0.0
93.93,2296.857085,2304.08967,24997,0.0,0.0,171696.14789708485,0.0
93.94,2277.26336,2300.065723,24999,0.0,0.0,171396.29142524797,0.0
93.95,2277.26336,2296.645369,24999,0.0,0.0,171141.41349497868,0.0
93.96000000000001,2277.26336,2293.738067,24999,0.0,0.0,170924.76717228,0.0
93.97,2277.26336,2291.266861,24999,0.0,0.0,170740.61785014876,0.0
93.98,2277.26336,2289.166336,24999,0.0,0.0,170584.09093378898,0.0
93.99,2365.922498,2300.67976,24999,0.0,0.0,171442.04823277978,0.0
94.0,2290.017864,2299.080476,24999,0.0,0.0,171322.87279192405,0.0
94.01,2290.017864,2297.721084,25000,0.0,0.0,171221.5736224858,0.0
94.02,2294.369082,2297.218284,25000,0.0,0.0,171184.10597342398,0.0
94.03,2294.369082,2296.790904,25001,0.0,0.0,171152.25847172138,0.0
94.04,2291.784602,2296.039958,25003,0.0,0.0,171096.29947969192,0.0
94.05,2291.784602,2295.401655,25003,0.0,0.0,171048.73441843665,0.0
94.06,2291.784602,2294.859097,25003,0.0,0.0,171008.30408283658,0.0
94.07000000000001,2291.784602,2294.397923,25003,0.0,0.0,170973.9383199319,0.0
94.08,2291.784602,2294.005925,25003,0.0,0.0,170944.72741401117,0.0
94.09,2291.784602,2293.672726,25003,0.0,0.0,170919.8980918159,0.0
94.10000000000001,2291.784602,2293.389508,25003,0.0,0.0,170898.79325364568,0.0
94.11,2291.784602,2293.148772,25004,0.0,0.0,170880.85408903836,0.0
94.12,2342.51914,2300.554327,25004,0.0,0.0,171432.70121681964,0.0
94.13,2342.51914,2306.849049,25004,0.0,0.0,171901.77129406322,0.0
94.14,2279.360208,2302.725723,25006,0.0,0.0,171594.50929816876,0.0
94.15,2279.360208,2299.220895,25006,0.0,0.0,171333.33653459235,0.0
94.16,2279.360208,2296.241792,25006,0.0,0.0,171111.3397451667,0.0
94.17,2279.360208,2293.709554,25006,0.0,0.0,170922.64244062192,0.0
94.18,2279.360208,2291.557152,25006,0.0,0.0,170762.2497541142,0.0
94.19,2395.390527,2307.132159,25007,0.0,0.0,171922.86808428972,0.0
94.2,2295.449755,2305.379798,25007,0.0,0.0,171792.28565195538,0.0
94.21000000000001,2289.039268,2302.928719,25007,0.0,0.0,171609.63615355655,0.0
94.22,2289.039268,2300.845301,25008,0.0,0.0,171454.3840165772,0.0
94.23,2181.282017,2282.910809,25008,0.0,0.0,170117.94158945107,0.0
94.24,2336.665172,2290.973963,25010,0.0,0.0,170718.79167776424,0.0
94.25,2336.665172,2297.827644,25010,0.0,0.0,171229.51426028227,0.0
94.26,2336.665172,2303.653273,25010,0.0,0.0,171663.62846660023,0.0
94.27,2336.665172,2308.605058,25010,0.0,0.0,172032.62556805188,0.0
94.28,2336.665172,2312.814075,25010,0.0,0.0,172346.2730856562,0.0
94.29,2167.296468,2290.986434,25010,0.0,0.0,170719.72099170904,0.0
94.3,2296.839858,2291.864448,25011,0.0,0.0,170785.14883662434,0.0
94.31,2296.839858,2292.610759,25011,0.0,0.0,170840.76243773618,0.0
94.32000000000001,2296.693217,2293.223128,25012,0.0,0.0,170886.39494924847,0.0
94.33,2296.693217,2293.743641,25012,0.0,0.0,170925.18253559718,0.0
94.34,2326.108556,2298.598378,25014,0.0,0.0,171286.9478144431,0.0
94.35000000000001,2326.108556,2302.724905,25014,0.0,0.0,171594.44834244697,0.0
94.36,2326.108556,2306.232453,25014,0.0,0.0,171855.8237949762,0.0
94.37,2326.108556,2309.213868,25014,0.0,0.0,172077.99287001157,0.0
94.38,2326.108556,2311.748071,25014,0.0,0.0,172266.83660242122,0.0
94.39,2178.446685,2291.752863,25014,0.0,0.0,170776.83374589134,0.0
94.4,2296.346611,2292.441925,25015,0.0,0.0,170828.18126617352,0.0
94.41,2296.346611,2293.027628,25015,0.0,0.0,170871.82668076872,0.0
94.42,2296.958954,2293.617327,25015,0.0,0.0,170915.76986928133,0.0
94.43,2296.958954,2294.118571,25016,0.0,0.0,170953.12156833938,0.0
94.44,2287.147961,2293.072979,25018,0.0,0.0,170875.20614646605,0.0
94.45,2287.147961,2292.184227,25018,0.0,0.0,170808.97812729536,0.0
94.46000000000001,2287.147961,2291.428787,25018,0.0,0.0,170752.68425138577,0.0
94.47,2287.147961,2290.786663,25018,0.0,0.0,170704.8344568627,0.0
94.48,2287.147961,2290.240857,25018,0.0,0.0,170664.16208680728,0.0
94.49,2355.242284,2299.991071,25018,0.0,0.0,171390.7285077106,0.0
94.5,2302.443346,2300.358913,25019,0.0,0.0,171418.13935688767,0.0
94.51,2302.443346,2300.671578,25019,0.0,0.0,171441.43852652554,0.0
94.52,2293.948524,2299.66312,25019,0.0,0.0,171366.29025596543,0.0
94.53,2293.948524,2298.80593,25020,0.0,0.0,171302.4141738267,0.0
94.54,2282.452481,2296.352913,25021,0.0,0.0,171119.62025954906,0.0
94.55,2282.452481,2294.267848,25022,0.0,0.0,170964.24539142806,0.0
94.56,2282.452481,2292.495543,25022,0.0,0.0,170832.1767721548,0.0
94.57000000000001,2282.452481,2290.989084,25022,0.0,0.0,170719.91846440203,0.0
94.58,2282.452481,2289.708593,25022,0.0,0.0,170624.49883947184,0.0
94.59,2414.787816,2308.470477,25022,0.0,0.0,172022.59686145198,0.0
94.60000000000001,2290.085621,2305.712748,25022,0.0,0.0,171817.0964191693,0.0
94.61,2290.085621,2303.368679,25023,0.0,0.0,171642.42109166566,0.0
94.62,2294.248039,2302.000583,25023,0.0,0.0,171540.47331757864,0.0
94.63,2294.248039,2300.837701,25023,0.0,0.0,171453.81767979744,0.0
94.64,2286.851142,2298.739717,25025,0.0,0.0,171297.48011366892,0.0
94.65,2286.851142,2296.956431,25025,0.0,0.0,171164.59321226683,0.0
94.66,2286.851142,2295.440638,25025,0.0,0.0,171051.6393535269,0.0
94.67,2286.851142,2294.152213,25025,0.0,0.0,170955.6285028058,0.0
94.68,2286.851142,2293.057053,25025,0.0,0.0,170874.0193728404,0.0
94.69,2365.846262,2303.975434,25026,0.0,0.0,171687.63525914086,0.0
94.7,2290.916886,2302.016652,25026,0.0,0.0,171541.67074727788,0.0
94.71000000000001,2290.916886,2300.351687,25027,0.0,0.0,171417.6008898389,0.0
94.72,2299.858964,2300.277779,25027,0.0,0.0,171412.09341369162,0.0
94.73,2291.00165,2298.886359,25027,0.0,0.0,171308.40758183465,0.0
94.74,2270.942092,2294.694719,25029,0.0,0.0,170996.05496347006,0.0
94.75,2270.942092,2291.131825,25029,0.0,0.0,170730.55523786013,0.0
94.76,2270.942092,2288.103365,25029,0.0,0.0,170504.8804636399,0.0
94.77,2270.942092,2285.529174,25029,0.0,0.0,170313.0569055527,0.0
94.78,2270.942092,2283.341112,25029,0.0,0.0,170150.0069072599,0.0
94.79,2395.473667,2300.160995,25030,0.0,0.0,171403.39090389045,0.0
94.8,2296.457274,2299.605437,25030,0.0,0.0,171361.99183432496,0.0
94.81,2296.457274,2299.133213,25030,0.0,0.0,171326.8026475497,0.0
94.82000000000001,2294.120469,2298.381301,25031,0.0,0.0,171270.77167113477,0.0
94.83,2290.382563,2297.18149,25031,0.0,0.0,171181.36415822987,0.0
94.84,2280.971576,2294.750003,25033,0.0,0.0,171000.1746164349,0.0
94.85000000000001,2280.971576,2292.683239,25033,0.0,0.0,170846.16350218328,0.0
94.86,2280.971576,2290.92649,25033,0.0,0.0,170715.2540848766,0.0
94.87,2280.971576,2289.433253,25033,0.0,0.0,170603.98105408464,0.0
94.88,2280.971576,2288.164001,25033,0.0,0.0,170509.39893692653,0.0
94.89,2361.716304,2299.196847,25033,0.0,0.0,171331.54452579233,0.0
94.9,2296.763377,2298.831826,25034,0.0,0.0,171304.3438918858,0.0
94.91,2296.763377,2298.521559,25034,0.0,0.0,171281.2234164055,0.0
94.92,2207.789409,2284.911736,25035,0.0,0.0,170267.04666231194,0.0
94.93,2207.789409,2273.343387,25035,0.0,0.0,169404.99646231727,0.0
94.94,2295.475177,2276.663156,25037,0.0,0.0,169652.37899982426,0.0
94.95,2295.475177,2279.484959,25037,0.0,0.0,169862.65410826844,0.0
94.96000000000001,2295.475177,2281.883492,25037,0.0,0.0,170041.38798397913,0.0
94.97,2295.475177,2283.922244,25037,0.0,0.0,170193.3117000893,0.0
94.98,2295.475177,2285.655184,25037,0.0,0.0,170322.44691839736,0.0
94.99,2458.292489,2311.55078,25037,0.0,0.0,172252.13487220826,0.0
95.0,2120.491954,2282.891956,25038,0.0,0.0,170116.53670164724,0.0
95.01,2382.293995,2297.802262,25038,0.0,0.0,171227.6228444738,0.0
95.02,2382.293995,2310.476022,25038,0.0,0.0,172172.04605842454,0.0
95.03,2239.45999,2299.823617,25039,0.0,0.0,171378.2501709843,0.0
95.04,2320.932082,2302.989887,25042,0.0,0.0,171614.19427041776,0.0
95.05,2320.932082,2305.681216,25042,0.0,0.0,171814.7467176772,0.0
95.06,2320.932082,2307.968846,25042,0.0,0.0,171985.21632392905,0.0
95.07000000000001,2320.932082,2309.913331,25042,0.0,0.0,172130.1154519841,0.0
95.08,2320.932082,2311.566144,25042,0.0,0.0,172253.27976671935,0.0
95.09,2320.932082,2312.971034,25042,0.0,0.0,172357.96935600048,0.0
95.10000000000001,2320.932082,2314.165192,25042,0.0,0.0,172446.9556186664,0.0
95.11,2320.932082,2315.180225,25042,0.0,0.0,172522.59384505908,0.0
95.12,2234.890123,2303.13671,25042,0.0,0.0,171625.135226341,0.0
95.13,2234.890123,2292.899722,25043,0.0,0.0,170862.29538180114,0.0
95.14,2281.719266,2291.222653,25044,0.0,0.0,170737.3235585224,0.0
95.15,2281.719266,2289.797145,25044,0.0,0.0,170631.09755717218,0.0
95.16,2281.719266,2288.585463,25044,0.0,0.0,170540.80544112087,0.0
95.17,2281.719266,2287.555534,25044,0.0,0.0,170464.05719463987,0.0
95.18,2281.719266,2286.680093,25045,0.0,0.0,170398.82108453172,0.0
95.19,2384.482151,2301.350402,25045,0.0,0.0,171492.023131551,0.0
95.2,2290.518353,2299.725595,25045,0.0,0.0,171370.94576784913,0.0
95.21000000000001,2290.518353,2298.344509,25046,0.0,0.0,171268.0300049767,0.0
95.22,2300.091049,2298.60649,25046,0.0,0.0,171287.55230443747,0.0
95.23,2290.751501,2297.428241,25046,0.0,0.0,171199.7515485912,0.0
95.24,2283.468751,2295.334318,25048,0.0,0.0,171043.71660004987,0.0
95.25,2283.468751,2293.554483,25048,0.0,0.0,170911.08686025662,0.0
95.26,2283.468751,2292.041623,25048,0.0,0.0,170798.35156280285,0.0
95.27,2283.468751,2290.755692,25048,0.0,0.0,170702.52655996717,0.0
95.28,2283.468751,2289.662651,25048,0.0,0.0,170621.07533363815,0.0
95.29,2365.915567,2301.100588,25049,0.0,0.0,171473.4074925638,0.0
95.3,2365.915567,2310.822835,25049,0.0,0.0,172197.8898686356,0.0
95.31,2293.914459,2308.286579,25050,0.0,0.0,172008.89315077744,0.0
95.32000000000001,2302.579872,2307.430573,25050,0.0,0.0,171945.10529794754,0.0
95.33,2302.579872,2306.702968,25050,0.0,0.0,171890.88563049398,0.0
95.34,2285.678528,2303.549302,25052,0.0,0.0,171655.88075589892,0.0
95.35000000000001,2285.678528,2300.868685,25052,0.0,0.0,171456.12654542702,0.0
95.36,2285.678528,2298.590162,25052,0.0,0.0,171286.33557457695,0.0
95.37,2285.678528,2296.653417,25052,0.0,0.0,171142.01321582127,0.0
95.38,2285.678528,2295.007183,25052,0.0,0.0,171019.33915499045,0.0
95.39,2361.830579,2305.030693,25053,0.0,0.0,171766.27104649445,0.0
95.4,2296.614334,2303.768239,25053,0.0,0.0,171672.19550268227,0.0
95.41,2296.614334,2302.695153,25053,0.0,0.0,171592.23128299013,0.0
95.42,2294.018606,2301.393671,25054,0.0,0.0,171495.24745077782,0.0
95.43,2294.018606,2300.287411,25054,0.0,0.0,171412.81117104198,0.0
95.44,2280.727325,2297.353398,25056,0.0,0.0,171194.1743981164,0.0
95.45,2280.727325,2294.859487,25056,0.0,0.0,171008.33314485557,0.0
95.46000000000001,2280.727325,2292.739663,25056,0.0,0.0,170850.3681056651,0.0
95.47,2280.727325,2290.937812,25056,0.0,0.0,170716.09777764248,0.0
95.48,2280.727325,2289.406239,25056,0.0,0.0,170601.96802490452,0.0
95.49,2356.399039,2299.455159,25056,0.0,0.0,171350.79341872086,0.0
95.5,2302.643881,2299.933467,25057,0.0,0.0,171386.43597299192,0.0
95.51,2302.643881,2300.340029,25057,0.0,0.0,171416.7321590259,0.0
95.52,2293.96332,2299.383523,25058,0.0,0.0,171345.4552474635,0.0
95.53,2296.839858,2299.001973,25058,0.0,0.0,171317.02290557895,0.0
95.54,2277.307733,2295.747837,25060,0.0,0.0,171074.53120779135,0.0
95.55,2277.307733,2292.981822,25060,0.0,0.0,170868.41330938265,0.0
95.56,2277.307733,2290.630708,25060,0.0,0.0,170693.21300258779,0.0
95.57000000000001,2277.307733,2288.632262,25060,0.0,0.0,170544.29280887835,0.0
95.58,2277.307733,2286.933583,25060,0.0,0.0,170417.7106516771,0.0
95.59,2385.200568,2301.673631,25060,0.0,0.0,171516.10950931275,0.0
95.60000000000001,2322.910045,2304.859093,25061,0.0,0.0,171753.48375815115,0.0
95.61,2322.910045,2307.566736,25061,0.0,0.0,171955.2518920192,0.0
95.62,2181.108165,2288.59795,25061,0.0,0.0,170541.73594735365,0.0
95.63,2181.108165,2272.474482,25062,0.0,0.0,169340.24740183976,0.0
95.64,2329.527895,2281.032494,25064,0.0,0.0,169977.97331727995,0.0
95.65,2329.527895,2288.306804,25064,0.0,0.0,170520.04033050046,0.0
95.66,2329.527895,2294.489968,25064,0.0,0.0,170980.79732899697,0.0
95.67,2329.527895,2299.745657,25064,0.0,0.0,171372.44074791175,0.0
95.68,2329.527895,2304.212993,25064,0.0,0.0,171705.33768007066,0.0
95.69,2168.273046,2283.822001,25064,0.0,0.0,170185.84179248207,0.0
95.7,2290.71348,2284.855722,25064,0.0,0.0,170262.87261120896,0.0
95.71000000000001,2290.71348,2285.734386,25065,0.0,0.0,170328.34889282257,0.0
95.72,2296.937706,2287.414884,25065,0.0,0.0,170453.57623831418,0.0
95.73,2296.937706,2288.843307,25066,0.0,0.0,170560.01945962667,0.0
95.74000000000001,2322.720333,2293.924861,25067,0.0,0.0,170938.68668707492,0.0
95.75,2322.720333,2298.244182,25067,0.0,0.0,171260.5538378577,0.0
95.76,2322.720333,2301.915605,25067,0.0,0.0,171534.1409272008,0.0
95.77,2322.720333,2305.036314,25067,0.0,0.0,171766.68991215748,0.0
95.78,2322.720333,2307.688917,25067,0.0,0.0,171964.356575452,0.0
95.79,2197.529294,2291.164973,25068,0.0,0.0,170733.02536043592,0.0
95.8,2290.285024,2291.032981,25068,0.0,0.0,170723.18958093118,0.0
95.81,2290.285024,2290.920787,25069,0.0,0.0,170714.8291087378,0.0
95.82000000000001,2299.997427,2292.282283,25069,0.0,0.0,170816.28506404237,0.0
95.83,2299.997427,2293.439555,25069,0.0,0.0,170902.52265585848,0.0
95.84,2286.459196,2292.392501,25071,0.0,0.0,170824.498288673,0.0
95.85000000000001,2286.459196,2291.502505,25071,0.0,0.0,170758.17756911364,0.0
95.86,2286.459196,2290.746009,25071,0.0,0.0,170701.8050021989,0.0
95.87,2286.459196,2290.102987,25071,0.0,0.0,170653.88829051424,0.0
95.88,2286.459196,2289.556418,25071,0.0,0.0,170613.15906322686,0.0
95.89,2367.74163,2301.2842,25072,0.0,0.0,171487.08989109116,0.0
95.9,2290.590262,2299.680109,25072,0.0,0.0,171367.55624222217,0.0
95.91,2290.590262,2298.316632,25072,0.0,0.0,171265.9526667649,0.0
95.92,2311.404631,2300.279832,25073,0.0,0.0,171412.24639914016,0.0
95.93,2311.404631,2301.948552,25073,0.0,0.0,171536.5960716591,0.0
95.94,2280.699376,2298.761176,25075,0.0,0.0,171299.0791953738,0.0
95.95,2280.699376,2296.051906,25075,0.0,0.0,171097.1898207241,0.0
95.96000000000001,2280.699376,2293.749026,25075,0.0,0.0,170925.58381501283,0.0
95.97,2280.699376,2291.791579,25075,0.0,0.0,170779.7187846763,0.0
95.98,2280.699376,2290.127748,25075,0.0,0.0,170655.73343064633,0.0
95.99000000000001,2361.501439,2300.833802,25076,0.0,0.0,171453.52713412585,0.0
96.0,2331.576826,2305.445256,25076,0.0,0.0,171797.16345102518,0.0
96.01,2331.576826,2309.364991,25076,0.0,0.0,172089.2542533234,0.0
96.02,2293.990963,2307.058887,25077,0.0,0.0,171917.40800158877,0.0
96.03,2296.686672,2305.503055,25077,0.0,0.0,171801.47051675335,0.0
96.04,2291.667403,2303.427707,25080,0.0,0.0,171646.81974001252,0.0
96.05,2291.667403,2301.663661,25080,0.0,0.0,171515.3665648793,0.0
96.06,2291.667403,2300.164223,25080,0.0,0.0,171403.63144798583,0.0
96.07000000000001,2291.667403,2298.8897,25080,0.0,0.0,171308.6565464638,0.0
96.08,2291.667403,2297.806355,25080,0.0,0.0,171227.92784663694,0.0
96.09,2291.667403,2296.885512,25080,0.0,0.0,171159.30847041355,0.0
96.10000000000001,2291.667403,2296.102796,25080,0.0,0.0,171100.9820416087,0.0
96.11,2291.667403,2295.437487,25080,0.0,0.0,171051.40454731727,0.0
96.12,2348.239714,2303.357821,25081,0.0,0.0,171641.61197525056,0.0
96.13,2348.239714,2310.090105,25081,0.0,0.0,172143.28829644562,0.0
96.14,2291.043876,2307.233171,25083,0.0,0.0,171930.3952962369,0.0
96.15,2291.043876,2304.804776,25083,0.0,0.0,171749.4361640897,0.0
96.16,2291.043876,2302.740641,25083,0.0,0.0,171595.62095765307,0.0
96.17,2291.043876,2300.986126,25083,0.0,0.0,171464.87801355246,0.0
96.18,2291.043876,2299.494789,25083,0.0,0.0,171353.74656695538,0.0
96.19,2291.043876,2298.227152,25083,0.0,0.0,171259.284796363,0.0
96.2,2204.879895,2284.225063,25084,0.0,0.0,170215.8771655254,0.0
96.21000000000001,2204.879895,2272.323288,25084,0.0,0.0,169328.9807277501,0.0
96.22,2297.782394,2276.142154,25084,0.0,0.0,169613.55497417483,0.0
96.23,2442.81072,2301.142439,25085,0.0,0.0,171476.52614527047,0.0
96.24000000000001,2261.697012,2295.225625,25087,0.0,0.0,171035.61701536513,0.0
96.25,2261.697012,2290.196333,25087,0.0,0.0,170660.84424749378,0.0
96.26,2261.697012,2285.921435,25087,0.0,0.0,170342.28740970677,0.0
96.27,2261.697012,2282.287772,25087,0.0,0.0,170071.51411994323,0.0
96.28,2261.697012,2279.199158,25087,0.0,0.0,169841.35679011102,0.0
96.29,2261.697012,2276.573836,25087,0.0,0.0,169645.72305230197,0.0
96.3,2261.697012,2274.342312,25087,0.0,0.0,169479.43435280884,0.0
96.31,2390.085332,2291.703765,25088,0.0,0.0,170773.17506125802,0.0
96.32000000000001,2203.014646,2278.400397,25088,0.0,0.0,169781.8347200388,0.0
96.33,257.68116,1975.292512,25088,0.0,0.0,147194.84215228318,0.0
96.34,2637.43442,2074.613798,25091,0.0,0.0,154596.0654781031,0.0
96.35000000000001,2637.43442,2159.036891,25091,0.0,0.0,160887.10529759823,0.0
96.36,2637.43442,2230.796521,25091,0.0,0.0,166234.48921496116,0.0
96.37,2637.43442,2291.792206,25091,0.0,0.0,170779.76550746066,0.0
96.38,2637.43442,2343.638538,25091,0.0,0.0,174643.2503374557,0.0
96.39,2637.43442,2387.70792,25091,0.0,0.0,177927.2124280479,0.0
96.4,2313.672261,2376.602571,25091,0.0,0.0,177099.66406082106,0.0
96.41,2313.672261,2367.163025,25092,0.0,0.0,176396.24799711496,0.0
96.42,2367.405538,2367.199402,25092,0.0,0.0,176398.95873830415,0.0
96.43,2367.405538,2367.230322,25092,0.0,0.0,176401.26283478187,0.0
96.44,2287.852182,2355.323601,25095,0.0,0.0,175513.99783099175,0.0
96.45,2287.852182,2345.202888,25095,0.0,0.0,174759.82256659243,0.0
96.46000000000001,2287.852182,2336.600282,25095,0.0,0.0,174118.77359557894,0.0
96.47,2287.852182,2329.288067,25095,0.0,0.0,173573.88197766923,0.0
96.48,2287.852182,2323.072684,25095,0.0,0.0,173110.72408381655,0.0
96.49000000000001,2287.852182,2317.789609,25095,0.0,0.0,172717.03991502657,0.0
96.5,2287.852182,2313.298995,25095,0.0,0.0,172382.40835292567,0.0
96.51,2235.541739,2301.635407,25095,0.0,0.0,171513.2611333825,0.0
96.52,2384.685023,2314.092849,25096,0.0,0.0,172441.56476318493,0.0
96.53,2384.685023,2324.681675,25096,0.0,0.0,173230.62287087238,0.0
96.54,2308.657404,2322.278034,25099,0.0,0.0,173051.50835723136,0.0
96.55,2308.657404,2320.23494,25099,0.0,0.0,172899.26108397671,0.0
96.56,2308.657404,2318.49831,25099,0.0,0.0,172769.8508942585,0.0
96.57000000000001,2308.657404,2317.022174,25099,0.0,0.0,172659.85219573902,0.0
96.58,2308.657404,2315.767458,25099,0.0,0.0,172566.35327219023,0.0
96.59,2308.657404,2314.70095,25099,0.0,0.0,172486.87923188455,0.0
96.60000000000001,2308.657404,2313.794418,25099,0.0,0.0,172419.32628272116,0.0
96.61,2264.441656,2306.391504,25099,0.0,0.0,171867.67595697087,0.0
96.62,2264.441656,2300.099027,25100,0.0,0.0,171398.77317263134,0.0
96.63,2253.022512,2293.03755,25100,0.0,0.0,170872.56604833834,0.0
96.64,2311.034571,2295.737103,25102,0.0,0.0,171073.7313316079,0.0
96.65,2311.034571,2298.031723,25102,0.0,0.0,171244.72181866114,0.0
96.66,2311.034571,2299.98215,25102,0.0,0.0,171390.0637326564,0.0
96.67,2311.034571,2301.640013,25102,0.0,0.0,171513.60436327822,0.0
96.68,2311.034571,2303.049197,25102,0.0,0.0,171618.61393283991,0.0
96.69,2311.034571,2304.247003,25102,0.0,0.0,171707.87203716012,0.0
96.7,2311.034571,2305.265138,25103,0.0,0.0,171783.74141838052,0.0
96.71000000000001,2248.517836,2296.753043,25103,0.0,0.0,171149.43714582414,0.0
96.72,2248.517836,2289.517762,25103,0.0,0.0,170610.27849552172,0.0
96.73,2267.526652,2286.219095,25104,0.0,0.0,170364.4684367946,0.0
96.74000000000001,2305.419883,2289.099214,25106,0.0,0.0,170579.08913677162,0.0
96.75,2305.419883,2291.547314,25106,0.0,0.0,170761.51664605638,0.0
96.76,2305.419883,2293.628199,25106,0.0,0.0,170916.58002894843,0.0
96.77,2305.419883,2295.396952,25106,0.0,0.0,171048.3839602952,0.0
96.78,2305.419883,2296.900392,25106,0.0,0.0,171160.417298214,0.0
96.79,2305.419883,2298.178316,25106,0.0,0.0,171255.645635445,0.0
96.8,2350.846669,2306.078569,25108,0.0,0.0,171844.3566674737,0.0
96.81,2350.846669,2312.793784,25108,0.0,0.0,172344.7610409722,0.0
96.82000000000001,2238.36933,2301.630116,25108,0.0,0.0,171512.86685865856,0.0
96.83,2384.52598,2314.064495,25109,0.0,0.0,172439.45187988842,0.0
96.84,2314.682183,2314.157148,25111,0.0,0.0,172446.35619589582,0.0
96.85000000000001,2314.682183,2314.235903,25111,0.0,0.0,172452.2248607762,0.0
96.86,2314.682183,2314.302845,25111,0.0,0.0,172457.21324455406,0.0
96.87,2314.682183,2314.359746,25111,0.0,0.0,172461.45339312064,0.0
96.88,2314.682183,2314.408111,25111,0.0,0.0,172465.05745606197,0.0
96.89,2314.682183,2314.449222,25111,0.0,0.0,172468.1209654505,0.0
96.9,2314.682183,2314.484166,25111,0.0,0.0,172470.72492234953,0.0
96.91,2237.562179,2302.945868,25112,0.0,0.0,171610.91406269287,0.0
96.92,2372.975448,2313.450305,25112,0.0,0.0,172393.68367110298,0.0
96.93,2372.975448,2322.379077,25113,0.0,0.0,173059.03787923642,0.0
96.94,2286.669067,2317.022575,25115,0.0,0.0,172659.882077456,0.0
96.95,2286.669067,2312.469549,25115,0.0,0.0,172320.5996981051,0.0
96.96000000000001,2286.669067,2308.599477,25115,0.0,0.0,172032.20968310873,0.0
96.97,2286.669067,2305.309915,25115,0.0,0.0,171787.07811074733,0.0
96.98,2286.669067,2302.513788,25115,0.0,0.0,171578.71632640285,0.0
96.99000000000001,2286.669067,2300.13708,25115,0.0,0.0,171401.60880598405,0.0
97.0,2309.079261,2301.478407,25115,0.0,0.0,171501.56180780032,0.0
97.01,2309.079261,2302.618535,25116,0.0,0.0,171586.52186307003,0.0
97.02,2256.171629,2295.651499,25116,0.0,0.0,171067.3522929637,0.0
97.03,2256.171629,2289.729519,25116,0.0,0.0,170626.05820308416,0.0
97.04,2311.641383,2293.016299,25121,0.0,0.0,170870.98246637688,0.0
97.05,2311.641383,2295.810061,25121,0.0,0.0,171079.16801565772,0.0
97.06,2311.641383,2298.18476,25121,0.0,0.0,171256.12582941988,0.0
97.07000000000001,2311.641383,2300.203253,25121,0.0,0.0,171406.53988542195,0.0
97.08,2311.641383,2301.918973,25121,0.0,0.0,171534.39190381582,0.0
97.09,2311.641383,2303.377334,25121,0.0,0.0,171643.06604493258,0.0
97.10000000000001,2311.641383,2304.616942,25121,0.0,0.0,171735.4391505776,0.0
97.11,2311.641383,2305.670608,25121,0.0,0.0,171813.95623076143,0.0
97.12,2311.641383,2306.566224,25121,0.0,0.0,171880.6957414659,0.0
97.13,2311.641383,2307.327498,25121,0.0,0.0,171937.42435537188,0.0
97.14,2293.013593,2305.180412,25123,0.0,0.0,171777.427806538,0.0
97.15,2293.013593,2303.35539,25123,0.0,0.0,171641.43082199903,0.0
97.16,2293.013593,2301.80412,25123,0.0,0.0,171525.8332882675,0.0
97.17,2293.013593,2300.485541,25123,0.0,0.0,171427.57542185468,0.0
97.18,2293.013593,2299.364749,25123,0.0,0.0,171344.0562465815,0.0
97.19,2293.013593,2298.412076,25123,0.0,0.0,171273.0649625029,0.0
97.2,2293.013593,2297.602303,25123,0.0,0.0,171212.72230024397,0.0
97.21000000000001,2270.466121,2293.531876,25123,0.0,0.0,170909.40223189074,0.0
97.22,2302.507348,2294.878197,25124,0.0,0.0,171009.72737658574,0.0
97.23,2302.507348,2296.022569,25124,0.0,0.0,171095.0036862362,0.0
97.24000000000001,2287.555704,2294.75254,25126,0.0,0.0,171000.36366859416,0.0
97.25,2287.555704,2293.673014,25126,0.0,0.0,170919.9195529992,0.0
97.26,2287.555704,2292.755418,25126,0.0,0.0,170851.5421367132,0.0
97.27,2287.555704,2291.975461,25126,0.0,0.0,170793.42130306293,0.0
97.28,2287.555704,2291.312497,25126,0.0,0.0,170744.01855347527,0.0
97.29,2362.665622,2302.015466,25126,0.0,0.0,171541.58236893298,0.0
97.3,2296.669907,2301.213632,25127,0.0,0.0,171481.83130505495,0.0
97.31,2296.669907,2300.532073,25127,0.0,0.0,171431.04289330685,0.0
97.32000000000001,2296.97377,2299.998328,25127,0.0,0.0,171391.26928481733,0.0
97.33,2296.97377,2299.544644,25128,0.0,0.0,171357.46166171273,0.0
97.34,2287.780193,2297.779976,25130,0.0,0.0,171225.96213638512,0.0
97.35000000000001,2287.780193,2296.280009,25130,0.0,0.0,171114.18759947107,0.0
97.36,2287.780193,2295.005037,25130,0.0,0.0,171019.17923936818,0.0
97.37,2287.780193,2293.92131,25130,0.0,0.0,170938.42207366636,0.0
97.38,2287.780193,2293.000142,25130,0.0,0.0,170869.7784790939,0.0
97.39,2361.435809,2303.265492,25130,0.0,0.0,171634.73180307428,0.0
97.4,2296.533735,2302.255729,25131,0.0,0.0,171559.48628652762,0.0
97.41,2296.533735,2301.39743,25131,0.0,0.0,171495.52756392982,0.0
97.42,2296.986634,2300.73581,25131,0.0,0.0,171446.22496653063,0.0
97.43,2296.986634,2300.173434,25132,0.0,0.0,171404.31783325932,0.0
97.44,2282.613859,2297.539498,25133,0.0,0.0,171208.0421974211,0.0
97.45,2282.613859,2295.300652,25133,0.0,0.0,171041.20787715146,0.0
97.46000000000001,2282.613859,2293.397633,25133,0.0,0.0,170899.398712374,0.0
97.47,2282.613859,2291.780067,25133,0.0,0.0,170778.86093349097,0.0
97.48,2282.613859,2290.405136,25134,0.0,0.0,170676.40382889207,0.0
97.49000000000001,2370.916152,2302.481788,25134,0.0,0.0,171576.331750488,0.0
97.5,2370.916152,2312.746943,25134,0.0,0.0,172341.27054345887,0.0
97.51,2294.022736,2309.938312,25135,0.0,0.0,172131.9769860756,0.0
97.52,2296.848357,2307.974819,25135,0.0,0.0,171985.66141992714,0.0
97.53,2296.848357,2306.305849,25135,0.0,0.0,171861.29311790885,0.0
97.54,2274.418354,2301.522725,25137,0.0,0.0,171504.86429640636,0.0
97.55,2274.418354,2297.457069,25137,0.0,0.0,171201.8997534185,0.0
97.56,2274.418354,2294.001262,25137,0.0,0.0,170944.37993658957,0.0
97.57000000000001,2274.418354,2291.063826,25137,0.0,0.0,170725.4880885591,0.0
97.58,2274.418354,2288.567005,25137,0.0,0.0,170539.429987926,0.0
97.59,2400.320914,2305.330091,25138,0.0,0.0,171788.58158586168,0.0
97.60000000000001,2290.573315,2303.116575,25138,0.0,0.0,171623.63480646457,0.0
97.61,2290.573315,2301.235086,25139,0.0,0.0,171483.43001416986,0.0
97.62,2300.082652,2301.062221,25139,0.0,0.0,171470.5484605599,0.0
97.63,2300.082652,2300.915286,25139,0.0,0.0,171459.59915862096,0.0
97.64,2282.57109,2298.163656,25141,0.0,0.0,171254.55320160402,0.0
97.65,2282.57109,2295.824771,25141,0.0,0.0,171080.26417539857,0.0
97.66,2282.57109,2293.836719,25141,0.0,0.0,170932.1185217535,0.0
97.67,2282.57109,2292.146875,25141,0.0,0.0,170806.1947310587,0.0
97.68,2282.57109,2290.710507,25141,0.0,0.0,170699.1594642574,0.0
97.69,2366.585415,2302.091743,25142,0.0,0.0,171547.26637821604,0.0
97.7,2296.784507,2301.295658,25142,0.0,0.0,171487.94371830468,0.0
97.71000000000001,2290.819302,2299.724204,25142,0.0,0.0,171370.84211331487,0.0
97.72,2290.819302,2298.388469,25143,0.0,0.0,171271.30581613973,0.0
97.73,2296.933457,2298.170217,25143,0.0,0.0,171255.04211418456,0.0
97.74000000000001,2282.20498,2295.775432,25145,0.0,0.0,171076.58753192794,0.0
97.75,2282.20498,2293.739864,25145,0.0,0.0,170924.90108112124,0.0
97.76,2282.20498,2292.009631,25145,0.0,0.0,170795.96758303198,0.0
97.77,2282.20498,2290.538934,25145,0.0,0.0,170686.37418790004,0.0
97.78,2282.20498,2289.288841,25145,0.0,0.0,170593.21976105295,0.0
97.79,2361.307738,2300.091675,25145,0.0,0.0,171398.22531631493,0.0
97.8,2302.153312,2300.400921,25146,0.0,0.0,171421.2697089199,0.0
97.81,2302.153312,2300.663779,25146,0.0,0.0,171440.85736066435,0.0
97.82000000000001,2297.061062,2300.123372,25147,0.0,0.0,171400.58731327654,0.0
97.83,2297.061062,2299.664025,25147,0.0,0.0,171366.357694753,0.0
97.84,2282.476087,2297.085835,25149,0.0,0.0,171174.23613919443,0.0
97.85000000000001,2282.476087,2294.894372,25149,0.0,0.0,171010.9327051927,0.0
97.86,2282.476087,2293.03163,25149,0.0,0.0,170872.1249017941,0.0
97.87,2282.476087,2291.448298,25149,0.0,0.0,170754.13817203185,0.0
97.88,2282.476087,2290.102466,25149,0.0,0.0,170653.84946663762,0.0
97.89,2367.099065,2301.651956,25149,0.0,0.0,171514.49433172046,0.0
97.9,2296.78887,2300.922493,25150,0.0,0.0,171460.1362098278,0.0
97.91,2296.78887,2300.30245,25150,0.0,0.0,171413.93184720396,0.0
97.92,2296.856855,2299.785611,25150,0.0,0.0,171375.4180399774,0.0
97.93,2296.856855,2299.346297,25151,0.0,0.0,171342.6812404946,0.0
97.94,2284.665307,2297.144149,25153,0.0,0.0,171178.58158169128,0.0
97.95,2284.665307,2295.272323,25153,0.0,0.0,171039.09685680486,0.0
97.96000000000001,2284.665307,2293.68127,25153,0.0,0.0,170920.53477358518,0.0
97.97,2284.665307,2292.328876,25153,0.0,0.0,170819.75708109236,0.0
97.98,2284.665307,2291.179341,25153,0.0,0.0,170734.09603502165,0.0
97.99000000000001,2366.373646,2302.458486,25153,0.0,0.0,171574.595332114,0.0
98.0,2296.814134,2301.611834,25153,0.0,0.0,171511.50452063122,0.0
98.01,2296.478398,2300.841818,25154,0.0,0.0,171454.12447039247,0.0
98.02,2296.478398,2300.187305,25154,0.0,0.0,171405.3514724004,0.0
98.03,2299.869659,2300.139658,25155,0.0,0.0,171401.8009133812,0.0
98.04,2287.203183,2298.199187,25157,0.0,0.0,171257.20090056743,0.0
98.05,2287.203183,2296.549787,25157,0.0,0.0,171134.29091575707,0.0
98.06,2287.203183,2295.147796,25157,0.0,0.0,171029.81735415026,0.0
98.07000000000001,2287.203183,2293.956104,25157,0.0,0.0,170941.01485286574,0.0
98.08,2287.203183,2292.943166,25158,0.0,0.0,170865.5327416775,0.0
98.09,2287.203183,2292.082169,25158,0.0,0.0,170801.37296952293,0.0
98.10000000000001,2287.203183,2291.350321,25158,0.0,0.0,170746.83712220663,0.0
98.11,2287.203183,2290.72825,25158,0.0,0.0,170700.48163708416,0.0
98.12,2373.006888,2303.070046,25158,0.0,0.0,171620.1675585664,0.0
98.13,2296.801732,2302.129799,25158,0.0,0.0,171550.10223512273,0.0
98.14,2279.869179,2298.790706,25160,0.0,0.0,171301.27971183517,0.0
98.15,2279.869179,2295.952477,25160,0.0,0.0,171089.7805707667,0.0
98.16,2279.869179,2293.539982,25160,0.0,0.0,170910.0062747772,0.0
98.17,2279.869179,2291.489362,25160,0.0,0.0,170757.1981790746,0.0
98.18,2279.869179,2289.746334,25160,0.0,0.0,170627.31122320937,0.0
98.19,2212.311255,2278.131072,25161,0.0,0.0,169761.76516040563,0.0
98.2,2296.788641,2280.929708,25161,0.0,0.0,169970.3139104055,0.0
98.21000000000001,2296.75488,2283.303483,25162,0.0,0.0,170147.20286953807,0.0
98.22,2302.537048,2286.188518,25162,0.0,0.0,170362.18989998996,0.0
98.23,2302.537048,2288.640797,25162,0.0,0.0,170544.92881998565,0.0
98.24000000000001,2330.423533,2294.908208,25164,0.0,0.0,171011.96373620385,0.0
98.25,2330.423533,2300.235507,25164,0.0,0.0,171408.9433889081,0.0
98.26,2330.423533,2304.76371,25164,0.0,0.0,171746.376008011,0.0
98.27,2330.423533,2308.612684,25164,0.0,0.0,172033.19384229957,0.0
98.28,2330.423533,2311.884311,25164,0.0,0.0,172276.9889343786,0.0
98.29,2182.113315,2292.418662,25165,0.0,0.0,170826.44775400145,0.0
98.3,2302.507118,2293.93193,25165,0.0,0.0,170939.21345479807,0.0
98.31,2302.507118,2295.218208,25165,0.0,0.0,171035.0643153788,0.0
98.32000000000001,2299.748229,2295.897711,25166,0.0,0.0,171085.69951812446,0.0
98.33,2299.748229,2296.475289,25166,0.0,0.0,171128.73947399136,0.0
98.34,2331.751691,2301.766749,25168,0.0,0.0,171523.04847618894,0.0
98.35000000000001,2331.751691,2306.264491,25168,0.0,0.0,171858.2112025749,0.0
98.36,2331.751691,2310.087571,25168,0.0,0.0,172143.09946784037,0.0
98.37,2331.751691,2313.337189,25168,0.0,0.0,172385.254493316,0.0
98.38,2331.751691,2316.099364,25168,0.0,0.0,172591.08624261495,0.0
98.39,2167.284262,2293.777099,25168,0.0,0.0,170927.67575875216,0.0
98.4,2302.396383,2295.069991,25169,0.0,0.0,171024.0194813673,0.0
98.41,2296.869717,2295.33995,25169,0.0,0.0,171044.13628541084,0.0
98.42,2302.643651,2296.435505,25170,0.0,0.0,171125.7748499852,0.0
98.43,2302.643651,2297.366727,25170,0.0,0.0,171195.16764850295,0.0
98.44,2289.78366,2296.229267,25172,0.0,0.0,171110.4064072501,0.0
98.45,2289.78366,2295.262426,25172,0.0,0.0,171038.35935218516,0.0
98.46000000000001,2289.78366,2294.440611,25172,0.0,0.0,170977.11934420234,0.0
98.47,2289.78366,2293.742068,25172,0.0,0.0,170925.06531878738,0.0
98.48,2289.78366,2293.148307,25172,0.0,0.0,170880.8194381696,0.0
98.49000000000001,2361.834132,2303.451181,25172,0.0,0.0,171648.5689754821,0.0
98.5,2361.834132,2312.208624,25173,0.0,0.0,172301.1560896495,0.0
98.51,2314.443404,2312.543841,25173,0.0,0.0,172326.13578916338,0.0
98.52,2296.699532,2310.167194,25173,0.0,0.0,172149.0328143425,0.0
98.53,2296.699532,2308.147045,25174,0.0,0.0,171998.4953565368,0.0
98.54,2287.377634,2305.031633,25176,0.0,0.0,171766.34109341193,0.0
98.55,2287.377634,2302.383534,25176,0.0,0.0,171569.01005917747,0.0
98.56,2287.377634,2300.132649,25176,0.0,0.0,171401.27861673787,0.0
98.57000000000001,2287.377634,2298.219397,25176,0.0,0.0,171258.70690929366,0.0
98.58,2287.377634,2296.593132,25176,0.0,0.0,171137.5208983517,0.0
98.59,2382.645425,2309.500976,25176,0.0,0.0,172099.38758319148,0.0
98.60000000000001,2296.346381,2307.527787,25176,0.0,0.0,171952.34949054086,0.0
98.61,2296.346381,2305.850576,25177,0.0,0.0,171827.36708570644,0.0
98.62,2300.010193,2304.974519,25177,0.0,0.0,171762.08507251192,0.0
98.63,2331.930744,2309.017952,25178,0.0,0.0,172063.393602045,0.0
98.64,2274.666678,2303.865261,25179,0.0,0.0,171679.42538782008,0.0
98.65,2274.666678,2299.485474,25179,0.0,0.0,171353.05243181018,0.0
98.66,2274.666678,2295.762655,25179,0.0,0.0,171075.6354154759,0.0
98.67,2274.666678,2292.598258,25179,0.0,0.0,170839.83088825145,0.0
98.68,2274.666678,2289.908521,25180,0.0,0.0,170639.39707364378,0.0
98.69,2371.114424,2302.089407,25180,0.0,0.0,171547.0923041742,0.0
98.7,2324.94779,2305.518164,25180,0.0,0.0,171802.5964091751,0.0
98.71000000000001,2324.94779,2308.432608,25181,0.0,0.0,172019.7749394108,0.0
98.72,2288.625252,2305.461505,25181,0.0,0.0,171798.37429396395,0.0
98.73,2320.08374,2307.65484,25181,0.0,0.0,171961.81722565673,0.0
98.74000000000001,2277.029617,2303.061056,25183,0.0,0.0,171619.49764177034,0.0
98.75,2277.029617,2299.15634,25183,0.0,0.0,171328.52602527413,0.0
98.76,2277.029617,2295.837332,25183,0.0,0.0,171081.2001959632,0.0
98.77,2277.029617,2293.016175,25183,0.0,0.0,170870.97322614523,0.0
98.78,2277.029617,2290.618191,25183,0.0,0.0,170692.28026081508,0.0
98.79,2366.754857,2302.038691,25184,0.0,0.0,171543.3130494212,0.0
98.8,2296.631327,2301.227586,25184,0.0,0.0,171482.87112918982,0.0
98.81,2296.699532,2300.548378,25185,0.0,0.0,171432.25790925344,0.0
98.82000000000001,2296.699532,2299.971051,25185,0.0,0.0,171389.2366574039,0.0
98.83,2299.83769,2299.951047,25185,0.0,0.0,171387.74599938514,0.0
98.84,2282.022973,2297.261836,25187,0.0,0.0,171187.35138124408,0.0
98.85000000000001,2282.022973,2294.976007,25187,0.0,0.0,171017.01598190545,0.0
98.86,2282.022973,2293.033052,25187,0.0,0.0,170872.23086638632,0.0
98.87,2282.022973,2291.38154,25187,0.0,0.0,170749.16349956553,0.0
98.88,2282.022973,2289.977755,25187,0.0,0.0,170644.55625267146,0.0
98.89,2390.03235,2304.985944,25188,0.0,0.0,171762.93644063154,0.0
98.9,2273.369072,2300.243413,25188,0.0,0.0,171409.5325281951,0.0
98.91,2325.438664,2304.022701,25188,0.0,0.0,171691.15750132108,0.0
98.92,2295.555974,2302.752692,25189,0.0,0.0,171596.518974039,0.0
98.93,2295.555974,2301.673184,25189,0.0,0.0,171516.07619976797,0.0
98.94,2290.499095,2299.997071,25191,0.0,0.0,171391.17561569466,0.0
98.95,2290.499095,2298.572374,25191,0.0,0.0,171285.01004844025,0.0
98.96000000000001,2290.499095,2297.361382,25191,0.0,0.0,171194.76934980715,0.0
98.97,2290.499095,2296.332039,25191,0.0,0.0,171118.06477087256,0.0
98.98,2290.499095,2295.457098,25191,0.0,0.0,171052.86591976308,0.0
98.99000000000001,2359.757112,2305.1021,25191,0.0,0.0,171771.59215313042,0.0
99.0,2302.213154,2304.668758,25192,0.0,0.0,171739.3003751277,0.0
99.01,2296.699303,2303.47334,25192,0.0,0.0,171650.22021978511,0.0
99.02,2294.562311,2302.136685,25193,0.0,0.0,171550.6153660524,0.0
99.03,2294.562311,2301.000529,25193,0.0,0.0,171465.95129626812,0.0
99.04,2278.135432,2297.570765,25196,0.0,0.0,171210.37215164388,0.0
99.05,2278.135432,2294.655465,25196,0.0,0.0,170993.1298340025,0.0
99.06,2278.135432,2292.17746,25196,0.0,0.0,170808.47386400733,0.0
99.07000000000001,2278.135432,2290.071156,25196,0.0,0.0,170651.51630814094,0.0
99.08,2278.135432,2288.280797,25196,0.0,0.0,170518.10234094367,0.0
99.09,2278.135432,2286.758992,25196,0.0,0.0,170404.70048000375,0.0
99.10000000000001,2278.135432,2285.465458,25196,0.0,0.0,170308.3089168343,0.0
99.11,2278.135432,2284.365954,25196,0.0,0.0,170226.3760806884,0.0
99.12,2305.631739,2287.555822,25196,0.0,0.0,170464.07865582313,0.0
99.13,2296.852721,2288.950357,25197,0.0,0.0,170567.99661124178,0.0
99.14,2289.652967,2289.055748,25199,0.0,0.0,170575.8501374993,0.0
99.15,2289.652967,2289.145331,25199,0.0,0.0,170582.52568325488,0.0
99.16,2289.652967,2289.221477,25199,0.0,0.0,170588.19993068022,0.0
99.17,2289.652967,2289.2862,25199,0.0,0.0,170593.022959022,0.0
99.18,2289.652967,2289.341215,25199,0.0,0.0,170597.12256664556,0.0
99.19,2360.848643,2300.067329,25199,0.0,0.0,171396.4111011517,0.0
99.2,2296.576215,2299.543662,25199,0.0,0.0,171357.38848503935,0.0
99.21000000000001,2296.759014,2299.125965,25200,0.0,0.0,171326.262541105,0.0
99.22,2296.759014,2298.770922,25200,0.0,0.0,171299.80544777587,0.0
99.23,2314.402671,2301.115685,25201,0.0,0.0,171474.53249076966,0.0
99.24000000000001,2279.559052,2297.88219,25202,0.0,0.0,171233.57891896507,0.0
99.25,2279.559052,2295.133719,25202,0.0,0.0,171028.7683643017,0.0
99.26,2279.559052,2292.797519,25202,0.0,0.0,170854.67941891914,0.0
99.27,2279.559052,2290.811749,25202,0.0,0.0,170706.70381534396,0.0
99.28,2279.559052,2289.123844,25203,0.0,0.0,170580.9245150461,0.0
99.29,2371.490029,2301.478772,25203,0.0,0.0,171501.58900686936,0.0
99.3,2296.571853,2300.742734,25203,0.0,0.0,171446.74092914417,0.0
99.31,2296.571853,2300.117102,25204,0.0,0.0,171400.1200854332,0.0
99.32000000000001,2317.37308,2302.705499,25204,0.0,0.0,171593.00224619062,0.0
99.33,2317.37308,2304.905636,25204,0.0,0.0,171756.95204930124,0.0
99.34,2284.721379,2301.877997,25206,0.0,0.0,171531.33845435688,0.0
99.35000000000001,2284.721379,2299.304504,25206,0.0,0.0,171339.5669098318,0.0
99.36,2284.721379,2297.117036,25206,0.0,0.0,171176.56117522944,0.0
99.37,2284.721379,2295.257687,25206,0.0,0.0,171038.00621139575,0.0
99.38,2284.721379,2293.677241,25206,0.0,0.0,170920.23454057387,0.0
99.39,2389.53119,2308.055333,25207,0.0,0.0,171991.66116196485,0.0
99.4,2296.605838,2306.337909,25207,0.0,0.0,171863.6821649035,0.0
99.41,2302.656545,2305.785704,25208,0.0,0.0,171822.5329541831,0.0
99.42,2302.656545,2305.31633,25208,0.0,0.0,171787.5561437003,0.0
99.43,2297.029131,2304.073251,25208,0.0,0.0,171694.9243860865,0.0
99.44,2284.623547,2301.155795,25210,0.0,0.0,171477.5214076429,0.0
99.45,2284.623547,2298.675958,25210,0.0,0.0,171292.72892067657,0.0
99.46000000000001,2284.623547,2296.568096,25210,0.0,0.0,171135.65526577033,0.0
99.47,2284.623547,2294.776414,25210,0.0,0.0,171002.1427112626,0.0
99.48,2284.623547,2293.253484,25210,0.0,0.0,170888.65701757566,0.0
99.49000000000001,2361.321573,2303.463697,25211,0.0,0.0,171649.5016427368,0.0
99.5,2361.321573,2312.142378,25211,0.0,0.0,172296.21957039784,0.0
99.51,2299.831251,2310.295709,25211,0.0,0.0,172158.60949477044,0.0
99.52,2299.831251,2308.72604,25212,0.0,0.0,172041.64090440585,0.0
99.53,2299.786519,2307.385112,25212,0.0,0.0,171941.71763527053,0.0
99.54,2283.884681,2303.860048,25214,0.0,0.0,171679.03692549994,0.0
99.55,2283.884681,2300.863743,25214,0.0,0.0,171455.75827748413,0.0
99.56,2283.884681,2298.316884,25214,0.0,0.0,171265.9714453002,0.0
99.57000000000001,2283.884681,2296.152053,25214,0.0,0.0,171104.65257460356,0.0
99.58,2283.884681,2294.311947,25214,0.0,0.0,170967.53156059276,0.0
99.59,2364.943074,2304.906616,25214,0.0,0.0,171757.0250769387,0.0
99.60000000000001,2302.613948,2304.562716,25215,0.0,0.0,171731.3983376539,0.0
99.61,2296.614334,2303.370459,25215,0.0,0.0,171642.55373370094,0.0
99.62,2296.614334,2302.35704,25216,0.0,0.0,171567.03577935597,0.0
99.63,2302.929433,2302.442899,25216,0.0,0.0,171573.43382008947,0.0
99.64,2281.800875,2299.346596,25218,0.0,0.0,171342.70352137578,0.0
99.65,2281.800875,2296.714737,25218,0.0,0.0,171146.58265941805,0.0
99.66,2281.800875,2294.477658,25218,0.0,0.0,170979.88001244972,0.0
99.67,2281.800875,2292.576141,25218,0.0,0.0,170838.18277370432,0.0
99.68,2281.800875,2290.959851,25218,0.0,0.0,170717.7400797858,0.0
99.69,2362.748728,2301.728182,25218,0.0,0.0,171520.17454058558,0.0
99.7,2308.528649,2302.748252,25219,0.0,0.0,171596.1881141308,0.0
99.71000000000001,2296.843993,2301.862613,25219,0.0,0.0,171530.19206948578,0.0
99.72,2296.835724,2301.10858,25219,0.0,0.0,171474.00304039856,0.0
99.73,2302.456008,2301.310694,25220,0.0,0.0,171489.0641709126,0.0
99.74000000000001,2283.232177,2298.598917,25222,0.0,0.0,171286.98797964363,0.0
99.75,2283.232177,2296.293906,25222,0.0,0.0,171115.22317608006,0.0
99.76,2283.232177,2294.334646,25222,0.0,0.0,170969.22304461434,0.0
99.77,2283.232177,2292.669276,25222,0.0,0.0,170845.12300738643,0.0
99.78,2283.232177,2291.253711,25222,0.0,0.0,170739.63793848373,0.0
99.79,2371.590711,2303.304261,25222,0.0,0.0,171637.6207913131,0.0
99.8,2296.865583,2302.338459,25222,0.0,0.0,171565.65116044745,0.0
99.81,2302.392009,2302.346492,25223,0.0,0.0,171566.24976352006,0.0
99.82000000000001,2302.392009,2302.353319,25223,0.0,0.0,171566.75849788787,0.0
99.83,2299.95476,2301.993535,25224,0.0,0.0,171539.9481147334,0.0
99.84,2282.067581,2299.004642,25225,0.0,0.0,171317.2217941138,0.0
99.85000000000001,2282.067581,2296.464083,25225,0.0,0.0,171127.90442531314,0.0
99.86,2282.067581,2294.304608,25225,0.0,0.0,170966.98467301024,0.0
99.87,2282.067581,2292.469054,25225,0.0,0.0,170830.2028649233,0.0
99.88,2282.067581,2290.908833,25226,0.0,0.0,170713.9383205976,0.0
99.89,2371.020541,2302.925589,25226,0.0,0.0,171609.40291222488,0.0
99.9,2296.839858,2302.012729,25226,0.0,0.0,171541.3784131743,0.0
99.91,2296.839858,2301.236799,25227,0.0,0.0,171483.55766349932,0.0
99.92,2305.624406,2301.89494,25227,0.0,0.0,171532.6010127858,0.0
99.93,2305.624406,2302.45436,25227,0.0,0.0,171574.287870857,0.0
99.94,2284.640976,2299.782352,25229,0.0,0.0,171375.17518582413,0.0
99.95,2284.640976,2297.511146,25229,0.0,0.0,171205.92946316057,0.0
99.96000000000001,2284.640976,2295.58062,25229,0.0,0.0,171062.07053183037,0.0
99.97,2284.640976,2293.939674,25229,0.0,0.0,170939.79052216947,0.0
99.98,2284.640976,2292.544869,25229,0.0,0.0,170835.85244689148,0.0
99.99000000000001,2375.709228,2305.019523,25230,0.0,0.0,171765.43868046417,0.0
100.0,2375.709228,2315.622979,25230,0.0,0.0,172555.58698645278,0.0
100.01,2298.775526,2313.095861,25231,0.0,0.0,172367.27121405426,0.0
100.02,2298.775526,2310.947811,25231,0.0,0.0,172207.20282987098,0.0
100.03,2300.847432,2309.432754,25231,0.0,0.0,172094.30381637707,0.0
100.04,2283.550127,2305.55036,25234,0.0,0.0,171804.99559061747,0.0
100.05,2283.550127,2302.250325,25234,0.0,0.0,171559.08359126997,0.0
100.06,2283.550127,2299.445295,25234,0.0,0.0,171350.05837319512,0.0
100.07000000000001,2283.550127,2297.06102,25234,0.0,0.0,171172.3869750905,0.0
100.08,2283.550127,2295.034386,25234,0.0,0.0,171021.36626807204,0.0
100.09,2283.550127,2293.311747,25234,0.0,0.0,170892.9986596546,0.0
100.10000000000001,2283.550127,2291.847504,25234,0.0,0.0,170783.88620367742,0.0
100.11,2283.550127,2290.602898,25234,0.0,0.0,170691.1406570818,0.0
100.12,2407.621244,2308.15565,25235,0.0,0.0,171999.1365839039,0.0
100.13,2407.621244,2323.075489,25235,0.0,0.0,173110.93310679906,0.0
100.14,2291.173303,2318.290161,25237,0.0,0.0,172754.34004763045,0.0
100.15,2291.173303,2314.222632,25237,0.0,0.0,172451.23593243354,0.0
100.16,2291.173303,2310.765233,25237,0.0,0.0,172193.59748295287,0.0
100.17,2291.173303,2307.826444,25237,0.0,0.0,171974.604812072,0.0
100.18,2291.173303,2305.328473,25237,0.0,0.0,171788.46101574195,0.0
100.19,2363.167826,2314.004375,25237,0.0,0.0,172434.97185788836,0.0
100.2,2363.167826,2321.378893,25238,0.0,0.0,172984.50617058628,0.0
100.21000000000001,2198.027791,2302.876228,25238,0.0,0.0,171605.72462935824,0.0
100.22,2198.027791,2287.148962,25239,0.0,0.0,170433.7602634259,0.0
100.23,2302.481678,2289.44887,25239,0.0,0.0,170605.14480164906,0.0
100.24000000000001,2333.592333,2296.070389,25241,0.0,0.0,171098.5671368689,0.0
100.25,2333.592333,2301.698681,25241,0.0,0.0,171517.97618514608,0.0
100.26,2333.592333,2306.482729,25241,0.0,0.0,171874.4738612781,0.0
100.27,2333.592333,2310.549169,25241,0.0,0.0,172177.4968263759,0.0
100.28,2333.592333,2314.005644,25241,0.0,0.0,172435.06642122703,0.0
100.29,2174.53207,2293.084608,25241,0.0,0.0,170876.0727162571,0.0
100.3,2331.982512,2298.919293,25242,0.0,0.0,171310.861757559,0.0
100.31,2289.479523,2297.503328,25242,0.0,0.0,171205.34688145737,0.0
100.32000000000001,2289.479523,2296.299757,25242,0.0,0.0,171115.6591808825,0.0
100.33,2347.478853,2303.976621,25243,0.0,0.0,171687.7237120037,0.0
100.34,2397.351666,2317.982878,25245,0.0,0.0,172731.44193385425,0.0
100.35000000000001,2397.351666,2329.888196,25245,0.0,0.0,173618.6023888941,0.0
100.36,2397.351666,2340.007717,25245,0.0,0.0,174372.68882784055,0.0
100.37,2397.351666,2348.609309,25245,0.0,0.0,175013.6622376048,0.0
100.38,2397.351666,2355.920663,25245,0.0,0.0,175558.48969551874,0.0
100.39,2546.453849,2384.500641,25245,0.0,0.0,177688.21242006164,0.0
100.4,2460.544551,2395.907227,25246,0.0,0.0,178538.20836525277,0.0
100.41,2460.544551,2405.602826,25246,0.0,0.0,179260.70498573143,0.0
100.42,2463.847723,2414.33956,25246,0.0,0.0,179911.748906692,0.0
100.43,2463.847723,2421.765785,25247,0.0,0.0,180465.13632147823,0.0
100.44,2456.464758,2426.970631,25249,0.0,0.0,180852.99102185437,0.0
100.45,2456.464758,2431.39475,25249,0.0,0.0,181182.66750972226,0.0
100.46000000000001,2456.464758,2435.155251,25249,0.0,0.0,181462.89251323225,0.0
100.47,2456.464758,2438.351677,25249,0.0,0.0,181701.08377739348,0.0
100.48,2456.464758,2441.068639,25249,0.0,0.0,181903.54634447867,0.0
100.49000000000001,2561.242282,2459.094686,25249,0.0,0.0,183246.81126685117,0.0
100.5,2478.174876,2461.956714,25250,0.0,0.0,183460.08386173833,0.0
100.51,2478.174876,2464.389438,25250,0.0,0.0,183641.36558229604,0.0
100.52,2472.803876,2465.651604,25251,0.0,0.0,183735.419664925,0.0
100.53,2472.655014,2466.702116,25251,0.0,0.0,183813.7017153452,0.0
100.54,2447.32955,2463.796231,25253,0.0,0.0,183597.16098464874,0.0
100.55,2447.32955,2461.326229,25253,0.0,0.0,183413.1013821863,0.0
100.56,2447.32955,2459.226727,25253,0.0,0.0,183256.65069773782,0.0
100.57000000000001,2447.32955,2457.44215,25253,0.0,0.0,183123.66759360113,0.0
100.58,2447.32955,2455.92526,25253,0.0,0.0,183010.63198861814,0.0
100.59,2598.166223,2477.261405,25253,0.0,0.0,184600.55878494531,0.0
100.60000000000001,2598.166223,2495.397127,25254,0.0,0.0,185951.9964686759,0.0
100.61,2469.613331,2491.529558,25254,0.0,0.0,185663.79297222686,0.0
100.62,2469.613331,2488.242124,25255,0.0,0.0,185418.81997416384,0.0
100.63,2475.905577,2486.391642,25255,0.0,0.0,185280.92576141263,0.0
100.64,2448.064636,2480.642591,25257,0.0,0.0,184852.5179942948,0.0
100.65,2448.064636,2475.755898,25257,0.0,0.0,184488.37141832596,0.0
100.66,2448.064636,2471.602209,25257,0.0,0.0,184178.84683247836,0.0
100.67,2448.064636,2468.071573,25257,0.0,0.0,183915.7509084266,0.0
100.68,2448.064636,2465.070532,25257,0.0,0.0,183692.1193431754,0.0
100.69,2570.930355,2480.949506,25258,0.0,0.0,184875.38868544798,0.0
100.7,2472.627568,2479.701215,25258,0.0,0.0,184782.36854003213,0.0
100.71000000000001,2472.627568,2478.640168,25258,0.0,0.0,184703.30144250992,0.0
100.72,2475.561801,2478.178413,25259,0.0,0.0,184668.89238464885,0.0
100.73,2466.539862,2476.43263,25259,0.0,0.0,184538.80013170093,0.0
100.74000000000001,2447.486725,2472.090744,25261,0.0,0.0,184215.25148230823,0.0
100.75,2447.486725,2468.400141,25261,0.0,0.0,183940.2351377762,0.0
100.76,2447.486725,2465.263129,25261,0.0,0.0,183706.47128590883,0.0
100.77,2447.486725,2462.596668,25261,0.0,0.0,183507.77195220723,0.0
100.78,2447.486725,2460.330177,25261,0.0,0.0,183338.87758190112,0.0
100.79,2577.939388,2477.971559,25262,0.0,0.0,184653.47803882734,0.0
100.8,2472.60927,2477.167215,25262,0.0,0.0,184593.53993477594,0.0
100.81,2472.055293,2476.400427,25263,0.0,0.0,184536.40042863265,0.0
100.82000000000001,2472.055293,2475.748657,25263,0.0,0.0,184487.83183350723,0.0
100.83,2475.598439,2475.726124,25263,0.0,0.0,184486.1527194732,0.0
100.84,2451.278081,2472.058918,25265,0.0,0.0,184212.8798725249,0.0
100.85000000000001,2451.278081,2468.941792,25265,0.0,0.0,183980.59788555265,0.0
100.86,2451.278081,2466.292235,25265,0.0,0.0,183783.158204078,0.0
100.87,2451.278081,2464.040112,25265,0.0,0.0,183615.3345083577,0.0
100.88,2451.278081,2462.125807,25265,0.0,0.0,183472.68433346236,0.0
100.89,2558.403095,2476.567401,25266,0.0,0.0,184548.84299672025,0.0
100.9,2472.600122,2475.972309,25266,0.0,0.0,184504.49793264805,0.0
100.91,2472.600122,2475.466481,25267,0.0,0.0,184466.8046430902,0.0
100.92,2475.534323,2475.476657,25267,0.0,0.0,184467.56293823113,0.0
100.93,2475.534323,2475.485307,25267,0.0,0.0,184468.2075189081,0.0
100.94,2454.959802,2472.406481,25269,0.0,0.0,184238.77957123393,0.0
100.95,2454.959802,2469.789479,25269,0.0,0.0,184043.76582316268,0.0
100.96000000000001,2454.959802,2467.565028,25269,0.0,0.0,183878.00418946467,0.0
100.97,2454.959802,2465.674244,25269,0.0,0.0,183737.10675238466,0.0
100.98,2454.959802,2464.067077,25270,0.0,0.0,183617.34388615598,0.0
100.99000000000001,2553.222097,2477.44033,25270,0.0,0.0,184613.89191761913,0.0
101.0,2472.636716,2476.719788,25270,0.0,0.0,184560.19857078072,0.0
101.01,2471.876867,2475.99335,25271,0.0,0.0,184506.06586583002,0.0
101.02,2471.876867,2475.375878,25271,0.0,0.0,184460.0530889773,0.0
101.03,2473.064924,2475.029235,25272,0.0,0.0,184434.22194682586,0.0
101.04,2463.078395,2473.236609,25275,0.0,0.0,184300.63904732864,0.0
101.05,2463.078395,2471.712876,25275,0.0,0.0,184187.09351568983,0.0
101.06,2463.078395,2470.417704,25275,0.0,0.0,184090.57989204075,0.0
101.07000000000001,2463.078395,2469.316808,25275,0.0,0.0,184008.54332684263,0.0
101.08,2463.078395,2468.381046,25275,0.0,0.0,183938.81221661696,0.0
101.09,2463.078395,2467.585648,25275,0.0,0.0,183879.54075056984,0.0
101.10000000000001,2463.078395,2466.90956,25275,0.0,0.0,183829.1600267851,0.0
101.11,2463.078395,2466.334885,25275,0.0,0.0,183786.33639666453,0.0
101.12,2540.934334,2477.524803,25275,0.0,0.0,184620.1866764083,0.0
101.13,2540.934334,2487.036232,25276,0.0,0.0,185328.95931731712,0.0
101.14,2462.093125,2483.294766,25278,0.0,0.0,185050.15276388644,0.0
101.15,2462.093125,2480.11452,25278,0.0,0.0,184813.16720092218,0.0
101.16,2462.093125,2477.411311,25278,0.0,0.0,184611.72947985434,0.0
101.17,2462.093125,2475.113583,25278,0.0,0.0,184440.5073908654,0.0
101.18,2462.093125,2473.160514,25278,0.0,0.0,184294.96860032115,0.0
101.19,2548.374138,2484.442558,25278,0.0,0.0,185135.6839250878,0.0
101.2,2223.337549,2445.276807,25279,0.0,0.0,182217.13059630332,0.0
101.21000000000001,2223.337549,2411.985918,25279,0.0,0.0,179736.3602183998,0.0
101.22,2486.277624,2423.129674,25279,0.0,0.0,180566.77059835044,0.0
101.23,2477.60139,2431.300431,25280,0.0,0.0,181175.63904673126,0.0
101.24000000000001,2511.749669,2443.367817,25282,0.0,0.0,182074.87648456375,0.0
101.25,2511.749669,2453.625095,25282,0.0,0.0,182839.22829926966,0.0
101.26,2511.749669,2462.343781,25282,0.0,0.0,183488.92731941424,0.0
101.27,2511.749669,2469.754664,25282,0.0,0.0,184041.17147908531,0.0
101.28,2511.749669,2476.053915,25282,0.0,0.0,184510.57904833884,0.0
101.29,2349.867457,2457.125946,25282,0.0,0.0,183100.10470477073,0.0
101.3,2478.486875,2460.330085,25283,0.0,0.0,183338.8707262454,0.0
101.31,2478.486875,2463.053604,25283,0.0,0.0,183541.82190783916,0.0
101.32000000000001,2159.075658,2417.456912,25283,0.0,0.0,180144.04773473163,0.0
101.33,0.0,2054.838375,25283,0.0,0.0,153122.44055961826,0.0
101.34,2555.292995,2129.906568,25285,0.0,0.0,158716.37196581,0.0
101.35000000000001,2555.292995,2193.714532,25285,0.0,0.0,163471.21365734705,0.0
101.36,2555.292995,2247.951302,25285,0.0,0.0,167512.82913986433,0.0
101.37,2555.292995,2294.052556,25285,0.0,0.0,170948.20226274506,0.0
101.38,2555.292995,2333.238622,25285,0.0,0.0,173868.26942464543,0.0
101.39,0.0,1983.252828,25285,0.0,0.0,147788.02895878608,0.0
101.4,0.0,1685.764904,25285,0.0,0.0,125619.82462987173,0.0
101.41,5522.11056,2261.216753,25287,0.0,0.0,168501.34398217846,0.0
101.42,5522.11056,2750.350824,25288,0.0,0.0,204950.6353832024,0.0
101.43,2490.505217,2711.373983,25288,0.0,0.0,202046.1592492952,0.0
101.44,2455.182932,2672.945325,25290,0.0,0.0,199182.5326147231,0.0
101.45,2455.182932,2640.280966,25290,0.0,0.0,196748.4499976921,0.0
101.46000000000001,2455.182932,2612.516261,25290,0.0,0.0,194679.4797843936,0.0
101.47,2455.182932,2588.916262,25290,0.0,0.0,192920.8551217193,0.0
101.48,2455.182932,2568.856262,25290,0.0,0.0,191426.02409510585,0.0
101.49000000000001,2542.629777,2564.92229,25291,0.0,0.0,191132.87238007953,0.0
101.5,2507.71821,2556.341678,25291,0.0,0.0,190493.4623578995,0.0
101.51,2507.71821,2549.048157,25291,0.0,0.0,189949.96377943206,0.0
101.52,2472.645989,2537.587832,25292,0.0,0.0,189095.9633115819,0.0
101.53,2472.645989,2527.846556,25292,0.0,0.0,188370.0629325388,0.0
101.54,2465.561344,2518.503774,25294,0.0,0.0,187673.85752832715,0.0
101.55,2465.561344,2510.562409,25294,0.0,0.0,187082.08291239187,0.0
101.56,2465.561344,2503.81225,25294,0.0,0.0,186579.07458199435,0.0
101.57000000000001,2465.561344,2498.074614,25294,0.0,0.0,186151.5174378162,0.0
101.58,2465.561344,2493.197623,25294,0.0,0.0,185788.09383545752,0.0
101.59,2556.196872,2502.647511,25295,0.0,0.0,186492.28056429213,0.0
101.60000000000001,2556.196872,2510.679915,25295,0.0,0.0,187090.83922418716,0.0
101.61,2487.335779,2507.178295,25296,0.0,0.0,186829.9055143462,0.0
101.62,2487.335779,2504.201917,25296,0.0,0.0,186608.11178646333,0.0
101.63,2475.726806,2499.930651,25296,0.0,0.0,186289.82559804263,0.0
101.64,2458.609768,2493.732518,25298,0.0,0.0,185827.95313964397,0.0
101.65,2458.609768,2488.464106,25298,0.0,0.0,185435.36162824905,0.0
101.66,2458.609768,2483.985955,25298,0.0,0.0,185101.65878394895,0.0
101.67,2458.609768,2480.179527,25298,0.0,0.0,184818.01139237516,0.0
101.68,2458.609768,2476.944063,25298,0.0,0.0,184576.91109463386,0.0
101.69,2353.637506,2458.448079,25299,0.0,0.0,183198.627408146,0.0
101.7,2472.31161,2460.527609,25299,0.0,0.0,183353.5898191517,0.0
101.71000000000001,2472.31161,2462.295209,25300,0.0,0.0,183485.30783124745,0.0
101.72,2472.604696,2463.841632,25300,0.0,0.0,183600.54417624598,0.0
101.73,2471.908992,2465.051736,25300,0.0,0.0,183690.71870289743,0.0
101.74000000000001,2511.454203,2472.012106,25302,0.0,0.0,184209.39153603348,0.0
101.75,2511.454203,2477.928421,25302,0.0,0.0,184650.26348145813,0.0
101.76,2511.454203,2482.957288,25302,0.0,0.0,185025.00457918062,0.0
101.77,2511.454203,2487.231825,25302,0.0,0.0,185343.53451597056,0.0
101.78,2511.454203,2490.865182,25302,0.0,0.0,185614.28500322695,0.0
101.79,2355.548744,2470.567716,25303,0.0,0.0,184101.75848585748,0.0
101.8,2472.535838,2470.862934,25303,0.0,0.0,184123.75753999583,0.0
101.81,2478.486875,2472.006525,25304,0.0,0.0,184208.97565109035,0.0
101.82000000000001,2466.676994,2471.207096,25304,0.0,0.0,184149.40380299592,0.0
101.83,2466.676994,2470.527581,25305,0.0,0.0,184098.7677060343,0.0
101.84,2463.579401,2469.485354,25307,0.0,0.0,184021.10303722203,0.0
101.85000000000001,2463.579401,2468.599461,25307,0.0,0.0,183955.0880650057,0.0
101.86,2463.579401,2467.846452,25307,0.0,0.0,183898.97534234772,0.0
101.87,2463.579401,2467.206394,25307,0.0,0.0,183851.27950200712,0.0
101.88,2463.579401,2466.662345,25307,0.0,0.0,183810.73806007305,0.0
101.89,2569.928376,2482.15225,25307,0.0,0.0,184965.0147596391,0.0
101.9,2472.183321,2480.65691,25307,0.0,0.0,184853.5850174987,0.0
101.91,2472.183321,2479.385872,25308,0.0,0.0,184758.86981119734,0.0
101.92,2472.716955,2478.385535,25308,0.0,0.0,184684.32670129358,0.0
101.93,2472.716955,2477.535248,25309,0.0,0.0,184620.96501689055,0.0
101.94,2463.763946,2475.469552,25311,0.0,0.0,184467.03348786003,0.0
101.95,2463.763946,2473.713711,25311,0.0,0.0,184336.19173289495,0.0
101.96000000000001,2463.763946,2472.221247,25311,0.0,0.0,184224.9763045149,0.0
101.97,2463.763946,2470.952652,25311,0.0,0.0,184130.44314568106,0.0
101.98,2463.763946,2469.874346,25311,0.0,0.0,184050.0899420428,0.0
101.99000000000001,2541.044484,2480.549866,25311,0.0,0.0,184845.60831299154,0.0
102.0,2478.252682,2480.205289,25312,0.0,0.0,184819.93112502265,0.0
102.01,2536.22043,2488.60756,25312,0.0,0.0,185446.05153303925,0.0
102.02,2536.22043,2495.74949,25312,0.0,0.0,185978.25385377216,0.0
102.03,2426.033921,2485.292155,25313,0.0,0.0,185198.9941920727,0.0
102.04,2478.485992,2484.271231,25316,0.0,0.0,185122.91698015778,0.0
102.05,2478.485992,2483.403445,25316,0.0,0.0,185058.25130531922,0.0
102.06,2478.485992,2482.665827,25316,0.0,0.0,185003.28548915824,0.0
102.07000000000001,2478.485992,2482.038852,25316,0.0,0.0,184956.56456777686,0.0
102.08,2478.485992,2481.505923,25316,0.0,0.0,184916.8517659732,0.0
102.09,2478.485992,2481.052933,25316,0.0,0.0,184883.09585835872,0.0
102.10000000000001,2478.485992,2480.667892,25316,0.0,0.0,184854.40337414545,0.0
102.11,2478.485992,2480.340607,25316,0.0,0.0,184830.0147513865,0.0
102.12,2486.680465,2481.291586,25317,0.0,0.0,184900.87980197757,0.0
102.13,2486.680465,2482.099918,25317,0.0,0.0,184961.11508380232,0.0
102.14,2479.304201,2481.68056,25319,0.0,0.0,184929.8653654744,0.0
102.15,2479.304201,2481.324106,25319,0.0,0.0,184903.30312725107,0.0
102.16,2479.304201,2481.021121,25319,0.0,0.0,184880.7252918274,0.0
102.17,2479.304201,2480.763583,25319,0.0,0.0,184861.5340758288,0.0
102.18,2479.304201,2480.544675,25319,0.0,0.0,184845.2214900674,0.0
102.19,2479.304201,2480.358604,25319,0.0,0.0,184831.35585178458,0.0
102.2,2319.359879,2456.208795,25320,0.0,0.0,183031.76044899353,0.0
102.21000000000001,2595.250254,2477.065014,25320,0.0,0.0,184585.9241209299,0.0
102.22,2595.250254,2494.7928,25321,0.0,0.0,185906.96323089825,0.0
102.23,2474.656704,2491.772386,25321,0.0,0.0,185681.88802848457,0.0
102.24000000000001,2475.802499,2489.376903,25324,0.0,0.0,185503.38143266577,0.0
102.25,2475.802499,2487.340742,25324,0.0,0.0,185351.6507926867,0.0
102.26,2475.802499,2485.610006,25324,0.0,0.0,185222.67981204478,0.0
102.27,2475.802499,2484.13888,25324,0.0,0.0,185113.05444869195,0.0
102.28,2475.802499,2482.888423,25324,0.0,0.0,185019.87289729386,0.0
102.29,2475.802499,2481.825534,25324,0.0,0.0,184940.6685376206,0.0
102.3,2475.802499,2480.922079,25324,0.0,0.0,184873.34488033497,0.0
102.31,2464.172281,2478.409609,25324,0.0,0.0,184686.12064756153,0.0
102.32000000000001,2537.02819,2487.202396,25325,0.0,0.0,185341.3415258269,0.0
102.33,2537.02819,2494.676265,25325,0.0,0.0,185898.27927607836,0.0
102.34,1811.711786,2392.231593,25327,0.0,0.0,178264.30748062287,0.0
102.35000000000001,1811.711786,2305.153622,25327,0.0,0.0,171775.4314693893,0.0
102.36,1811.711786,2231.137347,25327,0.0,0.0,166259.88688592202,0.0
102.37,1811.711786,2168.223513,25327,0.0,0.0,161571.67397134544,0.0
102.38,1811.711786,2114.746754,25327,0.0,0.0,157586.69298650345,0.0
102.39,1811.711786,2069.291508,25327,0.0,0.0,154199.4590860475,0.0
102.4,1811.711786,2030.65455,25327,0.0,0.0,151320.31035262978,0.0
102.41,0.0,1726.056367,25327,0.0,0.0,128622.2637624763,0.0
102.42,0.0,1467.147912,25329,0.0,0.0,109328.92420183074,0.0
102.43,6992.915442,2296.013042,25329,0.0,0.0,171094.2937532755,0.0
102.44,2469.089508,2321.974512,25332,0.0,0.0,173028.89050564312,0.0
102.45,2469.089508,2344.041761,25332,0.0,0.0,174673.29770789662,0.0
102.46000000000001,2469.089508,2362.798923,25332,0.0,0.0,176071.04385589328,0.0
102.47,2469.089508,2378.742511,25332,0.0,0.0,177259.128104046,0.0
102.48,2469.089508,2392.29456,25332,0.0,0.0,178268.9996553613,0.0
102.49000000000001,2469.089508,2403.813802,25332,0.0,0.0,179127.39050006066,0.0
102.5,2548.992979,2425.590679,25332,0.0,0.0,180750.15976239086,0.0
102.51,2548.992979,2444.101024,25333,0.0,0.0,182129.51360183847,0.0
102.52,2415.924695,2439.874575,25333,0.0,0.0,181814.56708650448,0.0
102.53,2525.375473,2452.699709,25333,0.0,0.0,182770.2703877844,0.0
102.54,2464.211141,2454.426424,25336,0.0,0.0,182898.94173155903,0.0
102.55,2464.211141,2455.894131,25336,0.0,0.0,183008.31231787894,0.0
102.56,2464.211141,2457.141683,25336,0.0,0.0,183101.2773944948,0.0
102.57000000000001,2464.211141,2458.202101,25336,0.0,0.0,183180.29762019668,0.0
102.58,2464.211141,2459.103457,25336,0.0,0.0,183247.46486420586,0.0
102.59,2464.211141,2459.86961,25336,0.0,0.0,183304.55705142085,0.0
102.60000000000001,2464.211141,2460.520839,25336,0.0,0.0,183353.08533230968,0.0
102.61,2519.183669,2469.320264,25337,0.0,0.0,184008.8008610414,0.0
102.62,2519.183669,2476.799775,25337,0.0,0.0,184566.15904183386,0.0
102.63,2440.661306,2471.379004,25338,0.0,0.0,184162.21404288235,0.0
102.64,2482.083232,2472.984638,25340,0.0,0.0,184281.86267302124,0.0
102.65,2482.083232,2474.349427,25340,0.0,0.0,184383.56401609108,0.0
102.66,2482.083232,2475.509498,25340,0.0,0.0,184470.01018378168,0.0
102.67,2482.083232,2476.495558,25340,0.0,0.0,184543.48940023745,0.0
102.68,2482.083232,2477.333709,25340,0.0,0.0,184605.94673422488,0.0
102.69,2482.083232,2478.046138,25340,0.0,0.0,184659.03551655082,0.0
102.7,2482.083232,2478.651702,25340,0.0,0.0,184704.16093309125,0.0
102.71000000000001,2498.972318,2481.699794,25341,0.0,0.0,184931.29864463527,0.0
102.72,2498.972318,2484.290673,25341,0.0,0.0,185124.36575906197,0.0
102.73,2440.570875,2477.732703,25342,0.0,0.0,184635.678968055,0.0
102.74000000000001,2443.234244,2472.557934,25344,0.0,0.0,184250.06554548483,0.0
102.75,2443.234244,2468.159381,25344,0.0,0.0,183922.2941847369,0.0
102.76,2443.234244,2464.42061,25344,0.0,0.0,183643.6884573091,0.0
102.77,2443.234244,2461.242655,25344,0.0,0.0,183406.87361507668,0.0
102.78,2443.234244,2458.541394,25344,0.0,0.0,183205.58105506768,0.0
102.79,2443.234244,2456.245321,25344,0.0,0.0,183034.48229336433,0.0
102.8,2443.234244,2454.29366,25345,0.0,0.0,182889.04842416034,0.0
102.81,2476.411426,2457.611325,25345,0.0,0.0,183136.27417580094,0.0
102.82000000000001,2476.411426,2460.43134,25345,0.0,0.0,183346.41604606592,0.0
102.83,2563.560775,2475.900755,25346,0.0,0.0,184499.16587186648,0.0
102.84,2443.359051,2471.0195,25348,0.0,0.0,184135.42452476718,0.0
102.85000000000001,2443.359051,2466.870432,25348,0.0,0.0,183826.24428658528,0.0
102.86,2443.359051,2463.343725,25348,0.0,0.0,183563.441143745,0.0
102.87,2443.359051,2460.346024,25348,0.0,0.0,183340.05846860493,0.0
102.88,2443.359051,2457.797978,25348,0.0,0.0,183150.18318355814,0.0
102.89,2443.359051,2455.632139,25348,0.0,0.0,182988.78919872022,0.0
102.9,2443.359051,2453.791176,25349,0.0,0.0,182851.60432278566,0.0
102.91,2493.546869,2459.75453,25349,0.0,0.0,183295.98152028714,0.0
102.92,2559.995708,2474.790706,25349,0.0,0.0,184416.44724343866,0.0
102.93,2559.995708,2487.571457,25350,0.0,0.0,185368.84321244268,0.0
102.94,2457.418844,2483.048565,25353,0.0,0.0,185031.8063584237,0.0
102.95,2457.418844,2479.204107,25353,0.0,0.0,184745.32504741108,0.0
102.96000000000001,2457.418844,2475.936317,25353,0.0,0.0,184501.81588088785,0.0
102.97,2457.418844,2473.158696,25353,0.0,0.0,184294.833126602,0.0
102.98,2457.418844,2470.797718,25353,0.0,0.0,184118.89777428136,0.0
102.99000000000001,2457.418844,2468.790887,25353,0.0,0.0,183969.3527471643,0.0
103.0,2457.418844,2467.085081,25353,0.0,0.0,183842.23950019598,0.0
103.01,2488.621672,2470.315569,25353,0.0,0.0,184082.96899638255,0.0
103.02,2488.621672,2473.061485,25354,0.0,0.0,184287.58915756273,0.0
103.03,2583.865905,2489.682148,25354,0.0,0.0,185526.12767876344,0.0
103.04,2469.961952,2486.724118,25359,0.0,0.0,185305.70120709576,0.0
103.05,2469.961952,2484.209793,25359,0.0,0.0,185118.33874343723,0.0
103.06,2469.961952,2482.072617,25359,0.0,0.0,184959.080667957,0.0
103.07000000000001,2469.961952,2480.256017,25359,0.0,0.0,184823.71127399162,0.0
103.08,2469.961952,2478.711908,25359,0.0,0.0,184708.64736363903,0.0
103.09,2469.961952,2477.399414,25359,0.0,0.0,184610.84293924,0.0
103.10000000000001,2469.961952,2476.283795,25359,0.0,0.0,184527.70924556704,0.0
103.11,2469.961952,2475.335519,25359,0.0,0.0,184457.04561712279,0.0
103.12,2469.961952,2474.529484,25359,0.0,0.0,184396.9815031379,0.0
103.13,2469.961952,2473.844354,25359,0.0,0.0,184345.92698762123,0.0
103.14,2434.856967,2467.996246,25361,0.0,0.0,183910.13769124108,0.0
103.15,2434.856967,2463.025354,25361,0.0,0.0,183539.7167744143,0.0
103.16,2434.856967,2458.800096,25361,0.0,0.0,183224.8590100152,0.0
103.17,2434.856967,2455.208627,25361,0.0,0.0,182957.2299326313,0.0
103.18,2434.856967,2452.155878,25361,0.0,0.0,182729.74519077377,0.0
103.19,2434.856967,2449.561041,25361,0.0,0.0,182536.3831341135,0.0
103.2,2434.856967,2447.35543,25361,0.0,0.0,182372.02541948535,0.0
103.21000000000001,2524.208343,2458.883367,25361,0.0,0.0,183231.06419817157,0.0
103.22,2524.208343,2468.682113,25362,0.0,0.0,183961.24712652175,0.0
103.23,2487.575211,2471.516078,25362,0.0,0.0,184172.4285228496,0.0
103.24000000000001,2494.691965,2474.992461,25364,0.0,0.0,184431.48162199173,0.0
103.25,2494.691965,2477.947387,25364,0.0,0.0,184651.6767897957,0.0
103.26,2494.691965,2480.459074,25364,0.0,0.0,184838.84267497718,0.0
103.27,2494.691965,2482.594007,25364,0.0,0.0,184997.93360658945,0.0
103.28,2494.691965,2484.408701,25364,0.0,0.0,185133.16096925188,0.0
103.29,2397.594498,2471.386571,25365,0.0,0.0,184162.77792056827,0.0
103.3,2466.416554,2470.641068,25365,0.0,0.0,184107.22452999826,0.0
103.31,2466.416554,2470.007391,25366,0.0,0.0,184060.00418899872,0.0
103.32000000000001,2493.372882,2473.512215,25366,0.0,0.0,184321.17665450322,0.0
103.33,2493.372882,2476.491315,25366,0.0,0.0,184543.1732203748,0.0
103.34,2456.668127,2473.517837,25368,0.0,0.0,184321.59559468422,0.0
103.35000000000001,2456.668127,2470.99038,25368,0.0,0.0,184133.25456068467,0.0
103.36,2456.668127,2468.842042,25368,0.0,0.0,183973.16471531815,0.0
103.37,2456.668127,2467.015955,25368,0.0,0.0,183837.08836911194,0.0
103.38,2456.668127,2465.463781,25368,0.0,0.0,183721.42347111084,0.0
103.39,2574.377251,2481.800801,25369,0.0,0.0,184938.8254839924,0.0
103.4,2472.636716,2480.426188,25369,0.0,0.0,184836.3920761167,0.0
103.41,2478.101534,2480.07749,25370,0.0,0.0,184810.40779948074,0.0
103.42,2478.101534,2479.781097,25370,0.0,0.0,184788.32118669554,0.0
103.43,2469.947129,2478.306002,25371,0.0,0.0,184678.40006141126,0.0
103.44,2445.252994,2473.34805,25372,0.0,0.0,184308.94340747007,0.0
103.45,2445.252994,2469.133792,25372,0.0,0.0,183994.90534104165,0.0
103.46000000000001,2445.252994,2465.551672,25373,0.0,0.0,183727.9729324149,0.0
103.47,2445.252994,2462.506871,25373,0.0,0.0,183501.0804596002,0.0
103.48,2445.252994,2459.918789,25373,0.0,0.0,183308.22177201198,0.0
103.49000000000001,2581.861805,2478.210242,25373,0.0,0.0,184671.2642179861,0.0
103.5,2581.861805,2493.757976,25373,0.0,0.0,185829.85021882024,0.0
103.51,2475.644239,2491.040916,25374,0.0,0.0,185627.3803489713,0.0
103.52,2466.718187,2487.392506,25374,0.0,0.0,185355.50814230094,0.0
103.53,2466.718187,2484.291358,25375,0.0,0.0,185124.41680389014,0.0
103.54,2446.737005,2478.658205,25377,0.0,0.0,184704.64552362796,0.0
103.55,2446.737005,2473.870025,25377,0.0,0.0,184347.83993913094,0.0
103.56,2446.737005,2469.800072,25377,0.0,0.0,184044.55519230847,0.0
103.57000000000001,2446.737005,2466.340612,25377,0.0,0.0,183786.76316123526,0.0
103.58,2446.737005,2463.400071,25377,0.0,0.0,183567.6399348231,0.0
103.59,2593.309471,2482.886481,25377,0.0,0.0,185019.72818334305,0.0
103.60000000000001,2478.294066,2482.197618,25378,0.0,0.0,184968.39549214236,0.0
103.61,2478.298774,2481.612792,25378,0.0,0.0,184924.81542983075,0.0
103.62,2478.298774,2481.115689,25378,0.0,0.0,184887.77230979974,0.0
103.63,2469.791642,2479.417082,25379,0.0,0.0,184761.19551789432,0.0
103.64,2445.181499,2474.281745,25381,0.0,0.0,184378.5204889952,0.0
103.65,2445.181499,2469.916708,25381,0.0,0.0,184053.2466734461,0.0
103.66,2445.181499,2466.206427,25381,0.0,0.0,183776.7639637624,0.0
103.67,2445.181499,2463.052687,25381,0.0,0.0,183541.75357483554,0.0
103.68,2445.181499,2460.372009,25381,0.0,0.0,183341.9948187658,0.0
103.69,2582.752236,2478.729043,25381,0.0,0.0,184709.9242295234,0.0
103.7,2469.887753,2477.40285,25382,0.0,0.0,184611.09898307887,0.0
103.71000000000001,2469.887753,2476.275585,25382,0.0,0.0,184527.0974528089,0.0
103.72,2476.949374,2476.376654,25382,0.0,0.0,184534.62891228194,0.0
103.73,2476.949374,2476.462562,25383,0.0,0.0,184541.0306043973,0.0
103.74000000000001,2454.946112,2473.235094,25385,0.0,0.0,184300.5261525627,0.0
103.75,2454.946112,2470.491747,25385,0.0,0.0,184096.0974281177,0.0
103.76,2454.946112,2468.159902,25385,0.0,0.0,183922.3330086135,0.0
103.77,2454.946112,2466.177833,25385,0.0,0.0,183774.63319614655,0.0
103.78,2454.946112,2464.493075,25385,0.0,0.0,183649.08840398618,0.0
103.79,2582.96748,2482.264236,25385,0.0,0.0,184973.35973208907,0.0
103.8,2472.655014,2480.822853,25386,0.0,0.0,184865.95075753104,0.0
103.81,2507.509593,2484.825864,25386,0.0,0.0,185164.2471205757,0.0
103.82000000000001,2507.509593,2488.228423,25387,0.0,0.0,185417.7990030823,0.0
103.83,2472.803876,2485.914741,25387,0.0,0.0,185245.38805396378,0.0
103.84,2453.831185,2481.102208,25389,0.0,0.0,184886.76773267757,0.0
103.85000000000001,2453.831185,2477.011554,25389,0.0,0.0,184581.94038879225,0.0
103.86,2453.831185,2473.534499,25389,0.0,0.0,184322.83721355585,0.0
103.87,2453.831185,2470.579002,25389,0.0,0.0,184102.59949597548,0.0
103.88,2453.831185,2468.066829,25389,0.0,0.0,183915.3973950472,0.0
103.89,2375.346236,2454.15874,25390,0.0,0.0,182878.99445595942,0.0
103.9,2472.284171,2456.877555,25390,0.0,0.0,183081.59510489373,0.0
103.91,2472.284171,2459.188547,25390,0.0,0.0,183253.80560059941,0.0
103.92,2475.566381,2461.645222,25391,0.0,0.0,183436.8721017113,0.0
103.93,2475.566381,2463.733396,25391,0.0,0.0,183592.47864628598,0.0
103.94,2498.321584,2468.921624,25393,0.0,0.0,183979.0950065823,0.0
103.95,2498.321584,2473.331618,25393,0.0,0.0,184307.71892773782,0.0
103.96000000000001,2498.321584,2477.080113,25393,0.0,0.0,184587.0492681718,0.0
103.97,2498.321584,2480.266334,25393,0.0,0.0,184824.48007617015,0.0
103.98,2498.321584,2482.974621,25393,0.0,0.0,185026.29619962844,0.0
103.99000000000001,2387.202165,2468.608753,25394,0.0,0.0,183955.780486237,0.0
104.0,2501.534868,2473.54767,25394,0.0,0.0,184323.81869009882,0.0
104.01,2501.534868,2477.74575,25394,0.0,0.0,184636.6512043663,0.0
104.02,2475.545834,2477.415762,25395,0.0,0.0,184612.0611594605,0.0
104.03,2475.545834,2477.135273,25395,0.0,0.0,184591.15968090494,0.0
104.04,2465.779314,2475.431879,25398,0.0,0.0,184464.22617134626,0.0
104.05,2465.779314,2473.983995,25398,0.0,0.0,184356.3327552876,0.0
104.06,2465.779314,2472.753292,25398,0.0,0.0,184264.62323240895,0.0
104.07000000000001,2465.779314,2471.707196,25398,0.0,0.0,184186.67025346495,0.0
104.08,2465.779314,2470.818014,25398,0.0,0.0,184120.4101915554,0.0
104.09,2465.779314,2470.062209,25398,0.0,0.0,184064.08911657683,0.0
104.10000000000001,2465.779314,2469.419774,25398,0.0,0.0,184016.21614695655,0.0
104.11,2465.779314,2468.873705,25399,0.0,0.0,183975.52417866784,0.0
104.12,2539.965445,2479.537466,25399,0.0,0.0,184770.16629248596,0.0
104.13,2539.965445,2488.601663,25399,0.0,0.0,185445.61210040897,0.0
104.14,2464.110741,2484.928025,25401,0.0,0.0,185171.8599537018,0.0
104.15,2464.110741,2481.805432,25401,0.0,0.0,184939.1705768381,0.0
104.16,2464.110741,2479.151229,25401,0.0,0.0,184741.38468474784,0.0
104.17,2464.110741,2476.895155,25401,0.0,0.0,184573.26656842005,0.0
104.18,2464.110741,2474.977493,25401,0.0,0.0,184430.3662366076,0.0
104.19,2543.954401,2485.324029,25402,0.0,0.0,185201.36937871986,0.0
104.2,2466.727067,2482.534485,25402,0.0,0.0,184993.49814635186,0.0
104.21000000000001,2478.404097,2481.914927,25403,0.0,0.0,184947.32992495663,0.0
104.22,2478.404097,2481.388302,25403,0.0,0.0,184908.0868846082,0.0
104.23,2472.707806,2480.086228,25404,0.0,0.0,184811.0589377415,0.0
104.24000000000001,2445.212909,2474.85523,25405,0.0,0.0,184421.25544269895,0.0
104.25,2445.212909,2470.408882,25405,0.0,0.0,184089.92249426822,0.0
104.26,2445.212909,2466.629486,25405,0.0,0.0,183808.28947319847,0.0
104.27,2445.212909,2463.416999,25405,0.0,0.0,183568.901375482,0.0
104.28,2445.212909,2460.686386,25406,0.0,0.0,183365.42156321512,0.0
104.29,2587.133786,2479.653496,25406,0.0,0.0,184778.81261571712,0.0
104.3,2466.782074,2477.722782,25406,0.0,0.0,184634.9396750034,0.0
104.31,2466.782074,2476.081676,25407,0.0,0.0,184512.64774246296,0.0
104.32000000000001,2475.58928,2476.007817,25407,0.0,0.0,184507.1439176975,0.0
104.33,2475.58928,2475.945036,25408,0.0,0.0,184502.46560330663,0.0
104.34,2451.166898,2472.228315,25410,0.0,0.0,184225.50299772006,0.0
104.35000000000001,2451.166898,2469.069103,25410,0.0,0.0,183990.0848463118,0.0
104.36,2451.166898,2466.383772,25410,0.0,0.0,183789.97935800042,0.0
104.37,2451.166898,2464.101241,25410,0.0,0.0,183619.88971901702,0.0
104.38,2451.166898,2462.16109,25410,0.0,0.0,183475.3135519624,0.0
104.39,2576.374154,2479.293049,25410,0.0,0.0,184751.9528271304,0.0
104.4,2472.641414,2478.295304,25411,0.0,0.0,184677.60286787577,0.0
104.41,2477.977408,2478.24762,25411,0.0,0.0,184674.04955169067,0.0
104.42,2477.977408,2478.207088,25411,0.0,0.0,184671.0291882225,0.0
104.43,2472.904653,2477.411723,25412,0.0,0.0,184611.76018126926,0.0
104.44,2445.056796,2472.558484,25414,0.0,0.0,184250.1065303834,0.0
104.45,2445.056796,2468.433231,25414,0.0,0.0,183942.7009383081,0.0
104.46000000000001,2445.056796,2464.926765,25414,0.0,0.0,183681.40611425202,0.0
104.47,2445.056796,2461.94627,25414,0.0,0.0,183459.30559577412,0.0
104.48,2445.056796,2459.412849,25414,0.0,0.0,183270.52013643846,0.0
104.49000000000001,2582.959999,2477.944921,25414,0.0,0.0,184651.49302841423,0.0
104.5,2582.959999,2493.697183,25415,0.0,0.0,185825.32004620804,0.0
104.51,2475.628271,2490.986846,25415,0.0,0.0,185623.3511608552,0.0
104.52,2466.74532,2487.350617,25415,0.0,0.0,185352.38665791042,0.0
104.53,2466.74532,2484.259823,25416,0.0,0.0,185122.06687884408,0.0
104.54,2444.203917,2478.251437,25418,0.0,0.0,184674.3339868865,0.0
104.55,2444.203917,2473.144309,25418,0.0,0.0,184293.76103617428,0.0
104.56,2444.203917,2468.80325,25418,0.0,0.0,183970.27401316533,0.0
104.57000000000001,2444.203917,2465.11335,25418,0.0,0.0,183695.31005478546,0.0
104.58,2444.203917,2461.976935,25418,0.0,0.0,183461.59069016256,0.0
104.59,2610.937104,2484.320961,25418,0.0,0.0,185126.6227601654,0.0
104.60000000000001,2478.436315,2483.438264,25419,0.0,0.0,185060.84594746854,0.0
104.61,2472.499246,2481.797411,25419,0.0,0.0,184938.57286798142,0.0
104.62,2472.499246,2480.402686,25420,0.0,0.0,184834.64075414327,0.0
104.63,2475.701677,2479.697535,25420,0.0,0.0,184782.0943138019,0.0
104.64,2443.966831,2474.337929,25422,0.0,0.0,184382.70720815763,0.0
104.65,2443.966831,2469.782265,25422,0.0,0.0,184043.22825032985,0.0
104.66,2443.966831,2465.90995,25422,0.0,0.0,183754.67109146542,0.0
104.67,2443.966831,2462.618482,25422,0.0,0.0,183509.39748780112,0.0
104.68,2443.966831,2459.820734,25422,0.0,0.0,183300.9149097829,0.0
104.69,2582.3906,2478.206214,25422,0.0,0.0,184670.9640594928,0.0
104.7,2478.505215,2478.251064,25423,0.0,0.0,184674.3061916735,0.0
104.71000000000001,2478.505215,2478.289187,25423,0.0,0.0,184677.147041286,0.0
104.72,2472.636593,2477.441298,25424,0.0,0.0,184613.9640510406,0.0
104.73,2472.636593,2476.720592,25424,0.0,0.0,184560.2584832506,0.0
104.74000000000001,2452.253592,2473.050542,25426,0.0,0.0,184286.77370711786,0.0
104.75,2452.253592,2469.931,25426,0.0,0.0,184054.31168466402,0.0
104.76,2452.253592,2467.279388,25426,0.0,0.0,183856.7188687049,0.0
104.77,2452.253592,2465.025519,25426,0.0,0.0,183688.7650645612,0.0
104.78,2452.253592,2463.10973,25426,0.0,0.0,183546.0043049578,0.0
104.79,2571.38392,2479.350858,25427,0.0,0.0,184756.2606380385,0.0
104.8,2478.496045,2479.222636,25427,0.0,0.0,184746.7057913838,0.0
104.81,2466.695,2477.343491,25427,0.0,0.0,184606.67566927485,0.0
104.82000000000001,2466.695,2475.746217,25428,0.0,0.0,184487.65000959375,0.0
104.83,2475.481596,2475.706524,25428,0.0,0.0,184484.69216672538,0.0
104.84,2443.760139,2470.914566,25430,0.0,0.0,184127.60505323444,0.0
104.85000000000001,2443.760139,2466.841402,25430,0.0,0.0,183824.0810291225,0.0
104.86,2443.760139,2463.379213,25430,0.0,0.0,183566.0856384346,0.0
104.87,2443.760139,2460.436352,25430,0.0,0.0,183346.78953026855,0.0
104.88,2443.760139,2457.93492,25430,0.0,0.0,183160.38782714974,0.0
104.89,2593.240104,2478.230697,25431,0.0,0.0,184672.78848362167,0.0
104.9,2593.240104,2495.482108,25431,0.0,0.0,185958.32908260776,0.0
104.91,2472.673311,2492.060789,25432,0.0,0.0,185703.37924247104,0.0
104.92,2477.009851,2489.803148,25432,0.0,0.0,185535.14435644142,0.0
104.93,2477.009851,2487.884153,25432,0.0,0.0,185392.14469213848,0.0
104.94,2450.754974,2482.314777,25434,0.0,0.0,184977.12594619254,0.0
104.95,2450.754974,2477.580806,25434,0.0,0.0,184624.35990781325,0.0
104.96000000000001,2450.754974,2473.556931,25434,0.0,0.0,184324.50880127217,0.0
104.97,2450.754974,2470.136638,25434,0.0,0.0,184069.63541660077,0.0
104.98,2450.754974,2467.229388,25434,0.0,0.0,183852.99296883796,0.0
104.99000000000001,2584.148547,2484.767262,25435,0.0,0.0,185159.8802168956,0.0
105.0,2584.148547,2499.674455,25435,0.0,0.0,186270.73438519644,0.0
105.01,2469.327519,2495.122414,25436,0.0,0.0,185931.525406073,0.0
105.02,2469.327519,2491.25318,25436,0.0,0.0,185643.1978371584,0.0
105.03,2473.028317,2488.519451,25436,0.0,0.0,185439.48582681175,0.0
105.04,2457.430433,2483.856098,25440,0.0,0.0,185091.9821003686,0.0
105.05,2457.430433,2479.892248,25440,0.0,0.0,184796.60393661773,0.0
105.06,2457.430433,2476.522976,25440,0.0,0.0,184545.53253468854,0.0
105.07000000000001,2457.430433,2473.659095,25440,0.0,0.0,184332.12185795227,0.0
105.08,2457.430433,2471.224795,25440,0.0,0.0,184150.72269703078,0.0
105.09,2457.430433,2469.155641,25440,0.0,0.0,183996.53348476547,0.0
105.10000000000001,2457.430433,2467.39686,25440,0.0,0.0,183865.47264688823,0.0
105.11,2457.430433,2465.901896,25440,0.0,0.0,183754.0709235148,0.0
105.12,2572.829067,2481.940972,25440,0.0,0.0,184949.27074619735,0.0
105.13,2572.829067,2495.574186,25441,0.0,0.0,185965.19055076668,0.0
105.14,2454.247234,2489.375143,25443,0.0,0.0,185503.25028099047,0.0
105.15,2454.247234,2484.105957,25443,0.0,0.0,185110.6010926656,0.0
105.16,2454.247234,2479.627149,25443,0.0,0.0,184776.84929004122,0.0
105.17,2454.247234,2475.820161,25443,0.0,0.0,184493.16016838895,0.0
105.18,2454.247234,2472.584222,25443,0.0,0.0,184252.0244745989,0.0
105.19,2393.388693,2460.704893,25443,0.0,0.0,183366.80066779186,0.0
105.2,2501.627663,2466.843308,25443,0.0,0.0,183824.2230604254,0.0
105.21000000000001,2472.41247,2467.678683,25444,0.0,0.0,183886.47353245222,0.0
105.22,2472.41247,2468.388751,25444,0.0,0.0,183939.3863777865,0.0
105.23,2475.896415,2469.5149,25445,0.0,0.0,184023.30474597146,0.0
105.24000000000001,2500.114103,2474.104781,25447,0.0,0.0,184365.33348611416,0.0
105.25,2500.114103,2478.006179,25447,0.0,0.0,184656.0578518952,0.0
105.26,2500.114103,2481.322368,25447,0.0,0.0,184903.1736149717,0.0
105.27,2500.114103,2484.141128,25447,0.0,0.0,185113.22196514998,0.0
105.28,2500.114103,2486.537074,25447,0.0,0.0,185291.76306280153,0.0
105.29,2395.58691,2472.89455,25447,0.0,0.0,184275.149495677,0.0
105.3,2472.613721,2472.852425,25448,0.0,0.0,184272.01042503913,0.0
105.31,2472.613721,2472.81662,25448,0.0,0.0,184269.3423081444,0.0
105.32000000000001,2487.100745,2474.959239,25448,0.0,0.0,184429.0059850841,0.0
105.33,2487.100745,2476.780465,25449,0.0,0.0,184564.72009930524,0.0
105.34,2499.52222,2480.191728,25451,0.0,0.0,184818.92058646068,0.0
105.35000000000001,2499.52222,2483.091302,25451,0.0,0.0,185034.99103407594,0.0
105.36,2499.52222,2485.55594,25451,0.0,0.0,185218.65092200067,0.0
105.37,2499.52222,2487.650882,25451,0.0,0.0,185374.76180438133,0.0
105.38,2499.52222,2489.431582,25451,0.0,0.0,185507.4560022423,0.0
105.39,2381.77059,2473.282434,25451,0.0,0.0,184304.05383455672,0.0
105.4,2472.357342,2473.14367,25452,0.0,0.0,184293.71341917396,0.0
105.41,2472.325453,2473.020937,25452,0.0,0.0,184284.56760180666,0.0
105.42,2472.325453,2472.916615,25453,0.0,0.0,184276.7937352883,0.0
105.43,2475.871282,2473.359815,25453,0.0,0.0,184309.82011170874,0.0
105.44,2450.201383,2469.88605,25455,0.0,0.0,184050.96210068365,0.0
105.45,2450.201383,2466.93335,25455,0.0,0.0,183830.9328099418,0.0
105.46000000000001,2450.201383,2464.423555,25455,0.0,0.0,183643.90791281124,0.0
105.47,2450.201383,2462.290229,25455,0.0,0.0,183484.93673162078,0.0
105.48,2450.201383,2460.476902,25455,0.0,0.0,183349.81123506065,0.0
105.49000000000001,2582.136623,2478.72586,25455,0.0,0.0,184709.68703873787,0.0
105.5,2507.750809,2483.079602,25456,0.0,0.0,185034.11917350706,0.0
105.51,2507.750809,2486.780284,25456,0.0,0.0,185309.88658493425,0.0
105.52,2472.691733,2484.667001,25457,0.0,0.0,185152.40896796444,0.0
105.53,2472.691733,2482.870711,25457,0.0,0.0,185018.55303452496,0.0
105.54,2448.290328,2477.683653,25459,0.0,0.0,184632.02386028552,0.0
105.55,2448.290328,2473.274655,25459,0.0,0.0,184303.47415905545,0.0
105.56,2448.290328,2469.527006,25459,0.0,0.0,184024.2068608472,0.0
105.57000000000001,2448.290328,2466.341504,25459,0.0,0.0,183786.8296312889,0.0
105.58,2448.290328,2463.633828,25459,0.0,0.0,183585.05903832696,0.0
105.59,2590.293472,2482.632774,25460,0.0,0.0,185000.82244579223,0.0
105.60000000000001,2472.558831,2481.121683,25460,0.0,0.0,184888.21897067575,0.0
105.61,2472.558831,2479.837255,25460,0.0,0.0,184792.50596839006,0.0
105.62,2472.64809,2478.75888,25461,0.0,0.0,184712.14762300998,0.0
105.63,2472.64809,2477.842262,25461,0.0,0.0,184643.84308532544,0.0
105.64,2448.903089,2473.501386,25463,0.0,0.0,184320.36969911002,0.0
105.65,2448.903089,2469.811642,25463,0.0,0.0,184045.4173655377,0.0
105.66,2448.903089,2466.675359,25463,0.0,0.0,183811.70783729036,0.0
105.67,2448.903089,2464.009518,25463,0.0,0.0,183613.05470474713,0.0
105.68,2448.903089,2461.743554,25463,0.0,0.0,183444.19960542565,0.0
105.69,2587.499837,2480.606996,25464,0.0,0.0,184849.86552617955,0.0
105.7,2587.499837,2496.640923,25464,0.0,0.0,186044.6816556937,0.0
105.71000000000001,2469.736812,2492.605306,25465,0.0,0.0,185743.9555588279,0.0
105.72,2484.336741,2491.365021,25465,0.0,0.0,185651.53200449876,0.0
105.73,2484.336741,2490.310779,25465,0.0,0.0,185572.9720019484,0.0
105.74000000000001,2450.716297,2484.371607,25467,0.0,0.0,185130.39679865862,0.0
105.75,2450.716297,2479.32331,25467,0.0,0.0,184754.2078162479,0.0
105.76,2450.716297,2475.032258,25467,0.0,0.0,184434.44721473183,0.0
105.77,2450.716297,2471.384864,25467,0.0,0.0,184162.6507183468,0.0
105.78,2450.716297,2468.284579,25467,0.0,0.0,183931.62368896775,0.0
105.79,2573.591504,2484.080618,25468,0.0,0.0,185108.712881131,0.0
105.8,2573.591504,2497.507251,25468,0.0,0.0,186109.23868329212,0.0
105.81,2472.668737,2493.781474,25469,0.0,0.0,185831.6012427217,0.0
105.82000000000001,2478.174876,2491.440484,25469,0.0,0.0,185657.1553561319,0.0
105.83,2478.174876,2489.450643,25469,0.0,0.0,185508.87638978954,0.0
105.84,2447.967116,2483.228114,25471,0.0,0.0,185045.18599032782,0.0
105.85000000000001,2447.967116,2477.938964,25471,0.0,0.0,184651.04912470406,0.0
105.86,2447.967116,2473.443187,25471,0.0,0.0,184316.0328261829,0.0
105.87,2447.967116,2469.621776,25471,0.0,0.0,184031.26893145498,0.0
105.88,2447.967116,2466.373577,25472,0.0,0.0,183789.21964701754,0.0
105.89,2596.686283,2485.920483,25472,0.0,0.0,185245.8159363045,0.0
105.9,2466.704374,2483.038067,25472,0.0,0.0,185031.0240684876,0.0
105.91,2466.704374,2480.588013,25473,0.0,0.0,184848.45095103604,0.0
105.92,2472.671086,2479.400474,25473,0.0,0.0,184759.95792299448,0.0
105.93,2472.671086,2478.391065,25474,0.0,0.0,184684.7387858189,0.0
105.94,2451.412363,2474.34426,25476,0.0,0.0,184383.17898159882,0.0
105.95,2451.412363,2470.904476,25476,0.0,0.0,184126.8531666413,0.0
105.96000000000001,2451.412363,2467.980659,25476,0.0,0.0,183908.97617921652,0.0
105.97,2451.412363,2465.495414,25476,0.0,0.0,183723.7806989207,0.0
105.98,2451.412363,2463.382957,25476,0.0,0.0,183566.36463381659,0.0
105.99000000000001,2579.869404,2480.855924,25476,0.0,0.0,184868.41514222106,0.0
106.0,2579.869404,2495.707946,25476,0.0,0.0,185975.1580780907,0.0
106.01,2472.485525,2492.224583,25477,0.0,0.0,185715.58484332715,0.0
106.02,2472.485525,2489.263724,25477,0.0,0.0,185494.94756024503,0.0
106.03,2472.838251,2486.799903,25478,0.0,0.0,185311.34855352406,0.0
106.04,2458.938004,2482.620618,25481,0.0,0.0,184999.9166050166,0.0
106.05,2458.938004,2479.068226,25481,0.0,0.0,184735.1994674147,0.0
106.06,2458.938004,2476.048693,25481,0.0,0.0,184510.18991535675,0.0
106.07000000000001,2458.938004,2473.482089,25481,0.0,0.0,184318.93172531537,0.0
106.08,2458.938004,2471.300477,25481,0.0,0.0,184156.36236810533,0.0
106.09,2458.938004,2469.446106,25481,0.0,0.0,184018.1783548625,0.0
106.10000000000001,2458.938004,2467.86989,25481,0.0,0.0,183900.72189516932,0.0
106.11,2458.938004,2466.530107,25481,0.0,0.0,183800.883949141,0.0
106.12,2561.458987,2480.769439,25481,0.0,0.0,184861.97045322123,0.0
106.13,2561.458987,2492.872871,25482,0.0,0.0,185763.89396678578,0.0
106.14,2456.009468,2487.343361,25484,0.0,0.0,185351.84595532177,0.0
106.15,2456.009468,2482.643277,25484,0.0,0.0,185001.60510831827,0.0
106.16,2456.009468,2478.648206,25484,0.0,0.0,184703.90041817256,0.0
106.17,2456.009468,2475.252395,25484,0.0,0.0,184450.85138311196,0.0
106.18,2456.009468,2472.365956,25484,0.0,0.0,184235.7597293918,0.0
106.19,2380.414403,2458.573223,25484,0.0,0.0,183207.95288840498,0.0
106.2,2478.362958,2461.541683,25485,0.0,0.0,183429.15658278487,0.0
106.21000000000001,2501.173509,2467.486457,25485,0.0,0.0,183872.1492358958,0.0
106.22,2501.173509,2472.539515,25486,0.0,0.0,184248.69299849187,0.0
106.23,2475.958445,2473.052355,25486,0.0,0.0,184286.90880824698,0.0
106.24000000000001,2499.644364,2477.041156,25488,0.0,0.0,184584.14627054942,0.0
106.25,2499.644364,2480.431637,25488,0.0,0.0,184836.79812468425,0.0
106.26,2499.644364,2483.313546,25488,0.0,0.0,185051.55221187643,0.0
106.27,2499.644364,2485.763169,25488,0.0,0.0,185234.09321207117,0.0
106.28,2499.644364,2487.845348,25488,0.0,0.0,185389.25302125176,0.0
106.29,2416.395844,2477.127922,25488,0.0,0.0,184590.61189910656,0.0
106.3,2416.395844,2468.018111,25489,0.0,0.0,183911.76702725285,0.0
106.31,2472.68481,2468.718115,25489,0.0,0.0,183963.92992346192,0.0
106.32000000000001,2478.133497,2470.130423,25490,0.0,0.0,184069.1722872473,0.0
106.33,2478.133497,2471.330884,25490,0.0,0.0,184158.62823685043,0.0
106.34,2499.488505,2475.554527,25492,0.0,0.0,184473.36565468385,0.0
106.35000000000001,2499.488505,2479.144624,25492,0.0,0.0,184740.8924933754,0.0
106.36,2499.488505,2482.196206,25492,0.0,0.0,184968.29027273008,0.0
106.37,2499.488505,2484.790051,25492,0.0,0.0,185161.578407537,0.0
106.38,2499.488505,2486.994819,25492,0.0,0.0,185325.8733034933,0.0
106.39,2377.356804,2470.549116,25493,0.0,0.0,184100.37245110702,0.0
106.4,2478.20684,2471.697775,25493,0.0,0.0,184185.96821941205,0.0
106.41,2466.759134,2470.956979,25493,0.0,0.0,184130.76558505555,0.0
106.42,2478.041823,2472.019706,25494,0.0,0.0,184209.95787281328,0.0
106.43,2478.041823,2472.923023,25494,0.0,0.0,184277.27124661522,0.0
106.44,2458.646469,2470.78154,25496,0.0,0.0,184117.69222212044,0.0
106.45,2458.646469,2468.961279,25496,0.0,0.0,183982.05001776677,0.0
106.46000000000001,2458.646469,2467.414058,25496,0.0,0.0,183866.75420740645,0.0
106.47,2458.646469,2466.09892,25496,0.0,0.0,183768.75275742248,0.0
106.48,2458.646469,2464.981052,25496,0.0,0.0,183685.45147277354,0.0
106.49000000000001,2589.882861,2483.716323,25497,0.0,0.0,185081.56634729056,0.0
106.5,2589.882861,2499.641304,25497,0.0,0.0,186268.26403906674,0.0
106.51,2472.638942,2495.59095,25498,0.0,0.0,185966.43977047404,0.0
106.52,2472.638942,2492.148148,25498,0.0,0.0,185709.8890602006,0.0
106.53,2472.707682,2489.232078,25498,0.0,0.0,185492.58936370123,0.0
106.54,2442.922508,2482.285643,25500,0.0,0.0,184974.95493885805,0.0
106.55,2442.922508,2476.381173,25500,0.0,0.0,184534.9656591119,0.0
106.56,2442.922508,2471.362373,25500,0.0,0.0,184160.97473406867,0.0
106.57000000000001,2442.922508,2467.096393,25500,0.0,0.0,183843.0824477819,0.0
106.58,2442.922508,2463.47031,25500,0.0,0.0,183572.87400443817,0.0
106.59,2591.340554,2482.650847,25501,0.0,0.0,185002.16920955814,0.0
106.60000000000001,2472.572677,2481.139121,25501,0.0,0.0,184889.51841551336,0.0
106.61,2472.572677,2479.854155,25502,0.0,0.0,184793.7653225451,0.0
106.62,2475.481596,2479.198271,25502,0.0,0.0,184744.89016037865,0.0
106.63,2475.481596,2478.64077,25502,0.0,0.0,184703.34630234435,0.0
106.64,2450.486593,2474.417643,25504,0.0,0.0,184388.64733579755,0.0
106.65,2450.486593,2470.827986,25504,0.0,0.0,184121.1532850248,0.0
106.66,2450.486593,2467.776777,25504,0.0,0.0,183893.78330088317,0.0
106.67,2450.486593,2465.183249,25504,0.0,0.0,183700.51878828142,0.0
106.68,2450.486593,2462.978751,25505,0.0,0.0,183536.24401218435,0.0
106.69,2579.639971,2480.477934,25505,0.0,0.0,184840.24808440698,0.0
106.7,2472.393929,2479.265333,25505,0.0,0.0,184749.88748631618,0.0
106.71000000000001,2472.393929,2478.234623,25506,0.0,0.0,184673.08104127922,0.0
106.72,2472.636716,2477.394937,25506,0.0,0.0,184610.50932216592,0.0
106.73,2472.636716,2476.681204,25507,0.0,0.0,184557.32336837138,0.0
106.74000000000001,2449.888586,2472.662311,25509,0.0,0.0,184257.84351049305,0.0
106.75,2449.888586,2469.246252,25509,0.0,0.0,184003.28563502236,0.0
106.76,2449.888586,2466.342602,25509,0.0,0.0,183786.91145205003,0.0
106.77,2449.888586,2463.8745,25509,0.0,0.0,183602.99343378242,0.0
106.78,2449.888586,2461.776613,25509,0.0,0.0,183446.66309589968,0.0
106.79,2577.746874,2479.172152,25509,0.0,0.0,184742.94382480616,0.0
106.8,2472.62287,2478.18976,25509,0.0,0.0,184669.73794036466,0.0
106.81,2472.62287,2477.354726,25510,0.0,0.0,184607.51287897496,0.0
106.82000000000001,2469.636174,2476.196943,25510,0.0,0.0,184521.2372084622,0.0
106.83,2469.636174,2475.212828,25511,0.0,0.0,184447.90292951127,0.0
106.84,2447.660577,2471.07999,25513,0.0,0.0,184139.9321184262,0.0
106.85000000000001,2447.660577,2467.567078,25513,0.0,0.0,183878.15695135924,0.0
106.86,2447.660577,2464.581103,25513,0.0,0.0,183655.64807425594,0.0
106.87,2447.660577,2462.043024,25513,0.0,0.0,183466.51551008862,0.0
106.88,2447.660577,2459.885657,25513,0.0,0.0,183305.7528417241,0.0
106.89,2588.976326,2479.249257,25513,0.0,0.0,184748.68953499096,0.0
106.9,2472.613968,2478.253964,25514,0.0,0.0,184674.52229386577,0.0
106.91,2477.775513,2478.182197,25514,0.0,0.0,184669.17436075077,0.0
106.92,2477.775513,2478.121194,25514,0.0,0.0,184664.62853935908,0.0
106.93,2473.07185,2477.363792,25515,0.0,0.0,184608.18845913882,0.0
106.94,2447.278804,2472.851044,25517,0.0,0.0,184271.9075156848,0.0
106.95,2447.278804,2469.015208,25517,0.0,0.0,183986.06869884525,0.0
106.96000000000001,2447.278804,2465.754747,25517,0.0,0.0,183743.10567472447,0.0
106.97,2447.278804,2462.983356,25517,0.0,0.0,183536.58716756207,0.0
106.98,2447.278804,2460.627673,25517,0.0,0.0,183361.0463880374,0.0
106.99000000000001,2564.143567,2476.155057,25517,0.0,0.0,184518.1159476257,0.0
107.0,2564.143567,2489.353334,25518,0.0,0.0,185501.6251179865,0.0
107.01,2472.620644,2486.84343,25518,0.0,0.0,185314.5920983942,0.0
107.02,2466.348246,2483.769153,25519,0.0,0.0,185085.50313308995,0.0
107.03,2466.348246,2481.156017,25519,0.0,0.0,184890.7774715964,0.0
107.04,2454.173487,2477.108637,25522,0.0,0.0,184589.17481952783,0.0
107.05,2454.173487,2473.668365,25522,0.0,0.0,184332.81263978762,0.0
107.06,2454.173487,2470.744133,25522,0.0,0.0,184114.904727394,0.0
107.07000000000001,2454.173487,2468.258536,25522,0.0,0.0,183929.68301676304,0.0
107.08,2454.173487,2466.145779,25522,0.0,0.0,183772.24459625978,0.0
107.09,2454.173487,2464.349935,25522,0.0,0.0,183638.42189784715,0.0
107.10000000000001,2454.173487,2462.823468,25522,0.0,0.0,183524.67263400363,0.0
107.11,2454.173487,2461.525971,25522,0.0,0.0,183427.9857560107,0.0
107.12,2595.191736,2481.575835,25523,0.0,0.0,184922.0614682031,0.0
107.13,2478.399636,2481.099405,25523,0.0,0.0,184886.55885873106,0.0
107.14,2443.190816,2475.413117,25525,0.0,0.0,184462.82806468022,0.0
107.15,2443.190816,2470.579772,25525,0.0,0.0,184102.65687483342,0.0
107.16,2443.190816,2466.471428,25525,0.0,0.0,183796.51130757513,0.0
107.17,2443.190816,2462.979336,25525,0.0,0.0,183536.28760521277,0.0
107.18,2443.190816,2460.011058,25525,0.0,0.0,183315.0974731084,0.0
107.19,2429.843295,2455.485894,25526,0.0,0.0,182977.89131419943,0.0
107.2,2472.62287,2458.05644,25526,0.0,0.0,183169.44325418634,0.0
107.21000000000001,2472.62287,2460.241405,25526,0.0,0.0,183332.2624702414,0.0
107.22,2472.508518,2462.081472,25527,0.0,0.0,183469.3805780503,0.0
107.23,2472.508518,2463.645528,25527,0.0,0.0,183585.93089889584,0.0
107.24000000000001,2501.958808,2469.39252,25529,0.0,0.0,184014.18523345707,0.0
107.25,2501.958808,2474.277464,25529,0.0,0.0,184378.2014774486,0.0
107.26,2501.958808,2478.429665,25529,0.0,0.0,184687.61518051615,0.0
107.27,2501.958808,2481.959037,25529,0.0,0.0,184950.61691381928,0.0
107.28,2501.958808,2484.959002,25529,0.0,0.0,185174.16829770536,0.0
107.29,2353.352796,2465.218071,25530,0.0,0.0,183703.11365398474,0.0
107.3,2478.459364,2467.204265,25530,0.0,0.0,183851.12085319078,0.0
107.31,2478.459364,2468.89253,25530,0.0,0.0,183976.92697996774,0.0
107.32000000000001,2487.252704,2471.646556,25531,0.0,0.0,184182.15148210636,0.0
107.33,2487.252704,2473.987478,25531,0.0,0.0,184356.59230147232,0.0
107.34,2455.491577,2471.213093,25533,0.0,0.0,184149.8506874259,0.0
107.35000000000001,2455.491577,2468.854866,25533,0.0,0.0,183974.120334116,0.0
107.36,2455.491577,2466.850372,25533,0.0,0.0,183824.74945555863,0.0
107.37,2455.491577,2465.146553,25533,0.0,0.0,183697.7842758511,0.0
107.38,2455.491577,2463.698307,25533,0.0,0.0,183589.86388427738,0.0
107.39,2569.344372,2479.545217,25534,0.0,0.0,184770.7438814833,0.0
107.4,2466.361562,2477.567668,25534,0.0,0.0,184623.3808903642,0.0
107.41,2466.361562,2475.886753,25535,0.0,0.0,184498.1224708677,0.0
107.42,2475.456347,2475.822192,25535,0.0,0.0,184493.31151444154,0.0
107.43,2475.456347,2475.767315,25535,0.0,0.0,184489.22219030157,0.0
107.44,2453.571451,2472.437935,25537,0.0,0.0,184241.1234603222,0.0
107.45,2453.571451,2469.607963,25537,0.0,0.0,184030.2396143577,0.0
107.46000000000001,2453.571451,2467.202486,25537,0.0,0.0,183850.98828567355,0.0
107.47,2453.571451,2465.157831,25537,0.0,0.0,183698.62468982505,0.0
107.48,2453.571451,2463.419874,25537,0.0,0.0,183569.11561472437,0.0
107.49000000000001,2579.963569,2480.901428,25538,0.0,0.0,184871.80600917194,0.0
107.5,2466.64493,2478.762953,25538,0.0,0.0,184712.45113481316,0.0
107.51,2466.64493,2476.94525,25539,0.0,0.0,184576.9995474967,0.0
107.52,2469.874014,2475.884564,25539,0.0,0.0,184497.95935097153,0.0
107.53,2501.928606,2479.791171,25540,0.0,0.0,184789.07188100068,0.0
107.54,2447.035418,2474.877808,25541,0.0,0.0,184422.93791004288,0.0
107.55,2447.035418,2470.701449,25541,0.0,0.0,184111.72400119563,0.0
107.56,2447.035418,2467.151545,25541,0.0,0.0,183847.19226437114,0.0
107.57000000000001,2447.035418,2464.134126,25542,0.0,0.0,183622.34024335947,0.0
107.58,2447.035418,2461.56932,25542,0.0,0.0,183431.21603667733,0.0
107.59,2592.949827,2481.276396,25542,0.0,0.0,184899.74787359804,0.0
107.60000000000001,2592.949827,2498.02741,25542,0.0,0.0,186147.99989026983,0.0
107.61,2472.941133,2494.264469,25543,0.0,0.0,185867.5930628463,0.0
107.62,2442.982667,2486.572199,25544,0.0,0.0,185294.3805074581,0.0
107.63,2442.982667,2480.033769,25545,0.0,0.0,184807.1497981191,0.0
107.64,2455.466964,2476.348748,25547,0.0,0.0,184532.5494130482,0.0
107.65,2455.466964,2473.21648,25547,0.0,0.0,184299.13907456023,0.0
107.66,2455.466964,2470.554053,25547,0.0,0.0,184100.74034645988,0.0
107.67,2455.466964,2468.29099,25547,0.0,0.0,183932.10142384862,0.0
107.68,2455.466964,2466.367386,25547,0.0,0.0,183788.75830609602,0.0
107.69,2401.96479,2456.706996,25547,0.0,0.0,183068.88538978566,0.0
107.7,2466.539862,2458.181926,25548,0.0,0.0,183178.79421960033,0.0
107.71000000000001,2466.539862,2459.435616,25548,0.0,0.0,183272.21668768386,0.0
107.72,2472.721406,2461.428485,25548,0.0,0.0,183420.72129452214,0.0
107.73,2472.721406,2463.122423,25549,0.0,0.0,183546.95016189796,0.0
107.74000000000001,2499.269686,2468.544513,25551,0.0,0.0,183950.99345008793,0.0
107.75,2499.269686,2473.153289,25551,0.0,0.0,184294.43020779037,0.0
107.76,2499.269686,2477.070748,25551,0.0,0.0,184586.3514071267,0.0
107.77,2499.269686,2480.400589,25551,0.0,0.0,184834.48448990282,0.0
107.78,2499.269686,2483.230953,25551,0.0,0.0,185045.39754692232,0.0
107.79,2369.058095,2466.105025,25551,0.0,0.0,183769.20768979625,0.0
107.8,2472.517789,2467.066939,25552,0.0,0.0,183840.88759468825,0.0
107.81,2472.517789,2467.884567,25552,0.0,0.0,183901.81559581627,0.0
107.82000000000001,2469.590365,2468.140436,25552,0.0,0.0,183920.88244127735,0.0
107.83,2469.590365,2468.357926,25553,0.0,0.0,183937.08936051853,0.0
107.84,2502.353567,2473.457272,25555,0.0,0.0,184317.0824121754,0.0
107.85000000000001,2502.353567,2477.791716,25555,0.0,0.0,184640.07649863197,0.0
107.86,2502.353567,2481.475994,25555,0.0,0.0,184914.6215168308,0.0
107.87,2502.353567,2484.60763,25555,0.0,0.0,185147.9847599445,0.0
107.88,2502.353567,2487.26952,25555,0.0,0.0,185346.34347188025,0.0
107.89,2378.199133,2470.908962,25555,0.0,0.0,184127.18745437733,0.0
107.9,2472.298014,2471.11732,25556,0.0,0.0,184142.7138752668,0.0
107.91,2472.298014,2471.294424,25556,0.0,0.0,184155.9113106675,0.0
107.92,2472.613721,2471.492319,25557,0.0,0.0,184170.65804975084,0.0
107.93,2472.613721,2471.660529,25557,0.0,0.0,184183.19272208316,0.0
107.94,2454.192745,2469.040361,25559,0.0,0.0,183987.9430500323,0.0
107.95,2454.192745,2466.813219,25559,0.0,0.0,183821.98088840352,0.0
107.96000000000001,2454.192745,2464.920148,25559,0.0,0.0,183680.91302866364,0.0
107.97,2454.192745,2463.311038,25559,0.0,0.0,183561.00537396598,0.0
107.98,2454.192745,2461.943294,25559,0.0,0.0,183459.08383021405,0.0
107.99000000000001,2577.15631,2479.225246,25559,0.0,0.0,184746.90028335687,0.0
108.0,2577.15631,2493.914906,25560,0.0,0.0,185841.54432814257,0.0
108.01,2484.426552,2492.491653,25560,0.0,0.0,185735.48636487633,0.0
108.02,2478.165708,2490.342761,25561,0.0,0.0,185575.3552365393,0.0
108.03,2478.165708,2488.516203,25561,0.0,0.0,185439.24379235643,0.0
108.04,2451.832681,2483.013675,25564,0.0,0.0,185029.20642549652,0.0
108.05,2451.832681,2478.336525,25564,0.0,0.0,184680.67457424407,0.0
108.06,2451.832681,2474.360949,25564,0.0,0.0,184384.42261245637,0.0
108.07000000000001,2451.832681,2470.981709,25564,0.0,0.0,184132.60841512977,0.0
108.08,2451.832681,2468.109354,25564,0.0,0.0,183918.56627288405,0.0
108.09,2451.832681,2465.667853,25564,0.0,0.0,183736.6305078637,0.0
108.10000000000001,2451.832681,2463.592577,25564,0.0,0.0,183581.98509641874,0.0
108.11,2451.832681,2461.828593,25564,0.0,0.0,183450.53654140135,0.0
108.12,2599.038916,2482.410141,25565,0.0,0.0,184984.23228049072,0.0
108.13,2599.038916,2499.904457,25565,0.0,0.0,186287.87367362034,0.0
108.14,2458.199078,2493.648651,25568,0.0,0.0,185821.7035387612,0.0
108.15,2458.199078,2488.331215,25568,0.0,0.0,185425.45885706475,0.0
108.16,2458.199078,2483.811394,25568,0.0,0.0,185088.65084781553,0.0
108.17,2458.199078,2479.969547,25568,0.0,0.0,184802.36410329398,0.0
108.18,2458.199078,2476.703977,25568,0.0,0.0,184559.0203667248,0.0
108.19,2458.199078,2473.928242,25568,0.0,0.0,184352.17815338197,0.0
108.2,2418.173961,2465.5651,25568,0.0,0.0,183728.97356008316,0.0
108.21000000000001,2418.173961,2458.456429,25569,0.0,0.0,183199.24963342378,0.0
108.22,2472.268228,2460.528199,25569,0.0,0.0,183353.63378477012,0.0
108.23,2472.268228,2462.289203,25569,0.0,0.0,183484.8602761555,0.0
108.24000000000001,2496.436878,2467.411354,25573,0.0,0.0,183866.55271074164,0.0
108.25,2496.436878,2471.765183,25573,0.0,0.0,184190.9913285766,0.0
108.26,2496.436878,2475.465937,25573,0.0,0.0,184466.76410529966,0.0
108.27,2496.436878,2478.611578,25573,0.0,0.0,184701.17097296604,0.0
108.28,2496.436878,2481.285373,25573,0.0,0.0,184900.41682166015,0.0
108.29,2496.436878,2483.558099,25573,0.0,0.0,185069.77581167957,0.0
108.3,2496.436878,2485.489916,25573,0.0,0.0,185213.7309457444,0.0
108.31,2445.742216,2479.527761,25574,0.0,0.0,184769.4430953217,0.0
108.32000000000001,2445.742216,2474.459929,25574,0.0,0.0,184391.798403833,0.0
108.33,2425.827219,2467.165023,25574,0.0,0.0,183848.19661793925,0.0
108.34,2460.59763,2466.179914,25577,0.0,0.0,183774.78826809896,0.0
108.35000000000001,2460.59763,2465.342571,25577,0.0,0.0,183712.39114465343,0.0
108.36,2460.59763,2464.63083,25577,0.0,0.0,183659.3536307096,0.0
108.37,2460.59763,2464.02585,25577,0.0,0.0,183614.27173267968,0.0
108.38,2460.59763,2463.511617,25577,0.0,0.0,183575.9521193542,0.0
108.39,2460.59763,2463.074519,25577,0.0,0.0,183543.38045175347,0.0
108.4,2460.59763,2462.702986,25577,0.0,0.0,183515.69455664826,0.0
108.41,2509.974898,2469.793772,25578,0.0,0.0,184044.08572892527,0.0
108.42,2594.520024,2488.50271,25578,0.0,0.0,185438.23832101832,0.0
108.43,2594.520024,2504.405307,25579,0.0,0.0,186623.26800194202,0.0
108.44,2451.651748,2496.492273,25581,0.0,0.0,186033.60455538932,0.0
108.45,2451.651748,2489.766195,25581,0.0,0.0,185532.39069288576,0.0
108.46000000000001,2451.651748,2484.049028,25581,0.0,0.0,185106.3588575951,0.0
108.47,2451.651748,2479.189436,25581,0.0,0.0,184744.23179387214,0.0
108.48,2451.651748,2475.058783,25581,0.0,0.0,184436.42380461123,0.0
108.49000000000001,2451.651748,2471.547728,25581,0.0,0.0,184174.78701746537,0.0
108.5,2556.687045,2484.318625,25581,0.0,0.0,185126.44868612362,0.0
108.51,2556.687045,2495.173888,25582,0.0,0.0,185935.361145468,0.0
108.52,2422.931035,2484.33746,25582,0.0,0.0,185127.8522326035,0.0
108.53,2542.863984,2493.116439,25583,0.0,0.0,185782.0441663616,0.0
108.54,2446.855463,2486.177292,25585,0.0,0.0,185264.95282868305,0.0
108.55,2446.855463,2480.279018,25585,0.0,0.0,184825.4252624484,0.0
108.56,2446.855463,2475.265485,25585,0.0,0.0,184451.8268236971,0.0
108.57000000000001,2446.855463,2471.003981,25585,0.0,0.0,184134.26807996642,0.0
108.58,2446.855463,2467.381703,25585,0.0,0.0,183864.34317760257,0.0
108.59,2446.855463,2464.302767,25585,0.0,0.0,183634.9070329487,0.0
108.60000000000001,2446.855463,2461.685672,25586,0.0,0.0,183439.8863547037,0.0
108.61,2548.256086,2474.671234,25586,0.0,0.0,184407.54442926063,0.0
108.62,2342.920138,2454.908569,25586,0.0,0.0,182934.8702113859,0.0
108.63,2342.920138,2438.110305,25587,0.0,0.0,181683.0972193399,0.0
108.64,2498.765061,2447.208518,25589,0.0,0.0,182361.07783146034,0.0
108.65,2498.765061,2454.941999,25589,0.0,0.0,182937.3613480369,0.0
108.66,2498.765061,2461.515459,25589,0.0,0.0,183427.20242282268,0.0
108.67,2498.765061,2467.102899,25589,0.0,0.0,183843.56726187258,0.0
108.68,2498.765061,2471.852223,25589,0.0,0.0,184197.477375065,0.0
108.69,2498.765061,2475.889149,25589,0.0,0.0,184498.30101598933,0.0
108.7,2498.765061,2479.320535,25590,0.0,0.0,184754.00102880524,0.0
108.71000000000001,2449.004212,2474.773087,25590,0.0,0.0,184415.13431084357,0.0
108.72,2449.004212,2470.907756,25591,0.0,0.0,184127.09758567254,0.0
108.73,2444.141134,2466.892762,25591,0.0,0.0,183827.9082734658,0.0
108.74000000000001,2482.581774,2469.246114,25594,0.0,0.0,184003.27535153873,0.0
108.75,2482.581774,2471.246463,25594,0.0,0.0,184152.33735299713,0.0
108.76,2482.581774,2472.94676,25594,0.0,0.0,184279.04008031802,0.0
108.77,2482.581774,2474.392012,25594,0.0,0.0,184386.73736500775,0.0
108.78,2482.581774,2475.620476,25594,0.0,0.0,184478.2800420904,0.0
108.79,2482.581774,2476.664671,25594,0.0,0.0,184556.0913623214,0.0
108.8,2482.581774,2477.552237,25594,0.0,0.0,184622.23100314726,0.0
108.81,2447.778133,2473.086121,25594,0.0,0.0,184289.42498294514,0.0
108.82000000000001,2569.20955,2487.504635,25595,0.0,0.0,185363.86377082454,0.0
108.83,2569.20955,2499.760373,25595,0.0,0.0,186277.1368224918,0.0
108.84,2470.110988,2495.312965,25598,0.0,0.0,185945.72488498388,0.0
108.85000000000001,2470.110988,2491.532668,25598,0.0,0.0,185664.02472319858,0.0
108.86,2470.110988,2488.319416,25598,0.0,0.0,185424.5796192141,0.0
108.87,2470.110988,2485.588152,25598,0.0,0.0,185221.05129573095,0.0
108.88,2470.110988,2483.266577,25598,0.0,0.0,185048.05217605946,0.0
108.89,2470.110988,2481.293239,25598,0.0,0.0,184901.0029802272,0.0
108.9,2470.110988,2479.615901,25598,0.0,0.0,184776.0111116072,0.0
108.91,2425.633511,2471.518543,25598,0.0,0.0,184172.61220971303,0.0
108.92,2425.633511,2464.635788,25599,0.0,0.0,183659.72309094042,0.0
108.93,2440.54598,2461.022317,25599,0.0,0.0,183390.45446857912,0.0
108.94,2479.930501,2463.858544,25602,0.0,0.0,183601.80442461692,0.0
108.95,2479.930501,2466.269338,25602,0.0,0.0,183781.45196549295,0.0
108.96000000000001,2479.930501,2468.318512,25602,0.0,0.0,183934.1523081714,0.0
108.97,2479.930501,2470.060311,25602,0.0,0.0,184063.9476814179,0.0
108.98,2479.930501,2471.540839,25602,0.0,0.0,184174.2736629817,0.0
108.99000000000001,2479.930501,2472.799288,25602,0.0,0.0,184268.05076221455,0.0
109.0,2552.117709,2484.697051,25602,0.0,0.0,185154.64823378448,0.0
109.01,2284.833631,2454.717538,25603,0.0,0.0,182920.6349638363,0.0
109.02,2565.853822,2471.387981,25603,0.0,0.0,184162.8829909445,0.0
109.03,2565.853822,2485.557857,25603,0.0,0.0,185218.79377300158,0.0
109.04,2462.006714,2482.025186,25608,0.0,0.0,184955.54620482522,0.0
109.05,2462.006714,2479.022415,25608,0.0,0.0,184731.78572343863,0.0
109.06,2462.006714,2476.47006,25608,0.0,0.0,184541.58934034136,0.0
109.07000000000001,2462.006714,2474.300558,25608,0.0,0.0,184379.92239607914,0.0
109.08,2462.006714,2472.456481,25608,0.0,0.0,184242.50547110086,0.0
109.09,2462.006714,2470.889016,25608,0.0,0.0,184125.70111840242,0.0
109.10000000000001,2462.006714,2469.556671,25608,0.0,0.0,184026.4174372382,0.0
109.11,2462.006714,2468.424177,25608,0.0,0.0,183942.02625236017,0.0
109.12,2462.006714,2467.461558,25608,0.0,0.0,183870.29381228008,0.0
109.13,2462.006714,2466.643331,25608,0.0,0.0,183809.32117487164,0.0
109.14,2514.287605,2473.789972,25610,0.0,0.0,184341.87454988997,0.0
109.15,2514.287605,2479.864617,25610,0.0,0.0,184794.5449298333,0.0
109.16,2514.287605,2485.028065,25610,0.0,0.0,185179.31473415555,0.0
109.17,2514.287605,2489.416996,25610,0.0,0.0,185506.3690827331,0.0
109.18,2514.287605,2493.147587,25610,0.0,0.0,185784.36525294272,0.0
109.19,2514.287605,2496.31859,25610,0.0,0.0,186020.66204605752,0.0
109.2,2514.287605,2499.013942,25610,0.0,0.0,186221.5142792203,0.0
109.21000000000001,2458.048222,2492.869084,25611,0.0,0.0,185763.61176712989,0.0
109.22,2465.581097,2488.775886,25611,0.0,0.0,185458.5948494593,0.0
109.23,2465.581097,2485.296668,25612,0.0,0.0,185199.33049179474,0.0
109.24000000000001,2465.731346,2482.36187,25614,0.0,0.0,184980.6352222412,0.0
109.25,2465.731346,2479.867291,25614,0.0,0.0,184794.74419095815,0.0
109.26,2465.731346,2477.746899,25614,0.0,0.0,184636.73682554523,0.0
109.27,2465.731346,2475.944566,25614,0.0,0.0,184502.43057984786,0.0
109.28,2465.731346,2474.412583,25614,0.0,0.0,184388.27027473098,0.0
109.29,2527.612095,2482.39251,25614,0.0,0.0,184982.9184536797,0.0
109.3,2527.612095,2489.175448,25614,0.0,0.0,185488.3694095119,0.0
109.31,2472.817601,2486.721771,25615,0.0,0.0,185305.52631335604,0.0
109.32000000000001,2472.817601,2484.636145,25615,0.0,0.0,185150.10964063855,0.0
109.33,2472.641291,2482.836917,25616,0.0,0.0,185016.03477332296,0.0
109.34,2449.646475,2477.858351,25618,0.0,0.0,184645.0420053846,0.0
109.35000000000001,2449.646475,2473.62657,25618,0.0,0.0,184329.69816008885,0.0
109.36,2449.646475,2470.029555,25618,0.0,0.0,184061.65580589176,0.0
109.37,2449.646475,2466.972093,25618,0.0,0.0,183833.8198607127,0.0
109.38,2449.646475,2464.373251,25618,0.0,0.0,183640.15935947312,0.0
109.39,2554.811561,2477.938997,25618,0.0,0.0,184651.051583798,0.0
109.4,2478.464073,2478.017759,25619,0.0,0.0,184656.92077030434,0.0
109.41,2478.464073,2478.084706,25619,0.0,0.0,184661.9095266722,0.0
109.42,2469.398256,2476.781738,25619,0.0,0.0,184564.81496071583,0.0
109.43,2469.398256,2475.674216,25620,0.0,0.0,184482.28463926734,0.0
109.44,2457.21103,2472.904738,25622,0.0,0.0,184275.90868503388,0.0
109.45,2457.21103,2470.550682,25622,0.0,0.0,184100.4891462908,0.0
109.46000000000001,2457.21103,2468.549734,25622,0.0,0.0,183951.38250855205,0.0
109.47,2457.21103,2466.848928,25622,0.0,0.0,183824.64185157046,0.0
109.48,2457.21103,2465.403243,25622,0.0,0.0,183716.91230058795,0.0
109.49000000000001,2538.559421,2476.37667,25622,0.0,0.0,184534.6301045699,0.0
109.5,2538.559421,2485.704083,25623,0.0,0.0,185229.69024168042,0.0
109.51,2472.687035,2483.751525,25623,0.0,0.0,185084.18952983286,0.0
109.52,2472.687035,2482.091852,25624,0.0,0.0,184960.51402163584,0.0
109.53,2475.586928,2481.116113,25624,0.0,0.0,184887.8039054306,0.0
109.54,2452.700308,2476.853743,25626,0.0,0.0,184570.18062911424,0.0
109.55,2452.700308,2473.230727,25626,0.0,0.0,184300.20073246834,0.0
109.56,2452.700308,2470.151165,25626,0.0,0.0,184070.7179395481,0.0
109.57000000000001,2452.700308,2467.533536,25626,0.0,0.0,183875.6574686925,0.0
109.58,2452.700308,2465.308552,25626,0.0,0.0,183709.85611690194,0.0
109.59,2537.162288,2476.086612,25626,0.0,0.0,184513.01556329784,0.0
109.60000000000001,2537.162288,2485.247964,25627,0.0,0.0,185195.70116725232,0.0
109.61,2476.251925,2483.898558,25627,0.0,0.0,185095.14613453555,0.0
109.62,2471.908745,2482.100086,25628,0.0,0.0,184961.12760282587,0.0
109.63,2471.908745,2480.571385,25628,0.0,0.0,184847.2118657763,0.0
109.64,2452.158318,2476.309425,25630,0.0,0.0,184529.6191418388,0.0
109.65,2452.158318,2472.686759,25630,0.0,0.0,184259.665326492,0.0
109.66,2452.158318,2469.607493,25630,0.0,0.0,184030.20459089897,0.0
109.67,2452.158318,2466.990117,25630,0.0,0.0,183835.1629730967,0.0
109.68,2452.158318,2464.765347,25630,0.0,0.0,183669.37756815762,0.0
109.69,2557.951452,2478.743263,25631,0.0,0.0,184710.98387544553,0.0
109.7,2478.509677,2478.708225,25631,0.0,0.0,184708.37291385478,0.0
109.71000000000001,2472.645865,2477.798871,25631,0.0,0.0,184640.6096749029,0.0
109.72,2472.632265,2477.02388,25632,0.0,0.0,184582.85889762745,0.0
109.73,2472.632265,2476.365138,25632,0.0,0.0,184533.77076302457,0.0
109.74000000000001,2456.147432,2473.332482,25634,0.0,0.0,184307.78331128747,0.0
109.75,2456.147432,2470.754725,25634,0.0,0.0,184115.69402202178,0.0
109.76,2456.147432,2468.563631,25634,0.0,0.0,183952.41808516107,0.0
109.77,2456.147432,2466.701201,25634,0.0,0.0,183813.63353137765,0.0
109.78,2456.147432,2465.118136,25634,0.0,0.0,183695.6666979207,0.0
109.79,2543.071891,2476.811199,25635,0.0,0.0,184567.0103354355,0.0
109.8,2478.427145,2477.053591,25635,0.0,0.0,184585.07290184638,0.0
109.81,2478.427145,2477.259624,25635,0.0,0.0,184600.42606839203,0.0
109.82000000000001,2469.466898,2476.090715,25636,0.0,0.0,184513.32131064092,0.0
109.83,2469.466898,2475.097143,25636,0.0,0.0,184439.28231498916,0.0
109.84,2456.316328,2472.28002,25638,0.0,0.0,184229.35595077244,0.0
109.85000000000001,2456.316328,2469.885467,25638,0.0,0.0,184050.91865669124,0.0
109.86,2456.316328,2467.850096,25638,0.0,0.0,183899.24688593,0.0
109.87,2456.316328,2466.120031,25638,0.0,0.0,183770.3259068643,0.0
109.88,2456.316328,2464.649475,25638,0.0,0.0,183660.74301876998,0.0
109.89,2542.710206,2476.358585,25639,0.0,0.0,184533.282446588,0.0
109.9,2472.641167,2475.800972,25639,0.0,0.0,184491.73024253803,0.0
109.91,2472.641167,2475.327002,25640,0.0,0.0,184456.41094733938,0.0
109.92,2472.636716,2474.923459,25640,0.0,0.0,184426.3397311394,0.0
109.93,2472.636716,2474.580447,25640,0.0,0.0,184400.77916383624,0.0
109.94,2456.217985,2471.826078,25642,0.0,0.0,184195.52910202456,0.0
109.95,2456.217985,2469.484864,25642,0.0,0.0,184021.06652340334,0.0
109.96000000000001,2456.217985,2467.494832,25642,0.0,0.0,183872.77332412353,0.0
109.97,2456.217985,2465.803305,25642,0.0,0.0,183746.72411963926,0.0
109.98,2456.217985,2464.365507,25642,0.0,0.0,183639.58229210172,0.0
109.99000000000001,2547.376413,2476.817143,25643,0.0,0.0,184567.45327041164,0.0
110.0,2466.695,2475.298822,25643,0.0,0.0,184454.31103017443,0.0
110.01,2477.463694,2475.623552,25644,0.0,0.0,184478.5092594502,0.0
110.02,2477.463694,2475.899574,25644,0.0,0.0,184499.07786611162,0.0
110.03,2484.928269,2477.253878,25645,0.0,0.0,184599.99788797932,0.0
110.04,2462.175601,2474.992136,25648,0.0,0.0,184431.4574036426,0.0
110.05,2462.175601,2473.069656,25648,0.0,0.0,184288.198044119,0.0
110.06,2462.175601,2471.435548,25648,0.0,0.0,184166.42758852392,0.0
110.07000000000001,2462.175601,2470.046556,25648,0.0,0.0,184062.92268636447,0.0
110.08,2462.175601,2468.865913,25648,0.0,0.0,183974.94353443262,0.0
110.09,2462.175601,2467.862366,25648,0.0,0.0,183900.16122175736,0.0
110.10000000000001,2462.175601,2467.009351,25648,0.0,0.0,183836.59625225756,0.0
110.11,2462.175601,2466.284289,25648,0.0,0.0,183782.5660840712,0.0
110.12,2420.721977,2459.449942,25648,0.0,0.0,183273.28423251378,0.0
110.13,2472.627568,2461.426586,25649,0.0,0.0,183420.57978484518,0.0
110.14,2501.593606,2467.451639,25651,0.0,0.0,183869.5546682645,0.0
110.15,2501.593606,2472.572934,25651,0.0,0.0,184251.1833154449,0.0
110.16,2501.593606,2476.926035,25651,0.0,0.0,184575.5676841778,0.0
110.17,2501.593606,2480.626171,25651,0.0,0.0,184851.29440877849,0.0
110.18,2501.593606,2483.771286,25651,0.0,0.0,185085.66207997827,0.0
110.19,2381.168415,2468.380855,25651,0.0,0.0,183938.79798367945,0.0
110.2,2472.595424,2469.013041,25652,0.0,0.0,183985.90721834503,0.0
110.21000000000001,2472.595424,2469.550398,25652,0.0,0.0,184025.94998584094,0.0
110.22,2472.258958,2469.956682,25652,0.0,0.0,184056.22545587167,0.0
110.23,2472.258958,2470.302023,25653,0.0,0.0,184081.95957559065,0.0
110.24000000000001,2454.506969,2467.932765,25655,0.0,0.0,183905.40721425202,0.0
110.25,2454.506969,2465.918896,25655,0.0,0.0,183755.33772946964,0.0
110.26,2454.506969,2464.207107,25655,0.0,0.0,183627.77864132327,0.0
110.27,2454.506969,2462.752086,25655,0.0,0.0,183519.3533903176,0.0
110.28,2454.506969,2461.515318,25655,0.0,0.0,183427.19191578508,0.0
110.29,2575.926118,2478.676938,25655,0.0,0.0,184706.0414692721,0.0
110.3,2501.627413,2482.11951,25656,0.0,0.0,184962.57504040623,0.0
110.31,2501.627413,2485.045695,25656,0.0,0.0,185180.62848644858,0.0
110.32000000000001,2468.540699,2482.569946,25656,0.0,0.0,184996.14062905544,0.0
110.33,2468.540699,2480.465559,25657,0.0,0.0,184839.32592418994,0.0
110.34,2366.759337,2463.409625,25659,0.0,0.0,183568.35187976965,0.0
110.35000000000001,2366.759337,2448.912082,25659,0.0,0.0,182488.02400907857,0.0
110.36,2366.759337,2436.58917,25659,0.0,0.0,181569.74528545814,0.0
110.37,2366.759337,2426.114695,25659,0.0,0.0,180789.20838528426,0.0
110.38,2366.759337,2417.211392,25659,0.0,0.0,180125.75207602506,0.0
110.39,2375.811337,2411.001384,25659,0.0,0.0,179662.99471640802,0.0
110.4,2232.370977,2384.206823,25660,0.0,0.0,177666.31769111953,0.0
110.41,2232.370977,2361.431446,25660,0.0,0.0,175969.14220844666,0.0
110.42,2182.401894,2334.577013,25660,0.0,0.0,173968.00364162153,0.0
110.43,2182.401894,2311.750745,25661,0.0,0.0,172267.0358635461,0.0
110.44,2056.027742,2273.392294,25662,0.0,0.0,169408.64091401314,0.0
110.45,2056.027742,2240.787612,25662,0.0,0.0,166979.00530750942,0.0
110.46000000000001,2056.027742,2213.073631,25662,0.0,0.0,164913.81494510785,0.0
110.47,2056.027742,2189.516748,25662,0.0,0.0,163158.4032004068,0.0
110.48,2056.027742,2169.493397,25662,0.0,0.0,161666.30318387784,0.0
110.49000000000001,1869.47415,2124.49051,25663,0.0,0.0,158312.77817017998,0.0
110.5,1921.72818,2094.07616,25663,0.0,0.0,156046.36171782302,0.0
110.51,1921.72818,2068.223963,25663,0.0,0.0,154119.90777057863,0.0
110.52,1883.836912,2040.565905,25664,0.0,0.0,152058.8846781422,0.0
110.53,1883.836912,2017.056556,25664,0.0,0.0,150307.01507192673,0.0
110.54,1790.495103,1983.072338,25665,0.0,0.0,147774.57920544638,0.0
110.55,1790.495103,1954.185753,25665,0.0,0.0,145622.00874129354,0.0
110.56,1790.495103,1929.632155,25665,0.0,0.0,143792.32379087512,0.0
110.57000000000001,1790.495103,1908.761598,25665,0.0,0.0,142237.09167989282,0.0
110.58,1790.495103,1891.021623,25665,0.0,0.0,140915.14427005503,0.0
110.59,1604.621976,1848.061676,25666,0.0,0.0,137713.8550538402,0.0
110.60000000000001,1604.621976,1811.545721,25666,0.0,0.0,134992.75921633173,0.0
110.61,1617.357403,1782.417474,25666,0.0,0.0,132822.180583906,0.0
110.62,1575.777143,1751.421424,25666,0.0,0.0,130512.41701249713,0.0
110.63,1575.777143,1725.074782,25667,0.0,0.0,128549.11801405862,0.0
110.64,1479.155731,1688.186924,25668,0.0,0.0,125800.30870978591,0.0
110.65,1479.155731,1656.832245,25668,0.0,0.0,123463.82082350948,0.0
110.66,1479.155731,1630.180768,25668,0.0,0.0,121477.80613135225,0.0
110.67,1479.155731,1607.527012,25668,0.0,0.0,119789.69360203367,0.0
110.68,1479.155731,1588.27132,25668,0.0,0.0,118354.79799682369,0.0
110.69,1418.696475,1562.835093,25668,0.0,0.0,116459.34130093224,0.0
110.7,1353.427246,1531.423916,25668,0.0,0.0,114118.6432968422,0.0
110.71000000000001,1353.427246,1504.724416,25669,0.0,0.0,112129.05002689875,0.0
110.72,1318.323319,1476.764251,25669,0.0,0.0,110045.51452584038,0.0
110.73,1318.323319,1452.998111,25669,0.0,0.0,108274.50936857023,0.0
110.74000000000001,1205.930624,1415.937988,25670,0.0,0.0,105512.86322148597,0.0
110.75,1205.930624,1384.436884,25670,0.0,0.0,103165.46403744926,0.0
110.76,1205.930624,1357.660945,25670,0.0,0.0,101170.17468630725,0.0
110.77,1205.930624,1334.901397,25670,0.0,0.0,99474.17874901422,0.0
110.78,1205.930624,1315.555781,25670,0.0,0.0,98032.58218741155,0.0
110.79,1133.785611,1288.290255,25670,0.0,0.0,96000.80979350649,0.0
110.8,1089.586934,1258.484757,25670,0.0,0.0,93779.76377286518,0.0
110.81,1089.586934,1233.150084,25671,0.0,0.0,91891.87467767547,0.0
110.82000000000001,1051.764123,1205.94219,25671,0.0,0.0,89864.39690499302,0.0
110.83,1051.764123,1182.81548,25671,0.0,0.0,88141.04079076115,0.0
110.84,943.452469,1146.911028,25672,0.0,0.0,85465.51293217926,0.0
110.85000000000001,943.452469,1116.392244,25672,0.0,0.0,83191.31426728821,0.0
110.86,943.452469,1090.451278,25672,0.0,0.0,81258.24543193808,0.0
110.87,943.452469,1068.401457,25672,0.0,0.0,79615.13692934223,0.0
110.88,943.452469,1049.659108,25672,0.0,0.0,78218.49461644006,0.0
110.89,891.739478,1025.971164,25672,0.0,0.0,76453.31646848985,0.0
110.9,826.015428,995.977803,25672,0.0,0.0,74218.27127331447,0.0
110.91,826.015428,970.483447,25672,0.0,0.0,72318.48292075572,0.0
110.92,787.917008,943.098481,25672,0.0,0.0,70277.81009724856,0.0
110.93,787.917008,919.82126,25672,0.0,0.0,68543.23820471924,0.0
110.94,706.963124,887.89254,25673,0.0,0.0,66163.97393273255,0.0
110.95,706.963124,860.753127,25673,0.0,0.0,64141.59922702585,0.0
110.96000000000001,706.963124,837.684627,25673,0.0,0.0,62422.58080541906,0.0
110.97,706.963124,818.076402,25673,0.0,0.0,60961.41514705331,0.0
110.98,706.963124,801.40941,25673,0.0,0.0,59719.424281553904,0.0
110.99000000000001,603.129995,771.667498,25673,0.0,0.0,57503.116562291354,0.0
111.0,580.071396,742.928082,25673,0.0,0.0,55361.51283728883,0.0
111.01,556.565099,714.973635,25673,0.0,0.0,53278.403430139224,0.0
111.02,527.33468,686.827792,25673,0.0,0.0,51181.03157637101,0.0
111.03,527.33468,662.903825,25673,0.0,0.0,49398.2654671349,0.0
111.04,443.498765,629.993066,25674,0.0,0.0,46945.821615559755,0.0
111.05,443.498765,602.018921,25674,0.0,0.0,44861.24435289857,0.0
111.06,443.498765,578.240897,25674,0.0,0.0,43089.35362374807,0.0
111.07000000000001,443.498765,558.029577,25674,0.0,0.0,41583.246533777354,0.0
111.08,443.498765,540.849955,25674,0.0,0.0,40303.05550730223,0.0
111.09,443.498765,526.247277,25674,0.0,0.0,39214.89318696099,0.0
111.10000000000001,443.498765,513.835,25674,0.0,0.0,38289.955162508326,0.0
111.11,443.498765,503.284565,25674,0.0,0.0,37503.757875256655,0.0
111.12,313.847995,474.869079,25674,0.0,0.0,35386.29276513204,0.0
111.13,313.847995,450.715917,25674,0.0,0.0,33586.44750349592,0.0
111.14,227.061343,417.167731,25674,0.0,0.0,31086.503868431177,0.0
111.15,227.061343,388.651773,25674,0.0,0.0,28961.551786077944,0.0
111.16,227.061343,364.413208,25674,0.0,0.0,27155.342463915105,0.0
111.17,227.061343,343.810428,25674,0.0,0.0,25620.06455870619,0.0
111.18,227.061343,326.298066,25674,0.0,0.0,24315.078413796615,0.0
111.19,163.689256,301.906744,25674,0.0,0.0,22497.485945914308,0.0
111.2,146.48105,278.59289,25674,0.0,0.0,20760.184235588495,0.0
111.21000000000001,128.840567,256.130042,25674,0.0,0.0,19086.297788105858,0.0
111.22,128.840567,237.03662,25674,0.0,0.0,17663.49421832402,0.0
111.23,102.565129,216.865897,25674,0.0,0.0,16160.41233549125,0.0
111.24000000000001,71.837703,195.111668,25674,0.0,0.0,14539.330756764739,0.0
111.25,71.837703,176.620573,25674,0.0,0.0,13161.411388765904,0.0
111.26,71.837703,160.903143,25674,0.0,0.0,11990.17998185539,0.0
111.27,71.837703,147.543327,25674,0.0,0.0,10994.633248722457,0.0
111.28,71.837703,136.187483,25674,0.0,0.0,10148.418495752263,0.0
111.29,11.60989,117.500844,25674,0.0,0.0,8755.927580481837,0.0
111.3,11.60989,101.617201,25674,0.0,0.0,7572.310313679674,0.0
111.31,0.0,0.0,25674,0.0,0.0,0.0,0.0
111.32000000000001,0.0,0.0,25674,0.0,0.0,0.0,0.0
111.33,0.0,0.0,25674,0.0,0.0,0.0,0.0
111.34,0.0,0.0,25674,0.0,0.0,0.0,0.0
111.35000000000001,0.0,0.0,25674,0.0,0.0,0.0,0.0
111.36,0.0,0.0,25674,0.0,0.0,0.0,0.0
111.37,0.0,0.0,25674,0.0,0.0,0.0,0.0
111.38,0.0,0.0,25674,0.0,0.0,0.0,0.0
111.39,0.0,0.0,25674,0.0,0.0,0.0,0.0
111.4,0.0,0.0,25674,0.0,0.0,0.0,0.0
111.41,0.0,0.0,25674,0.0,0.0,0.0,0.0
111.42,0.0,0.0,25674,0.0,0.0,0.0,0.0
111.43,0.0,0.0,25674,0.0,0.0,0.0,0.0
111.44,0.0,0.0,25674,0.0,0.0,0.0,0.0
111.45,0.0,0.0,25674,0.0,0.0,0.0,0.0
111.46000000000001,0.0,0.0,25674,0.0,0.0,0.0,0.0
111.47,0.0,0.0,25674,0.0,0.0,0.0,0.0
111.48,0.0,0.0,25674,0.0,0.0,0.0,0.0
111.49000000000001,0.0,0.0,25674,0.0,0.0,0.0,0.0
111.5,0.0,0.0,25674,0.0,0.0,0.0,0.0
111.51,0.0,0.0,25674,0.0,0.0,0.0,0.0
111.52,0.0,0.0,25674,0.0,0.0,0.0,0.0
111.53,0.0,0.0,25674,0.0,0.0,0.0,0.0
111.54,0.0,0.0,25674,0.0,0.0,0.0,0.0
111.55,0.0,0.0,25674,0.0,0.0,0.0,0.0
111.56,0.0,0.0,25674,0.0,0.0,0.0,0.0
111.57000000000001,0.0,0.0,25674,0.0,0.0,0.0,0.0
111.58,0.0,0.0,25674,0.0,0.0,0.0,0.0
111.59,0.0,0.0,25674,0.0,0.0,0.0,0.0
111.60000000000001,0.0,0.0,25674,0.0,0.0,0.0,0.0
111.61,0.0,0.0,25674,0.0,0.0,0.0,0.0
111.62,0.0,0.0,25674,0.0,0.0,0.0,0.0
111.63,0.0,0.0,25674,0.0,0.0,0.0,0.0
111.64,0.0,0.0,25674,0.0,0.0,0.0,0.0
111.65,0.0,0.0,25674,0.0,0.0,0.0,0.0
111.66,0.0,0.0,25674,0.0,0.0,0.0,0.0
111.67,0.0,0.0,25674,0.0,0.0,0.0,0.0
111.68,0.0,0.0,25674,0.0,0.0,0.0,0.0
111.69,0.0,0.0,25674,0.0,0.0,0.0,0.0
111.7,0.0,0.0,25674,0.0,0.0,0.0,0.0
111.71000000000001,0.0,0.0,25674,0.0,0.0,0.0,0.0
111.72,0.0,0.0,25674,0.0,0.0,0.0,0.0
111.73,0.0,0.0,25674,0.0,0.0,0.0,0.0
111.74000000000001,0.0,0.0,25674,0.0,0.0,0.0,0.0
111.75,0.0,0.0,25674,0.0,0.0,0.0,0.0
111.76,0.0,0.0,25674,0.0,0.0,0.0,0.0
111.77,0.0,0.0,25674,0.0,0.0,0.0,0.0
111.78,0.0,0.0,25674,0.0,0.0,0.0,0.0
111.79,0.0,0.0,25674,0.0,0.0,0.0,0.0
111.8,0.0,0.0,25674,0.0,0.0,0.0,0.0
111.81,0.0,0.0,25674,0.0,0.0,0.0,0.0
111.82000000000001,0.0,0.0,25674,0.0,0.0,0.0,0.0
111.83,0.0,0.0,25674,0.0,0.0,0.0,0.0
111.84,0.0,0.0,25674,0.0,0.0,0.0,0.0
111.85000000000001,0.0,0.0,25674,0.0,0.0,0.0,0.0
111.86,0.0,0.0,25674,0.0,0.0,0.0,0.0
111.87,0.0,0.0,25674,0.0,0.0,0.0,0.0
111.88,0.0,0.0,25674,0.0,0.0,0.0,0.0
111.89,0.0,0.0,25674,0.0,0.0,0.0,0.0
111.9,0.0,0.0,25674,0.0,0.0,0.0,0.0
111.91,0.0,0.0,25674,0.0,0.0,0.0,0.0
111.92,0.0,0.0,25674,0.0,0.0,0.0,0.0
111.93,0.0,0.0,25674,0.0,0.0,0.0,0.0
111.94,0.0,0.0,25674,0.0,0.0,0.0,0.0
111.95,0.0,0.0,25674,0.0,0.0,0.0,0.0
111.96000000000001,0.0,0.0,25674,0.0,0.0,0.0,0.0
111.97,0.0,0.0,25674,0.0,0.0,0.0,0.0
111.98,0.0,0.0,25674,0.0,0.0,0.0,0.0
111.99000000000001,0.0,0.0,25674,0.0,0.0,0.0,0.0
112.0,0.0,0.0,25674,0.0,0.0,0.0,0.0
112.01,0.0,0.0,25674,0.0,0.0,0.0,0.0
112.02,0.0,0.0,25674,0.0,0.0,0.0,0.0
112.03,0.0,0.0,25674,0.0,0.0,0.0,0.0
112.04,0.0,0.0,25674,0.0,0.0,0.0,0.0
112.05,0.0,0.0,25674,0.0,0.0,0.0,0.0
112.06,0.0,0.0,25674,0.0,0.0,0.0,0.0
112.07000000000001,0.0,0.0,25674,0.0,0.0,0.0,0.0
112.08,0.0,0.0,25674,0.0,0.0,0.0,0.0
112.09,0.0,0.0,25674,0.0,0.0,0.0,0.0
112.10000000000001,0.0,0.0,25674,0.0,0.0,0.0,0.0
112.11,0.0,0.0,25674,0.0,0.0,0.0,0.0
112.12,0.0,0.0,25674,0.0,0.0,0.0,0.0
112.13,0.0,0.0,25674,0.0,0.0,0.0,0.0
112.14,0.0,0.0,25674,0.0,0.0,0.0,0.0
112.15,0.0,0.0,25674,0.0,0.0,0.0,0.0
112.16,0.0,0.0,25674,0.0,0.0,0.0,0.0
112.17,0.0,0.0,25674,0.0,0.0,0.0,0.0
112.18,0.0,0.0,25674,0.0,0.0,0.0,0.0
112.19,0.0,0.0,25674,0.0,0.0,0.0,0.0
112.2,0.0,0.0,25674,0.0,0.0,0.0,0.0
112.21000000000001,0.0,0.0,25674,0.0,0.0,0.0,0.0
112.22,0.0,0.0,25674,0.0,0.0,0.0,0.0
112.23,0.0,0.0,25674,0.0,0.0,0.0,0.0
112.24000000000001,0.0,0.0,25674,0.0,0.0,0.0,0.0
112.25,0.0,0.0,25674,0.0,0.0,0.0,0.0
112.26,0.0,0.0,25674,0.0,0.0,0.0,0.0
112.27,0.0,0.0,25674,0.0,0.0,0.0,0.0
112.28,0.0,0.0,25674,0.0,0.0,0.0,0.0
112.29,0.0,0.0,25674,0.0,0.0,0.0,0.0
112.3,0.0,0.0,25674,0.0,0.0,0.0,0.0
112.31,0.0,0.0,25674,0.0,0.0,0.0,0.0
112.32000000000001,0.0,0.0,25674,0.0,0.0,0.0,0.0
112.33,0.0,0.0,25674,0.0,0.0,0.0,0.0
112.34,0.0,0.0,25674,0.0,0.0,0.0,0.0
112.35000000000001,0.0,0.0,25674,0.0,0.0,0.0,0.0
112.36,0.0,0.0,25674,0.0,0.0,0.0,0.0
112.37,0.0,0.0,25674,0.0,0.0,0.0,0.0
112.38,0.0,0.0,25674,0.0,0.0,0.0,0.0
112.39,0.0,0.0,25674,0.0,0.0,0.0,0.0
112.4,0.0,0.0,25674,0.0,0.0,0.0,0.0
112.41,0.0,0.0,25674,0.0,0.0,0.0,0.0
112.42,0.0,0.0,25674,0.0,0.0,0.0,0.0
112.43,0.0,0.0,25674,0.0,0.0,0.0,0.0
112.44,0.0,0.0,25674,0.0,0.0,0.0,0.0
112.45,0.0,0.0,25674,0.0,0.0,0.0,0.0
112.46000000000001,0.0,0.0,25674,0.0,0.0,0.0,0.0
112.47,0.0,0.0,25674,0.0,0.0,0.0,0.0
112.48,0.0,0.0,25674,0.0,0.0,0.0,0.0
112.49000000000001,0.0,0.0,25674,0.0,0.0,0.0,0.0
112.5,0.0,0.0,25674,0.0,0.0,0.0,0.0
112.51,0.0,0.0,25674,0.0,0.0,0.0,0.0
112.52,0.0,0.0,25674,0.0,0.0,0.0,0.0
112.53,0.0,0.0,25674,0.0,0.0,0.0,0.0
112.54,0.0,0.0,25674,0.0,0.0,0.0,0.0
112.55,0.0,0.0,25674,0.0,0.0,0.0,0.0
112.56,0.0,0.0,25674,0.0,0.0,0.0,0.0
112.57000000000001,0.0,0.0,25674,0.0,0.0,0.0,0.0
112.58,0.0,0.0,25674,0.0,0.0,0.0,0.0
112.59,0.0,0.0,25674,0.0,0.0,0.0,0.0
112.60000000000001,0.0,0.0,25674,0.0,0.0,0.0,0.0
112.61,0.0,0.0,25674,0.0,0.0,0.0,0.0
112.62,0.0,0.0,25674,0.0,0.0,0.0,0.0
112.63,0.0,0.0,25674,0.0,0.0,0.0,0.0
112.64,0.0,0.0,25674,0.0,0.0,0.0,0.0
112.65,0.0,0.0,25674,0.0,0.0,0.0,0.0
112.66,0.0,0.0,25674,0.0,0.0,0.0,0.0
112.67,0.0,0.0,25674,0.0,0.0,0.0,0.0
112.68,0.0,0.0,25674,0.0,0.0,0.0,0.0
112.69,0.0,0.0,25674,0.0,0.0,0.0,0.0
112.7,0.0,0.0,25674,0.0,0.0,0.0,0.0
112.71000000000001,0.0,0.0,25674,0.0,0.0,0.0,0.0
112.72,0.0,0.0,25674,0.0,0.0,0.0,0.0
112.73,0.0,0.0,25674,0.0,0.0,0.0,0.0
112.74000000000001,0.0,0.0,25674,0.0,0.0,0.0,0.0
112.75,0.0,0.0,25674,0.0,0.0,0.0,0.0
112.76,0.0,0.0,25674,0.0,0.0,0.0,0.0
112.77,0.0,0.0,25674,0.0,0.0,0.0,0.0
112.78,0.0,0.0,25674,0.0,0.0,0.0,0.0
112.79,0.0,0.0,25674,0.0,0.0,0.0,0.0
112.8,0.0,0.0,25674,0.0,0.0,0.0,0.0
112.81,0.0,0.0,25674,0.0,0.0,0.0,0.0
112.82000000000001,0.0,0.0,25674,0.0,0.0,0.0,0.0
112.83,0.0,0.0,25674,0.0,0.0,0.0,0.0
112.84,0.0,0.0,25674,0.0,0.0,0.0,0.0
112.85000000000001,0.0,0.0,25674,0.0,0.0,0.0,0.0
112.86,0.0,0.0,25674,0.0,0.0,0.0,0.0
112.87,0.0,0.0,25674,0.0,0.0,0.0,0.0
112.88,0.0,0.0,25674,0.0,0.0,0.0,0.0
112.89,0.0,0.0,25674,0.0,0.0,0.0,0.0
112.9,0.0,0.0,25674,0.0,0.0,0.0,0.0
112.91,0.0,0.0,25674,0.0,0.0,0.0,0.0
112.92,0.0,0.0,25674,0.0,0.0,0.0,0.0
112.93,0.0,0.0,25674,0.0,0.0,0.0,0.0
112.94,0.0,0.0,25674,0.0,0.0,0.0,0.0
112.95,0.0,0.0,25674,0.0,0.0,0.0,0.0
112.96000000000001,0.0,0.0,25674,0.0,0.0,0.0,0.0
112.97,0.0,0.0,25674,0.0,0.0,0.0,0.0
112.98,0.0,0.0,25674,0.0,0.0,0.0,0.0
112.99000000000001,0.0,0.0,25674,0.0,0.0,0.0,0.0
113.0,0.0,0.0,25674,0.0,0.0,0.0,0.0
113.01,0.0,0.0,25674,0.0,0.0,0.0,0.0
113.02,0.0,0.0,25674,0.0,0.0,0.0,0.0
113.03,0.0,0.0,25674,0.0,0.0,0.0,0.0
113.04,0.0,0.0,25674,0.0,0.0,0.0,0.0
113.05,0.0,0.0,25674,0.0,0.0,0.0,0.0
113.06,0.0,0.0,25674,0.0,0.0,0.0,0.0
113.07000000000001,0.0,0.0,25674,0.0,0.0,0.0,0.0
113.08,0.0,0.0,25674,0.0,0.0,0.0,0.0
113.09,0.0,0.0,25674,0.0,0.0,0.0,0.0
113.10000000000001,0.0,0.0,25674,0.0,0.0,0.0,0.0
113.11,0.0,0.0,25674,0.0,0.0,0.0,0.0
113.12,0.0,0.0,25674,0.0,0.0,0.0,0.0
113.13,0.0,0.0,25674,0.0,0.0,0.0,0.0
113.14,0.0,0.0,25674,0.0,0.0,0.0,0.0
113.15,0.0,0.0,25674,0.0,0.0,0.0,0.0
113.16,0.0,0.0,25674,0.0,0.0,0.0,0.0
113.17,0.0,0.0,25674,0.0,0.0,0.0,0.0
113.18,0.0,0.0,25674,0.0,0.0,0.0,0.0
113.19,0.0,0.0,25674,0.0,0.0,0.0,0.0
113.2,0.0,0.0,25674,0.0,0.0,0.0,0.0
113.21000000000001,0.0,0.0,25674,0.0,0.0,0.0,0.0
113.22,0.0,0.0,25674,0.0,0.0,0.0,0.0
113.23,0.0,0.0,25674,0.0,0.0,0.0,0.0
113.24000000000001,0.0,0.0,25674,0.0,0.0,0.0,0.0
113.25,0.0,0.0,25674,0.0,0.0,0.0,0.0
113.26,0.0,0.0,25674,0.0,0.0,0.0,0.0
113.27,0.0,0.0,25674,0.0,0.0,0.0,0.0
113.28,0.0,0.0,25674,0.0,0.0,0.0,0.0
113.29,0.0,0.0,25674,0.0,0.0,0.0,0.0
113.3,0.0,0.0,25674,0.0,0.0,0.0,0.0
113.31,0.0,0.0,25674,0.0,0.0,0.0,0.0
113.32000000000001,0.0,0.0,25674,0.0,0.0,0.0,0.0
113.33,0.0,0.0,25674,0.0,0.0,0.0,0.0
113.34,0.0,0.0,25674,0.0,0.0,0.0,0.0
113.35000000000001,0.0,0.0,25674,0.0,0.0,0.0,0.0
113.36,0.0,0.0,25674,0.0,0.0,0.0,0.0
113.37,0.0,0.0,25674,0.0,0.0,0.0,0.0
113.38,0.0,0.0,25674,0.0,0.0,0.0,0.0
113.39,0.0,0.0,25674,0.0,0.0,0.0,0.0
113.4,0.0,0.0,25674,0.0,0.0,0.0,0.0
113.41,0.0,0.0,25674,0.0,0.0,0.0,0.0
113.42,0.0,0.0,25674,0.0,0.0,0.0,0.0
113.43,0.0,0.0,25674,0.0,0.0,0.0,0.0
113.44,0.0,0.0,25674,0.0,0.0,0.0,0.0
113.45,0.0,0.0,25674,0.0,0.0,0.0,0.0
113.46000000000001,0.0,0.0,25674,0.0,0.0,0.0,0.0
113.47,0.0,0.0,25674,0.0,0.0,0.0,0.0
113.48,0.0,0.0,25674,0.0,0.0,0.0,0.0
113.49000000000001,0.0,0.0,25674,0.0,0.0,0.0,0.0
113.5,0.0,0.0,25674,0.0,0.0,0.0,0.0
113.51,0.0,0.0,25674,0.0,0.0,0.0,0.0
113.52,0.0,0.0,25674,0.0,0.0,0.0,0.0
113.53,0.0,0.0,25674,0.0,0.0,0.0,0.0
113.54,0.0,0.0,25674,0.0,0.0,0.0,0.0
113.55,0.0,0.0,25674,0.0,0.0,0.0,0.0
113.56,0.0,0.0,25674,0.0,0.0,0.0,0.0
113.57000000000001,0.0,0.0,25674,0.0,0.0,0.0,0.0
113.58,0.0,0.0,25674,0.0,0.0,0.0,0.0
113.59,0.0,0.0,25674,0.0,0.0,0.0,0.0
113.60000000000001,0.0,0.0,25674,0.0,0.0,0.0,0.0
113.61,0.0,0.0,25674,0.0,0.0,0.0,0.0
113.62,0.0,0.0,25674,0.0,0.0,0.0,0.0
113.63,0.0,0.0,25674,0.0,0.0,0.0,0.0
113.64,0.0,0.0,25674,0.0,0.0,0.0,0.0
113.65,0.0,0.0,25674,0.0,0.0,0.0,0.0
113.66,0.0,0.0,25674,0.0,0.0,0.0,0.0
113.67,0.0,0.0,25674,0.0,0.0,0.0,0.0
113.68,0.0,0.0,25674,0.0,0.0,0.0,0.0
113.69,0.0,0.0,25674,0.0,0.0,0.0,0.0
113.7,0.0,0.0,25674,0.0,0.0,0.0,0.0
113.71000000000001,0.0,0.0,25674,0.0,0.0,0.0,0.0
113.72,0.0,0.0,25674,0.0,0.0,0.0,0.0
113.73,0.0,0.0,25674,0.0,0.0,0.0,0.0
113.74000000000001,0.0,0.0,25674,0.0,0.0,0.0,0.0
113.75,0.0,0.0,25674,0.0,0.0,0.0,0.0
113.76,0.0,0.0,25674,0.0,0.0,0.0,0.0
113.77,0.0,0.0,25674,0.0,0.0,0.0,0.0
113.78,0.0,0.0,25674,0.0,0.0,0.0,0.0
113.79,0.0,0.0,25674,0.0,0.0,0.0,0.0
113.8,0.0,0.0,25674,0.0,0.0,0.0,0.0
113.81,0.0,0.0,25674,0.0,0.0,0.0,0.0
113.82000000000001,0.0,0.0,25674,0.0,0.0,0.0,0.0
113.83,0.0,0.0,25674,0.0,0.0,0.0,0.0
113.84,0.0,0.0,25674,0.0,0.0,0.0,0.0
113.85000000000001,0.0,0.0,25674,0.0,0.0,0.0,0.0
113.86,0.0,0.0,25674,0.0,0.0,0.0,0.0
113.87,0.0,0.0,25674,0.0,0.0,0.0,0.0
113.88,0.0,0.0,25674,0.0,0.0,0.0,0.0
113.89,0.0,0.0,25674,0.0,0.0,0.0,0.0
113.9,0.0,0.0,25674,0.0,0.0,0.0,0.0
113.91,0.0,0.0,25674,0.0,0.0,0.0,0.0
113.92,0.0,0.0,25674,0.0,0.0,0.0,0.0
113.93,0.0,0.0,25674,0.0,0.0,0.0,0.0
113.94,0.0,0.0,25674,0.0,0.0,0.0,0.0
113.95,0.0,0.0,25674,0.0,0.0,0.0,0.0
113.96000000000001,0.0,0.0,25674,0.0,0.0,0.0,0.0
113.97,0.0,0.0,25674,0.0,0.0,0.0,0.0
113.98,0.0,0.0,25674,0.0,0.0,0.0,0.0
113.99000000000001,0.0,0.0,25674,0.0,0.0,0.0,0.0
114.0,0.0,0.0,25674,0.0,0.0,0.0,0.0
114.01,0.0,0.0,25674,0.0,0.0,0.0,0.0
114.02,0.0,0.0,25674,0.0,0.0,0.0,0.0
114.03,0.0,0.0,25674,0.0,0.0,0.0,0.0
114.04,0.0,0.0,25674,0.0,0.0,0.0,0.0
114.05,0.0,0.0,25674,0.0,0.0,0.0,0.0
114.06,0.0,0.0,25674,0.0,0.0,0.0,0.0
114.07000000000001,0.0,0.0,25674,0.0,0.0,0.0,0.0
114.08,0.0,0.0,25674,0.0,0.0,0.0,0.0
114.09,0.0,0.0,25674,0.0,0.0,0.0,0.0
114.10000000000001,0.0,0.0,25674,0.0,0.0,0.0,0.0
114.11,0.0,0.0,25674,0.0,0.0,0.0,0.0
114.12,0.0,0.0,25674,0.0,0.0,0.0,0.0
114.13,0.0,0.0,25674,0.0,0.0,0.0,0.0
114.14,0.0,0.0,25674,0.0,0.0,0.0,0.0
114.15,0.0,0.0,25674,0.0,0.0,0.0,0.0
114.16,0.0,0.0,25674,0.0,0.0,0.0,0.0
114.17,0.0,0.0,25674,0.0,0.0,0.0,0.0
114.18,0.0,0.0,25674,0.0,0.0,0.0,0.0
114.19,0.0,0.0,25674,0.0,0.0,0.0,0.0
114.2,0.0,0.0,25674,0.0,0.0,0.0,0.0
114.21000000000001,0.0,0.0,25674,0.0,0.0,0.0,0.0
114.22,0.0,0.0,25674,0.0,0.0,0.0,0.0
114.23,0.0,0.0,25674,0.0,0.0,0.0,0.0
114.24000000000001,0.0,0.0,25674,0.0,0.0,0.0,0.0
114.25,0.0,0.0,25674,0.0,0.0,0.0,0.0
114.26,0.0,0.0,25674,0.0,0.0,0.0,0.0
114.27,0.0,0.0,25674,0.0,0.0,0.0,0.0
114.28,0.0,0.0,25674,0.0,0.0,0.0,0.0
114.29,0.0,0.0,25674,0.0,0.0,0.0,0.0
114.3,0.0,0.0,25674,0.0,0.0,0.0,0.0
114.31,0.0,0.0,25674,0.0,0.0,0.0,0.0
114.32000000000001,0.0,0.0,25674,0.0,0.0,0.0,0.0
114.33,0.0,0.0,25674,0.0,0.0,0.0,0.0
114.34,0.0,0.0,25674,0.0,0.0,0.0,0.0
114.35000000000001,0.0,0.0,25674,0.0,0.0,0.0,0.0
114.36,0.0,0.0,25674,0.0,0.0,0.0,0.0
114.37,0.0,0.0,25674,0.0,0.0,0.0,0.0
114.38,0.0,0.0,25674,0.0,0.0,0.0,0.0
114.39,0.0,0.0,25674,0.0,0.0,0.0,0.0
114.4,0.0,0.0,25674,0.0,0.0,0.0,0.0
114.41,0.0,0.0,25674,0.0,0.0,0.0,0.0
114.42,0.0,0.0,25674,0.0,0.0,0.0,0.0
114.43,0.0,0.0,25674,0.0,0.0,0.0,0.0
114.44,0.0,0.0,25674,0.0,0.0,0.0,0.0
114.45,0.0,0.0,25674,0.0,0.0,0.0,0.0
114.46000000000001,0.0,0.0,25674,0.0,0.0,0.0,0.0
114.47,0.0,0.0,25674,0.0,0.0,0.0,0.0
114.48,0.0,0.0,25674,0.0,0.0,0.0,0.0
114.49000000000001,0.0,0.0,25674,0.0,0.0,0.0,0.0
114.5,0.0,0.0,25674,0.0,0.0,0.0,0.0
114.51,0.0,0.0,25674,0.0,0.0,0.0,0.0
114.52,0.0,0.0,25674,0.0,0.0,0.0,0.0
114.53,0.0,0.0,25674,0.0,0.0,0.0,0.0
114.54,0.0,0.0,25674,0.0,0.0,0.0,0.0
114.55,0.0,0.0,25674,0.0,0.0,0.0,0.0
114.56,0.0,0.0,25674,0.0,0.0,0.0,0.0
114.57000000000001,0.0,0.0,25674,0.0,0.0,0.0,0.0
114.58,0.0,0.0,25674,0.0,0.0,0.0,0.0
114.59,0.0,0.0,25674,0.0,0.0,0.0,0.0
114.60000000000001,0.0,0.0,25674,0.0,0.0,0.0,0.0
114.61,0.0,0.0,25674,0.0,0.0,0.0,0.0
114.62,0.0,0.0,25674,0.0,0.0,0.0,0.0
114.63,0.0,0.0,25674,0.0,0.0,0.0,0.0
114.64,0.0,0.0,25674,0.0,0.0,0.0,0.0
114.65,0.0,0.0,25674,0.0,0.0,0.0,0.0
114.66,0.0,0.0,25674,0.0,0.0,0.0,0.0
114.67,0.0,0.0,25674,0.0,0.0,0.0,0.0
114.68,0.0,0.0,25674,0.0,0.0,0.0,0.0
114.69,0.0,0.0,25674,0.0,0.0,0.0,0.0
114.7,0.0,0.0,25674,0.0,0.0,0.0,0.0
114.71000000000001,0.0,0.0,25674,0.0,0.0,0.0,0.0
114.72,0.0,0.0,25674,0.0,0.0,0.0,0.0
114.73,0.0,0.0,25674,0.0,0.0,0.0,0.0
114.74000000000001,0.0,0.0,25674,0.0,0.0,0.0,0.0
114.75,0.0,0.0,25674,0.0,0.0,0.0,0.0
114.76,0.0,0.0,25674,0.0,0.0,0.0,0.0
114.77,0.0,0.0,25674,0.0,0.0,0.0,0.0
114.78,0.0,0.0,25674,0.0,0.0,0.0,0.0
114.79,0.0,0.0,25674,0.0,0.0,0.0,0.0
114.8,0.0,0.0,25674,0.0,0.0,0.0,0.0
114.81,0.0,0.0,25674,0.0,0.0,0.0,0.0
114.82000000000001,0.0,0.0,25674,0.0,0.0,0.0,0.0
114.83,0.0,0.0,25674,0.0,0.0,0.0,0.0
114.84,0.0,0.0,25674,0.0,0.0,0.0,0.0
114.85000000000001,0.0,0.0,25674,0.0,0.0,0.0,0.0
114.86,0.0,0.0,25674,0.0,0.0,0.0,0.0
114.87,0.0,0.0,25674,0.0,0.0,0.0,0.0
114.88,0.0,0.0,25674,0.0,0.0,0.0,0.0
114.89,0.0,0.0,25674,0.0,0.0,0.0,0.0
114.9,0.0,0.0,25674,0.0,0.0,0.0,0.0
114.91,0.0,0.0,25674,0.0,0.0,0.0,0.0
114.92,0.0,0.0,25674,0.0,0.0,0.0,0.0
114.93,0.0,0.0,25674,0.0,0.0,0.0,0.0
114.94,0.0,0.0,25674,0.0,0.0,0.0,0.0
114.95,0.0,0.0,25674,0.0,0.0,0.0,0.0
114.96000000000001,0.0,0.0,25674,0.0,0.0,0.0,0.0
114.97,0.0,0.0,25674,0.0,0.0,0.0,0.0
114.98,0.0,0.0,25674,0.0,0.0,0.0,0.0
114.99000000000001,0.0,0.0,25674,0.0,0.0,0.0,0.0
115.0,0.0,0.0,25674,0.0,0.0,0.0,0.0
115.01,0.0,0.0,25674,0.0,0.0,0.0,0.0
115.02,0.0,0.0,25674,0.0,0.0,0.0,0.0
115.03,0.0,0.0,25674,0.0,0.0,0.0,0.0
115.04,0.0,0.0,25674,0.0,0.0,0.0,0.0
115.05,0.0,0.0,25674,0.0,0.0,0.0,0.0
115.06,0.0,0.0,25674,0.0,0.0,0.0,0.0
115.07000000000001,0.0,0.0,25674,0.0,0.0,0.0,0.0
115.08,0.0,0.0,25674,0.0,0.0,0.0,0.0
115.09,0.0,0.0,25674,0.0,0.0,0.0,0.0
115.10000000000001,0.0,0.0,25674,0.0,0.0,0.0,0.0
115.11,0.0,0.0,25674,0.0,0.0,0.0,0.0
115.12,0.0,0.0,25674,0.0,0.0,0.0,0.0
115.13,0.0,0.0,25674,0.0,0.0,0.0,0.0
