elapsed_s,step_index,pwm_percent,loop_period_us,late_us,raw_rpm,filtered_rpm,target_rpm,pwm,error_rpm,intended_mode,intended_fifo,fifo_active,condition
0.010072,-1,20,10072.222000,72.222000,1368.122010,1368.122010,460.000000,819,-908.122010,OpenLoop,NoFIFO,false,OpenLoop_NoFIFO
0.020068,-1,20,9995.611000,67.833000,1406.250000,1373.841208,460.000000,819,-946.250000,OpenLoop,NoFIFO,false,OpenLoop_NoFIFO
0.030062,-1,20,9994.241000,62.074000,1467.803030,1387.935481,460.000000,819,-1007.803030,OpenLoop,NoFIFO,false,OpenLoop_NoFIFO
0.040060,-1,20,9997.981000,60.055000,1441.592262,1395.983999,460.000000,819,-981.592262,OpenLoop,NoFIFO,false,OpenLoop_NoFIFO
0.050062,-1,20,10001.500000,61.555000,1450.224551,1404.120081,460.000000,819,-990.224551,OpenLoop,NoFIFO,false,OpenLoop_NoFIFO
0.060060,-1,20,9998.241000,59.796000,1522.676162,1421.903493,460.000000,819,-1062.676162,OpenLoop,NoFIFO,false,OpenLoop_NoFIFO
0.070061,-1,20,10000.759000,60.555000,1500.750375,1433.730526,460.000000,819,-1040.750375,OpenLoop,NoFIFO,false,OpenLoop_NoFIFO
0.080060,-1,20,9999.944000,60.499000,1496.010638,1443.072543,460.000000,819,-1036.010638,OpenLoop,NoFIFO,false,OpenLoop_NoFIFO
0.090060,-1,20,9999.093000,59.592000,1571.590573,1462.350247,460.000000,819,-1111.590573,OpenLoop,NoFIFO,false,OpenLoop_NoFIFO
0.100060,-1,20,10000.407000,59.999000,1544.441910,1474.663997,460.000000,819,-1084.441910,OpenLoop,NoFIFO,false,OpenLoop_NoFIFO
0.110059,-1,20,9999.333000,59.332000,1533.077304,1483.425993,460.000000,819,-1073.077304,OpenLoop,NoFIFO,false,OpenLoop_NoFIFO
0.120061,-1,20,10001.982000,61.314000,1616.379310,1503.368990,460.000000,819,-1156.379310,OpenLoop,NoFIFO,false,OpenLoop_NoFIFO
0.130061,-1,20,9999.574000,60.888000,1590.568862,1516.448971,460.000000,819,-1130.568862,OpenLoop,NoFIFO,false,OpenLoop_NoFIFO
0.140059,-1,20,9998.611000,59.499000,1571.098049,1524.646333,460.000000,819,-1111.098049,OpenLoop,NoFIFO,false,OpenLoop_NoFIFO
0.150062,-1,20,10002.870000,62.369000,1648.041185,1543.155561,460.000000,819,-1188.041185,OpenLoop,NoFIFO,false,OpenLoop_NoFIFO
0.160060,-1,20,9997.555000,59.924000,1634.638998,1556.878076,460.000000,819,-1174.638998,OpenLoop,NoFIFO,false,OpenLoop_NoFIFO
0.170058,-1,20,9998.074000,57.998000,1605.793451,1564.215382,460.000000,819,-1145.793451,OpenLoop,NoFIFO,false,OpenLoop_NoFIFO
0.180062,-1,20,10004.352000,62.350000,1667.397295,1579.692669,460.000000,819,-1207.397295,OpenLoop,NoFIFO,false,OpenLoop_NoFIFO
0.190060,-1,20,9997.408000,59.758000,1666.562344,1592.723120,460.000000,819,-1206.562344,OpenLoop,NoFIFO,false,OpenLoop_NoFIFO
0.200059,-1,20,9999.092000,58.850000,1640.625000,1599.908402,460.000000,819,-1180.625000,OpenLoop,NoFIFO,false,OpenLoop_NoFIFO
0.210057,-1,20,9998.074000,56.924000,1682.452642,1612.290038,460.000000,819,-1222.452642,OpenLoop,NoFIFO,false,OpenLoop_NoFIFO
0.220065,-1,20,10008.055000,64.979000,1693.426994,1624.460582,460.000000,819,-1233.426994,OpenLoop,NoFIFO,false,OpenLoop_NoFIFO
0.230063,-1,20,9997.926000,62.905000,1667.580409,1630.928556,460.000000,819,-1207.580409,OpenLoop,NoFIFO,false,OpenLoop_NoFIFO
0.240060,-1,20,9997.148000,60.053000,1698.540513,1641.070350,460.000000,819,-1238.540513,OpenLoop,NoFIFO,false,OpenLoop_NoFIFO
0.250061,-1,20,10000.778000,60.831000,1719.535176,1652.840073,460.000000,819,-1259.535176,OpenLoop,NoFIFO,false,OpenLoop_NoFIFO
0.260060,-1,20,9998.759000,59.590000,1693.997525,1659.013691,460.000000,819,-1233.997525,OpenLoop,NoFIFO,false,OpenLoop_NoFIFO
0.270059,-1,20,9999.315000,58.905000,1706.268959,1666.101981,460.000000,819,-1246.268959,OpenLoop,NoFIFO,false,OpenLoop_NoFIFO
0.280059,-1,20,9999.667000,58.572000,1735.242621,1676.473077,460.000000,819,-1275.242621,OpenLoop,NoFIFO,false,OpenLoop_NoFIFO
0.290058,-1,20,9999.870000,58.442000,1711.793397,1681.771125,460.000000,819,-1251.793397,OpenLoop,NoFIFO,false,OpenLoop_NoFIFO
0.300059,-1,20,10000.759000,59.201000,1713.809289,1686.576850,460.000000,819,-1253.809289,OpenLoop,NoFIFO,false,OpenLoop_NoFIFO
0.310060,-1,20,10000.796000,59.997000,1756.656805,1697.088843,460.000000,819,-1296.656805,OpenLoop,NoFIFO,false,OpenLoop_NoFIFO
0.320061,-1,20,10000.963000,60.960000,1729.092976,1701.889463,460.000000,819,-1269.092976,OpenLoop,NoFIFO,false,OpenLoop_NoFIFO
0.330059,-1,20,9998.241000,59.201000,1723.174367,1705.082198,460.000000,819,-1263.174367,OpenLoop,NoFIFO,false,OpenLoop_NoFIFO
0.340060,-1,20,10000.463000,59.664000,1775.218867,1715.602699,460.000000,819,-1315.218867,OpenLoop,NoFIFO,false,OpenLoop_NoFIFO
0.350060,-1,20,10000.092000,59.756000,1745.019620,1720.015237,460.000000,819,-1285.019620,OpenLoop,NoFIFO,false,OpenLoop_NoFIFO
0.360059,-1,20,9999.407000,59.163000,1730.913174,1721.649927,460.000000,819,-1270.913174,OpenLoop,NoFIFO,false,OpenLoop_NoFIFO
0.370058,-1,20,9999.000000,58.163000,1792.903875,1732.338020,460.000000,819,-1332.903875,OpenLoop,NoFIFO,false,OpenLoop_NoFIFO
0.380058,-1,20,9999.611000,57.774000,1762.741217,1736.898499,460.000000,819,-1302.741217,OpenLoop,NoFIFO,false,OpenLoop_NoFIFO
0.390058,-1,20,10000.334000,58.108000,1741.340361,1737.564779,460.000000,819,-1281.340361,OpenLoop,NoFIFO,false,OpenLoop_NoFIFO
0.400058,-1,20,9999.648000,57.756000,1802.884615,1747.362754,460.000000,819,-1342.884615,OpenLoop,NoFIFO,false,OpenLoop_NoFIFO
0.410057,-1,20,9999.722000,57.478000,1778.404553,1752.019024,460.000000,819,-1318.404553,OpenLoop,NoFIFO,false,OpenLoop_NoFIFO
0.420059,-1,20,10001.129000,58.607000,1753.842653,1752.292568,460.000000,819,-1293.842653,OpenLoop,NoFIFO,false,OpenLoop_NoFIFO
0.430059,-1,20,10000.019000,58.626000,1809.129144,1760.818055,460.000000,819,-1349.129144,OpenLoop,NoFIFO,false,OpenLoop_NoFIFO
0.440058,-1,20,9998.944000,57.570000,1789.301858,1765.090625,460.000000,819,-1329.301858,OpenLoop,NoFIFO,false,OpenLoop_NoFIFO
0.450058,-1,20,10000.500000,58.070000,1765.581057,1765.164190,460.000000,819,-1305.581057,OpenLoop,NoFIFO,false,OpenLoop_NoFIFO
0.460057,-1,20,9999.259000,57.329000,1806.674842,1771.390788,460.000000,819,-1346.674842,OpenLoop,NoFIFO,false,OpenLoop_NoFIFO
0.470061,-1,20,10003.815000,61.144000,1801.996057,1775.981578,460.000000,819,-1341.996057,OpenLoop,NoFIFO,false,OpenLoop_NoFIFO
0.480057,-1,20,9996.278000,57.422000,1776.807980,1776.105538,460.000000,819,-1316.807980,OpenLoop,NoFIFO,false,OpenLoop_NoFIFO
0.490069,-1,20,10011.648000,69.070000,1799.289631,1779.583152,460.000000,819,-1339.289631,OpenLoop,NoFIFO,false,OpenLoop_NoFIFO
0.500061,-1,20,9992.222000,61.292000,1814.007291,1784.746773,460.000000,819,-1354.007291,OpenLoop,NoFIFO,false,OpenLoop_NoFIFO
0.510059,-1,20,9997.722000,59.014000,1787.527239,1785.163843,460.000000,819,-1327.527239,OpenLoop,NoFIFO,false,OpenLoop_NoFIFO
0.520063,-1,20,10004.000000,63.014000,1789.481615,1785.811509,460.000000,819,-1329.481615,OpenLoop,NoFIFO,false,OpenLoop_NoFIFO
0.530063,-1,20,9999.889000,62.903000,1823.566085,1791.474695,460.000000,819,-1363.566085,OpenLoop,NoFIFO,false,OpenLoop_NoFIFO
0.540060,-1,20,9996.629000,59.532000,1794.816012,1791.975893,460.000000,819,-1334.816012,OpenLoop,NoFIFO,false,OpenLoop_NoFIFO
0.550059,-1,20,9999.204000,58.736000,1788.590188,1791.468037,460.000000,819,-1328.590188,OpenLoop,NoFIFO,false,OpenLoop_NoFIFO
0.560059,-1,20,10000.426000,59.162000,1833.625878,1797.791713,460.000000,819,-1373.625878,OpenLoop,NoFIFO,false,OpenLoop_NoFIFO
0.570071,-1,20,10011.370000,70.532000,1802.018260,1798.425695,460.000000,819,-1342.018260,OpenLoop,NoFIFO,false,OpenLoop_NoFIFO
0.580061,-1,20,9990.759000,61.291000,1790.201005,1797.191992,460.000000,819,-1330.201005,OpenLoop,NoFIFO,false,OpenLoop_NoFIFO
0.590059,-1,20,9998.148000,59.439000,1835.047076,1802.870254,460.000000,819,-1375.047076,OpenLoop,NoFIFO,false,OpenLoop_NoFIFO
0.600059,-1,20,9999.333000,58.772000,1813.616071,1804.482127,460.000000,819,-1353.616071,OpenLoop,NoFIFO,false,OpenLoop_NoFIFO
0.610059,-1,20,10000.111000,58.883000,1792.002012,1802.610110,460.000000,819,-1332.002012,OpenLoop,NoFIFO,false,OpenLoop_NoFIFO
0.620071,-1,20,10012.426000,71.309000,1836.013056,1807.620552,460.000000,819,-1376.013056,OpenLoop,NoFIFO,false,OpenLoop_NoFIFO
0.630072,-1,20,10000.685000,71.994000,1820.146277,1809.499410,460.000000,819,-1360.146277,OpenLoop,NoFIFO,false,OpenLoop_NoFIFO
0.640071,-1,20,9999.167000,71.161000,1791.823974,1806.848095,460.000000,819,-1331.823974,OpenLoop,NoFIFO,false,OpenLoop_NoFIFO
0.650087,-1,20,10015.537000,86.698000,1841.944562,1812.112565,460.000000,819,-1381.944562,OpenLoop,NoFIFO,false,OpenLoop_NoFIFO
0.660078,-1,20,9991.666000,78.364000,1824.449402,1813.963091,460.000000,819,-1364.449402,OpenLoop,NoFIFO,false,OpenLoop_NoFIFO
0.670074,-1,20,9995.593000,73.957000,1800.986842,1812.016653,460.000000,819,-1340.986842,OpenLoop,NoFIFO,false,OpenLoop_NoFIFO
0.680107,-1,20,10033.314000,107.271000,1837.261653,1815.803403,460.000000,819,-1377.261653,OpenLoop,NoFIFO,false,OpenLoop_NoFIFO
0.690116,-1,20,10008.315000,115.586000,1827.307280,1817.528985,460.000000,819,-1367.307280,OpenLoop,NoFIFO,false,OpenLoop_NoFIFO
0.700123,-1,20,10007.166000,122.752000,1808.375635,1816.155982,460.000000,819,-1348.375635,OpenLoop,NoFIFO,false,OpenLoop_NoFIFO
0.710123,-1,20,10000.463000,123.215000,1829.013378,1818.084592,460.000000,819,-1369.013378,OpenLoop,NoFIFO,false,OpenLoop_NoFIFO
0.720125,-1,20,10002.185000,125.400000,1834.239130,1820.507772,460.000000,819,-1374.239130,OpenLoop,NoFIFO,false,OpenLoop_NoFIFO
0.730128,-1,20,10002.889000,128.289000,1806.972789,1818.477525,460.000000,819,-1346.972789,OpenLoop,NoFIFO,false,OpenLoop_NoFIFO
0.740102,-1,20,9974.019000,102.308000,1830.260304,1820.244942,460.000000,819,-1370.260304,OpenLoop,NoFIFO,false,OpenLoop_NoFIFO
0.750102,-1,20,9999.759000,102.067000,1841.517857,1823.435879,460.000000,819,-1381.517857,OpenLoop,NoFIFO,false,OpenLoop_NoFIFO
0.760093,-1,20,9990.778000,92.845000,1811.818632,1821.693292,460.000000,819,-1351.818632,OpenLoop,NoFIFO,false,OpenLoop_NoFIFO
0.770084,-1,20,9991.592000,84.437000,1824.276222,1822.080732,460.000000,819,-1364.276222,OpenLoop,NoFIFO,false,OpenLoop_NoFIFO
0.780098,-1,20,10014.019000,98.456000,1835.956867,1824.162152,460.000000,819,-1375.956867,OpenLoop,NoFIFO,false,OpenLoop_NoFIFO
0.790108,-1,20,10009.703000,108.159000,1816.494716,1823.012036,460.000000,819,-1356.494716,OpenLoop,NoFIFO,false,OpenLoop_NoFIFO
0.800084,-1,20,9976.334000,84.493000,1815.079404,1821.822142,460.000000,819,-1355.079404,OpenLoop,NoFIFO,false,OpenLoop_NoFIFO
0.810108,-1,20,10023.018000,107.511000,1848.118280,1825.766562,460.000000,819,-1388.118280,OpenLoop,NoFIFO,false,OpenLoop_NoFIFO
0.820091,-1,20,9983.093000,90.604000,1817.930781,1824.591195,460.000000,819,-1357.930781,OpenLoop,NoFIFO,false,OpenLoop_NoFIFO
0.830071,-1,20,9980.407000,71.011000,1809.566090,1822.337429,460.000000,819,-1349.566090,OpenLoop,NoFIFO,false,OpenLoop_NoFIFO
0.840066,-1,20,9994.852000,65.863000,1852.488744,1826.860127,460.000000,819,-1392.488744,OpenLoop,NoFIFO,false,OpenLoop_NoFIFO
0.850062,-1,20,9996.130000,61.993000,1817.930781,1825.520725,460.000000,819,-1357.930781,OpenLoop,NoFIFO,false,OpenLoop_NoFIFO
0.860069,-1,20,10007.500000,69.493000,1809.934018,1823.182719,460.000000,819,-1349.934018,OpenLoop,NoFIFO,false,OpenLoop_NoFIFO
0.870069,-1,20,9999.481000,68.974000,1852.360044,1827.559317,460.000000,819,-1392.360044,OpenLoop,NoFIFO,false,OpenLoop_NoFIFO
0.880079,-1,20,10009.537000,78.511000,1827.307280,1827.521512,460.000000,819,-1367.307280,OpenLoop,NoFIFO,false,OpenLoop_NoFIFO
0.890069,-1,20,9990.593000,69.104000,1804.894113,1824.127402,460.000000,819,-1344.894113,OpenLoop,NoFIFO,false,OpenLoop_NoFIFO
0.900077,-1,20,10007.481000,76.585000,1850.937808,1828.148963,460.000000,819,-1390.937808,OpenLoop,NoFIFO,false,OpenLoop_NoFIFO
0.910087,-1,20,10009.963000,86.548000,1834.777857,1829.143297,460.000000,819,-1374.777857,OpenLoop,NoFIFO,false,OpenLoop_NoFIFO
0.920069,-1,20,9982.592000,69.140000,1804.598384,1825.461560,460.000000,819,-1344.598384,OpenLoop,NoFIFO,false,OpenLoop_NoFIFO
0.930081,-1,20,10011.908000,81.048000,1851.498315,1829.367073,460.000000,819,-1391.498315,OpenLoop,NoFIFO,false,OpenLoop_NoFIFO
0.940069,-1,20,9987.889000,68.937000,1833.230198,1829.946542,460.000000,819,-1373.230198,OpenLoop,NoFIFO,false,OpenLoop_NoFIFO
0.950131,-1,20,10061.888000,130.825000,1810.412317,1827.016408,460.000000,819,-1350.412317,OpenLoop,NoFIFO,false,OpenLoop_NoFIFO
0.960069,-1,20,9937.963000,68.788000,1840.813464,1829.085967,460.000000,819,-1380.813464,OpenLoop,NoFIFO,false,OpenLoop_NoFIFO
0.970072,-1,20,10002.908000,71.696000,1843.398876,1831.232903,460.000000,819,-1383.398876,OpenLoop,NoFIFO,false,OpenLoop_NoFIFO
0.980069,-1,20,9997.166000,68.862000,1812.350835,1828.400593,460.000000,819,-1352.350835,OpenLoop,NoFIFO,false,OpenLoop_NoFIFO
0.990064,-1,20,9994.945000,63.807000,1836.867560,1829.670638,460.000000,819,-1376.867560,OpenLoop,NoFIFO,false,OpenLoop_NoFIFO
1.000074,-1,20,10010.296000,74.103000,1845.472441,1832.040908,460.000000,819,-1385.472441,OpenLoop,NoFIFO,false,OpenLoop_NoFIFO
1.010067,-1,20,9992.611000,66.714000,1812.234795,1829.069991,460.000000,819,-1352.234795,OpenLoop,NoFIFO,false,OpenLoop_NoFIFO
1.020071,-1,20,10004.648000,71.362000,1832.373213,1829.565475,460.000000,819,-1372.373213,OpenLoop,NoFIFO,false,OpenLoop_NoFIFO
1.030071,-1,20,9999.408000,70.770000,1847.246251,1832.217591,460.000000,819,-1387.246251,OpenLoop,NoFIFO,false,OpenLoop_NoFIFO
1.040078,-1,20,10007.388000,78.158000,1822.084665,1830.697652,460.000000,819,-1362.084665,OpenLoop,NoFIFO,false,OpenLoop_NoFIFO
1.050067,-1,20,9988.463000,66.621000,1818.125311,1828.811801,460.000000,819,-1358.125311,OpenLoop,NoFIFO,false,OpenLoop_NoFIFO
1.060073,-1,20,10006.519000,73.140000,1854.599407,1832.679942,460.000000,819,-1394.599407,OpenLoop,NoFIFO,false,OpenLoop_NoFIFO
1.070071,-1,20,9998.185000,71.325000,1821.507624,1831.004094,460.000000,819,-1361.507624,OpenLoop,NoFIFO,false,OpenLoop_NoFIFO
1.080074,-1,20,10002.704000,74.029000,1811.244204,1828.040111,460.000000,819,-1351.244204,OpenLoop,NoFIFO,false,OpenLoop_NoFIFO
1.090087,-1,20,10012.703000,86.732000,1862.422601,1833.197484,460.000000,819,-1402.422601,OpenLoop,NoFIFO,false,OpenLoop_NoFIFO
1.100074,-1,20,9987.056000,73.788000,1828.703704,1832.523417,460.000000,819,-1368.703704,OpenLoop,NoFIFO,false,OpenLoop_NoFIFO
1.110071,-1,20,9997.648000,71.436000,1812.350835,1829.497530,460.000000,819,-1352.350835,OpenLoop,NoFIFO,false,OpenLoop_NoFIFO
1.120067,-1,20,9995.629000,67.065000,1857.171157,1833.648574,460.000000,819,-1397.171157,OpenLoop,NoFIFO,false,OpenLoop_NoFIFO
1.130069,-1,20,10002.149000,69.214000,1837.612525,1834.243167,460.000000,819,-1377.612525,OpenLoop,NoFIFO,false,OpenLoop_NoFIFO
1.140166,-1,20,10096.887000,166.101000,1806.590442,1830.095258,460.000000,819,-1346.590442,OpenLoop,NoFIFO,false,OpenLoop_NoFIFO
1.150075,-1,20,9909.168000,75.269000,1856.166699,1834.005974,460.000000,819,-1396.166699,OpenLoop,NoFIFO,false,OpenLoop_NoFIFO
1.160108,-1,20,10033.166000,108.435000,1839.184306,1834.782724,460.000000,819,-1379.184306,OpenLoop,NoFIFO,false,OpenLoop_NoFIFO
1.170089,-1,20,9980.352000,88.787000,1808.449074,1830.832676,460.000000,819,-1348.449074,OpenLoop,NoFIFO,false,OpenLoop_NoFIFO
1.180150,-1,20,10060.833000,149.620000,1850.452229,1833.775609,460.000000,819,-1390.452229,OpenLoop,NoFIFO,false,OpenLoop_NoFIFO
1.190080,-1,20,9930.204000,79.824000,1841.208410,1834.890529,460.000000,819,-1381.208410,OpenLoop,NoFIFO,false,OpenLoop_NoFIFO
1.200066,-1,20,9986.167000,65.991000,1814.548202,1831.839180,460.000000,819,-1354.548202,OpenLoop,NoFIFO,false,OpenLoop_NoFIFO
1.210070,-1,20,10003.574000,69.565000,1840.462918,1833.132741,460.000000,819,-1380.462918,OpenLoop,NoFIFO,false,OpenLoop_NoFIFO
1.220065,-1,20,9995.741000,65.306000,1846.061735,1835.072090,460.000000,819,-1386.061735,OpenLoop,NoFIFO,false,OpenLoop_NoFIFO
1.230094,-1,20,10028.351000,93.657000,1816.351541,1832.264008,460.000000,819,-1356.351541,OpenLoop,NoFIFO,false,OpenLoop_NoFIFO
1.240120,-1,20,10025.963000,119.620000,1835.236542,1832.709888,460.000000,819,-1375.236542,OpenLoop,NoFIFO,false,OpenLoop_NoFIFO
1.250086,-1,20,9966.185000,85.805000,1852.134146,1835.623527,460.000000,819,-1392.134146,OpenLoop,NoFIFO,false,OpenLoop_NoFIFO
1.260076,-1,20,9989.834000,75.639000,1823.566085,1833.814910,460.000000,819,-1363.566085,OpenLoop,NoFIFO,false,OpenLoop_NoFIFO
1.270073,-1,20,9997.611000,73.250000,1830.161054,1833.266832,460.000000,819,-1370.161054,OpenLoop,NoFIFO,false,OpenLoop_NoFIFO
1.280067,-1,20,9993.815000,67.065000,1849.065061,1835.636566,460.000000,819,-1389.065061,OpenLoop,NoFIFO,false,OpenLoop_NoFIFO
1.290066,-1,20,9998.777000,65.842000,1830.161054,1834.815239,460.000000,819,-1370.161054,OpenLoop,NoFIFO,false,OpenLoop_NoFIFO
1.300068,-1,20,10001.963000,67.805000,1819.029851,1832.447431,460.000000,819,-1359.029851,OpenLoop,NoFIFO,false,OpenLoop_NoFIFO
1.310065,-1,20,9997.056000,64.861000,1859.390304,1836.488862,460.000000,819,-1399.390304,OpenLoop,NoFIFO,false,OpenLoop_NoFIFO
1.320062,-1,20,9997.278000,62.139000,1829.954955,1835.508776,460.000000,819,-1369.954955,OpenLoop,NoFIFO,false,OpenLoop_NoFIFO
1.330063,-1,20,10000.944000,63.083000,1821.507624,1833.408603,460.000000,819,-1361.507624,OpenLoop,NoFIFO,false,OpenLoop_NoFIFO
1.340063,-1,20,9999.592000,62.675000,1854.344016,1836.548915,460.000000,819,-1394.344016,OpenLoop,NoFIFO,false,OpenLoop_NoFIFO
1.350037,-1,20,9974.538000,37.213000,1832.247557,1835.903711,460.000000,819,-1372.247557,OpenLoop,NoFIFO,false,OpenLoop_NoFIFO
1.360064,-1,20,10027.222000,64.435000,1816.860465,1833.047224,460.000000,819,-1356.860465,OpenLoop,NoFIFO,false,OpenLoop_NoFIFO
1.370059,-1,20,9994.185000,58.620000,1855.273046,1836.381098,460.000000,819,-1395.273046,OpenLoop,NoFIFO,false,OpenLoop_NoFIFO
1.380059,-1,20,10000.629000,59.249000,1839.605067,1836.864693,460.000000,819,-1379.605067,OpenLoop,NoFIFO,false,OpenLoop_NoFIFO
1.390059,-1,20,9999.945000,59.194000,1811.935241,1833.125275,460.000000,819,-1351.935241,OpenLoop,NoFIFO,false,OpenLoop_NoFIFO
1.400058,-1,20,9999.074000,58.268000,1855.087166,1836.419559,460.000000,819,-1395.087166,OpenLoop,NoFIFO,false,OpenLoop_NoFIFO
1.410058,-1,20,9999.592000,57.860000,1834.730028,1836.166129,460.000000,819,-1374.730028,OpenLoop,NoFIFO,false,OpenLoop_NoFIFO
1.420059,-1,20,10001.056000,58.916000,1814.516129,1832.918629,460.000000,819,-1354.516129,OpenLoop,NoFIFO,false,OpenLoop_NoFIFO
1.430058,-1,20,9998.963000,57.879000,1850.937808,1835.621506,460.000000,819,-1390.937808,OpenLoop,NoFIFO,false,OpenLoop_NoFIFO
1.440058,-1,20,10000.018000,57.897000,1839.159960,1836.152274,460.000000,819,-1379.159960,OpenLoop,NoFIFO,false,OpenLoop_NoFIFO
1.450058,-1,20,10000.593000,58.490000,1818.125311,1833.448230,460.000000,819,-1358.125311,OpenLoop,NoFIFO,false,OpenLoop_NoFIFO
1.460058,-1,20,9999.352000,57.842000,1842.867944,1834.861187,460.000000,819,-1382.867944,OpenLoop,NoFIFO,false,OpenLoop_NoFIFO
1.470059,-1,20,10000.759000,58.601000,1844.185757,1836.259872,460.000000,819,-1384.185757,OpenLoop,NoFIFO,false,OpenLoop_NoFIFO
1.480058,-1,20,9999.296000,57.897000,1814.516129,1832.998311,460.000000,819,-1354.516129,OpenLoop,NoFIFO,false,OpenLoop_NoFIFO
1.490058,-1,20,10000.333000,58.230000,1841.012085,1834.200377,460.000000,819,-1381.012085,OpenLoop,NoFIFO,false,OpenLoop_NoFIFO
1.500059,-1,20,10000.445000,58.675000,1843.267795,1835.560490,460.000000,819,-1383.267795,OpenLoop,NoFIFO,false,OpenLoop_NoFIFO
1.510059,-1,20,9999.852000,58.527000,1822.657029,1833.624970,460.000000,819,-1362.657029,OpenLoop,NoFIFO,false,OpenLoop_NoFIFO
1.520058,-1,20,9999.796000,58.323000,1831.416914,1833.293762,460.000000,819,-1371.416914,OpenLoop,NoFIFO,false,OpenLoop_NoFIFO
1.530059,-1,20,10000.407000,58.730000,1848.458038,1835.568403,460.000000,819,-1388.458038,OpenLoop,NoFIFO,false,OpenLoop_NoFIFO
1.540057,-1,20,9998.593000,57.323000,1820.841633,1833.359388,460.000000,819,-1360.841633,OpenLoop,NoFIFO,false,OpenLoop_NoFIFO
1.550058,-1,20,10000.814000,58.137000,1823.566085,1831.890392,460.000000,819,-1363.566085,OpenLoop,NoFIFO,false,OpenLoop_NoFIFO
1.560059,-1,20,10001.204000,59.341000,1856.203008,1835.537285,460.000000,819,-1396.203008,OpenLoop,NoFIFO,false,OpenLoop_NoFIFO
1.570058,-1,20,9998.648000,57.989000,1820.841633,1833.332937,460.000000,819,-1360.841633,OpenLoop,NoFIFO,false,OpenLoop_NoFIFO
1.580057,-1,20,9999.445000,57.434000,1819.241431,1831.219211,460.000000,819,-1359.241431,OpenLoop,NoFIFO,false,OpenLoop_NoFIFO
1.590060,-1,20,10003.000000,60.434000,1855.755132,1834.899599,460.000000,819,-1395.755132,OpenLoop,NoFIFO,false,OpenLoop_NoFIFO
1.600061,-1,20,10000.203000,60.637000,1828.125000,1833.883409,460.000000,819,-1368.125000,OpenLoop,NoFIFO,false,OpenLoop_NoFIFO
1.610058,-1,20,9997.833000,58.470000,1811.026091,1830.454812,460.000000,819,-1351.026091,OpenLoop,NoFIFO,false,OpenLoop_NoFIFO
1.620058,-1,20,9999.760000,58.230000,1861.966236,1835.181525,460.000000,819,-1401.966236,OpenLoop,NoFIFO,false,OpenLoop_NoFIFO
1.630061,-1,20,10003.037000,61.267000,1830.871307,1834.534993,460.000000,819,-1370.871307,OpenLoop,NoFIFO,false,OpenLoop_NoFIFO
1.640060,-1,20,9999.129000,60.396000,1809.129144,1830.724115,460.000000,819,-1349.129144,OpenLoop,NoFIFO,false,OpenLoop_NoFIFO
1.650065,-1,20,10004.852000,65.248000,1862.551554,1835.498231,460.000000,819,-1402.551554,OpenLoop,NoFIFO,false,OpenLoop_NoFIFO
1.660060,-1,20,9995.185000,60.433000,1835.228962,1835.457841,460.000000,819,-1375.228962,OpenLoop,NoFIFO,false,OpenLoop_NoFIFO
1.670063,-1,20,10002.296000,62.729000,1814.516129,1832.316584,460.000000,819,-1354.516129,OpenLoop,NoFIFO,false,OpenLoop_NoFIFO
1.680060,-1,20,9997.704000,60.433000,1853.415916,1835.481484,460.000000,819,-1393.415916,OpenLoop,NoFIFO,false,OpenLoop_NoFIFO
1.690059,-1,20,9998.667000,59.100000,1841.939547,1836.450193,460.000000,819,-1381.939547,OpenLoop,NoFIFO,false,OpenLoop_NoFIFO
1.700065,-1,20,10005.500000,64.600000,1810.731774,1832.592430,460.000000,819,-1350.731774,OpenLoop,NoFIFO,false,OpenLoop_NoFIFO
1.710060,-1,20,9995.759000,60.359000,1844.185757,1834.331429,460.000000,819,-1384.185757,OpenLoop,NoFIFO,false,OpenLoop_NoFIFO
1.720058,-1,20,9997.889000,58.248000,1849.712787,1836.638633,460.000000,819,-1389.712787,OpenLoop,NoFIFO,false,OpenLoop_NoFIFO
1.730060,-1,20,10001.759000,60.007000,1814.668175,1833.343064,460.000000,819,-1354.668175,OpenLoop,NoFIFO,false,OpenLoop_NoFIFO
1.740063,-1,20,10003.278000,63.285000,1838.680387,1834.143663,460.000000,819,-1378.680387,OpenLoop,NoFIFO,false,OpenLoop_NoFIFO
1.750059,-1,20,9995.407000,58.692000,1845.104634,1835.787808,460.000000,819,-1385.104634,OpenLoop,NoFIFO,false,OpenLoop_NoFIFO
1.760060,-1,20,10000.907000,59.599000,1818.125311,1833.138434,460.000000,819,-1358.125311,OpenLoop,NoFIFO,false,OpenLoop_NoFIFO
1.770059,-1,20,9999.297000,58.896000,1825.386920,1831.975707,460.000000,819,-1365.386920,OpenLoop,NoFIFO,false,OpenLoop_NoFIFO
1.780058,-1,20,9998.629000,57.525000,1853.415916,1835.191738,460.000000,819,-1393.415916,OpenLoop,NoFIFO,false,OpenLoop_NoFIFO
1.790063,-1,20,10005.630000,63.155000,1821.077195,1833.074557,460.000000,819,-1361.077195,OpenLoop,NoFIFO,false,OpenLoop_NoFIFO
1.800060,-1,20,9996.648000,59.803000,1817.930781,1830.802990,460.000000,819,-1357.930781,OpenLoop,NoFIFO,false,OpenLoop_NoFIFO
1.810059,-1,20,9998.944000,58.747000,1851.562500,1833.916917,460.000000,819,-1391.562500,OpenLoop,NoFIFO,false,OpenLoop_NoFIFO
1.820061,-1,20,10001.982000,60.729000,1820.841633,1831.955624,460.000000,819,-1360.841633,OpenLoop,NoFIFO,false,OpenLoop_NoFIFO
1.830059,-1,20,9997.796000,58.525000,1811.026091,1828.816194,460.000000,819,-1351.026091,OpenLoop,NoFIFO,false,OpenLoop_NoFIFO
1.840059,-1,20,10000.334000,58.859000,1852.488744,1832.367077,460.000000,819,-1392.488744,OpenLoop,NoFIFO,false,OpenLoop_NoFIFO
1.850062,-1,20,10003.388000,62.247000,1829.954955,1832.005258,460.000000,819,-1369.954955,OpenLoop,NoFIFO,false,OpenLoop_NoFIFO
1.860060,-1,20,9997.630000,59.877000,1803.785607,1827.772311,460.000000,819,-1343.785607,OpenLoop,NoFIFO,false,OpenLoop_NoFIFO
1.870059,-1,20,9998.981000,58.858000,1854.344016,1831.758067,460.000000,819,-1394.344016,OpenLoop,NoFIFO,false,OpenLoop_NoFIFO
1.880060,-1,20,10001.371000,60.229000,1828.523109,1831.272823,460.000000,819,-1368.523109,OpenLoop,NoFIFO,false,OpenLoop_NoFIFO
1.890060,-1,20,9999.611000,59.840000,1803.965914,1827.176787,460.000000,819,-1343.965914,OpenLoop,NoFIFO,false,OpenLoop_NoFIFO
1.900061,-1,20,10000.963000,60.803000,1851.562500,1830.834644,460.000000,819,-1391.562500,OpenLoop,NoFIFO,false,OpenLoop_NoFIFO
1.910061,-1,20,9999.944000,60.747000,1832.706767,1831.115462,460.000000,819,-1372.706767,OpenLoop,NoFIFO,false,OpenLoop_NoFIFO
1.920063,-1,20,10002.593000,63.340000,1807.398598,1827.557932,460.000000,819,-1347.398598,OpenLoop,NoFIFO,false,OpenLoop_NoFIFO
1.930067,-1,20,10003.315000,66.655000,1844.564683,1830.108945,460.000000,819,-1384.564683,OpenLoop,NoFIFO,false,OpenLoop_NoFIFO
1.940060,-1,20,9993.833000,60.488000,1840.085556,1831.605437,460.000000,819,-1380.085556,OpenLoop,NoFIFO,false,OpenLoop_NoFIFO
1.950058,-1,20,9997.944000,58.432000,1806.269143,1827.804993,460.000000,819,-1346.269143,OpenLoop,NoFIFO,false,OpenLoop_NoFIFO
1.960061,-1,20,10002.778000,61.210000,1843.451314,1830.151941,460.000000,819,-1383.451314,OpenLoop,NoFIFO,false,OpenLoop_NoFIFO
1.970061,-1,20,10000.278000,61.488000,1837.779156,1831.296023,460.000000,819,-1377.779156,OpenLoop,NoFIFO,false,OpenLoop_NoFIFO
1.980059,-1,20,9997.870000,59.358000,1815.025253,1828.855408,460.000000,819,-1355.025253,OpenLoop,NoFIFO,false,OpenLoop_NoFIFO
1.990059,-1,20,9999.445000,58.803000,1831.788577,1829.295383,460.000000,819,-1371.788577,OpenLoop,NoFIFO,false,OpenLoop_NoFIFO
2.000062,-1,20,10003.315000,62.118000,1844.409789,1831.562544,460.000000,819,-1384.409789,OpenLoop,NoFIFO,false,OpenLoop_NoFIFO
2.010059,-1,20,9996.907000,59.025000,1822.916667,1830.265662,460.000000,819,-1362.916667,OpenLoop,NoFIFO,false,OpenLoop_NoFIFO
2.020063,-1,20,10003.870000,62.895000,1823.301329,1829.221012,460.000000,819,-1363.301329,OpenLoop,NoFIFO,false,OpenLoop_NoFIFO
2.030059,-1,20,9995.667000,58.562000,1847.524002,1831.966461,460.000000,819,-1387.524002,OpenLoop,NoFIFO,false,OpenLoop_NoFIFO
2.040059,-1,20,10000.815000,59.377000,1820.660293,1830.270536,460.000000,819,-1360.660293,OpenLoop,NoFIFO,false,OpenLoop_NoFIFO
2.050059,-1,20,9999.148000,58.525000,1817.402326,1828.340304,460.000000,819,-1357.402326,OpenLoop,NoFIFO,false,OpenLoop_NoFIFO
2.060061,-1,20,10002.778000,61.303000,1850.024667,1831.592959,460.000000,819,-1390.024667,OpenLoop,NoFIFO,false,OpenLoop_NoFIFO
2.070060,-1,20,9998.870000,60.173000,1822.916667,1830.291515,460.000000,819,-1362.916667,OpenLoop,NoFIFO,false,OpenLoop_NoFIFO
2.080059,-1,20,9999.259000,59.432000,1815.417080,1828.060350,460.000000,819,-1355.417080,OpenLoop,NoFIFO,false,OpenLoop_NoFIFO
2.090064,-1,20,10004.204000,63.636000,1846.945137,1830.893068,460.000000,819,-1386.945137,OpenLoop,NoFIFO,false,OpenLoop_NoFIFO
2.100062,-1,20,9997.907000,61.543000,1827.211394,1830.340817,460.000000,819,-1367.211394,OpenLoop,NoFIFO,false,OpenLoop_NoFIFO
2.110059,-1,20,9997.611000,59.154000,1805.409664,1826.601144,460.000000,819,-1345.409664,OpenLoop,NoFIFO,false,OpenLoop_NoFIFO
2.120059,-1,20,9999.538000,58.692000,1854.529748,1830.790434,460.000000,819,-1394.529748,OpenLoop,NoFIFO,false,OpenLoop_NoFIFO
2.130058,-1,20,9999.777000,58.469000,1829.039520,1830.527797,460.000000,819,-1369.039520,OpenLoop,NoFIFO,false,OpenLoop_NoFIFO
2.140059,-1,20,10000.111000,58.580000,1808.234421,1827.183791,460.000000,819,-1348.234421,OpenLoop,NoFIFO,false,OpenLoop_NoFIFO
2.150059,-1,20,10000.167000,58.747000,1853.415916,1831.118610,460.000000,819,-1393.415916,OpenLoop,NoFIFO,false,OpenLoop_NoFIFO
2.160063,-1,20,10003.759000,62.506000,1829.954955,1830.944061,460.000000,819,-1369.954955,OpenLoop,NoFIFO,false,OpenLoop_NoFIFO
2.170074,-1,20,10011.796000,74.302000,1809.845560,1827.779286,460.000000,819,-1349.845560,OpenLoop,NoFIFO,false,OpenLoop_NoFIFO
2.180030,-1,20,9956.186000,30.488000,1847.931705,1830.802149,460.000000,819,-1387.931705,OpenLoop,NoFIFO,false,OpenLoop_NoFIFO
2.190058,-1,20,10027.889000,58.377000,1835.956867,1831.575357,460.000000,819,-1375.956867,OpenLoop,NoFIFO,false,OpenLoop_NoFIFO
2.200059,-1,20,10000.648000,59.025000,1811.753338,1828.602054,460.000000,819,-1351.753338,OpenLoop,NoFIFO,false,OpenLoop_NoFIFO
2.210058,-1,20,9999.389000,58.414000,1837.961584,1830.005983,460.000000,819,-1377.961584,OpenLoop,NoFIFO,false,OpenLoop_NoFIFO
2.220058,-1,20,9999.963000,58.377000,1842.350746,1831.857698,460.000000,819,-1382.350746,OpenLoop,NoFIFO,false,OpenLoop_NoFIFO
2.230059,-1,20,10000.259000,58.636000,1811.026091,1828.732957,460.000000,819,-1351.026091,OpenLoop,NoFIFO,false,OpenLoop_NoFIFO
2.240059,-1,20,10000.389000,59.025000,1834.545911,1829.604900,460.000000,819,-1374.545911,OpenLoop,NoFIFO,false,OpenLoop_NoFIFO
2.250058,-1,20,9998.759000,57.784000,1837.779156,1830.831038,460.000000,819,-1377.779156,OpenLoop,NoFIFO,false,OpenLoop_NoFIFO
2.260058,-1,20,10000.018000,57.802000,1815.580986,1828.543531,460.000000,819,-1355.580986,OpenLoop,NoFIFO,false,OpenLoop_NoFIFO
2.270058,-1,20,9999.741000,57.543000,1825.386920,1828.070039,460.000000,819,-1365.386920,OpenLoop,NoFIFO,false,OpenLoop_NoFIFO
2.280058,-1,20,10000.445000,57.988000,1849.112426,1831.226397,460.000000,819,-1389.112426,OpenLoop,NoFIFO,false,OpenLoop_NoFIFO
2.290058,-1,20,9999.740000,57.728000,1819.029851,1829.396915,460.000000,819,-1359.029851,OpenLoop,NoFIFO,false,OpenLoop_NoFIFO
2.300058,-1,20,10000.074000,57.802000,1817.409366,1827.598783,460.000000,819,-1357.409366,OpenLoop,NoFIFO,false,OpenLoop_NoFIFO
2.310064,-1,20,10006.463000,64.265000,1856.203008,1831.889416,460.000000,819,-1396.203008,OpenLoop,NoFIFO,false,OpenLoop_NoFIFO
2.320060,-1,20,9995.482000,59.747000,1819.029851,1829.960481,460.000000,819,-1359.029851,OpenLoop,NoFIFO,false,OpenLoop_NoFIFO
2.330061,-1,20,10001.703000,61.450000,1812.845304,1827.393205,460.000000,819,-1352.845304,OpenLoop,NoFIFO,false,OpenLoop_NoFIFO
2.340059,-1,20,9997.686000,59.136000,1856.435644,1831.749571,460.000000,819,-1396.435644,OpenLoop,NoFIFO,false,OpenLoop_NoFIFO
2.350061,-1,20,10001.926000,61.062000,1830.871307,1831.617831,460.000000,819,-1370.871307,OpenLoop,NoFIFO,false,OpenLoop_NoFIFO
2.360061,-1,20,10000.092000,61.154000,1808.304108,1828.120773,460.000000,819,-1348.304108,OpenLoop,NoFIFO,false,OpenLoop_NoFIFO
2.370062,-1,20,10000.519000,61.673000,1859.932195,1832.892486,460.000000,819,-1399.932195,OpenLoop,NoFIFO,false,OpenLoop_NoFIFO
2.380059,-1,20,9997.111000,58.784000,1832.523055,1832.837071,460.000000,819,-1372.523055,OpenLoop,NoFIFO,false,OpenLoop_NoFIFO
2.390058,-1,20,9999.444000,58.228000,1805.770963,1828.777155,460.000000,819,-1345.770963,OpenLoop,NoFIFO,false,OpenLoop_NoFIFO
2.400070,-1,20,10012.167000,70.395000,1860.119048,1833.478439,460.000000,819,-1400.119048,OpenLoop,NoFIFO,false,OpenLoop_NoFIFO
2.410064,-1,20,9993.685000,64.080000,1835.047076,1833.713735,460.000000,819,-1375.047076,OpenLoop,NoFIFO,false,OpenLoop_NoFIFO
2.420060,-1,20,9995.741000,59.821000,1811.935241,1830.446961,460.000000,819,-1351.935241,OpenLoop,NoFIFO,false,OpenLoop_NoFIFO
2.430062,-1,20,10001.833000,61.654000,1849.112426,1833.246780,460.000000,819,-1389.112426,OpenLoop,NoFIFO,false,OpenLoop_NoFIFO
2.440060,-1,20,9998.056000,59.710000,1844.185757,1834.887627,460.000000,819,-1384.185757,OpenLoop,NoFIFO,false,OpenLoop_NoFIFO
2.450060,-1,20,10000.037000,59.747000,1809.936315,1831.144930,460.000000,819,-1349.936315,OpenLoop,NoFIFO,false,OpenLoop_NoFIFO
2.460059,-1,20,9999.055000,58.802000,1847.129389,1833.542599,460.000000,819,-1387.129389,OpenLoop,NoFIFO,false,OpenLoop_NoFIFO
2.470059,-1,20,9999.815000,58.617000,1846.945137,1835.552980,460.000000,819,-1386.945137,OpenLoop,NoFIFO,false,OpenLoop_NoFIFO
2.480059,-1,20,10000.111000,58.728000,1814.668175,1832.420259,460.000000,819,-1354.668175,OpenLoop,NoFIFO,false,OpenLoop_NoFIFO
2.490058,-1,20,9999.685000,58.413000,1838.691658,1833.360969,460.000000,819,-1378.691658,OpenLoop,NoFIFO,false,OpenLoop_NoFIFO
2.500061,-1,20,10002.815000,61.228000,1848.201084,1835.586986,460.000000,819,-1388.201084,OpenLoop,NoFIFO,false,OpenLoop_NoFIFO
2.510060,-1,20,9998.333000,59.561000,1821.996466,1833.548408,460.000000,819,-1361.996466,OpenLoop,NoFIFO,false,OpenLoop_NoFIFO
2.520059,-1,20,9999.445000,59.006000,1825.204673,1832.296848,460.000000,819,-1365.204673,OpenLoop,NoFIFO,false,OpenLoop_NoFIFO
2.530059,-1,20,9999.611000,58.617000,1851.747675,1835.214472,460.000000,819,-1391.747675,OpenLoop,NoFIFO,false,OpenLoop_NoFIFO
2.540058,-1,20,9999.833000,58.450000,1819.029851,1832.786779,460.000000,819,-1359.029851,OpenLoop,NoFIFO,false,OpenLoop_NoFIFO
2.550058,-1,20,9999.945000,58.395000,1821.077195,1831.030341,460.000000,819,-1361.077195,OpenLoop,NoFIFO,false,OpenLoop_NoFIFO
2.560060,-1,20,10001.203000,59.598000,1852.766798,1834.290810,460.000000,819,-1392.766798,OpenLoop,NoFIFO,false,OpenLoop_NoFIFO
2.570066,-1,20,10006.852000,66.450000,1826.298701,1833.091993,460.000000,819,-1366.298701,OpenLoop,NoFIFO,false,OpenLoop_NoFIFO
2.580061,-1,20,9994.167000,60.617000,1814.367957,1830.283388,460.000000,819,-1354.367957,OpenLoop,NoFIFO,false,OpenLoop_NoFIFO
2.590059,-1,20,9998.370000,58.987000,1851.377362,1833.447484,460.000000,819,-1391.377362,OpenLoop,NoFIFO,false,OpenLoop_NoFIFO
2.600059,-1,20,9999.685000,58.672000,1830.138152,1832.951084,460.000000,819,-1370.138152,OpenLoop,NoFIFO,false,OpenLoop_NoFIFO
2.610058,-1,20,9999.612000,58.284000,1805.590295,1828.846966,460.000000,819,-1345.590295,OpenLoop,NoFIFO,false,OpenLoop_NoFIFO
2.620058,-1,20,9999.277000,57.561000,1858.065730,1833.229781,460.000000,819,-1398.065730,OpenLoop,NoFIFO,false,OpenLoop_NoFIFO
2.630060,-1,20,10002.556000,60.117000,1831.788577,1833.013600,460.000000,819,-1371.788577,OpenLoop,NoFIFO,false,OpenLoop_NoFIFO
2.640068,-1,20,10007.666000,67.783000,1808.602008,1829.351861,460.000000,819,-1348.602008,OpenLoop,NoFIFO,false,OpenLoop_NoFIFO
2.650060,-1,20,9992.556000,60.339000,1852.488744,1832.822394,460.000000,819,-1392.488744,OpenLoop,NoFIFO,false,OpenLoop_NoFIFO
2.660059,-1,20,9998.667000,59.006000,1835.466867,1833.219065,460.000000,819,-1375.466867,OpenLoop,NoFIFO,false,OpenLoop_NoFIFO
2.670059,-1,20,9999.907000,58.913000,1812.845304,1830.163001,460.000000,819,-1352.845304,OpenLoop,NoFIFO,false,OpenLoop_NoFIFO
2.680059,-1,20,9999.945000,58.858000,1844.002091,1832.238864,460.000000,819,-1384.002091,OpenLoop,NoFIFO,false,OpenLoop_NoFIFO
2.690059,-1,20,10000.388000,59.246000,1845.288519,1834.196313,460.000000,819,-1385.288519,OpenLoop,NoFIFO,false,OpenLoop_NoFIFO
2.700059,-1,20,9999.408000,58.654000,1813.756281,1831.130308,460.000000,819,-1353.756281,OpenLoop,NoFIFO,false,OpenLoop_NoFIFO
2.710059,-1,20,9999.963000,58.617000,1842.350746,1832.813374,460.000000,819,-1382.350746,OpenLoop,NoFIFO,false,OpenLoop_NoFIFO
2.720057,-1,20,9998.777000,57.394000,1842.682189,1834.293696,460.000000,819,-1382.682189,OpenLoop,NoFIFO,false,OpenLoop_NoFIFO
2.730059,-1,20,10001.112000,58.506000,1819.210867,1832.031272,460.000000,819,-1359.210867,OpenLoop,NoFIFO,false,OpenLoop_NoFIFO
2.740057,-1,20,9998.092000,56.598000,1837.311558,1832.823315,460.000000,819,-1377.311558,OpenLoop,NoFIFO,false,OpenLoop_NoFIFO
2.750062,-1,20,10004.926000,61.524000,1845.104634,1834.665512,460.000000,819,-1385.104634,OpenLoop,NoFIFO,false,OpenLoop_NoFIFO
2.760061,-1,20,9999.333000,60.857000,1826.298701,1833.410491,460.000000,819,-1366.298701,OpenLoop,NoFIFO,false,OpenLoop_NoFIFO
2.770058,-1,20,9997.556000,58.413000,1826.298701,1832.343722,460.000000,819,-1366.298701,OpenLoop,NoFIFO,false,OpenLoop_NoFIFO
2.780058,-1,20,9999.704000,58.117000,1851.562500,1835.226539,460.000000,819,-1391.562500,OpenLoop,NoFIFO,false,OpenLoop_NoFIFO
2.790059,-1,20,10000.685000,58.802000,1821.748879,1833.204890,460.000000,819,-1361.748879,OpenLoop,NoFIFO,false,OpenLoop_NoFIFO
2.800060,-1,20,10000.926000,59.728000,1825.098571,1831.988942,460.000000,819,-1365.098571,OpenLoop,NoFIFO,false,OpenLoop_NoFIFO
2.810059,-1,20,9999.741000,59.469000,1851.265823,1834.880474,460.000000,819,-1391.265823,OpenLoop,NoFIFO,false,OpenLoop_NoFIFO
2.820063,-1,20,10003.222000,62.691000,1827.801086,1833.818566,460.000000,819,-1367.801086,OpenLoop,NoFIFO,false,OpenLoop_NoFIFO
2.830060,-1,20,9997.592000,60.283000,1817.409366,1831.357186,460.000000,819,-1357.409366,OpenLoop,NoFIFO,false,OpenLoop_NoFIFO
2.840060,-1,20,9999.352000,59.635000,1855.273046,1834.944565,460.000000,819,-1395.273046,OpenLoop,NoFIFO,false,OpenLoop_NoFIFO
2.850062,-1,20,10002.389000,62.024000,1832.706767,1834.608895,460.000000,819,-1372.706767,OpenLoop,NoFIFO,false,OpenLoop_NoFIFO
2.860060,-1,20,9998.204000,60.228000,1809.934018,1830.907664,460.000000,819,-1349.934018,OpenLoop,NoFIFO,false,OpenLoop_NoFIFO
2.870060,-1,20,9999.759000,59.987000,1858.998494,1835.121288,460.000000,819,-1398.998494,OpenLoop,NoFIFO,false,OpenLoop_NoFIFO
2.880060,-1,20,9999.963000,59.950000,1825.386920,1833.661133,460.000000,819,-1365.386920,OpenLoop,NoFIFO,false,OpenLoop_NoFIFO
2.890059,-1,20,9999.537000,59.487000,1811.935241,1830.402249,460.000000,819,-1351.935241,OpenLoop,NoFIFO,false,OpenLoop_NoFIFO
2.900060,-1,20,10000.482000,59.969000,1853.230407,1833.826473,460.000000,819,-1393.230407,OpenLoop,NoFIFO,false,OpenLoop_NoFIFO
2.910060,-1,20,9999.537000,59.506000,1833.411724,1833.764260,460.000000,819,-1373.411724,OpenLoop,NoFIFO,false,OpenLoop_NoFIFO
2.920062,-1,20,10002.352000,61.858000,1808.234421,1829.934785,460.000000,819,-1348.234421,OpenLoop,NoFIFO,false,OpenLoop_NoFIFO
2.930060,-1,20,9997.852000,59.710000,1846.590909,1832.433203,460.000000,819,-1386.590909,OpenLoop,NoFIFO,false,OpenLoop_NoFIFO
2.940060,-1,20,10000.018000,59.728000,1833.230198,1832.552752,460.000000,819,-1373.230198,OpenLoop,NoFIFO,false,OpenLoop_NoFIFO
2.950059,-1,20,9999.593000,59.321000,1804.687500,1828.372965,460.000000,819,-1344.687500,OpenLoop,NoFIFO,false,OpenLoop_NoFIFO
2.960061,-1,20,10001.889000,61.210000,1846.590909,1831.105656,460.000000,819,-1386.590909,OpenLoop,NoFIFO,false,OpenLoop_NoFIFO
2.970060,-1,20,9998.333000,59.543000,1836.434868,1831.905038,460.000000,819,-1376.434868,OpenLoop,NoFIFO,false,OpenLoop_NoFIFO
2.980060,-1,20,10000.537000,60.080000,1812.845304,1829.046078,460.000000,819,-1352.845304,OpenLoop,NoFIFO,false,OpenLoop_NoFIFO
2.990060,-1,20,9999.741000,59.821000,1837.311558,1830.285900,460.000000,819,-1377.311558,OpenLoop,NoFIFO,false,OpenLoop_NoFIFO
3.000060,-1,20,9999.833000,59.654000,1844.185757,1832.370878,460.000000,819,-1384.185757,OpenLoop,NoFIFO,false,OpenLoop_NoFIFO
3.010060,-1,20,10000.297000,59.951000,1813.756281,1829.578689,460.000000,819,-1353.756281,OpenLoop,NoFIFO,false,OpenLoop_NoFIFO
3.020061,-1,20,10000.981000,60.932000,1831.054688,1829.800089,460.000000,819,-1371.054688,OpenLoop,NoFIFO,false,OpenLoop_NoFIFO
3.030060,-1,20,9999.204000,60.136000,1850.637181,1832.925653,460.000000,819,-1390.637181,OpenLoop,NoFIFO,false,OpenLoop_NoFIFO
3.040059,-1,20,9999.074000,59.210000,1818.141749,1830.708067,460.000000,819,-1358.141749,OpenLoop,NoFIFO,false,OpenLoop_NoFIFO
3.050060,-1,20,10000.352000,59.562000,1826.481167,1830.074032,460.000000,819,-1366.481167,OpenLoop,NoFIFO,false,OpenLoop_NoFIFO
3.060060,-1,20,10000.092000,59.654000,1850.637181,1833.158504,460.000000,819,-1390.637181,OpenLoop,NoFIFO,false,OpenLoop_NoFIFO
3.070059,-1,20,9999.704000,59.358000,1824.476048,1831.856136,460.000000,819,-1364.476048,OpenLoop,NoFIFO,false,OpenLoop_NoFIFO
3.080060,-1,20,10000.519000,59.877000,1813.616071,1829.120126,460.000000,819,-1353.616071,OpenLoop,NoFIFO,false,OpenLoop_NoFIFO
3.090062,-1,20,10001.777000,61.654000,1860.119048,1833.769964,460.000000,819,-1400.119048,OpenLoop,NoFIFO,false,OpenLoop_NoFIFO
3.100062,-1,20,10000.038000,61.692000,1828.809497,1833.025894,460.000000,819,-1368.809497,OpenLoop,NoFIFO,false,OpenLoop_NoFIFO
3.110037,-1,20,9975.629000,37.321000,1803.965914,1828.666897,460.000000,819,-1343.965914,OpenLoop,NoFIFO,false,OpenLoop_NoFIFO
3.120061,-1,20,10023.185000,60.506000,1860.866834,1833.496888,460.000000,819,-1400.866834,OpenLoop,NoFIFO,false,OpenLoop_NoFIFO
3.130060,-1,20,9999.982000,60.488000,1832.323107,1833.320821,460.000000,819,-1372.323107,OpenLoop,NoFIFO,false,OpenLoop_NoFIFO
3.140061,-1,20,10000.074000,60.562000,1808.304108,1829.568314,460.000000,819,-1348.304108,OpenLoop,NoFIFO,false,OpenLoop_NoFIFO
3.150059,-1,20,9998.148000,58.710000,1852.766798,1833.048087,460.000000,819,-1392.766798,OpenLoop,NoFIFO,false,OpenLoop_NoFIFO
3.160059,-1,20,10000.130000,58.840000,1837.311558,1833.687607,460.000000,819,-1377.311558,OpenLoop,NoFIFO,false,OpenLoop_NoFIFO
3.170059,-1,20,10000.130000,58.970000,1806.493994,1829.608565,460.000000,819,-1346.493994,OpenLoop,NoFIFO,false,OpenLoop_NoFIFO
3.180062,-1,20,10003.074000,62.044000,1846.024427,1832.070944,460.000000,819,-1386.024427,OpenLoop,NoFIFO,false,OpenLoop_NoFIFO
3.190060,-1,20,9997.703000,59.747000,1844.185757,1833.888166,460.000000,819,-1384.185757,OpenLoop,NoFIFO,false,OpenLoop_NoFIFO
3.200059,-1,20,9999.000000,58.747000,1809.129144,1830.174313,460.000000,819,-1349.129144,OpenLoop,NoFIFO,false,OpenLoop_NoFIFO
3.210059,-1,20,9999.760000,58.507000,1840.085556,1831.660999,460.000000,819,-1380.085556,OpenLoop,NoFIFO,false,OpenLoop_NoFIFO
3.220068,-1,20,10009.148000,67.655000,1838.680387,1832.713908,460.000000,819,-1378.680387,OpenLoop,NoFIFO,false,OpenLoop_NoFIFO
3.230060,-1,20,9992.463000,60.118000,1812.716906,1829.714357,460.000000,819,-1352.716906,OpenLoop,NoFIFO,false,OpenLoop_NoFIFO
3.240059,-1,20,9999.204000,59.322000,1829.954955,1829.750447,460.000000,819,-1369.954955,OpenLoop,NoFIFO,false,OpenLoop_NoFIFO
3.250059,-1,20,9999.296000,58.618000,1846.024427,1832.191544,460.000000,819,-1386.024427,OpenLoop,NoFIFO,false,OpenLoop_NoFIFO
3.260059,-1,20,9999.944000,58.562000,1816.494716,1829.837020,460.000000,819,-1356.494716,OpenLoop,NoFIFO,false,OpenLoop_NoFIFO
3.270058,-1,20,9999.741000,58.303000,1822.657029,1828.760021,460.000000,819,-1362.657029,OpenLoop,NoFIFO,false,OpenLoop_NoFIFO
3.280059,-1,20,10000.463000,58.766000,1846.945137,1831.487789,460.000000,819,-1386.945137,OpenLoop,NoFIFO,false,OpenLoop_NoFIFO
3.290067,-1,20,10008.241000,67.007000,1816.860465,1829.293690,460.000000,819,-1356.860465,OpenLoop,NoFIFO,false,OpenLoop_NoFIFO
3.300061,-1,20,9994.444000,61.451000,1816.860465,1827.428706,460.000000,819,-1356.860465,OpenLoop,NoFIFO,false,OpenLoop_NoFIFO
3.310064,-1,20,10002.593000,64.044000,1851.851852,1831.092178,460.000000,819,-1391.851852,OpenLoop,NoFIFO,false,OpenLoop_NoFIFO
3.320060,-1,20,9995.963000,60.007000,1829.039520,1830.784279,460.000000,819,-1369.039520,OpenLoop,NoFIFO,false,OpenLoop_NoFIFO
3.330062,-1,20,10001.667000,61.674000,1811.935241,1827.956924,460.000000,819,-1351.935241,OpenLoop,NoFIFO,false,OpenLoop_NoFIFO
3.340060,-1,20,9997.944000,59.618000,1853.415916,1831.775772,460.000000,819,-1393.415916,OpenLoop,NoFIFO,false,OpenLoop_NoFIFO
3.350061,-1,20,10001.574000,61.192000,1833.740831,1832.070531,460.000000,819,-1373.740831,OpenLoop,NoFIFO,false,OpenLoop_NoFIFO
3.360060,-1,20,9998.778000,59.970000,1809.210526,1828.641531,460.000000,819,-1349.210526,OpenLoop,NoFIFO,false,OpenLoop_NoFIFO
3.370059,-1,20,9999.000000,58.970000,1858.998494,1833.195075,460.000000,819,-1398.998494,OpenLoop,NoFIFO,false,OpenLoop_NoFIFO
3.380061,-1,20,10001.574000,60.544000,1832.706767,1833.121829,460.000000,819,-1372.706767,OpenLoop,NoFIFO,false,OpenLoop_NoFIFO
3.390063,-1,20,10002.019000,62.563000,1813.616071,1830.195965,460.000000,819,-1353.616071,OpenLoop,NoFIFO,false,OpenLoop_NoFIFO
3.400060,-1,20,9997.407000,59.970000,1851.562500,1833.400945,460.000000,819,-1391.562500,OpenLoop,NoFIFO,false,OpenLoop_NoFIFO
3.410062,-1,20,10001.778000,61.748000,1841.012085,1834.542616,460.000000,819,-1381.012085,OpenLoop,NoFIFO,false,OpenLoop_NoFIFO
3.420059,-1,20,9996.852000,58.600000,1812.591777,1831.249990,460.000000,819,-1352.591777,OpenLoop,NoFIFO,false,OpenLoop_NoFIFO
3.430061,-1,20,10002.741000,61.341000,1848.118280,1833.780234,460.000000,819,-1388.118280,OpenLoop,NoFIFO,false,OpenLoop_NoFIFO
3.440060,-1,20,9998.351000,59.692000,1841.434610,1834.928390,460.000000,819,-1381.434610,OpenLoop,NoFIFO,false,OpenLoop_NoFIFO
3.450059,-1,20,9999.223000,58.915000,1813.756281,1831.752574,460.000000,819,-1353.756281,OpenLoop,NoFIFO,false,OpenLoop_NoFIFO
3.460057,-1,20,9998.463000,57.378000,1846.024427,1833.893352,460.000000,819,-1386.024427,OpenLoop,NoFIFO,false,OpenLoop_NoFIFO
3.470058,-1,20,10000.926000,58.304000,1839.422313,1834.722696,460.000000,819,-1379.422313,OpenLoop,NoFIFO,false,OpenLoop_NoFIFO
3.480058,-1,20,9999.944000,58.248000,1820.342445,1832.565658,460.000000,819,-1360.342445,OpenLoop,NoFIFO,false,OpenLoop_NoFIFO
3.490058,-1,20,10000.056000,58.304000,1831.788577,1832.449096,460.000000,819,-1371.788577,OpenLoop,NoFIFO,false,OpenLoop_NoFIFO
3.500058,-1,20,9999.981000,58.285000,1844.185757,1834.209595,460.000000,819,-1384.185757,OpenLoop,NoFIFO,false,OpenLoop_NoFIFO
3.510058,-1,20,9999.741000,58.026000,1817.221670,1831.661406,460.000000,819,-1357.221670,OpenLoop,NoFIFO,false,OpenLoop_NoFIFO
3.520077,-1,20,10018.944000,76.970000,1827.801086,1831.082358,460.000000,819,-1367.801086,OpenLoop,NoFIFO,false,OpenLoop_NoFIFO
3.530067,-1,20,9990.204000,67.174000,1849.688474,1833.873276,460.000000,819,-1389.688474,OpenLoop,NoFIFO,false,OpenLoop_NoFIFO
3.540065,-1,20,9998.278000,65.452000,1819.029851,1831.646762,460.000000,819,-1359.029851,OpenLoop,NoFIFO,false,OpenLoop_NoFIFO
3.550063,-1,20,9997.389000,62.841000,1823.043267,1830.356238,460.000000,819,-1363.043267,OpenLoop,NoFIFO,false,OpenLoop_NoFIFO
3.560066,-1,20,10003.296000,66.137000,1845.104634,1832.568497,460.000000,819,-1385.104634,OpenLoop,NoFIFO,false,OpenLoop_NoFIFO
3.570062,-1,20,9995.445000,61.582000,1822.404035,1831.043828,460.000000,819,-1362.404035,OpenLoop,NoFIFO,false,OpenLoop_NoFIFO
3.580061,-1,20,9999.703000,61.285000,1812.591777,1828.276020,460.000000,819,-1352.591777,OpenLoop,NoFIFO,false,OpenLoop_NoFIFO
3.590062,-1,20,10000.686000,61.971000,1854.344016,1832.186220,460.000000,819,-1394.344016,OpenLoop,NoFIFO,false,OpenLoop_NoFIFO
3.600061,-1,20,9998.833000,60.804000,1822.657029,1830.756841,460.000000,819,-1362.657029,OpenLoop,NoFIFO,false,OpenLoop_NoFIFO
3.610075,-1,20,10013.741000,74.545000,1810.819071,1827.766175,460.000000,819,-1350.819071,OpenLoop,NoFIFO,false,OpenLoop_NoFIFO
3.620076,-1,20,10001.129000,75.674000,1856.486003,1832.074150,460.000000,819,-1396.486003,OpenLoop,NoFIFO,false,OpenLoop_NoFIFO
3.630060,-1,20,9984.000000,59.674000,1824.658150,1830.961750,460.000000,819,-1364.658150,OpenLoop,NoFIFO,false,OpenLoop_NoFIFO
3.640063,-1,20,10003.223000,62.897000,1809.129144,1827.686859,460.000000,819,-1349.129144,OpenLoop,NoFIFO,false,OpenLoop_NoFIFO
3.650062,-1,20,9998.870000,61.767000,1853.142423,1831.505193,460.000000,819,-1393.142423,OpenLoop,NoFIFO,false,OpenLoop_NoFIFO
3.660059,-1,20,9997.111000,58.878000,1836.388749,1832.237727,460.000000,819,-1376.388749,OpenLoop,NoFIFO,false,OpenLoop_NoFIFO
3.670061,-1,20,10002.334000,61.212000,1808.234421,1828.637231,460.000000,819,-1348.234421,OpenLoop,NoFIFO,false,OpenLoop_NoFIFO
3.680059,-1,20,9998.240000,59.452000,1851.562500,1832.076021,460.000000,819,-1391.562500,OpenLoop,NoFIFO,false,OpenLoop_NoFIFO
3.690058,-1,20,9998.519000,57.971000,1841.012085,1833.416431,460.000000,819,-1381.012085,OpenLoop,NoFIFO,false,OpenLoop_NoFIFO
3.700060,-1,20,10002.055000,60.026000,1810.024752,1829.907679,460.000000,819,-1350.024752,OpenLoop,NoFIFO,false,OpenLoop_NoFIFO
3.710058,-1,20,9997.501000,57.527000,1847.866766,1832.601542,460.000000,819,-1387.866766,OpenLoop,NoFIFO,false,OpenLoop_NoFIFO
3.720060,-1,20,10002.240000,59.767000,1841.434610,1833.926502,460.000000,819,-1381.434610,OpenLoop,NoFIFO,false,OpenLoop_NoFIFO
3.730060,-1,20,9999.797000,59.564000,1816.318927,1831.285366,460.000000,819,-1356.318927,OpenLoop,NoFIFO,false,OpenLoop_NoFIFO
3.740059,-1,20,9999.018000,58.582000,1834.545911,1831.774448,460.000000,819,-1374.545911,OpenLoop,NoFIFO,false,OpenLoop_NoFIFO
3.750063,-1,20,10004.389000,62.971000,1850.637181,1834.603858,460.000000,819,-1390.637181,OpenLoop,NoFIFO,false,OpenLoop_NoFIFO
3.760060,-1,20,9997.130000,60.101000,1815.417080,1831.725841,460.000000,819,-1355.417080,OpenLoop,NoFIFO,false,OpenLoop_NoFIFO
3.770062,-1,20,10001.722000,61.823000,1829.039520,1831.322893,460.000000,819,-1369.039520,OpenLoop,NoFIFO,false,OpenLoop_NoFIFO
3.780060,-1,20,9998.593000,60.416000,1847.866766,1833.804474,460.000000,819,-1387.866766,OpenLoop,NoFIFO,false,OpenLoop_NoFIFO
3.790059,-1,20,9998.926000,59.342000,1816.318927,1831.181642,460.000000,819,-1356.318927,OpenLoop,NoFIFO,false,OpenLoop_NoFIFO
3.800061,-1,20,10001.333000,60.675000,1819.935291,1829.494689,460.000000,819,-1359.935291,OpenLoop,NoFIFO,false,OpenLoop_NoFIFO
3.810059,-1,20,9998.500000,59.175000,1850.637181,1832.666063,460.000000,819,-1390.637181,OpenLoop,NoFIFO,false,OpenLoop_NoFIFO
3.820059,-1,20,9999.556000,58.731000,1825.386920,1831.574192,460.000000,819,-1365.386920,OpenLoop,NoFIFO,false,OpenLoop_NoFIFO
3.830059,-1,20,10000.092000,58.823000,1806.493994,1827.812162,460.000000,819,-1346.493994,OpenLoop,NoFIFO,false,OpenLoop_NoFIFO
3.840058,-1,20,9999.500000,58.323000,1855.273046,1831.931295,460.000000,819,-1395.273046,OpenLoop,NoFIFO,false,OpenLoop_NoFIFO
3.850058,-1,20,9999.538000,57.861000,1822.657029,1830.540155,460.000000,819,-1362.657029,OpenLoop,NoFIFO,false,OpenLoop_NoFIFO
3.860065,-1,20,10007.240000,65.101000,1806.402439,1826.919497,460.000000,819,-1346.402439,OpenLoop,NoFIFO,false,OpenLoop_NoFIFO
3.870060,-1,20,9995.352000,60.453000,1855.273046,1831.172530,460.000000,819,-1395.273046,OpenLoop,NoFIFO,false,OpenLoop_NoFIFO
3.880060,-1,20,9999.704000,60.157000,1829.039520,1830.852578,460.000000,819,-1369.039520,OpenLoop,NoFIFO,false,OpenLoop_NoFIFO
3.890060,-1,20,9999.519000,59.676000,1805.590295,1827.063236,460.000000,819,-1345.590295,OpenLoop,NoFIFO,false,OpenLoop_NoFIFO
3.900065,-1,20,10005.796000,65.472000,1848.930086,1830.343263,460.000000,819,-1388.930086,OpenLoop,NoFIFO,false,OpenLoop_NoFIFO
3.910061,-1,20,9995.278000,60.750000,1836.573237,1831.277759,460.000000,819,-1376.573237,OpenLoop,NoFIFO,false,OpenLoop_NoFIFO
3.920032,-1,20,9971.463000,32.213000,1801.880223,1826.868129,460.000000,819,-1341.880223,OpenLoop,NoFIFO,false,OpenLoop_NoFIFO
3.930071,-1,20,10039.092000,71.305000,1843.898104,1829.422625,460.000000,819,-1383.898104,OpenLoop,NoFIFO,false,OpenLoop_NoFIFO
3.940061,-1,20,9989.482000,60.787000,1838.235294,1830.744525,460.000000,819,-1378.235294,OpenLoop,NoFIFO,false,OpenLoop_NoFIFO
3.950059,-1,20,9997.778000,58.565000,1808.950129,1827.475366,460.000000,819,-1348.950129,OpenLoop,NoFIFO,false,OpenLoop_NoFIFO
3.960058,-1,20,9999.667000,58.232000,1843.983256,1829.951549,460.000000,819,-1383.983256,OpenLoop,NoFIFO,false,OpenLoop_NoFIFO
3.970059,-1,20,10001.000000,59.232000,1841.846758,1831.735831,460.000000,819,-1381.846758,OpenLoop,NoFIFO,false,OpenLoop_NoFIFO
3.980059,-1,20,9999.370000,58.602000,1819.241431,1829.861671,460.000000,819,-1359.241431,OpenLoop,NoFIFO,false,OpenLoop_NoFIFO
3.990063,-1,20,10004.722000,63.324000,1831.416914,1830.094957,460.000000,819,-1371.416914,OpenLoop,NoFIFO,false,OpenLoop_NoFIFO
4.000060,-1,20,9996.871000,60.195000,1849.393020,1832.989667,460.000000,819,-1389.393020,OpenLoop,NoFIFO,false,OpenLoop_NoFIFO
4.010059,-1,20,9998.611000,58.806000,1819.029851,1830.895694,460.000000,819,-1359.029851,OpenLoop,NoFIFO,false,OpenLoop_NoFIFO
4.020059,-1,20,10000.296000,59.102000,1831.788577,1831.029627,460.000000,819,-1371.788577,OpenLoop,NoFIFO,false,OpenLoop_NoFIFO
4.030058,-1,20,9999.315000,58.417000,1850.637181,1833.970760,460.000000,819,-1390.637181,OpenLoop,NoFIFO,false,OpenLoop_NoFIFO
4.040064,-1,20,10005.426000,63.843000,1828.703704,1833.180702,460.000000,819,-1368.703704,OpenLoop,NoFIFO,false,OpenLoop_NoFIFO
4.050061,-1,20,9997.463000,61.306000,1825.386920,1832.011634,460.000000,819,-1365.386920,OpenLoop,NoFIFO,false,OpenLoop_NoFIFO
4.060059,-1,20,9997.278000,58.584000,1848.789316,1834.528286,460.000000,819,-1388.789316,OpenLoop,NoFIFO,false,OpenLoop_NoFIFO
4.070059,-1,20,9999.963000,58.547000,1830.871307,1833.979740,460.000000,819,-1370.871307,OpenLoop,NoFIFO,false,OpenLoop_NoFIFO
4.080058,-1,20,9999.908000,58.455000,1813.756281,1830.946221,460.000000,819,-1353.756281,OpenLoop,NoFIFO,false,OpenLoop_NoFIFO
4.090058,-1,20,9999.926000,58.381000,1859.196827,1835.183812,460.000000,819,-1399.196827,OpenLoop,NoFIFO,false,OpenLoop_NoFIFO
4.100058,-1,20,9999.907000,58.288000,1829.039520,1834.262168,460.000000,819,-1369.039520,OpenLoop,NoFIFO,false,OpenLoop_NoFIFO
4.110058,-1,20,10000.056000,58.344000,1817.409366,1831.734248,460.000000,819,-1357.409366,OpenLoop,NoFIFO,false,OpenLoop_NoFIFO
4.120058,-1,20,9999.685000,58.029000,1853.415916,1834.986498,460.000000,819,-1393.415916,OpenLoop,NoFIFO,false,OpenLoop_NoFIFO
4.130061,-1,20,10003.148000,61.177000,1831.949194,1834.530902,460.000000,819,-1371.949194,OpenLoop,NoFIFO,false,OpenLoop_NoFIFO
4.140057,-1,20,9996.167000,57.344000,1811.026091,1831.005181,460.000000,819,-1351.026091,OpenLoop,NoFIFO,false,OpenLoop_NoFIFO
4.150061,-1,20,10004.074000,61.418000,1854.344016,1834.506006,460.000000,819,-1394.344016,OpenLoop,NoFIFO,false,OpenLoop_NoFIFO
4.160059,-1,20,9997.278000,58.696000,1836.388749,1834.788417,460.000000,819,-1376.388749,OpenLoop,NoFIFO,false,OpenLoop_NoFIFO
4.170064,-1,20,10005.074000,63.770000,1810.024752,1831.073868,460.000000,819,-1350.024752,OpenLoop,NoFIFO,false,OpenLoop_NoFIFO
4.180062,-1,20,9997.852000,61.622000,1853.682650,1834.465185,460.000000,819,-1393.682650,OpenLoop,NoFIFO,false,OpenLoop_NoFIFO
4.190060,-1,20,9998.704000,60.326000,1831.788577,1834.063694,460.000000,819,-1371.788577,OpenLoop,NoFIFO,false,OpenLoop_NoFIFO
4.200061,-1,20,10000.963000,61.289000,1813.574013,1830.990242,460.000000,819,-1353.574013,OpenLoop,NoFIFO,false,OpenLoop_NoFIFO
4.210069,-1,20,10007.444000,68.733000,1847.241453,1833.427923,460.000000,819,-1387.241453,OpenLoop,NoFIFO,false,OpenLoop_NoFIFO
4.220061,-1,20,9992.463000,61.196000,1840.942563,1834.555119,460.000000,819,-1380.942563,OpenLoop,NoFIFO,false,OpenLoop_NoFIFO
4.230060,-1,20,9998.815000,60.011000,1818.324937,1832.120592,460.000000,819,-1358.324937,OpenLoop,NoFIFO,false,OpenLoop_NoFIFO
4.240060,-1,20,9999.982000,59.993000,1835.956867,1832.696033,460.000000,819,-1375.956867,OpenLoop,NoFIFO,false,OpenLoop_NoFIFO
4.250060,-1,20,9999.740000,59.733000,1845.104634,1834.557323,460.000000,819,-1385.104634,OpenLoop,NoFIFO,false,OpenLoop_NoFIFO
4.260060,-1,20,9999.926000,59.659000,1814.516129,1831.551144,460.000000,819,-1354.516129,OpenLoop,NoFIFO,false,OpenLoop_NoFIFO
4.270063,-1,20,10003.778000,63.437000,1834.545911,1832.000359,460.000000,819,-1374.545911,OpenLoop,NoFIFO,false,OpenLoop_NoFIFO
4.280061,-1,20,9997.186000,60.623000,1846.024427,1834.103969,460.000000,819,-1386.024427,OpenLoop,NoFIFO,false,OpenLoop_NoFIFO
4.290060,-1,20,9999.037000,59.660000,1822.916667,1832.425874,460.000000,819,-1362.916667,OpenLoop,NoFIFO,false,OpenLoop_NoFIFO
4.300060,-1,20,9999.889000,59.549000,1824.199507,1831.191919,460.000000,819,-1364.199507,OpenLoop,NoFIFO,false,OpenLoop_NoFIFO
4.310063,-1,20,10003.759000,63.308000,1854.344016,1834.664733,460.000000,819,-1394.344016,OpenLoop,NoFIFO,false,OpenLoop_NoFIFO
4.320060,-1,20,9996.593000,59.901000,1825.204673,1833.245724,460.000000,819,-1365.204673,OpenLoop,NoFIFO,false,OpenLoop_NoFIFO
4.330060,-1,20,10000.018000,59.919000,1818.109289,1830.975259,460.000000,819,-1358.109289,OpenLoop,NoFIFO,false,OpenLoop_NoFIFO
4.340059,-1,20,9999.371000,59.290000,1862.738934,1835.739810,460.000000,819,-1402.738934,OpenLoop,NoFIFO,false,OpenLoop_NoFIFO
4.350060,-1,20,10000.759000,60.049000,1827.211394,1834.460548,460.000000,819,-1367.211394,OpenLoop,NoFIFO,false,OpenLoop_NoFIFO
4.360061,-1,20,10001.444000,61.493000,1818.125311,1832.010262,460.000000,819,-1358.125311,OpenLoop,NoFIFO,false,OpenLoop_NoFIFO
4.370060,-1,20,9998.760000,60.253000,1859.932195,1836.198552,460.000000,819,-1399.932195,OpenLoop,NoFIFO,false,OpenLoop_NoFIFO
4.380060,-1,20,10000.092000,60.345000,1836.388749,1836.227082,460.000000,819,-1376.388749,OpenLoop,NoFIFO,false,OpenLoop_NoFIFO
4.390059,-1,20,9998.963000,59.308000,1809.934018,1832.283122,460.000000,819,-1349.934018,OpenLoop,NoFIFO,false,OpenLoop_NoFIFO
4.400061,-1,20,10001.241000,60.549000,1862.738934,1836.851494,460.000000,819,-1402.738934,OpenLoop,NoFIFO,false,OpenLoop_NoFIFO
4.410058,-1,20,9997.352000,57.901000,1836.867560,1836.853904,460.000000,819,-1376.867560,OpenLoop,NoFIFO,false,OpenLoop_NoFIFO
4.420061,-1,20,10002.611000,60.512000,1809.210526,1832.707397,460.000000,819,-1349.210526,OpenLoop,NoFIFO,false,OpenLoop_NoFIFO
4.430067,-1,20,10006.926000,67.438000,1858.998494,1836.651062,460.000000,819,-1398.998494,OpenLoop,NoFIFO,false,OpenLoop_NoFIFO
4.440060,-1,20,9992.778000,60.216000,1838.743094,1836.964866,460.000000,819,-1378.743094,OpenLoop,NoFIFO,false,OpenLoop_NoFIFO
4.450059,-1,20,9998.815000,59.031000,1816.494716,1833.894344,460.000000,819,-1356.494716,OpenLoop,NoFIFO,false,OpenLoop_NoFIFO
4.460059,-1,20,9999.593000,58.624000,1840.942563,1834.951577,460.000000,819,-1380.942563,OpenLoop,NoFIFO,false,OpenLoop_NoFIFO
4.470059,-1,20,10000.111000,58.735000,1845.658758,1836.557654,460.000000,819,-1385.658758,OpenLoop,NoFIFO,false,OpenLoop_NoFIFO
4.480064,-1,20,10005.018000,63.753000,1815.257353,1833.362609,460.000000,819,-1355.257353,OpenLoop,NoFIFO,false,OpenLoop_NoFIFO
4.490059,-1,20,9995.408000,59.161000,1833.625878,1833.402099,460.000000,819,-1373.625878,OpenLoop,NoFIFO,false,OpenLoop_NoFIFO
4.500068,-1,20,10009.111000,68.272000,1851.231107,1836.076450,460.000000,819,-1391.231107,OpenLoop,NoFIFO,false,OpenLoop_NoFIFO
4.510061,-1,20,9992.500000,60.772000,1817.221670,1833.248233,460.000000,819,-1357.221670,OpenLoop,NoFIFO,false,OpenLoop_NoFIFO
4.520063,-1,20,10002.167000,62.939000,1830.511616,1832.837741,460.000000,819,-1370.511616,OpenLoop,NoFIFO,false,OpenLoop_NoFIFO
4.530060,-1,20,9996.907000,59.846000,1847.524002,1835.040680,460.000000,819,-1387.524002,OpenLoop,NoFIFO,false,OpenLoop_NoFIFO
4.540059,-1,20,9999.074000,58.920000,1821.748879,1833.046910,460.000000,819,-1361.748879,OpenLoop,NoFIFO,false,OpenLoop_NoFIFO
4.550059,-1,20,9999.612000,58.532000,1817.221670,1830.673124,460.000000,819,-1357.221670,OpenLoop,NoFIFO,false,OpenLoop_NoFIFO
4.560058,-1,20,9999.963000,58.495000,1857.133902,1834.642240,460.000000,819,-1397.133902,OpenLoop,NoFIFO,false,OpenLoop_NoFIFO
4.570068,-1,20,10009.852000,68.347000,1823.667147,1832.995976,460.000000,819,-1363.667147,OpenLoop,NoFIFO,false,OpenLoop_NoFIFO
4.580058,-1,20,9990.148000,58.495000,1810.960246,1829.690617,460.000000,819,-1350.960246,OpenLoop,NoFIFO,false,OpenLoop_NoFIFO
4.590059,-1,20,10000.852000,59.347000,1859.196827,1834.116548,460.000000,819,-1399.196827,OpenLoop,NoFIFO,false,OpenLoop_NoFIFO
4.600059,-1,20,9999.185000,58.532000,1827.801086,1833.169229,460.000000,819,-1367.801086,OpenLoop,NoFIFO,false,OpenLoop_NoFIFO
4.610059,-1,20,10000.056000,58.588000,1809.210526,1829.575424,460.000000,819,-1349.210526,OpenLoop,NoFIFO,false,OpenLoop_NoFIFO
4.620058,-1,20,9999.703000,58.291000,1854.344016,1833.290712,460.000000,819,-1394.344016,OpenLoop,NoFIFO,false,OpenLoop_NoFIFO
4.630062,-1,20,10003.426000,61.717000,1840.085556,1834.309939,460.000000,819,-1380.085556,OpenLoop,NoFIFO,false,OpenLoop_NoFIFO
4.640061,-1,20,9999.334000,61.051000,1809.129144,1830.532820,460.000000,819,-1349.129144,OpenLoop,NoFIFO,false,OpenLoop_NoFIFO
4.650059,-1,20,9998.444000,59.495000,1854.344016,1834.104499,460.000000,819,-1394.344016,OpenLoop,NoFIFO,false,OpenLoop_NoFIFO
4.660059,-1,20,9999.408000,58.903000,1840.085556,1835.001658,460.000000,819,-1380.085556,OpenLoop,NoFIFO,false,OpenLoop_NoFIFO
4.670058,-1,20,9999.592000,58.495000,1811.026091,1831.405323,460.000000,819,-1351.026091,OpenLoop,NoFIFO,false,OpenLoop_NoFIFO
4.680061,-1,20,10002.908000,61.403000,1851.562500,1834.428899,460.000000,819,-1391.562500,OpenLoop,NoFIFO,false,OpenLoop_NoFIFO
4.690060,-1,20,9998.833000,60.236000,1842.751843,1835.677341,460.000000,819,-1382.751843,OpenLoop,NoFIFO,false,OpenLoop_NoFIFO
4.700060,-1,20,9999.297000,59.533000,1820.841633,1833.451985,460.000000,819,-1360.841633,OpenLoop,NoFIFO,false,OpenLoop_NoFIFO
4.710060,-1,20,10000.740000,60.273000,1841.939547,1834.725119,460.000000,819,-1381.939547,OpenLoop,NoFIFO,false,OpenLoop_NoFIFO
4.720065,-1,20,10004.760000,65.033000,1851.851852,1837.294129,460.000000,819,-1391.851852,OpenLoop,NoFIFO,false,OpenLoop_NoFIFO
4.730061,-1,20,9995.815000,60.848000,1821.996466,1834.999480,460.000000,819,-1361.996466,OpenLoop,NoFIFO,false,OpenLoop_NoFIFO
4.740059,-1,20,9997.759000,58.607000,1841.434610,1835.964749,460.000000,819,-1381.434610,OpenLoop,NoFIFO,false,OpenLoop_NoFIFO
4.750059,-1,20,10000.333000,58.940000,1850.937808,1838.210708,460.000000,819,-1390.937808,OpenLoop,NoFIFO,false,OpenLoop_NoFIFO
4.760059,-1,20,9999.871000,58.811000,1827.211394,1836.560811,460.000000,819,-1367.211394,OpenLoop,NoFIFO,false,OpenLoop_NoFIFO
4.770059,-1,20,9999.926000,58.737000,1835.466867,1836.396719,460.000000,819,-1375.466867,OpenLoop,NoFIFO,false,OpenLoop_NoFIFO
4.780059,-1,20,10000.148000,58.885000,1852.203647,1838.767759,460.000000,819,-1392.203647,OpenLoop,NoFIFO,false,OpenLoop_NoFIFO
4.790059,-1,20,9999.833000,58.718000,1834.138187,1838.073323,460.000000,819,-1374.138187,OpenLoop,NoFIFO,false,OpenLoop_NoFIFO
4.800051,-1,20,9992.075000,50.793000,1823.456950,1835.880867,460.000000,819,-1363.456950,OpenLoop,NoFIFO,false,OpenLoop_NoFIFO
4.810061,-1,20,10009.889000,60.682000,1861.042184,1839.655065,460.000000,819,-1401.042184,OpenLoop,NoFIFO,false,OpenLoop_NoFIFO
4.820058,-1,20,9997.555000,58.237000,1831.416914,1838.419342,460.000000,819,-1371.416914,OpenLoop,NoFIFO,false,OpenLoop_NoFIFO
4.830058,-1,20,9999.908000,58.145000,1823.566085,1836.191353,460.000000,819,-1363.566085,OpenLoop,NoFIFO,false,OpenLoop_NoFIFO
4.840059,-1,20,10000.444000,58.589000,1858.275520,1839.503978,460.000000,819,-1398.275520,OpenLoop,NoFIFO,false,OpenLoop_NoFIFO
4.850058,-1,20,9999.834000,58.423000,1837.311558,1839.175115,460.000000,819,-1377.311558,OpenLoop,NoFIFO,false,OpenLoop_NoFIFO
4.860058,-1,20,9999.685000,58.108000,1819.029851,1836.153326,460.000000,819,-1359.029851,OpenLoop,NoFIFO,false,OpenLoop_NoFIFO
4.870058,-1,20,9999.945000,58.053000,1859.932195,1839.720156,460.000000,819,-1399.932195,OpenLoop,NoFIFO,false,OpenLoop_NoFIFO
4.880057,-1,20,9999.333000,57.386000,1840.519384,1839.840040,460.000000,819,-1380.519384,OpenLoop,NoFIFO,false,OpenLoop_NoFIFO
4.890058,-1,20,10000.371000,57.757000,1816.318927,1836.311873,460.000000,819,-1356.318927,OpenLoop,NoFIFO,false,OpenLoop_NoFIFO
4.900058,-1,20,9999.777000,57.534000,1862.738934,1840.275932,460.000000,819,-1402.738934,OpenLoop,NoFIFO,false,OpenLoop_NoFIFO
4.910058,-1,20,10000.408000,57.942000,1838.691658,1840.038291,460.000000,819,-1378.691658,OpenLoop,NoFIFO,false,OpenLoop_NoFIFO
4.920063,-1,20,10005.537000,63.479000,1819.935291,1837.022841,460.000000,819,-1359.935291,OpenLoop,NoFIFO,false,OpenLoop_NoFIFO
4.930060,-1,20,9996.389000,59.868000,1854.344016,1839.621017,460.000000,819,-1394.344016,OpenLoop,NoFIFO,false,OpenLoop_NoFIFO
4.940059,-1,20,9999.445000,59.313000,1845.658758,1840.526679,460.000000,819,-1385.658758,OpenLoop,NoFIFO,false,OpenLoop_NoFIFO
4.950059,-1,20,10000.018000,59.331000,1819.935291,1837.437970,460.000000,819,-1359.935291,OpenLoop,NoFIFO,false,OpenLoop_NoFIFO
4.960060,-1,20,10000.241000,59.572000,1851.562500,1839.556650,460.000000,819,-1391.562500,OpenLoop,NoFIFO,false,OpenLoop_NoFIFO
4.970060,-1,20,10000.796000,60.368000,1846.024427,1840.526816,460.000000,819,-1386.024427,OpenLoop,NoFIFO,false,OpenLoop_NoFIFO
4.980061,-1,20,10000.538000,60.906000,1821.748879,1837.710126,460.000000,819,-1361.748879,OpenLoop,NoFIFO,false,OpenLoop_NoFIFO
4.990059,-1,20,9998.426000,59.332000,1845.658758,1838.902421,460.000000,819,-1385.658758,OpenLoop,NoFIFO,false,OpenLoop_NoFIFO
5.000060,-1,20,10000.944000,60.276000,1849.712787,1840.523976,460.000000,819,-1389.712787,OpenLoop,NoFIFO,false,OpenLoop_NoFIFO
5.010061,-1,20,10000.389000,60.665000,1828.125000,1838.664129,460.000000,819,-1368.125000,OpenLoop,NoFIFO,false,OpenLoop_NoFIFO
5.020061,-1,20,9999.926000,60.591000,1835.047076,1838.121571,460.000000,819,-1375.047076,OpenLoop,NoFIFO,false,OpenLoop_NoFIFO
5.030060,-1,20,9999.111000,59.702000,1859.932195,1841.393165,460.000000,819,-1399.932195,OpenLoop,NoFIFO,false,OpenLoop_NoFIFO
5.040059,-1,20,9999.686000,59.388000,1826.298701,1839.128995,460.000000,819,-1366.298701,OpenLoop,NoFIFO,false,OpenLoop_NoFIFO
5.050060,-1,20,10000.129000,59.517000,1832.706767,1838.165661,460.000000,819,-1372.706767,OpenLoop,NoFIFO,false,OpenLoop_NoFIFO
5.060060,-1,20,10000.112000,59.629000,1862.738934,1841.851652,460.000000,819,-1402.738934,OpenLoop,NoFIFO,false,OpenLoop_NoFIFO
5.070059,-1,20,9999.481000,59.110000,1833.230198,1840.558434,460.000000,819,-1373.230198,OpenLoop,NoFIFO,false,OpenLoop_NoFIFO
5.080059,-1,20,10000.204000,59.314000,1823.837797,1838.050338,460.000000,819,-1363.837797,OpenLoop,NoFIFO,false,OpenLoop_NoFIFO
5.090061,-1,20,10001.778000,61.092000,1866.600299,1842.332832,460.000000,819,-1406.600299,OpenLoop,NoFIFO,false,OpenLoop_NoFIFO
5.100065,-1,20,10004.352000,65.444000,1839.136832,1841.853432,460.000000,819,-1379.136832,OpenLoop,NoFIFO,false,OpenLoop_NoFIFO
5.110061,-1,20,9995.370000,60.814000,1818.848871,1838.402748,460.000000,819,-1358.848871,OpenLoop,NoFIFO,false,OpenLoop_NoFIFO
5.120059,-1,20,9998.574000,59.388000,1871.444256,1843.358974,460.000000,819,-1411.444256,OpenLoop,NoFIFO,false,OpenLoop_NoFIFO
5.130060,-1,20,10000.334000,59.722000,1839.605067,1842.795888,460.000000,819,-1379.605067,OpenLoop,NoFIFO,false,OpenLoop_NoFIFO
5.140059,-1,20,9999.519000,59.241000,1820.158850,1839.400332,460.000000,819,-1360.158850,OpenLoop,NoFIFO,false,OpenLoop_NoFIFO
5.150065,-1,20,10005.518000,64.759000,1863.954345,1843.083434,460.000000,819,-1403.954345,OpenLoop,NoFIFO,false,OpenLoop_NoFIFO
5.160061,-1,20,9995.908000,60.667000,1846.024427,1843.524583,460.000000,819,-1386.024427,OpenLoop,NoFIFO,false,OpenLoop_NoFIFO
5.170061,-1,20,10000.037000,60.704000,1814.516129,1839.173315,460.000000,819,-1354.516129,OpenLoop,NoFIFO,false,OpenLoop_NoFIFO
5.180060,-1,20,9998.907000,59.611000,1863.676397,1842.848777,460.000000,819,-1403.676397,OpenLoop,NoFIFO,false,OpenLoop_NoFIFO
5.190059,-1,20,9999.871000,59.482000,1846.945137,1843.463231,460.000000,819,-1386.945137,OpenLoop,NoFIFO,false,OpenLoop_NoFIFO
5.200059,-1,20,9999.796000,59.278000,1819.935291,1839.934040,460.000000,819,-1359.935291,OpenLoop,NoFIFO,false,OpenLoop_NoFIFO
5.210059,-1,20,9999.778000,59.056000,1855.273046,1842.234891,460.000000,819,-1395.273046,OpenLoop,NoFIFO,false,OpenLoop_NoFIFO
5.220069,-1,20,10010.056000,69.112000,1851.911237,1843.686343,460.000000,819,-1391.911237,OpenLoop,NoFIFO,false,OpenLoop_NoFIFO
5.230062,-1,20,9992.574000,61.686000,1823.301329,1840.628591,460.000000,819,-1363.301329,OpenLoop,NoFIFO,false,OpenLoop_NoFIFO
5.240059,-1,20,9997.722000,59.408000,1846.945137,1841.576073,460.000000,819,-1386.945137,OpenLoop,NoFIFO,false,OpenLoop_NoFIFO
5.250059,-1,20,9999.556000,58.964000,1860.866834,1844.469687,460.000000,819,-1400.866834,OpenLoop,NoFIFO,false,OpenLoop_NoFIFO
5.260059,-1,20,9999.778000,58.742000,1824.476048,1841.470641,460.000000,819,-1364.476048,OpenLoop,NoFIFO,false,OpenLoop_NoFIFO
5.270058,-1,20,9999.648000,58.390000,1841.012085,1841.401858,460.000000,819,-1381.012085,OpenLoop,NoFIFO,false,OpenLoop_NoFIFO
5.280059,-1,20,10000.167000,58.557000,1858.275520,1843.932907,460.000000,819,-1398.275520,OpenLoop,NoFIFO,false,OpenLoop_NoFIFO
5.290059,-1,20,10000.092000,58.649000,1832.706767,1842.248986,460.000000,819,-1372.706767,OpenLoop,NoFIFO,false,OpenLoop_NoFIFO
5.300058,-1,20,9999.630000,58.279000,1831.788577,1840.679925,460.000000,819,-1371.788577,OpenLoop,NoFIFO,false,OpenLoop_NoFIFO
5.310060,-1,20,10001.815000,60.094000,1864.869843,1844.308412,460.000000,819,-1404.869843,OpenLoop,NoFIFO,false,OpenLoop_NoFIFO
5.320062,-1,20,10002.389000,62.483000,1835.466867,1842.982181,460.000000,819,-1375.466867,OpenLoop,NoFIFO,false,OpenLoop_NoFIFO
5.330060,-1,20,9997.685000,60.168000,1826.116272,1840.452294,460.000000,819,-1366.116272,OpenLoop,NoFIFO,false,OpenLoop_NoFIFO
5.340059,-1,20,9998.575000,58.743000,1865.742140,1844.245771,460.000000,819,-1405.742140,OpenLoop,NoFIFO,false,OpenLoop_NoFIFO
5.350059,-1,20,9999.759000,58.502000,1837.779156,1843.275779,460.000000,819,-1377.779156,OpenLoop,NoFIFO,false,OpenLoop_NoFIFO
5.360059,-1,20,10000.222000,58.724000,1821.507624,1840.010556,460.000000,819,-1361.507624,OpenLoop,NoFIFO,false,OpenLoop_NoFIFO
5.370059,-1,20,10000.574000,59.298000,1864.614804,1843.701193,460.000000,819,-1404.614804,OpenLoop,NoFIFO,false,OpenLoop_NoFIFO
5.380061,-1,20,10001.889000,61.187000,1846.024427,1844.049678,460.000000,819,-1386.024427,OpenLoop,NoFIFO,false,OpenLoop_NoFIFO
5.390059,-1,20,9998.241000,59.428000,1815.580986,1839.779374,460.000000,819,-1355.580986,OpenLoop,NoFIFO,false,OpenLoop_NoFIFO
5.400059,-1,20,9999.389000,58.817000,1865.671642,1843.663214,460.000000,819,-1405.671642,OpenLoop,NoFIFO,false,OpenLoop_NoFIFO
5.410059,-1,20,9999.871000,58.688000,1842.350746,1843.466344,460.000000,819,-1382.350746,OpenLoop,NoFIFO,false,OpenLoop_NoFIFO
5.420058,-1,20,9999.759000,58.447000,1818.086003,1839.659293,460.000000,819,-1358.086003,OpenLoop,NoFIFO,false,OpenLoop_NoFIFO
5.430059,-1,20,10000.259000,58.706000,1858.275520,1842.451727,460.000000,819,-1398.275520,OpenLoop,NoFIFO,false,OpenLoop_NoFIFO
5.440059,-1,20,9999.797000,58.503000,1850.937808,1843.724639,460.000000,819,-1390.937808,OpenLoop,NoFIFO,false,OpenLoop_NoFIFO
5.450059,-1,20,10000.130000,58.633000,1828.125000,1841.384693,460.000000,819,-1368.125000,OpenLoop,NoFIFO,false,OpenLoop_NoFIFO
5.460058,-1,20,9999.629000,58.262000,1847.524002,1842.305590,460.000000,819,-1387.524002,OpenLoop,NoFIFO,false,OpenLoop_NoFIFO
5.470059,-1,20,10000.241000,58.503000,1858.275520,1844.701079,460.000000,819,-1398.275520,OpenLoop,NoFIFO,false,OpenLoop_NoFIFO
5.480058,-1,20,9999.593000,58.096000,1827.211394,1842.077627,460.000000,819,-1367.211394,OpenLoop,NoFIFO,false,OpenLoop_NoFIFO
5.490058,-1,20,10000.352000,58.448000,1845.658758,1842.614796,460.000000,819,-1385.658758,OpenLoop,NoFIFO,false,OpenLoop_NoFIFO
5.500059,-1,20,10000.130000,58.578000,1858.275520,1844.963905,460.000000,819,-1398.275520,OpenLoop,NoFIFO,false,OpenLoop_NoFIFO
5.510058,-1,20,9999.833000,58.411000,1836.388749,1843.677632,460.000000,819,-1376.388749,OpenLoop,NoFIFO,false,OpenLoop_NoFIFO
5.520058,-1,20,9999.870000,58.281000,1837.311558,1842.722721,460.000000,819,-1377.311558,OpenLoop,NoFIFO,false,OpenLoop_NoFIFO
5.530059,-1,20,10000.223000,58.504000,1859.196827,1845.193836,460.000000,819,-1399.196827,OpenLoop,NoFIFO,false,OpenLoop_NoFIFO
5.540058,-1,20,9999.759000,58.263000,1835.047076,1843.671822,460.000000,819,-1375.047076,OpenLoop,NoFIFO,false,OpenLoop_NoFIFO
5.550059,-1,20,10000.334000,58.597000,1829.039520,1841.476977,460.000000,819,-1369.039520,OpenLoop,NoFIFO,false,OpenLoop_NoFIFO
5.560058,-1,20,9999.611000,58.208000,1864.743909,1844.967017,460.000000,819,-1404.743909,OpenLoop,NoFIFO,false,OpenLoop_NoFIFO
5.570059,-1,20,10001.055000,59.263000,1836.388749,1843.680277,460.000000,819,-1376.388749,OpenLoop,NoFIFO,false,OpenLoop_NoFIFO
5.580058,-1,20,9998.964000,58.227000,1826.298701,1841.073040,460.000000,819,-1366.298701,OpenLoop,NoFIFO,false,OpenLoop_NoFIFO
5.590058,-1,20,9999.963000,58.190000,1858.065730,1843.621944,460.000000,819,-1398.065730,OpenLoop,NoFIFO,false,OpenLoop_NoFIFO
5.600058,-1,20,10000.074000,58.264000,1840.519384,1843.156560,460.000000,819,-1380.519384,OpenLoop,NoFIFO,false,OpenLoop_NoFIFO
5.610059,-1,20,10000.259000,58.523000,1816.318927,1839.130915,460.000000,819,-1356.318927,OpenLoop,NoFIFO,false,OpenLoop_NoFIFO
5.620058,-1,20,9999.519000,58.042000,1864.743909,1842.972864,460.000000,819,-1404.743909,OpenLoop,NoFIFO,false,OpenLoop_NoFIFO
5.630058,-1,20,9999.944000,57.986000,1839.159960,1842.400928,460.000000,819,-1379.159960,OpenLoop,NoFIFO,false,OpenLoop_NoFIFO
5.640058,-1,20,10000.130000,58.116000,1821.748879,1839.303121,460.000000,819,-1361.748879,OpenLoop,NoFIFO,false,OpenLoop_NoFIFO
5.650059,-1,20,10000.778000,58.894000,1858.998494,1842.257427,460.000000,819,-1398.998494,OpenLoop,NoFIFO,false,OpenLoop_NoFIFO
5.660058,-1,20,9999.593000,58.487000,1839.605067,1841.859573,460.000000,819,-1379.605067,OpenLoop,NoFIFO,false,OpenLoop_NoFIFO
5.670058,-1,20,9999.500000,57.987000,1820.158850,1838.604464,460.000000,819,-1360.158850,OpenLoop,NoFIFO,false,OpenLoop_NoFIFO
5.680058,-1,20,9999.870000,57.857000,1854.415983,1840.976192,460.000000,819,-1394.415983,OpenLoop,NoFIFO,false,OpenLoop_NoFIFO
5.690058,-1,20,10000.519000,58.376000,1847.710734,1841.986373,460.000000,819,-1387.710734,OpenLoop,NoFIFO,false,OpenLoop_NoFIFO
5.700058,-1,20,9999.611000,57.987000,1818.125311,1838.407214,460.000000,819,-1358.125311,OpenLoop,NoFIFO,false,OpenLoop_NoFIFO
5.710058,-1,20,9999.907000,57.894000,1851.562500,1840.380507,460.000000,819,-1391.562500,OpenLoop,NoFIFO,false,OpenLoop_NoFIFO
5.720065,-1,20,10007.426000,65.320000,1841.434610,1840.538622,460.000000,819,-1381.434610,OpenLoop,NoFIFO,false,OpenLoop_NoFIFO
5.730060,-1,20,9995.112000,60.432000,1821.748879,1837.720161,460.000000,819,-1361.748879,OpenLoop,NoFIFO,false,OpenLoop_NoFIFO
5.740058,-1,20,9997.963000,58.395000,1841.434610,1838.277328,460.000000,819,-1381.434610,OpenLoop,NoFIFO,false,OpenLoop_NoFIFO
5.750059,-1,20,10000.481000,58.876000,1850.637181,1840.131306,460.000000,819,-1390.637181,OpenLoop,NoFIFO,false,OpenLoop_NoFIFO
5.760064,-1,20,10004.704000,63.580000,1821.748879,1837.373942,460.000000,819,-1361.748879,OpenLoop,NoFIFO,false,OpenLoop_NoFIFO
5.770061,-1,20,9997.574000,61.154000,1835.956867,1837.161381,460.000000,819,-1375.956867,OpenLoop,NoFIFO,false,OpenLoop_NoFIFO
5.780061,-1,20,10000.315000,61.469000,1852.488744,1839.460485,460.000000,819,-1392.488744,OpenLoop,NoFIFO,false,OpenLoop_NoFIFO
5.790069,-1,20,10007.482000,68.951000,1821.507624,1836.767556,460.000000,819,-1361.507624,OpenLoop,NoFIFO,false,OpenLoop_NoFIFO
5.800061,-1,20,9992.148000,61.099000,1831.416914,1835.964960,460.000000,819,-1371.416914,OpenLoop,NoFIFO,false,OpenLoop_NoFIFO
5.810059,-1,20,9998.148000,59.247000,1856.203008,1839.000667,460.000000,819,-1396.203008,OpenLoop,NoFIFO,false,OpenLoop_NoFIFO
5.820071,-1,20,10012.167000,71.414000,1830.651815,1837.748339,460.000000,819,-1370.651815,OpenLoop,NoFIFO,false,OpenLoop_NoFIFO
5.830073,-1,20,10001.834000,73.248000,1820.601310,1835.176285,460.000000,819,-1360.601310,OpenLoop,NoFIFO,false,OpenLoop_NoFIFO
5.840072,-1,20,9998.481000,71.729000,1863.917249,1839.487429,460.000000,819,-1403.917249,OpenLoop,NoFIFO,false,OpenLoop_NoFIFO
5.850072,-1,20,10000.260000,71.989000,1833.470782,1838.584932,460.000000,819,-1373.470782,OpenLoop,NoFIFO,false,OpenLoop_NoFIFO
5.860089,-1,20,10017.333000,89.322000,1815.749235,1835.159578,460.000000,819,-1355.749235,OpenLoop,NoFIFO,false,OpenLoop_NoFIFO
5.870077,-1,20,9987.908000,77.230000,1866.113744,1839.802703,460.000000,819,-1406.113744,OpenLoop,NoFIFO,false,OpenLoop_NoFIFO
5.880072,-1,20,9994.555000,71.785000,1837.754835,1839.495523,460.000000,819,-1377.754835,OpenLoop,NoFIFO,false,OpenLoop_NoFIFO
5.890072,-1,20,9999.815000,71.600000,1816.686603,1836.074185,460.000000,819,-1356.686603,OpenLoop,NoFIFO,false,OpenLoop_NoFIFO
5.900073,-1,20,10001.167000,72.767000,1863.076312,1840.124504,460.000000,819,-1403.076312,OpenLoop,NoFIFO,false,OpenLoop_NoFIFO
5.910071,-1,20,9998.223000,70.990000,1843.525180,1840.634605,460.000000,819,-1383.525180,OpenLoop,NoFIFO,false,OpenLoop_NoFIFO
5.920072,-1,20,10000.981000,71.971000,1810.412317,1836.101262,460.000000,819,-1350.412317,OpenLoop,NoFIFO,false,OpenLoop_NoFIFO
5.930072,-1,20,9999.834000,71.805000,1862.434179,1840.051200,460.000000,819,-1402.434179,OpenLoop,NoFIFO,false,OpenLoop_NoFIFO
5.940072,-1,20,10000.074000,71.879000,1846.061735,1840.952780,460.000000,819,-1386.061735,OpenLoop,NoFIFO,false,OpenLoop_NoFIFO
5.950071,-1,20,9999.574000,71.453000,1819.749766,1837.772328,460.000000,819,-1359.749766,OpenLoop,NoFIFO,false,OpenLoop_NoFIFO
5.960072,-1,20,10000.426000,71.879000,1853.955104,1840.199744,460.000000,819,-1393.955104,OpenLoop,NoFIFO,false,OpenLoop_NoFIFO
5.970079,-1,20,10006.778000,78.657000,1850.915794,1841.807152,460.000000,819,-1390.915794,OpenLoop,NoFIFO,false,OpenLoop_NoFIFO
5.980075,-1,20,9996.611000,75.268000,1821.114955,1838.703322,460.000000,819,-1361.114955,OpenLoop,NoFIFO,false,OpenLoop_NoFIFO
5.990071,-1,20,9996.112000,71.380000,1841.280170,1839.089849,460.000000,819,-1381.280170,OpenLoop,NoFIFO,false,OpenLoop_NoFIFO
6.000081,-1,20,10009.407000,80.787000,1859.135378,1842.096679,460.000000,819,-1399.135378,OpenLoop,NoFIFO,false,OpenLoop_NoFIFO
6.010087,-1,20,10006.111000,86.898000,1824.015471,1839.384498,460.000000,819,-1364.015471,OpenLoop,NoFIFO,false,OpenLoop_NoFIFO
6.020078,-1,20,9991.241000,78.139000,1835.769850,1838.842300,460.000000,819,-1375.769850,OpenLoop,NoFIFO,false,OpenLoop_NoFIFO
6.030072,-1,20,9993.519000,71.658000,1857.311321,1841.612653,460.000000,819,-1397.311321,OpenLoop,NoFIFO,false,OpenLoop_NoFIFO
6.040071,-1,20,9999.741000,71.399000,1829.509494,1839.797180,460.000000,819,-1369.509494,OpenLoop,NoFIFO,false,OpenLoop_NoFIFO
6.050072,-1,20,10000.315000,71.714000,1825.142450,1837.598970,460.000000,819,-1365.142450,OpenLoop,NoFIFO,false,OpenLoop_NoFIFO
6.060072,-1,20,10000.500000,72.214000,1864.064157,1841.568748,460.000000,819,-1404.064157,OpenLoop,NoFIFO,false,OpenLoop_NoFIFO
6.070071,-1,20,9998.611000,70.825000,1833.850191,1840.410965,460.000000,819,-1373.850191,OpenLoop,NoFIFO,false,OpenLoop_NoFIFO
6.080072,-1,20,10001.278000,72.103000,1817.050812,1836.906942,460.000000,819,-1357.050812,OpenLoop,NoFIFO,false,OpenLoop_NoFIFO
6.090071,-1,20,9998.445000,70.548000,1863.326149,1840.869823,460.000000,819,-1403.326149,OpenLoop,NoFIFO,false,OpenLoop_NoFIFO
6.100071,-1,20,10000.629000,71.177000,1834.346906,1839.891385,460.000000,819,-1374.346906,OpenLoop,NoFIFO,false,OpenLoop_NoFIFO
6.110071,-1,20,9999.686000,70.863000,1816.686603,1836.410668,460.000000,819,-1356.686603,OpenLoop,NoFIFO,false,OpenLoop_NoFIFO
6.120072,-1,20,10000.704000,71.567000,1860.313316,1839.996065,460.000000,819,-1400.313316,OpenLoop,NoFIFO,false,OpenLoop_NoFIFO
6.130071,-1,20,9999.796000,71.363000,1843.525180,1840.525432,460.000000,819,-1383.525180,OpenLoop,NoFIFO,false,OpenLoop_NoFIFO
6.140072,-1,20,10000.148000,71.511000,1812.304075,1836.292229,460.000000,819,-1352.304075,OpenLoop,NoFIFO,false,OpenLoop_NoFIFO
6.150071,-1,20,9999.889000,71.400000,1857.987106,1839.546460,460.000000,819,-1397.987106,OpenLoop,NoFIFO,false,OpenLoop_NoFIFO
6.160071,-1,20,9999.852000,71.252000,1843.119022,1840.082345,460.000000,819,-1383.119022,OpenLoop,NoFIFO,false,OpenLoop_NoFIFO
6.170072,-1,20,10001.204000,72.456000,1815.658951,1836.418836,460.000000,819,-1355.658951,OpenLoop,NoFIFO,false,OpenLoop_NoFIFO
6.180071,-1,20,9999.037000,71.493000,1855.939005,1839.346861,460.000000,819,-1395.939005,OpenLoop,NoFIFO,false,OpenLoop_NoFIFO
6.190072,-1,20,10000.371000,71.864000,1848.591549,1840.733564,460.000000,819,-1388.591549,OpenLoop,NoFIFO,false,OpenLoop_NoFIFO
6.200072,-1,20,10000.352000,72.216000,1824.027186,1838.227607,460.000000,819,-1364.027186,OpenLoop,NoFIFO,false,OpenLoop_NoFIFO
6.210072,-1,20,9999.870000,72.086000,1845.647533,1839.340596,460.000000,819,-1385.647533,OpenLoop,NoFIFO,false,OpenLoop_NoFIFO
6.220073,-1,20,10000.445000,72.531000,1854.232595,1841.574396,460.000000,819,-1394.232595,OpenLoop,NoFIFO,false,OpenLoop_NoFIFO
6.230079,-1,20,10006.296000,78.827000,1825.142450,1839.109604,460.000000,819,-1365.142450,OpenLoop,NoFIFO,false,OpenLoop_NoFIFO
6.240075,-1,20,9995.982000,74.809000,1848.845599,1840.570003,460.000000,819,-1388.845599,OpenLoop,NoFIFO,false,OpenLoop_NoFIFO
6.250073,-1,20,9998.482000,73.291000,1853.255140,1842.472774,460.000000,819,-1393.255140,OpenLoop,NoFIFO,false,OpenLoop_NoFIFO
6.260072,-1,20,9998.815000,72.106000,1835.200472,1841.381929,460.000000,819,-1375.200472,OpenLoop,NoFIFO,false,OpenLoop_NoFIFO
6.270072,-1,20,9999.611000,71.717000,1837.741676,1840.835891,460.000000,819,-1377.741676,OpenLoop,NoFIFO,false,OpenLoop_NoFIFO
6.280071,-1,20,9999.685000,71.402000,1857.987106,1843.408573,460.000000,819,-1397.987106,OpenLoop,NoFIFO,false,OpenLoop_NoFIFO
6.290072,-1,20,10000.648000,72.050000,1834.877349,1842.128889,460.000000,819,-1374.877349,OpenLoop,NoFIFO,false,OpenLoop_NoFIFO
6.300071,-1,20,9998.926000,70.976000,1832.975680,1840.755908,460.000000,819,-1372.975680,OpenLoop,NoFIFO,false,OpenLoop_NoFIFO
6.310081,-1,20,10010.463000,81.439000,1863.076312,1844.103968,460.000000,819,-1403.076312,OpenLoop,NoFIFO,false,OpenLoop_NoFIFO
6.320075,-1,20,9993.815000,75.254000,1837.377508,1843.094999,460.000000,819,-1377.377508,OpenLoop,NoFIFO,false,OpenLoop_NoFIFO
6.330073,-1,20,9997.649000,72.903000,1826.948745,1840.673061,460.000000,819,-1366.948745,OpenLoop,NoFIFO,false,OpenLoop_NoFIFO
6.340072,-1,20,9998.944000,71.847000,1858.874821,1843.403325,460.000000,819,-1398.874821,OpenLoop,NoFIFO,false,OpenLoop_NoFIFO
6.350072,-1,20,10000.112000,71.959000,1840.641361,1842.989031,460.000000,819,-1380.641361,OpenLoop,NoFIFO,false,OpenLoop_NoFIFO
6.360071,-1,20,9999.241000,71.200000,1819.298035,1839.435381,460.000000,819,-1359.298035,OpenLoop,NoFIFO,false,OpenLoop_NoFIFO
6.370072,-1,20,10001.037000,72.237000,1867.138365,1843.590829,460.000000,819,-1407.138365,OpenLoop,NoFIFO,false,OpenLoop_NoFIFO
6.380071,-1,20,9998.407000,70.644000,1839.114833,1842.919429,460.000000,819,-1379.114833,OpenLoop,NoFIFO,false,OpenLoop_NoFIFO
6.390071,-1,20,10000.315000,70.959000,1820.866142,1839.611436,460.000000,819,-1360.866142,OpenLoop,NoFIFO,false,OpenLoop_NoFIFO
6.400071,-1,20,9999.815000,70.774000,1857.987106,1842.367787,460.000000,819,-1397.987106,OpenLoop,NoFIFO,false,OpenLoop_NoFIFO
6.410072,-1,20,10000.815000,71.589000,1839.678179,1841.964346,460.000000,819,-1379.678179,OpenLoop,NoFIFO,false,OpenLoop_NoFIFO
6.420071,-1,20,9999.204000,70.793000,1818.426724,1838.433702,460.000000,819,-1358.426724,OpenLoop,NoFIFO,false,OpenLoop_NoFIFO
6.430088,-1,20,10017.093000,87.886000,1856.674383,1841.169804,460.000000,819,-1396.674383,OpenLoop,NoFIFO,false,OpenLoop_NoFIFO
6.440079,-1,20,9991.166000,79.052000,1846.061735,1841.903594,460.000000,819,-1386.061735,OpenLoop,NoFIFO,false,OpenLoop_NoFIFO
6.450071,-1,20,9991.852000,70.904000,1818.899018,1838.452908,460.000000,819,-1358.899018,OpenLoop,NoFIFO,false,OpenLoop_NoFIFO
6.460072,-1,20,10001.389000,72.293000,1849.013859,1840.037050,460.000000,819,-1389.013859,OpenLoop,NoFIFO,false,OpenLoop_NoFIFO
6.470074,-1,20,10001.593000,73.886000,1843.024633,1840.485188,460.000000,819,-1383.024633,OpenLoop,NoFIFO,false,OpenLoop_NoFIFO
6.480079,-1,20,10004.704000,78.590000,1820.146277,1837.434351,460.000000,819,-1360.146277,OpenLoop,NoFIFO,false,OpenLoop_NoFIFO
6.490076,-1,20,9997.333000,75.923000,1839.539007,1837.750049,460.000000,819,-1379.539007,OpenLoop,NoFIFO,false,OpenLoop_NoFIFO
6.500096,-1,20,10020.371000,96.294000,1850.328947,1839.636884,460.000000,819,-1390.328947,OpenLoop,NoFIFO,false,OpenLoop_NoFIFO
6.510081,-1,20,9984.352000,80.646000,1823.738170,1837.252077,460.000000,819,-1363.738170,OpenLoop,NoFIFO,false,OpenLoop_NoFIFO
6.520073,-1,20,9992.148000,72.794000,1831.744350,1836.425918,460.000000,819,-1371.744350,OpenLoop,NoFIFO,false,OpenLoop_NoFIFO
6.530073,-1,20,10000.408000,73.202000,1852.409639,1838.823476,460.000000,819,-1392.409639,OpenLoop,NoFIFO,false,OpenLoop_NoFIFO
6.540072,-1,20,9998.352000,71.554000,1821.822479,1836.273327,460.000000,819,-1361.822479,OpenLoop,NoFIFO,false,OpenLoop_NoFIFO
6.550072,-1,20,10000.315000,71.869000,1830.357143,1835.385899,460.000000,819,-1370.357143,OpenLoop,NoFIFO,false,OpenLoop_NoFIFO
6.560072,-1,20,9999.667000,71.536000,1856.435644,1838.543361,460.000000,819,-1396.435644,OpenLoop,NoFIFO,false,OpenLoop_NoFIFO
6.570071,-1,20,9999.611000,71.147000,1831.229157,1837.446230,460.000000,819,-1371.229157,OpenLoop,NoFIFO,false,OpenLoop_NoFIFO
6.580071,-1,20,9999.926000,71.073000,1819.178628,1834.706090,460.000000,819,-1359.178628,OpenLoop,NoFIFO,false,OpenLoop_NoFIFO
6.590082,-1,20,10011.407000,82.480000,1864.346591,1839.152165,460.000000,819,-1404.346591,OpenLoop,NoFIFO,false,OpenLoop_NoFIFO
6.600076,-1,20,9993.112000,75.592000,1834.725537,1838.488171,460.000000,819,-1374.725537,OpenLoop,NoFIFO,false,OpenLoop_NoFIFO
6.610082,-1,20,10006.148000,81.740000,1815.318302,1835.012691,460.000000,819,-1355.318302,OpenLoop,NoFIFO,false,OpenLoop_NoFIFO
6.620076,-1,20,9994.185000,75.925000,1867.884250,1839.943425,460.000000,819,-1407.884250,OpenLoop,NoFIFO,false,OpenLoop_NoFIFO
6.630082,-1,20,10005.871000,81.796000,1839.209968,1839.833406,460.000000,819,-1379.209968,OpenLoop,NoFIFO,false,OpenLoop_NoFIFO
6.640082,-1,20,10000.055000,81.851000,1819.957386,1836.852003,460.000000,819,-1359.957386,OpenLoop,NoFIFO,false,OpenLoop_NoFIFO
6.650076,-1,20,9994.315000,76.166000,1860.313316,1840.371200,460.000000,819,-1400.313316,OpenLoop,NoFIFO,false,OpenLoop_NoFIFO
6.660077,-1,20,10000.464000,76.630000,1846.523493,1841.294044,460.000000,819,-1386.523493,OpenLoop,NoFIFO,false,OpenLoop_NoFIFO
6.670077,-1,20,10000.370000,77.000000,1813.541107,1837.131103,460.000000,819,-1353.541107,OpenLoop,NoFIFO,false,OpenLoop_NoFIFO
6.680073,-1,20,9995.630000,72.630000,1858.874821,1840.392661,460.000000,819,-1398.874821,OpenLoop,NoFIFO,false,OpenLoop_NoFIFO
6.690072,-1,20,9999.148000,71.778000,1849.355602,1841.737102,460.000000,819,-1389.355602,OpenLoop,NoFIFO,false,OpenLoop_NoFIFO
6.700071,-1,20,9999.482000,71.260000,1819.957386,1838.470145,460.000000,819,-1359.957386,OpenLoop,NoFIFO,false,OpenLoop_NoFIFO
6.710072,-1,20,10000.518000,71.778000,1850.035663,1840.204973,460.000000,819,-1390.035663,OpenLoop,NoFIFO,false,OpenLoop_NoFIFO
6.720072,-1,20,10000.704000,72.482000,1851.303318,1841.869724,460.000000,819,-1391.303318,OpenLoop,NoFIFO,false,OpenLoop_NoFIFO
6.730075,-1,20,10002.112000,74.594000,1823.456950,1839.107808,460.000000,819,-1363.456950,OpenLoop,NoFIFO,false,OpenLoop_NoFIFO
6.740070,-1,20,9995.722000,70.316000,1840.876437,1839.373103,460.000000,819,-1380.876437,OpenLoop,NoFIFO,false,OpenLoop_NoFIFO
6.750071,-1,20,10001.148000,71.464000,1860.313316,1842.514135,460.000000,819,-1400.313316,OpenLoop,NoFIFO,false,OpenLoop_NoFIFO
6.760069,-1,20,9997.649000,69.113000,1824.543489,1839.818538,460.000000,819,-1364.543489,OpenLoop,NoFIFO,false,OpenLoop_NoFIFO
6.770072,-1,20,10002.426000,71.539000,1835.835509,1839.221083,460.000000,819,-1375.835509,OpenLoop,NoFIFO,false,OpenLoop_NoFIFO
6.780069,-1,20,9997.555000,69.094000,1857.100239,1841.902957,460.000000,819,-1397.100239,OpenLoop,NoFIFO,false,OpenLoop_NoFIFO
6.790071,-1,20,10001.686000,70.780000,1831.441394,1840.333722,460.000000,819,-1371.441394,OpenLoop,NoFIFO,false,OpenLoop_NoFIFO
6.800112,-1,20,10040.722000,111.502000,1826.009501,1838.185089,460.000000,819,-1366.009501,OpenLoop,NoFIFO,false,OpenLoop_NoFIFO
6.810072,-1,20,9960.463000,71.965000,1863.232218,1841.942158,460.000000,819,-1403.232218,OpenLoop,NoFIFO,false,OpenLoop_NoFIFO
6.820070,-1,20,9997.704000,69.669000,1835.200472,1840.930905,460.000000,819,-1375.200472,OpenLoop,NoFIFO,false,OpenLoop_NoFIFO
6.830071,-1,20,10001.204000,70.873000,1817.447496,1837.408394,460.000000,819,-1357.447496,OpenLoop,NoFIFO,false,OpenLoop_NoFIFO
6.840070,-1,20,9998.704000,69.577000,1865.229749,1841.581597,460.000000,819,-1405.229749,OpenLoop,NoFIFO,false,OpenLoop_NoFIFO
6.850071,-1,20,10001.222000,70.799000,1834.346906,1840.496394,460.000000,819,-1374.346906,OpenLoop,NoFIFO,false,OpenLoop_NoFIFO
6.860070,-1,20,9999.260000,70.059000,1819.096072,1837.286345,460.000000,819,-1359.096072,OpenLoop,NoFIFO,false,OpenLoop_NoFIFO
6.870078,-1,20,10007.537000,77.596000,1861.285266,1840.886184,460.000000,819,-1401.285266,OpenLoop,NoFIFO,false,OpenLoop_NoFIFO
6.880073,-1,20,9995.278000,72.874000,1844.772404,1841.469117,460.000000,819,-1384.772404,OpenLoop,NoFIFO,false,OpenLoop_NoFIFO
6.890072,-1,20,9999.537000,72.411000,1812.567132,1837.133819,460.000000,819,-1352.567132,OpenLoop,NoFIFO,false,OpenLoop_NoFIFO
6.900073,-1,20,10000.148000,72.559000,1858.187824,1840.291920,460.000000,819,-1398.187824,OpenLoop,NoFIFO,false,OpenLoop_NoFIFO
6.910073,-1,20,10000.019000,72.578000,1844.098884,1840.862964,460.000000,819,-1384.098884,OpenLoop,NoFIFO,false,OpenLoop_NoFIFO
6.920076,-1,20,10003.148000,75.726000,1816.517013,1837.211072,460.000000,819,-1356.517013,OpenLoop,NoFIFO,false,OpenLoop_NoFIFO
6.930080,-1,20,10004.463000,80.189000,1858.152748,1840.352323,460.000000,819,-1398.152748,OpenLoop,NoFIFO,false,OpenLoop_NoFIFO
6.940075,-1,20,9994.334000,74.523000,1849.156369,1841.672930,460.000000,819,-1389.156369,OpenLoop,NoFIFO,false,OpenLoop_NoFIFO
6.950072,-1,20,9997.222000,71.745000,1824.697528,1839.126620,460.000000,819,-1364.697528,OpenLoop,NoFIFO,false,OpenLoop_NoFIFO
6.960071,-1,20,9999.204000,70.949000,1845.647533,1840.104757,460.000000,819,-1385.647533,OpenLoop,NoFIFO,false,OpenLoop_NoFIFO
6.970082,-1,20,10010.649000,81.598000,1855.211082,1842.370705,460.000000,819,-1395.211082,OpenLoop,NoFIFO,false,OpenLoop_NoFIFO
6.980076,-1,20,9994.852000,76.450000,1824.015471,1839.617420,460.000000,819,-1364.015471,OpenLoop,NoFIFO,false,OpenLoop_NoFIFO
6.990073,-1,20,9996.759000,73.209000,1846.667566,1840.674942,460.000000,819,-1386.667566,OpenLoop,NoFIFO,false,OpenLoop_NoFIFO
7.000072,-1,20,9998.667000,71.876000,1855.787145,1842.941773,460.000000,819,-1395.787145,OpenLoop,NoFIFO,false,OpenLoop_NoFIFO
7.010072,-1,20,10000.463000,72.339000,1833.802251,1841.570844,460.000000,819,-1373.802251,OpenLoop,NoFIFO,false,OpenLoop_NoFIFO
7.020078,-1,20,10006.148000,78.487000,1836.478739,1840.807028,460.000000,819,-1376.478739,OpenLoop,NoFIFO,false,OpenLoop_NoFIFO
7.030076,-1,20,9997.019000,75.506000,1857.403545,1843.296506,460.000000,819,-1397.403545,OpenLoop,NoFIFO,false,OpenLoop_NoFIFO
7.040072,-1,20,9996.630000,72.136000,1832.607160,1841.693104,460.000000,819,-1372.607160,OpenLoop,NoFIFO,false,OpenLoop_NoFIFO
7.050072,-1,20,9999.463000,71.599000,1828.901657,1839.774387,460.000000,819,-1368.901657,OpenLoop,NoFIFO,false,OpenLoop_NoFIFO
7.060072,-1,20,10000.278000,71.877000,1862.434179,1843.173356,460.000000,819,-1402.434179,OpenLoop,NoFIFO,false,OpenLoop_NoFIFO
7.070072,-1,20,10000.315000,72.192000,1834.346906,1841.849388,460.000000,819,-1374.346906,OpenLoop,NoFIFO,false,OpenLoop_NoFIFO
7.080085,-1,20,10013.074000,85.266000,1827.442461,1839.688349,460.000000,819,-1367.442461,OpenLoop,NoFIFO,false,OpenLoop_NoFIFO
7.090077,-1,20,9991.593000,76.859000,1858.152748,1842.458009,460.000000,819,-1398.152748,OpenLoop,NoFIFO,false,OpenLoop_NoFIFO
7.100072,-1,20,9994.704000,71.563000,1837.801134,1841.759478,460.000000,819,-1377.801134,OpenLoop,NoFIFO,false,OpenLoop_NoFIFO
7.110072,-1,20,10000.556000,72.119000,1817.246415,1838.082518,460.000000,819,-1357.246415,OpenLoop,NoFIFO,false,OpenLoop_NoFIFO
7.120072,-1,20,9999.796000,71.915000,1862.434179,1841.735268,460.000000,819,-1402.434179,OpenLoop,NoFIFO,false,OpenLoop_NoFIFO
7.130071,-1,20,9999.426000,71.341000,1838.716004,1841.282378,460.000000,819,-1378.716004,OpenLoop,NoFIFO,false,OpenLoop_NoFIFO
7.140071,-1,20,9999.834000,71.175000,1819.096072,1837.954432,460.000000,819,-1359.096072,OpenLoop,NoFIFO,false,OpenLoop_NoFIFO
7.150084,-1,20,10013.315000,84.490000,1859.544049,1841.192875,460.000000,819,-1399.544049,OpenLoop,NoFIFO,false,OpenLoop_NoFIFO
7.160054,-1,20,9969.130000,53.620000,1836.794671,1840.533144,460.000000,819,-1376.794671,OpenLoop,NoFIFO,false,OpenLoop_NoFIFO
7.170083,-1,20,10029.592000,83.212000,1817.375887,1837.059556,460.000000,819,-1357.375887,OpenLoop,NoFIFO,false,OpenLoop_NoFIFO
7.180078,-1,20,9995.204000,78.416000,1851.975440,1839.296938,460.000000,819,-1391.975440,OpenLoop,NoFIFO,false,OpenLoop_NoFIFO
7.190075,-1,20,9996.223000,74.639000,1845.647533,1840.249527,460.000000,819,-1385.647533,OpenLoop,NoFIFO,false,OpenLoop_NoFIFO
7.200074,-1,20,9998.889000,73.528000,1817.050812,1836.769720,460.000000,819,-1357.050812,OpenLoop,NoFIFO,false,OpenLoop_NoFIFO
7.210078,-1,20,10004.000000,77.528000,1847.400285,1838.364305,460.000000,819,-1387.400285,OpenLoop,NoFIFO,false,OpenLoop_NoFIFO
7.220074,-1,20,9996.759000,74.287000,1843.119022,1839.077512,460.000000,819,-1383.119022,OpenLoop,NoFIFO,false,OpenLoop_NoFIFO
7.230073,-1,20,9998.537000,72.824000,1818.899018,1836.050738,460.000000,819,-1358.899018,OpenLoop,NoFIFO,false,OpenLoop_NoFIFO
7.240073,-1,20,9999.760000,72.584000,1842.689822,1837.046601,460.000000,819,-1382.689822,OpenLoop,NoFIFO,false,OpenLoop_NoFIFO
7.250081,-1,20,10008.481000,81.065000,1848.591549,1838.778343,460.000000,819,-1388.591549,OpenLoop,NoFIFO,false,OpenLoop_NoFIFO
7.260080,-1,20,9998.834000,79.899000,1824.027186,1836.565670,460.000000,819,-1364.027186,OpenLoop,NoFIFO,false,OpenLoop_NoFIFO
7.270072,-1,20,9992.241000,72.140000,1831.229157,1835.765193,460.000000,819,-1371.229157,OpenLoop,NoFIFO,false,OpenLoop_NoFIFO
7.280074,-1,20,10001.389000,73.529000,1855.211082,1838.682076,460.000000,819,-1395.211082,OpenLoop,NoFIFO,false,OpenLoop_NoFIFO
7.290075,-1,20,10001.945000,75.474000,1822.546230,1836.261699,460.000000,819,-1362.546230,OpenLoop,NoFIFO,false,OpenLoop_NoFIFO
7.300073,-1,20,9997.648000,73.122000,1826.619273,1834.815335,460.000000,819,-1366.619273,OpenLoop,NoFIFO,false,OpenLoop_NoFIFO
7.310072,-1,20,9999.222000,72.344000,1858.187824,1838.321209,460.000000,819,-1398.187824,OpenLoop,NoFIFO,false,OpenLoop_NoFIFO
7.320071,-1,20,9998.612000,70.956000,1831.838865,1837.348857,460.000000,819,-1371.838865,OpenLoop,NoFIFO,false,OpenLoop_NoFIFO
7.330079,-1,20,10008.204000,79.160000,1820.819517,1834.869456,460.000000,819,-1360.819517,OpenLoop,NoFIFO,false,OpenLoop_NoFIFO
7.340075,-1,20,9995.592000,74.752000,1863.232218,1839.123870,460.000000,819,-1403.232218,OpenLoop,NoFIFO,false,OpenLoop_NoFIFO
7.350077,-1,20,10002.704000,77.456000,1835.601719,1838.595548,460.000000,819,-1375.601719,OpenLoop,NoFIFO,false,OpenLoop_NoFIFO
7.360074,-1,20,9996.371000,73.827000,1813.394277,1834.815357,460.000000,819,-1353.394277,OpenLoop,NoFIFO,false,OpenLoop_NoFIFO
7.370081,-1,20,10007.667000,81.494000,1866.998578,1839.642840,460.000000,819,-1406.998578,OpenLoop,NoFIFO,false,OpenLoop_NoFIFO
7.380079,-1,20,9997.574000,79.068000,1837.356597,1839.299904,460.000000,819,-1377.356597,OpenLoop,NoFIFO,false,OpenLoop_NoFIFO
7.390076,-1,20,9997.296000,76.364000,1816.281847,1835.847195,460.000000,819,-1356.281847,OpenLoop,NoFIFO,false,OpenLoop_NoFIFO
7.400074,-1,20,9998.019000,74.383000,1860.652798,1839.568035,460.000000,819,-1400.652798,OpenLoop,NoFIFO,false,OpenLoop_NoFIFO
7.410074,-1,20,10000.056000,74.439000,1844.504197,1840.308460,460.000000,819,-1384.504197,OpenLoop,NoFIFO,false,OpenLoop_NoFIFO
7.420072,-1,20,9997.389000,71.828000,1812.350835,1836.114816,460.000000,819,-1352.350835,OpenLoop,NoFIFO,false,OpenLoop_NoFIFO
7.430077,-1,20,10005.074000,76.902000,1862.258233,1840.036329,460.000000,819,-1402.258233,OpenLoop,NoFIFO,false,OpenLoop_NoFIFO
7.440073,-1,20,9995.963000,72.865000,1846.181556,1840.958113,460.000000,819,-1386.181556,OpenLoop,NoFIFO,false,OpenLoop_NoFIFO
7.450073,-1,20,10000.334000,73.199000,1818.212009,1837.546197,460.000000,819,-1358.212009,OpenLoop,NoFIFO,false,OpenLoop_NoFIFO
7.460071,-1,20,9998.074000,71.273000,1850.915794,1839.551637,460.000000,819,-1390.915794,OpenLoop,NoFIFO,false,OpenLoop_NoFIFO
7.470072,-1,20,10000.704000,71.977000,1850.328947,1841.168233,460.000000,819,-1390.328947,OpenLoop,NoFIFO,false,OpenLoop_NoFIFO
7.480072,-1,20,9999.704000,71.681000,1821.682464,1838.245368,460.000000,819,-1361.682464,OpenLoop,NoFIFO,false,OpenLoop_NoFIFO
7.490071,-1,20,9999.222000,70.903000,1841.698062,1838.763272,460.000000,819,-1381.698062,OpenLoop,NoFIFO,false,OpenLoop_NoFIFO
7.500072,-1,20,10001.074000,71.977000,1860.119048,1841.966638,460.000000,819,-1400.119048,OpenLoop,NoFIFO,false,OpenLoop_NoFIFO
7.510072,-1,20,10000.130000,72.107000,1823.055408,1839.129954,460.000000,819,-1363.055408,OpenLoop,NoFIFO,false,OpenLoop_NoFIFO
7.520072,-1,20,9999.704000,71.811000,1837.356597,1838.863950,460.000000,819,-1377.356597,OpenLoop,NoFIFO,false,OpenLoop_NoFIFO
7.530072,-1,20,10000.241000,72.052000,1858.152748,1841.757270,460.000000,819,-1398.152748,OpenLoop,NoFIFO,false,OpenLoop_NoFIFO
7.540071,-1,20,9998.908000,70.960000,1830.357143,1840.047251,460.000000,819,-1370.357143,OpenLoop,NoFIFO,false,OpenLoop_NoFIFO
7.550071,-1,20,10000.481000,71.441000,1824.697528,1837.744792,460.000000,819,-1364.697528,OpenLoop,NoFIFO,false,OpenLoop_NoFIFO
7.560071,-1,20,9999.612000,71.053000,1861.702128,1841.338393,460.000000,819,-1401.702128,OpenLoop,NoFIFO,false,OpenLoop_NoFIFO
7.570073,-1,20,10001.815000,72.868000,1835.317460,1840.435253,460.000000,819,-1375.317460,OpenLoop,NoFIFO,false,OpenLoop_NoFIFO
7.580072,-1,20,9998.722000,71.590000,1817.556247,1837.003402,460.000000,819,-1357.556247,OpenLoop,NoFIFO,false,OpenLoop_NoFIFO
7.590072,-1,20,9999.926000,71.516000,1866.160293,1841.376936,460.000000,819,-1406.160293,OpenLoop,NoFIFO,false,OpenLoop_NoFIFO
7.600072,-1,20,10000.222000,71.738000,1835.601719,1840.510653,460.000000,819,-1375.601719,OpenLoop,NoFIFO,false,OpenLoop_NoFIFO
7.610071,-1,20,9999.575000,71.313000,1816.099476,1836.848977,460.000000,819,-1356.099476,OpenLoop,NoFIFO,false,OpenLoop_NoFIFO
7.620071,-1,20,9999.537000,70.850000,1860.652798,1840.419550,460.000000,819,-1400.652798,OpenLoop,NoFIFO,false,OpenLoop_NoFIFO
7.630078,-1,20,10007.019000,77.869000,1845.079787,1841.118585,460.000000,819,-1385.079787,OpenLoop,NoFIFO,false,OpenLoop_NoFIFO
7.640079,-1,20,10001.370000,79.239000,1815.817791,1837.323466,460.000000,819,-1355.817791,OpenLoop,NoFIFO,false,OpenLoop_NoFIFO
7.650077,-1,20,9998.167000,77.406000,1860.866834,1840.854971,460.000000,819,-1400.866834,OpenLoop,NoFIFO,false,OpenLoop_NoFIFO
7.660074,-1,20,9996.408000,73.814000,1844.564683,1841.411428,460.000000,819,-1384.564683,OpenLoop,NoFIFO,false,OpenLoop_NoFIFO
7.670072,-1,20,9998.259000,72.073000,1818.426724,1837.963723,460.000000,819,-1358.426724,OpenLoop,NoFIFO,false,OpenLoop_NoFIFO
7.680077,-1,20,10004.945000,77.018000,1860.119048,1841.287021,460.000000,819,-1400.119048,OpenLoop,NoFIFO,false,OpenLoop_NoFIFO
7.690074,-1,20,9997.055000,74.073000,1850.035663,1842.599318,460.000000,819,-1390.035663,OpenLoop,NoFIFO,false,OpenLoop_NoFIFO
7.700072,-1,20,9998.315000,72.388000,1825.000000,1839.959420,460.000000,819,-1365.000000,OpenLoop,NoFIFO,false,OpenLoop_NoFIFO
7.710071,-1,20,9998.760000,71.148000,1848.277910,1841.207193,460.000000,819,-1388.277910,OpenLoop,NoFIFO,false,OpenLoop_NoFIFO
7.720081,-1,20,10009.407000,80.555000,1856.435644,1843.491461,460.000000,819,-1396.435644,OpenLoop,NoFIFO,false,OpenLoop_NoFIFO
7.730093,-1,20,10012.519000,93.074000,1828.545071,1841.249502,460.000000,819,-1368.545071,OpenLoop,NoFIFO,false,OpenLoop_NoFIFO
7.740081,-1,20,9987.759000,80.833000,1846.327618,1842.011220,460.000000,819,-1386.327618,OpenLoop,NoFIFO,false,OpenLoop_NoFIFO
7.750076,-1,20,9995.334000,76.167000,1856.190602,1844.138127,460.000000,819,-1396.190602,OpenLoop,NoFIFO,false,OpenLoop_NoFIFO
7.760074,-1,20,9998.019000,74.186000,1834.335219,1842.667691,460.000000,819,-1374.335219,OpenLoop,NoFIFO,false,OpenLoop_NoFIFO
7.770075,-1,20,10000.426000,74.612000,1837.741676,1841.928789,460.000000,819,-1377.741676,OpenLoop,NoFIFO,false,OpenLoop_NoFIFO
7.780074,-1,20,9999.389000,74.001000,1859.065156,1844.499244,460.000000,819,-1399.065156,OpenLoop,NoFIFO,false,OpenLoop_NoFIFO
7.790082,-1,20,10008.482000,82.483000,1833.100559,1842.789441,460.000000,819,-1373.100559,OpenLoop,NoFIFO,false,OpenLoop_NoFIFO
7.800092,-1,20,10009.018000,91.501000,1829.509494,1840.797449,460.000000,819,-1369.509494,OpenLoop,NoFIFO,false,OpenLoop_NoFIFO
7.810077,-1,20,9985.297000,76.798000,1864.218975,1844.310678,460.000000,819,-1404.218975,OpenLoop,NoFIFO,false,OpenLoop_NoFIFO
7.820073,-1,20,9996.593000,73.391000,1835.835509,1843.039402,460.000000,819,-1375.835509,OpenLoop,NoFIFO,false,OpenLoop_NoFIFO
7.830073,-1,20,9999.241000,72.632000,1828.615604,1840.875833,460.000000,819,-1368.615604,OpenLoop,NoFIFO,false,OpenLoop_NoFIFO
7.840072,-1,20,9999.555000,72.187000,1857.987106,1843.442524,460.000000,819,-1397.987106,OpenLoop,NoFIFO,false,OpenLoop_NoFIFO
7.850078,-1,20,10005.834000,78.021000,1838.729178,1842.735522,460.000000,819,-1378.729178,OpenLoop,NoFIFO,false,OpenLoop_NoFIFO
7.860082,-1,20,10003.611000,81.632000,1820.601310,1839.415390,460.000000,819,-1360.601310,OpenLoop,NoFIFO,false,OpenLoop_NoFIFO
7.870076,-1,20,9994.278000,75.910000,1867.033988,1843.558180,460.000000,819,-1407.033988,OpenLoop,NoFIFO,false,OpenLoop_NoFIFO
7.880072,-1,20,9995.704000,71.614000,1838.235294,1842.759747,460.000000,819,-1378.235294,OpenLoop,NoFIFO,false,OpenLoop_NoFIFO
7.890072,-1,20,10000.260000,71.874000,1820.866142,1839.475706,460.000000,819,-1360.866142,OpenLoop,NoFIFO,false,OpenLoop_NoFIFO
7.900078,-1,20,10006.185000,78.059000,1859.763384,1842.518858,460.000000,819,-1399.763384,OpenLoop,NoFIFO,false,OpenLoop_NoFIFO
7.910076,-1,20,9997.722000,75.781000,1840.641361,1842.237233,460.000000,819,-1380.641361,OpenLoop,NoFIFO,false,OpenLoop_NoFIFO
7.920072,-1,20,9996.093000,71.874000,1820.170182,1838.927176,460.000000,819,-1360.170182,OpenLoop,NoFIFO,false,OpenLoop_NoFIFO
7.930077,-1,20,10005.408000,77.282000,1857.403545,1841.698631,460.000000,819,-1397.403545,OpenLoop,NoFIFO,false,OpenLoop_NoFIFO
7.940074,-1,20,9996.648000,73.930000,1847.068717,1842.504144,460.000000,819,-1387.068717,OpenLoop,NoFIFO,false,OpenLoop_NoFIFO
7.950072,-1,20,9998.223000,72.153000,1818.003145,1838.828994,460.000000,819,-1358.003145,OpenLoop,NoFIFO,false,OpenLoop_NoFIFO
7.960071,-1,20,9998.778000,70.931000,1853.561220,1841.038828,460.000000,819,-1393.561220,OpenLoop,NoFIFO,false,OpenLoop_NoFIFO
7.970073,-1,20,10001.648000,72.579000,1842.570755,1841.268617,460.000000,819,-1382.570755,OpenLoop,NoFIFO,false,OpenLoop_NoFIFO
7.980071,-1,20,9998.519000,71.098000,1823.410816,1838.589947,460.000000,819,-1363.410816,OpenLoop,NoFIFO,false,OpenLoop_NoFIFO
7.990072,-1,20,10000.611000,71.709000,1845.079787,1839.563423,460.000000,819,-1385.079787,OpenLoop,NoFIFO,false,OpenLoop_NoFIFO
8.000072,-1,20,10000.074000,71.783000,1850.035663,1841.134259,460.000000,819,-1390.035663,OpenLoop,NoFIFO,false,OpenLoop_NoFIFO
8.010072,-1,20,10000.593000,72.376000,1825.657895,1838.812804,460.000000,819,-1365.657895,OpenLoop,NoFIFO,false,OpenLoop_NoFIFO
8.020081,-1,20,10008.352000,80.728000,1835.601719,1838.331142,460.000000,819,-1375.601719,OpenLoop,NoFIFO,false,OpenLoop_NoFIFO
8.030077,-1,20,9995.945000,76.673000,1856.190602,1841.010061,460.000000,819,-1396.190602,OpenLoop,NoFIFO,false,OpenLoop_NoFIFO
8.040071,-1,20,9994.222000,70.895000,1822.546230,1838.240486,460.000000,819,-1362.546230,OpenLoop,NoFIFO,false,OpenLoop_NoFIFO
8.050071,-1,20,10000.464000,71.359000,1831.441394,1837.220622,460.000000,819,-1371.441394,OpenLoop,NoFIFO,false,OpenLoop_NoFIFO
8.060071,-1,20,9999.481000,70.840000,1859.943316,1840.629026,460.000000,819,-1399.943316,OpenLoop,NoFIFO,false,OpenLoop_NoFIFO
8.070071,-1,20,10000.593000,71.433000,1832.820032,1839.457677,460.000000,819,-1372.820032,OpenLoop,NoFIFO,false,OpenLoop_NoFIFO
8.080074,-1,20,10003.056000,74.489000,1822.546230,1836.920960,460.000000,819,-1362.546230,OpenLoop,NoFIFO,false,OpenLoop_NoFIFO
8.090075,-1,20,10000.519000,75.008000,1868.117462,1841.600435,460.000000,819,-1408.117462,OpenLoop,NoFIFO,false,OpenLoop_NoFIFO
8.100071,-1,20,9995.592000,70.600000,1832.975680,1840.306722,460.000000,819,-1372.975680,OpenLoop,NoFIFO,false,OpenLoop_NoFIFO
8.110072,-1,20,10001.001000,71.601000,1818.212009,1836.992515,460.000000,819,-1358.212009,OpenLoop,NoFIFO,false,OpenLoop_NoFIFO
8.120092,-1,20,10020.389000,91.990000,1868.843809,1841.770209,460.000000,819,-1408.843809,OpenLoop,NoFIFO,false,OpenLoop_NoFIFO
8.131609,-1,20,11516.597000,1608.587000,1840.929074,1841.644039,460.000000,819,-1380.929074,OpenLoop,NoFIFO,false,OpenLoop_NoFIFO
8.140129,-1,20,8520.440000,129.027000,1833.545918,1840.429321,460.000000,819,-1373.545918,OpenLoop,NoFIFO,false,OpenLoop_NoFIFO
8.150133,-1,20,10003.741000,132.768000,1833.545918,1839.396810,460.000000,819,-1373.545918,OpenLoop,NoFIFO,false,OpenLoop_NoFIFO
8.160126,-1,20,9993.537000,126.305000,1833.545918,1838.519177,460.000000,819,-1373.545918,OpenLoop,NoFIFO,false,OpenLoop_NoFIFO
8.170127,-1,20,10000.741000,127.046000,1833.545918,1837.773188,460.000000,819,-1373.545918,OpenLoop,NoFIFO,false,OpenLoop_NoFIFO
8.180122,-1,20,9994.611000,121.657000,1840.154521,1838.130388,460.000000,819,-1380.154521,OpenLoop,NoFIFO,false,OpenLoop_NoFIFO
8.190208,-1,20,10086.463000,208.120000,1847.183588,1839.488368,460.000000,819,-1387.183588,OpenLoop,NoFIFO,false,OpenLoop_NoFIFO
8.200101,-1,20,9892.575000,100.695000,1819.910808,1836.551734,460.000000,819,-1359.910808,OpenLoop,NoFIFO,false,OpenLoop_NoFIFO
8.210110,-1,20,10009.407000,110.102000,1850.649351,1838.666376,460.000000,819,-1390.649351,OpenLoop,NoFIFO,false,OpenLoop_NoFIFO
8.220216,-1,20,10105.889000,215.991000,1849.688474,1840.319691,460.000000,819,-1389.688474,OpenLoop,NoFIFO,false,OpenLoop_NoFIFO
8.230081,-1,20,9864.871000,80.862000,1821.844993,1837.548486,460.000000,819,-1361.844993,OpenLoop,NoFIFO,false,OpenLoop_NoFIFO
8.240124,-1,20,10043.093000,123.955000,1842.570755,1838.301827,460.000000,819,-1382.570755,OpenLoop,NoFIFO,false,OpenLoop_NoFIFO
8.250079,-1,20,9954.834000,78.789000,1857.311321,1841.153251,460.000000,819,-1397.311321,OpenLoop,NoFIFO,false,OpenLoop_NoFIFO
8.260112,-1,20,10033.629000,112.418000,1821.822479,1838.253635,460.000000,819,-1361.822479,OpenLoop,NoFIFO,false,OpenLoop_NoFIFO
8.270162,-1,20,10049.111000,161.529000,1832.408875,1837.376921,460.000000,819,-1372.408875,OpenLoop,NoFIFO,false,OpenLoop_NoFIFO
8.280117,-1,20,9955.593000,117.122000,1855.329041,1840.069739,460.000000,819,-1395.329041,OpenLoop,NoFIFO,false,OpenLoop_NoFIFO
8.290074,-1,20,9957.131000,74.253000,1828.615604,1838.351619,460.000000,819,-1368.615604,OpenLoop,NoFIFO,false,OpenLoop_NoFIFO
8.300102,-1,20,10027.351000,101.604000,1821.904498,1835.884551,460.000000,819,-1361.904498,OpenLoop,NoFIFO,false,OpenLoop_NoFIFO
8.310097,-1,20,9994.908000,96.512000,1860.479187,1839.573746,460.000000,819,-1400.479187,OpenLoop,NoFIFO,false,OpenLoop_NoFIFO
8.320086,-1,20,9989.408000,85.920000,1833.470782,1838.658301,460.000000,819,-1373.470782,OpenLoop,NoFIFO,false,OpenLoop_NoFIFO
8.330106,-1,20,10020.333000,106.253000,1817.602041,1835.499862,460.000000,819,-1357.602041,OpenLoop,NoFIFO,false,OpenLoop_NoFIFO
8.340098,-1,20,9992.167000,98.420000,1862.891207,1839.608564,460.000000,819,-1402.891207,OpenLoop,NoFIFO,false,OpenLoop_NoFIFO
8.350662,-1,20,10563.643000,662.063000,1834.849183,1838.894657,460.000000,819,-1374.849183,OpenLoop,NoFIFO,false,OpenLoop_NoFIFO
8.360872,-1,20,10210.128000,872.191000,1814.098134,1835.175178,460.000000,819,-1354.098134,OpenLoop,NoFIFO,false,OpenLoop_NoFIFO
8.370094,-1,20,9222.230000,94.421000,1846.265397,1836.838711,460.000000,819,-1386.265397,OpenLoop,NoFIFO,false,OpenLoop_NoFIFO
8.380171,-1,20,10076.481000,170.902000,1843.551186,1837.845582,460.000000,819,-1383.551186,OpenLoop,NoFIFO,false,OpenLoop_NoFIFO
8.393132,-1,20,12960.824000,3131.726000,1816.860465,1834.697815,460.000000,819,-1356.860465,OpenLoop,NoFIFO,false,OpenLoop_NoFIFO
8.400584,-1,20,7452.469000,584.195000,1849.657565,1836.941777,460.000000,819,-1389.657565,OpenLoop,NoFIFO,false,OpenLoop_NoFIFO
8.410320,-1,20,9736.113000,320.308000,1873.750833,1842.463136,460.000000,819,-1413.750833,OpenLoop,NoFIFO,false,OpenLoop_NoFIFO
8.420128,-1,20,9808.132000,128.440000,1873.750833,1847.156290,460.000000,819,-1413.750833,OpenLoop,NoFIFO,false,OpenLoop_NoFIFO
8.430113,-1,20,9984.204000,112.644000,1873.750833,1851.145472,460.000000,819,-1413.750833,OpenLoop,NoFIFO,false,OpenLoop_NoFIFO
8.440080,-1,20,9966.945000,79.589000,1873.750833,1854.536276,460.000000,819,-1413.750833,OpenLoop,NoFIFO,false,OpenLoop_NoFIFO
8.450087,-1,20,10006.963000,86.552000,1835.946988,1851.747883,460.000000,819,-1375.946988,OpenLoop,NoFIFO,false,OpenLoop_NoFIFO
8.460079,-1,20,9992.760000,79.312000,1847.769710,1851.151157,460.000000,819,-1387.769710,OpenLoop,NoFIFO,false,OpenLoop_NoFIFO
8.470070,-1,20,9990.833000,70.145000,1854.082150,1851.590806,460.000000,819,-1394.082150,OpenLoop,NoFIFO,false,OpenLoop_NoFIFO
8.480062,-1,20,9991.760000,61.905000,1824.476048,1847.523592,460.000000,819,-1364.476048,OpenLoop,NoFIFO,false,OpenLoop_NoFIFO
8.490061,-1,20,9999.037000,60.942000,1845.104634,1847.160748,460.000000,819,-1385.104634,OpenLoop,NoFIFO,false,OpenLoop_NoFIFO
8.500059,-1,20,9998.408000,59.350000,1855.273046,1848.377593,460.000000,819,-1395.273046,OpenLoop,NoFIFO,false,OpenLoop_NoFIFO
8.510059,-1,20,9999.315000,58.665000,1833.230198,1846.105484,460.000000,819,-1373.230198,OpenLoop,NoFIFO,false,OpenLoop_NoFIFO
8.520058,-1,20,9999.241000,57.906000,1835.956867,1844.583191,460.000000,819,-1375.956867,OpenLoop,NoFIFO,false,OpenLoop_NoFIFO
8.530062,-1,20,10004.444000,62.350000,1856.203008,1846.326164,460.000000,819,-1396.203008,OpenLoop,NoFIFO,false,OpenLoop_NoFIFO
8.540060,-1,20,9997.927000,60.277000,1834.545911,1844.559126,460.000000,819,-1374.545911,OpenLoop,NoFIFO,false,OpenLoop_NoFIFO
8.550058,-1,20,9998.092000,58.369000,1827.211394,1841.956966,460.000000,819,-1367.211394,OpenLoop,NoFIFO,false,OpenLoop_NoFIFO
8.560058,-1,20,9999.853000,58.222000,1863.817097,1845.235986,460.000000,819,-1403.817097,OpenLoop,NoFIFO,false,OpenLoop_NoFIFO
8.570059,-1,20,10000.963000,59.185000,1834.545911,1843.632474,460.000000,819,-1374.545911,OpenLoop,NoFIFO,false,OpenLoop_NoFIFO
8.580058,-1,20,9999.092000,58.277000,1825.386920,1840.895641,460.000000,819,-1365.386920,OpenLoop,NoFIFO,false,OpenLoop_NoFIFO
8.590058,-1,20,9999.853000,58.130000,1858.998494,1843.611069,460.000000,819,-1398.998494,OpenLoop,NoFIFO,false,OpenLoop_NoFIFO
8.600058,-1,20,10000.074000,58.204000,1838.691658,1842.873158,460.000000,819,-1378.691658,OpenLoop,NoFIFO,false,OpenLoop_NoFIFO
8.610058,-1,20,9999.907000,58.111000,1818.324937,1839.190924,460.000000,819,-1358.324937,OpenLoop,NoFIFO,false,OpenLoop_NoFIFO
8.620058,-1,20,10000.149000,58.260000,1863.817097,1842.884850,460.000000,819,-1403.817097,OpenLoop,NoFIFO,false,OpenLoop_NoFIFO
8.630058,-1,20,10000.222000,58.482000,1839.159960,1842.326117,460.000000,819,-1379.159960,OpenLoop,NoFIFO,false,OpenLoop_NoFIFO
8.640058,-1,20,9999.649000,58.131000,1818.125311,1838.695996,460.000000,819,-1358.125311,OpenLoop,NoFIFO,false,OpenLoop_NoFIFO
8.650063,-1,20,10004.815000,62.946000,1859.932195,1841.881426,460.000000,819,-1399.932195,OpenLoop,NoFIFO,false,OpenLoop_NoFIFO
8.660060,-1,20,9997.129000,60.075000,1838.691658,1841.402961,460.000000,819,-1378.691658,OpenLoop,NoFIFO,false,OpenLoop_NoFIFO
8.670059,-1,20,9998.427000,58.502000,1819.241431,1838.078731,460.000000,819,-1359.241431,OpenLoop,NoFIFO,false,OpenLoop_NoFIFO
8.680058,-1,20,9999.870000,58.372000,1853.415916,1840.379309,460.000000,819,-1393.415916,OpenLoop,NoFIFO,false,OpenLoop_NoFIFO
8.690059,-1,20,10000.278000,58.650000,1845.472441,1841.143279,460.000000,819,-1385.472441,OpenLoop,NoFIFO,false,OpenLoop_NoFIFO
8.700058,-1,20,9999.797000,58.447000,1817.221670,1837.555037,460.000000,819,-1357.221670,OpenLoop,NoFIFO,false,OpenLoop_NoFIFO
8.710058,-1,20,9999.889000,58.336000,1852.488744,1839.795093,460.000000,819,-1392.488744,OpenLoop,NoFIFO,false,OpenLoop_NoFIFO
8.720058,-1,20,9999.852000,58.188000,1843.797277,1840.395421,460.000000,819,-1383.797277,OpenLoop,NoFIFO,false,OpenLoop_NoFIFO
8.730059,-1,20,10000.667000,58.855000,1821.748879,1837.598440,460.000000,819,-1361.748879,OpenLoop,NoFIFO,false,OpenLoop_NoFIFO
8.740066,-1,20,10007.389000,66.244000,1843.657817,1838.507346,460.000000,819,-1383.657817,OpenLoop,NoFIFO,false,OpenLoop_NoFIFO
8.750064,-1,20,9997.944000,64.188000,1850.024667,1840.234944,460.000000,819,-1390.024667,OpenLoop,NoFIFO,false,OpenLoop_NoFIFO
8.760060,-1,20,9996.204000,60.392000,1823.837797,1837.775372,460.000000,819,-1363.837797,OpenLoop,NoFIFO,false,OpenLoop_NoFIFO
8.770060,-1,20,9999.390000,59.782000,1835.956867,1837.502596,460.000000,819,-1375.956867,OpenLoop,NoFIFO,false,OpenLoop_NoFIFO
8.780059,-1,20,9998.981000,58.763000,1855.273046,1840.168164,460.000000,819,-1395.273046,OpenLoop,NoFIFO,false,OpenLoop_NoFIFO
8.790058,-1,20,9999.704000,58.467000,1822.657029,1837.541494,460.000000,819,-1362.657029,OpenLoop,NoFIFO,false,OpenLoop_NoFIFO
8.800058,-1,20,9999.556000,58.023000,1835.047076,1837.167331,460.000000,819,-1375.047076,OpenLoop,NoFIFO,false,OpenLoop_NoFIFO
8.810058,-1,20,10000.000000,58.023000,1857.133902,1840.162317,460.000000,819,-1397.133902,OpenLoop,NoFIFO,false,OpenLoop_NoFIFO
8.820058,-1,20,9999.871000,57.894000,1831.788577,1838.906256,460.000000,819,-1371.788577,OpenLoop,NoFIFO,false,OpenLoop_NoFIFO
8.830058,-1,20,9999.741000,57.635000,1821.748879,1836.332649,460.000000,819,-1361.748879,OpenLoop,NoFIFO,false,OpenLoop_NoFIFO
8.840058,-1,20,10000.148000,57.783000,1866.600299,1840.872797,460.000000,819,-1406.600299,OpenLoop,NoFIFO,false,OpenLoop_NoFIFO
8.850059,-1,20,10000.964000,58.747000,1832.706767,1839.647892,460.000000,819,-1372.706767,OpenLoop,NoFIFO,false,OpenLoop_NoFIFO
8.860058,-1,20,9999.518000,58.265000,1819.935291,1836.691002,460.000000,819,-1359.935291,OpenLoop,NoFIFO,false,OpenLoop_NoFIFO
8.870058,-1,20,9999.797000,58.062000,1869.321050,1841.585509,460.000000,819,-1409.321050,OpenLoop,NoFIFO,false,OpenLoop_NoFIFO
8.880058,-1,20,9999.704000,57.766000,1838.691658,1841.151432,460.000000,819,-1378.691658,OpenLoop,NoFIFO,false,OpenLoop_NoFIFO
8.890058,-1,20,10000.241000,58.007000,1818.125311,1837.697513,460.000000,819,-1358.125311,OpenLoop,NoFIFO,false,OpenLoop_NoFIFO
8.900058,-1,20,9999.667000,57.674000,1864.743909,1841.754473,460.000000,819,-1404.743909,OpenLoop,NoFIFO,false,OpenLoop_NoFIFO
8.910058,-1,20,9999.833000,57.507000,1844.185757,1842.119165,460.000000,819,-1384.185757,OpenLoop,NoFIFO,false,OpenLoop_NoFIFO
8.920057,-1,20,9999.927000,57.434000,1813.756281,1837.864733,460.000000,819,-1353.756281,OpenLoop,NoFIFO,false,OpenLoop_NoFIFO
8.930060,-1,20,10002.370000,59.804000,1865.671642,1842.035769,460.000000,819,-1405.671642,OpenLoop,NoFIFO,false,OpenLoop_NoFIFO
8.940058,-1,20,9998.186000,57.990000,1843.797277,1842.299995,460.000000,819,-1383.797277,OpenLoop,NoFIFO,false,OpenLoop_NoFIFO
8.950058,-1,20,10000.204000,58.194000,1820.841633,1839.081241,460.000000,819,-1360.841633,OpenLoop,NoFIFO,false,OpenLoop_NoFIFO
8.960058,-1,20,9999.518000,57.712000,1853.415916,1841.231442,460.000000,819,-1393.415916,OpenLoop,NoFIFO,false,OpenLoop_NoFIFO
8.970059,-1,20,10001.019000,58.731000,1852.360044,1842.900732,460.000000,819,-1392.360044,OpenLoop,NoFIFO,false,OpenLoop_NoFIFO
8.980062,-1,20,10003.426000,62.157000,1824.476048,1840.137030,460.000000,819,-1364.476048,OpenLoop,NoFIFO,false,OpenLoop_NoFIFO
8.990061,-1,20,9998.612000,60.769000,1839.159960,1839.990469,460.000000,819,-1379.159960,OpenLoop,NoFIFO,false,OpenLoop_NoFIFO
9.000067,-1,20,10006.222000,66.991000,1861.213235,1843.173884,460.000000,819,-1401.213235,OpenLoop,NoFIFO,false,OpenLoop_NoFIFO
9.010061,-1,20,9994.352000,61.343000,1824.476048,1840.369209,460.000000,819,-1364.476048,OpenLoop,NoFIFO,false,OpenLoop_NoFIFO
9.020059,-1,20,9997.389000,58.732000,1836.388749,1839.772140,460.000000,819,-1376.388749,OpenLoop,NoFIFO,false,OpenLoop_NoFIFO
9.030063,-1,20,10004.149000,62.881000,1858.065730,1842.516178,460.000000,819,-1398.065730,OpenLoop,NoFIFO,false,OpenLoop_NoFIFO
9.040060,-1,20,9997.222000,60.103000,1831.416914,1840.851289,460.000000,819,-1371.416914,OpenLoop,NoFIFO,false,OpenLoop_NoFIFO
9.050058,-1,20,9998.297000,58.400000,1826.298701,1838.668401,460.000000,819,-1366.298701,OpenLoop,NoFIFO,false,OpenLoop_NoFIFO
9.060058,-1,20,9999.796000,58.196000,1862.891207,1842.301822,460.000000,819,-1402.891207,OpenLoop,NoFIFO,false,OpenLoop_NoFIFO
9.070067,-1,20,10008.778000,66.974000,1835.535977,1841.286945,460.000000,819,-1375.535977,OpenLoop,NoFIFO,false,OpenLoop_NoFIFO
9.080060,-1,20,9993.297000,60.271000,1819.935291,1838.084197,460.000000,819,-1359.935291,OpenLoop,NoFIFO,false,OpenLoop_NoFIFO
9.090059,-1,20,9998.741000,59.012000,1865.554156,1842.204691,460.000000,819,-1405.554156,OpenLoop,NoFIFO,false,OpenLoop_NoFIFO
9.100059,-1,20,9999.667000,58.679000,1833.740831,1840.935112,460.000000,819,-1373.740831,OpenLoop,NoFIFO,false,OpenLoop_NoFIFO
9.110059,-1,20,9999.963000,58.642000,1818.324937,1837.543586,460.000000,819,-1358.324937,OpenLoop,NoFIFO,false,OpenLoop_NoFIFO
9.120058,-1,20,9999.778000,58.420000,1860.119048,1840.929905,460.000000,819,-1400.119048,OpenLoop,NoFIFO,false,OpenLoop_NoFIFO
9.130059,-1,20,10000.445000,58.865000,1842.867944,1841.220611,460.000000,819,-1382.867944,OpenLoop,NoFIFO,false,OpenLoop_NoFIFO
9.140059,-1,20,9999.907000,58.772000,1812.716906,1836.945055,460.000000,819,-1352.716906,OpenLoop,NoFIFO,false,OpenLoop_NoFIFO
9.150058,-1,20,9999.538000,58.310000,1862.891207,1840.836978,460.000000,819,-1402.891207,OpenLoop,NoFIFO,false,OpenLoop_NoFIFO
9.160058,-1,20,10000.037000,58.347000,1841.012085,1840.863244,460.000000,819,-1381.012085,OpenLoop,NoFIFO,false,OpenLoop_NoFIFO
9.170059,-1,20,10001.019000,59.366000,1818.125311,1837.452554,460.000000,819,-1358.125311,OpenLoop,NoFIFO,false,OpenLoop_NoFIFO
9.180059,-1,20,9999.259000,58.625000,1858.998494,1840.684445,460.000000,819,-1398.998494,OpenLoop,NoFIFO,false,OpenLoop_NoFIFO
9.190062,-1,20,10003.186000,61.811000,1849.712787,1842.038696,460.000000,819,-1389.712787,OpenLoop,NoFIFO,false,OpenLoop_NoFIFO
9.200062,-1,20,10000.018000,61.829000,1823.301329,1839.228091,460.000000,819,-1363.301329,OpenLoop,NoFIFO,false,OpenLoop_NoFIFO
9.210060,-1,20,9997.741000,59.570000,1852.488744,1841.217189,460.000000,819,-1392.488744,OpenLoop,NoFIFO,false,OpenLoop_NoFIFO
9.220059,-1,20,9999.538000,59.108000,1853.415916,1843.046998,460.000000,819,-1393.415916,OpenLoop,NoFIFO,false,OpenLoop_NoFIFO
9.230059,-1,20,9999.852000,58.960000,1824.476048,1840.261356,460.000000,819,-1364.476048,OpenLoop,NoFIFO,false,OpenLoop_NoFIFO
9.240058,-1,20,9999.537000,58.497000,1851.562500,1841.956527,460.000000,819,-1391.562500,OpenLoop,NoFIFO,false,OpenLoop_NoFIFO
9.250059,-1,20,10000.056000,58.553000,1854.344016,1843.814651,460.000000,819,-1394.344016,OpenLoop,NoFIFO,false,OpenLoop_NoFIFO
9.260061,-1,20,10002.278000,60.831000,1834.545911,1842.424340,460.000000,819,-1374.545911,OpenLoop,NoFIFO,false,OpenLoop_NoFIFO
9.270061,-1,20,10000.241000,61.072000,1838.691658,1841.864437,460.000000,819,-1378.691658,OpenLoop,NoFIFO,false,OpenLoop_NoFIFO
9.280071,-1,20,10009.463000,70.535000,1858.704508,1844.390448,460.000000,819,-1398.704508,OpenLoop,NoFIFO,false,OpenLoop_NoFIFO
9.290061,-1,20,9990.630000,61.165000,1835.047076,1842.988942,460.000000,819,-1375.047076,OpenLoop,NoFIFO,false,OpenLoop_NoFIFO
9.300062,-1,20,10000.741000,61.906000,1829.954955,1841.033844,460.000000,819,-1369.954955,OpenLoop,NoFIFO,false,OpenLoop_NoFIFO
9.310066,-1,20,10003.630000,65.536000,1863.817097,1844.451332,460.000000,819,-1403.817097,OpenLoop,NoFIFO,false,OpenLoop_NoFIFO
9.320061,-1,20,9995.019000,60.555000,1836.388749,1843.241945,460.000000,819,-1376.388749,OpenLoop,NoFIFO,false,OpenLoop_NoFIFO
9.330059,-1,20,9998.000000,58.555000,1827.211394,1840.837362,460.000000,819,-1367.211394,OpenLoop,NoFIFO,false,OpenLoop_NoFIFO
9.340058,-1,20,9999.667000,58.222000,1859.196827,1843.591282,460.000000,819,-1399.196827,OpenLoop,NoFIFO,false,OpenLoop_NoFIFO
9.350060,-1,20,10001.889000,60.111000,1839.159960,1842.926584,460.000000,819,-1379.159960,OpenLoop,NoFIFO,false,OpenLoop_NoFIFO
9.360060,-1,20,10000.241000,60.352000,1816.318927,1838.935435,460.000000,819,-1356.318927,OpenLoop,NoFIFO,false,OpenLoop_NoFIFO
9.370062,-1,20,10001.352000,61.704000,1865.554156,1842.928243,460.000000,819,-1405.554156,OpenLoop,NoFIFO,false,OpenLoop_NoFIFO
9.380060,-1,20,9997.815000,59.519000,1838.691658,1842.292756,460.000000,819,-1378.691658,OpenLoop,NoFIFO,false,OpenLoop_NoFIFO
9.390060,-1,20,10000.000000,59.519000,1819.241431,1838.835057,460.000000,819,-1359.241431,OpenLoop,NoFIFO,false,OpenLoop_NoFIFO
9.400058,-1,20,9998.927000,58.446000,1859.196827,1841.889322,460.000000,819,-1399.196827,OpenLoop,NoFIFO,false,OpenLoop_NoFIFO
9.410058,-1,20,9999.852000,58.298000,1838.235294,1841.341218,460.000000,819,-1378.235294,OpenLoop,NoFIFO,false,OpenLoop_NoFIFO
9.420058,-1,20,10000.130000,58.428000,1819.029851,1837.994513,460.000000,819,-1359.029851,OpenLoop,NoFIFO,false,OpenLoop_NoFIFO
9.430058,-1,20,9999.833000,58.261000,1854.344016,1840.446939,460.000000,819,-1394.344016,OpenLoop,NoFIFO,false,OpenLoop_NoFIFO
9.440058,-1,20,9999.723000,57.984000,1846.024427,1841.283562,460.000000,819,-1386.024427,OpenLoop,NoFIFO,false,OpenLoop_NoFIFO
9.450061,-1,20,10002.815000,60.799000,1816.494716,1837.565235,460.000000,819,-1356.494716,OpenLoop,NoFIFO,false,OpenLoop_NoFIFO
9.460063,-1,20,10002.315000,63.114000,1850.637181,1839.526027,460.000000,819,-1390.637181,OpenLoop,NoFIFO,false,OpenLoop_NoFIFO
9.470060,-1,20,9996.741000,59.855000,1842.350746,1839.949735,460.000000,819,-1382.350746,OpenLoop,NoFIFO,false,OpenLoop_NoFIFO
9.480058,-1,20,9998.537000,58.392000,1821.077195,1837.118854,460.000000,819,-1361.077195,OpenLoop,NoFIFO,false,OpenLoop_NoFIFO
9.490058,-1,20,9999.982000,58.374000,1841.434610,1837.766217,460.000000,819,-1381.434610,OpenLoop,NoFIFO,false,OpenLoop_NoFIFO
9.500059,-1,20,10000.130000,58.504000,1848.789316,1839.419682,460.000000,819,-1388.789316,OpenLoop,NoFIFO,false,OpenLoop_NoFIFO
9.510057,-1,20,9998.667000,57.171000,1824.476048,1837.178137,460.000000,819,-1364.476048,OpenLoop,NoFIFO,false,OpenLoop_NoFIFO
9.520069,-1,20,10012.203000,69.374000,1832.706767,1836.507431,460.000000,819,-1372.706767,OpenLoop,NoFIFO,false,OpenLoop_NoFIFO
9.530062,-1,20,9992.908000,62.282000,1856.203008,1839.461768,460.000000,819,-1396.203008,OpenLoop,NoFIFO,false,OpenLoop_NoFIFO
9.540059,-1,20,9996.815000,59.097000,1822.657029,1836.941057,460.000000,819,-1362.657029,OpenLoop,NoFIFO,false,OpenLoop_NoFIFO
9.550058,-1,20,9999.260000,58.357000,1829.954955,1835.893142,460.000000,819,-1369.954955,OpenLoop,NoFIFO,false,OpenLoop_NoFIFO
9.560058,-1,20,9999.759000,58.116000,1858.065730,1839.219030,460.000000,819,-1398.065730,OpenLoop,NoFIFO,false,OpenLoop_NoFIFO
9.570059,-1,20,10001.001000,59.117000,1833.625878,1838.380057,460.000000,819,-1373.625878,OpenLoop,NoFIFO,false,OpenLoop_NoFIFO
9.580059,-1,20,9999.407000,58.524000,1819.935291,1835.613342,460.000000,819,-1359.935291,OpenLoop,NoFIFO,false,OpenLoop_NoFIFO
9.590058,-1,20,9999.797000,58.321000,1865.671642,1840.122087,460.000000,819,-1405.671642,OpenLoop,NoFIFO,false,OpenLoop_NoFIFO
9.600058,-1,20,10000.093000,58.414000,1833.625878,1839.147656,460.000000,819,-1373.625878,OpenLoop,NoFIFO,false,OpenLoop_NoFIFO
9.610058,-1,20,9999.648000,58.062000,1815.580986,1835.612655,460.000000,819,-1355.580986,OpenLoop,NoFIFO,false,OpenLoop_NoFIFO
9.620058,-1,20,9999.963000,58.025000,1868.460389,1840.539815,460.000000,819,-1408.460389,OpenLoop,NoFIFO,false,OpenLoop_NoFIFO
9.630058,-1,20,10000.223000,58.248000,1836.867560,1839.988977,460.000000,819,-1376.867560,OpenLoop,NoFIFO,false,OpenLoop_NoFIFO
9.640058,-1,20,9999.556000,57.804000,1819.241431,1836.876845,460.000000,819,-1359.241431,OpenLoop,NoFIFO,false,OpenLoop_NoFIFO
9.650070,-1,20,10011.944000,69.748000,1859.579100,1840.282183,460.000000,819,-1399.579100,OpenLoop,NoFIFO,false,OpenLoop_NoFIFO
9.660060,-1,20,9990.630000,60.378000,1844.185757,1840.867719,460.000000,819,-1384.185757,OpenLoop,NoFIFO,false,OpenLoop_NoFIFO
9.670058,-1,20,9998.019000,58.397000,1811.935241,1836.527848,460.000000,819,-1351.935241,OpenLoop,NoFIFO,false,OpenLoop_NoFIFO
9.680059,-1,20,10000.204000,58.601000,1863.817097,1840.621235,460.000000,819,-1403.817097,OpenLoop,NoFIFO,false,OpenLoop_NoFIFO
9.690059,-1,20,10000.037000,58.638000,1845.104634,1841.293745,460.000000,819,-1385.104634,OpenLoop,NoFIFO,false,OpenLoop_NoFIFO
9.700058,-1,20,9999.723000,58.361000,1820.158850,1838.123511,460.000000,819,-1360.158850,OpenLoop,NoFIFO,false,OpenLoop_NoFIFO
9.710058,-1,20,9999.741000,58.102000,1852.766798,1840.320004,460.000000,819,-1392.766798,OpenLoop,NoFIFO,false,OpenLoop_NoFIFO
9.720069,-1,20,10010.963000,69.065000,1851.231107,1841.956669,460.000000,819,-1391.231107,OpenLoop,NoFIFO,false,OpenLoop_NoFIFO
9.730061,-1,20,9992.167000,61.232000,1822.916667,1839.100669,460.000000,819,-1362.916667,OpenLoop,NoFIFO,false,OpenLoop_NoFIFO
9.740059,-1,20,9997.426000,58.658000,1839.605067,1839.176329,460.000000,819,-1379.605067,OpenLoop,NoFIFO,false,OpenLoop_NoFIFO
9.750067,-1,20,10007.926000,66.584000,1861.042184,1842.456207,460.000000,819,-1401.042184,OpenLoop,NoFIFO,false,OpenLoop_NoFIFO
9.760060,-1,20,9993.723000,60.307000,1826.298701,1840.032581,460.000000,819,-1366.298701,OpenLoop,NoFIFO,false,OpenLoop_NoFIFO
9.770060,-1,20,9999.241000,59.548000,1836.867560,1839.557828,460.000000,819,-1376.867560,OpenLoop,NoFIFO,false,OpenLoop_NoFIFO
9.780058,-1,20,9998.796000,58.344000,1857.355126,1842.227423,460.000000,819,-1397.355126,OpenLoop,NoFIFO,false,OpenLoop_NoFIFO
9.790058,-1,20,9999.982000,58.326000,1831.788577,1840.661596,460.000000,819,-1371.788577,OpenLoop,NoFIFO,false,OpenLoop_NoFIFO
9.800062,-1,20,10003.722000,62.048000,1827.211394,1838.644066,460.000000,819,-1367.211394,OpenLoop,NoFIFO,false,OpenLoop_NoFIFO
9.810060,-1,20,9997.927000,59.975000,1862.738934,1842.258296,460.000000,819,-1402.738934,OpenLoop,NoFIFO,false,OpenLoop_NoFIFO
9.820061,-1,20,10001.333000,61.308000,1835.956867,1841.313081,460.000000,819,-1375.956867,OpenLoop,NoFIFO,false,OpenLoop_NoFIFO
9.830060,-1,20,9999.093000,60.401000,1817.409366,1837.727524,460.000000,819,-1357.409366,OpenLoop,NoFIFO,false,OpenLoop_NoFIFO
9.840059,-1,20,9998.556000,58.957000,1866.600299,1842.058440,460.000000,819,-1406.600299,OpenLoop,NoFIFO,false,OpenLoop_NoFIFO
9.850060,-1,20,10001.204000,60.161000,1834.545911,1840.931561,460.000000,819,-1374.545911,OpenLoop,NoFIFO,false,OpenLoop_NoFIFO
9.860059,-1,20,9998.556000,58.717000,1817.221670,1837.375077,460.000000,819,-1357.221670,OpenLoop,NoFIFO,false,OpenLoop_NoFIFO
9.870061,-1,20,10002.222000,60.939000,1860.866834,1840.898841,460.000000,819,-1400.866834,OpenLoop,NoFIFO,false,OpenLoop_NoFIFO
9.880059,-1,20,9998.075000,59.014000,1844.185757,1841.391878,460.000000,819,-1384.185757,OpenLoop,NoFIFO,false,OpenLoop_NoFIFO
9.890058,-1,20,9999.333000,58.347000,1812.845304,1837.109892,460.000000,819,-1352.845304,OpenLoop,NoFIFO,false,OpenLoop_NoFIFO
9.900059,-1,20,10000.686000,59.033000,1861.042184,1840.699736,460.000000,819,-1401.042184,OpenLoop,NoFIFO,false,OpenLoop_NoFIFO
9.910058,-1,20,9999.278000,58.311000,1843.797277,1841.164367,460.000000,819,-1383.797277,OpenLoop,NoFIFO,false,OpenLoop_NoFIFO
9.920058,-1,20,9999.963000,58.274000,1816.318927,1837.437551,460.000000,819,-1356.318927,OpenLoop,NoFIFO,false,OpenLoop_NoFIFO
9.930058,-1,20,9999.926000,58.200000,1857.133902,1840.392004,460.000000,819,-1397.133902,OpenLoop,NoFIFO,false,OpenLoop_NoFIFO
9.940058,-1,20,9999.964000,58.164000,1848.789316,1841.651600,460.000000,819,-1388.789316,OpenLoop,NoFIFO,false,OpenLoop_NoFIFO
9.950061,-1,20,10002.611000,60.775000,1824.476048,1839.075268,460.000000,819,-1364.476048,OpenLoop,NoFIFO,false,OpenLoop_NoFIFO
9.960059,-1,20,9998.167000,58.942000,1846.590909,1840.202614,460.000000,819,-1386.590909,OpenLoop,NoFIFO,false,OpenLoop_NoFIFO
9.970060,-1,20,10000.648000,59.590000,1854.599407,1842.362133,460.000000,819,-1394.599407,OpenLoop,NoFIFO,false,OpenLoop_NoFIFO
9.980063,-1,20,10003.149000,62.739000,1822.916667,1839.445313,460.000000,819,-1362.916667,OpenLoop,NoFIFO,false,OpenLoop_NoFIFO
9.990061,-1,20,9997.796000,60.535000,1846.024427,1840.432180,460.000000,819,-1386.024427,OpenLoop,NoFIFO,false,OpenLoop_NoFIFO
10.000062,-1,20,10001.575000,62.110000,1853.415916,1842.379740,460.000000,819,-1393.415916,OpenLoop,NoFIFO,false,OpenLoop_NoFIFO
10.010058,-1,20,9996.148000,58.258000,1833.625878,1841.066661,460.000000,819,-1373.625878,OpenLoop,NoFIFO,false,OpenLoop_NoFIFO
10.020058,-1,20,10000.130000,58.388000,1835.956867,1840.300192,460.000000,819,-1375.956867,OpenLoop,NoFIFO,false,OpenLoop_NoFIFO
10.030059,-1,20,10000.389000,58.777000,1855.273046,1842.546120,460.000000,819,-1395.273046,OpenLoop,NoFIFO,false,OpenLoop_NoFIFO
10.040059,-1,20,9999.871000,58.648000,1831.788577,1840.932488,460.000000,819,-1371.788577,OpenLoop,NoFIFO,false,OpenLoop_NoFIFO
10.050058,-1,20,9999.556000,58.204000,1826.298701,1838.737420,460.000000,819,-1366.298701,OpenLoop,NoFIFO,false,OpenLoop_NoFIFO
10.060058,-1,20,10000.000000,58.204000,1862.738934,1842.337647,460.000000,819,-1402.738934,OpenLoop,NoFIFO,false,OpenLoop_NoFIFO
10.070058,-1,20,10000.260000,58.464000,1833.230198,1840.971530,460.000000,819,-1373.230198,OpenLoop,NoFIFO,false,OpenLoop_NoFIFO
10.080058,-1,20,9999.815000,58.279000,1824.476048,1838.497208,460.000000,819,-1364.476048,OpenLoop,NoFIFO,false,OpenLoop_NoFIFO
10.090058,-1,20,9999.815000,58.094000,1857.133902,1841.292712,460.000000,819,-1397.133902,OpenLoop,NoFIFO,false,OpenLoop_NoFIFO
10.100058,-1,20,10000.352000,58.446000,1837.311558,1840.695539,460.000000,819,-1377.311558,OpenLoop,NoFIFO,false,OpenLoop_NoFIFO
10.110058,-1,20,9999.630000,58.076000,1815.417080,1836.903770,460.000000,819,-1355.417080,OpenLoop,NoFIFO,false,OpenLoop_NoFIFO
10.120058,-1,20,10000.000000,58.076000,1863.676397,1840.919664,460.000000,819,-1403.676397,OpenLoop,NoFIFO,false,OpenLoop_NoFIFO
10.130058,-1,20,10000.389000,58.465000,1837.779156,1840.448588,460.000000,819,-1377.779156,OpenLoop,NoFIFO,false,OpenLoop_NoFIFO
10.140058,-1,20,9999.593000,58.058000,1816.494716,1836.855507,460.000000,819,-1356.494716,OpenLoop,NoFIFO,false,OpenLoop_NoFIFO
10.150058,-1,20,10000.389000,58.447000,1859.932195,1840.317010,460.000000,819,-1399.932195,OpenLoop,NoFIFO,false,OpenLoop_NoFIFO
10.160058,-1,20,9999.853000,58.300000,1837.779156,1839.936332,460.000000,819,-1377.779156,OpenLoop,NoFIFO,false,OpenLoop_NoFIFO
10.170063,-1,20,10004.426000,62.726000,1819.935291,1836.936176,460.000000,819,-1359.935291,OpenLoop,NoFIFO,false,OpenLoop_NoFIFO
10.180060,-1,20,9997.556000,60.282000,1852.766798,1839.310769,460.000000,819,-1392.766798,OpenLoop,NoFIFO,false,OpenLoop_NoFIFO
10.190059,-1,20,9998.555000,58.837000,1845.658758,1840.262968,460.000000,819,-1385.658758,OpenLoop,NoFIFO,false,OpenLoop_NoFIFO
10.200058,-1,20,9999.427000,58.264000,1815.417080,1836.536085,460.000000,819,-1355.417080,OpenLoop,NoFIFO,false,OpenLoop_NoFIFO
10.210058,-1,20,9999.963000,58.227000,1852.488744,1838.928984,460.000000,819,-1392.488744,OpenLoop,NoFIFO,false,OpenLoop_NoFIFO
10.220059,-1,20,10000.519000,58.746000,1842.867944,1839.519828,460.000000,819,-1382.867944,OpenLoop,NoFIFO,false,OpenLoop_NoFIFO
10.230058,-1,20,9999.648000,58.394000,1820.841633,1836.718098,460.000000,819,-1360.841633,OpenLoop,NoFIFO,false,OpenLoop_NoFIFO
10.240058,-1,20,9999.649000,58.043000,1843.657817,1837.759056,460.000000,819,-1383.657817,OpenLoop,NoFIFO,false,OpenLoop_NoFIFO
10.250058,-1,20,10000.185000,58.228000,1848.789316,1839.413595,460.000000,819,-1388.789316,OpenLoop,NoFIFO,false,OpenLoop_NoFIFO
10.260061,-1,20,10003.037000,61.265000,1823.837797,1837.077225,460.000000,819,-1363.837797,OpenLoop,NoFIFO,false,OpenLoop_NoFIFO
10.270059,-1,20,9997.834000,59.099000,1834.138187,1836.636370,460.000000,819,-1374.138187,OpenLoop,NoFIFO,false,OpenLoop_NoFIFO
10.280059,-1,20,9999.408000,58.507000,1856.203008,1839.571365,460.000000,819,-1396.203008,OpenLoop,NoFIFO,false,OpenLoop_NoFIFO
10.290065,-1,20,10006.037000,64.544000,1823.301329,1837.130860,460.000000,819,-1363.301329,OpenLoop,NoFIFO,false,OpenLoop_NoFIFO
10.300060,-1,20,9995.834000,60.378000,1833.625878,1836.605113,460.000000,819,-1373.625878,OpenLoop,NoFIFO,false,OpenLoop_NoFIFO
10.310067,-1,20,10006.444000,66.822000,1858.275520,1839.855674,460.000000,819,-1398.275520,OpenLoop,NoFIFO,false,OpenLoop_NoFIFO
10.320061,-1,20,9993.778000,60.600000,1831.788577,1838.645609,460.000000,819,-1371.788577,OpenLoop,NoFIFO,false,OpenLoop_NoFIFO
10.330059,-1,20,9998.223000,58.823000,1821.748879,1836.111100,460.000000,819,-1361.748879,OpenLoop,NoFIFO,false,OpenLoop_NoFIFO
10.340058,-1,20,9999.630000,58.453000,1866.600299,1840.684480,460.000000,819,-1406.600299,OpenLoop,NoFIFO,false,OpenLoop_NoFIFO
10.350061,-1,20,10002.074000,60.527000,1832.323107,1839.430274,460.000000,819,-1372.323107,OpenLoop,NoFIFO,false,OpenLoop_NoFIFO
10.360072,-1,20,10011.241000,71.768000,1819.681677,1836.467984,460.000000,819,-1359.681677,OpenLoop,NoFIFO,false,OpenLoop_NoFIFO
10.370063,-1,20,9991.667000,63.435000,1869.391825,1841.406560,460.000000,819,-1409.391825,OpenLoop,NoFIFO,false,OpenLoop_NoFIFO
10.380060,-1,20,9996.334000,59.769000,1837.779156,1840.862450,460.000000,819,-1377.779156,OpenLoop,NoFIFO,false,OpenLoop_NoFIFO
10.390060,-1,20,10000.167000,59.936000,1819.241431,1837.619297,460.000000,819,-1359.241431,OpenLoop,NoFIFO,false,OpenLoop_NoFIFO
10.400059,-1,20,9998.833000,58.769000,1861.966236,1841.271338,460.000000,819,-1401.966236,OpenLoop,NoFIFO,false,OpenLoop_NoFIFO
10.410059,-1,20,9999.816000,58.585000,1844.727548,1841.789769,460.000000,819,-1384.727548,OpenLoop,NoFIFO,false,OpenLoop_NoFIFO
10.420059,-1,20,10000.222000,58.807000,1811.818632,1837.294099,460.000000,819,-1351.818632,OpenLoop,NoFIFO,false,OpenLoop_NoFIFO
10.430059,-1,20,9999.797000,58.604000,1861.802413,1840.970346,460.000000,819,-1401.802413,OpenLoop,NoFIFO,false,OpenLoop_NoFIFO
10.440059,-1,20,9999.981000,58.585000,1844.564683,1841.509496,460.000000,819,-1384.564683,OpenLoop,NoFIFO,false,OpenLoop_NoFIFO
10.450060,-1,20,10001.723000,60.308000,1818.324937,1838.031813,460.000000,819,-1358.324937,OpenLoop,NoFIFO,false,OpenLoop_NoFIFO
10.460059,-1,20,9998.741000,59.049000,1851.851852,1840.104818,460.000000,819,-1391.851852,OpenLoop,NoFIFO,false,OpenLoop_NoFIFO
10.470063,-1,20,10004.389000,63.438000,1849.393020,1841.498049,460.000000,819,-1389.393020,OpenLoop,NoFIFO,false,OpenLoop_NoFIFO
10.480060,-1,20,9996.426000,59.864000,1819.029851,1838.127819,460.000000,819,-1359.029851,OpenLoop,NoFIFO,false,OpenLoop_NoFIFO
10.490059,-1,20,9999.001000,58.865000,1844.185757,1839.036510,460.000000,819,-1384.185757,OpenLoop,NoFIFO,false,OpenLoop_NoFIFO
10.500084,-1,20,10024.981000,83.846000,1857.629954,1841.825526,460.000000,819,-1397.629954,OpenLoop,NoFIFO,false,OpenLoop_NoFIFO
10.510107,-1,20,10023.297000,107.143000,1822.779821,1838.968671,460.000000,819,-1362.779821,OpenLoop,NoFIFO,false,OpenLoop_NoFIFO
10.520073,-1,20,9965.889000,73.032000,1836.964039,1838.667976,460.000000,819,-1376.964039,OpenLoop,NoFIFO,false,OpenLoop_NoFIFO
10.530080,-1,20,10007.185000,80.217000,1855.211082,1841.149442,460.000000,819,-1395.211082,OpenLoop,NoFIFO,false,OpenLoop_NoFIFO
10.540089,-1,20,10009.038000,89.255000,1831.441394,1839.693234,460.000000,819,-1371.441394,OpenLoop,NoFIFO,false,OpenLoop_NoFIFO
10.550088,-1,20,9998.796000,88.051000,1826.856946,1837.767791,460.000000,819,-1366.856946,OpenLoop,NoFIFO,false,OpenLoop_NoFIFO
10.560073,-1,20,9984.797000,72.848000,1861.103759,1841.268186,460.000000,819,-1401.103759,OpenLoop,NoFIFO,false,OpenLoop_NoFIFO
10.570087,-1,20,10014.093000,86.941000,1834.948289,1840.320202,460.000000,819,-1374.948289,OpenLoop,NoFIFO,false,OpenLoop_NoFIFO
10.580069,-1,20,9982.482000,69.423000,1817.241199,1836.858351,460.000000,819,-1357.241199,OpenLoop,NoFIFO,false,OpenLoop_NoFIFO
10.590062,-1,20,9992.278000,61.701000,1864.743909,1841.041185,460.000000,819,-1404.743909,OpenLoop,NoFIFO,false,OpenLoop_NoFIFO
10.600059,-1,20,9996.945000,58.646000,1833.625878,1839.928889,460.000000,819,-1373.625878,OpenLoop,NoFIFO,false,OpenLoop_NoFIFO
10.610059,-1,20,10000.444000,59.090000,1815.257353,1836.228158,460.000000,819,-1355.257353,OpenLoop,NoFIFO,false,OpenLoop_NoFIFO
10.620059,-1,20,9999.556000,58.646000,1859.932195,1839.783764,460.000000,819,-1399.932195,OpenLoop,NoFIFO,false,OpenLoop_NoFIFO
10.630058,-1,20,9999.575000,58.221000,1842.350746,1840.168811,460.000000,819,-1382.350746,OpenLoop,NoFIFO,false,OpenLoop_NoFIFO
10.640058,-1,20,9999.296000,57.517000,1813.756281,1836.206932,460.000000,819,-1353.756281,OpenLoop,NoFIFO,false,OpenLoop_NoFIFO
10.650058,-1,20,10000.426000,57.943000,1859.196827,1839.655416,460.000000,819,-1399.196827,OpenLoop,NoFIFO,false,OpenLoop_NoFIFO
10.660058,-1,20,10000.167000,58.110000,1843.797277,1840.276695,460.000000,819,-1383.797277,OpenLoop,NoFIFO,false,OpenLoop_NoFIFO
10.670058,-1,20,9999.834000,57.944000,1815.417080,1836.547753,460.000000,819,-1355.417080,OpenLoop,NoFIFO,false,OpenLoop_NoFIFO
10.680060,-1,20,10001.908000,59.852000,1857.355126,1839.668859,460.000000,819,-1397.355126,OpenLoop,NoFIFO,false,OpenLoop_NoFIFO
10.690058,-1,20,9998.204000,58.056000,1846.945137,1840.760301,460.000000,819,-1386.945137,OpenLoop,NoFIFO,false,OpenLoop_NoFIFO
10.700057,-1,20,9999.407000,57.463000,1824.759858,1838.360234,460.000000,819,-1364.759858,OpenLoop,NoFIFO,false,OpenLoop_NoFIFO
10.710058,-1,20,10000.667000,58.130000,1846.024427,1839.509863,460.000000,819,-1386.024427,OpenLoop,NoFIFO,false,OpenLoop_NoFIFO
10.720058,-1,20,10000.130000,58.260000,1854.344016,1841.734986,460.000000,819,-1394.344016,OpenLoop,NoFIFO,false,OpenLoop_NoFIFO
10.730058,-1,20,9999.963000,58.223000,1822.404035,1838.835344,460.000000,819,-1362.404035,OpenLoop,NoFIFO,false,OpenLoop_NoFIFO
10.740059,-1,20,10000.797000,59.020000,1846.945137,1840.051813,460.000000,819,-1386.945137,OpenLoop,NoFIFO,false,OpenLoop_NoFIFO
10.750058,-1,20,9998.760000,57.780000,1851.562500,1841.778416,460.000000,819,-1391.562500,OpenLoop,NoFIFO,false,OpenLoop_NoFIFO
10.760060,-1,20,10002.111000,59.891000,1831.788577,1840.279940,460.000000,819,-1371.788577,OpenLoop,NoFIFO,false,OpenLoop_NoFIFO
10.770059,-1,20,9998.908000,58.799000,1836.388749,1839.696261,460.000000,819,-1376.388749,OpenLoop,NoFIFO,false,OpenLoop_NoFIFO
10.780058,-1,20,9999.037000,57.836000,1855.755132,1842.105092,460.000000,819,-1395.755132,OpenLoop,NoFIFO,false,OpenLoop_NoFIFO
10.790058,-1,20,9999.982000,57.818000,1830.871307,1840.420024,460.000000,819,-1370.871307,OpenLoop,NoFIFO,false,OpenLoop_NoFIFO
10.800059,-1,20,10001.222000,59.040000,1830.871307,1838.987717,460.000000,819,-1370.871307,OpenLoop,NoFIFO,false,OpenLoop_NoFIFO
10.810058,-1,20,9998.797000,57.837000,1858.998494,1841.989333,460.000000,819,-1398.998494,OpenLoop,NoFIFO,false,OpenLoop_NoFIFO
10.820059,-1,20,10001.611000,59.448000,1832.323107,1840.539399,460.000000,819,-1372.323107,OpenLoop,NoFIFO,false,OpenLoop_NoFIFO
10.830059,-1,20,9999.334000,58.782000,1827.211394,1838.540199,460.000000,819,-1367.211394,OpenLoop,NoFIFO,false,OpenLoop_NoFIFO
10.840058,-1,20,9998.852000,57.634000,1856.435644,1841.224515,460.000000,819,-1396.435644,OpenLoop,NoFIFO,false,OpenLoop_NoFIFO
10.850059,-1,20,10001.149000,58.783000,1837.311558,1840.637572,460.000000,819,-1377.311558,OpenLoop,NoFIFO,false,OpenLoop_NoFIFO
10.860058,-1,20,9998.945000,57.728000,1817.409366,1837.153341,460.000000,819,-1357.409366,OpenLoop,NoFIFO,false,OpenLoop_NoFIFO
10.870058,-1,20,10000.685000,58.413000,1863.817097,1841.152904,460.000000,819,-1403.817097,OpenLoop,NoFIFO,false,OpenLoop_NoFIFO
10.880058,-1,20,9999.704000,58.117000,1835.466867,1840.299999,460.000000,819,-1375.466867,OpenLoop,NoFIFO,false,OpenLoop_NoFIFO
10.890058,-1,20,9999.519000,57.636000,1818.823674,1837.078550,460.000000,819,-1358.823674,OpenLoop,NoFIFO,false,OpenLoop_NoFIFO
10.900057,-1,20,9999.852000,57.488000,1859.932195,1840.506597,460.000000,819,-1399.932195,OpenLoop,NoFIFO,false,OpenLoop_NoFIFO
10.910058,-1,20,10000.463000,57.951000,1836.867560,1839.960741,460.000000,819,-1376.867560,OpenLoop,NoFIFO,false,OpenLoop_NoFIFO
10.920057,-1,20,9999.519000,57.470000,1817.409366,1836.578035,460.000000,819,-1357.409366,OpenLoop,NoFIFO,false,OpenLoop_NoFIFO
10.930063,-1,20,10005.834000,63.304000,1855.415063,1839.403589,460.000000,819,-1395.415063,OpenLoop,NoFIFO,false,OpenLoop_NoFIFO
10.940060,-1,20,9996.241000,59.545000,1844.185757,1840.120914,460.000000,819,-1384.185757,OpenLoop,NoFIFO,false,OpenLoop_NoFIFO
10.950062,-1,20,10002.037000,61.582000,1819.029851,1836.957255,460.000000,819,-1359.029851,OpenLoop,NoFIFO,false,OpenLoop_NoFIFO
10.960060,-1,20,9998.278000,59.860000,1847.866766,1838.593681,460.000000,819,-1387.866766,OpenLoop,NoFIFO,false,OpenLoop_NoFIFO
10.970060,-1,20,10000.464000,60.324000,1846.590909,1839.793266,460.000000,819,-1386.590909,OpenLoop,NoFIFO,false,OpenLoop_NoFIFO
10.980066,-1,20,10005.352000,65.676000,1818.823674,1836.647827,460.000000,819,-1358.823674,OpenLoop,NoFIFO,false,OpenLoop_NoFIFO
10.990061,-1,20,9995.167000,60.843000,1843.267795,1837.640822,460.000000,819,-1383.267795,OpenLoop,NoFIFO,false,OpenLoop_NoFIFO
11.000068,-1,20,10007.148000,67.991000,1847.290640,1839.088295,460.000000,819,-1387.290640,OpenLoop,NoFIFO,false,OpenLoop_NoFIFO
11.010061,-1,20,9993.408000,61.399000,1824.476048,1836.896458,460.000000,819,-1364.476048,OpenLoop,NoFIFO,false,OpenLoop_NoFIFO
11.020058,-1,20,9997.038000,58.437000,1832.706767,1836.268004,460.000000,819,-1372.706767,OpenLoop,NoFIFO,false,OpenLoop_NoFIFO
11.030059,-1,20,10000.666000,59.103000,1858.275520,1839.569132,460.000000,819,-1398.275520,OpenLoop,NoFIFO,false,OpenLoop_NoFIFO
11.040059,-1,20,9999.630000,58.733000,1823.837797,1837.209431,460.000000,819,-1363.837797,OpenLoop,NoFIFO,false,OpenLoop_NoFIFO
11.050067,-1,20,10008.630000,67.363000,1831.054688,1836.286220,460.000000,819,-1371.054688,OpenLoop,NoFIFO,false,OpenLoop_NoFIFO
11.060060,-1,20,9992.741000,60.104000,1858.065730,1839.553146,460.000000,819,-1398.065730,OpenLoop,NoFIFO,false,OpenLoop_NoFIFO
11.070059,-1,20,9998.649000,58.753000,1831.788577,1838.388461,460.000000,819,-1371.788577,OpenLoop,NoFIFO,false,OpenLoop_NoFIFO
11.080059,-1,20,10000.408000,59.161000,1823.566085,1836.165105,460.000000,819,-1363.566085,OpenLoop,NoFIFO,false,OpenLoop_NoFIFO
11.090058,-1,20,9998.704000,57.865000,1863.676397,1840.291798,460.000000,819,-1403.676397,OpenLoop,NoFIFO,false,OpenLoop_NoFIFO
11.100057,-1,20,9999.630000,57.495000,1835.956867,1839.641559,460.000000,819,-1375.956867,OpenLoop,NoFIFO,false,OpenLoop_NoFIFO
11.110059,-1,20,10001.037000,58.532000,1816.318927,1836.143164,460.000000,819,-1356.318927,OpenLoop,NoFIFO,false,OpenLoop_NoFIFO
11.120058,-1,20,9999.019000,57.551000,1867.529880,1840.851171,460.000000,819,-1407.529880,OpenLoop,NoFIFO,false,OpenLoop_NoFIFO
11.130058,-1,20,10000.797000,58.348000,1834.545911,1839.905382,460.000000,819,-1374.545911,OpenLoop,NoFIFO,false,OpenLoop_NoFIFO
11.140058,-1,20,9999.315000,57.663000,1816.318927,1836.367414,460.000000,819,-1356.318927,OpenLoop,NoFIFO,false,OpenLoop_NoFIFO
11.150058,-1,20,10000.204000,57.867000,1860.866834,1840.042327,460.000000,819,-1400.866834,OpenLoop,NoFIFO,false,OpenLoop_NoFIFO
11.160058,-1,20,9999.648000,57.515000,1843.267795,1840.526147,460.000000,819,-1383.267795,OpenLoop,NoFIFO,false,OpenLoop_NoFIFO
11.170058,-1,20,10000.371000,57.886000,1811.935241,1836.237511,460.000000,819,-1351.935241,OpenLoop,NoFIFO,false,OpenLoop_NoFIFO
11.180058,-1,20,9999.871000,57.757000,1859.196827,1839.681409,460.000000,819,-1399.196827,OpenLoop,NoFIFO,false,OpenLoop_NoFIFO
11.190058,-1,20,10000.278000,58.035000,1843.267795,1840.219367,460.000000,819,-1383.267795,OpenLoop,NoFIFO,false,OpenLoop_NoFIFO
11.200058,-1,20,9999.556000,57.591000,1814.668175,1836.386688,460.000000,819,-1354.668175,OpenLoop,NoFIFO,false,OpenLoop_NoFIFO
11.210057,-1,20,9999.815000,57.406000,1852.488744,1838.801996,460.000000,819,-1392.488744,OpenLoop,NoFIFO,false,OpenLoop_NoFIFO
11.220057,-1,20,9999.963000,57.369000,1846.945137,1840.023467,460.000000,819,-1386.945137,OpenLoop,NoFIFO,false,OpenLoop_NoFIFO
11.230058,-1,20,10000.482000,57.851000,1819.935291,1837.010241,460.000000,819,-1359.935291,OpenLoop,NoFIFO,false,OpenLoop_NoFIFO
11.240058,-1,20,9999.815000,57.666000,1839.159960,1837.332699,460.000000,819,-1379.159960,OpenLoop,NoFIFO,false,OpenLoop_NoFIFO
11.250059,-1,20,10001.260000,58.926000,1854.344016,1839.884396,460.000000,819,-1394.344016,OpenLoop,NoFIFO,false,OpenLoop_NoFIFO
11.260063,-1,20,10003.889000,62.815000,1817.930781,1836.591354,460.000000,819,-1357.930781,OpenLoop,NoFIFO,false,OpenLoop_NoFIFO
11.270060,-1,20,9996.722000,59.537000,1836.388749,1836.560963,460.000000,819,-1376.388749,OpenLoop,NoFIFO,false,OpenLoop_NoFIFO
11.280059,-1,20,9999.519000,59.056000,1854.344016,1839.228421,460.000000,819,-1394.344016,OpenLoop,NoFIFO,false,OpenLoop_NoFIFO
11.290059,-1,20,9999.612000,58.668000,1828.125000,1837.562908,460.000000,819,-1368.125000,OpenLoop,NoFIFO,false,OpenLoop_NoFIFO
11.300058,-1,20,9999.796000,58.464000,1824.476048,1835.599879,460.000000,819,-1364.476048,OpenLoop,NoFIFO,false,OpenLoop_NoFIFO
11.310065,-1,20,10006.760000,65.224000,1855.273046,1838.550854,460.000000,819,-1395.273046,OpenLoop,NoFIFO,false,OpenLoop_NoFIFO
11.320060,-1,20,9995.093000,60.317000,1827.801086,1836.938389,460.000000,819,-1367.801086,OpenLoop,NoFIFO,false,OpenLoop_NoFIFO
11.330059,-1,20,9998.389000,58.706000,1817.221670,1833.980881,460.000000,819,-1357.221670,OpenLoop,NoFIFO,false,OpenLoop_NoFIFO
11.340059,-1,20,10000.000000,58.706000,1862.409065,1838.245109,460.000000,819,-1402.409065,OpenLoop,NoFIFO,false,OpenLoop_NoFIFO
11.350060,-1,20,10001.371000,60.077000,1835.956867,1837.901872,460.000000,819,-1375.956867,OpenLoop,NoFIFO,false,OpenLoop_NoFIFO
11.360060,-1,20,9999.611000,59.688000,1811.026091,1833.870505,460.000000,819,-1351.026091,OpenLoop,NoFIFO,false,OpenLoop_NoFIFO
11.370062,-1,20,10002.482000,62.170000,1858.065730,1837.499789,460.000000,819,-1398.065730,OpenLoop,NoFIFO,false,OpenLoop_NoFIFO
11.380060,-1,20,9998.186000,60.356000,1836.434868,1837.340051,460.000000,819,-1376.434868,OpenLoop,NoFIFO,false,OpenLoop_NoFIFO
11.390062,-1,20,10001.241000,61.597000,1811.935241,1833.529329,460.000000,819,-1351.935241,OpenLoop,NoFIFO,false,OpenLoop_NoFIFO
11.400058,-1,20,9996.870000,58.467000,1853.415916,1836.512317,460.000000,819,-1393.415916,OpenLoop,NoFIFO,false,OpenLoop_NoFIFO
11.410059,-1,20,10000.130000,58.597000,1846.024427,1837.939134,460.000000,819,-1386.024427,OpenLoop,NoFIFO,false,OpenLoop_NoFIFO
11.420058,-1,20,9999.593000,58.190000,1813.756281,1834.311706,460.000000,819,-1353.756281,OpenLoop,NoFIFO,false,OpenLoop_NoFIFO
11.430059,-1,20,10000.353000,58.543000,1852.766798,1837.079970,460.000000,819,-1392.766798,OpenLoop,NoFIFO,false,OpenLoop_NoFIFO
11.440058,-1,20,9999.648000,58.191000,1842.350746,1837.870586,460.000000,819,-1382.350746,OpenLoop,NoFIFO,false,OpenLoop_NoFIFO
11.450060,-1,20,10002.297000,60.488000,1820.158850,1835.213826,460.000000,819,-1360.158850,OpenLoop,NoFIFO,false,OpenLoop_NoFIFO
11.460059,-1,20,9998.685000,59.173000,1846.024427,1836.835416,460.000000,819,-1386.024427,OpenLoop,NoFIFO,false,OpenLoop_NoFIFO
11.470059,-1,20,9999.500000,58.673000,1850.637181,1838.905681,460.000000,819,-1390.637181,OpenLoop,NoFIFO,false,OpenLoop_NoFIFO
11.480058,-1,20,9999.575000,58.248000,1826.298701,1837.014634,460.000000,819,-1366.298701,OpenLoop,NoFIFO,false,OpenLoop_NoFIFO
11.490058,-1,20,9999.871000,58.119000,1838.691658,1837.266188,460.000000,819,-1378.691658,OpenLoop,NoFIFO,false,OpenLoop_NoFIFO
11.500063,-1,20,10004.907000,63.026000,1852.488744,1839.549571,460.000000,819,-1392.488744,OpenLoop,NoFIFO,false,OpenLoop_NoFIFO
11.510060,-1,20,9996.723000,59.749000,1824.759858,1837.331114,460.000000,819,-1364.759858,OpenLoop,NoFIFO,false,OpenLoop_NoFIFO
11.520058,-1,20,9998.259000,58.008000,1836.867560,1837.261581,460.000000,819,-1376.867560,OpenLoop,NoFIFO,false,OpenLoop_NoFIFO
11.530061,-1,20,10003.223000,61.231000,1852.488744,1839.545655,460.000000,819,-1392.488744,OpenLoop,NoFIFO,false,OpenLoop_NoFIFO
11.540061,-1,20,10000.260000,61.491000,1833.625878,1838.657689,460.000000,819,-1373.625878,OpenLoop,NoFIFO,false,OpenLoop_NoFIFO
11.550060,-1,20,9998.704000,60.195000,1826.298701,1836.803841,460.000000,819,-1366.298701,OpenLoop,NoFIFO,false,OpenLoop_NoFIFO
11.560063,-1,20,10002.444000,62.639000,1857.570939,1839.918905,460.000000,819,-1397.570939,OpenLoop,NoFIFO,false,OpenLoop_NoFIFO
11.570058,-1,20,9995.649000,58.288000,1830.871307,1838.561766,460.000000,819,-1370.871307,OpenLoop,NoFIFO,false,OpenLoop_NoFIFO
11.580058,-1,20,9999.908000,58.196000,1823.301329,1836.272700,460.000000,819,-1363.301329,OpenLoop,NoFIFO,false,OpenLoop_NoFIFO
11.590057,-1,20,9999.296000,57.492000,1861.042184,1839.988123,460.000000,819,-1401.042184,OpenLoop,NoFIFO,false,OpenLoop_NoFIFO
11.600061,-1,20,10003.241000,60.733000,1835.047076,1839.246966,460.000000,819,-1375.047076,OpenLoop,NoFIFO,false,OpenLoop_NoFIFO
11.610058,-1,20,9997.149000,57.882000,1820.158850,1836.383748,460.000000,819,-1360.158850,OpenLoop,NoFIFO,false,OpenLoop_NoFIFO
11.620058,-1,20,9999.759000,57.641000,1859.196827,1839.805710,460.000000,819,-1399.196827,OpenLoop,NoFIFO,false,OpenLoop_NoFIFO
11.630069,-1,20,10011.482000,69.123000,1839.237057,1839.720412,460.000000,819,-1379.237057,OpenLoop,NoFIFO,false,OpenLoop_NoFIFO
11.640061,-1,20,9992.278000,61.401000,1815.257353,1836.050953,460.000000,819,-1355.257353,OpenLoop,NoFIFO,false,OpenLoop_NoFIFO
11.650060,-1,20,9998.649000,60.050000,1864.614804,1840.335531,460.000000,819,-1404.614804,OpenLoop,NoFIFO,false,OpenLoop_NoFIFO
11.660058,-1,20,9998.352000,58.402000,1841.846758,1840.562215,460.000000,819,-1381.846758,OpenLoop,NoFIFO,false,OpenLoop_NoFIFO
11.670058,-1,20,9999.741000,58.143000,1819.935291,1837.468176,460.000000,819,-1359.935291,OpenLoop,NoFIFO,false,OpenLoop_NoFIFO
11.680058,-1,20,9999.667000,57.810000,1856.203008,1840.278401,460.000000,819,-1396.203008,OpenLoop,NoFIFO,false,OpenLoop_NoFIFO
11.690058,-1,20,10000.260000,58.070000,1841.939547,1840.527573,460.000000,819,-1381.939547,OpenLoop,NoFIFO,false,OpenLoop_NoFIFO
11.700058,-1,20,9999.759000,57.829000,1819.935291,1837.438731,460.000000,819,-1359.935291,OpenLoop,NoFIFO,false,OpenLoop_NoFIFO
11.710058,-1,20,10000.112000,57.941000,1847.866766,1839.002936,460.000000,819,-1387.866766,OpenLoop,NoFIFO,false,OpenLoop_NoFIFO
11.720057,-1,20,9999.389000,57.330000,1849.712787,1840.609414,460.000000,819,-1389.712787,OpenLoop,NoFIFO,false,OpenLoop_NoFIFO
11.730058,-1,20,10000.426000,57.756000,1819.241431,1837.404216,460.000000,819,-1359.241431,OpenLoop,NoFIFO,false,OpenLoop_NoFIFO
11.740058,-1,20,9999.889000,57.645000,1844.185757,1838.421447,460.000000,819,-1384.185757,OpenLoop,NoFIFO,false,OpenLoop_NoFIFO
11.750060,-1,20,10002.649000,60.294000,1847.866766,1839.838245,460.000000,819,-1387.866766,OpenLoop,NoFIFO,false,OpenLoop_NoFIFO
11.760058,-1,20,9997.889000,58.183000,1823.301329,1837.357708,460.000000,819,-1363.301329,OpenLoop,NoFIFO,false,OpenLoop_NoFIFO
11.770060,-1,20,10001.889000,60.072000,1836.388749,1837.212364,460.000000,819,-1376.388749,OpenLoop,NoFIFO,false,OpenLoop_NoFIFO
11.780058,-1,20,9998.112000,58.184000,1858.998494,1840.480284,460.000000,819,-1398.998494,OpenLoop,NoFIFO,false,OpenLoop_NoFIFO
11.790058,-1,20,9999.833000,58.017000,1828.125000,1838.626991,460.000000,819,-1368.125000,OpenLoop,NoFIFO,false,OpenLoop_NoFIFO
11.800059,-1,20,10001.260000,59.277000,1828.125000,1837.051692,460.000000,819,-1368.125000,OpenLoop,NoFIFO,false,OpenLoop_NoFIFO
11.810058,-1,20,9998.630000,57.907000,1863.817097,1841.066503,460.000000,819,-1403.817097,OpenLoop,NoFIFO,false,OpenLoop_NoFIFO
11.820058,-1,20,10000.056000,57.963000,1829.039520,1839.262456,460.000000,819,-1369.039520,OpenLoop,NoFIFO,false,OpenLoop_NoFIFO
11.830057,-1,20,9999.482000,57.445000,1826.298701,1837.317893,460.000000,819,-1366.298701,OpenLoop,NoFIFO,false,OpenLoop_NoFIFO
11.840060,-1,20,10002.111000,59.556000,1865.671642,1841.570955,460.000000,819,-1405.671642,OpenLoop,NoFIFO,false,OpenLoop_NoFIFO
11.850059,-1,20,9999.371000,58.927000,1840.519384,1841.413219,460.000000,819,-1380.519384,OpenLoop,NoFIFO,false,OpenLoop_NoFIFO
11.860058,-1,20,9999.185000,58.112000,1818.125311,1837.920033,460.000000,819,-1358.125311,OpenLoop,NoFIFO,false,OpenLoop_NoFIFO
11.870058,-1,20,9999.742000,57.854000,1869.321050,1842.630186,460.000000,819,-1409.321050,OpenLoop,NoFIFO,false,OpenLoop_NoFIFO
11.880058,-1,20,10000.370000,58.224000,1838.691658,1842.039406,460.000000,819,-1378.691658,OpenLoop,NoFIFO,false,OpenLoop_NoFIFO
11.890058,-1,20,9999.371000,57.595000,1819.241431,1838.619710,460.000000,819,-1359.241431,OpenLoop,NoFIFO,false,OpenLoop_NoFIFO
11.900059,-1,20,10001.537000,59.132000,1865.786241,1842.694690,460.000000,819,-1405.786241,OpenLoop,NoFIFO,false,OpenLoop_NoFIFO
11.910058,-1,20,9999.001000,58.133000,1846.945137,1843.332257,460.000000,819,-1386.945137,OpenLoop,NoFIFO,false,OpenLoop_NoFIFO
11.920061,-1,20,10002.574000,60.707000,1818.324937,1839.581159,460.000000,819,-1358.324937,OpenLoop,NoFIFO,false,OpenLoop_NoFIFO
11.930059,-1,20,9998.186000,58.893000,1859.196827,1842.523509,460.000000,819,-1399.196827,OpenLoop,NoFIFO,false,OpenLoop_NoFIFO
11.940058,-1,20,9999.000000,57.893000,1848.789316,1843.463380,460.000000,819,-1388.789316,OpenLoop,NoFIFO,false,OpenLoop_NoFIFO
11.950058,-1,20,10000.556000,58.449000,1816.318927,1839.391712,460.000000,819,-1356.318927,OpenLoop,NoFIFO,false,OpenLoop_NoFIFO
11.960058,-1,20,9999.371000,57.820000,1858.065730,1842.192815,460.000000,819,-1398.065730,OpenLoop,NoFIFO,false,OpenLoop_NoFIFO
11.970058,-1,20,10000.130000,57.950000,1850.637181,1843.459470,460.000000,819,-1390.637181,OpenLoop,NoFIFO,false,OpenLoop_NoFIFO
11.980058,-1,20,9999.630000,57.580000,1826.298701,1840.885355,460.000000,819,-1366.298701,OpenLoop,NoFIFO,false,OpenLoop_NoFIFO
11.990057,-1,20,9999.871000,57.451000,1843.267795,1841.242721,460.000000,819,-1383.267795,OpenLoop,NoFIFO,false,OpenLoop_NoFIFO
12.000058,-1,20,10000.315000,57.766000,1856.203008,1843.486764,460.000000,819,-1396.203008,OpenLoop,NoFIFO,false,OpenLoop_NoFIFO
12.010059,-1,20,10001.630000,59.396000,1823.301329,1840.458949,460.000000,819,-1363.301329,OpenLoop,NoFIFO,false,OpenLoop_NoFIFO
12.020068,-1,20,10008.259000,67.655000,1841.012085,1840.541919,460.000000,819,-1381.012085,OpenLoop,NoFIFO,false,OpenLoop_NoFIFO
12.030059,-1,20,9991.390000,59.045000,1858.275520,1843.201959,460.000000,819,-1398.275520,OpenLoop,NoFIFO,false,OpenLoop_NoFIFO
12.040058,-1,20,9998.741000,57.786000,1830.511616,1841.298408,460.000000,819,-1370.511616,OpenLoop,NoFIFO,false,OpenLoop_NoFIFO
12.050067,-1,20,10009.611000,67.397000,1830.871307,1839.734343,460.000000,819,-1370.871307,OpenLoop,NoFIFO,false,OpenLoop_NoFIFO
12.060061,-1,20,9993.538000,60.935000,1857.212612,1842.356083,460.000000,819,-1397.212612,OpenLoop,NoFIFO,false,OpenLoop_NoFIFO
12.070059,-1,20,9997.685000,58.620000,1835.956867,1841.396201,460.000000,819,-1375.956867,OpenLoop,NoFIFO,false,OpenLoop_NoFIFO
12.080059,-1,20,10000.538000,59.158000,1817.409366,1837.798175,460.000000,819,-1357.409366,OpenLoop,NoFIFO,false,OpenLoop_NoFIFO
12.090059,-1,20,9999.685000,58.843000,1864.743909,1841.840035,460.000000,819,-1404.743909,OpenLoop,NoFIFO,false,OpenLoop_NoFIFO
12.100058,-1,20,9999.352000,58.195000,1840.085556,1841.576863,460.000000,819,-1380.085556,OpenLoop,NoFIFO,false,OpenLoop_NoFIFO
12.110058,-1,20,9999.964000,58.159000,1816.318927,1837.788173,460.000000,819,-1356.318927,OpenLoop,NoFIFO,false,OpenLoop_NoFIFO
12.120059,-1,20,10000.444000,58.603000,1862.891207,1841.553628,460.000000,819,-1402.891207,OpenLoop,NoFIFO,false,OpenLoop_NoFIFO
12.130058,-1,20,9999.890000,58.493000,1840.519384,1841.398491,460.000000,819,-1380.519384,OpenLoop,NoFIFO,false,OpenLoop_NoFIFO
12.140059,-1,20,10000.148000,58.641000,1817.409366,1837.800123,460.000000,819,-1357.409366,OpenLoop,NoFIFO,false,OpenLoop_NoFIFO
12.150059,-1,20,9999.871000,58.512000,1859.196827,1841.009628,460.000000,819,-1399.196827,OpenLoop,NoFIFO,false,OpenLoop_NoFIFO
12.160058,-1,20,9999.797000,58.309000,1850.328947,1842.407526,460.000000,819,-1390.328947,OpenLoop,NoFIFO,false,OpenLoop_NoFIFO
12.170063,-1,20,10005.074000,63.383000,1818.125311,1838.765194,460.000000,819,-1358.125311,OpenLoop,NoFIFO,false,OpenLoop_NoFIFO
12.180063,-1,20,9999.537000,62.920000,1857.133902,1841.520500,460.000000,819,-1397.133902,OpenLoop,NoFIFO,false,OpenLoop_NoFIFO
12.190060,-1,20,9997.130000,60.050000,1848.789316,1842.610822,460.000000,819,-1388.789316,OpenLoop,NoFIFO,false,OpenLoop_NoFIFO
12.200070,-1,20,10009.556000,69.606000,1824.276222,1839.860632,460.000000,819,-1364.276222,OpenLoop,NoFIFO,false,OpenLoop_NoFIFO
12.210061,-1,20,9991.834000,61.440000,1850.637181,1841.477115,460.000000,819,-1390.637181,OpenLoop,NoFIFO,false,OpenLoop_NoFIFO
12.220063,-1,20,10001.963000,63.403000,1854.599407,1843.445458,460.000000,819,-1394.599407,OpenLoop,NoFIFO,false,OpenLoop_NoFIFO
12.230062,-1,20,9998.464000,61.867000,1826.298701,1840.873445,460.000000,819,-1366.298701,OpenLoop,NoFIFO,false,OpenLoop_NoFIFO
12.240059,-1,20,9997.630000,59.497000,1846.024427,1841.646092,460.000000,819,-1386.024427,OpenLoop,NoFIFO,false,OpenLoop_NoFIFO
12.250058,-1,20,9998.778000,58.275000,1850.637181,1842.994756,460.000000,819,-1390.637181,OpenLoop,NoFIFO,false,OpenLoop_NoFIFO
12.260059,-1,20,10001.167000,59.442000,1826.298701,1840.490347,460.000000,819,-1366.298701,OpenLoop,NoFIFO,false,OpenLoop_NoFIFO
12.270068,-1,20,10008.982000,68.424000,1838.235294,1840.152089,460.000000,819,-1378.235294,OpenLoop,NoFIFO,false,OpenLoop_NoFIFO
12.280062,-1,20,9993.093000,61.517000,1854.599407,1842.319187,460.000000,819,-1394.599407,OpenLoop,NoFIFO,false,OpenLoop_NoFIFO
12.290059,-1,20,9997.833000,59.350000,1834.545911,1841.153196,460.000000,819,-1374.545911,OpenLoop,NoFIFO,false,OpenLoop_NoFIFO
12.300059,-1,20,9999.482000,58.832000,1825.386920,1838.788254,460.000000,819,-1365.386920,OpenLoop,NoFIFO,false,OpenLoop_NoFIFO
12.310060,-1,20,10001.204000,60.036000,1858.275520,1841.711344,460.000000,819,-1398.275520,OpenLoop,NoFIFO,false,OpenLoop_NoFIFO
12.320058,-1,20,9998.186000,58.222000,1831.788577,1840.222929,460.000000,819,-1371.788577,OpenLoop,NoFIFO,false,OpenLoop_NoFIFO
12.330059,-1,20,10001.074000,59.296000,1819.241431,1837.075704,460.000000,819,-1359.241431,OpenLoop,NoFIFO,false,OpenLoop_NoFIFO
12.340059,-1,20,9999.315000,58.611000,1862.891207,1840.948030,460.000000,819,-1402.891207,OpenLoop,NoFIFO,false,OpenLoop_NoFIFO
12.350062,-1,20,10003.316000,61.927000,1835.047076,1840.062887,460.000000,819,-1375.047076,OpenLoop,NoFIFO,false,OpenLoop_NoFIFO
12.360060,-1,20,9997.722000,59.649000,1820.841633,1837.179699,460.000000,819,-1360.841633,OpenLoop,NoFIFO,false,OpenLoop_NoFIFO
12.370065,-1,20,10005.723000,65.372000,1857.133902,1840.172829,460.000000,819,-1397.133902,OpenLoop,NoFIFO,false,OpenLoop_NoFIFO
12.380063,-1,20,9997.222000,62.594000,1837.779156,1839.813778,460.000000,819,-1377.779156,OpenLoop,NoFIFO,false,OpenLoop_NoFIFO
12.390060,-1,20,9997.186000,59.780000,1811.935241,1835.631998,460.000000,819,-1351.935241,OpenLoop,NoFIFO,false,OpenLoop_NoFIFO
12.400060,-1,20,9999.871000,59.651000,1861.802413,1839.557560,460.000000,819,-1401.802413,OpenLoop,NoFIFO,false,OpenLoop_NoFIFO
12.410060,-1,20,10000.019000,59.670000,1837.779156,1839.290799,460.000000,819,-1377.779156,OpenLoop,NoFIFO,false,OpenLoop_NoFIFO
12.420059,-1,20,9999.648000,59.318000,1818.324937,1836.145920,460.000000,819,-1358.324937,OpenLoop,NoFIFO,false,OpenLoop_NoFIFO
12.430059,-1,20,10000.019000,59.337000,1851.562500,1838.458407,460.000000,819,-1391.562500,OpenLoop,NoFIFO,false,OpenLoop_NoFIFO
12.440060,-1,20,10000.222000,59.559000,1840.519384,1838.767554,460.000000,819,-1380.519384,OpenLoop,NoFIFO,false,OpenLoop_NoFIFO
12.450059,-1,20,9999.686000,59.245000,1818.324937,1835.701161,460.000000,819,-1358.324937,OpenLoop,NoFIFO,false,OpenLoop_NoFIFO
12.460060,-1,20,10000.871000,60.116000,1845.104634,1837.111682,460.000000,819,-1385.104634,OpenLoop,NoFIFO,false,OpenLoop_NoFIFO
12.470060,-1,20,9999.537000,59.653000,1847.866766,1838.724945,460.000000,819,-1387.866766,OpenLoop,NoFIFO,false,OpenLoop_NoFIFO
12.480059,-1,20,9999.464000,59.117000,1816.494716,1835.390410,460.000000,819,-1356.494716,OpenLoop,NoFIFO,false,OpenLoop_NoFIFO
12.490059,-1,20,10000.185000,59.302000,1841.434610,1836.297040,460.000000,819,-1381.434610,OpenLoop,NoFIFO,false,OpenLoop_NoFIFO
12.500059,-1,20,10000.037000,59.339000,1846.024427,1837.756148,460.000000,819,-1386.024427,OpenLoop,NoFIFO,false,OpenLoop_NoFIFO
12.510059,-1,20,9999.538000,58.877000,1822.657029,1835.491280,460.000000,819,-1362.657029,OpenLoop,NoFIFO,false,OpenLoop_NoFIFO
12.520059,-1,20,10000.167000,59.044000,1834.545911,1835.349475,460.000000,819,-1374.545911,OpenLoop,NoFIFO,false,OpenLoop_NoFIFO
12.530060,-1,20,10000.667000,59.711000,1856.203008,1838.477505,460.000000,819,-1396.203008,OpenLoop,NoFIFO,false,OpenLoop_NoFIFO
12.540059,-1,20,9999.482000,59.193000,1828.125000,1836.924629,460.000000,819,-1368.125000,OpenLoop,NoFIFO,false,OpenLoop_NoFIFO
12.550059,-1,20,10000.241000,59.434000,1825.386920,1835.193973,460.000000,819,-1365.386920,OpenLoop,NoFIFO,false,OpenLoop_NoFIFO
12.560060,-1,20,10000.315000,59.749000,1864.614804,1839.607097,460.000000,819,-1404.614804,OpenLoop,NoFIFO,false,OpenLoop_NoFIFO
12.570061,-1,20,10000.815000,60.564000,1828.125000,1837.884783,460.000000,819,-1368.125000,OpenLoop,NoFIFO,false,OpenLoop_NoFIFO
12.580060,-1,20,9999.371000,59.935000,1824.476048,1835.873472,460.000000,819,-1364.476048,OpenLoop,NoFIFO,false,OpenLoop_NoFIFO
12.590059,-1,20,9999.037000,58.972000,1865.671642,1840.343198,460.000000,819,-1405.671642,OpenLoop,NoFIFO,false,OpenLoop_NoFIFO
12.600059,-1,20,10000.408000,59.380000,1839.159960,1840.165712,460.000000,819,-1379.159960,OpenLoop,NoFIFO,false,OpenLoop_NoFIFO
12.610059,-1,20,9999.501000,58.881000,1818.125311,1836.859652,460.000000,819,-1358.125311,OpenLoop,NoFIFO,false,OpenLoop_NoFIFO
12.620059,-1,20,10000.426000,59.307000,1869.391825,1841.739478,460.000000,819,-1409.391825,OpenLoop,NoFIFO,false,OpenLoop_NoFIFO
12.630059,-1,20,10000.185000,59.492000,1840.085556,1841.491390,460.000000,819,-1380.085556,OpenLoop,NoFIFO,false,OpenLoop_NoFIFO
12.640061,-1,20,10001.316000,60.808000,1815.417080,1837.580243,460.000000,819,-1355.417080,OpenLoop,NoFIFO,false,OpenLoop_NoFIFO
12.650061,-1,20,9999.963000,60.771000,1867.435703,1842.058562,460.000000,819,-1407.435703,OpenLoop,NoFIFO,false,OpenLoop_NoFIFO
12.660060,-1,20,9998.741000,59.512000,1846.024427,1842.653442,460.000000,819,-1386.024427,OpenLoop,NoFIFO,false,OpenLoop_NoFIFO
12.670059,-1,20,9999.741000,59.253000,1819.935291,1839.245719,460.000000,819,-1359.935291,OpenLoop,NoFIFO,false,OpenLoop_NoFIFO
12.680060,-1,20,10000.260000,59.513000,1857.133902,1841.928947,460.000000,819,-1397.133902,OpenLoop,NoFIFO,false,OpenLoop_NoFIFO
12.690059,-1,20,9999.926000,59.439000,1850.637181,1843.235182,460.000000,819,-1390.637181,OpenLoop,NoFIFO,false,OpenLoop_NoFIFO
12.700061,-1,20,10001.223000,60.662000,1815.580986,1839.087052,460.000000,819,-1355.580986,OpenLoop,NoFIFO,false,OpenLoop_NoFIFO
12.710061,-1,20,10000.389000,61.051000,1855.517071,1841.551555,460.000000,819,-1395.517071,OpenLoop,NoFIFO,false,OpenLoop_NoFIFO
12.720060,-1,20,9998.593000,59.644000,1851.562500,1843.053197,460.000000,819,-1391.562500,OpenLoop,NoFIFO,false,OpenLoop_NoFIFO
12.730059,-1,20,9999.759000,59.403000,1826.298701,1840.540023,460.000000,819,-1366.298701,OpenLoop,NoFIFO,false,OpenLoop_NoFIFO
12.740059,-1,20,9999.649000,59.052000,1841.939547,1840.749951,460.000000,819,-1381.939547,OpenLoop,NoFIFO,false,OpenLoop_NoFIFO
12.750063,-1,20,10003.778000,62.830000,1856.203008,1843.067910,460.000000,819,-1396.203008,OpenLoop,NoFIFO,false,OpenLoop_NoFIFO
12.760060,-1,20,9997.056000,59.886000,1828.125000,1840.826473,460.000000,819,-1368.125000,OpenLoop,NoFIFO,false,OpenLoop_NoFIFO
12.770059,-1,20,9999.148000,59.034000,1834.138187,1839.823230,460.000000,819,-1374.138187,OpenLoop,NoFIFO,false,OpenLoop_NoFIFO
12.780060,-1,20,10000.834000,59.868000,1861.966236,1843.144681,460.000000,819,-1401.966236,OpenLoop,NoFIFO,false,OpenLoop_NoFIFO
12.790059,-1,20,9999.519000,59.387000,1830.871307,1841.303675,460.000000,819,-1370.871307,OpenLoop,NoFIFO,false,OpenLoop_NoFIFO
12.800061,-1,20,10001.223000,60.610000,1829.954955,1839.601367,460.000000,819,-1369.954955,OpenLoop,NoFIFO,false,OpenLoop_NoFIFO
12.810061,-1,20,10000.352000,60.962000,1857.133902,1842.231247,460.000000,819,-1397.133902,OpenLoop,NoFIFO,false,OpenLoop_NoFIFO
12.820062,-1,20,10000.871000,61.833000,1835.047076,1841.153622,460.000000,819,-1375.047076,OpenLoop,NoFIFO,false,OpenLoop_NoFIFO
12.830060,-1,20,9997.667000,59.500000,1816.318927,1837.428417,460.000000,819,-1356.318927,OpenLoop,NoFIFO,false,OpenLoop_NoFIFO
12.840064,-1,20,10004.445000,63.945000,1866.703540,1841.819686,460.000000,819,-1406.703540,OpenLoop,NoFIFO,false,OpenLoop_NoFIFO
12.850061,-1,20,9996.833000,60.778000,1835.466867,1840.866763,460.000000,819,-1375.466867,OpenLoop,NoFIFO,false,OpenLoop_NoFIFO
12.860060,-1,20,9999.186000,59.964000,1819.029851,1837.591226,460.000000,819,-1359.029851,OpenLoop,NoFIFO,false,OpenLoop_NoFIFO
12.870061,-1,20,10001.130000,61.094000,1860.119048,1840.970399,460.000000,819,-1400.119048,OpenLoop,NoFIFO,false,OpenLoop_NoFIFO
12.880060,-1,20,9998.723000,59.817000,1840.519384,1840.902747,460.000000,819,-1380.519384,OpenLoop,NoFIFO,false,OpenLoop_NoFIFO
12.890060,-1,20,9999.852000,59.669000,1813.756281,1836.830777,460.000000,819,-1353.756281,OpenLoop,NoFIFO,false,OpenLoop_NoFIFO
12.900060,-1,20,9999.889000,59.558000,1860.866834,1840.436186,460.000000,819,-1400.866834,OpenLoop,NoFIFO,false,OpenLoop_NoFIFO
12.910065,-1,20,10005.371000,64.929000,1848.458038,1841.639464,460.000000,819,-1388.458038,OpenLoop,NoFIFO,false,OpenLoop_NoFIFO
12.920060,-1,20,9995.315000,60.244000,1815.417080,1837.706106,460.000000,819,-1355.417080,OpenLoop,NoFIFO,false,OpenLoop_NoFIFO
12.930061,-1,20,10000.964000,61.208000,1858.998494,1840.899964,460.000000,819,-1398.998494,OpenLoop,NoFIFO,false,OpenLoop_NoFIFO
12.940060,-1,20,9998.500000,59.708000,1845.104634,1841.530665,460.000000,819,-1385.104634,OpenLoop,NoFIFO,false,OpenLoop_NoFIFO
12.950060,-1,20,10000.111000,59.819000,1824.199507,1838.930991,460.000000,819,-1364.199507,OpenLoop,NoFIFO,false,OpenLoop_NoFIFO
12.960060,-1,20,9999.927000,59.746000,1849.712787,1840.548261,460.000000,819,-1389.712787,OpenLoop,NoFIFO,false,OpenLoop_NoFIFO
12.970061,-1,20,10001.722000,61.468000,1855.273046,1842.756978,460.000000,819,-1395.273046,OpenLoop,NoFIFO,false,OpenLoop_NoFIFO
12.980061,-1,20,9999.056000,60.524000,1825.386920,1840.151470,460.000000,819,-1365.386920,OpenLoop,NoFIFO,false,OpenLoop_NoFIFO
12.990060,-1,20,9999.853000,60.377000,1846.590909,1841.117386,460.000000,819,-1386.590909,OpenLoop,NoFIFO,false,OpenLoop_NoFIFO
13.000059,-1,20,9999.056000,59.433000,1851.851852,1842.727555,460.000000,819,-1391.851852,OpenLoop,NoFIFO,false,OpenLoop_NoFIFO
13.010059,-1,20,9999.778000,59.211000,1828.125000,1840.537172,460.000000,819,-1368.125000,OpenLoop,NoFIFO,false,OpenLoop_NoFIFO
13.020061,-1,20,10001.889000,61.100000,1840.519384,1840.534504,460.000000,819,-1380.519384,OpenLoop,NoFIFO,false,OpenLoop_NoFIFO
13.030061,-1,20,10000.037000,61.137000,1854.344016,1842.605931,460.000000,819,-1394.344016,OpenLoop,NoFIFO,false,OpenLoop_NoFIFO
13.040059,-1,20,9998.334000,59.471000,1835.466867,1841.535071,460.000000,819,-1375.466867,OpenLoop,NoFIFO,false,OpenLoop_NoFIFO
13.050060,-1,20,10000.630000,60.101000,1828.703704,1839.610366,460.000000,819,-1368.703704,OpenLoop,NoFIFO,false,OpenLoop_NoFIFO
13.060044,-1,20,9983.945000,44.046000,1859.504132,1842.594431,460.000000,819,-1399.504132,OpenLoop,NoFIFO,false,OpenLoop_NoFIFO
13.070061,-1,20,10016.908000,60.954000,1833.625878,1841.249148,460.000000,819,-1373.625878,OpenLoop,NoFIFO,false,OpenLoop_NoFIFO
13.080058,-1,20,9997.278000,58.232000,1820.841633,1838.188021,460.000000,819,-1360.841633,OpenLoop,NoFIFO,false,OpenLoop_NoFIFO
13.090060,-1,20,10002.260000,60.492000,1863.817097,1842.032382,460.000000,819,-1403.817097,OpenLoop,NoFIFO,false,OpenLoop_NoFIFO
13.100059,-1,20,9998.463000,58.955000,1836.388749,1841.185837,460.000000,819,-1376.388749,OpenLoop,NoFIFO,false,OpenLoop_NoFIFO
13.110058,-1,20,9999.204000,58.159000,1822.657029,1838.406516,460.000000,819,-1362.657029,OpenLoop,NoFIFO,false,OpenLoop_NoFIFO
13.120058,-1,20,10000.167000,58.326000,1858.275520,1841.386867,460.000000,819,-1398.275520,OpenLoop,NoFIFO,false,OpenLoop_NoFIFO
13.130058,-1,20,9999.908000,58.234000,1841.012085,1841.330649,460.000000,819,-1381.012085,OpenLoop,NoFIFO,false,OpenLoop_NoFIFO
13.140069,-1,20,10010.630000,68.864000,1814.516129,1837.308471,460.000000,819,-1354.516129,OpenLoop,NoFIFO,false,OpenLoop_NoFIFO
13.150061,-1,20,9992.260000,61.124000,1863.817097,1841.284765,460.000000,819,-1403.817097,OpenLoop,NoFIFO,false,OpenLoop_NoFIFO
13.160058,-1,20,9997.222000,58.346000,1839.605067,1841.032811,460.000000,819,-1379.605067,OpenLoop,NoFIFO,false,OpenLoop_NoFIFO
13.170060,-1,20,10001.556000,59.902000,1821.077195,1838.039468,460.000000,819,-1361.077195,OpenLoop,NoFIFO,false,OpenLoop_NoFIFO
13.180059,-1,20,9999.390000,59.292000,1855.273046,1840.624505,460.000000,819,-1395.273046,OpenLoop,NoFIFO,false,OpenLoop_NoFIFO
13.190058,-1,20,9999.056000,58.348000,1842.350746,1840.883441,460.000000,819,-1382.350746,OpenLoop,NoFIFO,false,OpenLoop_NoFIFO
13.200059,-1,20,10000.352000,58.700000,1819.029851,1837.605403,460.000000,819,-1359.029851,OpenLoop,NoFIFO,false,OpenLoop_NoFIFO
13.210058,-1,20,9998.815000,57.515000,1848.458038,1839.233298,460.000000,819,-1388.458038,OpenLoop,NoFIFO,false,OpenLoop_NoFIFO
13.220105,-1,20,10047.333000,104.848000,1850.637181,1840.943880,460.000000,819,-1390.637181,OpenLoop,NoFIFO,false,OpenLoop_NoFIFO
13.230069,-1,20,9963.853000,68.701000,1819.298035,1837.697004,460.000000,819,-1359.298035,OpenLoop,NoFIFO,false,OpenLoop_NoFIFO
13.240071,-1,20,10002.130000,70.831000,1845.472441,1838.863319,460.000000,819,-1385.472441,OpenLoop,NoFIFO,false,OpenLoop_NoFIFO
13.250069,-1,20,9998.297000,69.128000,1848.277910,1840.275508,460.000000,819,-1388.277910,OpenLoop,NoFIFO,false,OpenLoop_NoFIFO
13.260070,-1,20,10001.278000,70.406000,1824.027186,1837.838259,460.000000,819,-1364.027186,OpenLoop,NoFIFO,false,OpenLoop_NoFIFO
13.270069,-1,20,9999.093000,69.499000,1834.725537,1837.371351,460.000000,819,-1374.725537,OpenLoop,NoFIFO,false,OpenLoop_NoFIFO
13.280070,-1,20,10000.760000,70.259000,1859.135378,1840.635955,460.000000,819,-1399.135378,OpenLoop,NoFIFO,false,OpenLoop_NoFIFO
13.290069,-1,20,9998.870000,69.129000,1829.485959,1838.963456,460.000000,819,-1369.485959,OpenLoop,NoFIFO,false,OpenLoop_NoFIFO
13.300070,-1,20,10001.334000,70.463000,1826.619273,1837.111828,460.000000,819,-1366.619273,OpenLoop,NoFIFO,false,OpenLoop_NoFIFO
13.310085,-1,20,10014.037000,84.500000,1863.464269,1841.064694,460.000000,819,-1403.464269,OpenLoop,NoFIFO,false,OpenLoop_NoFIFO
13.320112,-1,20,10027.852000,112.352000,1829.509494,1839.331414,460.000000,819,-1369.509494,OpenLoop,NoFIFO,false,OpenLoop_NoFIFO
13.330074,-1,20,9961.834000,74.186000,1826.877376,1837.463309,460.000000,819,-1366.877376,OpenLoop,NoFIFO,false,OpenLoop_NoFIFO
13.340078,-1,20,10004.112000,78.298000,1864.064157,1841.453436,460.000000,819,-1404.064157,OpenLoop,NoFIFO,false,OpenLoop_NoFIFO
13.350077,-1,20,9998.760000,77.058000,1841.280170,1841.427446,460.000000,819,-1381.280170,OpenLoop,NoFIFO,false,OpenLoop_NoFIFO
13.360075,-1,20,9997.889000,74.947000,1815.318302,1837.511075,460.000000,819,-1355.318302,OpenLoop,NoFIFO,false,OpenLoop_NoFIFO
13.370077,-1,20,10002.408000,77.355000,1866.998578,1841.934200,460.000000,819,-1406.998578,OpenLoop,NoFIFO,false,OpenLoop_NoFIFO
13.380077,-1,20,9999.445000,76.800000,1840.707370,1841.750175,460.000000,819,-1380.707370,OpenLoop,NoFIFO,false,OpenLoop_NoFIFO
13.390075,-1,20,9998.593000,75.393000,1817.199907,1838.067635,460.000000,819,-1357.199907,OpenLoop,NoFIFO,false,OpenLoop_NoFIFO
13.400073,-1,20,9997.352000,72.745000,1867.138365,1842.428245,460.000000,819,-1407.138365,OpenLoop,NoFIFO,false,OpenLoop_NoFIFO
13.410072,-1,20,9999.630000,72.375000,1845.295247,1842.858295,460.000000,819,-1385.295247,OpenLoop,NoFIFO,false,OpenLoop_NoFIFO
13.420073,-1,20,10000.871000,73.246000,1819.910808,1839.416172,460.000000,819,-1359.910808,OpenLoop,NoFIFO,false,OpenLoop_NoFIFO
13.430076,-1,20,10002.519000,75.765000,1856.214218,1841.935879,460.000000,819,-1396.214218,OpenLoop,NoFIFO,false,OpenLoop_NoFIFO
13.440073,-1,20,9996.759000,72.524000,1851.303318,1843.340995,460.000000,819,-1391.303318,OpenLoop,NoFIFO,false,OpenLoop_NoFIFO
13.450079,-1,20,10006.093000,78.617000,1817.375887,1839.446228,460.000000,819,-1357.375887,OpenLoop,NoFIFO,false,OpenLoop_NoFIFO
13.460076,-1,20,9997.001000,75.618000,1855.211082,1841.810956,460.000000,819,-1395.211082,OpenLoop,NoFIFO,false,OpenLoop_NoFIFO
13.470074,-1,20,9997.889000,73.507000,1853.561220,1843.573496,460.000000,819,-1393.561220,OpenLoop,NoFIFO,false,OpenLoop_NoFIFO
13.480077,-1,20,10003.222000,76.729000,1825.051230,1840.795156,460.000000,819,-1365.051230,OpenLoop,NoFIFO,false,OpenLoop_NoFIFO
13.490070,-1,20,9993.408000,70.137000,1841.758505,1840.939658,460.000000,819,-1381.758505,OpenLoop,NoFIFO,false,OpenLoop_NoFIFO
13.500071,-1,20,10000.519000,70.656000,1856.190602,1843.227300,460.000000,819,-1396.190602,OpenLoop,NoFIFO,false,OpenLoop_NoFIFO
13.510070,-1,20,9998.964000,69.620000,1823.410816,1840.254827,460.000000,819,-1363.410816,OpenLoop,NoFIFO,false,OpenLoop_NoFIFO
13.520070,-1,20,10000.741000,70.361000,1835.317460,1839.514222,460.000000,819,-1375.317460,OpenLoop,NoFIFO,false,OpenLoop_NoFIFO
13.530075,-1,20,10005.111000,75.472000,1859.943316,1842.578586,460.000000,819,-1399.943316,OpenLoop,NoFIFO,false,OpenLoop_NoFIFO
13.540071,-1,20,9995.834000,71.306000,1829.879679,1840.673750,460.000000,819,-1369.879679,OpenLoop,NoFIFO,false,OpenLoop_NoFIFO
13.550089,-1,20,10018.056000,89.362000,1830.021167,1839.075863,460.000000,819,-1370.021167,OpenLoop,NoFIFO,false,OpenLoop_NoFIFO
13.560077,-1,20,9988.019000,77.381000,1855.211082,1841.496146,460.000000,819,-1395.211082,OpenLoop,NoFIFO,false,OpenLoop_NoFIFO
13.570072,-1,20,9994.630000,72.011000,1835.601719,1840.611982,460.000000,819,-1375.601719,OpenLoop,NoFIFO,false,OpenLoop_NoFIFO
13.580072,-1,20,9999.611000,71.622000,1814.199791,1836.650153,460.000000,819,-1354.199791,OpenLoop,NoFIFO,false,OpenLoop_NoFIFO
13.590072,-1,20,10000.205000,71.827000,1866.113744,1841.069692,460.000000,819,-1406.113744,OpenLoop,NoFIFO,false,OpenLoop_NoFIFO
13.600073,-1,20,10000.741000,72.568000,1836.755233,1840.422523,460.000000,819,-1376.755233,OpenLoop,NoFIFO,false,OpenLoop_NoFIFO
13.610072,-1,20,9999.537000,72.105000,1816.517013,1836.836696,460.000000,819,-1356.517013,OpenLoop,NoFIFO,false,OpenLoop_NoFIFO
13.620072,-1,20,9999.556000,71.661000,1862.089513,1840.624619,460.000000,819,-1402.089513,OpenLoop,NoFIFO,false,OpenLoop_NoFIFO
13.630071,-1,20,9999.315000,70.976000,1839.995213,1840.530208,460.000000,819,-1379.995213,OpenLoop,NoFIFO,false,OpenLoop_NoFIFO
13.640072,-1,20,10000.612000,71.588000,1815.149137,1836.723047,460.000000,819,-1355.149137,OpenLoop,NoFIFO,false,OpenLoop_NoFIFO
13.650080,-1,20,10008.204000,79.792000,1858.874821,1840.045813,460.000000,819,-1398.874821,OpenLoop,NoFIFO,false,OpenLoop_NoFIFO
13.660081,-1,20,10000.908000,80.700000,1848.383281,1841.296433,460.000000,819,-1388.383281,OpenLoop,NoFIFO,false,OpenLoop_NoFIFO
13.670076,-1,20,9995.037000,75.737000,1817.375887,1837.708351,460.000000,819,-1357.375887,OpenLoop,NoFIFO,false,OpenLoop_NoFIFO
13.680072,-1,20,9996.482000,72.219000,1858.152748,1840.775011,460.000000,819,-1398.152748,OpenLoop,NoFIFO,false,OpenLoop_NoFIFO
13.690072,-1,20,9999.852000,72.071000,1846.523493,1841.637283,460.000000,819,-1386.523493,OpenLoop,NoFIFO,false,OpenLoop_NoFIFO
13.700072,-1,20,9999.964000,72.035000,1825.000000,1839.141691,460.000000,819,-1365.000000,OpenLoop,NoFIFO,false,OpenLoop_NoFIFO
13.710073,-1,20,10000.648000,72.683000,1847.956731,1840.463947,460.000000,819,-1387.956731,OpenLoop,NoFIFO,false,OpenLoop_NoFIFO
13.720072,-1,20,9998.982000,71.665000,1854.502863,1842.569784,460.000000,819,-1394.502863,OpenLoop,NoFIFO,false,OpenLoop_NoFIFO
13.730072,-1,20,9999.871000,71.536000,1829.819277,1840.657208,460.000000,819,-1369.819277,OpenLoop,NoFIFO,false,OpenLoop_NoFIFO
13.740072,-1,20,10000.685000,72.221000,1841.605553,1840.799460,460.000000,819,-1381.605553,OpenLoop,NoFIFO,false,OpenLoop_NoFIFO
13.750073,-1,20,10000.705000,72.926000,1854.444709,1842.846247,460.000000,819,-1394.444709,OpenLoop,NoFIFO,false,OpenLoop_NoFIFO
13.760072,-1,20,9998.759000,71.685000,1827.581665,1840.556560,460.000000,819,-1367.581665,OpenLoop,NoFIFO,false,OpenLoop_NoFIFO
13.770076,-1,20,10004.612000,76.297000,1839.539007,1840.403927,460.000000,819,-1379.539007,OpenLoop,NoFIFO,false,OpenLoop_NoFIFO
13.780080,-1,20,10003.741000,80.038000,1853.537981,1842.374035,460.000000,819,-1393.537981,OpenLoop,NoFIFO,false,OpenLoop_NoFIFO
13.790075,-1,20,9995.037000,75.075000,1836.933428,1841.557944,460.000000,819,-1376.933428,OpenLoop,NoFIFO,false,OpenLoop_NoFIFO
13.800075,-1,20,10000.205000,75.280000,1824.697528,1839.028882,460.000000,819,-1364.697528,OpenLoop,NoFIFO,false,OpenLoop_NoFIFO
13.810074,-1,20,9998.481000,73.761000,1860.652798,1842.272469,460.000000,819,-1400.652798,OpenLoop,NoFIFO,false,OpenLoop_NoFIFO
13.820074,-1,20,10000.186000,73.947000,1831.054688,1840.589802,460.000000,819,-1371.054688,OpenLoop,NoFIFO,false,OpenLoop_NoFIFO
13.830074,-1,20,10000.001000,73.948000,1825.420673,1838.314432,460.000000,819,-1365.420673,OpenLoop,NoFIFO,false,OpenLoop_NoFIFO
13.840075,-1,20,10000.926000,74.874000,1862.258233,1841.906003,460.000000,819,-1402.258233,OpenLoop,NoFIFO,false,OpenLoop_NoFIFO
13.850078,-1,20,10002.982000,77.856000,1837.356597,1841.223592,460.000000,819,-1377.356597,OpenLoop,NoFIFO,false,OpenLoop_NoFIFO
13.860074,-1,20,9996.593000,74.449000,1820.866142,1838.169974,460.000000,819,-1360.866142,OpenLoop,NoFIFO,false,OpenLoop_NoFIFO
13.870075,-1,20,10000.685000,75.134000,1857.100239,1841.009514,460.000000,819,-1397.100239,OpenLoop,NoFIFO,false,OpenLoop_NoFIFO
13.880074,-1,20,9998.964000,74.098000,1838.716004,1840.665487,460.000000,819,-1378.716004,OpenLoop,NoFIFO,false,OpenLoop_NoFIFO
13.890074,-1,20,10000.352000,74.450000,1814.949809,1836.808136,460.000000,819,-1354.949809,OpenLoop,NoFIFO,false,OpenLoop_NoFIFO
13.900075,-1,20,10000.297000,74.747000,1863.232218,1840.771748,460.000000,819,-1403.232218,OpenLoop,NoFIFO,false,OpenLoop_NoFIFO
13.910075,-1,20,9999.889000,74.636000,1837.356597,1840.259475,460.000000,819,-1377.356597,OpenLoop,NoFIFO,false,OpenLoop_NoFIFO
13.920074,-1,20,9999.408000,74.044000,1818.956476,1837.064025,460.000000,819,-1358.956476,OpenLoop,NoFIFO,false,OpenLoop_NoFIFO
13.930074,-1,20,10000.334000,74.378000,1850.915794,1839.141791,460.000000,819,-1390.915794,OpenLoop,NoFIFO,false,OpenLoop_NoFIFO
13.940074,-1,20,9999.408000,73.786000,1841.162420,1839.444885,460.000000,819,-1381.162420,OpenLoop,NoFIFO,false,OpenLoop_NoFIFO
13.950075,-1,20,10001.185000,74.971000,1814.949809,1835.770624,460.000000,819,-1354.949809,OpenLoop,NoFIFO,false,OpenLoop_NoFIFO
13.960073,-1,20,9998.427000,73.398000,1848.383281,1837.662522,460.000000,819,-1388.383281,OpenLoop,NoFIFO,false,OpenLoop_NoFIFO
13.970074,-1,20,10000.111000,73.509000,1845.647533,1838.860274,460.000000,819,-1385.647533,OpenLoop,NoFIFO,false,OpenLoop_NoFIFO
13.980075,-1,20,10001.649000,75.158000,1816.099476,1835.446154,460.000000,819,-1356.099476,OpenLoop,NoFIFO,false,OpenLoop_NoFIFO
13.990074,-1,20,9998.704000,73.862000,1844.409789,1836.790699,460.000000,819,-1384.409789,OpenLoop,NoFIFO,false,OpenLoop_NoFIFO
14.000074,-1,20,10000.241000,74.103000,1842.570755,1837.657708,460.000000,819,-1382.570755,OpenLoop,NoFIFO,false,OpenLoop_NoFIFO
14.010074,-1,20,9999.889000,73.992000,1822.546230,1835.390986,460.000000,819,-1362.546230,OpenLoop,NoFIFO,false,OpenLoop_NoFIFO
14.020074,-1,20,10000.445000,74.437000,1834.346906,1835.234374,460.000000,819,-1374.346906,OpenLoop,NoFIFO,false,OpenLoop_NoFIFO
14.030075,-1,20,10000.223000,74.660000,1854.444709,1838.115924,460.000000,819,-1394.444709,OpenLoop,NoFIFO,false,OpenLoop_NoFIFO
14.040074,-1,20,9999.241000,73.901000,1826.619273,1836.391427,460.000000,819,-1366.619273,OpenLoop,NoFIFO,false,OpenLoop_NoFIFO
14.050074,-1,20,10000.427000,74.328000,1827.746077,1835.094624,460.000000,819,-1367.746077,OpenLoop,NoFIFO,false,OpenLoop_NoFIFO
14.060073,-1,20,9999.093000,73.421000,1862.089513,1839.143858,460.000000,819,-1402.089513,OpenLoop,NoFIFO,false,OpenLoop_NoFIFO
14.070074,-1,20,10000.833000,74.254000,1826.877376,1837.303885,460.000000,819,-1366.877376,OpenLoop,NoFIFO,false,OpenLoop_NoFIFO
14.080074,-1,20,9999.779000,74.033000,1823.738170,1835.269028,460.000000,819,-1363.738170,OpenLoop,NoFIFO,false,OpenLoop_NoFIFO
14.090073,-1,20,9998.944000,72.977000,1863.464269,1839.498314,460.000000,819,-1403.464269,OpenLoop,NoFIFO,false,OpenLoop_NoFIFO
14.100075,-1,20,10001.779000,74.756000,1838.235294,1839.308861,460.000000,819,-1378.235294,OpenLoop,NoFIFO,false,OpenLoop_NoFIFO
14.110074,-1,20,9999.426000,74.182000,1817.375887,1836.018915,460.000000,819,-1357.375887,OpenLoop,NoFIFO,false,OpenLoop_NoFIFO
14.120083,-1,20,10008.352000,82.534000,1869.097587,1840.980716,460.000000,819,-1409.097587,OpenLoop,NoFIFO,false,OpenLoop_NoFIFO
14.130076,-1,20,9993.501000,76.035000,1836.933428,1840.373623,460.000000,819,-1376.933428,OpenLoop,NoFIFO,false,OpenLoop_NoFIFO
14.140074,-1,20,9997.982000,74.017000,1817.246415,1836.904541,460.000000,819,-1357.246415,OpenLoop,NoFIFO,false,OpenLoop_NoFIFO
14.150076,-1,20,10001.667000,75.684000,1865.229749,1841.153323,460.000000,819,-1405.229749,OpenLoop,NoFIFO,false,OpenLoop_NoFIFO
14.160076,-1,20,10000.685000,76.369000,1844.504197,1841.655954,460.000000,819,-1384.504197,OpenLoop,NoFIFO,false,OpenLoop_NoFIFO
14.170075,-1,20,9998.186000,74.555000,1818.235572,1838.142897,460.000000,819,-1358.235572,OpenLoop,NoFIFO,false,OpenLoop_NoFIFO
14.180075,-1,20,10000.426000,74.981000,1858.152748,1841.144374,460.000000,819,-1398.152748,OpenLoop,NoFIFO,false,OpenLoop_NoFIFO
14.190089,-1,20,10013.649000,88.630000,1850.328947,1842.522060,460.000000,819,-1390.328947,OpenLoop,NoFIFO,false,OpenLoop_NoFIFO
14.200079,-1,20,9989.889000,78.519000,1815.318302,1838.441497,460.000000,819,-1355.318302,OpenLoop,NoFIFO,false,OpenLoop_NoFIFO
14.210077,-1,20,9998.649000,77.168000,1850.615420,1840.267585,460.000000,819,-1390.615420,OpenLoop,NoFIFO,false,OpenLoop_NoFIFO
14.220075,-1,20,9997.556000,74.724000,1851.975440,1842.023763,460.000000,819,-1391.975440,OpenLoop,NoFIFO,false,OpenLoop_NoFIFO
14.230073,-1,20,9998.593000,73.317000,1824.871013,1839.450851,460.000000,819,-1364.871013,OpenLoop,NoFIFO,false,OpenLoop_NoFIFO
14.240073,-1,20,9999.778000,73.095000,1840.707370,1839.639329,460.000000,819,-1380.707370,OpenLoop,NoFIFO,false,OpenLoop_NoFIFO
14.250072,-1,20,9999.297000,72.392000,1855.329041,1841.992786,460.000000,819,-1395.329041,OpenLoop,NoFIFO,false,OpenLoop_NoFIFO
14.260072,-1,20,9999.834000,72.226000,1824.276222,1839.335301,460.000000,819,-1364.276222,OpenLoop,NoFIFO,false,OpenLoop_NoFIFO
14.270072,-1,20,10000.074000,72.300000,1836.794671,1838.954207,460.000000,819,-1376.794671,OpenLoop,NoFIFO,false,OpenLoop_NoFIFO
14.280080,-1,20,10007.797000,80.097000,1859.065156,1841.970849,460.000000,819,-1399.065156,OpenLoop,NoFIFO,false,OpenLoop_NoFIFO
14.290082,-1,20,10001.722000,81.819000,1830.474934,1840.246462,460.000000,819,-1370.474934,OpenLoop,NoFIFO,false,OpenLoop_NoFIFO
14.300090,-1,20,10008.593000,90.412000,1826.619273,1838.202383,460.000000,819,-1366.619273,OpenLoop,NoFIFO,false,OpenLoop_NoFIFO
14.310089,-1,20,9998.686000,89.098000,1859.763384,1841.436534,460.000000,819,-1399.763384,OpenLoop,NoFIFO,false,OpenLoop_NoFIFO
14.320077,-1,20,9987.519000,76.617000,1835.835509,1840.596380,460.000000,819,-1375.835509,OpenLoop,NoFIFO,false,OpenLoop_NoFIFO
14.330073,-1,20,9996.464000,73.081000,1818.235572,1837.242259,460.000000,819,-1358.235572,OpenLoop,NoFIFO,false,OpenLoop_NoFIFO
14.340071,-1,20,9998.148000,71.229000,1866.042994,1841.562369,460.000000,819,-1406.042994,OpenLoop,NoFIFO,false,OpenLoop_NoFIFO
14.350073,-1,20,10001.408000,72.637000,1839.114833,1841.195239,460.000000,819,-1379.114833,OpenLoop,NoFIFO,false,OpenLoop_NoFIFO
14.360072,-1,20,9999.389000,72.026000,1815.149137,1837.288323,460.000000,819,-1355.149137,OpenLoop,NoFIFO,false,OpenLoop_NoFIFO
14.370069,-1,20,9996.519000,68.545000,1862.582781,1841.082492,460.000000,819,-1402.582781,OpenLoop,NoFIFO,false,OpenLoop_NoFIFO
14.380073,-1,20,10004.834000,73.379000,1839.209968,1840.801613,460.000000,819,-1379.209968,OpenLoop,NoFIFO,false,OpenLoop_NoFIFO
14.390073,-1,20,9999.130000,72.509000,1816.686603,1837.184362,460.000000,819,-1356.686603,OpenLoop,NoFIFO,false,OpenLoop_NoFIFO
14.400072,-1,20,9999.130000,71.639000,1859.342380,1840.508065,460.000000,819,-1399.342380,OpenLoop,NoFIFO,false,OpenLoop_NoFIFO
14.410073,-1,20,10001.278000,72.917000,1849.156369,1841.805310,460.000000,819,-1389.156369,OpenLoop,NoFIFO,false,OpenLoop_NoFIFO
14.420072,-1,20,9999.390000,72.307000,1816.281847,1837.976791,460.000000,819,-1356.281847,OpenLoop,NoFIFO,false,OpenLoop_NoFIFO
14.430073,-1,20,10000.593000,72.900000,1855.329041,1840.579628,460.000000,819,-1395.329041,OpenLoop,NoFIFO,false,OpenLoop_NoFIFO
14.440072,-1,20,9999.315000,72.215000,1848.383281,1841.750176,460.000000,819,-1388.383281,OpenLoop,NoFIFO,false,OpenLoop_NoFIFO
14.450072,-1,20,9999.463000,71.678000,1823.410816,1838.999272,460.000000,819,-1363.410816,OpenLoop,NoFIFO,false,OpenLoop_NoFIFO
14.460074,-1,20,10002.149000,73.827000,1851.303318,1840.844879,460.000000,819,-1391.303318,OpenLoop,NoFIFO,false,OpenLoop_NoFIFO
14.470071,-1,20,9996.815000,70.642000,1852.678571,1842.619933,460.000000,819,-1392.678571,OpenLoop,NoFIFO,false,OpenLoop_NoFIFO
14.480071,-1,20,10000.630000,71.272000,1829.509494,1840.653367,460.000000,819,-1369.509494,OpenLoop,NoFIFO,false,OpenLoop_NoFIFO
14.490072,-1,20,10000.501000,71.773000,1839.114833,1840.422587,460.000000,819,-1379.114833,OpenLoop,NoFIFO,false,OpenLoop_NoFIFO
14.500072,-1,20,10000.611000,72.384000,1855.468750,1842.679511,460.000000,819,-1395.468750,OpenLoop,NoFIFO,false,OpenLoop_NoFIFO
14.510072,-1,20,9999.723000,72.107000,1826.877376,1840.309191,460.000000,819,-1366.877376,OpenLoop,NoFIFO,false,OpenLoop_NoFIFO
14.520078,-1,20,10006.241000,78.348000,1838.235294,1839.998107,460.000000,819,-1378.235294,OpenLoop,NoFIFO,false,OpenLoop_NoFIFO
14.530077,-1,20,9999.093000,77.441000,1856.214218,1842.430523,460.000000,819,-1396.214218,OpenLoop,NoFIFO,false,OpenLoop_NoFIFO
14.540072,-1,20,9994.778000,72.219000,1834.877349,1841.297547,460.000000,819,-1374.877349,OpenLoop,NoFIFO,false,OpenLoop_NoFIFO
14.550071,-1,20,9999.112000,71.331000,1828.057294,1839.311509,460.000000,819,-1368.057294,OpenLoop,NoFIFO,false,OpenLoop_NoFIFO
14.560072,-1,20,10000.260000,71.591000,1859.342380,1842.316140,460.000000,819,-1399.342380,OpenLoop,NoFIFO,false,OpenLoop_NoFIFO
14.570073,-1,20,10000.963000,72.554000,1832.975680,1840.915071,460.000000,819,-1372.975680,OpenLoop,NoFIFO,false,OpenLoop_NoFIFO
14.580073,-1,20,10000.186000,72.740000,1821.822479,1838.051182,460.000000,819,-1361.822479,OpenLoop,NoFIFO,false,OpenLoop_NoFIFO
14.590081,-1,20,10008.259000,80.999000,1863.326149,1841.842427,460.000000,819,-1403.326149,OpenLoop,NoFIFO,false,OpenLoop_NoFIFO
14.600076,-1,20,9995.186000,76.185000,1835.835509,1840.941389,460.000000,819,-1375.835509,OpenLoop,NoFIFO,false,OpenLoop_NoFIFO
14.610072,-1,20,9995.445000,71.630000,1823.043267,1838.256671,460.000000,819,-1363.043267,OpenLoop,NoFIFO,false,OpenLoop_NoFIFO
14.620072,-1,20,10000.000000,71.630000,1857.311321,1841.114868,460.000000,819,-1397.311321,OpenLoop,NoFIFO,false,OpenLoop_NoFIFO
14.630078,-1,20,10006.093000,77.723000,1837.261653,1840.536886,460.000000,819,-1377.261653,OpenLoop,NoFIFO,false,OpenLoop_NoFIFO
14.640075,-1,20,9997.279000,75.002000,1814.082656,1836.568752,460.000000,819,-1354.082656,OpenLoop,NoFIFO,false,OpenLoop_NoFIFO
14.650079,-1,20,10004.333000,79.335000,1863.232218,1840.568272,460.000000,819,-1403.232218,OpenLoop,NoFIFO,false,OpenLoop_NoFIFO
14.660075,-1,20,9995.890000,75.225000,1838.235294,1840.218325,460.000000,819,-1378.235294,OpenLoop,NoFIFO,false,OpenLoop_NoFIFO
14.670079,-1,20,10004.130000,79.355000,1818.212009,1836.917377,460.000000,819,-1358.212009,OpenLoop,NoFIFO,false,OpenLoop_NoFIFO
14.680075,-1,20,9995.296000,74.651000,1853.561220,1839.413954,460.000000,819,-1393.561220,OpenLoop,NoFIFO,false,OpenLoop_NoFIFO
14.690069,-1,20,9994.390000,69.041000,1839.678179,1839.453588,460.000000,819,-1379.678179,OpenLoop,NoFIFO,false,OpenLoop_NoFIFO
14.700072,-1,20,10002.759000,71.800000,1818.426724,1836.299558,460.000000,819,-1358.426724,OpenLoop,NoFIFO,false,OpenLoop_NoFIFO
14.710073,-1,20,10001.112000,72.912000,1850.328947,1838.403966,460.000000,819,-1390.328947,OpenLoop,NoFIFO,false,OpenLoop_NoFIFO
14.720071,-1,20,9998.297000,71.209000,1847.400285,1839.753414,460.000000,819,-1387.400285,OpenLoop,NoFIFO,false,OpenLoop_NoFIFO
14.730072,-1,20,10000.741000,71.950000,1818.426724,1836.554411,460.000000,819,-1358.426724,OpenLoop,NoFIFO,false,OpenLoop_NoFIFO
14.740087,-1,20,10015.260000,87.210000,1845.126523,1837.840228,460.000000,819,-1385.126523,OpenLoop,NoFIFO,false,OpenLoop_NoFIFO
14.750089,-1,20,10001.852000,89.062000,1845.283742,1838.956755,460.000000,819,-1385.283742,OpenLoop,NoFIFO,false,OpenLoop_NoFIFO
14.760104,-1,20,10014.463000,103.525000,1824.403217,1836.773724,460.000000,819,-1364.403217,OpenLoop,NoFIFO,false,OpenLoop_NoFIFO
14.770080,-1,20,9976.649000,80.174000,1836.520522,1836.735744,460.000000,819,-1376.520522,OpenLoop,NoFIFO,false,OpenLoop_NoFIFO
14.780076,-1,20,9996.223000,76.397000,1857.171157,1839.801056,460.000000,819,-1397.171157,OpenLoop,NoFIFO,false,OpenLoop_NoFIFO
14.790074,-1,20,9997.593000,73.990000,1826.009501,1837.732323,460.000000,819,-1366.009501,OpenLoop,NoFIFO,false,OpenLoop_NoFIFO
14.800075,-1,20,10001.056000,75.046000,1829.509494,1836.498898,460.000000,819,-1369.509494,OpenLoop,NoFIFO,false,OpenLoop_NoFIFO
14.810074,-1,20,9999.037000,74.083000,1860.822306,1840.147409,460.000000,819,-1400.822306,OpenLoop,NoFIFO,false,OpenLoop_NoFIFO
14.820085,-1,20,10011.204000,85.287000,1828.457447,1838.393915,460.000000,819,-1368.457447,OpenLoop,NoFIFO,false,OpenLoop_NoFIFO
14.830071,-1,20,9985.316000,70.603000,1825.350467,1836.437398,460.000000,819,-1365.350467,OpenLoop,NoFIFO,false,OpenLoop_NoFIFO
14.840068,-1,20,9997.834000,68.437000,1864.088264,1840.585028,460.000000,819,-1404.088264,OpenLoop,NoFIFO,false,OpenLoop_NoFIFO
14.850073,-1,20,10004.315000,72.752000,1836.289042,1839.940630,460.000000,819,-1376.289042,OpenLoop,NoFIFO,false,OpenLoop_NoFIFO
14.860069,-1,20,9996.148000,68.900000,1815.980630,1836.346630,460.000000,819,-1355.980630,OpenLoop,NoFIFO,false,OpenLoop_NoFIFO
14.870087,-1,20,10017.927000,86.827000,1867.884250,1841.077273,460.000000,819,-1407.884250,OpenLoop,NoFIFO,false,OpenLoop_NoFIFO
14.880074,-1,20,9986.815000,73.642000,1835.236542,1840.201163,460.000000,819,-1375.236542,OpenLoop,NoFIFO,false,OpenLoop_NoFIFO
14.890070,-1,20,9996.408000,70.050000,1816.517013,1836.648541,460.000000,819,-1356.517013,OpenLoop,NoFIFO,false,OpenLoop_NoFIFO
14.900067,-1,20,9996.834000,66.884000,1865.798800,1841.021080,460.000000,819,-1405.798800,OpenLoop,NoFIFO,false,OpenLoop_NoFIFO
14.910071,-1,20,10003.908000,70.792000,1842.151989,1841.190716,460.000000,819,-1382.151989,OpenLoop,NoFIFO,false,OpenLoop_NoFIFO
14.920068,-1,20,9997.611000,68.403000,1816.860465,1837.541178,460.000000,819,-1356.860465,OpenLoop,NoFIFO,false,OpenLoop_NoFIFO
14.930073,-1,20,10004.279000,72.682000,1857.171157,1840.485675,460.000000,819,-1397.171157,OpenLoop,NoFIFO,false,OpenLoop_NoFIFO
14.940072,-1,20,9999.278000,71.960000,1847.400285,1841.522867,460.000000,819,-1387.400285,OpenLoop,NoFIFO,false,OpenLoop_NoFIFO
14.950072,-1,20,10000.500000,72.460000,1812.304075,1837.140048,460.000000,819,-1352.304075,OpenLoop,NoFIFO,false,OpenLoop_NoFIFO
14.960071,-1,20,9999.019000,71.479000,1854.444709,1839.735747,460.000000,819,-1394.444709,OpenLoop,NoFIFO,false,OpenLoop_NoFIFO
14.970072,-1,20,10000.056000,71.535000,1848.383281,1841.032877,460.000000,819,-1388.383281,OpenLoop,NoFIFO,false,OpenLoop_NoFIFO
14.980072,-1,20,10000.371000,71.906000,1821.916987,1838.165494,460.000000,819,-1361.916987,OpenLoop,NoFIFO,false,OpenLoop_NoFIFO
14.990072,-1,20,9999.649000,71.555000,1843.119022,1838.908523,460.000000,819,-1383.119022,OpenLoop,NoFIFO,false,OpenLoop_NoFIFO
15.000071,-1,20,9999.222000,70.777000,1853.561220,1841.106427,460.000000,819,-1393.561220,OpenLoop,NoFIFO,false,OpenLoop_NoFIFO
15.010072,-1,20,10001.186000,71.963000,1824.403217,1838.600946,460.000000,819,-1364.403217,OpenLoop,NoFIFO,false,OpenLoop_NoFIFO
15.020070,-1,20,9998.445000,70.408000,1834.725537,1838.019635,460.000000,819,-1374.725537,OpenLoop,NoFIFO,false,OpenLoop_NoFIFO
15.030081,-1,20,10010.852000,81.260000,1860.119048,1841.334547,460.000000,819,-1400.119048,OpenLoop,NoFIFO,false,OpenLoop_NoFIFO
15.040076,-1,20,9994.964000,76.224000,1827.177575,1839.211001,460.000000,819,-1367.177575,OpenLoop,NoFIFO,false,OpenLoop_NoFIFO
15.050072,-1,20,9996.093000,72.317000,1826.619273,1837.322242,460.000000,819,-1366.619273,OpenLoop,NoFIFO,false,OpenLoop_NoFIFO
15.060071,-1,20,9998.852000,71.169000,1857.311321,1840.320603,460.000000,819,-1397.311321,OpenLoop,NoFIFO,false,OpenLoop_NoFIFO
15.070072,-1,20,10000.575000,71.744000,1833.802251,1839.342851,460.000000,819,-1373.802251,OpenLoop,NoFIFO,false,OpenLoop_NoFIFO
15.080072,-1,20,9999.852000,71.596000,1817.556247,1836.074860,460.000000,819,-1357.556247,OpenLoop,NoFIFO,false,OpenLoop_NoFIFO
15.090072,-1,20,10000.167000,71.763000,1863.232218,1840.148464,460.000000,819,-1403.232218,OpenLoop,NoFIFO,false,OpenLoop_NoFIFO
15.100071,-1,20,9998.908000,70.671000,1837.356597,1839.729684,460.000000,819,-1377.356597,OpenLoop,NoFIFO,false,OpenLoop_NoFIFO
15.110072,-1,20,10001.297000,71.968000,1813.251438,1835.757947,460.000000,819,-1353.251438,OpenLoop,NoFIFO,false,OpenLoop_NoFIFO
15.120071,-1,20,9998.797000,70.765000,1862.434179,1839.759382,460.000000,819,-1402.434179,OpenLoop,NoFIFO,false,OpenLoop_NoFIFO
15.130071,-1,20,10000.667000,71.432000,1839.209968,1839.676970,460.000000,819,-1379.209968,OpenLoop,NoFIFO,false,OpenLoop_NoFIFO
15.140102,-1,20,10030.759000,102.191000,1818.049065,1836.432784,460.000000,819,-1358.049065,OpenLoop,NoFIFO,false,OpenLoop_NoFIFO
15.150077,-1,20,9975.001000,77.192000,1860.119048,1839.985723,460.000000,819,-1400.119048,OpenLoop,NoFIFO,false,OpenLoop_NoFIFO
15.160084,-1,20,10006.963000,84.155000,1846.227621,1840.922008,460.000000,819,-1386.227621,OpenLoop,NoFIFO,false,OpenLoop_NoFIFO
15.170108,-1,20,10024.241000,108.396000,1816.147621,1837.205850,460.000000,819,-1356.147621,OpenLoop,NoFIFO,false,OpenLoop_NoFIFO
15.180110,-1,20,10001.297000,109.693000,1859.919571,1840.612908,460.000000,819,-1399.919571,OpenLoop,NoFIFO,false,OpenLoop_NoFIFO
15.190087,-1,20,9976.890000,86.583000,1847.956731,1841.714482,460.000000,819,-1387.956731,OpenLoop,NoFIFO,false,OpenLoop_NoFIFO
15.200098,-1,20,10011.426000,98.009000,1822.866031,1838.887214,460.000000,819,-1362.866031,OpenLoop,NoFIFO,false,OpenLoop_NoFIFO
15.210094,-1,20,9995.649000,93.658000,1853.580844,1841.091259,460.000000,819,-1393.580844,OpenLoop,NoFIFO,false,OpenLoop_NoFIFO
15.220093,-1,20,9999.167000,92.825000,1850.937808,1842.568241,460.000000,819,-1390.937808,OpenLoop,NoFIFO,false,OpenLoop_NoFIFO
15.230098,-1,20,10005.630000,98.455000,1830.701543,1840.788236,460.000000,819,-1370.701543,OpenLoop,NoFIFO,false,OpenLoop_NoFIFO
15.240080,-1,20,9981.482000,79.937000,1839.209968,1840.551496,460.000000,819,-1379.209968,OpenLoop,NoFIFO,false,OpenLoop_NoFIFO
15.250091,-1,20,10011.130000,91.067000,1856.884058,1843.001380,460.000000,819,-1396.884058,OpenLoop,NoFIFO,false,OpenLoop_NoFIFO
15.260114,-1,20,10023.334000,114.401000,1828.545071,1840.832934,460.000000,819,-1368.545071,OpenLoop,NoFIFO,false,OpenLoop_NoFIFO
15.270097,-1,20,9982.222000,96.623000,1835.601719,1840.048252,460.000000,819,-1375.601719,OpenLoop,NoFIFO,false,OpenLoop_NoFIFO
15.280082,-1,20,9985.168000,81.791000,1855.091699,1842.304769,460.000000,819,-1395.091699,OpenLoop,NoFIFO,false,OpenLoop_NoFIFO
15.290078,-1,20,9995.815000,77.606000,1834.239130,1841.094923,460.000000,819,-1374.239130,OpenLoop,NoFIFO,false,OpenLoop_NoFIFO
15.300079,-1,20,10001.056000,78.662000,1829.160790,1839.304803,460.000000,819,-1369.160790,OpenLoop,NoFIFO,false,OpenLoop_NoFIFO
15.310103,-1,20,10024.797000,103.459000,1857.355126,1842.012352,460.000000,819,-1397.355126,OpenLoop,NoFIFO,false,OpenLoop_NoFIFO
15.320089,-1,20,9985.963000,89.422000,1835.236542,1840.995980,460.000000,819,-1375.236542,OpenLoop,NoFIFO,false,OpenLoop_NoFIFO
15.330100,-1,20,10010.797000,100.219000,1822.678408,1838.248344,460.000000,819,-1362.678408,OpenLoop,NoFIFO,false,OpenLoop_NoFIFO
15.340088,-1,20,9987.686000,87.905000,1864.207221,1842.142176,460.000000,819,-1404.207221,OpenLoop,NoFIFO,false,OpenLoop_NoFIFO
15.350076,-1,20,9988.278000,76.183000,1834.335219,1840.971132,460.000000,819,-1374.335219,OpenLoop,NoFIFO,false,OpenLoop_NoFIFO
15.360077,-1,20,10001.167000,77.350000,1822.250639,1838.163058,460.000000,819,-1362.250639,OpenLoop,NoFIFO,false,OpenLoop_NoFIFO
15.370127,-1,20,10049.945000,127.295000,1858.372457,1841.194468,460.000000,819,-1398.372457,OpenLoop,NoFIFO,false,OpenLoop_NoFIFO
15.380085,-1,20,9957.297000,84.592000,1841.085271,1841.178089,460.000000,819,-1381.085271,OpenLoop,NoFIFO,false,OpenLoop_NoFIFO
15.390094,-1,20,10009.185000,93.777000,1815.352697,1837.304280,460.000000,819,-1355.352697,OpenLoop,NoFIFO,false,OpenLoop_NoFIFO
15.400104,-1,20,10010.371000,104.148000,1863.532110,1841.238454,460.000000,819,-1403.532110,OpenLoop,NoFIFO,false,OpenLoop_NoFIFO
15.410072,-1,20,9967.464000,71.612000,1838.680387,1840.854744,460.000000,819,-1378.680387,OpenLoop,NoFIFO,false,OpenLoop_NoFIFO
15.420064,-1,20,9992.111000,63.723000,1819.241431,1837.612747,460.000000,819,-1359.241431,OpenLoop,NoFIFO,false,OpenLoop_NoFIFO
15.430062,-1,20,9997.816000,61.539000,1857.927156,1840.659909,460.000000,819,-1397.927156,OpenLoop,NoFIFO,false,OpenLoop_NoFIFO
15.440059,-1,20,9997.334000,58.873000,1840.039254,1840.566811,460.000000,819,-1380.039254,OpenLoop,NoFIFO,false,OpenLoop_NoFIFO
15.450058,-1,20,9999.259000,58.132000,1820.158850,1837.505616,460.000000,819,-1360.158850,OpenLoop,NoFIFO,false,OpenLoop_NoFIFO
15.460070,-1,20,10012.316000,70.448000,1847.068717,1838.940082,460.000000,819,-1387.068717,OpenLoop,NoFIFO,false,OpenLoop_NoFIFO
15.470061,-1,20,9990.833000,61.281000,1848.789316,1840.417467,460.000000,819,-1388.789316,OpenLoop,NoFIFO,false,OpenLoop_NoFIFO
15.480059,-1,20,9997.408000,58.689000,1816.318927,1836.802686,460.000000,819,-1356.318927,OpenLoop,NoFIFO,false,OpenLoop_NoFIFO
15.490059,-1,20,10000.297000,58.986000,1845.658758,1838.131097,460.000000,819,-1385.658758,OpenLoop,NoFIFO,false,OpenLoop_NoFIFO
15.500059,-1,20,10000.056000,59.042000,1847.866766,1839.591447,460.000000,819,-1387.866766,OpenLoop,NoFIFO,false,OpenLoop_NoFIFO
15.510068,-1,20,10009.204000,68.246000,1824.476048,1837.324137,460.000000,819,-1364.476048,OpenLoop,NoFIFO,false,OpenLoop_NoFIFO
15.520062,-1,20,9993.538000,61.784000,1836.901306,1837.260713,460.000000,819,-1376.901306,OpenLoop,NoFIFO,false,OpenLoop_NoFIFO
15.530061,-1,20,9998.778000,60.562000,1857.355126,1840.274875,460.000000,819,-1397.355126,OpenLoop,NoFIFO,false,OpenLoop_NoFIFO
15.540058,-1,20,9997.389000,57.951000,1825.682853,1838.086071,460.000000,819,-1365.682853,OpenLoop,NoFIFO,false,OpenLoop_NoFIFO
15.550058,-1,20,9999.797000,57.748000,1833.230198,1837.357690,460.000000,819,-1373.230198,OpenLoop,NoFIFO,false,OpenLoop_NoFIFO
15.560058,-1,20,9999.853000,57.601000,1863.676397,1841.305496,460.000000,819,-1403.676397,OpenLoop,NoFIFO,false,OpenLoop_NoFIFO
15.570061,-1,20,10002.907000,60.508000,1829.039520,1839.465600,460.000000,819,-1369.039520,OpenLoop,NoFIFO,false,OpenLoop_NoFIFO
15.580060,-1,20,9999.556000,60.064000,1829.954955,1838.039003,460.000000,819,-1369.954955,OpenLoop,NoFIFO,false,OpenLoop_NoFIFO
15.590058,-1,20,9997.927000,57.991000,1863.954345,1841.926304,460.000000,819,-1403.954345,OpenLoop,NoFIFO,false,OpenLoop_NoFIFO
15.600058,-1,20,9999.537000,57.528000,1838.235294,1841.372653,460.000000,819,-1378.235294,OpenLoop,NoFIFO,false,OpenLoop_NoFIFO
15.610058,-1,20,10000.279000,57.807000,1818.125311,1837.885551,460.000000,819,-1358.125311,OpenLoop,NoFIFO,false,OpenLoop_NoFIFO
15.620057,-1,20,9999.519000,57.326000,1870.324190,1842.751347,460.000000,819,-1410.324190,OpenLoop,NoFIFO,false,OpenLoop_NoFIFO
15.630058,-1,20,10000.204000,57.530000,1836.388749,1841.796958,460.000000,819,-1376.388749,OpenLoop,NoFIFO,false,OpenLoop_NoFIFO
15.640068,-1,20,10010.333000,67.863000,1819.935291,1838.517708,460.000000,819,-1359.935291,OpenLoop,NoFIFO,false,OpenLoop_NoFIFO
15.650061,-1,20,9993.168000,61.031000,1870.784148,1843.357674,460.000000,819,-1410.784148,OpenLoop,NoFIFO,false,OpenLoop_NoFIFO
15.660060,-1,20,9998.741000,59.772000,1844.185757,1843.481886,460.000000,819,-1384.185757,OpenLoop,NoFIFO,false,OpenLoop_NoFIFO
15.670059,-1,20,9999.056000,58.828000,1821.748879,1840.221935,460.000000,819,-1361.748879,OpenLoop,NoFIFO,false,OpenLoop_NoFIFO
15.680058,-1,20,9999.630000,58.458000,1856.435644,1842.653991,460.000000,819,-1396.435644,OpenLoop,NoFIFO,false,OpenLoop_NoFIFO
15.690059,-1,20,10000.241000,58.699000,1851.562500,1843.990268,460.000000,819,-1391.562500,OpenLoop,NoFIFO,false,OpenLoop_NoFIFO
15.700059,-1,20,9999.908000,58.607000,1817.221670,1839.974978,460.000000,819,-1357.221670,OpenLoop,NoFIFO,false,OpenLoop_NoFIFO
15.710059,-1,20,10000.038000,58.645000,1854.344016,1842.130334,460.000000,819,-1394.344016,OpenLoop,NoFIFO,false,OpenLoop_NoFIFO
15.720059,-1,20,9999.871000,58.516000,1855.273046,1844.101741,460.000000,819,-1395.273046,OpenLoop,NoFIFO,false,OpenLoop_NoFIFO
15.730058,-1,20,9999.796000,58.312000,1826.298701,1841.431285,460.000000,819,-1366.298701,OpenLoop,NoFIFO,false,OpenLoop_NoFIFO
15.740058,-1,20,9999.927000,58.239000,1842.867944,1841.646784,460.000000,819,-1382.867944,OpenLoop,NoFIFO,false,OpenLoop_NoFIFO
15.750062,-1,20,10004.093000,62.332000,1856.435644,1843.865113,460.000000,819,-1396.435644,OpenLoop,NoFIFO,false,OpenLoop_NoFIFO
15.760060,-1,20,9997.408000,59.740000,1829.039520,1841.641274,460.000000,819,-1369.039520,OpenLoop,NoFIFO,false,OpenLoop_NoFIFO
15.770059,-1,20,9998.852000,58.592000,1834.138187,1840.515811,460.000000,819,-1374.138187,OpenLoop,NoFIFO,false,OpenLoop_NoFIFO
15.780062,-1,20,10003.889000,62.481000,1863.676397,1843.989899,460.000000,819,-1403.676397,OpenLoop,NoFIFO,false,OpenLoop_NoFIFO
15.790063,-1,20,10000.186000,62.667000,1830.871307,1842.022110,460.000000,819,-1370.871307,OpenLoop,NoFIFO,false,OpenLoop_NoFIFO
15.800065,-1,20,10002.797000,65.464000,1830.161054,1840.242951,460.000000,819,-1370.161054,OpenLoop,NoFIFO,false,OpenLoop_NoFIFO
15.810061,-1,20,9996.019000,61.483000,1858.065730,1842.916368,460.000000,819,-1398.065730,OpenLoop,NoFIFO,false,OpenLoop_NoFIFO
15.820059,-1,20,9997.741000,59.224000,1834.545911,1841.660800,460.000000,819,-1374.545911,OpenLoop,NoFIFO,false,OpenLoop_NoFIFO
15.830059,-1,20,9999.723000,58.947000,1818.125311,1838.130476,460.000000,819,-1358.125311,OpenLoop,NoFIFO,false,OpenLoop_NoFIFO
15.840060,-1,20,10000.982000,59.929000,1865.554156,1842.244028,460.000000,819,-1405.554156,OpenLoop,NoFIFO,false,OpenLoop_NoFIFO
15.850059,-1,20,9999.056000,58.985000,1837.779156,1841.574297,460.000000,819,-1377.779156,OpenLoop,NoFIFO,false,OpenLoop_NoFIFO
15.860058,-1,20,9999.445000,58.430000,1815.417080,1837.650715,460.000000,819,-1355.417080,OpenLoop,NoFIFO,false,OpenLoop_NoFIFO
15.870059,-1,20,10000.241000,58.671000,1862.891207,1841.436789,460.000000,819,-1402.891207,OpenLoop,NoFIFO,false,OpenLoop_NoFIFO
15.880058,-1,20,9999.667000,58.338000,1838.235294,1840.956565,460.000000,819,-1378.235294,OpenLoop,NoFIFO,false,OpenLoop_NoFIFO
15.890059,-1,20,10000.260000,58.598000,1817.221670,1837.396330,460.000000,819,-1357.221670,OpenLoop,NoFIFO,false,OpenLoop_NoFIFO
15.900058,-1,20,9999.890000,58.488000,1858.065730,1840.496740,460.000000,819,-1398.065730,OpenLoop,NoFIFO,false,OpenLoop_NoFIFO
15.910059,-1,20,10000.074000,58.562000,1848.789316,1841.740627,460.000000,819,-1388.789316,OpenLoop,NoFIFO,false,OpenLoop_NoFIFO
15.920058,-1,20,9999.871000,58.433000,1814.668175,1837.679759,460.000000,819,-1354.668175,OpenLoop,NoFIFO,false,OpenLoop_NoFIFO
15.930058,-1,20,9999.945000,58.378000,1858.998494,1840.877569,460.000000,819,-1398.998494,OpenLoop,NoFIFO,false,OpenLoop_NoFIFO
15.940058,-1,20,10000.112000,58.490000,1846.024427,1841.649598,460.000000,819,-1386.024427,OpenLoop,NoFIFO,false,OpenLoop_NoFIFO
15.950058,-1,20,9999.870000,58.360000,1823.301329,1838.897358,460.000000,819,-1363.301329,OpenLoop,NoFIFO,false,OpenLoop_NoFIFO
15.960059,-1,20,10000.205000,58.565000,1851.562500,1840.797129,460.000000,819,-1391.562500,OpenLoop,NoFIFO,false,OpenLoop_NoFIFO
15.970058,-1,20,9999.593000,58.158000,1853.415916,1842.689947,460.000000,819,-1393.415916,OpenLoop,NoFIFO,false,OpenLoop_NoFIFO
15.980059,-1,20,10000.889000,59.047000,1826.298701,1840.231260,460.000000,819,-1366.298701,OpenLoop,NoFIFO,false,OpenLoop_NoFIFO
15.990059,-1,20,9999.649000,58.696000,1842.350746,1840.549183,460.000000,819,-1382.350746,OpenLoop,NoFIFO,false,OpenLoop_NoFIFO
16.000058,-1,20,9999.760000,58.456000,1853.415916,1842.479193,460.000000,819,-1393.415916,OpenLoop,NoFIFO,false,OpenLoop_NoFIFO
16.010059,-1,20,10000.482000,58.938000,1826.298701,1840.052119,460.000000,819,-1366.298701,OpenLoop,NoFIFO,false,OpenLoop_NoFIFO
16.020058,-1,20,9999.167000,58.105000,1841.012085,1840.196114,460.000000,819,-1381.012085,OpenLoop,NoFIFO,false,OpenLoop_NoFIFO
16.030068,-1,20,10009.667000,67.772000,1853.038067,1842.122407,460.000000,819,-1393.038067,OpenLoop,NoFIFO,false,OpenLoop_NoFIFO
16.040060,-1,20,9992.723000,60.495000,1834.545911,1840.985933,460.000000,819,-1374.545911,OpenLoop,NoFIFO,false,OpenLoop_NoFIFO
16.050059,-1,20,9998.278000,58.773000,1829.607213,1839.279125,460.000000,819,-1369.607213,OpenLoop,NoFIFO,false,OpenLoop_NoFIFO
16.060059,-1,20,10000.056000,58.829000,1858.065730,1842.097116,460.000000,819,-1398.065730,OpenLoop,NoFIFO,false,OpenLoop_NoFIFO
16.070058,-1,20,9999.482000,58.311000,1829.954955,1840.275791,460.000000,819,-1369.954955,OpenLoop,NoFIFO,false,OpenLoop_NoFIFO
16.080059,-1,20,10000.204000,58.515000,1827.211394,1838.316132,460.000000,819,-1367.211394,OpenLoop,NoFIFO,false,OpenLoop_NoFIFO
16.090058,-1,20,9999.945000,58.460000,1859.932195,1841.558541,460.000000,819,-1399.932195,OpenLoop,NoFIFO,false,OpenLoop_NoFIFO
16.100068,-1,20,10009.612000,68.072000,1835.835509,1840.700086,460.000000,819,-1375.835509,OpenLoop,NoFIFO,false,OpenLoop_NoFIFO
16.110061,-1,20,9992.649000,60.721000,1821.077195,1837.756653,460.000000,819,-1361.077195,OpenLoop,NoFIFO,false,OpenLoop_NoFIFO
16.120059,-1,20,9998.407000,59.128000,1858.480176,1840.865181,460.000000,819,-1398.480176,OpenLoop,NoFIFO,false,OpenLoop_NoFIFO
16.130059,-1,20,9999.834000,58.962000,1838.235294,1840.470698,460.000000,819,-1378.235294,OpenLoop,NoFIFO,false,OpenLoop_NoFIFO
16.140058,-1,20,9999.501000,58.463000,1812.845304,1836.326889,460.000000,819,-1352.845304,OpenLoop,NoFIFO,false,OpenLoop_NoFIFO
16.150058,-1,20,9999.852000,58.315000,1861.966236,1840.172791,460.000000,819,-1401.966236,OpenLoop,NoFIFO,false,OpenLoop_NoFIFO
16.160059,-1,20,10000.223000,58.538000,1837.311558,1839.743606,460.000000,819,-1377.311558,OpenLoop,NoFIFO,false,OpenLoop_NoFIFO
16.170059,-1,20,10000.000000,58.538000,1818.125311,1836.500862,460.000000,819,-1358.125311,OpenLoop,NoFIFO,false,OpenLoop_NoFIFO
16.180059,-1,20,10000.927000,59.465000,1854.344016,1839.177335,460.000000,819,-1394.344016,OpenLoop,NoFIFO,false,OpenLoop_NoFIFO
16.190059,-1,20,9999.204000,58.669000,1839.159960,1839.174729,460.000000,819,-1379.159960,OpenLoop,NoFIFO,false,OpenLoop_NoFIFO
16.200058,-1,20,9999.815000,58.484000,1817.930781,1835.988136,460.000000,819,-1357.930781,OpenLoop,NoFIFO,false,OpenLoop_NoFIFO
16.210063,-1,20,10004.390000,62.874000,1847.866766,1837.769931,460.000000,819,-1387.866766,OpenLoop,NoFIFO,false,OpenLoop_NoFIFO
16.220060,-1,20,9997.130000,60.004000,1847.866766,1839.284456,460.000000,819,-1387.866766,OpenLoop,NoFIFO,false,OpenLoop_NoFIFO
16.230062,-1,20,10001.704000,61.708000,1815.580986,1835.728936,460.000000,819,-1355.580986,OpenLoop,NoFIFO,false,OpenLoop_NoFIFO
16.240060,-1,20,9998.093000,59.801000,1846.024427,1837.273259,460.000000,819,-1386.024427,OpenLoop,NoFIFO,false,OpenLoop_NoFIFO
16.250059,-1,20,9999.075000,58.876000,1846.024427,1838.585934,460.000000,819,-1386.024427,OpenLoop,NoFIFO,false,OpenLoop_NoFIFO
16.260060,-1,20,10000.649000,59.525000,1822.916667,1836.235544,460.000000,819,-1362.916667,OpenLoop,NoFIFO,false,OpenLoop_NoFIFO
16.270059,-1,20,9999.315000,58.840000,1835.956867,1836.193743,460.000000,819,-1375.956867,OpenLoop,NoFIFO,false,OpenLoop_NoFIFO
16.280058,-1,20,9999.649000,58.489000,1856.203008,1839.195132,460.000000,819,-1396.203008,OpenLoop,NoFIFO,false,OpenLoop_NoFIFO
16.290059,-1,20,10000.222000,58.711000,1825.098571,1837.080648,460.000000,819,-1365.098571,OpenLoop,NoFIFO,false,OpenLoop_NoFIFO
16.300058,-1,20,9999.667000,58.378000,1829.039520,1835.874479,460.000000,819,-1369.039520,OpenLoop,NoFIFO,false,OpenLoop_NoFIFO
16.310058,-1,20,10000.094000,58.472000,1860.866834,1839.623332,460.000000,819,-1400.866834,OpenLoop,NoFIFO,false,OpenLoop_NoFIFO
16.320058,-1,20,9999.963000,58.435000,1826.298701,1837.624638,460.000000,819,-1366.298701,OpenLoop,NoFIFO,false,OpenLoop_NoFIFO
16.330058,-1,20,9999.852000,58.287000,1827.211394,1836.062651,460.000000,819,-1367.211394,OpenLoop,NoFIFO,false,OpenLoop_NoFIFO
16.340058,-1,20,10000.093000,58.380000,1860.866834,1839.783279,460.000000,819,-1400.866834,OpenLoop,NoFIFO,false,OpenLoop_NoFIFO
16.350059,-1,20,10000.501000,58.881000,1835.047076,1839.072848,460.000000,819,-1375.047076,OpenLoop,NoFIFO,false,OpenLoop_NoFIFO
16.360059,-1,20,9999.815000,58.696000,1814.668175,1835.412147,460.000000,819,-1354.668175,OpenLoop,NoFIFO,false,OpenLoop_NoFIFO
16.370058,-1,20,9999.667000,58.363000,1866.600299,1840.090370,460.000000,819,-1406.600299,OpenLoop,NoFIFO,false,OpenLoop_NoFIFO
16.380059,-1,20,10001.020000,59.383000,1835.956867,1839.470344,460.000000,819,-1375.956867,OpenLoop,NoFIFO,false,OpenLoop_NoFIFO
16.390059,-1,20,9999.222000,58.605000,1814.516129,1835.727212,460.000000,819,-1354.516129,OpenLoop,NoFIFO,false,OpenLoop_NoFIFO
16.400058,-1,20,9999.742000,58.347000,1864.614804,1840.060351,460.000000,819,-1404.614804,OpenLoop,NoFIFO,false,OpenLoop_NoFIFO
16.410063,-1,20,10004.167000,62.514000,1839.605067,1839.992058,460.000000,819,-1379.605067,OpenLoop,NoFIFO,false,OpenLoop_NoFIFO
16.420058,-1,20,9995.815000,58.329000,1815.417080,1836.305812,460.000000,819,-1355.417080,OpenLoop,NoFIFO,false,OpenLoop_NoFIFO
16.430059,-1,20,10000.889000,59.218000,1858.065730,1839.569799,460.000000,819,-1398.065730,OpenLoop,NoFIFO,false,OpenLoop_NoFIFO
16.440059,-1,20,9999.371000,58.589000,1846.945137,1840.676100,460.000000,819,-1386.945137,OpenLoop,NoFIFO,false,OpenLoop_NoFIFO
16.450062,-1,20,10002.927000,61.516000,1811.026091,1836.228599,460.000000,819,-1351.026091,OpenLoop,NoFIFO,false,OpenLoop_NoFIFO
16.460059,-1,20,9997.315000,58.831000,1856.435644,1839.259655,460.000000,819,-1396.435644,OpenLoop,NoFIFO,false,OpenLoop_NoFIFO
16.470059,-1,20,10000.019000,58.850000,1848.958333,1840.714457,460.000000,819,-1388.958333,OpenLoop,NoFIFO,false,OpenLoop_NoFIFO
16.480058,-1,20,9999.538000,58.388000,1820.158850,1837.631116,460.000000,819,-1360.158850,OpenLoop,NoFIFO,false,OpenLoop_NoFIFO
16.490059,-1,20,10000.500000,58.888000,1842.350746,1838.339061,460.000000,819,-1382.350746,OpenLoop,NoFIFO,false,OpenLoop_NoFIFO
16.500058,-1,20,9999.501000,58.389000,1852.766798,1840.503221,460.000000,819,-1392.766798,OpenLoop,NoFIFO,false,OpenLoop_NoFIFO
16.510058,-1,20,10000.056000,58.445000,1828.125000,1838.646488,460.000000,819,-1368.125000,OpenLoop,NoFIFO,false,OpenLoop_NoFIFO
16.520059,-1,20,10000.185000,58.630000,1829.039520,1837.205443,460.000000,819,-1369.039520,OpenLoop,NoFIFO,false,OpenLoop_NoFIFO
16.530059,-1,20,9999.964000,58.594000,1861.802413,1840.894988,460.000000,819,-1401.802413,OpenLoop,NoFIFO,false,OpenLoop_NoFIFO
16.540058,-1,20,9999.760000,58.354000,1827.211394,1838.842449,460.000000,819,-1367.211394,OpenLoop,NoFIFO,false,OpenLoop_NoFIFO
16.550059,-1,20,10000.574000,58.928000,1825.386920,1836.824120,460.000000,819,-1365.386920,OpenLoop,NoFIFO,false,OpenLoop_NoFIFO
16.560058,-1,20,9999.353000,58.281000,1859.196827,1840.180026,460.000000,819,-1399.196827,OpenLoop,NoFIFO,false,OpenLoop_NoFIFO
16.570058,-1,20,10000.056000,58.337000,1833.625878,1839.196904,460.000000,819,-1373.625878,OpenLoop,NoFIFO,false,OpenLoop_NoFIFO
16.580059,-1,20,10000.611000,58.948000,1817.221670,1835.900619,460.000000,819,-1357.221670,OpenLoop,NoFIFO,false,OpenLoop_NoFIFO
16.590067,-1,20,10007.686000,66.634000,1860.301323,1839.560724,460.000000,819,-1400.301323,OpenLoop,NoFIFO,false,OpenLoop_NoFIFO
16.600060,-1,20,9993.686000,60.320000,1836.832061,1839.151425,460.000000,819,-1376.832061,OpenLoop,NoFIFO,false,OpenLoop_NoFIFO
16.610058,-1,20,9998.093000,58.413000,1811.026091,1834.932625,460.000000,819,-1351.026091,OpenLoop,NoFIFO,false,OpenLoop_NoFIFO
16.620058,-1,20,9999.686000,58.099000,1864.743909,1839.404317,460.000000,819,-1404.743909,OpenLoop,NoFIFO,false,OpenLoop_NoFIFO
16.630058,-1,20,10000.204000,58.303000,1837.311558,1839.090403,460.000000,819,-1377.311558,OpenLoop,NoFIFO,false,OpenLoop_NoFIFO
16.640064,-1,20,10005.685000,63.988000,1816.147621,1835.648986,460.000000,819,-1356.147621,OpenLoop,NoFIFO,false,OpenLoop_NoFIFO
16.650060,-1,20,9996.353000,60.341000,1855.273046,1838.592595,460.000000,819,-1395.273046,OpenLoop,NoFIFO,false,OpenLoop_NoFIFO
16.660059,-1,20,9998.371000,58.712000,1846.024427,1839.707370,460.000000,819,-1386.024427,OpenLoop,NoFIFO,false,OpenLoop_NoFIFO
16.670067,-1,20,10008.741000,67.453000,1814.516129,1835.928684,460.000000,819,-1354.516129,OpenLoop,NoFIFO,false,OpenLoop_NoFIFO
16.680061,-1,20,9993.186000,60.639000,1856.435644,1839.004728,460.000000,819,-1396.435644,OpenLoop,NoFIFO,false,OpenLoop_NoFIFO
16.690059,-1,20,9998.204000,58.843000,1846.945137,1840.195789,460.000000,819,-1386.945137,OpenLoop,NoFIFO,false,OpenLoop_NoFIFO
16.700059,-1,20,9999.926000,58.769000,1820.841633,1837.292666,460.000000,819,-1360.841633,OpenLoop,NoFIFO,false,OpenLoop_NoFIFO
16.710058,-1,20,9999.705000,58.474000,1849.712787,1839.155684,460.000000,819,-1389.712787,OpenLoop,NoFIFO,false,OpenLoop_NoFIFO
16.720058,-1,20,9999.778000,58.252000,1847.524002,1840.410932,460.000000,819,-1387.524002,OpenLoop,NoFIFO,false,OpenLoop_NoFIFO
16.730059,-1,20,10000.389000,58.641000,1826.298701,1838.294097,460.000000,819,-1366.298701,OpenLoop,NoFIFO,false,OpenLoop_NoFIFO
16.740069,-1,20,10010.223000,68.864000,1839.571221,1838.485666,460.000000,819,-1379.571221,OpenLoop,NoFIFO,false,OpenLoop_NoFIFO
16.750062,-1,20,9992.797000,61.661000,1852.488744,1840.586128,460.000000,819,-1392.488744,OpenLoop,NoFIFO,false,OpenLoop_NoFIFO
16.760058,-1,20,9996.760000,58.421000,1823.566085,1838.033121,460.000000,819,-1363.566085,OpenLoop,NoFIFO,false,OpenLoop_NoFIFO
16.770058,-1,20,10000.019000,58.440000,1839.159960,1838.202147,460.000000,819,-1379.159960,OpenLoop,NoFIFO,false,OpenLoop_NoFIFO
16.780059,-1,20,10000.463000,58.903000,1846.945137,1839.513595,460.000000,819,-1386.945137,OpenLoop,NoFIFO,false,OpenLoop_NoFIFO
16.790058,-1,20,9999.501000,58.404000,1827.801086,1837.756719,460.000000,819,-1367.801086,OpenLoop,NoFIFO,false,OpenLoop_NoFIFO
16.800060,-1,20,10001.722000,60.126000,1829.039520,1836.449139,460.000000,819,-1369.039520,OpenLoop,NoFIFO,false,OpenLoop_NoFIFO
16.810068,-1,20,10007.816000,67.942000,1852.045075,1838.788530,460.000000,819,-1392.045075,OpenLoop,NoFIFO,false,OpenLoop_NoFIFO
16.820061,-1,20,9993.037000,60.979000,1833.625878,1838.014132,460.000000,819,-1373.625878,OpenLoop,NoFIFO,false,OpenLoop_NoFIFO
16.830059,-1,20,9998.205000,59.184000,1815.257353,1834.600615,460.000000,819,-1355.257353,OpenLoop,NoFIFO,false,OpenLoop_NoFIFO
16.840059,-1,20,9999.445000,58.629000,1856.203008,1837.840974,460.000000,819,-1396.203008,OpenLoop,NoFIFO,false,OpenLoop_NoFIFO
16.850062,-1,20,10003.259000,61.888000,1827.211394,1836.246537,460.000000,819,-1367.211394,OpenLoop,NoFIFO,false,OpenLoop_NoFIFO
16.860060,-1,20,9997.686000,59.574000,1812.845304,1832.736352,460.000000,819,-1352.845304,OpenLoop,NoFIFO,false,OpenLoop_NoFIFO
16.870059,-1,20,9999.149000,58.723000,1856.203008,1836.256350,460.000000,819,-1396.203008,OpenLoop,NoFIFO,false,OpenLoop_NoFIFO
16.880058,-1,20,9999.630000,58.353000,1830.511616,1835.394640,460.000000,819,-1370.511616,OpenLoop,NoFIFO,false,OpenLoop_NoFIFO
16.890059,-1,20,10000.149000,58.502000,1812.845304,1832.012240,460.000000,819,-1352.845304,OpenLoop,NoFIFO,false,OpenLoop_NoFIFO
16.900059,-1,20,10000.167000,58.669000,1849.712787,1834.667322,460.000000,819,-1389.712787,OpenLoop,NoFIFO,false,OpenLoop_NoFIFO
16.910059,-1,20,10000.075000,58.744000,1832.706767,1834.373239,460.000000,819,-1372.706767,OpenLoop,NoFIFO,false,OpenLoop_NoFIFO
16.920059,-1,20,10000.519000,59.263000,1804.664363,1829.916907,460.000000,819,-1344.664363,OpenLoop,NoFIFO,false,OpenLoop_NoFIFO
16.930059,-1,20,10000.185000,59.448000,1851.562500,1833.163746,460.000000,819,-1391.562500,OpenLoop,NoFIFO,false,OpenLoop_NoFIFO
16.940059,-1,20,9999.223000,58.671000,1833.230198,1833.173714,460.000000,819,-1373.230198,OpenLoop,NoFIFO,false,OpenLoop_NoFIFO
16.950058,-1,20,9999.334000,58.005000,1812.845304,1830.124452,460.000000,819,-1352.845304,OpenLoop,NoFIFO,false,OpenLoop_NoFIFO
16.960058,-1,20,10000.204000,58.209000,1841.939547,1831.896717,460.000000,819,-1381.939547,OpenLoop,NoFIFO,false,OpenLoop_NoFIFO
16.970058,-1,20,10000.093000,58.302000,1837.779156,1832.779083,460.000000,819,-1377.779156,OpenLoop,NoFIFO,false,OpenLoop_NoFIFO
16.980059,-1,20,10000.334000,58.636000,1813.756281,1829.925662,460.000000,819,-1353.756281,OpenLoop,NoFIFO,false,OpenLoop_NoFIFO
16.990059,-1,20,10000.223000,58.859000,1834.545911,1830.618700,460.000000,819,-1374.545911,OpenLoop,NoFIFO,false,OpenLoop_NoFIFO
17.000058,-1,20,9999.167000,58.026000,1848.789316,1833.344292,460.000000,819,-1388.789316,OpenLoop,NoFIFO,false,OpenLoop_NoFIFO
17.010058,-1,20,10000.093000,58.119000,1814.516129,1830.520068,460.000000,819,-1354.516129,OpenLoop,NoFIFO,false,OpenLoop_NoFIFO
17.020066,-1,20,10007.982000,66.101000,1831.416914,1830.654595,460.000000,819,-1371.416914,OpenLoop,NoFIFO,false,OpenLoop_NoFIFO
17.030064,-1,20,9998.131000,64.232000,1849.712787,1833.513323,460.000000,819,-1389.712787,OpenLoop,NoFIFO,false,OpenLoop_NoFIFO
17.040060,-1,20,9995.796000,60.028000,1821.996466,1831.785795,460.000000,819,-1361.996466,OpenLoop,NoFIFO,false,OpenLoop_NoFIFO
17.050059,-1,20,9998.575000,58.603000,1823.566085,1830.552838,460.000000,819,-1363.566085,OpenLoop,NoFIFO,false,OpenLoop_NoFIFO
17.060059,-1,20,10000.038000,58.641000,1856.203008,1834.400364,460.000000,819,-1396.203008,OpenLoop,NoFIFO,false,OpenLoop_NoFIFO
17.070059,-1,20,9999.908000,58.549000,1827.211394,1833.322018,460.000000,819,-1367.211394,OpenLoop,NoFIFO,false,OpenLoop_NoFIFO
17.080058,-1,20,9999.908000,58.457000,1814.516129,1830.501135,460.000000,819,-1354.516129,OpenLoop,NoFIFO,false,OpenLoop_NoFIFO
17.090058,-1,20,9999.945000,58.402000,1861.966236,1835.220900,460.000000,819,-1401.966236,OpenLoop,NoFIFO,false,OpenLoop_NoFIFO
17.100058,-1,20,9999.945000,58.347000,1827.211394,1834.019474,460.000000,819,-1367.211394,OpenLoop,NoFIFO,false,OpenLoop_NoFIFO
17.110058,-1,20,9999.870000,58.217000,1811.935241,1830.706839,460.000000,819,-1351.935241,OpenLoop,NoFIFO,false,OpenLoop_NoFIFO
17.120058,-1,20,10000.112000,58.329000,1856.435644,1834.566160,460.000000,819,-1396.435644,OpenLoop,NoFIFO,false,OpenLoop_NoFIFO
17.130058,-1,20,9999.908000,58.237000,1833.625878,1834.425118,460.000000,819,-1373.625878,OpenLoop,NoFIFO,false,OpenLoop_NoFIFO
17.140058,-1,20,10000.130000,58.367000,1805.590295,1830.099894,460.000000,819,-1345.590295,OpenLoop,NoFIFO,false,OpenLoop_NoFIFO
17.150058,-1,20,9999.945000,58.312000,1856.203008,1834.015361,460.000000,819,-1396.203008,OpenLoop,NoFIFO,false,OpenLoop_NoFIFO
17.160058,-1,20,9999.871000,58.183000,1838.235294,1834.648351,460.000000,819,-1378.235294,OpenLoop,NoFIFO,false,OpenLoop_NoFIFO
17.172344,-1,20,12286.165000,2344.348000,1804.840022,1830.177102,460.000000,819,-1344.840022,OpenLoop,NoFIFO,false,OpenLoop_NoFIFO
17.180135,-1,20,7791.021000,135.369000,1840.357968,1831.704232,460.000000,819,-1380.357968,OpenLoop,NoFIFO,false,OpenLoop_NoFIFO
17.190120,-1,20,9984.389000,119.758000,1840.357968,1833.002292,460.000000,819,-1380.357968,OpenLoop,NoFIFO,false,OpenLoop_NoFIFO
17.200096,-1,20,9976.149000,95.907000,1840.357968,1834.105643,460.000000,819,-1380.357968,OpenLoop,NoFIFO,false,OpenLoop_NoFIFO
17.210113,-1,20,10017.315000,113.222000,1840.357968,1835.043492,460.000000,819,-1380.357968,OpenLoop,NoFIFO,false,OpenLoop_NoFIFO
17.220127,-1,20,10013.723000,126.945000,1833.753827,1834.850042,460.000000,819,-1373.753827,OpenLoop,NoFIFO,false,OpenLoop_NoFIFO
17.230093,-1,20,9965.723000,92.668000,1811.486164,1831.345461,460.000000,819,-1351.486164,OpenLoop,NoFIFO,false,OpenLoop_NoFIFO
17.240096,-1,20,10002.871000,95.539000,1829.645410,1831.090453,460.000000,819,-1369.645410,OpenLoop,NoFIFO,false,OpenLoop_NoFIFO
17.250121,-1,20,10025.500000,121.039000,1845.647533,1833.274015,460.000000,819,-1385.647533,OpenLoop,NoFIFO,false,OpenLoop_NoFIFO
17.260122,-1,20,10001.427000,122.466000,1815.296902,1830.577448,460.000000,819,-1355.296902,OpenLoop,NoFIFO,false,OpenLoop_NoFIFO
17.270088,-1,20,9966.001000,88.467000,1821.319018,1829.188684,460.000000,819,-1361.319018,OpenLoop,NoFIFO,false,OpenLoop_NoFIFO
17.280114,-1,20,10025.315000,113.782000,1844.504197,1831.486011,460.000000,819,-1384.504197,OpenLoop,NoFIFO,false,OpenLoop_NoFIFO
17.290090,-1,20,9975.890000,89.672000,1823.667147,1830.313181,460.000000,819,-1363.667147,OpenLoop,NoFIFO,false,OpenLoop_NoFIFO
17.300113,-1,20,10023.741000,113.413000,1814.681025,1827.968358,460.000000,819,-1354.681025,OpenLoop,NoFIFO,false,OpenLoop_NoFIFO
17.310096,-1,20,9982.408000,95.821000,1851.475372,1831.494410,460.000000,819,-1391.475372,OpenLoop,NoFIFO,false,OpenLoop_NoFIFO
17.320121,-1,20,10025.519000,121.340000,1825.350467,1830.572818,460.000000,819,-1365.350467,OpenLoop,NoFIFO,false,OpenLoop_NoFIFO
17.330084,-1,20,9963.130000,84.470000,1809.294058,1827.381004,460.000000,819,-1349.294058,OpenLoop,NoFIFO,false,OpenLoop_NoFIFO
17.344346,-1,20,14261.906000,4346.376000,1859.504132,1832.199474,460.000000,819,-1399.504132,OpenLoop,NoFIFO,false,OpenLoop_NoFIFO
17.350098,-1,20,5751.688000,98.064000,1832.975680,1832.315904,460.000000,819,-1372.975680,OpenLoop,NoFIFO,false,OpenLoop_NoFIFO
17.360120,-1,20,10021.815000,119.879000,1812.469792,1829.338988,460.000000,819,-1352.469792,OpenLoop,NoFIFO,false,OpenLoop_NoFIFO
17.370136,-1,20,10015.685000,135.564000,1856.907059,1833.474198,460.000000,819,-1396.907059,OpenLoop,NoFIFO,false,OpenLoop_NoFIFO
17.380099,-1,20,9963.242000,98.806000,1839.159960,1834.327063,460.000000,819,-1379.159960,OpenLoop,NoFIFO,false,OpenLoop_NoFIFO
17.390073,-1,20,9973.890000,72.696000,1814.082656,1831.290402,460.000000,819,-1354.082656,OpenLoop,NoFIFO,false,OpenLoop_NoFIFO
17.400061,-1,20,9988.186000,60.882000,1855.273046,1834.887798,460.000000,819,-1395.273046,OpenLoop,NoFIFO,false,OpenLoop_NoFIFO
17.410061,-1,20,10000.185000,61.067000,1840.942563,1835.796013,460.000000,819,-1380.942563,OpenLoop,NoFIFO,false,OpenLoop_NoFIFO
17.420058,-1,20,9997.316000,58.383000,1812.845304,1832.353407,460.000000,819,-1352.845304,OpenLoop,NoFIFO,false,OpenLoop_NoFIFO
17.430058,-1,20,9999.722000,58.105000,1854.344016,1835.651998,460.000000,819,-1394.344016,OpenLoop,NoFIFO,false,OpenLoop_NoFIFO
17.440058,-1,20,9999.834000,57.939000,1840.519384,1836.382106,460.000000,819,-1380.519384,OpenLoop,NoFIFO,false,OpenLoop_NoFIFO
17.450058,-1,20,10000.242000,58.181000,1820.841633,1834.051035,460.000000,819,-1360.841633,OpenLoop,NoFIFO,false,OpenLoop_NoFIFO
17.460058,-1,20,10000.111000,58.292000,1843.267795,1835.433549,460.000000,819,-1383.267795,OpenLoop,NoFIFO,false,OpenLoop_NoFIFO
17.470058,-1,20,9999.260000,57.552000,1844.185757,1836.746380,460.000000,819,-1384.185757,OpenLoop,NoFIFO,false,OpenLoop_NoFIFO
17.480058,-1,20,10000.297000,57.849000,1816.494716,1833.708631,460.000000,819,-1356.494716,OpenLoop,NoFIFO,false,OpenLoop_NoFIFO
17.490059,-1,20,10001.149000,58.998000,1839.605067,1834.593096,460.000000,819,-1379.605067,OpenLoop,NoFIFO,false,OpenLoop_NoFIFO
17.500060,-1,20,10001.222000,60.220000,1845.104634,1836.169827,460.000000,819,-1385.104634,OpenLoop,NoFIFO,false,OpenLoop_NoFIFO
17.510058,-1,20,9998.001000,58.221000,1820.158850,1833.768180,460.000000,819,-1360.158850,OpenLoop,NoFIFO,false,OpenLoop_NoFIFO
17.520058,-1,20,9999.649000,57.870000,1831.788577,1833.471240,460.000000,819,-1371.788577,OpenLoop,NoFIFO,false,OpenLoop_NoFIFO
17.530058,-1,20,9999.815000,57.685000,1841.434610,1834.665745,460.000000,819,-1381.434610,OpenLoop,NoFIFO,false,OpenLoop_NoFIFO
17.540058,-1,20,10000.297000,57.982000,1821.507624,1832.692027,460.000000,819,-1361.507624,OpenLoop,NoFIFO,false,OpenLoop_NoFIFO
17.550058,-1,20,9999.612000,57.594000,1820.158850,1830.812051,460.000000,819,-1360.158850,OpenLoop,NoFIFO,false,OpenLoop_NoFIFO
17.560065,-1,20,10007.370000,64.964000,1851.562500,1833.924618,460.000000,819,-1391.562500,OpenLoop,NoFIFO,false,OpenLoop_NoFIFO
17.570060,-1,20,9995.519000,60.483000,1819.935291,1831.826219,460.000000,819,-1359.935291,OpenLoop,NoFIFO,false,OpenLoop_NoFIFO
17.580063,-1,20,10002.482000,62.965000,1817.221670,1829.635537,460.000000,819,-1357.221670,OpenLoop,NoFIFO,false,OpenLoop_NoFIFO
17.590060,-1,20,9997.297000,60.262000,1850.637181,1832.785783,460.000000,819,-1390.637181,OpenLoop,NoFIFO,false,OpenLoop_NoFIFO
17.600059,-1,20,9998.760000,59.022000,1821.077195,1831.029495,460.000000,819,-1361.077195,OpenLoop,NoFIFO,false,OpenLoop_NoFIFO
17.610059,-1,20,9999.612000,58.634000,1810.921248,1828.013258,460.000000,819,-1350.921248,OpenLoop,NoFIFO,false,OpenLoop_NoFIFO
17.620059,-1,20,9999.982000,58.616000,1852.766798,1831.726289,460.000000,819,-1392.766798,OpenLoop,NoFIFO,false,OpenLoop_NoFIFO
17.630059,-1,20,10000.019000,58.635000,1829.039520,1831.323274,460.000000,819,-1369.039520,OpenLoop,NoFIFO,false,OpenLoop_NoFIFO
17.640058,-1,20,9999.852000,58.487000,1804.687500,1827.327908,460.000000,819,-1344.687500,OpenLoop,NoFIFO,false,OpenLoop_NoFIFO
17.650059,-1,20,10000.501000,58.988000,1857.133902,1831.798807,460.000000,819,-1397.133902,OpenLoop,NoFIFO,false,OpenLoop_NoFIFO
17.660059,-1,20,10000.204000,59.192000,1828.125000,1831.247736,460.000000,819,-1368.125000,OpenLoop,NoFIFO,false,OpenLoop_NoFIFO
17.670059,-1,20,9999.982000,59.174000,1809.210526,1827.942154,460.000000,819,-1349.210526,OpenLoop,NoFIFO,false,OpenLoop_NoFIFO
17.680059,-1,20,9999.408000,58.582000,1852.766798,1831.665851,460.000000,819,-1392.766798,OpenLoop,NoFIFO,false,OpenLoop_NoFIFO
17.690059,-1,20,9999.927000,58.509000,1837.311558,1832.512707,460.000000,819,-1377.311558,OpenLoop,NoFIFO,false,OpenLoop_NoFIFO
17.700058,-1,20,9999.926000,58.435000,1810.921248,1829.273988,460.000000,819,-1350.921248,OpenLoop,NoFIFO,false,OpenLoop_NoFIFO
17.710059,-1,20,10000.223000,58.658000,1849.712787,1832.339808,460.000000,819,-1389.712787,OpenLoop,NoFIFO,false,OpenLoop_NoFIFO
17.720059,-1,20,9999.889000,58.547000,1845.658758,1834.337651,460.000000,819,-1385.658758,OpenLoop,NoFIFO,false,OpenLoop_NoFIFO
17.730059,-1,20,9999.982000,58.529000,1812.716906,1831.094539,460.000000,819,-1352.716906,OpenLoop,NoFIFO,false,OpenLoop_NoFIFO
17.740058,-1,20,9999.964000,58.493000,1842.363841,1832.784934,460.000000,819,-1382.363841,OpenLoop,NoFIFO,false,OpenLoop_NoFIFO
17.750059,-1,20,10000.445000,58.938000,1850.637181,1835.462771,460.000000,819,-1390.637181,OpenLoop,NoFIFO,false,OpenLoop_NoFIFO
17.760059,-1,20,9999.649000,58.587000,1817.930781,1832.832973,460.000000,819,-1357.930781,OpenLoop,NoFIFO,false,OpenLoop_NoFIFO
17.770059,-1,20,10000.019000,58.606000,1832.706767,1832.814042,460.000000,819,-1372.706767,OpenLoop,NoFIFO,false,OpenLoop_NoFIFO
17.780063,-1,20,10004.389000,62.995000,1851.562500,1835.626311,460.000000,819,-1391.562500,OpenLoop,NoFIFO,false,OpenLoop_NoFIFO
17.790060,-1,20,9996.704000,59.699000,1826.298701,1834.227169,460.000000,819,-1366.298701,OpenLoop,NoFIFO,false,OpenLoop_NoFIFO
17.800063,-1,20,10002.982000,62.681000,1816.318927,1831.540933,460.000000,819,-1356.318927,OpenLoop,NoFIFO,false,OpenLoop_NoFIFO
17.810058,-1,20,9995.408000,58.089000,1857.133902,1835.379878,460.000000,819,-1397.133902,OpenLoop,NoFIFO,false,OpenLoop_NoFIFO
17.820058,-1,20,9999.945000,58.034000,1824.476048,1833.744304,460.000000,819,-1364.476048,OpenLoop,NoFIFO,false,OpenLoop_NoFIFO
17.830059,-1,20,10000.538000,58.572000,1811.935241,1830.472944,460.000000,819,-1351.935241,OpenLoop,NoFIFO,false,OpenLoop_NoFIFO
17.840058,-1,20,9999.371000,57.943000,1859.196827,1834.781527,460.000000,819,-1399.196827,OpenLoop,NoFIFO,false,OpenLoop_NoFIFO
17.850059,-1,20,10001.297000,59.240000,1828.125000,1833.783048,460.000000,819,-1368.125000,OpenLoop,NoFIFO,false,OpenLoop_NoFIFO
17.860058,-1,20,9998.778000,58.018000,1810.921248,1830.353778,460.000000,819,-1350.921248,OpenLoop,NoFIFO,false,OpenLoop_NoFIFO
17.870062,-1,20,10003.871000,61.889000,1853.415916,1833.813098,460.000000,819,-1393.415916,OpenLoop,NoFIFO,false,OpenLoop_NoFIFO
17.880058,-1,20,9996.556000,58.445000,1834.545911,1833.923020,460.000000,819,-1374.545911,OpenLoop,NoFIFO,false,OpenLoop_NoFIFO
17.890058,-1,20,9999.816000,58.261000,1802.884615,1829.267260,460.000000,819,-1342.884615,OpenLoop,NoFIFO,false,OpenLoop_NoFIFO
17.900058,-1,20,9999.241000,57.502000,1857.133902,1833.447256,460.000000,819,-1397.133902,OpenLoop,NoFIFO,false,OpenLoop_NoFIFO
17.910058,-1,20,10000.408000,57.910000,1836.832061,1833.954977,460.000000,819,-1376.832061,OpenLoop,NoFIFO,false,OpenLoop_NoFIFO
17.920057,-1,20,9999.482000,57.392000,1808.234421,1830.096893,460.000000,819,-1348.234421,OpenLoop,NoFIFO,false,OpenLoop_NoFIFO
17.930058,-1,20,10000.686000,58.078000,1846.945137,1832.624130,460.000000,819,-1386.945137,OpenLoop,NoFIFO,false,OpenLoop_NoFIFO
17.940067,-1,20,10008.612000,66.690000,1838.680387,1833.532569,460.000000,819,-1378.680387,OpenLoop,NoFIFO,false,OpenLoop_NoFIFO
17.950061,-1,20,9993.945000,60.635000,1808.304108,1829.748299,460.000000,819,-1348.304108,OpenLoop,NoFIFO,false,OpenLoop_NoFIFO
17.960059,-1,20,9998.111000,58.746000,1841.434610,1831.501246,460.000000,819,-1381.434610,OpenLoop,NoFIFO,false,OpenLoop_NoFIFO
17.970058,-1,20,9999.668000,58.414000,1846.945137,1833.817830,460.000000,819,-1386.945137,OpenLoop,NoFIFO,false,OpenLoop_NoFIFO
17.980063,-1,20,10005.000000,63.414000,1811.026091,1830.399069,460.000000,819,-1351.026091,OpenLoop,NoFIFO,false,OpenLoop_NoFIFO
17.990061,-1,20,9997.593000,61.007000,1838.691658,1831.642957,460.000000,819,-1378.691658,OpenLoop,NoFIFO,false,OpenLoop_NoFIFO
18.000064,-1,20,10002.631000,63.638000,1845.104634,1833.662209,460.000000,819,-1385.104634,OpenLoop,NoFIFO,false,OpenLoop_NoFIFO
18.010067,-1,20,10003.204000,66.842000,1822.084665,1831.925577,460.000000,819,-1362.084665,OpenLoop,NoFIFO,false,OpenLoop_NoFIFO
18.020059,-1,20,9992.500000,59.342000,1829.039520,1831.492669,460.000000,819,-1369.039520,OpenLoop,NoFIFO,false,OpenLoop_NoFIFO
18.030060,-1,20,10000.390000,59.732000,1851.851852,1834.546546,460.000000,819,-1391.851852,OpenLoop,NoFIFO,false,OpenLoop_NoFIFO
18.040059,-1,20,9999.038000,58.770000,1829.954955,1833.857807,460.000000,819,-1369.954955,OpenLoop,NoFIFO,false,OpenLoop_NoFIFO
18.050059,-1,20,10000.130000,58.900000,1821.077195,1831.940715,460.000000,819,-1361.077195,OpenLoop,NoFIFO,false,OpenLoop_NoFIFO
18.060059,-1,20,9999.815000,58.715000,1861.966236,1836.444544,460.000000,819,-1401.966236,OpenLoop,NoFIFO,false,OpenLoop_NoFIFO
18.070058,-1,20,9999.704000,58.419000,1830.871307,1835.608558,460.000000,819,-1370.871307,OpenLoop,NoFIFO,false,OpenLoop_NoFIFO
18.080058,-1,20,9999.871000,58.290000,1821.748879,1833.529606,460.000000,819,-1361.748879,OpenLoop,NoFIFO,false,OpenLoop_NoFIFO
18.090067,-1,20,10008.723000,67.013000,1859.196827,1837.379689,460.000000,819,-1399.196827,OpenLoop,NoFIFO,false,OpenLoop_NoFIFO
18.100061,-1,20,9993.760000,60.773000,1840.085556,1837.785569,460.000000,819,-1380.085556,OpenLoop,NoFIFO,false,OpenLoop_NoFIFO
18.110058,-1,20,9997.630000,58.403000,1817.221670,1834.700984,460.000000,819,-1357.221670,OpenLoop,NoFIFO,false,OpenLoop_NoFIFO
18.120062,-1,20,10003.131000,61.534000,1860.119048,1838.513694,460.000000,819,-1400.119048,OpenLoop,NoFIFO,false,OpenLoop_NoFIFO
18.130060,-1,20,9998.926000,60.460000,1840.519384,1838.814547,460.000000,819,-1380.519384,OpenLoop,NoFIFO,false,OpenLoop_NoFIFO
18.140062,-1,20,10001.593000,62.053000,1815.580986,1835.329513,460.000000,819,-1355.580986,OpenLoop,NoFIFO,false,OpenLoop_NoFIFO
18.150059,-1,20,9996.964000,59.017000,1860.301323,1839.075285,460.000000,819,-1400.301323,OpenLoop,NoFIFO,false,OpenLoop_NoFIFO
18.160058,-1,20,9999.426000,58.443000,1839.159960,1839.087986,460.000000,819,-1379.159960,OpenLoop,NoFIFO,false,OpenLoop_NoFIFO
18.170058,-1,20,9999.853000,58.296000,1819.935291,1836.215082,460.000000,819,-1359.935291,OpenLoop,NoFIFO,false,OpenLoop_NoFIFO
18.180065,-1,20,10006.334000,64.630000,1853.415916,1838.795207,460.000000,819,-1393.415916,OpenLoop,NoFIFO,false,OpenLoop_NoFIFO
18.190060,-1,20,9995.759000,60.389000,1846.024427,1839.879590,460.000000,819,-1386.024427,OpenLoop,NoFIFO,false,OpenLoop_NoFIFO
18.200059,-1,20,9998.520000,58.909000,1817.409366,1836.509056,460.000000,819,-1357.409366,OpenLoop,NoFIFO,false,OpenLoop_NoFIFO
18.210058,-1,20,9999.371000,58.280000,1854.344016,1839.184300,460.000000,819,-1394.344016,OpenLoop,NoFIFO,false,OpenLoop_NoFIFO
18.220058,-1,20,10000.056000,58.336000,1845.472441,1840.127521,460.000000,819,-1385.472441,OpenLoop,NoFIFO,false,OpenLoop_NoFIFO
18.230060,-1,20,10001.537000,59.873000,1824.476048,1837.779800,460.000000,819,-1364.476048,OpenLoop,NoFIFO,false,OpenLoop_NoFIFO
18.240060,-1,20,9999.871000,59.744000,1846.945137,1839.154601,460.000000,819,-1386.945137,OpenLoop,NoFIFO,false,OpenLoop_NoFIFO
18.250059,-1,20,9998.797000,58.541000,1849.712787,1840.738329,460.000000,819,-1389.712787,OpenLoop,NoFIFO,false,OpenLoop_NoFIFO
18.260059,-1,20,10000.149000,58.690000,1828.125000,1838.846329,460.000000,819,-1368.125000,OpenLoop,NoFIFO,false,OpenLoop_NoFIFO
18.270058,-1,20,9999.704000,58.394000,1838.235294,1838.754674,460.000000,819,-1378.235294,OpenLoop,NoFIFO,false,OpenLoop_NoFIFO
18.280058,-1,20,10000.075000,58.469000,1856.203008,1841.371924,460.000000,819,-1396.203008,OpenLoop,NoFIFO,false,OpenLoop_NoFIFO
18.290059,-1,20,10000.130000,58.599000,1825.386920,1838.974173,460.000000,819,-1365.386920,OpenLoop,NoFIFO,false,OpenLoop_NoFIFO
18.300059,-1,20,10000.075000,58.674000,1833.625878,1838.171929,460.000000,819,-1373.625878,OpenLoop,NoFIFO,false,OpenLoop_NoFIFO
18.310058,-1,20,9999.760000,58.434000,1854.848559,1840.673424,460.000000,819,-1394.848559,OpenLoop,NoFIFO,false,OpenLoop_NoFIFO
18.320058,-1,20,10000.000000,58.434000,1830.871307,1839.203106,460.000000,819,-1370.871307,OpenLoop,NoFIFO,false,OpenLoop_NoFIFO
18.330058,-1,20,9999.816000,58.250000,1823.837797,1836.898310,460.000000,819,-1363.837797,OpenLoop,NoFIFO,false,OpenLoop_NoFIFO
18.340058,-1,20,10000.019000,58.269000,1860.119048,1840.381420,460.000000,819,-1400.119048,OpenLoop,NoFIFO,false,OpenLoop_NoFIFO
18.350058,-1,20,10000.093000,58.362000,1829.954955,1838.817451,460.000000,819,-1369.954955,OpenLoop,NoFIFO,false,OpenLoop_NoFIFO
18.360058,-1,20,9999.982000,58.344000,1816.494716,1835.469040,460.000000,819,-1356.494716,OpenLoop,NoFIFO,false,OpenLoop_NoFIFO
18.370058,-1,20,9999.982000,58.326000,1864.743909,1839.860271,460.000000,819,-1404.743909,OpenLoop,NoFIFO,false,OpenLoop_NoFIFO
18.380063,-1,20,10004.815000,63.141000,1833.230198,1838.865760,460.000000,819,-1373.230198,OpenLoop,NoFIFO,false,OpenLoop_NoFIFO
18.390061,-1,20,9998.019000,61.160000,1818.125311,1835.754692,460.000000,819,-1358.125311,OpenLoop,NoFIFO,false,OpenLoop_NoFIFO
18.400063,-1,20,10001.520000,62.680000,1859.932195,1839.381318,460.000000,819,-1399.932195,OpenLoop,NoFIFO,false,OpenLoop_NoFIFO
18.410063,-1,20,10000.704000,63.384000,1839.605067,1839.414880,460.000000,819,-1379.605067,OpenLoop,NoFIFO,false,OpenLoop_NoFIFO
18.420060,-1,20,9996.704000,60.088000,1811.974790,1835.298867,460.000000,819,-1351.974790,OpenLoop,NoFIFO,false,OpenLoop_NoFIFO
18.430059,-1,20,9998.704000,58.792000,1854.344016,1838.155639,460.000000,819,-1394.344016,OpenLoop,NoFIFO,false,OpenLoop_NoFIFO
18.440059,-1,20,9999.723000,58.515000,1849.112426,1839.799157,460.000000,819,-1389.112426,OpenLoop,NoFIFO,false,OpenLoop_NoFIFO
18.450059,-1,20,10000.279000,58.794000,1815.417080,1836.141846,460.000000,819,-1355.417080,OpenLoop,NoFIFO,false,OpenLoop_NoFIFO
18.460062,-1,20,10003.259000,62.053000,1850.637181,1838.316146,460.000000,819,-1390.637181,OpenLoop,NoFIFO,false,OpenLoop_NoFIFO
18.470060,-1,20,9998.334000,60.387000,1844.727548,1839.277856,460.000000,819,-1384.727548,OpenLoop,NoFIFO,false,OpenLoop_NoFIFO
18.480059,-1,20,9998.149000,58.536000,1819.029851,1836.240655,460.000000,819,-1359.029851,OpenLoop,NoFIFO,false,OpenLoop_NoFIFO
18.490059,-1,20,10000.241000,58.777000,1839.159960,1836.678551,460.000000,819,-1379.159960,OpenLoop,NoFIFO,false,OpenLoop_NoFIFO
18.500059,-1,20,9999.871000,58.648000,1854.599407,1839.366679,460.000000,819,-1394.599407,OpenLoop,NoFIFO,false,OpenLoop_NoFIFO
18.510059,-1,20,10000.094000,58.742000,1820.841633,1836.587922,460.000000,819,-1360.841633,OpenLoop,NoFIFO,false,OpenLoop_NoFIFO
18.520058,-1,20,9999.722000,58.464000,1830.871307,1835.730430,460.000000,819,-1370.871307,OpenLoop,NoFIFO,false,OpenLoop_NoFIFO
18.530058,-1,20,9999.964000,58.428000,1855.273046,1838.661823,460.000000,819,-1395.273046,OpenLoop,NoFIFO,false,OpenLoop_NoFIFO
18.540062,-1,20,10003.371000,61.799000,1821.748879,1836.124881,460.000000,819,-1361.748879,OpenLoop,NoFIFO,false,OpenLoop_NoFIFO
18.550060,-1,20,9998.130000,59.929000,1823.566085,1834.241062,460.000000,819,-1363.566085,OpenLoop,NoFIFO,false,OpenLoop_NoFIFO
18.560058,-1,20,9998.390000,58.319000,1856.203008,1837.535353,460.000000,819,-1396.203008,OpenLoop,NoFIFO,false,OpenLoop_NoFIFO
18.570058,-1,20,10000.037000,58.356000,1830.871307,1836.535746,460.000000,819,-1370.871307,OpenLoop,NoFIFO,false,OpenLoop_NoFIFO
18.580068,-1,20,10009.686000,68.042000,1812.350835,1832.908010,460.000000,819,-1352.350835,OpenLoop,NoFIFO,false,OpenLoop_NoFIFO
18.590061,-1,20,9993.297000,61.339000,1861.802413,1837.242170,460.000000,819,-1401.802413,OpenLoop,NoFIFO,false,OpenLoop_NoFIFO
18.600059,-1,20,9997.537000,58.876000,1826.298701,1835.600650,460.000000,819,-1366.298701,OpenLoop,NoFIFO,false,OpenLoop_NoFIFO
18.610059,-1,20,9999.983000,58.859000,1811.935241,1832.050839,460.000000,819,-1351.935241,OpenLoop,NoFIFO,false,OpenLoop_NoFIFO
18.620059,-1,20,9999.778000,58.637000,1858.480176,1836.015239,460.000000,819,-1398.480176,OpenLoop,NoFIFO,false,OpenLoop_NoFIFO
18.630059,-1,20,10000.019000,58.656000,1836.388749,1836.071266,460.000000,819,-1376.388749,OpenLoop,NoFIFO,false,OpenLoop_NoFIFO
18.640059,-1,20,9999.908000,58.564000,1809.210526,1832.042155,460.000000,819,-1349.210526,OpenLoop,NoFIFO,false,OpenLoop_NoFIFO
18.650069,-1,20,10010.352000,68.916000,1853.670098,1835.286346,460.000000,819,-1393.670098,OpenLoop,NoFIFO,false,OpenLoop_NoFIFO
18.660061,-1,20,9992.464000,61.380000,1841.846758,1836.270408,460.000000,819,-1381.846758,OpenLoop,NoFIFO,false,OpenLoop_NoFIFO
18.670060,-1,20,9998.612000,59.992000,1807.398598,1831.939637,460.000000,819,-1347.398598,OpenLoop,NoFIFO,false,OpenLoop_NoFIFO
18.680059,-1,20,9998.648000,58.640000,1852.488744,1835.022003,460.000000,819,-1392.488744,OpenLoop,NoFIFO,false,OpenLoop_NoFIFO
18.690059,-1,20,9999.908000,58.548000,1843.267795,1836.258872,460.000000,819,-1383.267795,OpenLoop,NoFIFO,false,OpenLoop_NoFIFO
18.700058,-1,20,9999.871000,58.419000,1816.494716,1833.294248,460.000000,819,-1356.494716,OpenLoop,NoFIFO,false,OpenLoop_NoFIFO
18.710058,-1,20,9999.834000,58.253000,1842.350746,1834.652723,460.000000,819,-1382.350746,OpenLoop,NoFIFO,false,OpenLoop_NoFIFO
18.720058,-1,20,10000.131000,58.384000,1845.104634,1836.220510,460.000000,819,-1385.104634,OpenLoop,NoFIFO,false,OpenLoop_NoFIFO
18.730059,-1,20,10000.185000,58.569000,1822.657029,1834.185987,460.000000,819,-1362.657029,OpenLoop,NoFIFO,false,OpenLoop_NoFIFO
18.740058,-1,20,9999.853000,58.422000,1834.545911,1834.239976,460.000000,819,-1374.545911,OpenLoop,NoFIFO,false,OpenLoop_NoFIFO
18.750059,-1,20,10000.352000,58.774000,1855.517071,1837.431540,460.000000,819,-1395.517071,OpenLoop,NoFIFO,false,OpenLoop_NoFIFO
18.760061,-1,20,10002.241000,61.015000,1824.759858,1835.530788,460.000000,819,-1364.759858,OpenLoop,NoFIFO,false,OpenLoop_NoFIFO
18.770060,-1,20,9999.353000,60.368000,1834.138187,1835.321898,460.000000,819,-1374.138187,OpenLoop,NoFIFO,false,OpenLoop_NoFIFO
18.780063,-1,20,10003.019000,63.387000,1853.682650,1838.076011,460.000000,819,-1393.682650,OpenLoop,NoFIFO,false,OpenLoop_NoFIFO
18.790060,-1,20,9996.649000,60.036000,1832.706767,1837.270624,460.000000,819,-1372.706767,OpenLoop,NoFIFO,false,OpenLoop_NoFIFO
18.800060,-1,20,10000.167000,60.203000,1828.125000,1835.898780,460.000000,819,-1368.125000,OpenLoop,NoFIFO,false,OpenLoop_NoFIFO
18.810059,-1,20,9998.834000,59.037000,1860.866834,1839.643988,460.000000,819,-1400.866834,OpenLoop,NoFIFO,false,OpenLoop_NoFIFO
18.820059,-1,20,9999.649000,58.686000,1836.867560,1839.227524,460.000000,819,-1376.867560,OpenLoop,NoFIFO,false,OpenLoop_NoFIFO
18.830070,-1,20,10011.037000,69.723000,1820.158850,1836.367223,460.000000,819,-1360.158850,OpenLoop,NoFIFO,false,OpenLoop_NoFIFO
18.840074,-1,20,10004.408000,74.131000,1862.281977,1840.254436,460.000000,819,-1402.281977,OpenLoop,NoFIFO,false,OpenLoop_NoFIFO
18.850060,-1,20,9986.353000,60.484000,1835.466867,1839.536301,460.000000,819,-1375.466867,OpenLoop,NoFIFO,false,OpenLoop_NoFIFO
18.860059,-1,20,9998.371000,58.855000,1821.748879,1836.868188,460.000000,819,-1361.748879,OpenLoop,NoFIFO,false,OpenLoop_NoFIFO
18.870059,-1,20,10000.056000,58.911000,1859.932195,1840.327789,460.000000,819,-1399.932195,OpenLoop,NoFIFO,false,OpenLoop_NoFIFO
18.880060,-1,20,10001.519000,60.430000,1842.350746,1840.631232,460.000000,819,-1382.350746,OpenLoop,NoFIFO,false,OpenLoop_NoFIFO
18.890059,-1,20,9998.723000,59.153000,1816.318927,1836.984386,460.000000,819,-1356.318927,OpenLoop,NoFIFO,false,OpenLoop_NoFIFO
18.900059,-1,20,9999.612000,58.765000,1861.966236,1840.731664,460.000000,819,-1401.966236,OpenLoop,NoFIFO,false,OpenLoop_NoFIFO
18.910058,-1,20,9999.649000,58.414000,1838.235294,1840.357208,460.000000,819,-1378.235294,OpenLoop,NoFIFO,false,OpenLoop_NoFIFO
18.920059,-1,20,10000.241000,58.655000,1819.935291,1837.293921,460.000000,819,-1359.935291,OpenLoop,NoFIFO,false,OpenLoop_NoFIFO
18.930063,-1,20,10004.334000,62.989000,1858.065730,1840.409692,460.000000,819,-1398.065730,OpenLoop,NoFIFO,false,OpenLoop_NoFIFO
18.940061,-1,20,9998.112000,61.101000,1844.185757,1840.976102,460.000000,819,-1384.185757,OpenLoop,NoFIFO,false,OpenLoop_NoFIFO
18.950059,-1,20,9997.649000,58.750000,1822.657029,1838.228241,460.000000,819,-1362.657029,OpenLoop,NoFIFO,false,OpenLoop_NoFIFO
18.960062,-1,20,10003.408000,62.158000,1851.562500,1840.228380,460.000000,819,-1391.562500,OpenLoop,NoFIFO,false,OpenLoop_NoFIFO
18.970060,-1,20,9998.000000,60.158000,1847.866766,1841.374138,460.000000,819,-1387.866766,OpenLoop,NoFIFO,false,OpenLoop_NoFIFO
18.980063,-1,20,10003.112000,63.270000,1820.841633,1838.294262,460.000000,819,-1360.841633,OpenLoop,NoFIFO,false,OpenLoop_NoFIFO
18.990061,-1,20,9997.389000,60.659000,1850.637181,1840.145700,460.000000,819,-1390.637181,OpenLoop,NoFIFO,false,OpenLoop_NoFIFO
19.000059,-1,20,9998.057000,58.716000,1847.866766,1841.303860,460.000000,819,-1387.866766,OpenLoop,NoFIFO,false,OpenLoop_NoFIFO
19.010059,-1,20,9999.797000,58.513000,1828.125000,1839.327031,460.000000,819,-1368.125000,OpenLoop,NoFIFO,false,OpenLoop_NoFIFO
19.020059,-1,20,10000.296000,58.809000,1838.235294,1839.163270,460.000000,819,-1378.235294,OpenLoop,NoFIFO,false,OpenLoop_NoFIFO
19.030059,-1,20,10000.057000,58.866000,1854.344016,1841.440382,460.000000,819,-1394.344016,OpenLoop,NoFIFO,false,OpenLoop_NoFIFO
19.040058,-1,20,9999.556000,58.422000,1825.386920,1839.032363,460.000000,819,-1365.386920,OpenLoop,NoFIFO,false,OpenLoop_NoFIFO
19.050058,-1,20,9999.889000,58.311000,1834.637965,1838.373203,460.000000,819,-1374.637965,OpenLoop,NoFIFO,false,OpenLoop_NoFIFO
19.060059,-1,20,10000.316000,58.627000,1856.203008,1841.047674,460.000000,819,-1396.203008,OpenLoop,NoFIFO,false,OpenLoop_NoFIFO
19.070058,-1,20,9999.723000,58.350000,1828.125000,1839.109273,460.000000,819,-1368.125000,OpenLoop,NoFIFO,false,OpenLoop_NoFIFO
19.080061,-1,20,10003.093000,61.443000,1826.298701,1837.187687,460.000000,819,-1366.298701,OpenLoop,NoFIFO,false,OpenLoop_NoFIFO
19.090059,-1,20,9997.852000,59.295000,1858.998494,1840.459308,460.000000,819,-1398.998494,OpenLoop,NoFIFO,false,OpenLoop_NoFIFO
19.100058,-1,20,9999.186000,58.481000,1833.625878,1839.434294,460.000000,819,-1373.625878,OpenLoop,NoFIFO,false,OpenLoop_NoFIFO
19.110059,-1,20,10000.186000,58.667000,1816.318927,1835.966989,460.000000,819,-1356.318927,OpenLoop,NoFIFO,false,OpenLoop_NoFIFO
19.120059,-1,20,10000.001000,58.668000,1868.293306,1840.815936,460.000000,819,-1408.293306,OpenLoop,NoFIFO,false,OpenLoop_NoFIFO
19.130059,-1,20,10000.167000,58.835000,1838.235294,1840.428840,460.000000,819,-1378.235294,OpenLoop,NoFIFO,false,OpenLoop_NoFIFO
19.140058,-1,20,9999.463000,58.298000,1815.417080,1836.677076,460.000000,819,-1355.417080,OpenLoop,NoFIFO,false,OpenLoop_NoFIFO
19.150058,-1,20,10000.094000,58.392000,1866.600299,1841.165559,460.000000,819,-1406.600299,OpenLoop,NoFIFO,false,OpenLoop_NoFIFO
19.160058,-1,20,9999.982000,58.374000,1840.519384,1841.068633,460.000000,819,-1380.519384,OpenLoop,NoFIFO,false,OpenLoop_NoFIFO
19.170058,-1,20,9999.908000,58.282000,1821.077195,1838.069917,460.000000,819,-1361.077195,OpenLoop,NoFIFO,false,OpenLoop_NoFIFO
19.180062,-1,20,10003.945000,62.227000,1857.355126,1840.962699,460.000000,819,-1397.355126,OpenLoop,NoFIFO,false,OpenLoop_NoFIFO
19.190060,-1,20,9998.223000,60.450000,1850.637181,1842.413871,460.000000,819,-1390.637181,OpenLoop,NoFIFO,false,OpenLoop_NoFIFO
19.200058,-1,20,9998.000000,58.450000,1818.324937,1838.800531,460.000000,819,-1358.324937,OpenLoop,NoFIFO,false,OpenLoop_NoFIFO
19.210058,-1,20,9999.705000,58.155000,1853.415916,1840.992839,460.000000,819,-1393.415916,OpenLoop,NoFIFO,false,OpenLoop_NoFIFO
19.220067,-1,20,10009.056000,67.211000,1850.024667,1842.347613,460.000000,819,-1390.024667,OpenLoop,NoFIFO,false,OpenLoop_NoFIFO
19.230061,-1,20,9994.278000,61.489000,1821.507624,1839.221615,460.000000,819,-1361.507624,OpenLoop,NoFIFO,false,OpenLoop_NoFIFO
19.240059,-1,20,9997.667000,59.156000,1844.185757,1839.966236,460.000000,819,-1384.185757,OpenLoop,NoFIFO,false,OpenLoop_NoFIFO
19.250059,-1,20,9999.353000,58.509000,1854.344016,1842.122903,460.000000,819,-1394.344016,OpenLoop,NoFIFO,false,OpenLoop_NoFIFO
19.260058,-1,20,9999.686000,58.195000,1824.476048,1839.475875,460.000000,819,-1364.476048,OpenLoop,NoFIFO,false,OpenLoop_NoFIFO
19.270058,-1,20,10000.278000,58.473000,1833.625878,1838.598375,460.000000,819,-1373.625878,OpenLoop,NoFIFO,false,OpenLoop_NoFIFO
19.280067,-1,20,10008.890000,67.363000,1859.196827,1841.688143,460.000000,819,-1399.196827,OpenLoop,NoFIFO,false,OpenLoop_NoFIFO
19.290068,-1,20,10001.074000,68.437000,1822.404035,1838.795527,460.000000,819,-1362.404035,OpenLoop,NoFIFO,false,OpenLoop_NoFIFO
19.300061,-1,20,9992.427000,60.864000,1831.416914,1837.688735,460.000000,819,-1371.416914,OpenLoop,NoFIFO,false,OpenLoop_NoFIFO
19.310059,-1,20,9998.278000,59.142000,1857.133902,1840.605510,460.000000,819,-1397.133902,OpenLoop,NoFIFO,false,OpenLoop_NoFIFO
19.320059,-1,20,9999.390000,58.532000,1831.788577,1839.282970,460.000000,819,-1371.788577,OpenLoop,NoFIFO,false,OpenLoop_NoFIFO
19.330059,-1,20,10000.538000,59.070000,1817.221670,1835.973775,460.000000,819,-1357.221670,OpenLoop,NoFIFO,false,OpenLoop_NoFIFO
19.340058,-1,20,9998.704000,57.774000,1864.614804,1840.269929,460.000000,819,-1404.614804,OpenLoop,NoFIFO,false,OpenLoop_NoFIFO
19.350059,-1,20,10000.760000,58.534000,1831.416914,1838.941977,460.000000,819,-1371.416914,OpenLoop,NoFIFO,false,OpenLoop_NoFIFO
19.360058,-1,20,9999.797000,58.331000,1814.668175,1835.300907,460.000000,819,-1354.668175,OpenLoop,NoFIFO,false,OpenLoop_NoFIFO
19.370058,-1,20,10000.037000,58.368000,1862.891207,1839.439452,460.000000,819,-1402.891207,OpenLoop,NoFIFO,false,OpenLoop_NoFIFO
19.380064,-1,20,10005.871000,64.239000,1835.956867,1838.917064,460.000000,819,-1375.956867,OpenLoop,NoFIFO,false,OpenLoop_NoFIFO
19.390061,-1,20,9997.223000,61.462000,1814.668175,1835.279731,460.000000,819,-1354.668175,OpenLoop,NoFIFO,false,OpenLoop_NoFIFO
19.400061,-1,20,9999.797000,61.259000,1856.203008,1838.418222,460.000000,819,-1396.203008,OpenLoop,NoFIFO,false,OpenLoop_NoFIFO
19.410062,-1,20,10001.093000,62.352000,1842.751843,1839.068265,460.000000,819,-1382.751843,OpenLoop,NoFIFO,false,OpenLoop_NoFIFO
19.420060,-1,20,9998.075000,60.427000,1809.210526,1834.589604,460.000000,819,-1349.210526,OpenLoop,NoFIFO,false,OpenLoop_NoFIFO
19.430058,-1,20,9998.038000,58.465000,1856.203008,1837.831615,460.000000,819,-1396.203008,OpenLoop,NoFIFO,false,OpenLoop_NoFIFO
19.440059,-1,20,10000.334000,58.799000,1841.434610,1838.372064,460.000000,819,-1381.434610,OpenLoop,NoFIFO,false,OpenLoop_NoFIFO
19.450059,-1,20,9999.778000,58.577000,1816.494716,1835.090462,460.000000,819,-1356.494716,OpenLoop,NoFIFO,false,OpenLoop_NoFIFO
19.460058,-1,20,9999.815000,58.392000,1846.945137,1836.868663,460.000000,819,-1386.945137,OpenLoop,NoFIFO,false,OpenLoop_NoFIFO
19.470059,-1,20,10000.112000,58.504000,1846.945137,1838.380134,460.000000,819,-1386.945137,OpenLoop,NoFIFO,false,OpenLoop_NoFIFO
19.480059,-1,20,10000.038000,58.542000,1820.893452,1835.757132,460.000000,819,-1360.893452,OpenLoop,NoFIFO,false,OpenLoop_NoFIFO
19.490058,-1,20,9999.926000,58.468000,1832.706767,1835.299577,460.000000,819,-1372.706767,OpenLoop,NoFIFO,false,OpenLoop_NoFIFO
19.500058,-1,20,9999.686000,58.154000,1853.682650,1838.057038,460.000000,819,-1393.682650,OpenLoop,NoFIFO,false,OpenLoop_NoFIFO
19.510058,-1,20,10000.316000,58.470000,1824.476048,1836.019889,460.000000,819,-1364.476048,OpenLoop,NoFIFO,false,OpenLoop_NoFIFO
19.520062,-1,20,10003.852000,62.322000,1829.954955,1835.110149,460.000000,819,-1369.954955,OpenLoop,NoFIFO,false,OpenLoop_NoFIFO
19.530061,-1,20,9998.260000,60.582000,1855.273046,1838.134584,460.000000,819,-1395.273046,OpenLoop,NoFIFO,false,OpenLoop_NoFIFO
19.540062,-1,20,10001.334000,61.916000,1829.954955,1836.907639,460.000000,819,-1369.954955,OpenLoop,NoFIFO,false,OpenLoop_NoFIFO
19.550060,-1,20,9997.667000,59.583000,1824.476048,1835.042901,460.000000,819,-1364.476048,OpenLoop,NoFIFO,false,OpenLoop_NoFIFO
19.560058,-1,20,9998.797000,58.380000,1852.766798,1837.701485,460.000000,819,-1392.766798,OpenLoop,NoFIFO,false,OpenLoop_NoFIFO
19.570059,-1,20,10000.353000,58.733000,1833.230198,1837.030792,460.000000,819,-1373.230198,OpenLoop,NoFIFO,false,OpenLoop_NoFIFO
19.580063,-1,20,10004.352000,63.085000,1814.668175,1833.676400,460.000000,819,-1354.668175,OpenLoop,NoFIFO,false,OpenLoop_NoFIFO
19.590060,-1,20,9996.667000,59.752000,1859.932195,1837.614769,460.000000,819,-1399.932195,OpenLoop,NoFIFO,false,OpenLoop_NoFIFO
19.600058,-1,20,9998.668000,58.420000,1831.788577,1836.740840,460.000000,819,-1371.788577,OpenLoop,NoFIFO,false,OpenLoop_NoFIFO
19.610059,-1,20,10000.445000,58.865000,1815.417080,1833.542276,460.000000,819,-1355.417080,OpenLoop,NoFIFO,false,OpenLoop_NoFIFO
19.620058,-1,20,9999.593000,58.458000,1854.344016,1836.662537,460.000000,819,-1394.344016,OpenLoop,NoFIFO,false,OpenLoop_NoFIFO
19.630058,-1,20,9999.815000,58.273000,1831.788577,1835.931443,460.000000,819,-1371.788577,OpenLoop,NoFIFO,false,OpenLoop_NoFIFO
19.640059,-1,20,10000.390000,58.663000,1811.818632,1832.314522,460.000000,819,-1351.818632,OpenLoop,NoFIFO,false,OpenLoop_NoFIFO
19.650058,-1,20,9999.630000,58.293000,1850.637181,1835.062921,460.000000,819,-1390.637181,OpenLoop,NoFIFO,false,OpenLoop_NoFIFO
19.660059,-1,20,10000.408000,58.701000,1837.779156,1835.470356,460.000000,819,-1377.779156,OpenLoop,NoFIFO,false,OpenLoop_NoFIFO
19.670058,-1,20,9999.501000,58.202000,1809.210526,1831.531381,460.000000,819,-1349.210526,OpenLoop,NoFIFO,false,OpenLoop_NoFIFO
19.680058,-1,20,10000.000000,58.202000,1848.789316,1834.120072,460.000000,819,-1388.789316,OpenLoop,NoFIFO,false,OpenLoop_NoFIFO
19.690058,-1,20,10000.112000,58.314000,1830.871307,1833.632757,460.000000,819,-1370.871307,OpenLoop,NoFIFO,false,OpenLoop_NoFIFO
19.700058,-1,20,9999.742000,58.056000,1812.845304,1830.514639,460.000000,819,-1352.845304,OpenLoop,NoFIFO,false,OpenLoop_NoFIFO
19.710058,-1,20,10000.185000,58.241000,1842.350746,1832.290055,460.000000,819,-1382.350746,OpenLoop,NoFIFO,false,OpenLoop_NoFIFO
19.720061,-1,20,10002.538000,60.779000,1838.235294,1833.181841,460.000000,819,-1378.235294,OpenLoop,NoFIFO,false,OpenLoop_NoFIFO
19.730059,-1,20,9998.556000,59.335000,1816.318927,1830.652404,460.000000,819,-1356.318927,OpenLoop,NoFIFO,false,OpenLoop_NoFIFO
19.740058,-1,20,9998.908000,58.243000,1831.788577,1830.822830,460.000000,819,-1371.788577,OpenLoop,NoFIFO,false,OpenLoop_NoFIFO
19.750059,-1,20,10000.427000,58.670000,1841.434610,1832.414597,460.000000,819,-1381.434610,OpenLoop,NoFIFO,false,OpenLoop_NoFIFO
19.760058,-1,20,9999.519000,58.189000,1811.026091,1829.206321,460.000000,819,-1351.026091,OpenLoop,NoFIFO,false,OpenLoop_NoFIFO
19.770058,-1,20,9999.889000,58.078000,1829.039520,1829.181301,460.000000,819,-1369.039520,OpenLoop,NoFIFO,false,OpenLoop_NoFIFO
19.780063,-1,20,10005.131000,63.209000,1843.267795,1831.294275,460.000000,819,-1383.267795,OpenLoop,NoFIFO,false,OpenLoop_NoFIFO
19.790060,-1,20,9997.167000,60.376000,1819.241431,1829.486348,460.000000,819,-1359.241431,OpenLoop,NoFIFO,false,OpenLoop_NoFIFO
19.800060,-1,20,9999.704000,60.080000,1819.935291,1828.053690,460.000000,819,-1359.935291,OpenLoop,NoFIFO,false,OpenLoop_NoFIFO
19.810059,-1,20,9998.927000,59.007000,1849.712787,1831.302554,460.000000,819,-1389.712787,OpenLoop,NoFIFO,false,OpenLoop_NoFIFO
19.820058,-1,20,9999.352000,58.359000,1822.657029,1830.005726,460.000000,819,-1362.657029,OpenLoop,NoFIFO,false,OpenLoop_NoFIFO
19.830062,-1,20,10003.612000,61.971000,1810.921248,1827.143054,460.000000,819,-1350.921248,OpenLoop,NoFIFO,false,OpenLoop_NoFIFO
19.840058,-1,20,9996.168000,58.139000,1858.065730,1831.781455,460.000000,819,-1398.065730,OpenLoop,NoFIFO,false,OpenLoop_NoFIFO
19.850058,-1,20,10000.297000,58.436000,1820.612094,1830.106051,460.000000,819,-1360.612094,OpenLoop,NoFIFO,false,OpenLoop_NoFIFO
19.860062,-1,20,10003.500000,61.936000,1810.921248,1827.228331,460.000000,819,-1350.921248,OpenLoop,NoFIFO,false,OpenLoop_NoFIFO
19.870059,-1,20,9996.705000,58.641000,1857.133902,1831.714166,460.000000,819,-1397.133902,OpenLoop,NoFIFO,false,OpenLoop_NoFIFO
19.880058,-1,20,9999.519000,58.160000,1833.625878,1832.000923,460.000000,819,-1373.625878,OpenLoop,NoFIFO,false,OpenLoop_NoFIFO
19.890057,-1,20,9999.315000,57.475000,1808.234421,1828.435948,460.000000,819,-1348.234421,OpenLoop,NoFIFO,false,OpenLoop_NoFIFO
19.900058,-1,20,10000.445000,57.920000,1856.203008,1832.601007,460.000000,819,-1396.203008,OpenLoop,NoFIFO,false,OpenLoop_NoFIFO
19.910058,-1,20,9999.649000,57.569000,1833.625878,1832.754737,460.000000,819,-1373.625878,OpenLoop,NoFIFO,false,OpenLoop_NoFIFO
19.920058,-1,20,10000.334000,57.903000,1805.590295,1828.680071,460.000000,819,-1345.590295,OpenLoop,NoFIFO,false,OpenLoop_NoFIFO
19.930068,-1,20,10009.890000,67.793000,1854.946524,1832.620039,460.000000,819,-1394.946524,OpenLoop,NoFIFO,false,OpenLoop_NoFIFO
19.940061,-1,20,9993.297000,61.090000,1839.605067,1833.667793,460.000000,819,-1379.605067,OpenLoop,NoFIFO,false,OpenLoop_NoFIFO
19.950059,-1,20,9998.185000,59.275000,1813.616071,1830.660035,460.000000,819,-1353.616071,OpenLoop,NoFIFO,false,OpenLoop_NoFIFO
19.960059,-1,20,9999.668000,58.943000,1843.267795,1832.551199,460.000000,819,-1383.267795,OpenLoop,NoFIFO,false,OpenLoop_NoFIFO
19.970058,-1,20,9999.463000,58.406000,1842.867944,1834.098711,460.000000,819,-1382.867944,OpenLoop,NoFIFO,false,OpenLoop_NoFIFO
19.980063,-1,20,10004.686000,63.092000,1813.616071,1831.026315,460.000000,819,-1353.616071,OpenLoop,NoFIFO,false,OpenLoop_NoFIFO
19.990061,-1,20,9997.612000,60.704000,1834.545911,1831.554254,460.000000,819,-1374.545911,OpenLoop,NoFIFO,false,OpenLoop_NoFIFO
20.000059,-1,20,9998.316000,59.020000,1853.415916,1834.833503,460.000000,819,-1393.415916,OpenLoop,NoFIFO,false,OpenLoop_NoFIFO
20.010058,-1,20,9999.167000,58.187000,1817.038763,1832.164292,460.000000,819,-1357.038763,OpenLoop,NoFIFO,false,OpenLoop_NoFIFO
20.020058,-1,20,10000.204000,58.391000,1831.788577,1832.107935,460.000000,819,-1371.788577,OpenLoop,NoFIFO,false,OpenLoop_NoFIFO
20.030059,-1,20,10000.927000,59.318000,1848.789316,1834.610142,460.000000,819,-1388.789316,OpenLoop,NoFIFO,false,OpenLoop_NoFIFO
20.040062,-1,20,10002.593000,61.911000,1824.759858,1833.132600,460.000000,819,-1364.759858,OpenLoop,NoFIFO,false,OpenLoop_NoFIFO
20.050060,-1,20,9997.982000,59.893000,1819.935291,1831.153003,460.000000,819,-1359.935291,OpenLoop,NoFIFO,false,OpenLoop_NoFIFO
20.060059,-1,20,9998.723000,58.616000,1857.133902,1835.050138,460.000000,819,-1397.133902,OpenLoop,NoFIFO,false,OpenLoop_NoFIFO
20.070059,-1,20,9999.927000,58.543000,1829.954955,1834.285861,460.000000,819,-1369.954955,OpenLoop,NoFIFO,false,OpenLoop_NoFIFO
20.080058,-1,20,9999.797000,58.340000,1811.818632,1830.915776,460.000000,819,-1351.818632,OpenLoop,NoFIFO,false,OpenLoop_NoFIFO
20.090058,-1,20,9999.963000,58.303000,1860.866834,1835.408435,460.000000,819,-1400.866834,OpenLoop,NoFIFO,false,OpenLoop_NoFIFO
20.100058,-1,20,9999.390000,57.693000,1829.954955,1834.590413,460.000000,819,-1369.954955,OpenLoop,NoFIFO,false,OpenLoop_NoFIFO
20.110058,-1,20,10000.537000,58.230000,1811.026091,1831.055765,460.000000,819,-1351.026091,OpenLoop,NoFIFO,false,OpenLoop_NoFIFO
20.120057,-1,20,9999.168000,57.398000,1855.517071,1834.724961,460.000000,819,-1395.517071,OpenLoop,NoFIFO,false,OpenLoop_NoFIFO
20.130058,-1,20,10000.667000,58.065000,1837.311558,1835.112950,460.000000,819,-1377.311558,OpenLoop,NoFIFO,false,OpenLoop_NoFIFO
20.140058,-1,20,9999.556000,57.621000,1809.210526,1831.227587,460.000000,819,-1349.210526,OpenLoop,NoFIFO,false,OpenLoop_NoFIFO
20.150058,-1,20,10000.149000,57.770000,1854.344016,1834.695051,460.000000,819,-1394.344016,OpenLoop,NoFIFO,false,OpenLoop_NoFIFO
20.160058,-1,20,10000.038000,57.808000,1839.605067,1835.431553,460.000000,819,-1379.605067,OpenLoop,NoFIFO,false,OpenLoop_NoFIFO
20.170058,-1,20,10000.075000,57.883000,1809.210526,1831.498399,460.000000,819,-1349.210526,OpenLoop,NoFIFO,false,OpenLoop_NoFIFO
20.180060,-1,20,10002.297000,60.180000,1852.488744,1834.646951,460.000000,819,-1392.488744,OpenLoop,NoFIFO,false,OpenLoop_NoFIFO
20.190059,-1,20,9998.334000,58.514000,1839.605067,1835.390669,460.000000,819,-1379.605067,OpenLoop,NoFIFO,false,OpenLoop_NoFIFO
20.200058,-1,20,9999.796000,58.310000,1817.409366,1832.693473,460.000000,819,-1357.409366,OpenLoop,NoFIFO,false,OpenLoop_NoFIFO
20.210058,-1,20,9999.334000,57.644000,1841.434610,1834.004644,460.000000,819,-1381.434610,OpenLoop,NoFIFO,false,OpenLoop_NoFIFO
20.220058,-1,20,10000.279000,57.923000,1849.712787,1836.360865,460.000000,819,-1389.712787,OpenLoop,NoFIFO,false,OpenLoop_NoFIFO
20.230058,-1,20,10000.427000,58.350000,1819.241431,1833.792950,460.000000,819,-1359.241431,OpenLoop,NoFIFO,false,OpenLoop_NoFIFO
20.240058,-1,20,9999.796000,58.146000,1836.867560,1834.254141,460.000000,819,-1376.867560,OpenLoop,NoFIFO,false,OpenLoop_NoFIFO
20.250058,-1,20,9999.501000,57.647000,1846.590909,1836.104657,460.000000,819,-1386.590909,OpenLoop,NoFIFO,false,OpenLoop_NoFIFO
20.260058,-1,20,10000.204000,57.851000,1819.935291,1833.679252,460.000000,819,-1359.935291,OpenLoop,NoFIFO,false,OpenLoop_NoFIFO
20.270058,-1,20,9999.649000,57.500000,1831.788577,1833.395651,460.000000,819,-1371.788577,OpenLoop,NoFIFO,false,OpenLoop_NoFIFO
20.280058,-1,20,10000.557000,58.057000,1846.945137,1835.428074,460.000000,819,-1386.945137,OpenLoop,NoFIFO,false,OpenLoop_NoFIFO
20.290058,-1,20,9999.982000,58.039000,1829.039520,1834.469791,460.000000,819,-1369.039520,OpenLoop,NoFIFO,false,OpenLoop_NoFIFO
20.300058,-1,20,9999.908000,57.947000,1818.125311,1832.018119,460.000000,819,-1358.125311,OpenLoop,NoFIFO,false,OpenLoop_NoFIFO
20.310058,-1,20,9999.908000,57.855000,1850.637181,1834.810978,460.000000,819,-1390.637181,OpenLoop,NoFIFO,false,OpenLoop_NoFIFO
20.320058,-1,20,10000.019000,57.874000,1824.759858,1833.303310,460.000000,819,-1364.759858,OpenLoop,NoFIFO,false,OpenLoop_NoFIFO
20.330072,-1,20,10013.815000,71.689000,1815.257353,1830.596416,460.000000,819,-1355.257353,OpenLoop,NoFIFO,false,OpenLoop_NoFIFO
20.340087,-1,20,10015.575000,87.264000,1850.915794,1833.644323,460.000000,819,-1390.915794,OpenLoop,NoFIFO,false,OpenLoop_NoFIFO
20.350076,-1,20,9988.278000,75.542000,1828.545071,1832.879435,460.000000,819,-1368.545071,OpenLoop,NoFIFO,false,OpenLoop_NoFIFO
20.360075,-1,20,9999.853000,75.395000,1813.112429,1829.914384,460.000000,819,-1353.112429,OpenLoop,NoFIFO,false,OpenLoop_NoFIFO
20.370075,-1,20,9999.630000,75.025000,1848.527264,1832.706316,460.000000,819,-1388.527264,OpenLoop,NoFIFO,false,OpenLoop_NoFIFO
20.380075,-1,20,10000.094000,75.119000,1829.509494,1832.226793,460.000000,819,-1369.509494,OpenLoop,NoFIFO,false,OpenLoop_NoFIFO
20.390076,-1,20,10001.074000,76.193000,1806.315414,1828.340086,460.000000,819,-1346.315414,OpenLoop,NoFIFO,false,OpenLoop_NoFIFO
20.400035,-1,20,9959.242000,35.435000,1855.211082,1832.370735,460.000000,819,-1395.211082,OpenLoop,NoFIFO,false,OpenLoop_NoFIFO
20.410073,-1,20,10037.482000,72.917000,1832.607160,1832.406199,460.000000,819,-1372.607160,OpenLoop,NoFIFO,false,OpenLoop_NoFIFO
20.420071,-1,20,9997.908000,70.825000,1810.515873,1829.122650,460.000000,819,-1350.515873,OpenLoop,NoFIFO,false,OpenLoop_NoFIFO
20.430070,-1,20,9998.704000,69.529000,1848.591549,1832.042985,460.000000,819,-1388.591549,OpenLoop,NoFIFO,false,OpenLoop_NoFIFO
20.440071,-1,20,10000.982000,70.511000,1833.802251,1832.306875,460.000000,819,-1373.802251,OpenLoop,NoFIFO,false,OpenLoop_NoFIFO
20.450074,-1,20,10003.427000,73.938000,1814.801700,1829.681099,460.000000,819,-1354.801700,OpenLoop,NoFIFO,false,OpenLoop_NoFIFO
20.460072,-1,20,9998.556000,72.494000,1842.140202,1831.549964,460.000000,819,-1382.140202,OpenLoop,NoFIFO,false,OpenLoop_NoFIFO
20.470072,-1,20,9999.408000,71.902000,1843.898104,1833.402185,460.000000,819,-1383.898104,OpenLoop,NoFIFO,false,OpenLoop_NoFIFO
20.480073,-1,20,10000.612000,72.514000,1813.394277,1830.400999,460.000000,819,-1353.394277,OpenLoop,NoFIFO,false,OpenLoop_NoFIFO
20.490087,-1,20,10014.297000,86.811000,1839.093881,1831.704931,460.000000,819,-1379.093881,OpenLoop,NoFIFO,false,OpenLoop_NoFIFO
20.500077,-1,20,9990.038000,76.849000,1845.079787,1833.711160,460.000000,819,-1385.079787,OpenLoop,NoFIFO,false,OpenLoop_NoFIFO
20.510072,-1,20,9995.611000,72.460000,1818.235572,1831.389822,460.000000,819,-1358.235572,OpenLoop,NoFIFO,false,OpenLoop_NoFIFO
20.520072,-1,20,9999.371000,71.831000,1830.858748,1831.310161,460.000000,819,-1370.858748,OpenLoop,NoFIFO,false,OpenLoop_NoFIFO
20.530070,-1,20,9997.890000,69.721000,1847.724073,1833.772247,460.000000,819,-1387.724073,OpenLoop,NoFIFO,false,OpenLoop_NoFIFO
20.540071,-1,20,10001.649000,71.370000,1822.084665,1832.019110,460.000000,819,-1362.084665,OpenLoop,NoFIFO,false,OpenLoop_NoFIFO
20.550073,-1,20,10001.982000,73.352000,1820.170182,1830.241771,460.000000,819,-1360.170182,OpenLoop,NoFIFO,false,OpenLoop_NoFIFO
20.560088,-1,20,10014.204000,87.556000,1858.998494,1834.555279,460.000000,819,-1398.998494,OpenLoop,NoFIFO,false,OpenLoop_NoFIFO
20.570078,-1,20,9989.945000,77.501000,1821.916987,1832.659535,460.000000,819,-1361.916987,OpenLoop,NoFIFO,false,OpenLoop_NoFIFO
20.580073,-1,20,9995.983000,73.484000,1817.050812,1830.318227,460.000000,819,-1357.050812,OpenLoop,NoFIFO,false,OpenLoop_NoFIFO
20.590072,-1,20,9998.852000,72.336000,1855.329041,1834.069849,460.000000,819,-1395.329041,OpenLoop,NoFIFO,false,OpenLoop_NoFIFO
20.600072,-1,20,9999.741000,72.077000,1827.581665,1833.096621,460.000000,819,-1367.581665,OpenLoop,NoFIFO,false,OpenLoop_NoFIFO
20.610072,-1,20,9999.927000,72.004000,1810.719459,1829.740047,460.000000,819,-1350.719459,OpenLoop,NoFIFO,false,OpenLoop_NoFIFO
20.620071,-1,20,9999.427000,71.431000,1859.342380,1834.180397,460.000000,819,-1399.342380,OpenLoop,NoFIFO,false,OpenLoop_NoFIFO
20.630072,-1,20,10000.426000,71.857000,1833.470782,1834.073955,460.000000,819,-1373.470782,OpenLoop,NoFIFO,false,OpenLoop_NoFIFO
20.640071,-1,20,9999.594000,71.451000,1803.848210,1829.540093,460.000000,819,-1343.848210,OpenLoop,NoFIFO,false,OpenLoop_NoFIFO
20.650071,-1,20,9999.537000,70.988000,1857.100239,1833.674115,460.000000,819,-1397.100239,OpenLoop,NoFIFO,false,OpenLoop_NoFIFO
20.660072,-1,20,10000.649000,71.637000,1830.474934,1833.194238,460.000000,819,-1370.474934,OpenLoop,NoFIFO,false,OpenLoop_NoFIFO
20.670071,-1,20,9999.278000,70.915000,1806.315414,1829.162414,460.000000,819,-1346.315414,OpenLoop,NoFIFO,false,OpenLoop_NoFIFO
20.680078,-1,20,10006.853000,77.768000,1851.303318,1832.483550,460.000000,819,-1391.303318,OpenLoop,NoFIFO,false,OpenLoop_NoFIFO
20.690077,-1,20,9998.834000,76.602000,1838.669660,1833.411466,460.000000,819,-1378.669660,OpenLoop,NoFIFO,false,OpenLoop_NoFIFO
20.700072,-1,20,9995.556000,72.158000,1809.558435,1829.833511,460.000000,819,-1349.558435,OpenLoop,NoFIFO,false,OpenLoop_NoFIFO
20.710072,-1,20,9999.593000,71.751000,1838.235294,1831.093779,460.000000,819,-1378.235294,OpenLoop,NoFIFO,false,OpenLoop_NoFIFO
20.720072,-1,20,10000.223000,71.974000,1844.504197,1833.105342,460.000000,819,-1384.504197,OpenLoop,NoFIFO,false,OpenLoop_NoFIFO
20.730071,-1,20,9999.390000,71.364000,1808.100289,1829.354584,460.000000,819,-1348.100289,OpenLoop,NoFIFO,false,OpenLoop_NoFIFO
20.740072,-1,20,10000.149000,71.513000,1834.346906,1830.103432,460.000000,819,-1374.346906,OpenLoop,NoFIFO,false,OpenLoop_NoFIFO
20.750072,-1,20,10000.723000,72.236000,1844.772404,1832.303778,460.000000,819,-1384.772404,OpenLoop,NoFIFO,false,OpenLoop_NoFIFO
20.760071,-1,20,9999.056000,71.292000,1818.212009,1830.190013,460.000000,819,-1358.212009,OpenLoop,NoFIFO,false,OpenLoop_NoFIFO
20.770072,-1,20,10000.241000,71.533000,1826.009501,1829.562936,460.000000,819,-1366.009501,OpenLoop,NoFIFO,false,OpenLoop_NoFIFO
20.780072,-1,20,10000.056000,71.589000,1848.028769,1832.332811,460.000000,819,-1388.028769,OpenLoop,NoFIFO,false,OpenLoop_NoFIFO
20.790072,-1,20,10000.038000,71.627000,1823.160731,1830.956999,460.000000,819,-1363.160731,OpenLoop,NoFIFO,false,OpenLoop_NoFIFO
20.800077,-1,20,10005.575000,77.202000,1813.394277,1828.322591,460.000000,819,-1353.394277,OpenLoop,NoFIFO,false,OpenLoop_NoFIFO
20.810075,-1,20,9997.741000,74.943000,1855.560792,1832.408321,460.000000,819,-1395.560792,OpenLoop,NoFIFO,false,OpenLoop_NoFIFO
20.820073,-1,20,9998.334000,73.277000,1823.055408,1831.005384,460.000000,819,-1363.055408,OpenLoop,NoFIFO,false,OpenLoop_NoFIFO
20.830078,-1,20,10004.760000,78.037000,1814.801700,1828.574831,460.000000,819,-1354.801700,OpenLoop,NoFIFO,false,OpenLoop_NoFIFO
20.840081,-1,20,10003.242000,81.279000,1855.468750,1832.608919,460.000000,819,-1395.468750,OpenLoop,NoFIFO,false,OpenLoop_NoFIFO
20.850080,-1,20,9999.167000,80.446000,1832.102002,1832.532881,460.000000,819,-1372.102002,OpenLoop,NoFIFO,false,OpenLoop_NoFIFO
20.860074,-1,20,9993.167000,73.613000,1809.467919,1829.073137,460.000000,819,-1349.467919,OpenLoop,NoFIFO,false,OpenLoop_NoFIFO
20.870073,-1,20,9999.390000,73.003000,1853.561220,1832.746349,460.000000,819,-1393.561220,OpenLoop,NoFIFO,false,OpenLoop_NoFIFO
20.880072,-1,20,9998.779000,71.782000,1836.289042,1833.277753,460.000000,819,-1376.289042,OpenLoop,NoFIFO,false,OpenLoop_NoFIFO
20.890071,-1,20,9999.648000,71.430000,1807.175155,1829.362363,460.000000,819,-1347.175155,OpenLoop,NoFIFO,false,OpenLoop_NoFIFO
20.900072,-1,20,10000.205000,71.635000,1858.152748,1833.680921,460.000000,819,-1398.152748,OpenLoop,NoFIFO,false,OpenLoop_NoFIFO
20.910071,-1,20,9999.334000,70.969000,1837.801134,1834.298953,460.000000,819,-1377.801134,OpenLoop,NoFIFO,false,OpenLoop_NoFIFO
20.920075,-1,20,10004.463000,75.432000,1816.281847,1831.596387,460.000000,819,-1356.281847,OpenLoop,NoFIFO,false,OpenLoop_NoFIFO
20.930080,-1,20,10004.649000,80.081000,1844.772404,1833.572790,460.000000,819,-1384.772404,OpenLoop,NoFIFO,false,OpenLoop_NoFIFO
20.940077,-1,20,9996.742000,76.823000,1841.605553,1834.777704,460.000000,819,-1381.605553,OpenLoop,NoFIFO,false,OpenLoop_NoFIFO
20.950072,-1,20,9994.945000,71.768000,1814.949809,1831.803520,460.000000,819,-1354.949809,OpenLoop,NoFIFO,false,OpenLoop_NoFIFO
20.960072,-1,20,10000.130000,71.898000,1844.098884,1833.647824,460.000000,819,-1384.098884,OpenLoop,NoFIFO,false,OpenLoop_NoFIFO
20.970072,-1,20,9999.890000,71.788000,1845.647533,1835.447781,460.000000,819,-1385.647533,OpenLoop,NoFIFO,false,OpenLoop_NoFIFO
20.980073,-1,20,10001.501000,73.289000,1818.212009,1832.862415,460.000000,819,-1358.212009,OpenLoop,NoFIFO,false,OpenLoop_NoFIFO
20.990073,-1,20,9999.259000,72.548000,1839.995213,1833.932335,460.000000,819,-1379.995213,OpenLoop,NoFIFO,false,OpenLoop_NoFIFO
21.000072,-1,20,9999.372000,71.920000,1840.641361,1834.938689,460.000000,819,-1380.641361,OpenLoop,NoFIFO,false,OpenLoop_NoFIFO
21.010073,-1,20,10000.852000,72.772000,1821.682464,1832.950255,460.000000,819,-1361.682464,OpenLoop,NoFIFO,false,OpenLoop_NoFIFO
21.020071,-1,20,9998.279000,71.051000,1829.879679,1832.489669,460.000000,819,-1369.879679,OpenLoop,NoFIFO,false,OpenLoop_NoFIFO
21.030081,-1,20,10010.111000,81.162000,1849.459840,1835.035194,460.000000,819,-1389.459840,OpenLoop,NoFIFO,false,OpenLoop_NoFIFO
21.040075,-1,20,9993.964000,75.126000,1825.000000,1833.529915,460.000000,819,-1365.000000,OpenLoop,NoFIFO,false,OpenLoop_NoFIFO
21.050072,-1,20,9996.538000,71.664000,1822.546230,1831.882362,460.000000,819,-1362.546230,OpenLoop,NoFIFO,false,OpenLoop_NoFIFO
21.060071,-1,20,9999.556000,71.220000,1853.955104,1835.193274,460.000000,819,-1393.955104,OpenLoop,NoFIFO,false,OpenLoop_NoFIFO
21.070072,-1,20,10000.593000,71.813000,1822.546230,1833.296217,460.000000,819,-1362.546230,OpenLoop,NoFIFO,false,OpenLoop_NoFIFO
21.080072,-1,20,10000.520000,72.333000,1817.050812,1830.859406,460.000000,819,-1357.050812,OpenLoop,NoFIFO,false,OpenLoop_NoFIFO
21.090072,-1,20,9999.408000,71.741000,1855.329041,1834.529852,460.000000,819,-1395.329041,OpenLoop,NoFIFO,false,OpenLoop_NoFIFO
21.100072,-1,20,10000.278000,72.019000,1831.441394,1834.066583,460.000000,819,-1371.441394,OpenLoop,NoFIFO,false,OpenLoop_NoFIFO
21.110072,-1,20,10000.427000,72.446000,1813.216332,1830.939045,460.000000,819,-1353.216332,OpenLoop,NoFIFO,false,OpenLoop_NoFIFO
21.120072,-1,20,9999.463000,71.909000,1857.403545,1834.908720,460.000000,819,-1397.403545,OpenLoop,NoFIFO,false,OpenLoop_NoFIFO
21.130085,-1,20,10012.982000,84.891000,1831.395349,1834.381715,460.000000,819,-1371.395349,OpenLoop,NoFIFO,false,OpenLoop_NoFIFO
21.140076,-1,20,9991.353000,76.244000,1810.622318,1830.817805,460.000000,819,-1350.622318,OpenLoop,NoFIFO,false,OpenLoop_NoFIFO
21.150072,-1,20,9995.445000,71.689000,1857.987106,1834.893200,460.000000,819,-1397.987106,OpenLoop,NoFIFO,false,OpenLoop_NoFIFO
21.160072,-1,20,10000.742000,72.431000,1832.964025,1834.603824,460.000000,819,-1372.964025,OpenLoop,NoFIFO,false,OpenLoop_NoFIFO
21.170072,-1,20,9999.500000,71.931000,1814.949809,1831.655722,460.000000,819,-1354.949809,OpenLoop,NoFIFO,false,OpenLoop_NoFIFO
21.180081,-1,20,10008.705000,80.636000,1853.255140,1834.895634,460.000000,819,-1393.255140,OpenLoop,NoFIFO,false,OpenLoop_NoFIFO
21.190076,-1,20,9994.982000,75.618000,1843.024633,1836.114984,460.000000,819,-1383.024633,OpenLoop,NoFIFO,false,OpenLoop_NoFIFO
21.200088,-1,20,10012.834000,88.452000,1813.112429,1832.664601,460.000000,819,-1353.112429,OpenLoop,NoFIFO,false,OpenLoop_NoFIFO
21.210077,-1,20,9988.167000,76.619000,1850.035663,1835.270260,460.000000,819,-1390.035663,OpenLoop,NoFIFO,false,OpenLoop_NoFIFO
21.220074,-1,20,9997.131000,73.750000,1844.504197,1836.655351,460.000000,819,-1384.504197,OpenLoop,NoFIFO,false,OpenLoop_NoFIFO
21.230075,-1,20,10001.519000,75.269000,1816.686603,1833.660039,460.000000,819,-1356.686603,OpenLoop,NoFIFO,false,OpenLoop_NoFIFO
21.240074,-1,20,9998.927000,74.196000,1845.079787,1835.373001,460.000000,819,-1385.079787,OpenLoop,NoFIFO,false,OpenLoop_NoFIFO
21.250072,-1,20,9997.889000,72.085000,1850.328947,1837.616393,460.000000,819,-1390.328947,OpenLoop,NoFIFO,false,OpenLoop_NoFIFO
21.260071,-1,20,9999.260000,71.345000,1823.738170,1835.534660,460.000000,819,-1363.738170,OpenLoop,NoFIFO,false,OpenLoop_NoFIFO
21.270072,-1,20,10000.482000,71.827000,1833.850191,1835.281989,460.000000,819,-1373.850191,OpenLoop,NoFIFO,false,OpenLoop_NoFIFO
21.280072,-1,20,9999.779000,71.606000,1855.939005,1838.380542,460.000000,819,-1395.939005,OpenLoop,NoFIFO,false,OpenLoop_NoFIFO
21.290072,-1,20,9999.963000,71.569000,1822.546230,1836.005395,460.000000,819,-1362.546230,OpenLoop,NoFIFO,false,OpenLoop_NoFIFO
21.300072,-1,20,10000.131000,71.700000,1828.545071,1834.886346,460.000000,819,-1368.545071,OpenLoop,NoFIFO,false,OpenLoop_NoFIFO
21.310080,-1,20,10008.315000,80.015000,1858.874821,1838.484618,460.000000,819,-1398.874821,OpenLoop,NoFIFO,false,OpenLoop_NoFIFO
21.320075,-1,20,9995.168000,75.183000,1830.474934,1837.283165,460.000000,819,-1370.474934,OpenLoop,NoFIFO,false,OpenLoop_NoFIFO
21.330073,-1,20,9997.334000,72.517000,1820.819517,1834.813618,460.000000,819,-1360.819517,OpenLoop,NoFIFO,false,OpenLoop_NoFIFO
21.340072,-1,20,9999.519000,72.036000,1859.135378,1838.461882,460.000000,819,-1399.135378,OpenLoop,NoFIFO,false,OpenLoop_NoFIFO
21.350078,-1,20,10006.186000,78.222000,1832.102002,1837.507900,460.000000,819,-1372.102002,OpenLoop,NoFIFO,false,OpenLoop_NoFIFO
21.360073,-1,20,9994.871000,73.093000,1809.467919,1833.301903,460.000000,819,-1349.467919,OpenLoop,NoFIFO,false,OpenLoop_NoFIFO
21.370072,-1,20,9998.667000,71.760000,1864.218975,1837.939463,460.000000,819,-1404.218975,OpenLoop,NoFIFO,false,OpenLoop_NoFIFO
21.380081,-1,20,10009.149000,80.909000,1834.346906,1837.400580,460.000000,819,-1374.346906,OpenLoop,NoFIFO,false,OpenLoop_NoFIFO
21.390079,-1,20,9997.890000,78.799000,1812.234795,1833.625712,460.000000,819,-1352.234795,OpenLoop,NoFIFO,false,OpenLoop_NoFIFO
21.400074,-1,20,9995.389000,74.188000,1857.171157,1837.157529,460.000000,819,-1397.171157,OpenLoop,NoFIFO,false,OpenLoop_NoFIFO
21.410073,-1,20,9998.371000,72.559000,1837.801134,1837.254070,460.000000,819,-1377.801134,OpenLoop,NoFIFO,false,OpenLoop_NoFIFO
21.420070,-1,20,9997.594000,70.153000,1807.582074,1832.803270,460.000000,819,-1347.582074,OpenLoop,NoFIFO,false,OpenLoop_NoFIFO
21.430070,-1,20,10000.241000,70.394000,1851.796763,1835.652294,460.000000,819,-1391.796763,OpenLoop,NoFIFO,false,OpenLoop_NoFIFO
21.440070,-1,20,9999.149000,69.543000,1844.676550,1837.005933,460.000000,819,-1384.676550,OpenLoop,NoFIFO,false,OpenLoop_NoFIFO
21.450070,-1,20,10000.093000,69.636000,1811.486164,1833.177967,460.000000,819,-1351.486164,OpenLoop,NoFIFO,false,OpenLoop_NoFIFO
21.460074,-1,20,10004.279000,73.915000,1845.472441,1835.022138,460.000000,819,-1385.472441,OpenLoop,NoFIFO,false,OpenLoop_NoFIFO
21.470070,-1,20,9996.185000,70.100000,1843.024633,1836.222513,460.000000,819,-1383.024633,OpenLoop,NoFIFO,false,OpenLoop_NoFIFO
21.480070,-1,20,9999.797000,69.897000,1816.281847,1833.231413,460.000000,819,-1356.281847,OpenLoop,NoFIFO,false,OpenLoop_NoFIFO
21.490070,-1,20,9999.723000,69.620000,1833.470782,1833.267318,460.000000,819,-1373.470782,OpenLoop,NoFIFO,false,OpenLoop_NoFIFO
21.500069,-1,20,9999.538000,69.158000,1851.303318,1835.972718,460.000000,819,-1391.303318,OpenLoop,NoFIFO,false,OpenLoop_NoFIFO
21.510069,-1,20,10000.297000,69.455000,1821.916987,1833.864358,460.000000,819,-1361.916987,OpenLoop,NoFIFO,false,OpenLoop_NoFIFO
21.520070,-1,20,10000.760000,70.215000,1826.619273,1832.777596,460.000000,819,-1366.619273,OpenLoop,NoFIFO,false,OpenLoop_NoFIFO
21.530070,-1,20,9999.464000,69.679000,1854.444709,1836.027663,460.000000,819,-1394.444709,OpenLoop,NoFIFO,false,OpenLoop_NoFIFO
21.540072,-1,20,10002.352000,72.031000,1824.027186,1834.227591,460.000000,819,-1364.027186,OpenLoop,NoFIFO,false,OpenLoop_NoFIFO
21.550070,-1,20,9998.260000,70.291000,1826.877376,1833.125059,460.000000,819,-1366.877376,OpenLoop,NoFIFO,false,OpenLoop_NoFIFO
21.560072,-1,20,10001.316000,71.607000,1855.939005,1836.547151,460.000000,819,-1395.939005,OpenLoop,NoFIFO,false,OpenLoop_NoFIFO
21.570070,-1,20,9998.260000,69.867000,1835.664336,1836.414728,460.000000,819,-1375.664336,OpenLoop,NoFIFO,false,OpenLoop_NoFIFO
21.580084,-1,20,10013.797000,83.664000,1818.426724,1833.716528,460.000000,819,-1358.426724,OpenLoop,NoFIFO,false,OpenLoop_NoFIFO
21.590081,-1,20,9997.445000,81.109000,1861.857477,1837.937670,460.000000,819,-1401.857477,OpenLoop,NoFIFO,false,OpenLoop_NoFIFO
21.600075,-1,20,9994.167000,75.276000,1839.209968,1838.128515,460.000000,819,-1379.209968,OpenLoop,NoFIFO,false,OpenLoop_NoFIFO
21.610075,-1,20,9999.260000,74.536000,1819.749766,1835.371703,460.000000,819,-1359.749766,OpenLoop,NoFIFO,false,OpenLoop_NoFIFO
21.620074,-1,20,9999.667000,74.203000,1867.033988,1840.121045,460.000000,819,-1407.033988,OpenLoop,NoFIFO,false,OpenLoop_NoFIFO
21.630076,-1,20,10001.520000,75.723000,1843.024633,1840.556584,460.000000,819,-1383.024633,OpenLoop,NoFIFO,false,OpenLoop_NoFIFO
21.640077,-1,20,10001.297000,77.020000,1821.822479,1837.746468,460.000000,819,-1361.822479,OpenLoop,NoFIFO,false,OpenLoop_NoFIFO
21.650074,-1,20,9997.408000,74.428000,1857.987106,1840.782564,460.000000,819,-1397.987106,OpenLoop,NoFIFO,false,OpenLoop_NoFIFO
21.660077,-1,20,10002.408000,76.836000,1848.383281,1841.922671,460.000000,819,-1388.383281,OpenLoop,NoFIFO,false,OpenLoop_NoFIFO
21.670074,-1,20,9997.389000,74.225000,1819.096072,1838.498681,460.000000,819,-1359.096072,OpenLoop,NoFIFO,false,OpenLoop_NoFIFO
21.680075,-1,20,10000.742000,74.967000,1862.089513,1842.037306,460.000000,819,-1402.089513,OpenLoop,NoFIFO,false,OpenLoop_NoFIFO
21.690074,-1,20,9998.704000,73.671000,1848.277910,1842.973397,460.000000,819,-1388.277910,OpenLoop,NoFIFO,false,OpenLoop_NoFIFO
21.700073,-1,20,9999.464000,73.135000,1826.619273,1840.520278,460.000000,819,-1366.619273,OpenLoop,NoFIFO,false,OpenLoop_NoFIFO
21.710074,-1,20,10001.334000,74.469000,1849.156369,1841.815692,460.000000,819,-1389.156369,OpenLoop,NoFIFO,false,OpenLoop_NoFIFO
21.720074,-1,20,9999.149000,73.618000,1851.303318,1843.238836,460.000000,819,-1391.303318,OpenLoop,NoFIFO,false,OpenLoop_NoFIFO
21.730074,-1,20,10000.426000,74.044000,1825.142450,1840.524378,460.000000,819,-1365.142450,OpenLoop,NoFIFO,false,OpenLoop_NoFIFO
21.740074,-1,20,9999.538000,73.582000,1846.061735,1841.354981,460.000000,819,-1386.061735,OpenLoop,NoFIFO,false,OpenLoop_NoFIFO
21.750075,-1,20,10001.760000,75.342000,1855.560792,1843.485853,460.000000,819,-1395.560792,OpenLoop,NoFIFO,false,OpenLoop_NoFIFO
21.760073,-1,20,9998.019000,73.361000,1829.509494,1841.389399,460.000000,819,-1369.509494,OpenLoop,NoFIFO,false,OpenLoop_NoFIFO
21.770080,-1,20,10007.112000,80.473000,1842.536266,1841.561429,460.000000,819,-1382.536266,OpenLoop,NoFIFO,false,OpenLoop_NoFIFO
21.780076,-1,20,9995.686000,76.159000,1853.255140,1843.315486,460.000000,819,-1393.255140,OpenLoop,NoFIFO,false,OpenLoop_NoFIFO
21.790091,-1,20,10014.741000,90.900000,1832.975680,1841.764515,460.000000,819,-1372.975680,OpenLoop,NoFIFO,false,OpenLoop_NoFIFO
21.800077,-1,20,9985.946000,76.846000,1831.054688,1840.158041,460.000000,819,-1371.054688,OpenLoop,NoFIFO,false,OpenLoop_NoFIFO
21.810074,-1,20,9997.112000,73.958000,1864.064157,1843.743958,460.000000,819,-1404.064157,OpenLoop,NoFIFO,false,OpenLoop_NoFIFO
21.820072,-1,20,9998.223000,72.181000,1835.601719,1842.522622,460.000000,819,-1375.601719,OpenLoop,NoFIFO,false,OpenLoop_NoFIFO
21.830077,-1,20,10005.297000,77.478000,1822.779821,1839.561202,460.000000,819,-1362.779821,OpenLoop,NoFIFO,false,OpenLoop_NoFIFO
21.840079,-1,20,10002.019000,79.497000,1862.157534,1842.950652,460.000000,819,-1402.157534,OpenLoop,NoFIFO,false,OpenLoop_NoFIFO
21.850074,-1,20,9994.982000,74.479000,1834.346906,1841.660090,460.000000,819,-1374.346906,OpenLoop,NoFIFO,false,OpenLoop_NoFIFO
21.860071,-1,20,9996.390000,70.869000,1823.410816,1838.922699,460.000000,819,-1363.410816,OpenLoop,NoFIFO,false,OpenLoop_NoFIFO
21.870071,-1,20,10000.056000,70.925000,1864.064157,1842.693918,460.000000,819,-1404.064157,OpenLoop,NoFIFO,false,OpenLoop_NoFIFO
21.880070,-1,20,9998.853000,69.778000,1839.539007,1842.220681,460.000000,819,-1379.539007,OpenLoop,NoFIFO,false,OpenLoop_NoFIFO
21.890071,-1,20,10001.000000,70.778000,1815.318302,1838.185324,460.000000,819,-1355.318302,OpenLoop,NoFIFO,false,OpenLoop_NoFIFO
21.900070,-1,20,9998.760000,69.538000,1865.229749,1842.241988,460.000000,819,-1405.229749,OpenLoop,NoFIFO,false,OpenLoop_NoFIFO
21.910070,-1,20,10000.723000,70.261000,1835.317460,1841.203309,460.000000,819,-1375.317460,OpenLoop,NoFIFO,false,OpenLoop_NoFIFO
21.920070,-1,20,9999.908000,70.169000,1820.819517,1838.145740,460.000000,819,-1360.819517,OpenLoop,NoFIFO,false,OpenLoop_NoFIFO
21.930070,-1,20,10000.094000,70.263000,1862.089513,1841.737306,460.000000,819,-1402.089513,OpenLoop,NoFIFO,false,OpenLoop_NoFIFO
21.940071,-1,20,10000.982000,71.245000,1847.400285,1842.586753,460.000000,819,-1387.400285,OpenLoop,NoFIFO,false,OpenLoop_NoFIFO
21.950069,-1,20,9997.612000,68.857000,1821.114955,1839.365983,460.000000,819,-1361.114955,OpenLoop,NoFIFO,false,OpenLoop_NoFIFO
21.960067,-1,20,9998.167000,67.024000,1852.409639,1841.322531,460.000000,819,-1392.409639,OpenLoop,NoFIFO,false,OpenLoop_NoFIFO
21.970081,-1,20,10013.575000,80.599000,1848.845599,1842.450992,460.000000,819,-1388.845599,OpenLoop,NoFIFO,false,OpenLoop_NoFIFO
21.980074,-1,20,9992.982000,73.581000,1821.114955,1839.250586,460.000000,819,-1361.114955,OpenLoop,NoFIFO,false,OpenLoop_NoFIFO
21.990072,-1,20,9998.297000,71.878000,1850.625903,1840.956884,460.000000,819,-1390.625903,OpenLoop,NoFIFO,false,OpenLoop_NoFIFO
22.000071,-1,20,9999.408000,71.286000,1854.232595,1842.948240,460.000000,819,-1394.232595,OpenLoop,NoFIFO,false,OpenLoop_NoFIFO
22.010072,-1,20,10000.297000,71.583000,1829.485959,1840.928898,460.000000,819,-1369.485959,OpenLoop,NoFIFO,false,OpenLoop_NoFIFO
22.020064,-1,20,9992.723000,64.306000,1835.769850,1840.155041,460.000000,819,-1375.769850,OpenLoop,NoFIFO,false,OpenLoop_NoFIFO
22.030071,-1,20,10006.742000,71.048000,1859.763384,1843.096292,460.000000,819,-1399.763384,OpenLoop,NoFIFO,false,OpenLoop_NoFIFO
22.040070,-1,20,9999.408000,70.456000,1829.509494,1841.058273,460.000000,819,-1369.509494,OpenLoop,NoFIFO,false,OpenLoop_NoFIFO
22.050070,-1,20,9999.167000,69.623000,1830.882353,1839.531885,460.000000,819,-1370.882353,OpenLoop,NoFIFO,false,OpenLoop_NoFIFO
22.060071,-1,20,10001.057000,70.680000,1865.922539,1843.490483,460.000000,819,-1405.922539,OpenLoop,NoFIFO,false,OpenLoop_NoFIFO
22.070074,-1,20,10002.982000,73.662000,1832.975680,1841.913262,460.000000,819,-1372.975680,OpenLoop,NoFIFO,false,OpenLoop_NoFIFO
22.080075,-1,20,10001.389000,75.051000,1821.822479,1838.899645,460.000000,819,-1361.822479,OpenLoop,NoFIFO,false,OpenLoop_NoFIFO
22.090075,-1,20,10000.390000,75.441000,1861.702128,1842.320017,460.000000,819,-1401.702128,OpenLoop,NoFIFO,false,OpenLoop_NoFIFO
22.100073,-1,20,9997.982000,73.423000,1837.261653,1841.561263,460.000000,819,-1377.261653,OpenLoop,NoFIFO,false,OpenLoop_NoFIFO
22.110073,-1,20,9999.205000,72.628000,1813.216332,1837.309523,460.000000,819,-1353.216332,OpenLoop,NoFIFO,false,OpenLoop_NoFIFO
22.120072,-1,20,9999.778000,72.406000,1867.884250,1841.895732,460.000000,819,-1407.884250,OpenLoop,NoFIFO,false,OpenLoop_NoFIFO
22.130099,-1,20,10027.056000,99.462000,1835.769850,1840.976850,460.000000,819,-1375.769850,OpenLoop,NoFIFO,false,OpenLoop_NoFIFO
22.140074,-1,20,9974.131000,73.593000,1816.517013,1837.307874,460.000000,819,-1356.517013,OpenLoop,NoFIFO,false,OpenLoop_NoFIFO
22.150073,-1,20,9999.056000,72.649000,1861.103759,1840.877257,460.000000,819,-1401.103759,OpenLoop,NoFIFO,false,OpenLoop_NoFIFO
22.160071,-1,20,9998.334000,70.983000,1841.280170,1840.937694,460.000000,819,-1381.280170,OpenLoop,NoFIFO,false,OpenLoop_NoFIFO
22.170072,-1,20,10000.575000,71.558000,1812.433792,1836.662109,460.000000,819,-1352.433792,OpenLoop,NoFIFO,false,OpenLoop_NoFIFO
22.180071,-1,20,9999.297000,70.855000,1854.444709,1839.329499,460.000000,819,-1394.444709,OpenLoop,NoFIFO,false,OpenLoop_NoFIFO
22.190071,-1,20,10000.223000,71.078000,1848.383281,1840.687566,460.000000,819,-1388.383281,OpenLoop,NoFIFO,false,OpenLoop_NoFIFO
22.200069,-1,20,9998.205000,69.283000,1816.686603,1837.087422,460.000000,819,-1356.686603,OpenLoop,NoFIFO,false,OpenLoop_NoFIFO
22.210070,-1,20,10001.037000,70.320000,1851.611227,1839.265992,460.000000,819,-1391.611227,OpenLoop,NoFIFO,false,OpenLoop_NoFIFO
22.220070,-1,20,9999.723000,70.043000,1847.068717,1840.436401,460.000000,819,-1387.068717,OpenLoop,NoFIFO,false,OpenLoop_NoFIFO
22.230103,-1,20,10032.519000,102.562000,1820.866142,1837.500862,460.000000,819,-1360.866142,OpenLoop,NoFIFO,false,OpenLoop_NoFIFO
22.240072,-1,20,9969.205000,71.767000,1839.539007,1837.806584,460.000000,819,-1379.539007,OpenLoop,NoFIFO,false,OpenLoop_NoFIFO
22.250084,-1,20,10012.352000,84.119000,1854.946524,1840.377575,460.000000,819,-1394.946524,OpenLoop,NoFIFO,false,OpenLoop_NoFIFO
22.260076,-1,20,9992.316000,76.435000,1826.298701,1838.265744,460.000000,819,-1366.298701,OpenLoop,NoFIFO,false,OpenLoop_NoFIFO
22.270073,-1,20,9996.834000,73.269000,1832.008859,1837.327211,460.000000,819,-1372.008859,OpenLoop,NoFIFO,false,OpenLoop_NoFIFO
22.280072,-1,20,9998.556000,71.825000,1856.214218,1840.160262,460.000000,819,-1396.214218,OpenLoop,NoFIFO,false,OpenLoop_NoFIFO
22.290072,-1,20,10000.223000,72.048000,1827.581665,1838.273473,460.000000,819,-1367.581665,OpenLoop,NoFIFO,false,OpenLoop_NoFIFO
22.300072,-1,20,10000.020000,72.068000,1829.485959,1836.955345,460.000000,819,-1369.485959,OpenLoop,NoFIFO,false,OpenLoop_NoFIFO
22.310072,-1,20,9999.852000,71.920000,1857.927156,1840.101117,460.000000,819,-1397.927156,OpenLoop,NoFIFO,false,OpenLoop_NoFIFO
22.320071,-1,20,9999.482000,71.402000,1839.539007,1840.016801,460.000000,819,-1379.539007,OpenLoop,NoFIFO,false,OpenLoop_NoFIFO
22.330075,-1,20,10003.760000,75.162000,1819.178628,1836.891075,460.000000,819,-1359.178628,OpenLoop,NoFIFO,false,OpenLoop_NoFIFO
22.340074,-1,20,9998.464000,73.626000,1862.582781,1840.744831,460.000000,819,-1402.582781,OpenLoop,NoFIFO,false,OpenLoop_NoFIFO
22.350072,-1,20,9997.982000,71.608000,1839.209968,1840.514601,460.000000,819,-1379.209968,OpenLoop,NoFIFO,false,OpenLoop_NoFIFO
22.360078,-1,20,10006.557000,78.165000,1819.957386,1837.431019,460.000000,819,-1359.957386,OpenLoop,NoFIFO,false,OpenLoop_NoFIFO
22.370075,-1,20,9997.185000,75.350000,1865.183246,1841.593853,460.000000,819,-1405.183246,OpenLoop,NoFIFO,false,OpenLoop_NoFIFO
22.380070,-1,20,9994.798000,70.148000,1843.525180,1841.883552,460.000000,819,-1383.525180,OpenLoop,NoFIFO,false,OpenLoop_NoFIFO
22.390071,-1,20,10000.908000,71.056000,1819.910808,1838.587641,460.000000,819,-1359.910808,OpenLoop,NoFIFO,false,OpenLoop_NoFIFO
22.400070,-1,20,9998.630000,69.686000,1856.214218,1841.231627,460.000000,819,-1396.214218,OpenLoop,NoFIFO,false,OpenLoop_NoFIFO
22.410078,-1,20,10008.260000,77.946000,1845.658758,1841.895697,460.000000,819,-1385.658758,OpenLoop,NoFIFO,false,OpenLoop_NoFIFO
22.420073,-1,20,9994.816000,72.762000,1816.099476,1838.026264,460.000000,819,-1356.099476,OpenLoop,NoFIFO,false,OpenLoop_NoFIFO
22.430071,-1,20,9998.093000,70.855000,1858.187824,1841.050498,460.000000,819,-1398.187824,OpenLoop,NoFIFO,false,OpenLoop_NoFIFO
22.440070,-1,20,9999.630000,70.485000,1845.079787,1841.654891,460.000000,819,-1385.079787,OpenLoop,NoFIFO,false,OpenLoop_NoFIFO
22.450070,-1,20,9999.853000,70.338000,1824.276222,1839.048091,460.000000,819,-1364.276222,OpenLoop,NoFIFO,false,OpenLoop_NoFIFO
22.460070,-1,20,9999.982000,70.320000,1848.383281,1840.448369,460.000000,819,-1388.383281,OpenLoop,NoFIFO,false,OpenLoop_NoFIFO
22.470070,-1,20,10000.001000,70.321000,1847.400285,1841.491157,460.000000,819,-1387.400285,OpenLoop,NoFIFO,false,OpenLoop_NoFIFO
22.480091,-1,20,10020.723000,91.044000,1822.250639,1838.605079,460.000000,819,-1362.250639,OpenLoop,NoFIFO,false,OpenLoop_NoFIFO
22.490077,-1,20,9986.000000,77.044000,1843.525180,1839.343094,460.000000,819,-1383.525180,OpenLoop,NoFIFO,false,OpenLoop_NoFIFO
22.500070,-1,20,9992.835000,69.879000,1850.328947,1840.990972,460.000000,819,-1390.328947,OpenLoop,NoFIFO,false,OpenLoop_NoFIFO
22.510083,-1,20,10012.704000,82.583000,1825.142450,1838.613694,460.000000,819,-1365.142450,OpenLoop,NoFIFO,false,OpenLoop_NoFIFO
22.520076,-1,20,9993.482000,76.065000,1839.209968,1838.703135,460.000000,819,-1379.209968,OpenLoop,NoFIFO,false,OpenLoop_NoFIFO
22.530073,-1,20,9996.686000,72.751000,1850.035663,1840.403014,460.000000,819,-1390.035663,OpenLoop,NoFIFO,false,OpenLoop_NoFIFO
22.540072,-1,20,9999.056000,71.807000,1828.545071,1838.624323,460.000000,819,-1368.545071,OpenLoop,NoFIFO,false,OpenLoop_NoFIFO
22.550072,-1,20,9999.890000,71.697000,1830.021167,1837.333849,460.000000,819,-1370.021167,OpenLoop,NoFIFO,false,OpenLoop_NoFIFO
22.560072,-1,20,9999.908000,71.605000,1858.922830,1840.572196,460.000000,819,-1398.922830,OpenLoop,NoFIFO,false,OpenLoop_NoFIFO
22.570071,-1,20,9999.445000,71.050000,1829.160790,1838.860485,460.000000,819,-1369.160790,OpenLoop,NoFIFO,false,OpenLoop_NoFIFO
22.580072,-1,20,10000.816000,71.866000,1824.697528,1836.736042,460.000000,819,-1364.697528,OpenLoop,NoFIFO,false,OpenLoop_NoFIFO
22.590079,-1,20,10007.223000,79.089000,1857.100239,1839.790671,460.000000,819,-1397.100239,OpenLoop,NoFIFO,false,OpenLoop_NoFIFO
22.600074,-1,20,9994.519000,73.608000,1831.838865,1838.597900,460.000000,819,-1371.838865,OpenLoop,NoFIFO,false,OpenLoop_NoFIFO
22.610072,-1,20,9998.279000,71.887000,1819.957386,1835.801823,460.000000,819,-1359.957386,OpenLoop,NoFIFO,false,OpenLoop_NoFIFO
22.620072,-1,20,10000.186000,72.073000,1860.119048,1839.449407,460.000000,819,-1400.119048,OpenLoop,NoFIFO,false,OpenLoop_NoFIFO
22.630071,-1,20,9999.389000,71.462000,1837.801134,1839.202166,460.000000,819,-1377.801134,OpenLoop,NoFIFO,false,OpenLoop_NoFIFO
22.640072,-1,20,10000.760000,72.222000,1811.474325,1835.042990,460.000000,819,-1351.474325,OpenLoop,NoFIFO,false,OpenLoop_NoFIFO
22.650072,-1,20,9999.631000,71.853000,1861.543062,1839.018001,460.000000,819,-1401.543062,OpenLoop,NoFIFO,false,OpenLoop_NoFIFO
22.660075,-1,20,10002.926000,74.779000,1835.835509,1838.540627,460.000000,819,-1375.835509,OpenLoop,NoFIFO,false,OpenLoop_NoFIFO
22.670077,-1,20,10002.279000,77.058000,1814.949809,1835.002004,460.000000,819,-1354.949809,OpenLoop,NoFIFO,false,OpenLoop_NoFIFO
22.680072,-1,20,9995.204000,72.262000,1860.313316,1838.798701,460.000000,819,-1400.313316,OpenLoop,NoFIFO,false,OpenLoop_NoFIFO
22.690072,-1,20,9999.593000,71.855000,1844.409789,1839.640364,460.000000,819,-1384.409789,OpenLoop,NoFIFO,false,OpenLoop_NoFIFO
22.700072,-1,20,10000.316000,72.171000,1819.910808,1836.680931,460.000000,819,-1359.910808,OpenLoop,NoFIFO,false,OpenLoop_NoFIFO
22.710072,-1,20,9999.464000,71.635000,1849.156369,1838.552246,460.000000,819,-1389.156369,OpenLoop,NoFIFO,false,OpenLoop_NoFIFO
22.720072,-1,20,10000.704000,72.339000,1851.303318,1840.464907,460.000000,819,-1391.303318,OpenLoop,NoFIFO,false,OpenLoop_NoFIFO
22.730071,-1,20,9998.649000,70.988000,1818.426724,1837.159180,460.000000,819,-1358.426724,OpenLoop,NoFIFO,false,OpenLoop_NoFIFO
22.740071,-1,20,10000.371000,71.359000,1848.383281,1838.842795,460.000000,819,-1388.383281,OpenLoop,NoFIFO,false,OpenLoop_NoFIFO
22.750072,-1,20,10000.316000,71.675000,1853.561220,1841.050559,460.000000,819,-1393.561220,OpenLoop,NoFIFO,false,OpenLoop_NoFIFO
22.760072,-1,20,9999.945000,71.620000,1827.924679,1839.081677,460.000000,819,-1367.924679,OpenLoop,NoFIFO,false,OpenLoop_NoFIFO
22.770072,-1,20,9999.908000,71.528000,1837.801134,1838.889595,460.000000,819,-1377.801134,OpenLoop,NoFIFO,false,OpenLoop_NoFIFO
22.780072,-1,20,10000.149000,71.677000,1859.919571,1842.044092,460.000000,819,-1399.919571,OpenLoop,NoFIFO,false,OpenLoop_NoFIFO
22.790073,-1,20,10000.834000,72.511000,1829.160790,1840.111596,460.000000,819,-1369.160790,OpenLoop,NoFIFO,false,OpenLoop_NoFIFO
22.800070,-1,20,9997.704000,70.215000,1829.879679,1838.576809,460.000000,819,-1369.879679,OpenLoop,NoFIFO,false,OpenLoop_NoFIFO
22.810070,-1,20,9999.538000,69.753000,1867.092315,1842.854135,460.000000,819,-1407.092315,OpenLoop,NoFIFO,false,OpenLoop_NoFIFO
22.820071,-1,20,10000.983000,70.736000,1832.820032,1841.349019,460.000000,819,-1372.820032,OpenLoop,NoFIFO,false,OpenLoop_NoFIFO
22.830074,-1,20,10002.815000,73.551000,1826.584507,1839.134342,460.000000,819,-1366.584507,OpenLoop,NoFIFO,false,OpenLoop_NoFIFO
22.840073,-1,20,9999.575000,73.126000,1863.917249,1842.851778,460.000000,819,-1403.917249,OpenLoop,NoFIFO,false,OpenLoop_NoFIFO
22.850083,-1,20,10009.575000,82.701000,1839.093881,1842.288094,460.000000,819,-1379.093881,OpenLoop,NoFIFO,false,OpenLoop_NoFIFO
22.860079,-1,20,9996.463000,79.164000,1813.394277,1837.954021,460.000000,819,-1353.394277,OpenLoop,NoFIFO,false,OpenLoop_NoFIFO
22.870076,-1,20,9996.927000,76.091000,1867.884250,1842.443556,460.000000,819,-1407.884250,OpenLoop,NoFIFO,false,OpenLoop_NoFIFO
22.880079,-1,20,10002.742000,78.833000,1841.605553,1842.317855,460.000000,819,-1381.605553,OpenLoop,NoFIFO,false,OpenLoop_NoFIFO
22.890078,-1,20,9999.075000,77.908000,1817.556247,1838.603614,460.000000,819,-1357.556247,OpenLoop,NoFIFO,false,OpenLoop_NoFIFO
22.900073,-1,20,9994.723000,72.631000,1864.207221,1842.444155,460.000000,819,-1404.207221,OpenLoop,NoFIFO,false,OpenLoop_NoFIFO
22.910078,-1,20,10005.334000,77.965000,1844.409789,1842.739000,460.000000,819,-1384.409789,OpenLoop,NoFIFO,false,OpenLoop_NoFIFO
22.920076,-1,20,9998.093000,76.058000,1816.281847,1838.770427,460.000000,819,-1356.281847,OpenLoop,NoFIFO,false,OpenLoop_NoFIFO
22.930072,-1,20,9995.853000,71.911000,1853.813559,1841.026897,460.000000,819,-1393.813559,OpenLoop,NoFIFO,false,OpenLoop_NoFIFO
22.940081,-1,20,10008.926000,80.837000,1852.964744,1842.817574,460.000000,819,-1392.964744,OpenLoop,NoFIFO,false,OpenLoop_NoFIFO
22.950077,-1,20,9996.242000,77.079000,1818.049065,1839.102298,460.000000,819,-1358.049065,OpenLoop,NoFIFO,false,OpenLoop_NoFIFO
22.960072,-1,20,9995.371000,72.450000,1850.987193,1840.885032,460.000000,819,-1390.987193,OpenLoop,NoFIFO,false,OpenLoop_NoFIFO
22.970073,-1,20,10000.519000,72.969000,1848.277910,1841.993964,460.000000,819,-1388.277910,OpenLoop,NoFIFO,false,OpenLoop_NoFIFO
22.980073,-1,20,9999.538000,72.507000,1823.055408,1839.153180,460.000000,819,-1363.055408,OpenLoop,NoFIFO,false,OpenLoop_NoFIFO
22.990074,-1,20,10001.112000,73.619000,1838.235294,1839.015497,460.000000,819,-1378.235294,OpenLoop,NoFIFO,false,OpenLoop_NoFIFO
23.000073,-1,20,9998.964000,72.583000,1854.946524,1841.405151,460.000000,819,-1394.946524,OpenLoop,NoFIFO,false,OpenLoop_NoFIFO
23.010069,-1,20,9996.056000,68.639000,1827.746077,1839.356290,460.000000,819,-1367.746077,OpenLoop,NoFIFO,false,OpenLoop_NoFIFO
23.020073,-1,20,10004.649000,73.288000,1830.474934,1838.024087,460.000000,819,-1370.474934,OpenLoop,NoFIFO,false,OpenLoop_NoFIFO
23.030072,-1,20,9998.890000,72.178000,1856.214218,1840.752606,460.000000,819,-1396.214218,OpenLoop,NoFIFO,false,OpenLoop_NoFIFO
23.040093,-1,20,10020.519000,92.697000,1828.545071,1838.921476,460.000000,819,-1368.545071,OpenLoop,NoFIFO,false,OpenLoop_NoFIFO
23.050086,-1,20,9993.056000,85.753000,1829.160790,1837.457373,460.000000,819,-1369.160790,OpenLoop,NoFIFO,false,OpenLoop_NoFIFO
23.060077,-1,20,9991.501000,77.254000,1858.152748,1840.561679,460.000000,819,-1398.152748,OpenLoop,NoFIFO,false,OpenLoop_NoFIFO
23.070073,-1,20,9995.575000,72.829000,1838.669660,1840.277877,460.000000,819,-1378.669660,OpenLoop,NoFIFO,false,OpenLoop_NoFIFO
23.080072,-1,20,9999.612000,72.441000,1818.956476,1837.079666,460.000000,819,-1358.956476,OpenLoop,NoFIFO,false,OpenLoop_NoFIFO
23.090085,-1,20,10012.297000,84.738000,1863.326149,1841.016639,460.000000,819,-1403.326149,OpenLoop,NoFIFO,false,OpenLoop_NoFIFO
23.100077,-1,20,9991.926000,76.664000,1839.678179,1840.815870,460.000000,819,-1379.678179,OpenLoop,NoFIFO,false,OpenLoop_NoFIFO
23.110072,-1,20,9995.557000,72.221000,1819.298035,1837.588195,460.000000,819,-1359.298035,OpenLoop,NoFIFO,false,OpenLoop_NoFIFO
23.120088,-1,20,10015.871000,88.092000,1865.433673,1841.765017,460.000000,819,-1405.433673,OpenLoop,NoFIFO,false,OpenLoop_NoFIFO
23.130080,-1,20,9992.112000,80.204000,1844.409789,1842.161732,460.000000,819,-1384.409789,OpenLoop,NoFIFO,false,OpenLoop_NoFIFO
23.140086,-1,20,10005.982000,86.186000,1820.866142,1838.967394,460.000000,819,-1360.866142,OpenLoop,NoFIFO,false,OpenLoop_NoFIFO
23.150077,-1,20,9990.630000,76.816000,1857.987106,1841.820351,460.000000,819,-1397.987106,OpenLoop,NoFIFO,false,OpenLoop_NoFIFO
23.160072,-1,20,9995.205000,72.021000,1847.411981,1842.659095,460.000000,819,-1387.411981,OpenLoop,NoFIFO,false,OpenLoop_NoFIFO
23.170072,-1,20,10000.464000,72.485000,1817.375887,1838.866614,460.000000,819,-1357.375887,OpenLoop,NoFIFO,false,OpenLoop_NoFIFO
23.180088,-1,20,10015.408000,87.893000,1862.089513,1842.350049,460.000000,819,-1402.089513,OpenLoop,NoFIFO,false,OpenLoop_NoFIFO
23.190092,-1,20,10004.112000,92.005000,1845.658758,1842.846355,460.000000,819,-1385.658758,OpenLoop,NoFIFO,false,OpenLoop_NoFIFO
23.200071,-1,20,9979.297000,71.302000,1825.727358,1840.278506,460.000000,819,-1365.727358,OpenLoop,NoFIFO,false,OpenLoop_NoFIFO
23.210073,-1,20,10002.075000,73.377000,1850.000000,1841.736730,460.000000,819,-1390.000000,OpenLoop,NoFIFO,false,OpenLoop_NoFIFO
23.220068,-1,20,9994.889000,68.266000,1847.068717,1842.536528,460.000000,819,-1387.068717,OpenLoop,NoFIFO,false,OpenLoop_NoFIFO
23.230080,-1,20,10011.297000,79.563000,1823.738170,1839.716774,460.000000,819,-1363.738170,OpenLoop,NoFIFO,false,OpenLoop_NoFIFO
23.240073,-1,20,9993.742000,73.305000,1841.758505,1840.023034,460.000000,819,-1381.758505,OpenLoop,NoFIFO,false,OpenLoop_NoFIFO
23.250069,-1,20,9996.167000,69.472000,1850.987193,1841.667658,460.000000,819,-1390.987193,OpenLoop,NoFIFO,false,OpenLoop_NoFIFO
23.260073,-1,20,10003.427000,72.899000,1825.142450,1839.188877,460.000000,819,-1365.142450,OpenLoop,NoFIFO,false,OpenLoop_NoFIFO
23.270071,-1,20,9998.019000,70.918000,1838.680387,1839.112603,460.000000,819,-1378.680387,OpenLoop,NoFIFO,false,OpenLoop_NoFIFO
23.280070,-1,20,9999.094000,70.012000,1849.013859,1840.597792,460.000000,819,-1389.013859,OpenLoop,NoFIFO,false,OpenLoop_NoFIFO
23.290069,-1,20,9998.723000,68.735000,1828.937861,1838.848802,460.000000,819,-1368.937861,OpenLoop,NoFIFO,false,OpenLoop_NoFIFO
23.300069,-1,20,10000.741000,69.476000,1829.819277,1837.494373,460.000000,819,-1369.819277,OpenLoop,NoFIFO,false,OpenLoop_NoFIFO
23.310070,-1,20,10000.094000,69.570000,1857.927156,1840.559291,460.000000,819,-1397.927156,OpenLoop,NoFIFO,false,OpenLoop_NoFIFO
23.320069,-1,20,9999.093000,68.663000,1828.937861,1838.816076,460.000000,819,-1368.937861,OpenLoop,NoFIFO,false,OpenLoop_NoFIFO
23.330069,-1,20,10000.575000,69.238000,1821.114955,1836.160908,460.000000,819,-1361.114955,OpenLoop,NoFIFO,false,OpenLoop_NoFIFO
23.340071,-1,20,10001.667000,70.905000,1861.543062,1839.968231,460.000000,819,-1401.543062,OpenLoop,NoFIFO,false,OpenLoop_NoFIFO
23.350079,-1,20,10008.316000,79.221000,1829.149324,1838.345395,460.000000,819,-1369.149324,OpenLoop,NoFIFO,false,OpenLoop_NoFIFO
23.360074,-1,20,9995.204000,74.425000,1820.170182,1835.619113,460.000000,819,-1360.170182,OpenLoop,NoFIFO,false,OpenLoop_NoFIFO
23.370076,-1,20,10001.260000,75.685000,1859.135378,1839.146553,460.000000,819,-1399.135378,OpenLoop,NoFIFO,false,OpenLoop_NoFIFO
23.380074,-1,20,9997.964000,73.649000,1839.995213,1839.273852,460.000000,819,-1379.995213,OpenLoop,NoFIFO,false,OpenLoop_NoFIFO
23.390083,-1,20,10009.797000,83.446000,1814.355779,1835.536141,460.000000,819,-1354.355779,OpenLoop,NoFIFO,false,OpenLoop_NoFIFO
23.400076,-1,20,9992.149000,75.595000,1859.943316,1839.197217,460.000000,819,-1399.943316,OpenLoop,NoFIFO,false,OpenLoop_NoFIFO
23.410079,-1,20,10003.593000,79.188000,1839.209968,1839.199130,460.000000,819,-1379.209968,OpenLoop,NoFIFO,false,OpenLoop_NoFIFO
23.420078,-1,20,9998.890000,78.078000,1815.658951,1835.668103,460.000000,819,-1355.658951,OpenLoop,NoFIFO,false,OpenLoop_NoFIFO
23.430077,-1,20,9998.575000,76.653000,1857.987106,1839.015954,460.000000,819,-1397.987106,OpenLoop,NoFIFO,false,OpenLoop_NoFIFO
23.440075,-1,20,9997.908000,74.561000,1845.472441,1839.984427,460.000000,819,-1385.472441,OpenLoop,NoFIFO,false,OpenLoop_NoFIFO
23.450072,-1,20,9997.167000,71.728000,1817.556247,1836.620200,460.000000,819,-1357.556247,OpenLoop,NoFIFO,false,OpenLoop_NoFIFO
23.460072,-1,20,10000.538000,72.266000,1854.232595,1839.262059,460.000000,819,-1394.232595,OpenLoop,NoFIFO,false,OpenLoop_NoFIFO
23.470071,-1,20,9998.945000,71.211000,1849.156369,1840.746205,460.000000,819,-1389.156369,OpenLoop,NoFIFO,false,OpenLoop_NoFIFO
23.480072,-1,20,10000.927000,72.138000,1818.003145,1837.334746,460.000000,819,-1358.003145,OpenLoop,NoFIFO,false,OpenLoop_NoFIFO
23.490071,-1,20,9998.908000,71.046000,1851.796763,1839.504049,460.000000,819,-1391.796763,OpenLoop,NoFIFO,false,OpenLoop_NoFIFO
23.500072,-1,20,10000.631000,71.677000,1852.278714,1841.420249,460.000000,819,-1392.278714,OpenLoop,NoFIFO,false,OpenLoop_NoFIFO
23.510071,-1,20,9999.260000,70.937000,1829.485959,1839.630105,460.000000,819,-1369.485959,OpenLoop,NoFIFO,false,OpenLoop_NoFIFO
23.520073,-1,20,10001.741000,72.678000,1837.741676,1839.346841,460.000000,819,-1377.741676,OpenLoop,NoFIFO,false,OpenLoop_NoFIFO
23.530070,-1,20,9997.760000,70.438000,1859.943316,1842.436312,460.000000,819,-1399.943316,OpenLoop,NoFIFO,false,OpenLoop_NoFIFO
23.540079,-1,20,10008.538000,78.976000,1828.545071,1840.352626,460.000000,819,-1368.545071,OpenLoop,NoFIFO,false,OpenLoop_NoFIFO
23.550074,-1,20,9995.019000,73.995000,1832.975680,1839.246084,460.000000,819,-1372.975680,OpenLoop,NoFIFO,false,OpenLoop_NoFIFO
23.560072,-1,20,9997.575000,71.570000,1866.160293,1843.283215,460.000000,819,-1406.160293,OpenLoop,NoFIFO,false,OpenLoop_NoFIFO
23.570072,-1,20,10000.038000,71.608000,1832.975680,1841.737085,460.000000,819,-1372.975680,OpenLoop,NoFIFO,false,OpenLoop_NoFIFO
23.580071,-1,20,9999.445000,71.053000,1825.000000,1839.226522,460.000000,819,-1365.000000,OpenLoop,NoFIFO,false,OpenLoop_NoFIFO
23.590083,-1,20,10012.205000,83.258000,1864.218975,1842.975390,460.000000,819,-1404.218975,OpenLoop,NoFIFO,false,OpenLoop_NoFIFO
23.600076,-1,20,9993.204000,76.462000,1836.794671,1842.048282,460.000000,819,-1376.794671,OpenLoop,NoFIFO,false,OpenLoop_NoFIFO
23.610072,-1,20,9995.334000,71.796000,1816.686603,1838.244030,460.000000,819,-1356.686603,OpenLoop,NoFIFO,false,OpenLoop_NoFIFO
23.620072,-1,20,10000.094000,71.890000,1869.097587,1842.872064,460.000000,819,-1409.097587,OpenLoop,NoFIFO,false,OpenLoop_NoFIFO
23.630081,-1,20,10009.019000,80.909000,1839.114833,1842.308479,460.000000,819,-1379.114833,OpenLoop,NoFIFO,false,OpenLoop_NoFIFO
23.640076,-1,20,9994.853000,75.762000,1815.318302,1838.259953,460.000000,819,-1355.318302,OpenLoop,NoFIFO,false,OpenLoop_NoFIFO
23.650072,-1,20,9996.371000,72.133000,1861.543062,1841.752419,460.000000,819,-1401.543062,OpenLoop,NoFIFO,false,OpenLoop_NoFIFO
23.660080,-1,20,10008.000000,80.133000,1842.570755,1841.875169,460.000000,819,-1382.570755,OpenLoop,NoFIFO,false,OpenLoop_NoFIFO
23.670080,-1,20,10000.057000,80.190000,1815.817791,1837.966563,460.000000,819,-1355.817791,OpenLoop,NoFIFO,false,OpenLoop_NoFIFO
23.680077,-1,20,9997.075000,77.265000,1856.435644,1840.736925,460.000000,819,-1396.435644,OpenLoop,NoFIFO,false,OpenLoop_NoFIFO
23.690087,-1,20,10009.482000,86.747000,1850.915794,1842.263755,460.000000,819,-1390.915794,OpenLoop,NoFIFO,false,OpenLoop_NoFIFO
23.700077,-1,20,9990.519000,77.266000,1816.281847,1838.366469,460.000000,819,-1356.281847,OpenLoop,NoFIFO,false,OpenLoop_NoFIFO
23.710072,-1,20,9994.927000,72.193000,1849.156369,1839.984954,460.000000,819,-1389.156369,OpenLoop,NoFIFO,false,OpenLoop_NoFIFO
23.720073,-1,20,10001.038000,73.231000,1847.411981,1841.099008,460.000000,819,-1387.411981,OpenLoop,NoFIFO,false,OpenLoop_NoFIFO
23.730072,-1,20,9999.000000,72.231000,1821.916987,1838.221705,460.000000,819,-1361.916987,OpenLoop,NoFIFO,false,OpenLoop_NoFIFO
23.740072,-1,20,10000.242000,72.473000,1840.185676,1838.516301,460.000000,819,-1380.185676,OpenLoop,NoFIFO,false,OpenLoop_NoFIFO
23.750072,-1,20,9999.704000,72.177000,1853.813559,1840.810889,460.000000,819,-1393.813559,OpenLoop,NoFIFO,false,OpenLoop_NoFIFO
23.760093,-1,20,10020.742000,92.919000,1826.923077,1838.727717,460.000000,819,-1366.923077,OpenLoop,NoFIFO,false,OpenLoop_NoFIFO
23.770081,-1,20,9988.223000,81.142000,1828.198128,1837.148279,460.000000,819,-1368.198128,OpenLoop,NoFIFO,false,OpenLoop_NoFIFO
23.780073,-1,20,9992.038000,73.180000,1857.987106,1840.274103,460.000000,819,-1397.987106,OpenLoop,NoFIFO,false,OpenLoop_NoFIFO
23.790084,-1,20,10010.852000,84.032000,1827.746077,1838.394899,460.000000,819,-1367.746077,OpenLoop,NoFIFO,false,OpenLoop_NoFIFO
23.800076,-1,20,9992.298000,76.330000,1829.509494,1837.062088,460.000000,819,-1369.509494,OpenLoop,NoFIFO,false,OpenLoop_NoFIFO
23.810072,-1,20,9996.130000,72.460000,1859.065156,1840.362548,460.000000,819,-1399.065156,OpenLoop,NoFIFO,false,OpenLoop_NoFIFO
23.820073,-1,20,10000.890000,73.350000,1837.261653,1839.897414,460.000000,819,-1377.261653,OpenLoop,NoFIFO,false,OpenLoop_NoFIFO
23.830072,-1,20,9998.538000,71.888000,1823.410816,1837.424424,460.000000,819,-1363.410816,OpenLoop,NoFIFO,false,OpenLoop_NoFIFO
23.840072,-1,20,9999.926000,71.814000,1865.053050,1841.568718,460.000000,819,-1405.053050,OpenLoop,NoFIFO,false,OpenLoop_NoFIFO
23.850079,-1,20,10006.853000,78.667000,1838.669660,1841.133859,460.000000,819,-1378.669660,OpenLoop,NoFIFO,false,OpenLoop_NoFIFO
23.860074,-1,20,9995.445000,74.112000,1821.822479,1838.237152,460.000000,819,-1361.822479,OpenLoop,NoFIFO,false,OpenLoop_NoFIFO
23.870079,-1,20,10005.131000,79.243000,1865.112656,1842.268478,460.000000,819,-1405.112656,OpenLoop,NoFIFO,false,OpenLoop_NoFIFO
23.880076,-1,20,9997.204000,76.447000,1845.472441,1842.749072,460.000000,819,-1385.472441,OpenLoop,NoFIFO,false,OpenLoop_NoFIFO
23.890072,-1,20,9995.519000,71.966000,1822.546230,1839.718646,460.000000,819,-1362.546230,OpenLoop,NoFIFO,false,OpenLoop_NoFIFO
23.900073,-1,20,10000.761000,72.727000,1860.917382,1842.898456,460.000000,819,-1400.917382,OpenLoop,NoFIFO,false,OpenLoop_NoFIFO
23.910071,-1,20,9998.482000,71.209000,1845.647533,1843.310818,460.000000,819,-1385.647533,OpenLoop,NoFIFO,false,OpenLoop_NoFIFO
23.920075,-1,20,10003.575000,74.784000,1817.246415,1839.401158,460.000000,819,-1357.246415,OpenLoop,NoFIFO,false,OpenLoop_NoFIFO
23.930077,-1,20,10002.278000,77.062000,1859.943316,1842.482481,460.000000,819,-1399.943316,OpenLoop,NoFIFO,false,OpenLoop_NoFIFO
23.940074,-1,20,9997.297000,74.359000,1844.098884,1842.724942,460.000000,819,-1384.098884,OpenLoop,NoFIFO,false,OpenLoop_NoFIFO
23.950072,-1,20,9997.705000,72.064000,1826.009501,1840.217626,460.000000,819,-1366.009501,OpenLoop,NoFIFO,false,OpenLoop_NoFIFO
23.960072,-1,20,9999.982000,72.046000,1850.000000,1841.684982,460.000000,819,-1390.000000,OpenLoop,NoFIFO,false,OpenLoop_NoFIFO
23.970080,-1,20,10007.871000,79.917000,1847.400285,1842.542277,460.000000,819,-1387.400285,OpenLoop,NoFIFO,false,OpenLoop_NoFIFO
23.980075,-1,20,9995.371000,75.288000,1822.779821,1839.577909,460.000000,819,-1362.779821,OpenLoop,NoFIFO,false,OpenLoop_NoFIFO
23.990083,-1,20,10007.390000,82.678000,1843.024633,1840.094917,460.000000,819,-1383.024633,OpenLoop,NoFIFO,false,OpenLoop_NoFIFO
24.000079,-1,20,9996.353000,79.031000,1852.278714,1841.922487,460.000000,819,-1392.278714,OpenLoop,NoFIFO,false,OpenLoop_NoFIFO
24.010082,-1,20,10003.223000,82.254000,1825.142450,1839.405481,460.000000,819,-1365.142450,OpenLoop,NoFIFO,false,OpenLoop_NoFIFO
24.020070,-1,20,9988.204000,70.458000,1838.716004,1839.302060,460.000000,819,-1378.716004,OpenLoop,NoFIFO,false,OpenLoop_NoFIFO
24.030073,-1,20,10002.816000,73.274000,1849.156369,1840.780206,460.000000,819,-1389.156369,OpenLoop,NoFIFO,false,OpenLoop_NoFIFO
24.040072,-1,20,9998.927000,72.201000,1828.901657,1838.998424,460.000000,819,-1368.901657,OpenLoop,NoFIFO,false,OpenLoop_NoFIFO
24.050073,-1,20,10000.649000,72.850000,1828.301222,1837.393844,460.000000,819,-1368.301222,OpenLoop,NoFIFO,false,OpenLoop_NoFIFO
24.060072,-1,20,9999.075000,71.925000,1856.932548,1840.324649,460.000000,819,-1396.932548,OpenLoop,NoFIFO,false,OpenLoop_NoFIFO
24.070072,-1,20,9999.778000,71.703000,1828.615604,1838.568292,460.000000,819,-1368.615604,OpenLoop,NoFIFO,false,OpenLoop_NoFIFO
24.080073,-1,20,10001.279000,72.982000,1820.866142,1835.912970,460.000000,819,-1360.866142,OpenLoop,NoFIFO,false,OpenLoop_NoFIFO
24.090072,-1,20,9998.982000,71.964000,1857.987106,1839.224090,460.000000,819,-1397.987106,OpenLoop,NoFIFO,false,OpenLoop_NoFIFO
24.100071,-1,20,9999.168000,71.132000,1828.545071,1837.622237,460.000000,819,-1368.545071,OpenLoop,NoFIFO,false,OpenLoop_NoFIFO
24.110070,-1,20,9999.334000,70.466000,1817.375887,1834.585285,460.000000,819,-1357.375887,OpenLoop,NoFIFO,false,OpenLoop_NoFIFO
24.120072,-1,20,10001.149000,71.615000,1858.152748,1838.120404,460.000000,819,-1398.152748,OpenLoop,NoFIFO,false,OpenLoop_NoFIFO
24.130079,-1,20,10007.389000,79.004000,1836.478739,1837.874154,460.000000,819,-1376.478739,OpenLoop,NoFIFO,false,OpenLoop_NoFIFO
24.140075,-1,20,9996.260000,75.264000,1809.558435,1833.626797,460.000000,819,-1349.558435,OpenLoop,NoFIFO,false,OpenLoop_NoFIFO
24.150072,-1,20,9996.538000,71.802000,1858.187824,1837.310951,460.000000,819,-1398.187824,OpenLoop,NoFIFO,false,OpenLoop_NoFIFO
24.160072,-1,20,9999.964000,71.766000,1835.317460,1837.011927,460.000000,819,-1375.317460,OpenLoop,NoFIFO,false,OpenLoop_NoFIFO
24.170070,-1,20,9998.593000,70.359000,1812.350835,1833.312763,460.000000,819,-1352.350835,OpenLoop,NoFIFO,false,OpenLoop_NoFIFO
24.180077,-1,20,10006.353000,76.712000,1858.372457,1837.071717,460.000000,819,-1398.372457,OpenLoop,NoFIFO,false,OpenLoop_NoFIFO
24.190084,-1,20,10006.871000,83.583000,1841.758505,1837.774736,460.000000,819,-1381.758505,OpenLoop,NoFIFO,false,OpenLoop_NoFIFO
24.200076,-1,20,9992.168000,75.751000,1817.050812,1834.666147,460.000000,819,-1357.050812,OpenLoop,NoFIFO,false,OpenLoop_NoFIFO
24.210071,-1,20,9995.575000,71.326000,1848.277910,1836.707911,460.000000,819,-1388.277910,OpenLoop,NoFIFO,false,OpenLoop_NoFIFO
24.220072,-1,20,10000.963000,72.289000,1850.987193,1838.849804,460.000000,819,-1390.987193,OpenLoop,NoFIFO,false,OpenLoop_NoFIFO
24.230078,-1,20,10005.705000,77.994000,1817.556247,1835.655770,460.000000,819,-1357.556247,OpenLoop,NoFIFO,false,OpenLoop_NoFIFO
24.240075,-1,20,9996.964000,74.958000,1846.441702,1837.273660,460.000000,819,-1386.441702,OpenLoop,NoFIFO,false,OpenLoop_NoFIFO
24.250072,-1,20,9997.297000,72.255000,1852.678571,1839.584397,460.000000,819,-1392.678571,OpenLoop,NoFIFO,false,OpenLoop_NoFIFO
24.260076,-1,20,10004.112000,76.367000,1826.619273,1837.639628,460.000000,819,-1366.619273,OpenLoop,NoFIFO,false,OpenLoop_NoFIFO
24.270076,-1,20,9999.537000,75.904000,1837.356597,1837.597173,460.000000,819,-1377.356597,OpenLoop,NoFIFO,false,OpenLoop_NoFIFO
24.280083,-1,20,10006.686000,82.590000,1857.403545,1840.568129,460.000000,819,-1397.403545,OpenLoop,NoFIFO,false,OpenLoop_NoFIFO
24.290076,-1,20,9993.816000,76.406000,1828.615604,1838.775250,460.000000,819,-1368.615604,OpenLoop,NoFIFO,false,OpenLoop_NoFIFO
24.300073,-1,20,9996.297000,72.703000,1826.619273,1836.951854,460.000000,819,-1366.619273,OpenLoop,NoFIFO,false,OpenLoop_NoFIFO
24.310103,-1,20,10029.890000,102.593000,1866.007194,1841.310155,460.000000,819,-1406.007194,OpenLoop,NoFIFO,false,OpenLoop_NoFIFO
24.320085,-1,20,9981.945000,84.538000,1829.039520,1839.469560,460.000000,819,-1369.039520,OpenLoop,NoFIFO,false,OpenLoop_NoFIFO
24.330083,-1,20,9998.575000,83.113000,1821.822479,1836.822498,460.000000,819,-1361.822479,OpenLoop,NoFIFO,false,OpenLoop_NoFIFO
24.340077,-1,20,9993.501000,76.614000,1863.599158,1840.838997,460.000000,819,-1403.599158,OpenLoop,NoFIFO,false,OpenLoop_NoFIFO
24.350073,-1,20,9996.778000,73.392000,1836.755233,1840.226432,460.000000,819,-1376.755233,OpenLoop,NoFIFO,false,OpenLoop_NoFIFO
24.360076,-1,20,10003.075000,76.467000,1815.658951,1836.541310,460.000000,819,-1355.658951,OpenLoop,NoFIFO,false,OpenLoop_NoFIFO
24.370077,-1,20,10000.131000,76.598000,1868.026036,1841.264019,460.000000,819,-1408.026036,OpenLoop,NoFIFO,false,OpenLoop_NoFIFO
24.380072,-1,20,9995.723000,72.321000,1841.758505,1841.338192,460.000000,819,-1381.758505,OpenLoop,NoFIFO,false,OpenLoop_NoFIFO
24.390087,-1,20,10015.093000,87.414000,1814.668175,1837.337689,460.000000,819,-1354.668175,OpenLoop,NoFIFO,false,OpenLoop_NoFIFO
24.400077,-1,20,9989.594000,77.008000,1863.326149,1841.235958,460.000000,819,-1403.326149,OpenLoop,NoFIFO,false,OpenLoop_NoFIFO
24.410082,-1,20,10005.185000,82.193000,1843.536969,1841.581110,460.000000,819,-1383.536969,OpenLoop,NoFIFO,false,OpenLoop_NoFIFO
24.420076,-1,20,9994.224000,76.417000,1816.517013,1837.821495,460.000000,819,-1356.517013,OpenLoop,NoFIFO,false,OpenLoop_NoFIFO
24.430072,-1,20,9995.871000,72.288000,1858.922830,1840.986696,460.000000,819,-1398.922830,OpenLoop,NoFIFO,false,OpenLoop_NoFIFO
24.440072,-1,20,9999.501000,71.789000,1850.328947,1842.388033,460.000000,819,-1390.328947,OpenLoop,NoFIFO,false,OpenLoop_NoFIFO
24.450071,-1,20,9999.445000,71.234000,1816.281847,1838.472105,460.000000,819,-1356.281847,OpenLoop,NoFIFO,false,OpenLoop_NoFIFO
24.460072,-1,20,10000.352000,71.586000,1852.678571,1840.603075,460.000000,819,-1392.678571,OpenLoop,NoFIFO,false,OpenLoop_NoFIFO
24.470071,-1,20,9999.705000,71.291000,1850.000000,1842.012614,460.000000,819,-1390.000000,OpenLoop,NoFIFO,false,OpenLoop_NoFIFO
24.480071,-1,20,10000.019000,71.310000,1823.410816,1839.222344,460.000000,819,-1363.410816,OpenLoop,NoFIFO,false,OpenLoop_NoFIFO
24.490071,-1,20,9999.890000,71.200000,1845.472441,1840.159859,460.000000,819,-1385.472441,OpenLoop,NoFIFO,false,OpenLoop_NoFIFO
24.500071,-1,20,9999.445000,70.645000,1855.329041,1842.435236,460.000000,819,-1395.329041,OpenLoop,NoFIFO,false,OpenLoop_NoFIFO
24.510075,-1,20,10004.168000,74.813000,1828.545071,1840.351711,460.000000,819,-1368.545071,OpenLoop,NoFIFO,false,OpenLoop_NoFIFO
24.520092,-1,20,10016.926000,91.739000,1835.601719,1839.639213,460.000000,819,-1375.601719,OpenLoop,NoFIFO,false,OpenLoop_NoFIFO
24.530077,-1,20,9985.297000,77.036000,1861.285266,1842.886121,460.000000,819,-1401.285266,OpenLoop,NoFIFO,false,OpenLoop_NoFIFO
24.540072,-1,20,9994.816000,71.852000,1829.160790,1840.827321,460.000000,819,-1369.160790,OpenLoop,NoFIFO,false,OpenLoop_NoFIFO
24.550072,-1,20,10000.186000,72.038000,1834.346906,1839.855259,460.000000,819,-1374.346906,OpenLoop,NoFIFO,false,OpenLoop_NoFIFO
24.560072,-1,20,9999.686000,71.724000,1861.543062,1843.108429,460.000000,819,-1401.543062,OpenLoop,NoFIFO,false,OpenLoop_NoFIFO
24.570073,-1,20,10001.019000,72.743000,1841.162420,1842.816528,460.000000,819,-1381.162420,OpenLoop,NoFIFO,false,OpenLoop_NoFIFO
24.580070,-1,20,9997.649000,70.392000,1825.142450,1840.165416,460.000000,819,-1365.142450,OpenLoop,NoFIFO,false,OpenLoop_NoFIFO
24.590083,-1,20,10013.020000,83.412000,1868.117462,1844.358223,460.000000,819,-1408.117462,OpenLoop,NoFIFO,false,OpenLoop_NoFIFO
24.600077,-1,20,9993.112000,76.524000,1840.876437,1843.835955,460.000000,819,-1380.876437,OpenLoop,NoFIFO,false,OpenLoop_NoFIFO
24.610073,-1,20,9996.908000,73.432000,1823.738170,1840.821287,460.000000,819,-1363.738170,OpenLoop,NoFIFO,false,OpenLoop_NoFIFO
24.620071,-1,20,9997.575000,71.007000,1866.998578,1844.747881,460.000000,819,-1406.998578,OpenLoop,NoFIFO,false,OpenLoop_NoFIFO
24.630080,-1,20,10008.704000,79.711000,1846.061735,1844.944959,460.000000,819,-1386.061735,OpenLoop,NoFIFO,false,OpenLoop_NoFIFO
24.640106,-1,20,10025.797000,105.508000,1824.276222,1841.844649,460.000000,819,-1364.276222,OpenLoop,NoFIFO,false,OpenLoop_NoFIFO
24.650073,-1,20,9967.168000,72.676000,1861.103759,1844.733515,460.000000,819,-1401.103759,OpenLoop,NoFIFO,false,OpenLoop_NoFIFO
24.660072,-1,20,9999.612000,72.288000,1847.956731,1845.216997,460.000000,819,-1387.956731,OpenLoop,NoFIFO,false,OpenLoop_NoFIFO
24.670072,-1,20,10000.204000,72.492000,1818.212009,1841.166249,460.000000,819,-1358.212009,OpenLoop,NoFIFO,false,OpenLoop_NoFIFO
24.680097,-1,20,10024.168000,96.660000,1860.458485,1844.060085,460.000000,819,-1400.458485,OpenLoop,NoFIFO,false,OpenLoop_NoFIFO
24.690080,-1,20,9983.797000,80.457000,1843.536969,1843.981617,460.000000,819,-1383.536969,OpenLoop,NoFIFO,false,OpenLoop_NoFIFO
24.700080,-1,20,9999.278000,79.735000,1826.619273,1841.377266,460.000000,819,-1366.619273,OpenLoop,NoFIFO,false,OpenLoop_NoFIFO
24.710075,-1,20,9995.297000,75.032000,1848.277910,1842.412362,460.000000,819,-1388.277910,OpenLoop,NoFIFO,false,OpenLoop_NoFIFO
24.720073,-1,20,9997.946000,72.978000,1847.411981,1843.162305,460.000000,819,-1387.411981,OpenLoop,NoFIFO,false,OpenLoop_NoFIFO
24.730074,-1,20,10000.649000,73.627000,1826.009501,1840.589384,460.000000,819,-1366.009501,OpenLoop,NoFIFO,false,OpenLoop_NoFIFO
24.740072,-1,20,9998.612000,72.239000,1843.119022,1840.968830,460.000000,819,-1383.119022,OpenLoop,NoFIFO,false,OpenLoop_NoFIFO
24.750078,-1,20,10005.463000,77.702000,1853.561220,1842.857689,460.000000,819,-1393.561220,OpenLoop,NoFIFO,false,OpenLoop_NoFIFO
24.760068,-1,20,9990.612000,68.314000,1826.298701,1840.373840,460.000000,819,-1366.298701,OpenLoop,NoFIFO,false,OpenLoop_NoFIFO
24.770067,-1,20,9999.112000,67.426000,1841.162420,1840.492127,460.000000,819,-1381.162420,OpenLoop,NoFIFO,false,OpenLoop_NoFIFO
24.780069,-1,20,10001.575000,69.001000,1850.625903,1842.012194,460.000000,819,-1390.625903,OpenLoop,NoFIFO,false,OpenLoop_NoFIFO
24.790070,-1,20,10001.205000,70.206000,1830.858748,1840.339177,460.000000,819,-1370.858748,OpenLoop,NoFIFO,false,OpenLoop_NoFIFO
24.800077,-1,20,10006.723000,76.929000,1828.057294,1838.496894,460.000000,819,-1368.057294,OpenLoop,NoFIFO,false,OpenLoop_NoFIFO
24.810073,-1,20,9995.630000,72.559000,1858.679884,1841.524343,460.000000,819,-1398.679884,OpenLoop,NoFIFO,false,OpenLoop_NoFIFO
24.820070,-1,20,9997.483000,70.042000,1832.408875,1840.157023,460.000000,819,-1372.408875,OpenLoop,NoFIFO,false,OpenLoop_NoFIFO
24.830069,-1,20,9998.760000,68.802000,1823.043267,1837.589959,460.000000,819,-1363.043267,OpenLoop,NoFIFO,false,OpenLoop_NoFIFO
24.840069,-1,20,10000.352000,69.154000,1863.076312,1841.412912,460.000000,819,-1403.076312,OpenLoop,NoFIFO,false,OpenLoop_NoFIFO
24.850073,-1,20,10004.001000,73.155000,1830.357143,1839.754547,460.000000,819,-1370.357143,OpenLoop,NoFIFO,false,OpenLoop_NoFIFO
24.860079,-1,20,10005.353000,78.508000,1821.043165,1836.947840,460.000000,819,-1361.043165,OpenLoop,NoFIFO,false,OpenLoop_NoFIFO
24.870074,-1,20,9995.982000,74.490000,1862.089513,1840.719091,460.000000,819,-1402.089513,OpenLoop,NoFIFO,false,OpenLoop_NoFIFO
24.880072,-1,20,9997.390000,71.880000,1838.235294,1840.346521,460.000000,819,-1378.235294,OpenLoop,NoFIFO,false,OpenLoop_NoFIFO
24.890078,-1,20,10005.649000,77.529000,1813.251438,1836.282259,460.000000,819,-1353.251438,OpenLoop,NoFIFO,false,OpenLoop_NoFIFO
24.900073,-1,20,9995.167000,72.696000,1863.326149,1840.338842,460.000000,819,-1403.326149,OpenLoop,NoFIFO,false,OpenLoop_NoFIFO
24.910073,-1,20,10000.057000,72.753000,1835.835509,1839.663342,460.000000,819,-1375.835509,OpenLoop,NoFIFO,false,OpenLoop_NoFIFO
24.920071,-1,20,9998.686000,71.439000,1816.686603,1836.216831,460.000000,819,-1356.686603,OpenLoop,NoFIFO,false,OpenLoop_NoFIFO
24.930071,-1,20,9999.686000,71.125000,1861.285266,1839.977097,460.000000,819,-1401.285266,OpenLoop,NoFIFO,false,OpenLoop_NoFIFO
24.940081,-1,20,10009.704000,80.829000,1846.181556,1840.907766,460.000000,819,-1386.181556,OpenLoop,NoFIFO,false,OpenLoop_NoFIFO
24.950076,-1,20,9995.242000,76.071000,1818.956476,1837.615072,460.000000,819,-1358.956476,OpenLoop,NoFIFO,false,OpenLoop_NoFIFO
24.960087,-1,20,10010.927000,86.998000,1850.328947,1839.522153,460.000000,819,-1390.328947,OpenLoop,NoFIFO,false,OpenLoop_NoFIFO
24.970077,-1,20,9990.056000,77.054000,1852.069614,1841.404273,460.000000,819,-1392.069614,OpenLoop,NoFIFO,false,OpenLoop_NoFIFO
24.980074,-1,20,9996.520000,73.574000,1818.212009,1837.925433,460.000000,819,-1358.212009,OpenLoop,NoFIFO,false,OpenLoop_NoFIFO
24.990073,-1,20,9999.352000,72.926000,1851.796763,1840.006133,460.000000,819,-1391.796763,OpenLoop,NoFIFO,false,OpenLoop_NoFIFO
25.000072,-1,20,9998.686000,71.612000,1853.255140,1841.993484,460.000000,819,-1393.255140,OpenLoop,NoFIFO,false,OpenLoop_NoFIFO
25.010072,-1,20,10000.575000,72.187000,1830.021167,1840.197636,460.000000,819,-1370.021167,OpenLoop,NoFIFO,false,OpenLoop_NoFIFO
25.020072,-1,20,9999.686000,71.873000,1837.741676,1839.829242,460.000000,819,-1377.741676,OpenLoop,NoFIFO,false,OpenLoop_NoFIFO
25.030087,-1,20,10014.779000,86.652000,1859.740590,1842.815944,460.000000,819,-1399.740590,OpenLoop,NoFIFO,false,OpenLoop_NoFIFO
25.040078,-1,20,9991.001000,77.653000,1828.937861,1840.734232,460.000000,819,-1368.937861,OpenLoop,NoFIFO,false,OpenLoop_NoFIFO
25.050073,-1,20,9995.593000,73.246000,1833.470782,1839.644714,460.000000,819,-1373.470782,OpenLoop,NoFIFO,false,OpenLoop_NoFIFO
25.060070,-1,20,9996.279000,69.525000,1864.064157,1843.307631,460.000000,819,-1404.064157,OpenLoop,NoFIFO,false,OpenLoop_NoFIFO
25.070074,-1,20,10004.186000,73.711000,1832.975680,1841.757838,460.000000,819,-1372.975680,OpenLoop,NoFIFO,false,OpenLoop_NoFIFO
25.080072,-1,20,9998.260000,71.971000,1824.697528,1839.198791,460.000000,819,-1364.697528,OpenLoop,NoFIFO,false,OpenLoop_NoFIFO
25.090077,-1,20,10005.056000,77.027000,1863.464269,1842.838613,460.000000,819,-1403.464269,OpenLoop,NoFIFO,false,OpenLoop_NoFIFO
25.100075,-1,20,9998.020000,75.047000,1837.261653,1842.002069,460.000000,819,-1377.261653,OpenLoop,NoFIFO,false,OpenLoop_NoFIFO
25.110072,-1,20,9996.612000,71.659000,1816.517013,1838.179311,460.000000,819,-1356.517013,OpenLoop,NoFIFO,false,OpenLoop_NoFIFO
25.120072,-1,20,10000.037000,71.696000,1870.013298,1842.954409,460.000000,819,-1410.013298,OpenLoop,NoFIFO,false,OpenLoop_NoFIFO
25.130071,-1,20,9999.279000,70.975000,1838.669660,1842.311696,460.000000,819,-1378.669660,OpenLoop,NoFIFO,false,OpenLoop_NoFIFO
25.140078,-1,20,10006.556000,77.531000,1817.246415,1838.551904,460.000000,819,-1357.246415,OpenLoop,NoFIFO,false,OpenLoop_NoFIFO
25.150076,-1,20,9998.186000,75.717000,1859.943316,1841.760616,460.000000,819,-1399.943316,OpenLoop,NoFIFO,false,OpenLoop_NoFIFO
25.160074,-1,20,9997.798000,73.515000,1845.079787,1842.258492,460.000000,819,-1385.079787,OpenLoop,NoFIFO,false,OpenLoop_NoFIFO
25.170072,-1,20,9998.056000,71.571000,1814.949809,1838.162189,460.000000,819,-1354.949809,OpenLoop,NoFIFO,false,OpenLoop_NoFIFO
25.180072,-1,20,10000.019000,71.590000,1860.119048,1841.455718,460.000000,819,-1400.119048,OpenLoop,NoFIFO,false,OpenLoop_NoFIFO
25.190081,-1,20,10009.501000,81.091000,1850.915794,1842.874729,460.000000,819,-1390.915794,OpenLoop,NoFIFO,false,OpenLoop_NoFIFO
25.200077,-1,20,9995.464000,76.555000,1817.050812,1839.001142,460.000000,819,-1357.050812,OpenLoop,NoFIFO,false,OpenLoop_NoFIFO
25.210072,-1,20,9995.871000,72.426000,1851.796763,1840.920485,460.000000,819,-1391.796763,OpenLoop,NoFIFO,false,OpenLoop_NoFIFO
25.220073,-1,20,10000.094000,72.520000,1847.044728,1841.839122,460.000000,819,-1387.044728,OpenLoop,NoFIFO,false,OpenLoop_NoFIFO
25.230073,-1,20,10000.389000,72.909000,1823.667147,1839.113325,460.000000,819,-1363.667147,OpenLoop,NoFIFO,false,OpenLoop_NoFIFO
25.240072,-1,20,9999.409000,72.318000,1842.570755,1839.631940,460.000000,819,-1382.570755,OpenLoop,NoFIFO,false,OpenLoop_NoFIFO
25.250072,-1,20,9999.223000,71.541000,1854.686764,1841.890163,460.000000,819,-1394.686764,OpenLoop,NoFIFO,false,OpenLoop_NoFIFO
25.260072,-1,20,10000.927000,72.468000,1826.948745,1839.648951,460.000000,819,-1366.948745,OpenLoop,NoFIFO,false,OpenLoop_NoFIFO
25.270071,-1,20,9998.426000,70.894000,1833.470782,1838.722225,460.000000,819,-1373.470782,OpenLoop,NoFIFO,false,OpenLoop_NoFIFO
25.280072,-1,20,10000.853000,71.747000,1856.190602,1841.342482,460.000000,819,-1396.190602,OpenLoop,NoFIFO,false,OpenLoop_NoFIFO
25.290071,-1,20,9999.464000,71.211000,1827.177575,1839.217746,460.000000,819,-1367.177575,OpenLoop,NoFIFO,false,OpenLoop_NoFIFO
25.300071,-1,20,10000.019000,71.230000,1828.198128,1837.564803,460.000000,819,-1368.198128,OpenLoop,NoFIFO,false,OpenLoop_NoFIFO
25.310071,-1,20,9999.908000,71.138000,1858.874821,1840.761306,460.000000,819,-1398.874821,OpenLoop,NoFIFO,false,OpenLoop_NoFIFO
25.320072,-1,20,10000.594000,71.732000,1837.741676,1840.308361,460.000000,819,-1377.741676,OpenLoop,NoFIFO,false,OpenLoop_NoFIFO
25.330075,-1,20,10002.871000,74.603000,1819.957386,1837.255715,460.000000,819,-1359.957386,OpenLoop,NoFIFO,false,OpenLoop_NoFIFO
25.340073,-1,20,9998.482000,73.085000,1864.064157,1841.276981,460.000000,819,-1404.064157,OpenLoop,NoFIFO,false,OpenLoop_NoFIFO
25.350072,-1,20,9998.538000,71.623000,1836.933428,1840.625448,460.000000,819,-1376.933428,OpenLoop,NoFIFO,false,OpenLoop_NoFIFO
25.360078,-1,20,10005.890000,77.513000,1816.469322,1837.002029,460.000000,819,-1356.469322,OpenLoop,NoFIFO,false,OpenLoop_NoFIFO
25.370075,-1,20,9997.556000,75.069000,1863.599158,1840.991599,460.000000,819,-1403.599158,OpenLoop,NoFIFO,false,OpenLoop_NoFIFO
25.380072,-1,20,9997.149000,72.218000,1841.698062,1841.097568,460.000000,819,-1381.698062,OpenLoop,NoFIFO,false,OpenLoop_NoFIFO
25.390073,-1,20,10000.872000,73.090000,1820.601310,1838.023130,460.000000,819,-1360.601310,OpenLoop,NoFIFO,false,OpenLoop_NoFIFO
25.400072,-1,20,9999.130000,72.220000,1856.190602,1840.748250,460.000000,819,-1396.190602,OpenLoop,NoFIFO,false,OpenLoop_NoFIFO
25.410083,-1,20,10011.167000,83.387000,1845.647533,1841.483143,460.000000,819,-1385.647533,OpenLoop,NoFIFO,false,OpenLoop_NoFIFO
25.420076,-1,20,9992.872000,76.259000,1814.355779,1837.414038,460.000000,819,-1354.355779,OpenLoop,NoFIFO,false,OpenLoop_NoFIFO
25.430072,-1,20,9995.704000,71.963000,1856.435644,1840.267279,460.000000,819,-1396.435644,OpenLoop,NoFIFO,false,OpenLoop_NoFIFO
25.440072,-1,20,9999.631000,71.594000,1845.671521,1841.077915,460.000000,819,-1385.671521,OpenLoop,NoFIFO,false,OpenLoop_NoFIFO
25.450072,-1,20,10000.667000,72.261000,1823.160731,1838.390338,460.000000,819,-1363.160731,OpenLoop,NoFIFO,false,OpenLoop_NoFIFO
25.460072,-1,20,9999.242000,71.503000,1848.383281,1839.889279,460.000000,819,-1388.383281,OpenLoop,NoFIFO,false,OpenLoop_NoFIFO
25.470071,-1,20,9999.797000,71.300000,1846.523493,1840.884411,460.000000,819,-1386.523493,OpenLoop,NoFIFO,false,OpenLoop_NoFIFO
25.480072,-1,20,10000.316000,71.616000,1822.779821,1838.168723,460.000000,819,-1362.779821,OpenLoop,NoFIFO,false,OpenLoop_NoFIFO
25.490074,-1,20,10002.167000,73.783000,1839.995213,1838.442696,460.000000,819,-1379.995213,OpenLoop,NoFIFO,false,OpenLoop_NoFIFO
25.500072,-1,20,9998.390000,72.173000,1853.255140,1840.664563,460.000000,819,-1393.255140,OpenLoop,NoFIFO,false,OpenLoop_NoFIFO
25.510072,-1,20,9999.779000,71.952000,1825.142450,1838.336246,460.000000,819,-1365.142450,OpenLoop,NoFIFO,false,OpenLoop_NoFIFO
25.520072,-1,20,10000.315000,72.267000,1835.769850,1837.951286,460.000000,819,-1375.769850,OpenLoop,NoFIFO,false,OpenLoop_NoFIFO
25.530071,-1,20,9998.649000,70.916000,1851.198872,1839.938424,460.000000,819,-1391.198872,OpenLoop,NoFIFO,false,OpenLoop_NoFIFO
25.540074,-1,20,10003.408000,74.324000,1830.474934,1838.518901,460.000000,819,-1370.474934,OpenLoop,NoFIFO,false,OpenLoop_NoFIFO
25.550072,-1,20,9997.964000,72.288000,1827.177575,1836.817702,460.000000,819,-1367.177575,OpenLoop,NoFIFO,false,OpenLoop_NoFIFO
25.560072,-1,20,9999.483000,71.771000,1859.065156,1840.154820,460.000000,819,-1399.065156,OpenLoop,NoFIFO,false,OpenLoop_NoFIFO
25.570071,-1,20,9999.445000,71.216000,1827.581665,1838.268847,460.000000,819,-1367.581665,OpenLoop,NoFIFO,false,OpenLoop_NoFIFO
25.580072,-1,20,10000.556000,71.772000,1825.142450,1836.299887,460.000000,819,-1365.142450,OpenLoop,NoFIFO,false,OpenLoop_NoFIFO
25.590072,-1,20,10000.371000,72.143000,1859.919571,1839.842840,460.000000,819,-1399.919571,OpenLoop,NoFIFO,false,OpenLoop_NoFIFO
25.600085,-1,20,10013.168000,85.311000,1829.384187,1838.274042,460.000000,819,-1369.384187,OpenLoop,NoFIFO,false,OpenLoop_NoFIFO
25.610077,-1,20,9991.408000,76.719000,1818.235572,1835.268271,460.000000,819,-1358.235572,OpenLoop,NoFIFO,false,OpenLoop_NoFIFO
25.620071,-1,20,9994.723000,71.442000,1860.119048,1838.995888,460.000000,819,-1400.119048,OpenLoop,NoFIFO,false,OpenLoop_NoFIFO
25.630072,-1,20,10000.242000,71.684000,1836.478739,1838.618315,460.000000,819,-1376.478739,OpenLoop,NoFIFO,false,OpenLoop_NoFIFO
25.640073,-1,20,10000.945000,72.629000,1810.412317,1834.387416,460.000000,819,-1350.412317,OpenLoop,NoFIFO,false,OpenLoop_NoFIFO
25.650071,-1,20,9998.779000,71.408000,1860.822306,1838.352649,460.000000,819,-1400.822306,OpenLoop,NoFIFO,false,OpenLoop_NoFIFO
25.660072,-1,20,10000.501000,71.909000,1834.785523,1837.817580,460.000000,819,-1374.785523,OpenLoop,NoFIFO,false,OpenLoop_NoFIFO
25.670087,-1,20,10015.148000,87.057000,1814.082656,1834.257342,460.000000,819,-1354.082656,OpenLoop,NoFIFO,false,OpenLoop_NoFIFO
25.680077,-1,20,9990.001000,77.058000,1859.135378,1837.989047,460.000000,819,-1399.135378,OpenLoop,NoFIFO,false,OpenLoop_NoFIFO
25.690074,-1,20,9997.057000,74.115000,1842.641419,1838.686903,460.000000,819,-1382.641419,OpenLoop,NoFIFO,false,OpenLoop_NoFIFO
25.700073,-1,20,9998.723000,72.838000,1819.178628,1835.760662,460.000000,819,-1359.178628,OpenLoop,NoFIFO,false,OpenLoop_NoFIFO
25.710072,-1,20,9999.204000,72.042000,1849.156369,1837.770018,460.000000,819,-1389.156369,OpenLoop,NoFIFO,false,OpenLoop_NoFIFO
25.720072,-1,20,9999.890000,71.932000,1850.035663,1839.609865,460.000000,819,-1390.035663,OpenLoop,NoFIFO,false,OpenLoop_NoFIFO
25.730071,-1,20,9999.223000,71.155000,1818.956476,1836.511856,460.000000,819,-1358.956476,OpenLoop,NoFIFO,false,OpenLoop_NoFIFO
25.740072,-1,20,10000.446000,71.601000,1851.796763,1838.804592,460.000000,819,-1391.796763,OpenLoop,NoFIFO,false,OpenLoop_NoFIFO
25.750071,-1,20,9999.630000,71.231000,1851.303318,1840.679401,460.000000,819,-1391.303318,OpenLoop,NoFIFO,false,OpenLoop_NoFIFO
25.760071,-1,20,10000.093000,71.324000,1828.615604,1838.869832,460.000000,819,-1368.615604,OpenLoop,NoFIFO,false,OpenLoop_NoFIFO
25.770072,-1,20,10000.649000,71.973000,1840.707370,1839.145462,460.000000,819,-1380.707370,OpenLoop,NoFIFO,false,OpenLoop_NoFIFO
25.780077,-1,20,10005.520000,77.493000,1859.943316,1842.265140,460.000000,819,-1399.943316,OpenLoop,NoFIFO,false,OpenLoop_NoFIFO
25.790076,-1,20,9998.908000,76.401000,1829.509494,1840.351793,460.000000,819,-1369.509494,OpenLoop,NoFIFO,false,OpenLoop_NoFIFO
25.800080,-1,20,10003.556000,79.957000,1833.850191,1839.376553,460.000000,819,-1373.850191,OpenLoop,NoFIFO,false,OpenLoop_NoFIFO
25.810080,-1,20,10000.038000,79.995000,1868.117462,1843.687689,460.000000,819,-1408.117462,OpenLoop,NoFIFO,false,OpenLoop_NoFIFO
25.820074,-1,20,9994.020000,74.015000,1833.850191,1842.212065,460.000000,819,-1373.850191,OpenLoop,NoFIFO,false,OpenLoop_NoFIFO
25.830073,-1,20,9999.223000,73.238000,1826.948745,1839.922567,460.000000,819,-1366.948745,OpenLoop,NoFIFO,false,OpenLoop_NoFIFO
25.840072,-1,20,9998.742000,71.980000,1865.112656,1843.701080,460.000000,819,-1405.112656,OpenLoop,NoFIFO,false,OpenLoop_NoFIFO
25.850073,-1,20,10000.649000,72.629000,1839.678179,1843.097645,460.000000,819,-1379.678179,OpenLoop,NoFIFO,false,OpenLoop_NoFIFO
25.860077,-1,20,10004.315000,76.944000,1817.556247,1839.266435,460.000000,819,-1357.556247,OpenLoop,NoFIFO,false,OpenLoop_NoFIFO
25.870082,-1,20,10004.668000,81.612000,1871.111975,1844.043266,460.000000,819,-1411.111975,OpenLoop,NoFIFO,false,OpenLoop_NoFIFO
25.880075,-1,20,9993.149000,74.761000,1841.674462,1843.687946,460.000000,819,-1381.674462,OpenLoop,NoFIFO,false,OpenLoop_NoFIFO
25.890075,-1,20,10000.316000,75.077000,1818.212009,1839.866555,460.000000,819,-1358.212009,OpenLoop,NoFIFO,false,OpenLoop_NoFIFO
25.900074,-1,20,9998.871000,73.948000,1862.582781,1843.273989,460.000000,819,-1402.582781,OpenLoop,NoFIFO,false,OpenLoop_NoFIFO
25.910075,-1,20,10000.890000,74.838000,1845.472441,1843.603757,460.000000,819,-1385.472441,OpenLoop,NoFIFO,false,OpenLoop_NoFIFO
25.920074,-1,20,9999.315000,74.153000,1816.686603,1839.566184,460.000000,819,-1356.686603,OpenLoop,NoFIFO,false,OpenLoop_NoFIFO
25.930074,-1,20,9999.631000,73.784000,1860.119048,1842.649113,460.000000,819,-1400.119048,OpenLoop,NoFIFO,false,OpenLoop_NoFIFO
25.940074,-1,20,9999.834000,73.618000,1851.796763,1844.021261,460.000000,819,-1391.796763,OpenLoop,NoFIFO,false,OpenLoop_NoFIFO
25.950074,-1,20,10000.390000,74.008000,1818.003145,1840.118543,460.000000,819,-1358.003145,OpenLoop,NoFIFO,false,OpenLoop_NoFIFO
25.960074,-1,20,9999.556000,73.564000,1852.678571,1842.002548,460.000000,819,-1392.678571,OpenLoop,NoFIFO,false,OpenLoop_NoFIFO
25.970074,-1,20,10000.020000,73.584000,1848.383281,1842.959658,460.000000,819,-1388.383281,OpenLoop,NoFIFO,false,OpenLoop_NoFIFO
25.980073,-1,20,9999.852000,73.436000,1824.276222,1840.157142,460.000000,819,-1364.276222,OpenLoop,NoFIFO,false,OpenLoop_NoFIFO
25.990076,-1,20,10002.223000,75.659000,1843.119022,1840.601424,460.000000,819,-1383.119022,OpenLoop,NoFIFO,false,OpenLoop_NoFIFO
26.000074,-1,20,9998.798000,74.457000,1856.435644,1842.976557,460.000000,819,-1396.435644,OpenLoop,NoFIFO,false,OpenLoop_NoFIFO
26.010075,-1,20,10000.278000,74.735000,1825.657895,1840.378758,460.000000,819,-1365.657895,OpenLoop,NoFIFO,false,OpenLoop_NoFIFO
26.020075,-1,20,10000.112000,74.847000,1836.478739,1839.793755,460.000000,819,-1376.478739,OpenLoop,NoFIFO,false,OpenLoop_NoFIFO
26.030074,-1,20,9999.612000,74.459000,1857.171157,1842.400365,460.000000,819,-1397.171157,OpenLoop,NoFIFO,false,OpenLoop_NoFIFO
26.040074,-1,20,9999.853000,74.312000,1827.746077,1840.202222,460.000000,819,-1367.746077,OpenLoop,NoFIFO,false,OpenLoop_NoFIFO
26.050074,-1,20,10000.038000,74.350000,1831.441394,1838.888098,460.000000,819,-1371.441394,OpenLoop,NoFIFO,false,OpenLoop_NoFIFO
26.060074,-1,20,9999.519000,73.869000,1859.065156,1841.914656,460.000000,819,-1399.065156,OpenLoop,NoFIFO,false,OpenLoop_NoFIFO
26.070074,-1,20,10000.390000,74.259000,1838.235294,1841.362752,460.000000,819,-1378.235294,OpenLoop,NoFIFO,false,OpenLoop_NoFIFO
26.080074,-1,20,9999.686000,73.945000,1823.410816,1838.669962,460.000000,819,-1363.410816,OpenLoop,NoFIFO,false,OpenLoop_NoFIFO
26.090075,-1,20,10001.186000,75.131000,1865.053050,1842.627425,460.000000,819,-1405.053050,OpenLoop,NoFIFO,false,OpenLoop_NoFIFO
26.100074,-1,20,9999.242000,74.373000,1836.933428,1841.773325,460.000000,819,-1376.933428,OpenLoop,NoFIFO,false,OpenLoop_NoFIFO
26.110075,-1,20,10001.001000,75.374000,1822.779821,1838.924300,460.000000,819,-1362.779821,OpenLoop,NoFIFO,false,OpenLoop_NoFIFO
26.120074,-1,20,9998.297000,73.671000,1862.434179,1842.450782,460.000000,819,-1402.434179,OpenLoop,NoFIFO,false,OpenLoop_NoFIFO
26.130073,-1,20,9999.223000,72.894000,1845.472441,1842.904031,460.000000,819,-1385.472441,OpenLoop,NoFIFO,false,OpenLoop_NoFIFO
26.140074,-1,20,10001.019000,73.913000,1821.916987,1839.755974,460.000000,819,-1361.916987,OpenLoop,NoFIFO,false,OpenLoop_NoFIFO
26.150073,-1,20,9998.890000,72.803000,1860.313316,1842.839575,460.000000,819,-1400.313316,OpenLoop,NoFIFO,false,OpenLoop_NoFIFO
26.160073,-1,20,10000.334000,73.137000,1845.647533,1843.260769,460.000000,819,-1385.647533,OpenLoop,NoFIFO,false,OpenLoop_NoFIFO
26.170074,-1,20,10000.446000,73.583000,1818.212009,1839.503455,460.000000,819,-1358.212009,OpenLoop,NoFIFO,false,OpenLoop_NoFIFO
26.180073,-1,20,9999.575000,73.158000,1858.874821,1842.409160,460.000000,819,-1398.874821,OpenLoop,NoFIFO,false,OpenLoop_NoFIFO
26.190075,-1,20,10002.223000,75.381000,1843.536969,1842.578331,460.000000,819,-1383.536969,OpenLoop,NoFIFO,false,OpenLoop_NoFIFO
26.200074,-1,20,9998.241000,73.622000,1825.142450,1839.962949,460.000000,819,-1365.142450,OpenLoop,NoFIFO,false,OpenLoop_NoFIFO
26.210073,-1,20,9999.649000,73.271000,1849.355602,1841.371847,460.000000,819,-1389.355602,OpenLoop,NoFIFO,false,OpenLoop_NoFIFO
26.220073,-1,20,9999.705000,72.976000,1848.277910,1842.407756,460.000000,819,-1388.277910,OpenLoop,NoFIFO,false,OpenLoop_NoFIFO
26.230074,-1,20,10001.334000,74.310000,1820.866142,1839.176514,460.000000,819,-1360.866142,OpenLoop,NoFIFO,false,OpenLoop_NoFIFO
26.240082,-1,20,10007.390000,81.700000,1843.797277,1839.869629,460.000000,819,-1383.797277,OpenLoop,NoFIFO,false,OpenLoop_NoFIFO
26.250075,-1,20,9993.353000,75.053000,1850.035663,1841.394534,460.000000,819,-1390.035663,OpenLoop,NoFIFO,false,OpenLoop_NoFIFO
26.260074,-1,20,9999.352000,74.405000,1825.973853,1839.081432,460.000000,819,-1365.973853,OpenLoop,NoFIFO,false,OpenLoop_NoFIFO
26.270074,-1,20,9999.409000,73.814000,1838.235294,1838.954511,460.000000,819,-1378.235294,OpenLoop,NoFIFO,false,OpenLoop_NoFIFO
26.280073,-1,20,9999.649000,73.463000,1848.383281,1840.368826,460.000000,819,-1388.383281,OpenLoop,NoFIFO,false,OpenLoop_NoFIFO
26.290073,-1,20,9999.926000,73.389000,1829.485959,1838.736396,460.000000,819,-1369.485959,OpenLoop,NoFIFO,false,OpenLoop_NoFIFO
26.300074,-1,20,10000.446000,73.835000,1825.657895,1836.774621,460.000000,819,-1365.657895,OpenLoop,NoFIFO,false,OpenLoop_NoFIFO
26.310084,-1,20,10010.445000,84.280000,1859.740590,1840.219516,460.000000,819,-1399.740590,OpenLoop,NoFIFO,false,OpenLoop_NoFIFO
26.320077,-1,20,9992.482000,76.762000,1828.301222,1838.431772,460.000000,819,-1368.301222,OpenLoop,NoFIFO,false,OpenLoop_NoFIFO
26.330075,-1,20,9998.279000,75.041000,1822.084665,1835.979706,460.000000,819,-1362.084665,OpenLoop,NoFIFO,false,OpenLoop_NoFIFO
26.340074,-1,20,9999.316000,74.357000,1859.065156,1839.442524,460.000000,819,-1399.065156,OpenLoop,NoFIFO,false,OpenLoop_NoFIFO
26.350073,-1,20,9998.630000,72.987000,1828.901657,1837.861394,460.000000,819,-1368.901657,OpenLoop,NoFIFO,false,OpenLoop_NoFIFO
26.360078,-1,20,10004.557000,77.544000,1819.096072,1835.046595,460.000000,819,-1359.096072,OpenLoop,NoFIFO,false,OpenLoop_NoFIFO
26.370075,-1,20,9997.556000,75.100000,1859.135378,1838.659913,460.000000,819,-1399.135378,OpenLoop,NoFIFO,false,OpenLoop_NoFIFO
26.380073,-1,20,9997.909000,73.009000,1836.933428,1838.400940,460.000000,819,-1376.933428,OpenLoop,NoFIFO,false,OpenLoop_NoFIFO
26.390072,-1,20,9999.463000,72.472000,1811.474325,1834.361948,460.000000,819,-1351.474325,OpenLoop,NoFIFO,false,OpenLoop_NoFIFO
26.400071,-1,20,9998.835000,71.307000,1859.943316,1838.199153,460.000000,819,-1399.943316,OpenLoop,NoFIFO,false,OpenLoop_NoFIFO
26.410098,-1,20,10026.463000,97.770000,1835.317460,1837.766899,460.000000,819,-1375.317460,OpenLoop,NoFIFO,false,OpenLoop_NoFIFO
26.420088,-1,20,9990.483000,88.253000,1814.801700,1834.322119,460.000000,819,-1354.801700,OpenLoop,NoFIFO,false,OpenLoop_NoFIFO
26.430077,-1,20,9988.297000,76.550000,1859.135378,1838.044108,460.000000,819,-1399.135378,OpenLoop,NoFIFO,false,OpenLoop_NoFIFO
26.440076,-1,20,9998.964000,75.514000,1844.772404,1839.053352,460.000000,819,-1384.772404,OpenLoop,NoFIFO,false,OpenLoop_NoFIFO
26.450073,-1,20,9997.667000,73.181000,1818.212009,1835.927151,460.000000,819,-1358.212009,OpenLoop,NoFIFO,false,OpenLoop_NoFIFO
26.460073,-1,20,9999.483000,72.664000,1849.156369,1837.911534,460.000000,819,-1389.156369,OpenLoop,NoFIFO,false,OpenLoop_NoFIFO
26.470074,-1,20,10001.186000,73.850000,1851.303318,1839.920301,460.000000,819,-1391.303318,OpenLoop,NoFIFO,false,OpenLoop_NoFIFO
26.480073,-1,20,9999.334000,73.184000,1818.235572,1836.667592,460.000000,819,-1358.235572,OpenLoop,NoFIFO,false,OpenLoop_NoFIFO
26.490073,-1,20,9999.760000,72.944000,1847.664687,1838.317156,460.000000,819,-1387.664687,OpenLoop,NoFIFO,false,OpenLoop_NoFIFO
26.500076,-1,20,10003.427000,76.371000,1854.060028,1840.678587,460.000000,819,-1394.060028,OpenLoop,NoFIFO,false,OpenLoop_NoFIFO
26.510075,-1,20,9998.186000,74.557000,1825.973853,1838.472877,460.000000,819,-1365.973853,OpenLoop,NoFIFO,false,OpenLoop_NoFIFO
26.520073,-1,20,9998.760000,73.317000,1836.478739,1838.173756,460.000000,819,-1376.478739,OpenLoop,NoFIFO,false,OpenLoop_NoFIFO
26.530072,-1,20,9999.094000,72.411000,1859.135378,1841.317999,460.000000,819,-1399.135378,OpenLoop,NoFIFO,false,OpenLoop_NoFIFO
26.540072,-1,20,9999.149000,71.560000,1826.877376,1839.151906,460.000000,819,-1366.877376,OpenLoop,NoFIFO,false,OpenLoop_NoFIFO
26.550073,-1,20,10000.982000,72.542000,1826.619273,1837.272011,460.000000,819,-1366.619273,OpenLoop,NoFIFO,false,OpenLoop_NoFIFO
26.560078,-1,20,10005.853000,78.395000,1864.346591,1841.333198,460.000000,819,-1404.346591,OpenLoop,NoFIFO,false,OpenLoop_NoFIFO
26.570079,-1,20,10000.297000,78.692000,1829.879679,1839.615170,460.000000,819,-1369.879679,OpenLoop,NoFIFO,false,OpenLoop_NoFIFO
26.580075,-1,20,9996.538000,75.230000,1824.276222,1837.314328,460.000000,819,-1364.276222,OpenLoop,NoFIFO,false,OpenLoop_NoFIFO
26.590093,-1,20,10017.723000,92.953000,1861.103759,1840.882743,460.000000,819,-1401.103759,OpenLoop,NoFIFO,false,OpenLoop_NoFIFO
26.600083,-1,20,9990.408000,83.361000,1836.933428,1840.290345,460.000000,819,-1376.933428,OpenLoop,NoFIFO,false,OpenLoop_NoFIFO
26.610077,-1,20,9993.760000,77.121000,1812.304075,1836.092405,460.000000,819,-1352.304075,OpenLoop,NoFIFO,false,OpenLoop_NoFIFO
26.620072,-1,20,9995.112000,72.233000,1865.112656,1840.445442,460.000000,819,-1405.112656,OpenLoop,NoFIFO,false,OpenLoop_NoFIFO
26.630073,-1,20,10001.001000,73.234000,1840.641361,1840.474830,460.000000,819,-1380.641361,OpenLoop,NoFIFO,false,OpenLoop_NoFIFO
26.640073,-1,20,9999.464000,72.698000,1814.082656,1836.516004,460.000000,819,-1354.082656,OpenLoop,NoFIFO,false,OpenLoop_NoFIFO
26.650072,-1,20,9999.242000,71.940000,1864.064157,1840.648227,460.000000,819,-1404.064157,OpenLoop,NoFIFO,false,OpenLoop_NoFIFO
26.660073,-1,20,10000.963000,72.903000,1841.280170,1840.743019,460.000000,819,-1381.280170,OpenLoop,NoFIFO,false,OpenLoop_NoFIFO
26.670080,-1,20,10006.779000,79.682000,1815.318302,1836.929311,460.000000,819,-1355.318302,OpenLoop,NoFIFO,false,OpenLoop_NoFIFO
26.680076,-1,20,9996.538000,76.220000,1852.678571,1839.291700,460.000000,819,-1392.678571,OpenLoop,NoFIFO,false,OpenLoop_NoFIFO
26.690072,-1,20,9995.390000,71.610000,1849.156369,1840.771401,460.000000,819,-1389.156369,OpenLoop,NoFIFO,false,OpenLoop_NoFIFO
26.700072,-1,20,10000.649000,72.259000,1814.355779,1836.809057,460.000000,819,-1354.355779,OpenLoop,NoFIFO,false,OpenLoop_NoFIFO
26.710071,-1,20,9999.075000,71.334000,1851.796763,1839.057213,460.000000,819,-1391.796763,OpenLoop,NoFIFO,false,OpenLoop_NoFIFO
26.720072,-1,20,10001.093000,72.427000,1846.441702,1840.164887,460.000000,819,-1386.441702,OpenLoop,NoFIFO,false,OpenLoop_NoFIFO
26.730071,-1,20,9998.353000,70.780000,1821.682464,1837.392523,460.000000,819,-1361.682464,OpenLoop,NoFIFO,false,OpenLoop_NoFIFO
26.740071,-1,20,10000.297000,71.077000,1842.689822,1838.187118,460.000000,819,-1382.689822,OpenLoop,NoFIFO,false,OpenLoop_NoFIFO
26.750072,-1,20,10001.168000,72.245000,1852.941176,1840.400227,460.000000,819,-1392.941176,OpenLoop,NoFIFO,false,OpenLoop_NoFIFO
26.760071,-1,20,9998.908000,71.153000,1825.000000,1838.090193,460.000000,819,-1365.000000,OpenLoop,NoFIFO,false,OpenLoop_NoFIFO
26.770069,-1,20,9998.019000,69.172000,1832.975680,1837.323016,460.000000,819,-1372.975680,OpenLoop,NoFIFO,false,OpenLoop_NoFIFO
26.780070,-1,20,10000.501000,69.673000,1857.403545,1840.335095,460.000000,819,-1397.403545,OpenLoop,NoFIFO,false,OpenLoop_NoFIFO
26.790070,-1,20,10000.279000,69.952000,1826.877376,1838.316437,460.000000,819,-1366.877376,OpenLoop,NoFIFO,false,OpenLoop_NoFIFO
26.800071,-1,20,10000.908000,70.860000,1828.901657,1836.904220,460.000000,819,-1368.901657,OpenLoop,NoFIFO,false,OpenLoop_NoFIFO
26.810071,-1,20,9999.872000,70.732000,1859.065156,1840.228361,460.000000,819,-1399.065156,OpenLoop,NoFIFO,false,OpenLoop_NoFIFO
26.820071,-1,20,9999.982000,70.714000,1838.729178,1840.003483,460.000000,819,-1378.729178,OpenLoop,NoFIFO,false,OpenLoop_NoFIFO
26.830071,-1,20,10000.056000,70.770000,1821.682464,1837.255330,460.000000,819,-1361.682464,OpenLoop,NoFIFO,false,OpenLoop_NoFIFO
26.840070,-1,20,9999.631000,70.401000,1865.183246,1841.444518,460.000000,819,-1405.183246,OpenLoop,NoFIFO,false,OpenLoop_NoFIFO
26.850073,-1,20,10002.242000,72.643000,1839.995213,1841.227122,460.000000,819,-1379.995213,OpenLoop,NoFIFO,false,OpenLoop_NoFIFO
26.860071,-1,20,9998.075000,70.718000,1818.956476,1837.886525,460.000000,819,-1358.956476,OpenLoop,NoFIFO,false,OpenLoop_NoFIFO
26.870075,-1,20,10003.982000,74.700000,1866.007194,1842.104626,460.000000,819,-1406.007194,OpenLoop,NoFIFO,false,OpenLoop_NoFIFO
26.880076,-1,20,10001.353000,76.053000,1842.990171,1842.237457,460.000000,819,-1382.990171,OpenLoop,NoFIFO,false,OpenLoop_NoFIFO
26.890070,-1,20,9994.242000,70.295000,1822.546230,1839.283773,460.000000,819,-1362.546230,OpenLoop,NoFIFO,false,OpenLoop_NoFIFO
26.900070,-1,20,9999.278000,69.573000,1858.922830,1842.229632,460.000000,819,-1398.922830,OpenLoop,NoFIFO,false,OpenLoop_NoFIFO
26.910069,-1,20,9999.557000,69.130000,1847.724073,1843.053798,460.000000,819,-1387.724073,OpenLoop,NoFIFO,false,OpenLoop_NoFIFO
26.920070,-1,20,10000.815000,69.945000,1816.099476,1839.010650,460.000000,819,-1356.099476,OpenLoop,NoFIFO,false,OpenLoop_NoFIFO
26.930070,-1,20,10000.001000,69.946000,1860.652798,1842.256972,460.000000,819,-1400.652798,OpenLoop,NoFIFO,false,OpenLoop_NoFIFO
26.940073,-1,20,10002.760000,72.706000,1844.504197,1842.594056,460.000000,819,-1384.504197,OpenLoop,NoFIFO,false,OpenLoop_NoFIFO
26.950087,-1,20,10014.501000,87.207000,1825.998521,1840.104725,460.000000,819,-1365.998521,OpenLoop,NoFIFO,false,OpenLoop_NoFIFO
26.960078,-1,20,9990.761000,77.968000,1849.735322,1841.549315,460.000000,819,-1389.735322,OpenLoop,NoFIFO,false,OpenLoop_NoFIFO
26.970073,-1,20,9995.389000,73.357000,1848.383281,1842.574410,460.000000,819,-1388.383281,OpenLoop,NoFIFO,false,OpenLoop_NoFIFO
26.980072,-1,20,9998.446000,71.803000,1824.276222,1839.829682,460.000000,819,-1364.276222,OpenLoop,NoFIFO,false,OpenLoop_NoFIFO
26.990073,-1,20,10000.815000,72.618000,1845.472441,1840.676096,460.000000,819,-1385.472441,OpenLoop,NoFIFO,false,OpenLoop_NoFIFO
27.000072,-1,20,9999.501000,72.119000,1852.678571,1842.476467,460.000000,819,-1392.678571,OpenLoop,NoFIFO,false,OpenLoop_NoFIFO
27.010072,-1,20,9999.761000,71.880000,1825.657895,1839.953681,460.000000,819,-1365.657895,OpenLoop,NoFIFO,false,OpenLoop_NoFIFO
27.020072,-1,20,9999.815000,71.695000,1840.876437,1840.092094,460.000000,819,-1380.876437,OpenLoop,NoFIFO,false,OpenLoop_NoFIFO
27.030081,-1,20,10009.723000,81.418000,1848.383281,1841.335772,460.000000,819,-1388.383281,OpenLoop,NoFIFO,false,OpenLoop_NoFIFO
27.040075,-1,20,9993.298000,74.716000,1830.357143,1839.688978,460.000000,819,-1370.357143,OpenLoop,NoFIFO,false,OpenLoop_NoFIFO
27.050073,-1,20,9997.797000,72.513000,1828.545071,1838.017392,460.000000,819,-1368.545071,OpenLoop,NoFIFO,false,OpenLoop_NoFIFO
27.060078,-1,20,10005.704000,78.217000,1858.187824,1841.042957,460.000000,819,-1398.187824,OpenLoop,NoFIFO,false,OpenLoop_NoFIFO
27.070077,-1,20,9999.020000,77.237000,1828.901657,1839.221762,460.000000,819,-1368.901657,OpenLoop,NoFIFO,false,OpenLoop_NoFIFO
27.080073,-1,20,9995.704000,72.941000,1823.667147,1836.888570,460.000000,819,-1363.667147,OpenLoop,NoFIFO,false,OpenLoop_NoFIFO
27.090072,-1,20,9999.131000,72.072000,1861.285266,1840.548074,460.000000,819,-1401.285266,OpenLoop,NoFIFO,false,OpenLoop_NoFIFO
27.100074,-1,20,10001.945000,74.017000,1830.357143,1839.019434,460.000000,819,-1370.357143,OpenLoop,NoFIFO,false,OpenLoop_NoFIFO
27.110073,-1,20,9998.686000,72.703000,1818.003145,1835.866991,460.000000,819,-1358.003145,OpenLoop,NoFIFO,false,OpenLoop_NoFIFO
27.120071,-1,20,9998.427000,71.130000,1859.763384,1839.451450,460.000000,819,-1399.763384,OpenLoop,NoFIFO,false,OpenLoop_NoFIFO
27.130072,-1,20,10000.890000,72.020000,1835.317460,1838.831352,460.000000,819,-1375.317460,OpenLoop,NoFIFO,false,OpenLoop_NoFIFO
27.140071,-1,20,9998.871000,70.891000,1813.945257,1835.098437,460.000000,819,-1353.945257,OpenLoop,NoFIFO,false,OpenLoop_NoFIFO
27.150072,-1,20,10000.853000,71.744000,1864.919355,1839.571575,460.000000,819,-1404.919355,OpenLoop,NoFIFO,false,OpenLoop_NoFIFO
27.160071,-1,20,9999.705000,71.449000,1836.478739,1839.107650,460.000000,819,-1376.478739,OpenLoop,NoFIFO,false,OpenLoop_NoFIFO
27.170072,-1,20,10000.427000,71.876000,1813.251438,1835.229218,460.000000,819,-1353.251438,OpenLoop,NoFIFO,false,OpenLoop_NoFIFO
27.180071,-1,20,9999.612000,71.488000,1858.874821,1838.776058,460.000000,819,-1398.874821,OpenLoop,NoFIFO,false,OpenLoop_NoFIFO
27.190083,-1,20,10011.149000,82.637000,1843.536969,1839.490195,460.000000,819,-1383.536969,OpenLoop,NoFIFO,false,OpenLoop_NoFIFO
27.200075,-1,20,9992.575000,75.212000,1819.298035,1836.461371,460.000000,819,-1359.298035,OpenLoop,NoFIFO,false,OpenLoop_NoFIFO
27.210071,-1,20,9996.278000,71.490000,1850.000000,1838.492165,460.000000,819,-1390.000000,OpenLoop,NoFIFO,false,OpenLoop_NoFIFO
27.220072,-1,20,10000.279000,71.769000,1852.069614,1840.528783,460.000000,819,-1392.069614,OpenLoop,NoFIFO,false,OpenLoop_NoFIFO
27.230076,-1,20,10004.057000,75.826000,1817.246415,1837.036428,460.000000,819,-1357.246415,OpenLoop,NoFIFO,false,OpenLoop_NoFIFO
27.240079,-1,20,10003.260000,79.086000,1847.724073,1838.639574,460.000000,819,-1387.724073,OpenLoop,NoFIFO,false,OpenLoop_NoFIFO
27.250074,-1,20,9995.297000,74.383000,1852.964744,1840.788350,460.000000,819,-1392.964744,OpenLoop,NoFIFO,false,OpenLoop_NoFIFO
27.260071,-1,20,9997.093000,71.476000,1825.727358,1838.529201,460.000000,819,-1365.727358,OpenLoop,NoFIFO,false,OpenLoop_NoFIFO
27.270072,-1,20,10000.909000,72.385000,1837.261653,1838.339069,460.000000,819,-1377.261653,OpenLoop,NoFIFO,false,OpenLoop_NoFIFO
27.280071,-1,20,9999.075000,71.460000,1858.874821,1841.419432,460.000000,819,-1398.874821,OpenLoop,NoFIFO,false,OpenLoop_NoFIFO
27.290072,-1,20,10000.741000,72.201000,1828.545071,1839.488277,460.000000,819,-1368.545071,OpenLoop,NoFIFO,false,OpenLoop_NoFIFO
27.300071,-1,20,9998.779000,70.980000,1827.746077,1837.726947,460.000000,819,-1367.746077,OpenLoop,NoFIFO,false,OpenLoop_NoFIFO
27.310072,-1,20,10001.390000,72.370000,1866.042994,1841.974354,460.000000,819,-1406.042994,OpenLoop,NoFIFO,false,OpenLoop_NoFIFO
27.320071,-1,20,9998.279000,70.649000,1829.485959,1840.101095,460.000000,819,-1369.485959,OpenLoop,NoFIFO,false,OpenLoop_NoFIFO
27.330072,-1,20,10001.556000,72.205000,1821.822479,1837.359303,460.000000,819,-1361.822479,OpenLoop,NoFIFO,false,OpenLoop_NoFIFO
27.340073,-1,20,10000.908000,73.113000,1863.326149,1841.254330,460.000000,819,-1403.326149,OpenLoop,NoFIFO,false,OpenLoop_NoFIFO
27.350077,-1,20,10003.742000,76.855000,1837.261653,1840.655428,460.000000,819,-1377.261653,OpenLoop,NoFIFO,false,OpenLoop_NoFIFO
27.360074,-1,20,9997.223000,74.078000,1815.817791,1836.929782,460.000000,819,-1355.817791,OpenLoop,NoFIFO,false,OpenLoop_NoFIFO
27.370093,-1,20,10019.297000,93.375000,1865.053050,1841.148273,460.000000,819,-1405.053050,OpenLoop,NoFIFO,false,OpenLoop_NoFIFO
27.380100,-1,20,10006.890000,100.265000,1841.758505,1841.239808,460.000000,819,-1381.758505,OpenLoop,NoFIFO,false,OpenLoop_NoFIFO
27.390108,-1,20,10007.871000,108.136000,1814.801700,1837.274091,460.000000,819,-1354.801700,OpenLoop,NoFIFO,false,OpenLoop_NoFIFO
27.400088,-1,20,9980.038000,88.174000,1864.782016,1841.400280,460.000000,819,-1404.782016,OpenLoop,NoFIFO,false,OpenLoop_NoFIFO
27.410096,-1,20,10007.409000,95.583000,1842.248908,1841.527574,460.000000,819,-1382.248908,OpenLoop,NoFIFO,false,OpenLoop_NoFIFO
27.420098,-1,20,10002.889000,98.472000,1816.099476,1837.713360,460.000000,819,-1356.099476,OpenLoop,NoFIFO,false,OpenLoop_NoFIFO
27.430098,-1,20,9999.038000,97.510000,1851.517341,1839.783957,460.000000,819,-1391.517341,OpenLoop,NoFIFO,false,OpenLoop_NoFIFO
27.440095,-1,20,9997.205000,94.715000,1850.625903,1841.410249,460.000000,819,-1390.625903,OpenLoop,NoFIFO,false,OpenLoop_NoFIFO
27.450123,-1,20,10028.371000,123.086000,1817.867036,1837.878767,460.000000,819,-1357.867036,OpenLoop,NoFIFO,false,OpenLoop_NoFIFO
27.460078,-1,20,9954.538000,77.624000,1846.463742,1839.166513,460.000000,819,-1386.463742,OpenLoop,NoFIFO,false,OpenLoop_NoFIFO
27.470085,-1,20,10007.760000,85.384000,1847.769710,1840.456993,460.000000,819,-1387.769710,OpenLoop,NoFIFO,false,OpenLoop_NoFIFO
27.480066,-1,20,9980.946000,66.330000,1821.319018,1837.586296,460.000000,819,-1361.319018,OpenLoop,NoFIFO,false,OpenLoop_NoFIFO
27.490058,-1,20,9991.927000,58.257000,1841.434610,1838.163543,460.000000,819,-1381.434610,OpenLoop,NoFIFO,false,OpenLoop_NoFIFO
27.500058,-1,20,9999.501000,57.758000,1851.562500,1840.173387,460.000000,819,-1391.562500,OpenLoop,NoFIFO,false,OpenLoop_NoFIFO
27.510067,-1,20,10009.278000,67.036000,1827.485380,1838.270186,460.000000,819,-1367.485380,OpenLoop,NoFIFO,false,OpenLoop_NoFIFO
27.520061,-1,20,9993.501000,60.537000,1833.625878,1837.573540,460.000000,819,-1373.625878,OpenLoop,NoFIFO,false,OpenLoop_NoFIFO
27.530059,-1,20,9998.779000,59.316000,1858.998494,1840.787283,460.000000,819,-1398.998494,OpenLoop,NoFIFO,false,OpenLoop_NoFIFO
27.540059,-1,20,9999.668000,58.984000,1828.703704,1838.974746,460.000000,819,-1368.703704,OpenLoop,NoFIFO,false,OpenLoop_NoFIFO
27.550059,-1,20,9999.778000,58.762000,1831.416914,1837.841071,460.000000,819,-1371.416914,OpenLoop,NoFIFO,false,OpenLoop_NoFIFO
27.560059,-1,20,10000.279000,59.041000,1858.998494,1841.014685,460.000000,819,-1398.998494,OpenLoop,NoFIFO,false,OpenLoop_NoFIFO
27.570059,-1,20,9999.538000,58.579000,1837.311558,1840.459216,460.000000,819,-1377.311558,OpenLoop,NoFIFO,false,OpenLoop_NoFIFO
27.580069,-1,20,10010.334000,68.913000,1823.929961,1837.979827,460.000000,819,-1363.929961,OpenLoop,NoFIFO,false,OpenLoop_NoFIFO
27.590064,-1,20,9995.538000,64.451000,1865.671642,1842.133600,460.000000,819,-1405.671642,OpenLoop,NoFIFO,false,OpenLoop_NoFIFO
27.600060,-1,20,9995.575000,60.026000,1837.779156,1841.480433,460.000000,819,-1377.779156,OpenLoop,NoFIFO,false,OpenLoop_NoFIFO
27.610059,-1,20,9999.094000,59.120000,1823.566085,1838.793281,460.000000,819,-1363.566085,OpenLoop,NoFIFO,false,OpenLoop_NoFIFO
27.620057,-1,20,9998.315000,57.435000,1864.614804,1842.666509,460.000000,819,-1404.614804,OpenLoop,NoFIFO,false,OpenLoop_NoFIFO
27.630062,-1,20,10004.687000,62.122000,1842.350746,1842.619145,460.000000,819,-1382.350746,OpenLoop,NoFIFO,false,OpenLoop_NoFIFO
27.640060,-1,20,9997.778000,59.900000,1819.883527,1839.208802,460.000000,819,-1359.883527,OpenLoop,NoFIFO,false,OpenLoop_NoFIFO
27.650059,-1,20,9998.686000,58.586000,1857.133902,1841.897567,460.000000,819,-1397.133902,OpenLoop,NoFIFO,false,OpenLoop_NoFIFO
27.660061,-1,20,10002.872000,61.458000,1847.866766,1842.792947,460.000000,819,-1387.866766,OpenLoop,NoFIFO,false,OpenLoop_NoFIFO
27.670064,-1,20,10002.463000,63.921000,1819.029851,1839.228483,460.000000,819,-1359.029851,OpenLoop,NoFIFO,false,OpenLoop_NoFIFO
27.680060,-1,20,9996.446000,60.367000,1856.435644,1841.809557,460.000000,819,-1396.435644,OpenLoop,NoFIFO,false,OpenLoop_NoFIFO
27.690060,-1,20,10000.038000,60.405000,1846.945137,1842.579894,460.000000,819,-1386.945137,OpenLoop,NoFIFO,false,OpenLoop_NoFIFO
27.700062,-1,20,10001.297000,61.702000,1822.916667,1839.630410,460.000000,819,-1362.916667,OpenLoop,NoFIFO,false,OpenLoop_NoFIFO
27.710060,-1,20,9998.482000,60.184000,1850.637181,1841.281425,460.000000,819,-1390.637181,OpenLoop,NoFIFO,false,OpenLoop_NoFIFO
27.720059,-1,20,9998.798000,58.982000,1846.945137,1842.130982,460.000000,819,-1386.945137,OpenLoop,NoFIFO,false,OpenLoop_NoFIFO
27.730059,-1,20,9999.834000,58.816000,1827.211394,1839.893044,460.000000,819,-1367.211394,OpenLoop,NoFIFO,false,OpenLoop_NoFIFO
27.740059,-1,20,10000.445000,59.261000,1840.519384,1839.986995,460.000000,819,-1380.519384,OpenLoop,NoFIFO,false,OpenLoop_NoFIFO
27.750059,-1,20,9999.446000,58.707000,1852.766798,1841.903966,460.000000,819,-1392.766798,OpenLoop,NoFIFO,false,OpenLoop_NoFIFO
27.760058,-1,20,9999.556000,58.263000,1824.759858,1839.332349,460.000000,819,-1364.759858,OpenLoop,NoFIFO,false,OpenLoop_NoFIFO
27.770058,-1,20,10000.223000,58.486000,1837.779156,1839.099370,460.000000,819,-1377.779156,OpenLoop,NoFIFO,false,OpenLoop_NoFIFO
27.780058,-1,20,9999.946000,58.432000,1849.712787,1840.691383,460.000000,819,-1389.712787,OpenLoop,NoFIFO,false,OpenLoop_NoFIFO
27.790064,-1,20,10005.130000,63.562000,1829.039520,1838.943604,460.000000,819,-1369.039520,OpenLoop,NoFIFO,false,OpenLoop_NoFIFO
27.800061,-1,20,9997.242000,60.804000,1828.125000,1837.320813,460.000000,819,-1368.125000,OpenLoop,NoFIFO,false,OpenLoop_NoFIFO
27.810058,-1,20,9997.686000,58.490000,1856.203008,1840.153142,460.000000,819,-1396.203008,OpenLoop,NoFIFO,false,OpenLoop_NoFIFO
27.820058,-1,20,9999.742000,58.232000,1829.954955,1838.623414,460.000000,819,-1369.954955,OpenLoop,NoFIFO,false,OpenLoop_NoFIFO
27.830059,-1,20,10000.353000,58.585000,1819.935291,1835.820196,460.000000,819,-1359.935291,OpenLoop,NoFIFO,false,OpenLoop_NoFIFO
27.840058,-1,20,9999.519000,58.104000,1861.802413,1839.717528,460.000000,819,-1401.802413,OpenLoop,NoFIFO,false,OpenLoop_NoFIFO
27.850060,-1,20,10002.279000,60.383000,1828.125000,1837.978649,460.000000,819,-1368.125000,OpenLoop,NoFIFO,false,OpenLoop_NoFIFO
27.860059,-1,20,9998.890000,59.273000,1817.221670,1834.865102,460.000000,819,-1357.221670,OpenLoop,NoFIFO,false,OpenLoop_NoFIFO
27.870059,-1,20,9999.408000,58.681000,1858.065730,1838.345196,460.000000,819,-1398.065730,OpenLoop,NoFIFO,false,OpenLoop_NoFIFO
27.880058,-1,20,9999.668000,58.349000,1835.466867,1837.913447,460.000000,819,-1375.466867,OpenLoop,NoFIFO,false,OpenLoop_NoFIFO
27.890062,-1,20,10003.482000,61.831000,1812.716906,1834.133966,460.000000,819,-1352.716906,OpenLoop,NoFIFO,false,OpenLoop_NoFIFO
27.900060,-1,20,9998.168000,59.999000,1858.998494,1837.863645,460.000000,819,-1398.998494,OpenLoop,NoFIFO,false,OpenLoop_NoFIFO
27.910059,-1,20,9999.038000,59.037000,1838.235294,1837.919392,460.000000,819,-1378.235294,OpenLoop,NoFIFO,false,OpenLoop_NoFIFO
27.920061,-1,20,10001.649000,60.686000,1811.818632,1834.004278,460.000000,819,-1351.818632,OpenLoop,NoFIFO,false,OpenLoop_NoFIFO
27.930059,-1,20,9997.871000,58.557000,1858.065730,1837.613496,460.000000,819,-1398.065730,OpenLoop,NoFIFO,false,OpenLoop_NoFIFO
27.940061,-1,20,10002.260000,60.817000,1839.159960,1837.845466,460.000000,819,-1379.159960,OpenLoop,NoFIFO,false,OpenLoop_NoFIFO
27.950060,-1,20,9999.001000,59.818000,1817.221670,1834.751896,460.000000,819,-1357.221670,OpenLoop,NoFIFO,false,OpenLoop_NoFIFO
27.960059,-1,20,9998.760000,58.578000,1847.866766,1836.719127,460.000000,819,-1387.866766,OpenLoop,NoFIFO,false,OpenLoop_NoFIFO
27.970058,-1,20,9999.390000,57.968000,1849.712787,1838.668176,460.000000,819,-1389.712787,OpenLoop,NoFIFO,false,OpenLoop_NoFIFO
27.980058,-1,20,10000.242000,58.210000,1818.324937,1835.616690,460.000000,819,-1358.324937,OpenLoop,NoFIFO,false,OpenLoop_NoFIFO
27.990062,-1,20,10003.668000,61.878000,1842.350746,1836.626799,460.000000,819,-1382.350746,OpenLoop,NoFIFO,false,OpenLoop_NoFIFO
28.000063,-1,20,10001.389000,63.267000,1851.562500,1838.867154,460.000000,819,-1391.562500,OpenLoop,NoFIFO,false,OpenLoop_NoFIFO
28.010060,-1,20,9996.686000,59.953000,1819.029851,1835.891558,460.000000,819,-1359.029851,OpenLoop,NoFIFO,false,OpenLoop_NoFIFO
28.020058,-1,20,9998.372000,58.325000,1835.466867,1835.827855,460.000000,819,-1375.466867,OpenLoop,NoFIFO,false,OpenLoop_NoFIFO
28.030058,-1,20,10000.019000,58.344000,1854.344016,1838.605279,460.000000,819,-1394.344016,OpenLoop,NoFIFO,false,OpenLoop_NoFIFO
28.040058,-1,20,9999.816000,58.160000,1827.211394,1836.896196,460.000000,819,-1367.211394,OpenLoop,NoFIFO,false,OpenLoop_NoFIFO
28.050062,-1,20,10003.908000,62.068000,1822.404035,1834.722372,460.000000,819,-1362.404035,OpenLoop,NoFIFO,false,OpenLoop_NoFIFO
28.060060,-1,20,9997.761000,59.829000,1858.998494,1838.363790,460.000000,819,-1398.998494,OpenLoop,NoFIFO,false,OpenLoop_NoFIFO
28.070059,-1,20,9999.241000,59.070000,1823.566085,1836.144135,460.000000,819,-1363.566085,OpenLoop,NoFIFO,false,OpenLoop_NoFIFO
28.080059,-1,20,9999.464000,58.534000,1818.324937,1833.471255,460.000000,819,-1358.324937,OpenLoop,NoFIFO,false,OpenLoop_NoFIFO
28.090065,-1,20,10006.094000,64.628000,1859.196827,1837.330091,460.000000,819,-1399.196827,OpenLoop,NoFIFO,false,OpenLoop_NoFIFO
28.100060,-1,20,9995.501000,60.129000,1833.230198,1836.715107,460.000000,819,-1373.230198,OpenLoop,NoFIFO,false,OpenLoop_NoFIFO
28.110061,-1,20,10001.093000,61.222000,1811.935241,1832.998127,460.000000,819,-1351.935241,OpenLoop,NoFIFO,false,OpenLoop_NoFIFO
28.120059,-1,20,9998.001000,59.223000,1856.203008,1836.478859,460.000000,819,-1396.203008,OpenLoop,NoFIFO,false,OpenLoop_NoFIFO
28.130061,-1,20,10001.575000,60.798000,1835.956867,1836.400560,460.000000,819,-1375.956867,OpenLoop,NoFIFO,false,OpenLoop_NoFIFO
28.140064,-1,20,10003.131000,63.929000,1805.555556,1831.773809,460.000000,819,-1345.555556,OpenLoop,NoFIFO,false,OpenLoop_NoFIFO
28.150066,-1,20,10002.297000,66.226000,1861.966236,1836.302674,460.000000,819,-1401.966236,OpenLoop,NoFIFO,false,OpenLoop_NoFIFO
28.160061,-1,20,9994.279000,60.505000,1836.867560,1836.387406,460.000000,819,-1376.867560,OpenLoop,NoFIFO,false,OpenLoop_NoFIFO
28.170059,-1,20,9998.167000,58.672000,1811.935241,1832.719582,460.000000,819,-1351.935241,OpenLoop,NoFIFO,false,OpenLoop_NoFIFO
28.180058,-1,20,9999.761000,58.433000,1850.637181,1835.407222,460.000000,819,-1390.637181,OpenLoop,NoFIFO,false,OpenLoop_NoFIFO
28.190064,-1,20,10005.093000,63.526000,1842.350746,1836.448750,460.000000,819,-1382.350746,OpenLoop,NoFIFO,false,OpenLoop_NoFIFO
28.200063,-1,20,9999.742000,63.268000,1810.921248,1832.619625,460.000000,819,-1350.921248,OpenLoop,NoFIFO,false,OpenLoop_NoFIFO
28.210060,-1,20,9996.853000,60.121000,1848.789316,1835.045079,460.000000,819,-1388.789316,OpenLoop,NoFIFO,false,OpenLoop_NoFIFO
28.220068,-1,20,10008.075000,68.196000,1847.411981,1836.900114,460.000000,819,-1387.411981,OpenLoop,NoFIFO,false,OpenLoop_NoFIFO
28.230061,-1,20,9993.167000,61.363000,1815.257353,1833.653700,460.000000,819,-1355.257353,OpenLoop,NoFIFO,false,OpenLoop_NoFIFO
28.240059,-1,20,9997.446000,58.809000,1841.012085,1834.757458,460.000000,819,-1381.012085,OpenLoop,NoFIFO,false,OpenLoop_NoFIFO
28.250059,-1,20,9999.778000,58.587000,1846.024427,1836.447503,460.000000,819,-1386.024427,OpenLoop,NoFIFO,false,OpenLoop_NoFIFO
28.260060,-1,20,10001.853000,60.440000,1822.657029,1834.378932,460.000000,819,-1362.657029,OpenLoop,NoFIFO,false,OpenLoop_NoFIFO
28.270059,-1,20,9998.909000,59.349000,1829.954955,1833.715335,460.000000,819,-1369.954955,OpenLoop,NoFIFO,false,OpenLoop_NoFIFO
28.280059,-1,20,9999.482000,58.831000,1856.203008,1837.088486,460.000000,819,-1396.203008,OpenLoop,NoFIFO,false,OpenLoop_NoFIFO
28.290059,-1,20,9999.742000,58.573000,1829.954955,1836.018456,460.000000,819,-1369.954955,OpenLoop,NoFIFO,false,OpenLoop_NoFIFO
28.300058,-1,20,9999.908000,58.481000,1827.801086,1834.785851,460.000000,819,-1367.801086,OpenLoop,NoFIFO,false,OpenLoop_NoFIFO
28.310058,-1,20,9999.853000,58.334000,1856.203008,1837.998424,460.000000,819,-1396.203008,OpenLoop,NoFIFO,false,OpenLoop_NoFIFO
28.320058,-1,20,9999.908000,58.242000,1831.416914,1837.011198,460.000000,819,-1371.416914,OpenLoop,NoFIFO,false,OpenLoop_NoFIFO
28.330062,-1,20,10003.538000,61.780000,1824.759858,1835.173497,460.000000,819,-1364.759858,OpenLoop,NoFIFO,false,OpenLoop_NoFIFO
28.340060,-1,20,9998.131000,59.911000,1858.275520,1838.638800,460.000000,819,-1398.275520,OpenLoop,NoFIFO,false,OpenLoop_NoFIFO
28.350060,-1,20,10000.482000,60.393000,1838.235294,1838.578274,460.000000,819,-1378.235294,OpenLoop,NoFIFO,false,OpenLoop_NoFIFO
28.360059,-1,20,9998.816000,59.209000,1815.417080,1835.104095,460.000000,819,-1355.417080,OpenLoop,NoFIFO,false,OpenLoop_NoFIFO
28.370059,-1,20,9999.557000,58.766000,1862.738934,1839.249321,460.000000,819,-1402.738934,OpenLoop,NoFIFO,false,OpenLoop_NoFIFO
28.380059,-1,20,9999.871000,58.637000,1836.388749,1838.820235,460.000000,819,-1376.388749,OpenLoop,NoFIFO,false,OpenLoop_NoFIFO
28.390064,-1,20,10004.982000,63.619000,1819.717445,1835.954817,460.000000,819,-1359.717445,OpenLoop,NoFIFO,false,OpenLoop_NoFIFO
28.400063,-1,20,9999.242000,62.861000,1858.998494,1839.411368,460.000000,819,-1398.998494,OpenLoop,NoFIFO,false,OpenLoop_NoFIFO
28.410063,-1,20,9999.982000,62.843000,1843.267795,1839.989832,460.000000,819,-1383.267795,OpenLoop,NoFIFO,false,OpenLoop_NoFIFO
28.420060,-1,20,9996.816000,59.659000,1818.125311,1836.710154,460.000000,819,-1358.125311,OpenLoop,NoFIFO,false,OpenLoop_NoFIFO
28.430059,-1,20,9999.149000,58.808000,1855.517071,1839.531192,460.000000,819,-1395.517071,OpenLoop,NoFIFO,false,OpenLoop_NoFIFO
28.440062,-1,20,10002.909000,61.717000,1841.939547,1839.892445,460.000000,819,-1381.939547,OpenLoop,NoFIFO,false,OpenLoop_NoFIFO
28.450060,-1,20,9998.297000,60.014000,1815.417080,1836.221140,460.000000,819,-1355.417080,OpenLoop,NoFIFO,false,OpenLoop_NoFIFO
28.460059,-1,20,9999.167000,59.181000,1854.108635,1838.904264,460.000000,819,-1394.108635,OpenLoop,NoFIFO,false,OpenLoop_NoFIFO
28.470059,-1,20,9999.353000,58.534000,1846.024427,1839.972289,460.000000,819,-1386.024427,OpenLoop,NoFIFO,false,OpenLoop_NoFIFO
28.480059,-1,20,10000.112000,58.646000,1822.916667,1837.413945,460.000000,819,-1362.916667,OpenLoop,NoFIFO,false,OpenLoop_NoFIFO
28.490059,-1,20,10000.038000,58.684000,1840.519384,1837.879761,460.000000,819,-1380.519384,OpenLoop,NoFIFO,false,OpenLoop_NoFIFO
28.500058,-1,20,9999.612000,58.296000,1846.024427,1839.101461,460.000000,819,-1386.024427,OpenLoop,NoFIFO,false,OpenLoop_NoFIFO
28.510058,-1,20,9999.927000,58.223000,1825.998521,1837.136020,460.000000,819,-1365.998521,OpenLoop,NoFIFO,false,OpenLoop_NoFIFO
28.520059,-1,20,10000.353000,58.576000,1831.788577,1836.333904,460.000000,819,-1371.788577,OpenLoop,NoFIFO,false,OpenLoop_NoFIFO
28.530058,-1,20,9999.668000,58.244000,1854.344016,1839.035420,460.000000,819,-1394.344016,OpenLoop,NoFIFO,false,OpenLoop_NoFIFO
28.540058,-1,20,10000.167000,58.411000,1822.657029,1836.578662,460.000000,819,-1362.657029,OpenLoop,NoFIFO,false,OpenLoop_NoFIFO
28.550059,-1,20,10001.075000,59.486000,1828.125000,1835.310612,460.000000,819,-1368.125000,OpenLoop,NoFIFO,false,OpenLoop_NoFIFO
28.560058,-1,20,9999.001000,58.487000,1853.415916,1838.026408,460.000000,819,-1393.415916,OpenLoop,NoFIFO,false,OpenLoop_NoFIFO
28.570058,-1,20,10000.001000,58.488000,1828.125000,1836.541197,460.000000,819,-1368.125000,OpenLoop,NoFIFO,false,OpenLoop_NoFIFO
28.580058,-1,20,9999.631000,58.119000,1818.324937,1833.808758,460.000000,819,-1358.324937,OpenLoop,NoFIFO,false,OpenLoop_NoFIFO
28.590063,-1,20,10004.927000,63.046000,1858.480176,1837.509471,460.000000,819,-1398.480176,OpenLoop,NoFIFO,false,OpenLoop_NoFIFO
28.600063,-1,20,9999.556000,62.602000,1829.954955,1836.376293,460.000000,819,-1369.954955,OpenLoop,NoFIFO,false,OpenLoop_NoFIFO
28.610060,-1,20,9997.075000,59.677000,1811.935241,1832.710135,460.000000,819,-1351.935241,OpenLoop,NoFIFO,false,OpenLoop_NoFIFO
28.620058,-1,20,9998.316000,57.993000,1863.817097,1837.376180,460.000000,819,-1403.817097,OpenLoop,NoFIFO,false,OpenLoop_NoFIFO
28.630061,-1,20,10003.112000,61.105000,1829.954955,1836.262996,460.000000,819,-1369.954955,OpenLoop,NoFIFO,false,OpenLoop_NoFIFO
28.640060,-1,20,9998.575000,59.680000,1814.668175,1833.023773,460.000000,819,-1354.668175,OpenLoop,NoFIFO,false,OpenLoop_NoFIFO
28.650058,-1,20,9998.538000,58.218000,1856.203008,1836.500658,460.000000,819,-1396.203008,OpenLoop,NoFIFO,false,OpenLoop_NoFIFO
28.660058,-1,20,9999.742000,57.960000,1837.779156,1836.692433,460.000000,819,-1377.779156,OpenLoop,NoFIFO,false,OpenLoop_NoFIFO
28.670058,-1,20,9999.927000,57.887000,1810.117854,1832.706246,460.000000,819,-1350.117854,OpenLoop,NoFIFO,false,OpenLoop_NoFIFO
28.680062,-1,20,10003.704000,61.591000,1856.203008,1836.230760,460.000000,819,-1396.203008,OpenLoop,NoFIFO,false,OpenLoop_NoFIFO
28.690061,-1,20,9999.816000,61.407000,1843.267795,1837.286315,460.000000,819,-1383.267795,OpenLoop,NoFIFO,false,OpenLoop_NoFIFO
28.700059,-1,20,9997.742000,59.149000,1814.668175,1833.893594,460.000000,819,-1354.668175,OpenLoop,NoFIFO,false,OpenLoop_NoFIFO
28.710059,-1,20,9999.445000,58.594000,1849.712787,1836.266473,460.000000,819,-1389.712787,OpenLoop,NoFIFO,false,OpenLoop_NoFIFO
28.720058,-1,20,9999.834000,58.428000,1841.434610,1837.041694,460.000000,819,-1381.434610,OpenLoop,NoFIFO,false,OpenLoop_NoFIFO
28.730058,-1,20,9999.650000,58.078000,1816.494716,1833.959647,460.000000,819,-1356.494716,OpenLoop,NoFIFO,false,OpenLoop_NoFIFO
28.740058,-1,20,9999.963000,58.041000,1836.867560,1834.395834,460.000000,819,-1376.867560,OpenLoop,NoFIFO,false,OpenLoop_NoFIFO
28.750058,-1,20,10000.094000,58.135000,1851.562500,1836.970834,460.000000,819,-1391.562500,OpenLoop,NoFIFO,false,OpenLoop_NoFIFO
28.760058,-1,20,9999.853000,57.988000,1819.241431,1834.311423,460.000000,819,-1359.241431,OpenLoop,NoFIFO,false,OpenLoop_NoFIFO
28.770058,-1,20,10000.297000,58.285000,1829.039520,1833.520638,460.000000,819,-1369.039520,OpenLoop,NoFIFO,false,OpenLoop_NoFIFO
28.780058,-1,20,9999.760000,58.045000,1853.415916,1836.504930,460.000000,819,-1393.415916,OpenLoop,NoFIFO,false,OpenLoop_NoFIFO
28.790069,-1,20,10010.983000,69.028000,1819.957386,1834.022798,460.000000,819,-1359.957386,OpenLoop,NoFIFO,false,OpenLoop_NoFIFO
28.800064,-1,20,9995.297000,64.325000,1825.386920,1832.727416,460.000000,819,-1365.386920,OpenLoop,NoFIFO,false,OpenLoop_NoFIFO
28.810060,-1,20,9995.279000,59.604000,1854.344016,1835.969906,460.000000,819,-1394.344016,OpenLoop,NoFIFO,false,OpenLoop_NoFIFO
28.820059,-1,20,9999.371000,58.975000,1828.125000,1834.793170,460.000000,819,-1368.125000,OpenLoop,NoFIFO,false,OpenLoop_NoFIFO
28.830059,-1,20,9999.853000,58.828000,1811.935241,1831.364481,460.000000,819,-1351.935241,OpenLoop,NoFIFO,false,OpenLoop_NoFIFO
28.840058,-1,20,9999.575000,58.403000,1858.998494,1835.509583,460.000000,819,-1398.998494,OpenLoop,NoFIFO,false,OpenLoop_NoFIFO
28.850061,-1,20,10002.482000,60.885000,1825.386920,1833.991183,460.000000,819,-1365.386920,OpenLoop,NoFIFO,false,OpenLoop_NoFIFO
28.860069,-1,20,10008.483000,69.368000,1811.594203,1830.631636,460.000000,819,-1351.594203,OpenLoop,NoFIFO,false,OpenLoop_NoFIFO
28.870061,-1,20,9991.594000,60.962000,1861.367450,1835.242008,460.000000,819,-1401.367450,OpenLoop,NoFIFO,false,OpenLoop_NoFIFO
28.880059,-1,20,9997.871000,58.833000,1834.545911,1835.137594,460.000000,819,-1374.545911,OpenLoop,NoFIFO,false,OpenLoop_NoFIFO
28.890059,-1,20,10000.408000,59.241000,1810.024752,1831.370668,460.000000,819,-1350.024752,OpenLoop,NoFIFO,false,OpenLoop_NoFIFO
28.900059,-1,20,9999.483000,58.724000,1849.712787,1834.121985,460.000000,819,-1389.712787,OpenLoop,NoFIFO,false,OpenLoop_NoFIFO
28.910059,-1,20,10000.056000,58.780000,1840.519384,1835.081595,460.000000,819,-1380.519384,OpenLoop,NoFIFO,false,OpenLoop_NoFIFO
28.920058,-1,20,9999.594000,58.374000,1806.493994,1830.793455,460.000000,819,-1346.493994,OpenLoop,NoFIFO,false,OpenLoop_NoFIFO
28.930059,-1,20,10000.131000,58.505000,1851.562500,1833.908812,460.000000,819,-1391.562500,OpenLoop,NoFIFO,false,OpenLoop_NoFIFO
28.940062,-1,20,10003.612000,62.117000,1842.350746,1835.175102,460.000000,819,-1382.350746,OpenLoop,NoFIFO,false,OpenLoop_NoFIFO
28.950059,-1,20,9997.334000,59.451000,1812.845304,1831.825632,460.000000,819,-1352.845304,OpenLoop,NoFIFO,false,OpenLoop_NoFIFO
28.960059,-1,20,9999.149000,58.600000,1844.564683,1833.736490,460.000000,819,-1384.564683,OpenLoop,NoFIFO,false,OpenLoop_NoFIFO
28.970062,-1,20,10003.538000,62.138000,1844.727548,1835.385149,460.000000,819,-1384.727548,OpenLoop,NoFIFO,false,OpenLoop_NoFIFO
28.980061,-1,20,9999.205000,61.343000,1822.657029,1833.475931,460.000000,819,-1362.657029,OpenLoop,NoFIFO,false,OpenLoop_NoFIFO
28.990063,-1,20,10001.575000,62.918000,1835.466867,1833.774571,460.000000,819,-1375.466867,OpenLoop,NoFIFO,false,OpenLoop_NoFIFO
29.000064,-1,20,10000.908000,63.826000,1853.942871,1836.799816,460.000000,819,-1393.942871,OpenLoop,NoFIFO,false,OpenLoop_NoFIFO
29.010060,-1,20,9996.094000,59.920000,1822.916667,1834.717344,460.000000,819,-1362.916667,OpenLoop,NoFIFO,false,OpenLoop_NoFIFO
29.020059,-1,20,9999.205000,59.125000,1835.956867,1834.903272,460.000000,819,-1375.956867,OpenLoop,NoFIFO,false,OpenLoop_NoFIFO
29.030058,-1,20,9998.889000,58.014000,1853.415916,1837.680169,460.000000,819,-1393.415916,OpenLoop,NoFIFO,false,OpenLoop_NoFIFO
29.040058,-1,20,10000.150000,58.164000,1833.625878,1837.072025,460.000000,819,-1373.625878,OpenLoop,NoFIFO,false,OpenLoop_NoFIFO
29.050058,-1,20,10000.186000,58.350000,1828.125000,1835.729971,460.000000,819,-1368.125000,OpenLoop,NoFIFO,false,OpenLoop_NoFIFO
29.060058,-1,20,9999.353000,57.703000,1858.065730,1839.080335,460.000000,819,-1398.065730,OpenLoop,NoFIFO,false,OpenLoop_NoFIFO
29.070058,-1,20,10000.334000,58.037000,1835.535977,1838.548681,460.000000,819,-1375.535977,OpenLoop,NoFIFO,false,OpenLoop_NoFIFO
29.080058,-1,20,9999.501000,57.538000,1821.996466,1836.065849,460.000000,819,-1361.996466,OpenLoop,NoFIFO,false,OpenLoop_NoFIFO
29.090058,-1,20,10000.353000,57.891000,1862.891207,1840.089653,460.000000,819,-1402.891207,OpenLoop,NoFIFO,false,OpenLoop_NoFIFO
29.100057,-1,20,9999.556000,57.447000,1834.545911,1839.258091,460.000000,819,-1374.545911,OpenLoop,NoFIFO,false,OpenLoop_NoFIFO
29.110058,-1,20,10000.686000,58.133000,1821.748879,1836.631710,460.000000,819,-1361.748879,OpenLoop,NoFIFO,false,OpenLoop_NoFIFO
29.120057,-1,20,9999.261000,57.394000,1858.065730,1839.846813,460.000000,819,-1398.065730,OpenLoop,NoFIFO,false,OpenLoop_NoFIFO
29.130059,-1,20,10001.408000,58.802000,1842.350746,1840.222403,460.000000,819,-1382.350746,OpenLoop,NoFIFO,false,OpenLoop_NoFIFO
29.140058,-1,20,9998.945000,57.747000,1816.494716,1836.663250,460.000000,819,-1356.494716,OpenLoop,NoFIFO,false,OpenLoop_NoFIFO
29.150058,-1,20,10000.353000,58.100000,1861.213235,1840.345747,460.000000,819,-1401.213235,OpenLoop,NoFIFO,false,OpenLoop_NoFIFO
29.160058,-1,20,9999.686000,57.786000,1839.159960,1840.167879,460.000000,819,-1379.159960,OpenLoop,NoFIFO,false,OpenLoop_NoFIFO
29.170058,-1,20,9999.798000,57.584000,1819.029851,1836.997175,460.000000,819,-1359.029851,OpenLoop,NoFIFO,false,OpenLoop_NoFIFO
29.180058,-1,20,10000.297000,57.881000,1858.065730,1840.157458,460.000000,819,-1398.065730,OpenLoop,NoFIFO,false,OpenLoop_NoFIFO
29.190065,-1,20,10007.038000,64.919000,1842.350746,1840.486451,460.000000,819,-1382.350746,OpenLoop,NoFIFO,false,OpenLoop_NoFIFO
29.200064,-1,20,9998.871000,63.790000,1821.996466,1837.712954,460.000000,819,-1361.996466,OpenLoop,NoFIFO,false,OpenLoop_NoFIFO
29.210060,-1,20,9996.390000,60.180000,1850.637181,1839.651588,460.000000,819,-1390.637181,OpenLoop,NoFIFO,false,OpenLoop_NoFIFO
29.220059,-1,20,9998.353000,58.533000,1848.789316,1841.022247,460.000000,819,-1388.789316,OpenLoop,NoFIFO,false,OpenLoop_NoFIFO
29.230059,-1,20,10000.520000,59.053000,1819.717445,1837.826527,460.000000,819,-1359.717445,OpenLoop,NoFIFO,false,OpenLoop_NoFIFO
29.240058,-1,20,9999.204000,58.257000,1849.712787,1839.609466,460.000000,819,-1389.712787,OpenLoop,NoFIFO,false,OpenLoop_NoFIFO
29.250058,-1,20,9999.261000,57.518000,1844.727548,1840.377178,460.000000,819,-1384.727548,OpenLoop,NoFIFO,false,OpenLoop_NoFIFO
29.260058,-1,20,10000.445000,57.963000,1827.211394,1838.402311,460.000000,819,-1367.211394,OpenLoop,NoFIFO,false,OpenLoop_NoFIFO
29.270060,-1,20,10001.816000,59.779000,1837.779156,1838.308837,460.000000,819,-1377.779156,OpenLoop,NoFIFO,false,OpenLoop_NoFIFO
29.280059,-1,20,9999.112000,58.891000,1853.415916,1840.574899,460.000000,819,-1393.415916,OpenLoop,NoFIFO,false,OpenLoop_NoFIFO
29.290058,-1,20,9998.760000,57.651000,1825.098571,1838.253450,460.000000,819,-1365.098571,OpenLoop,NoFIFO,false,OpenLoop_NoFIFO
29.300057,-1,20,9999.797000,57.448000,1832.706767,1837.421447,460.000000,819,-1372.706767,OpenLoop,NoFIFO,false,OpenLoop_NoFIFO
29.310058,-1,20,10000.057000,57.505000,1856.203008,1840.238681,460.000000,819,-1396.203008,OpenLoop,NoFIFO,false,OpenLoop_NoFIFO
29.320057,-1,20,9999.964000,57.469000,1825.386920,1838.010917,460.000000,819,-1365.386920,OpenLoop,NoFIFO,false,OpenLoop_NoFIFO
29.330058,-1,20,10000.242000,57.711000,1826.298701,1836.254085,460.000000,819,-1366.298701,OpenLoop,NoFIFO,false,OpenLoop_NoFIFO
29.340057,-1,20,9999.667000,57.378000,1858.065730,1839.525832,460.000000,819,-1398.065730,OpenLoop,NoFIFO,false,OpenLoop_NoFIFO
29.350058,-1,20,10000.353000,57.731000,1832.706767,1838.502972,460.000000,819,-1372.706767,OpenLoop,NoFIFO,false,OpenLoop_NoFIFO
29.360058,-1,20,9999.983000,57.714000,1816.318927,1835.175365,460.000000,819,-1356.318927,OpenLoop,NoFIFO,false,OpenLoop_NoFIFO
29.370057,-1,20,9999.686000,57.400000,1864.614804,1839.591281,460.000000,819,-1404.614804,OpenLoop,NoFIFO,false,OpenLoop_NoFIFO
29.380057,-1,20,10000.093000,57.493000,1831.416914,1838.365126,460.000000,819,-1371.416914,OpenLoop,NoFIFO,false,OpenLoop_NoFIFO
29.390060,-1,20,10002.020000,59.513000,1814.516129,1834.787776,460.000000,819,-1354.516129,OpenLoop,NoFIFO,false,OpenLoop_NoFIFO
29.400058,-1,20,9998.593000,58.106000,1863.676397,1839.121069,460.000000,819,-1403.676397,OpenLoop,NoFIFO,false,OpenLoop_NoFIFO
29.410062,-1,20,10004.057000,62.163000,1837.727775,1838.912075,460.000000,819,-1377.727775,OpenLoop,NoFIFO,false,OpenLoop_NoFIFO
29.420059,-1,20,9996.834000,58.997000,1817.930781,1835.764881,460.000000,819,-1357.930781,OpenLoop,NoFIFO,false,OpenLoop_NoFIFO
29.430067,-1,20,10007.779000,66.776000,1852.766798,1838.315169,460.000000,819,-1392.766798,OpenLoop,NoFIFO,false,OpenLoop_NoFIFO
29.440062,-1,20,9995.408000,62.184000,1845.658758,1839.416707,460.000000,819,-1385.658758,OpenLoop,NoFIFO,false,OpenLoop_NoFIFO
29.450059,-1,20,9996.353000,58.537000,1812.716906,1835.411737,460.000000,819,-1352.716906,OpenLoop,NoFIFO,false,OpenLoop_NoFIFO
29.460058,-1,20,9999.335000,57.872000,1848.789316,1837.418374,460.000000,819,-1388.789316,OpenLoop,NoFIFO,false,OpenLoop_NoFIFO
29.470058,-1,20,10000.575000,58.447000,1847.524002,1838.934218,460.000000,819,-1387.524002,OpenLoop,NoFIFO,false,OpenLoop_NoFIFO
29.480059,-1,20,10000.575000,59.022000,1814.516129,1835.271505,460.000000,819,-1354.516129,OpenLoop,NoFIFO,false,OpenLoop_NoFIFO
29.490058,-1,20,9999.056000,58.078000,1841.012085,1836.132592,460.000000,819,-1381.012085,OpenLoop,NoFIFO,false,OpenLoop_NoFIFO
29.500064,-1,20,10005.816000,63.894000,1844.038368,1837.318458,460.000000,819,-1384.038368,OpenLoop,NoFIFO,false,OpenLoop_NoFIFO
29.510059,-1,20,9994.723000,58.617000,1819.029851,1834.575167,460.000000,819,-1359.029851,OpenLoop,NoFIFO,false,OpenLoop_NoFIFO
29.520058,-1,20,9999.353000,57.970000,1827.801086,1833.559055,460.000000,819,-1367.801086,OpenLoop,NoFIFO,false,OpenLoop_NoFIFO
29.530064,-1,20,10005.909000,63.879000,1853.415916,1836.537584,460.000000,819,-1393.415916,OpenLoop,NoFIFO,false,OpenLoop_NoFIFO
29.540060,-1,20,9996.019000,59.898000,1818.324937,1833.805687,460.000000,819,-1358.324937,OpenLoop,NoFIFO,false,OpenLoop_NoFIFO
29.550059,-1,20,9998.686000,58.584000,1822.657029,1832.133388,460.000000,819,-1362.657029,OpenLoop,NoFIFO,false,OpenLoop_NoFIFO
29.560059,-1,20,10000.668000,59.252000,1850.937808,1834.954051,460.000000,819,-1390.937808,OpenLoop,NoFIFO,false,OpenLoop_NoFIFO
29.570059,-1,20,9999.279000,58.531000,1823.566085,1833.245856,460.000000,819,-1363.566085,OpenLoop,NoFIFO,false,OpenLoop_NoFIFO
29.580059,-1,20,10000.204000,58.735000,1813.756281,1830.322420,460.000000,819,-1353.756281,OpenLoop,NoFIFO,false,OpenLoop_NoFIFO
29.590059,-1,20,10000.094000,58.829000,1854.344016,1833.925659,460.000000,819,-1394.344016,OpenLoop,NoFIFO,false,OpenLoop_NoFIFO
29.600058,-1,20,9999.001000,57.830000,1831.972141,1833.632632,460.000000,819,-1371.972141,OpenLoop,NoFIFO,false,OpenLoop_NoFIFO
29.610059,-1,20,10000.853000,58.683000,1805.409664,1829.399187,460.000000,819,-1345.409664,OpenLoop,NoFIFO,false,OpenLoop_NoFIFO
29.620058,-1,20,9998.871000,57.554000,1857.539132,1833.620178,460.000000,819,-1397.539132,OpenLoop,NoFIFO,false,OpenLoop_NoFIFO
29.630059,-1,20,10001.353000,58.907000,1827.620669,1832.720252,460.000000,819,-1367.620669,OpenLoop,NoFIFO,false,OpenLoop_NoFIFO
29.640059,-1,20,9999.686000,58.593000,1807.398598,1828.922004,460.000000,819,-1347.398598,OpenLoop,NoFIFO,false,OpenLoop_NoFIFO
29.650058,-1,20,9998.946000,57.539000,1853.415916,1832.596091,460.000000,819,-1393.415916,OpenLoop,NoFIFO,false,OpenLoop_NoFIFO
29.660057,-1,20,9999.926000,57.465000,1836.573237,1833.192663,460.000000,819,-1376.573237,OpenLoop,NoFIFO,false,OpenLoop_NoFIFO
29.670059,-1,20,10001.501000,58.966000,1808.304108,1829.459379,460.000000,819,-1348.304108,OpenLoop,NoFIFO,false,OpenLoop_NoFIFO
29.680058,-1,20,9999.335000,58.301000,1848.604732,1832.331182,460.000000,819,-1388.604732,OpenLoop,NoFIFO,false,OpenLoop_NoFIFO
29.690058,-1,20,9999.964000,58.265000,1842.350746,1833.834117,460.000000,819,-1382.350746,OpenLoop,NoFIFO,false,OpenLoop_NoFIFO
29.700058,-1,20,9999.278000,57.543000,1807.398598,1829.868789,460.000000,819,-1347.398598,OpenLoop,NoFIFO,false,OpenLoop_NoFIFO
29.710058,-1,20,10000.057000,57.600000,1849.294802,1832.782691,460.000000,819,-1389.294802,OpenLoop,NoFIFO,false,OpenLoop_NoFIFO
29.720057,-1,20,9999.853000,57.453000,1840.826704,1833.989293,460.000000,819,-1380.826704,OpenLoop,NoFIFO,false,OpenLoop_NoFIFO
29.730057,-1,20,9999.927000,57.380000,1818.306147,1831.636821,460.000000,819,-1358.306147,OpenLoop,NoFIFO,false,OpenLoop_NoFIFO
29.740057,-1,20,9999.945000,57.325000,1839.900362,1832.876352,460.000000,819,-1379.900362,OpenLoop,NoFIFO,false,OpenLoop_NoFIFO
29.750058,-1,20,10000.297000,57.622000,1849.712787,1835.401818,460.000000,819,-1389.712787,OpenLoop,NoFIFO,false,OpenLoop_NoFIFO
29.760070,-1,20,10012.816000,70.438000,1823.748005,1833.653746,460.000000,819,-1363.748005,OpenLoop,NoFIFO,false,OpenLoop_NoFIFO
29.770060,-1,20,9989.890000,60.328000,1827.790775,1832.774300,460.000000,819,-1367.790775,OpenLoop,NoFIFO,false,OpenLoop_NoFIFO
29.780059,-1,20,9998.205000,58.533000,1853.601462,1835.898374,460.000000,819,-1393.601462,OpenLoop,NoFIFO,false,OpenLoop_NoFIFO
29.790062,-1,20,10003.908000,62.441000,1826.116272,1834.431059,460.000000,819,-1366.116272,OpenLoop,NoFIFO,false,OpenLoop_NoFIFO
29.800064,-1,20,10001.131000,63.572000,1823.480894,1832.788534,460.000000,819,-1363.480894,OpenLoop,NoFIFO,false,OpenLoop_NoFIFO
29.810061,-1,20,9997.390000,60.962000,1853.230407,1835.854815,460.000000,819,-1393.230407,OpenLoop,NoFIFO,false,OpenLoop_NoFIFO
29.820059,-1,20,9998.094000,59.056000,1829.039520,1834.832521,460.000000,819,-1369.039520,OpenLoop,NoFIFO,false,OpenLoop_NoFIFO
29.830059,-1,20,9999.815000,58.871000,1818.125311,1832.326439,460.000000,819,-1358.125311,OpenLoop,NoFIFO,false,OpenLoop_NoFIFO
29.840058,-1,20,9999.409000,58.280000,1850.822171,1835.100799,460.000000,819,-1390.822171,OpenLoop,NoFIFO,false,OpenLoop_NoFIFO
29.850061,-1,20,10002.482000,60.762000,1831.788577,1834.603966,460.000000,819,-1371.788577,OpenLoop,NoFIFO,false,OpenLoop_NoFIFO
29.860059,-1,20,9998.686000,59.448000,1808.304108,1830.658987,460.000000,819,-1348.304108,OpenLoop,NoFIFO,false,OpenLoop_NoFIFO
29.870058,-1,20,9998.890000,58.338000,1856.203008,1834.490590,460.000000,819,-1396.203008,OpenLoop,NoFIFO,false,OpenLoop_NoFIFO
29.880061,-1,20,10002.446000,60.784000,1830.871307,1833.947698,460.000000,819,-1370.871307,OpenLoop,NoFIFO,false,OpenLoop_NoFIFO
29.890060,-1,20,9998.982000,59.766000,1812.414350,1830.717696,460.000000,819,-1352.414350,OpenLoop,NoFIFO,false,OpenLoop_NoFIFO
29.900058,-1,20,9998.724000,58.490000,1851.747675,1833.872192,460.000000,819,-1391.747675,OpenLoop,NoFIFO,false,OpenLoop_NoFIFO
29.910059,-1,20,10000.019000,58.509000,1831.788577,1833.559650,460.000000,819,-1371.788577,OpenLoop,NoFIFO,false,OpenLoop_NoFIFO
29.920058,-1,20,9999.816000,58.325000,1811.026091,1830.179616,460.000000,819,-1351.026091,OpenLoop,NoFIFO,false,OpenLoop_NoFIFO
29.930059,-1,20,10000.279000,58.604000,1846.760922,1832.666812,460.000000,819,-1386.760922,OpenLoop,NoFIFO,false,OpenLoop_NoFIFO
29.940059,-1,20,9999.908000,58.512000,1838.420153,1833.529813,460.000000,819,-1378.420153,OpenLoop,NoFIFO,false,OpenLoop_NoFIFO
29.950058,-1,20,9999.686000,58.198000,1809.129144,1829.869713,460.000000,819,-1349.129144,OpenLoop,NoFIFO,false,OpenLoop_NoFIFO
29.960058,-1,20,9999.964000,58.162000,1843.797277,1831.958847,460.000000,819,-1383.797277,OpenLoop,NoFIFO,false,OpenLoop_NoFIFO
29.970058,-1,20,9999.890000,58.052000,1835.047076,1832.422082,460.000000,819,-1375.047076,OpenLoop,NoFIFO,false,OpenLoop_NoFIFO
29.980058,-1,20,10000.001000,58.053000,1813.756281,1829.622212,460.000000,819,-1353.756281,OpenLoop,NoFIFO,false,OpenLoop_NoFIFO
29.990062,-1,20,10004.075000,62.128000,1836.388749,1830.637192,460.000000,819,-1376.388749,OpenLoop,NoFIFO,false,OpenLoop_NoFIFO
